id,season,week,seasonType,startDate,startTimeTBD,completed,neutralSite,conferenceGame,attendance,venueId,venue,homeId,homeTeam,homeClassification,homeConference,homePoints,homeLineScores,homePostgameWinProbability,homePregameElo,homePostgameElo,awayId,awayTeam,awayClassification,awayConference,awayPoints,awayLineScores,awayPostgameWinProbability,awayPregameElo,awayPostgameElo,excitementIndex,highlights,notes,playoff,_source,_retrieval_date,_endpoint,_schema_version
401756846,2025,1,regular,2025-08-23T16:00:00.000Z,False,True,True,True,47221,3504,Aviva Stadium,2306,Kansas State,fbs,Big 12,21,"[0, 7, 0, 14]",0.20154441893100739,1669,1666,66,Iowa State,fbs,Big 12,24,"[7, 0, 7, 10]",0.7984555810689926,1616,1619,6.029094160739601,,Aer Lingus College Football Classic,,CollegeFootballData.com API,2026-08-31T17:39:28.915688+00:00,/games,1.3
401760371,2025,1,regular,2025-08-23T20:00:00.000Z,False,True,False,False,25723,6501,Allegiant Stadium,2439,UNLV,fbs,Mountain West,38,"[0, 14, 10, 14]",0.9787868857383728,,,304,Idaho State,fcs,Big Sky,31,"[10, 7, 7, 7]",0.021213114261627197,,,9.598561710191433,,,,CollegeFootballData.com API,2026-08-31T17:39:28.915688+00:00,/games,1.3
401756847,2025,1,regular,2025-08-23T22:30:00.000Z,False,True,False,False,41525,3833,Memorial Stadium,2305,Kansas,fbs,Big 12,31,"[14, 10, 7, 0]",1,1583,1632,278,Fresno State,fbs,Mountain West,7,"[7, 0, 0, 0]",0,1490,1441,3.7830408481663227,,,,CollegeFootballData.com API,2026-08-31T17:39:28.915688+00:00,/games,1.3
401757218,2025,1,regular,2025-08-23T23:00:00.000Z,False,True,False,True,15312,3796,Houchens Industries-L.T. Smith Stadium,98,Western Kentucky,fbs,Conference USA,41,"[7, 13, 14, 7]",0.8728970289230347,1409,1450,2534,Sam Houston,fbs,Conference USA,24,"[3, 7, 14, 0]",0.12710297107696533,1452,1411,6.04146368507938,,,,CollegeFootballData.com API,2026-08-31T17:39:28.915688+00:00,/games,1.3
401754516,2025,1,regular,2025-08-23T23:30:00.000Z,False,True,False,False,15194,7220,Clarence T.C. Ching Athletics Complex,62,Hawai'i,fbs,Mountain West,23,"[7, 7, 3, 6]",0.41016319394111633,1257,1258,24,Stanford,fbs,ACC,20,"[10, 3, 0, 7]",0.5898368060588837,1283,1282,7.307567862447438,,,,CollegeFootballData.com API,2026-08-31T17:39:28.915688+00:00,/games,1.3
401762522,2025,1,regular,2025-08-28T21:30:00.000Z,False,True,False,False,34707,3886,Raymond James Stadium,58,South Florida,fbs,American Athletic,34,"[0, 10, 14, 10]",0.9718407988548279,1456,1554,68,Boise State,fbs,Mountain West,7,"[7, 0, 0, 0]",0.02815920114517212,1676,1578,5.137221554324761,,,,CollegeFootballData.com API,2026-08-31T17:39:28.915688+00:00,/games,1.3
401762790,2025,1,regular,2025-08-28T22:00:00.000Z,False,True,False,False,19328,3700,Doyt L. Perry Stadium,189,Bowling Green,fbs,Mid-American,26,"[7, 10, 6, 3]",1,1461,1461,322,Lafayette,fcs,Patriot,7,"[0, 0, 7, 0]",0,,,2.717791924914604,,,,CollegeFootballData.com API,2026-08-31T17:39:28.915688+00:00,/games,1.3
401752794,2025,1,regular,2025-08-28T22:00:00.000Z,False,True,False,False,46907,6577,SHI Stadium,164,Rutgers,fbs,Big Ten,34,"[7, 24, 0, 3]",0.9000661373138428,1522,1524,195,Ohio,fbs,Mid-American,31,"[7, 10, 14, 0]",0.09993386268615723,1621,1619,6.943864856309906,,,,CollegeFootballData.com API,2026-08-31T17:39:28.915688+00:00,/games,1.3
401762789,2025,1,regular,2025-08-28T23:00:00.000Z,False,True,False,False,9138,3768,InfoCision Stadium,2006,Akron,fbs,Mid-American,0,"[0, 0, 0, 0]",0.10256508737802505,1245,1235,2751,Wyoming,fbs,Mountain West,10,"[0, 3, 0, 7]",0.897434912621975,1367,1377,4.853832638856986,,,,CollegeFootballData.com API,2026-08-31T17:39:28.915688+00:00,/games,1.3
401761588,2025,1,regular,2025-08-28T23:00:00.000Z,False,True,False,False,12459,3817,Malone Stadium,2433,UL Monroe,fbs,Sun Belt,29,"[7, 3, 7, 12]",0.9948040246963501,1281,1281,2598,Saint Francis,fcs,NEC,0,"[0, 0, 0, 0]",0.005195975303649902,,,3.5420324150475073,,,,CollegeFootballData.com API,2026-08-31T17:39:28.915688+00:00,/games,1.3
401757219,2025,1,regular,2025-08-28T23:00:00.000Z,False,True,False,False,17895,3695,Delaware Stadium,48,Delaware,fbs,Conference USA,35,"[0, 14, 7, 14]",0.948571503162384,1500,1500,2169,Delaware State,fcs,MEAC,17,"[0, 3, 7, 7]",0.05142849683761597,,,4.477316433427869,,,,CollegeFootballData.com API,2026-08-31T17:39:28.915688+00:00,/games,1.3
401756848,2025,1,regular,2025-08-28T23:00:00.000Z,False,True,False,False,43043,3652,FBC Mortgage Stadium,2116,UCF,fbs,Big 12,17,"[0, 0, 3, 14]",0.9146236181259155,1538,1554,55,Jacksonville State,fbs,Conference USA,10,"[0, 0, 3, 7]",0.08537638187408447,1650,1634,7.405744591220826,,,,CollegeFootballData.com API,2026-08-31T17:39:28.915688+00:00,/games,1.3
401754373,2025,1,regular,2025-08-28T23:00:00.000Z,False,True,False,False,56919,3670,Carter-Finley Stadium,152,NC State,fbs,ACC,24,"[3, 14, 7, 0]",0.7480055689811707,1501,1507,151,East Carolina,fbs,American Athletic,17,"[0, 7, 0, 10]",0.25199443101882935,1435,1429,4.6509769467251365,,,,CollegeFootballData.com API,2026-08-31T17:39:28.915688+00:00,/games,1.3
401754517,2025,1,regular,2025-08-28T23:30:00.000Z,False,True,False,False,15677,3982,Wallace Wade Stadium,150,Duke,fbs,ACC,45,"[3, 7, 14, 21]",0.9597823023796082,1526,1526,2210,Elon,fcs,Coastal Athletic,17,"[0, 10, 0, 7]",0.040217697620391846,,,5.767314867159874,,,,CollegeFootballData.com API,2026-08-31T17:39:28.915688+00:00,/games,1.3
401752674,2025,1,regular,2025-08-28T23:30:00.000Z,False,True,False,False,57321,3838,Memorial Stadium,142,Missouri,fbs,SEC,61,"[9, 17, 14, 21]",0.9923890829086304,1640,1640,2110,Central Arkansas,fcs,UAC,6,"[0, 0, 0, 6]",0.007610917091369629,,,3.2619476923306743,,,,CollegeFootballData.com API,2026-08-31T17:39:28.915688+00:00,/games,1.3
401756876,2025,1,regular,2025-08-28T23:30:00.000Z,False,True,False,False,44809,3646,Boone Pickens Stadium,197,Oklahoma State,fbs,Big 12,27,"[14, 3, 3, 7]",0.8100014328956604,1334,1334,2630,UT Martin,fcs,OVC-Big South,7,"[7, 0, 0, 0]",0.1899985671043396,,,3.472374103395647,,,,CollegeFootballData.com API,2026-08-31T17:39:28.915688+00:00,/games,1.3
401756852,2025,1,regular,2025-08-29T00:00:00.000Z,False,True,False,False,28150,4728,TDECU Stadium,248,Houston,fbs,Big 12,27,"[7, 10, 7, 3]",1,1375,1375,2617,Stephen F. Austin,fcs,Southland,0,"[0, 0, 0, 0]",0,,,3.3544950535553952,,,,CollegeFootballData.com API,2026-08-31T17:39:28.915688+00:00,/games,1.3
401752793,2025,1,regular,2025-08-29T00:00:00.000Z,False,True,False,False,47774,3953,Huntington Bank Stadium,135,Minnesota,fbs,Big Ten,23,"[0, 10, 3, 10]",0.9927180409431458,1616,1625,2084,Buffalo,fbs,Mid-American,10,"[0, 3, 7, 0]",0.007281959056854248,1416,1407,4.44321876439467,,,,CollegeFootballData.com API,2026-08-31T17:39:28.915688+00:00,/games,1.3
401762430,2025,1,regular,2025-08-29T00:30:00.000Z,False,True,False,False,26294,7221,Protective Stadium,5,UAB,fbs,American Athletic,52,"[10, 7, 21, 14]",0.622718095779419,1319,1319,2011,Alabama State,fcs,SWAC,42,"[7, 14, 7, 14]",0.37728190422058105,,,7.242758388206213,,,,CollegeFootballData.com API,2026-08-31T17:39:28.915688+00:00,/games,1.3
401752796,2025,1,regular,2025-08-29T01:00:00.000Z,False,True,True,False,72884,3622,GEHA Field at Arrowhead Stadium,2132,Cincinnati,fbs,Big 12,17,"[3, 0, 7, 7]",0.6352569460868835,1475,1477,158,Nebraska,fbs,Big Ten,20,"[0, 13, 0, 7]",0.36474305391311646,1524,1522,6.207148038057158,,,,CollegeFootballData.com API,2026-08-31T17:39:28.915688+00:00,/games,1.3
401762791,2025,1,regular,2025-08-29T01:00:00.000Z,False,True,False,False,65952,347,Camp Randall Stadium,275,Wisconsin,fbs,Big Ten,17,"[3, 0, 7, 7]",1,1536,1573,193,Miami (OH),fbs,Mid-American,0,"[0, 0, 0, 0]",0,1528,1491,3.94006770879842,,,,CollegeFootballData.com API,2026-08-31T17:39:28.915688+00:00,/games,1.3
401760357,2025,1,regular,2025-08-29T02:00:00.000Z,False,True,False,False,20624,7311,Snapdragon Stadium,21,San Diego State,fbs,Mountain West,42,"[14, 6, 8, 14]",0.9745745062828064,1318,1318,2619,Stony Brook,fcs,Coastal Athletic,0,"[0, 0, 0, 0]",0.025425493717193604,,,3.150955628954011,,,,CollegeFootballData.com API,2026-08-31T17:39:28.915688+00:00,/games,1.3
401762432,2025,1,regular,2025-08-29T22:00:00.000Z,False,True,False,False,23032,3841,Michie Stadium,349,Army,fbs,American Athletic,27,"[7, 10, 7, 0, 3]",0.6962294578552246,1607,1607,2627,Tarleton State,fcs,UAC,30,"[3, 7, 7, 7, 6]",0.3037705421447754,,,6.9127413278628165,,,,CollegeFootballData.com API,2026-08-31T17:39:28.915688+00:00,/games,1.3
401752802,2025,1,regular,2025-08-29T23:00:00.000Z,False,True,False,False,71657,3936,Spartan Stadium,127,Michigan State,fbs,Big Ten,23,"[7, 14, 2, 0]",1,1368,1403,2711,Western Michigan,fbs,Mid-American,6,"[0, 0, 0, 6]",0,1345,1310,3.7661354973196874,,,,CollegeFootballData.com API,2026-08-31T17:39:28.915688+00:00,/games,1.3
401766898,2025,1,regular,2025-08-29T23:00:00.000Z,False,True,False,False,18034,2031,Pitbull Stadium,2229,Florida International,fbs,Conference USA,42,"[7, 21, 7, 7]",0.952778697013855,1372,1372,2065,Bethune-Cookman,fcs,SWAC,9,"[3, 3, 0, 3]",0.04722130298614502,,,3.5516503900016345,,,,CollegeFootballData.com API,2026-08-31T17:39:28.915688+00:00,/games,1.3
401761589,2025,1,regular,2025-08-29T23:00:00.000Z,False,True,True,False,35718,3628,Bank of America Stadium,2429,Charlotte,fbs,American Athletic,11,"[3, 0, 0, 8]",0.042695220559835434,1254,1221,2026,App State,fbs,Sun Belt,34,"[0, 17, 10, 7]",0.9573047794401646,1428,1461,3.6672300484451488,,Duke’s Mayo Classic,,CollegeFootballData.com API,2026-08-31T17:39:28.915688+00:00,/games,1.3
401754374,2025,1,regular,2025-08-29T23:00:00.000Z,False,True,False,False,30789,3630,Allegacy Federal Credit Union Stadium,154,Wake Forest,fbs,ACC,10,"[7, 0, 3, 0]",0.7367027401924133,1397,1394,338,Kennesaw State,fbs,Conference USA,9,"[6, 0, 3, 0]",0.26329725980758667,1266,1269,6.22130557202866,,,,CollegeFootballData.com API,2026-08-31T17:39:28.915688+00:00,/games,1.3
401756854,2025,1,regular,2025-08-29T23:30:00.000Z,False,True,False,False,39129,3833,Memorial Stadium,2305,Kansas,fbs,Big 12,46,"[14, 15, 10, 7]",0.9886996150016785,1633,1633,2681,Wagner,fcs,NEC,7,"[0, 7, 0, 0]",0.011300384998321533,,,2.6144160037316513,,,,CollegeFootballData.com API,2026-08-31T17:39:28.915688+00:00,/games,1.3
401752795,2025,1,regular,2025-08-29T23:30:00.000Z,False,True,False,False,56040,3832,"Memorial Stadium (Champaign, IL)",356,Illinois,fbs,Big Ten,52,"[14, 17, 7, 14]",0.9946691989898682,1578,1578,2710,Western Illinois,fcs,OVC-Big South,3,"[0, 0, 0, 3]",0.005330801010131836,,,2.8018660135329183,,,,CollegeFootballData.com API,2026-08-31T17:39:28.915688+00:00,/games,1.3
401754375,2025,1,regular,2025-08-30T00:00:00.000Z,False,True,False,False,52868,3726,Folsom Field,38,Colorado,fbs,Big 12,20,"[7, 3, 3, 7]",0.19433777034282684,1634,1613,59,Georgia Tech,fbs,ACC,27,"[0, 13, 7, 7]",0.8056622296571732,1536,1557,5.409469095229784,,,,CollegeFootballData.com API,2026-08-31T17:39:28.915688+00:00,/games,1.3
401752667,2025,1,regular,2025-08-30T00:00:00.000Z,False,True,False,False,45233,4727,McLane Stadium,239,Baylor,fbs,Big 12,24,"[3, 7, 7, 7]",0.3652919828891754,1604,1569,2,Auburn,fbs,SEC,38,"[7, 10, 14, 7]",0.6347080171108246,1574,1609,5.207606567811596,,,,CollegeFootballData.com API,2026-08-31T17:39:28.915688+00:00,/games,1.3
401757224,2025,1,regular,2025-08-30T01:30:00.000Z,False,True,True,False,5837,3631,BBVA Compass Stadium,2534,Sam Houston,fbs,Conference USA,21,"[7, 0, 0, 14]",0.03245411068201065,1411,1397,2439,UNLV,fbs,Mountain West,38,"[14, 10, 7, 7]",0.9675458893179893,1619,1633,3.6618211785683403,,,,CollegeFootballData.com API,2026-08-31T17:39:28.915688+00:00,/games,1.3
401760358,2025,1,regular,2025-08-30T02:30:00.000Z,False,True,False,False,14877,3935,CEFCU Stadium,23,San José State,fbs,Mountain West,14,"[0, 7, 7, 0]",0.12722167372703552,1484,1467,2117,Central Michigan,fbs,Mid-American,16,"[10, 3, 0, 3]",0.8727783262729645,1235,1252,6.0997865114863705,,,,CollegeFootballData.com API,2026-08-31T17:39:28.915688+00:00,/games,1.3
401754520,2025,1,regular,2025-08-30T16:00:00.000Z,False,True,False,False,53006,3752,Acrisure Stadium,221,Pittsburgh,fbs,ACC,61,"[14, 20, 14, 13]",0.9959656000137329,1470,1470,2184,Duquesne,fcs,NEC,9,"[0, 6, 0, 3]",0.00403439998626709,,,3.47575245890134,,,,CollegeFootballData.com API,2026-08-31T17:39:28.915688+00:00,/games,1.3
401752803,2025,1,regular,2025-08-30T16:00:00.000Z,False,True,False,False,22103,4729,Yulman Stadium,2655,Tulane,fbs,American Athletic,23,"[7, 13, 3, 0]",0.9883838891983032,1616,1644,77,Northwestern,fbs,Big Ten,3,"[3, 0, 0, 0]",0.011616110801696777,1431,1403,3.4735579019831504,,,,CollegeFootballData.com API,2026-08-31T17:39:28.915688+00:00,/games,1.3
401762434,2025,1,regular,2025-08-30T16:00:00.000Z,False,True,False,False,30014,3852,Navy-Marine Corps Memorial Stadium,2426,Navy,fbs,American Athletic,52,"[7, 21, 10, 14]",0.996229350566864,1543,1543,2678,VMI,fcs,Southern,7,"[0, 0, 7, 0]",0.0037706494331359863,,,2.789700254532362,,,,CollegeFootballData.com API,2026-08-31T17:39:28.915688+00:00,/games,1.3
401762792,2025,1,regular,2025-08-30T16:00:00.000Z,False,True,False,False,8647,3696,Dix Stadium,2309,Kent State,fbs,Mid-American,21,"[0, 7, 7, 7]",0.7979961633682251,1006,1006,2771,Merrimack,fcs,FCS Independents,17,"[0, 3, 3, 11]",0.2020038366317749,,,5.481133614709961,,,,CollegeFootballData.com API,2026-08-31T17:39:28.915688+00:00,/games,1.3
401752797,2025,1,regular,2025-08-30T16:00:00.000Z,False,True,False,False,35067,3665,SECU Stadium,120,Maryland,fbs,Big Ten,39,"[7, 26, 6, 0]",0.9894888997077942,1438,1509,2226,Florida Atlantic,fbs,American Athletic,7,"[7, 0, 0, 0]",0.01051110029220581,1311,1240,4.6495327038332155,,,,CollegeFootballData.com API,2026-08-31T17:39:28.915688+00:00,/games,1.3
401752673,2025,1,regular,2025-08-30T16:00:00.000Z,False,True,False,False,33485,3815,M. M. Roberts Stadium,2572,Southern Miss,fbs,Sun Belt,17,"[3, 7, 0, 7]",0.0314677357673645,1119,1107,344,Mississippi State,fbs,SEC,34,"[10, 3, 21, 0]",0.9685322642326355,1412,1424,4.441994027739813,,,,CollegeFootballData.com API,2026-08-31T17:39:28.915688+00:00,/games,1.3
401752801,2025,1,regular,2025-08-30T16:00:00.000Z,False,True,False,False,53994,3907,Ross-Ade Stadium,2509,Purdue,fbs,Big Ten,31,"[14, 7, 7, 3]",0.988307774066925,1207,1293,2050,Ball State,fbs,Mid-American,0,"[0, 0, 0, 0]",0.011692225933074951,1224,1138,2.588454535328131,,,,CollegeFootballData.com API,2026-08-31T17:39:28.915688+00:00,/games,1.3
401752676,2025,1,regular,2025-08-30T16:00:00.000Z,False,True,True,False,45918,5348,Mercedes-Benz Stadium,2633,Tennessee,fbs,SEC,45,"[17, 14, 7, 7]",0.9442566633224487,1776,1799,183,Syracuse,fbs,ACC,26,"[0, 14, 6, 6]",0.05574333667755127,1499,1476,4.3399094147520065,,Aflac Kickoff,,CollegeFootballData.com API,2026-08-31T17:39:28.915688+00:00,/games,1.3
401752677,2025,1,regular,2025-08-30T16:00:00.000Z,False,True,False,False,107524,3861,Ohio Stadium,194,Ohio State,fbs,Big Ten,14,"[0, 7, 0, 7]",0.750937283039093,1974,1977,251,Texas,fbs,SEC,7,"[0, 0, 0, 7]",0.24906271696090698,1861,1858,3.8398377534422923,,,,CollegeFootballData.com API,2026-08-31T17:39:28.915688+00:00,/games,1.3
401752670,2025,1,regular,2025-08-30T16:45:00.000Z,False,True,False,False,56457,3683,Kroger Field,96,Kentucky,fbs,SEC,24,"[7, 3, 0, 14]",1,1498,1507,2649,Toledo,fbs,Mid-American,16,"[0, 2, 0, 14]",0,1454,1445,4.645077771761659,,,,CollegeFootballData.com API,2026-08-31T17:39:28.915688+00:00,/games,1.3
401754518,2025,1,regular,2025-08-30T18:00:00.000Z,False,True,False,False,41221,3615,"Alumni Stadium (Chestnut Hill, MA)",103,Boston College,fbs,ACC,66,"[14, 7, 24, 21]",0.9878271818161011,1508,1508,2230,Fordham,fcs,Patriot,10,"[3, 0, 0, 7]",0.012172818183898926,,,2.976087307715974,,,,CollegeFootballData.com API,2026-08-31T17:39:28.915688+00:00,/games,1.3
401756878,2025,1,regular,2025-08-30T18:00:00.000Z,False,True,False,False,57093,3842,Milan Puskar Stadium,277,West Virginia,fbs,Big 12,45,"[7, 3, 14, 21]",0.9934393763542175,1470,1470,2523,Robert Morris,fcs,NEC,3,"[0, 3, 0, 0]",0.006560623645782471,,,3.57973720985092,,,,CollegeFootballData.com API,2026-08-31T17:39:28.915688+00:00,/games,1.3
401757167,2025,1,regular,2025-08-30T18:00:00.000Z,False,True,False,False,37594,3892,Pratt & Whitney Stadium,41,UConn,fbs,FBS Independents,59,"[14, 21, 10, 14]",0.9877551794052124,1454,1454,2115,Central Connecticut,fcs,NEC,13,"[7, 3, 3, 0]",0.012244820594787598,,,3.95550409152391,,,,CollegeFootballData.com API,2026-08-31T17:39:28.915688+00:00,/games,1.3
401752806,2025,1,regular,2025-08-30T18:30:00.000Z,False,True,False,False,47109,3830,"Memorial Stadium (Bloomington, IN)",84,Indiana,fbs,Big Ten,27,"[7, 10, 10, 0]",0.5844941139221191,1800,1800,295,Old Dominion,fbs,Sun Belt,14,"[7, 0, 0, 7]",0.41550588607788086,1480,1480,3.9242669449124707,,,,CollegeFootballData.com API,2026-08-31T17:39:28.915688+00:00,/games,1.3
401754519,2025,1,regular,2025-08-30T19:00:00.000Z,False,True,False,False,50536,3873,L&N Federal Credit Union Stadium,97,Louisville,fbs,ACC,51,"[21, 20, 7, 3]",0.9598361849784851,1706,1706,2198,Eastern Kentucky,fcs,UAC,17,"[0, 7, 0, 10]",0.04016381502151489,,,3.0636716021323727,,,,CollegeFootballData.com API,2026-08-31T17:39:28.915688+00:00,/games,1.3
401762793,2025,1,regular,2025-08-30T19:30:00.000Z,False,True,False,False,10569,3764,Huskie Stadium,2459,Northern Illinois,fbs,Mid-American,19,"[3, 3, 0, 13]",0.8463576436042786,1470,1470,107,Holy Cross,fcs,Patriot,17,"[0, 3, 0, 14]",0.15364235639572144,,,6.2914887592355555,,,,CollegeFootballData.com API,2026-08-31T17:39:28.915688+00:00,/games,1.3
401752669,2025,1,regular,2025-08-30T19:30:00.000Z,False,True,False,False,93033,3917,Sanford Stadium,61,Georgia,fbs,SEC,45,"[14, 10, 14, 7]",0.9931291341781616,1998,2053,276,Marshall,fbs,Sun Belt,7,"[0, 0, 0, 7]",0.006870865821838379,1574,1519,2.831958872682932,,,,CollegeFootballData.com API,2026-08-31T17:39:28.915688+00:00,/games,1.3
401756853,2025,1,regular,2025-08-30T19:30:00.000Z,False,True,False,False,61500,3772,Jack Trice Stadium,66,Iowa State,fbs,Big 12,55,"[14, 13, 14, 14]",0.9931229948997498,1621,1621,233,South Dakota,fcs,MVFC,7,"[7, 0, 0, 0]",0.006877005100250244,,,3.3546079527757073,,,,CollegeFootballData.com API,2026-08-31T17:39:28.915688+00:00,/games,1.3
401752665,2025,1,regular,2025-08-30T19:30:00.000Z,False,True,False,False,67277,3697,Doak Campbell Stadium,52,Florida State,fbs,ACC,31,"[7, 10, 7, 7]",0.9667693972587585,1408,1477,333,Alabama,fbs,SEC,17,"[7, 0, 3, 7]",0.033230602741241455,1824,1755,4.8906927608722865,,,,CollegeFootballData.com API,2026-08-31T17:39:28.915688+00:00,/games,1.3
401762456,2025,1,regular,2025-08-30T19:30:00.000Z,False,True,False,False,11565,3985,Warren McGuirk Alumni Stadium,113,Massachusetts,fbs,Mid-American,10,"[10, 0, 0, 0]",0.015759259462356567,1193,1101,218,Temple,fbs,American Athletic,42,"[7, 21, 0, 14]",0.9842407405376434,1192,1284,3.8483313691960914,,,,CollegeFootballData.com API,2026-08-31T17:39:28.915688+00:00,/games,1.3
401760359,2025,1,regular,2025-08-30T19:30:00.000Z,False,True,False,False,30207,3713,Falcon Stadium,2005,Air Force,fbs,Mountain West,49,"[14, 14, 14, 7]",0.9948325753211975,1438,1438,2083,Bucknell,fcs,Patriot,13,"[0, 7, 3, 3]",0.00516742467880249,,,3.441692868709148,,,,CollegeFootballData.com API,2026-08-31T17:39:28.915688+00:00,/games,1.3
401752807,2025,1,regular,2025-08-30T19:30:00.000Z,False,True,False,False,106915,3632,Beaver Stadium,213,Penn State,fbs,Big Ten,46,"[10, 17, 12, 7]",0.9887898564338684,2063,2073,2440,Nevada,fbs,Mountain West,11,"[0, 3, 0, 8]",0.011210143566131592,1294,1284,3.706021586002457,,,,CollegeFootballData.com API,2026-08-31T17:39:28.915688+00:00,/games,1.3
401752804,2025,1,regular,2025-08-30T20:00:00.000Z,False,True,False,False,57257,3626,Autzen Stadium,2483,Oregon,fbs,Big Ten,59,"[17, 21, 14, 7]",0.9936597943305969,1860,1860,147,Montana State,fcs,Big Sky,13,"[0, 3, 3, 7]",0.006340205669403076,,,2.8004427689666893,,,,CollegeFootballData.com API,2026-08-31T17:39:28.915688+00:00,/games,1.3
401757220,2025,1,regular,2025-08-30T20:00:00.000Z,False,True,False,False,20337,3992,Williams Stadium (VA),2335,Liberty,fbs,Conference USA,28,"[0, 7, 0, 21]",0.9477583765983582,1502,1502,311,Maine,fcs,Coastal Athletic,7,"[0, 7, 0, 0]",0.052241623401641846,,,5.501209893183468,,,,CollegeFootballData.com API,2026-08-31T17:39:28.915688+00:00,/games,1.3
401752666,2025,1,regular,2025-08-30T20:15:00.000Z,False,True,False,False,70827,3887,Razorback Stadium,8,Arkansas,fbs,SEC,52,"[10, 21, 14, 7]",0.954650342464447,1574,1574,2010,Alabama A&M,fcs,SWAC,7,"[7, 0, 0, 0]",0.04534965753555298,,,3.687395892523427,,,,CollegeFootballData.com API,2026-08-31T17:39:28.915688+00:00,/games,1.3
401762433,2025,1,regular,2025-08-30T20:30:00.000Z,False,True,False,False,25011,3805,Simmons Bank Liberty Stadium,235,Memphis,fbs,American Athletic,45,"[14, 14, 10, 7]",0.9934501051902771,1604,1604,236,Chattanooga,fcs,Southern,10,"[0, 3, 0, 7]",0.0065498948097229,,,2.82049571942945,,,,CollegeFootballData.com API,2026-08-31T17:39:28.915688+00:00,/games,1.3
401752799,2025,1,regular,2025-08-30T22:00:00.000Z,False,True,False,False,69250,3793,Kinnick Stadium,2294,Iowa,fbs,Big Ten,34,"[3, 14, 7, 10]",0.9937663078308105,1682,1682,399,UAlbany,fcs,Coastal Athletic,7,"[0, 7, 0, 0]",0.006233692169189453,,,3.706247041004862,,,,CollegeFootballData.com API,2026-08-31T17:39:28.915688+00:00,/games,1.3
401761590,2025,1,regular,2025-08-30T22:00:00.000Z,False,True,False,False,24965,3651,Bridgeforth Stadium,256,James Madison,fbs,Sun Belt,45,"[14, 14, 3, 14]",0.9937936067581177,1627,1627,2692,Weber State,fcs,Big Sky,10,"[0, 7, 3, 0]",0.006206393241882324,,,2.7608139230966167,,,,CollegeFootballData.com API,2026-08-31T17:39:28.915688+00:00,/games,1.3
401752675,2025,1,regular,2025-08-30T22:00:00.000Z,False,True,False,False,83218,3835,"Memorial Stadium (Norman, OK)",201,Oklahoma,fbs,SEC,35,"[7, 14, 0, 14]",0.9924291968345642,1650,1650,2287,Illinois State,fcs,MVFC,3,"[0, 0, 3, 0]",0.007570803165435791,,,2.9983928062016716,,,,CollegeFootballData.com API,2026-08-31T17:39:28.915688+00:00,/games,1.3
401754616,2025,1,regular,2025-08-30T22:00:00.000Z,False,True,False,False,46143,3923,Scott Stadium,258,Virginia,fbs,ACC,48,"[7, 21, 14, 6]",0.9922709465026855,1404,1521,324,Coastal Carolina,fbs,Sun Belt,7,"[0, 0, 7, 0]",0.007729053497314453,1379,1262,3.3129902798197115,,,,CollegeFootballData.com API,2026-08-31T17:39:28.915688+00:00,/games,1.3
401752668,2025,1,regular,2025-08-30T23:00:00.000Z,False,True,False,False,89451,3634,Ben Hill Griffin Stadium,57,Florida,fbs,SEC,55,"[14, 24, 10, 7]",0.9889460802078247,1678,1678,2341,Long Island University,fcs,NEC,0,"[0, 0, 0, 0]",0.011053919792175293,,,2.385883070261922,,,,CollegeFootballData.com API,2026-08-31T17:39:28.915688+00:00,/games,1.3
401756855,2025,1,regular,2025-08-30T23:00:00.000Z,False,True,False,False,51927,3636,Bill Snyder Family Stadium,2306,Kansas State,fbs,Big 12,38,"[10, 7, 14, 7]",0.9210139513015747,1664,1664,155,North Dakota,fcs,MVFC,35,"[7, 14, 0, 14]",0.07898604869842529,,,8.240626327135903,,,,CollegeFootballData.com API,2026-08-31T17:39:28.915688+00:00,/games,1.3
401761593,2025,1,regular,2025-08-30T23:00:00.000Z,False,True,False,False,14017,6526,Hancock Whitney Stadium,6,South Alabama,fbs,Sun Belt,38,"[7, 10, 7, 14]",0.9913713335990906,1555,1555,2415,Morgan State,fcs,MEAC,21,"[7, 0, 7, 7]",0.008628666400909424,,,5.2016841453645455,,,,CollegeFootballData.com API,2026-08-31T17:39:28.915688+00:00,/games,1.3
401761595,2025,1,regular,2025-08-30T23:00:00.000Z,False,True,False,False,25546,3975,Veterans Memorial Stadium (AL),2653,Troy,fbs,Sun Belt,38,"[0, 7, 3, 28]",0.9966633319854736,1476,1476,2447,Nicholls,fcs,Southland,20,"[0, 10, 7, 3]",0.003336668014526367,,,6.052806292810168,,,,CollegeFootballData.com API,2026-08-31T17:39:28.915688+00:00,/games,1.3
401752679,2025,1,regular,2025-08-30T23:00:00.000Z,False,True,False,False,35000,3973,FirstBank Stadium,238,Vanderbilt,fbs,SEC,45,"[14, 14, 7, 10]",0.9889649748802185,1497,1497,2127,Charleston Southern,fcs,OVC-Big South,3,"[0, 0, 0, 3]",0.011035025119781494,,,2.7451869108600695,,,,CollegeFootballData.com API,2026-08-31T17:39:28.915688+00:00,/games,1.3
401757222,2025,1,regular,2025-08-30T23:00:00.000Z,False,True,False,False,18505,3725,"Johnny ""Red"" Floyd Stadium",2393,Middle Tennessee,fbs,Conference USA,14,"[0, 7, 7, 0]",0.04707856848835945,1228,1228,2046,Austin Peay,fcs,UAC,34,"[14, 7, 3, 10]",0.9529214315116405,,,3.462974439157419,,,,CollegeFootballData.com API,2026-08-31T17:39:28.915688+00:00,/games,1.3
401757226,2025,1,regular,2025-08-30T23:00:00.000Z,False,True,False,False,12226,3796,Houchens Industries-L.T. Smith Stadium,98,Western Kentucky,fbs,Conference USA,55,"[14, 28, 3, 10]",0.9874510169029236,1445,1445,2453,North Alabama,fcs,UAC,6,"[6, 0, 0, 0]",0.012548983097076416,,,3.3106136190380187,,,,CollegeFootballData.com API,2026-08-31T17:39:28.915688+00:00,/games,1.3
401761591,2025,1,regular,2025-08-30T23:00:00.000Z,False,True,False,False,18241,3625,Centennial Bank Stadium,2032,Arkansas State,fbs,Sun Belt,42,"[7, 21, 7, 7]",0.9935866594314575,1344,1344,2546,Southeast Missouri State,fcs,OVC-Big South,24,"[7, 3, 0, 14]",0.0064133405685424805,,,5.924281246577312,,,,CollegeFootballData.com API,2026-08-31T17:39:28.915688+00:00,/games,1.3
401752678,2025,1,regular,2025-08-30T23:00:00.000Z,False,True,False,False,107521,3795,Kyle Field,245,Texas A&M,fbs,SEC,42,"[7, 14, 14, 7]",1,1674,1700,2636,UTSA,fbs,American Athletic,24,"[3, 7, 7, 7]",0,1529,1503,5.030838796225625,,,,CollegeFootballData.com API,2026-08-31T17:39:28.915688+00:00,/games,1.3
401756877,2025,1,regular,2025-08-30T23:30:00.000Z,False,True,False,False,60229,3784,Jones AT&T Stadium,2641,Texas Tech,fbs,Big 12,67,"[23, 24, 14, 6]",0.9876359701156616,1571,1571,2029,Arkansas-Pine Bluff,fcs,SWAC,7,"[0, 0, 0, 7]",0.012364029884338379,,,2.7990282330735847,,,,CollegeFootballData.com API,2026-08-31T17:39:28.915688+00:00,/games,1.3
401757221,2025,1,regular,2025-08-30T23:30:00.000Z,False,True,False,False,12872,3776,Joe Aillet Stadium,2348,Louisiana Tech,fbs,Conference USA,24,"[0, 3, 21, 0]",0.9545804262161255,1397,1397,2545,SE Louisiana,fcs,Southland,0,"[0, 0, 0, 0]",0.04541957378387451,,,4.7634267448994905,,,,CollegeFootballData.com API,2026-08-31T17:39:28.915688+00:00,/games,1.3
401752798,2025,1,regular,2025-08-30T23:30:00.000Z,False,True,False,False,62841,477,Los Angeles Memorial Coliseum,30,USC,fbs,Big Ten,73,"[14, 28, 14, 17]",0.9899773597717285,1676,1841,2623,Missouri State,fbs,Conference USA,13,"[3, 7, 3, 0]",0.010022640228271484,1500,1335,3.0279735308189717,,,,CollegeFootballData.com API,2026-08-31T17:39:28.915688+00:00,/games,1.3
401752808,2025,1,regular,2025-08-30T23:30:00.000Z,False,True,False,False,110648,3558,Michigan Stadium,130,Michigan,fbs,Big Ten,34,"[14, 10, 3, 7]",0.9898145198822021,1772,1771,167,New Mexico,fbs,Mountain West,17,"[0, 10, 7, 0]",0.010185480117797852,1331,1332,3.6631597398085893,,,,CollegeFootballData.com API,2026-08-31T17:39:28.915688+00:00,/games,1.3
401757225,2025,1,regular,2025-08-30T23:30:00.000Z,False,True,False,False,16448,3905,Maverik Stadium,328,Utah State,fbs,Mountain West,28,"[10, 10, 8, 0]",0.8222848773002625,1408,1418,2638,UTEP,fbs,Conference USA,16,"[7, 3, 0, 6]",0.17771512269973755,1240,1230,4.996551118389414,,,,CollegeFootballData.com API,2026-08-31T17:39:28.915688+00:00,/games,1.3
401752671,2025,1,regular,2025-08-30T23:30:00.000Z,False,True,False,False,81500,3836,"Memorial Stadium (Clemson, SC)",228,Clemson,fbs,ACC,10,"[3, 7, 0, 0]",0.30021852254867554,1704,1692,99,LSU,fbs,SEC,17,"[0, 3, 7, 7]",0.6997814774513245,1718,1730,5.004065274365249,,,,CollegeFootballData.com API,2026-08-31T17:39:28.915688+00:00,/games,1.3
401752672,2025,1,regular,2025-08-30T23:45:00.000Z,False,True,False,False,66378,3974,Vaught-Hemingway Stadium,145,Ole Miss,fbs,SEC,63,"[7, 18, 17, 21]",0.9937152862548828,1838,1939,2247,Georgia State,fbs,Sun Belt,7,"[0, 7, 0, 0]",0.0062847137451171875,1331,1230,3.4204603848447697,,,,CollegeFootballData.com API,2026-08-31T17:39:28.915688+00:00,/games,1.3
401761592,2025,1,regular,2025-08-31T00:00:00.000Z,False,True,False,False,22148,3666,Cajun Field,309,Louisiana,fbs,Sun Belt,12,"[3, 3, 6, 0]",0.2572910189628601,1474,1463,242,Rice,fbs,American Athletic,14,"[0, 14, 0, 0]",0.7427089810371399,1326,1337,5.187988330546746,,,,CollegeFootballData.com API,2026-08-31T17:39:28.915688+00:00,/games,1.3
401756851,2025,1,regular,2025-08-31T00:00:00.000Z,False,True,False,False,64494,3801,LaVell Edwards Stadium,252,BYU,fbs,Big 12,69,"[14, 35, 6, 14]",0.9965556859970093,1644,1644,2502,Portland State,fcs,Big Sky,0,"[0, 0, 0, 0]",0.0034443140029907227,,,3.258035940051477,,,,CollegeFootballData.com API,2026-08-31T17:39:28.915688+00:00,/games,1.3
401761594,2025,1,regular,2025-08-31T00:00:00.000Z,False,True,False,False,21082,3644,Bobcat Stadium (TX),326,Texas State,fbs,Sun Belt,52,"[14, 10, 14, 14]",0.9995025992393494,1593,1623,2199,Eastern Michigan,fbs,Mid-American,27,"[3, 14, 0, 10]",0.0004974007606506348,1283,1253,4.503330170819301,,,,CollegeFootballData.com API,2026-08-31T17:39:28.915688+00:00,/games,1.3
401762435,2025,1,regular,2025-08-31T00:00:00.000Z,False,True,False,False,20594,3825,DATCU Stadium,249,North Texas,fbs,American Athletic,51,"[13, 24, 14, 0]",0.990288496017456,1411,1411,2320,Lamar,fcs,Southland,0,"[0, 0, 0, 0]",0.009711503982543945,,,2.982110770273526,,,,CollegeFootballData.com API,2026-08-31T17:39:28.915688+00:00,/games,1.3
401762457,2025,1,regular,2025-08-31T00:00:00.000Z,False,True,False,False,17337,3674,Chapman Stadium,202,Tulsa,fbs,American Athletic,35,"[7, 3, 11, 14]",0.9792423248291016,1041,1041,2000,Abilene Christian,fcs,UAC,7,"[0, 0, 0, 7]",0.020757675170898438,,,3.551272659203257,,,,CollegeFootballData.com API,2026-08-31T17:39:28.915688+00:00,/games,1.3
401757223,2025,1,regular,2025-08-31T01:00:00.000Z,False,True,False,False,10058,3601,Aggie Memorial Stadium,166,New Mexico State,fbs,Conference USA,19,"[6, 3, 0, 10]",0.8037628531455994,1246,1246,2803,Bryant,fcs,Coastal Athletic,3,"[3, 0, 0, 0]",0.19623714685440063,,,5.18143893252369,,,,CollegeFootballData.com API,2026-08-31T17:39:28.915688+00:00,/games,1.3
401754521,2025,1,regular,2025-08-31T01:00:00.000Z,False,True,False,False,33044,3735,Gerald J. Ford Stadium,2567,SMU,fbs,ACC,42,"[14, 7, 7, 14]",0.9487073421478271,1717,1717,2837,East Texas A&M,fcs,Southland,13,"[0, 3, 0, 10]",0.05129265785217285,,,3.669642264908016,,,,CollegeFootballData.com API,2026-08-31T17:39:28.915688+00:00,/games,1.3
401760361,2025,1,regular,2025-08-31T01:30:00.000Z,False,True,False,False,36801,3660,Valley Children's Stadium,278,Fresno State,fbs,Mountain West,42,"[10, 3, 15, 14]",1,1441,1516,290,Georgia Southern,fbs,Sun Belt,14,"[7, 7, 0, 0]",0,1457,1382,5.103442618284628,,,,CollegeFootballData.com API,2026-08-31T17:39:28.915688+00:00,/games,1.3
401756850,2025,1,regular,2025-08-31T02:00:00.000Z,False,True,False,False,56759,3947,Mountain America Stadium,9,Arizona State,fbs,Big 12,38,"[14, 3, 14, 7]",0.9859762191772461,1700,1700,2464,Northern Arizona,fcs,Big Sky,19,"[0, 6, 7, 6]",0.014023780822753906,,,4.068778435088151,,,,CollegeFootballData.com API,2026-08-31T17:39:28.915688+00:00,/games,1.3
401752947,2025,1,regular,2025-08-31T02:00:00.000Z,False,True,False,False,28243,3820,Gesa Field,265,Washington State,fbs,Pac-12,13,"[0, 7, 3, 3]",0.14942289888858795,1520,1520,70,Idaho,fcs,Big Sky,10,"[0, 0, 0, 10]",0.850577101111412,,,5.3135115653866585,,,,CollegeFootballData.com API,2026-08-31T17:39:28.915688+00:00,/games,1.3
401756849,2025,1,regular,2025-08-31T02:30:00.000Z,False,True,False,False,42423,3619,Arizona Stadium,12,Arizona,fbs,Big 12,40,"[7, 10, 14, 9]",0.9286626577377319,1371,1451,62,Hawai'i,fbs,Mountain West,6,"[3, 3, 0, 0]",0.07133734226226807,1258,1178,3.562811782110526,,,,CollegeFootballData.com API,2026-08-31T17:39:28.915688+00:00,/games,1.3
401752936,2025,1,regular,2025-08-31T02:30:00.000Z,False,True,False,False,31630,3893,Reser Stadium,204,Oregon State,fbs,Pac-12,15,"[0, 3, 6, 6]",0.19505853950977325,1406,1371,25,California,fbs,ACC,34,"[14, 3, 7, 10]",0.8049414604902267,1519,1554,2.8187930693076786,,,,CollegeFootballData.com API,2026-08-31T17:39:28.915688+00:00,/games,1.3
401752805,2025,1,regular,2025-08-31T03:00:00.000Z,False,True,False,False,67778,3765,Husky Stadium,264,Washington,fbs,Big Ten,38,"[7, 7, 14, 10]",0.9994847774505615,1585,1604,36,Colorado State,fbs,Mountain West,21,"[7, 7, 7, 0]",0.0005152225494384766,1382,1363,5.217607914774461,,,,CollegeFootballData.com API,2026-08-31T17:39:28.915688+00:00,/games,1.3
401752800,2025,1,regular,2025-08-31T03:00:00.000Z,False,True,False,False,35032,1056,Rose Bowl,26,UCLA,fbs,Big Ten,10,"[0, 7, 3, 0]",0,1492,1404,254,Utah,fbs,Big 12,43,"[13, 10, 7, 13]",1,1542,1630,2.96631481543708,,,,CollegeFootballData.com API,2026-08-31T17:39:28.915688+00:00,/games,1.3
401752680,2025,1,regular,2025-08-31T19:00:00.000Z,False,True,True,False,55531,5348,Mercedes-Benz Stadium,2579,South Carolina,fbs,SEC,24,"[7, 3, 0, 14]",0.775375485420227,1706,1729,259,Virginia Tech,fbs,ACC,11,"[2, 6, 0, 3]",0.22462451457977295,1598,1575,5.151864455216693,,Aflac Kickoff,,CollegeFootballData.com API,2026-08-31T17:39:28.915688+00:00,/games,1.3
401754522,2025,1,regular,2025-08-31T23:30:00.000Z,False,True,False,False,66793,3948,Hard Rock Stadium,2390,Miami,fbs,ACC,27,"[0, 14, 7, 6]",0.9616499543190002,1736,1743,87,Notre Dame,fbs,FBS Independents,24,"[0, 7, 0, 17]",0.038350045680999756,2173,2166,5.318312492748594,,,,CollegeFootballData.com API,2026-08-31T17:39:28.915688+00:00,/games,1.3
401754523,2025,1,regular,2025-09-02T00:00:00.000Z,False,True,False,False,50500,3787,Kenan Stadium,153,North Carolina,fbs,ACC,14,"[7, 0, 7, 0]",0.029689423739910126,1497,1417,2628,TCU,fbs,Big 12,48,"[7, 13, 21, 7]",0.9703105762600899,1633,1713,3.407486721191629,,,,CollegeFootballData.com API,2026-08-31T17:39:28.915688+00:00,/games,1.3
401754528,2025,2,regular,2025-09-05T23:00:00.000Z,False,True,False,False,48717,3873,L&N Federal Credit Union Stadium,97,Louisville,fbs,ACC,28,"[0, 6, 8, 14]",0.7146517038345337,1706,1727,256,James Madison,fbs,Sun Belt,14,"[7, 0, 7, 0]",0.2853482961654663,1627,1606,7.134433804940607,,,,CollegeFootballData.com API,2026-08-31T17:39:28.915688+00:00,/games,1.3
401752826,2025,2,regular,2025-09-05T23:30:00.000Z,False,True,False,False,35331,3665,SECU Stadium,120,Maryland,fbs,Big Ten,20,"[3, 7, 3, 7]",0.27562257647514343,1509,1526,2459,Northern Illinois,fbs,Mid-American,9,"[0, 3, 6, 0]",0.7243774235248566,1470,1453,4.649374638913491,,,,CollegeFootballData.com API,2026-08-31T17:39:28.915688+00:00,/games,1.3
401752817,2025,2,regular,2025-09-05T23:30:00.000Z,False,True,False,False,9647,5960,Lanny and Sharon Martin Stadium,77,Northwestern,fbs,Big Ten,42,"[15, 7, 6, 14]",0.988507091999054,1397,1397,2710,Western Illinois,fcs,OVC-Big South,7,"[0, 0, 0, 7]",0.011492908000946045,,,2.7447744283164024,,,,CollegeFootballData.com API,2026-08-31T17:39:28.915688+00:00,/games,1.3
401760363,2025,2,regular,2025-09-06T01:00:00.000Z,False,True,False,False,32887,3653,Albertsons Stadium,68,Boise State,fbs,Mountain West,51,"[20, 10, 7, 14]",0.9921911954879761,1596,1596,331,Eastern Washington,fcs,Big Sky,14,"[0, 7, 0, 7]",0.007808804512023926,,,3.3689811519754373,,,,CollegeFootballData.com API,2026-08-31T17:39:28.915688+00:00,/games,1.3
401752812,2025,2,regular,2025-09-06T16:00:00.000Z,False,True,False,False,43801,3830,"Memorial Stadium (Bloomington, IN)",84,Indiana,fbs,Big Ten,56,"[14, 7, 21, 14]",0.9867881536483765,1800,1869,338,Kennesaw State,fbs,Conference USA,9,"[0, 6, 3, 0]",0.013211846351623535,1269,1200,3.090302435948307,,,,CollegeFootballData.com API,2026-08-31T17:39:28.915688+00:00,/games,1.3
401752811,2025,2,regular,2025-09-06T16:00:00.000Z,False,True,False,False,103818,3632,Beaver Stadium,213,Penn State,fbs,Big Ten,34,"[7, 3, 10, 14]",0.9701969027519226,2073,2087,2229,Florida International,fbs,Conference USA,0,"[0, 0, 0, 0]",0.029803097248077393,1372,1358,4.026950736531958,,,,CollegeFootballData.com API,2026-08-31T17:39:28.915688+00:00,/games,1.3
401752822,2025,2,regular,2025-09-06T16:00:00.000Z,False,True,False,False,61500,3772,Jack Trice Stadium,66,Iowa State,fbs,Big 12,16,"[6, 7, 0, 3]",0.8555827736854553,1619,1621,2294,Iowa,fbs,Big Ten,13,"[0, 10, 3, 0]",0.14441722631454468,1682,1680,5.137924145830644,,,,CollegeFootballData.com API,2026-08-31T17:39:28.915688+00:00,/games,1.3
401752693,2025,2,regular,2025-09-06T16:00:00.000Z,False,True,False,False,100841,3910,DKR-Texas Memorial Stadium,251,Texas,fbs,SEC,38,"[14, 14, 10, 0]",0.9815280437469482,1858,1896,23,San José State,fbs,Mountain West,7,"[0, 7, 0, 0]",0.018471956253051758,1467,1429,3.6535531729515283,,,,CollegeFootballData.com API,2026-08-31T17:39:28.915688+00:00,/games,1.3
401757227,2025,2,regular,2025-09-06T16:00:00.000Z,False,True,False,True,20755,3662,AmFirst Stadium,55,Jacksonville State,fbs,Conference USA,34,"[7, 10, 7, 10]",0.6668782830238342,1634,1642,2335,Liberty,fbs,Conference USA,24,"[7, 3, 0, 14]",0.33312171697616577,1502,1494,4.611249661121996,,,,CollegeFootballData.com API,2026-08-31T17:39:28.915688+00:00,/games,1.3
401754525,2025,2,regular,2025-09-06T16:00:00.000Z,False,True,False,False,34852,3735,Gerald J. Ford Stadium,2567,SMU,fbs,ACC,45,"[10, 14, 0, 14, 7, 0]",0.7657668590545654,1717,1703,239,Baylor,fbs,Big 12,48,"[0, 21, 3, 14, 7, 3]",0.23423314094543457,1569,1583,8.737381517894203,,,,CollegeFootballData.com API,2026-08-31T17:39:28.915688+00:00,/games,1.3
401754618,2025,2,regular,2025-09-06T16:00:00.000Z,False,True,False,False,39391,1964,JMA Wireless Dome,183,Syracuse,fbs,ACC,27,"[0, 6, 0, 14, 7]",0.2122134566307068,1476,1484,41,UConn,fbs,FBS Independents,20,"[0, 14, 3, 3, 0]",0.7877865433692932,1454,1446,6.602095300884476,,,,CollegeFootballData.com API,2026-08-31T17:39:28.915688+00:00,/games,1.3
401754621,2025,2,regular,2025-09-06T16:00:00.000Z,False,True,False,False,65430,3697,Doak Campbell Stadium,52,Florida State,fbs,ACC,77,"[21, 28, 21, 7]",0.9972588419914246,1452,1452,2837,East Texas A&M,fcs,Southland,3,"[0, 0, 0, 3]",0.0027411580085754395,,,2.7206631464915,,,,CollegeFootballData.com API,2026-08-31T17:39:28.915688+00:00,/games,1.3
401754524,2025,2,regular,2025-09-06T16:00:00.000Z,False,True,False,False,56919,3670,Carter-Finley Stadium,152,NC State,fbs,ACC,35,"[7, 7, 21, 0]",0.6570654511451721,1507,1510,258,Virginia,fbs,ACC,31,"[14, 10, 7, 0]",0.3429345488548279,1521,1518,8.126042888443141,,,,CollegeFootballData.com API,2026-08-31T17:39:28.915688+00:00,/games,1.3
401754529,2025,2,regular,2025-09-06T16:00:00.000Z,False,True,False,False,48424,3752,Acrisure Stadium,221,Pittsburgh,fbs,ACC,45,"[7, 17, 7, 14]",0.9755685925483704,1470,1518,2117,Central Michigan,fbs,Mid-American,17,"[0, 10, 7, 0]",0.02443140745162964,1252,1204,3.5595529031904913,,,,CollegeFootballData.com API,2026-08-31T17:39:28.915688+00:00,/games,1.3
401756885,2025,2,regular,2025-09-06T16:00:00.000Z,False,True,False,False,60229,3784,Jones AT&T Stadium,2641,Texas Tech,fbs,Big 12,62,"[21, 27, 7, 7]",0.989311695098877,1571,1639,2309,Kent State,fbs,Mid-American,14,"[0, 0, 0, 14]",0.010688304901123047,1006,938,2.845913821655414,,,,CollegeFootballData.com API,2026-08-31T17:39:28.915688+00:00,/games,1.3
401752813,2025,2,regular,2025-09-06T16:00:00.000Z,False,True,False,False,42447,3953,Huntington Bank Stadium,135,Minnesota,fbs,Big Ten,66,"[35, 24, 7, 0]",0.9938032031059265,1630,1630,2466,Northwestern State,fcs,Southland,0,"[0, 0, 0, 0]",0.006196796894073486,,,1.8817563649333342,,,,CollegeFootballData.com API,2026-08-31T17:39:28.915688+00:00,/games,1.3
401752825,2025,2,regular,2025-09-06T16:00:00.000Z,False,True,False,False,23893,3982,Wallace Wade Stadium,150,Duke,fbs,ACC,19,"[3, 10, 6, 0]",0.2791347801685333,1526,1462,356,Illinois,fbs,Big Ten,45,"[7, 7, 14, 17]",0.7208652198314667,1578,1642,5.058968869408419,,,,CollegeFootballData.com API,2026-08-31T17:39:28.915688+00:00,/games,1.3
401752694,2025,2,regular,2025-09-06T16:45:00.000Z,False,True,False,False,100026,3795,Kyle Field,245,Texas A&M,fbs,SEC,44,"[10, 20, 7, 7]",0.9838184118270874,1700,1724,328,Utah State,fbs,Mountain West,22,"[6, 0, 8, 8]",0.016181588172912598,1418,1394,3.808337874202806,,,,CollegeFootballData.com API,2026-08-31T17:39:28.915688+00:00,/games,1.3
401762462,2025,2,regular,2025-09-06T18:00:00.000Z,False,True,False,False,15655,3806,Lincoln Financial Field,218,Temple,fbs,American Athletic,55,"[21, 10, 14, 10]",0.9970473051071167,1289,1289,47,Howard,fcs,MEAC,7,"[0, 7, 0, 0]",0.0029526948928833008,,,2.9134675745817527,,,,CollegeFootballData.com API,2026-08-31T17:39:28.915688+00:00,/games,1.3
401754620,2025,2,regular,2025-09-06T18:00:00.000Z,False,True,False,False,28239,3630,Allegacy Federal Credit Union Stadium,154,Wake Forest,fbs,ACC,42,"[21, 0, 21, 0]",0.988591194152832,1394,1394,2717,Western Carolina,fcs,Southern,10,"[0, 3, 0, 7]",0.011408805847167969,,,3.787144642944783,,,,CollegeFootballData.com API,2026-08-31T17:39:28.915688+00:00,/games,1.3
401760366,2025,2,regular,2025-09-06T19:00:00.000Z,False,True,False,False,17639,3971,University Stadium (NM),167,New Mexico,fbs,Mountain West,32,"[7, 7, 3, 15]",0.9329351186752319,1317,1317,304,Idaho State,fcs,Big Sky,22,"[0, 10, 6, 6]",0.06706488132476807,,,9.93391428193871,,,,CollegeFootballData.com API,2026-08-31T17:39:28.915688+00:00,/games,1.3
401754637,2025,2,regular,2025-09-06T19:30:00.000Z,False,True,False,False,77890,3836,"Memorial Stadium (Clemson, SC)",228,Clemson,fbs,ACC,27,"[0, 3, 17, 7]",0.8717408776283264,1692,1696,2653,Troy,fbs,Sun Belt,16,"[7, 9, 0, 0]",0.12825912237167358,1476,1472,5.6461113334510316,,,,CollegeFootballData.com API,2026-08-31T17:39:28.915688+00:00,/games,1.3
401756880,2025,2,regular,2025-09-06T19:30:00.000Z,False,True,False,False,35421,3854,Nippert Stadium,2132,Cincinnati,fbs,Big 12,34,"[7, 14, 10, 3]",0.9651085734367371,1477,1504,189,Bowling Green,fbs,Mid-American,20,"[0, 3, 7, 10]",0.03489142656326294,1461,1434,3.2207508534805123,,,,CollegeFootballData.com API,2026-08-31T17:39:28.915688+00:00,/games,1.3
401752815,2025,2,regular,2025-09-06T19:30:00.000Z,False,True,False,False,100624,3861,Ohio Stadium,194,Ohio State,fbs,Big Ten,70,"[21, 14, 21, 14]",0.9849264025688171,1978,1978,2755,Grambling,fcs,SWAC,0,"[0, 0, 0, 0]",0.015073597431182861,,,1.5906830881361842,,,,CollegeFootballData.com API,2026-08-31T17:39:28.915688+00:00,/games,1.3
401762816,2025,2,regular,2025-09-06T19:30:00.000Z,False,True,False,False,3714,3985,Warren McGuirk Alumni Stadium,113,Massachusetts,fbs,Mid-American,26,"[6, 14, 3, 3]",0.9382573366165161,1096,1096,2803,Bryant,fcs,Coastal Athletic,27,"[0, 10, 14, 3]",0.06174266338348389,,,12.276715985149488,,,,CollegeFootballData.com API,2026-08-31T17:39:28.915688+00:00,/games,1.3
401752686,2025,2,regular,2025-09-06T19:30:00.000Z,False,True,False,True,58346,3683,Kroger Field,96,Kentucky,fbs,SEC,23,"[7, 6, 7, 3]",0.18089134991168976,1507,1524,145,Ole Miss,fbs,SEC,30,"[0, 17, 10, 3]",0.8191086500883102,1939,1922,5.576328550071941,,,,CollegeFootballData.com API,2026-08-31T17:39:28.915688+00:00,/games,1.3
401761596,2025,2,regular,2025-09-06T19:30:00.000Z,False,True,False,False,34921,3792,Kidd Brewer Stadium,2026,App State,fbs,Sun Belt,20,"[14, 0, 3, 3]",0.8596605062484741,1477,1477,2815,Lindenwood,fcs,OVC-Big South,13,"[0, 6, 0, 7]",0.14033949375152588,,,3.7514841176252114,,,,CollegeFootballData.com API,2026-08-31T17:39:28.915688+00:00,/games,1.3
401762461,2025,2,regular,2025-09-06T19:30:00.000Z,False,True,False,False,20051,3980,Waldo Stadium,2711,Western Michigan,fbs,Mid-American,30,"[0, 17, 7, 3, 3]",0.38369107246398926,1310,1312,249,North Texas,fbs,American Athletic,33,"[0, 7, 10, 10, 6]",0.6163089275360107,1411,1409,13.082157990893087,,,,CollegeFootballData.com API,2026-08-31T17:39:28.915688+00:00,/games,1.3
401752689,2025,2,regular,2025-09-06T19:30:00.000Z,False,True,False,False,57321,3838,Memorial Stadium,142,Missouri,fbs,SEC,42,"[6, 15, 7, 14]",0.9204921126365662,1640,1659,2305,Kansas,fbs,Big 12,31,"[21, 0, 3, 7]",0.07950788736343384,1632,1613,7.324718276252601,,,,CollegeFootballData.com API,2026-08-31T17:39:28.915688+00:00,/games,1.3
401761603,2025,2,regular,2025-09-06T19:30:00.000Z,False,True,False,False,45778,3604,Alamodome,2636,UTSA,fbs,American Athletic,36,"[0, 14, 14, 8]",0.27091893553733826,1503,1499,326,Texas State,fbs,Sun Belt,43,"[2, 17, 10, 14]",0.7290810644626617,1623,1627,7.993288344920428,,,,CollegeFootballData.com API,2026-08-31T17:39:28.915688+00:00,/games,1.3
401752937,2025,2,regular,2025-09-06T19:30:00.000Z,False,True,False,False,28068,3893,Reser Stadium,204,Oregon State,fbs,Pac-12,27,"[6, 9, 6, 6]",0.8809866905212402,1371,1365,278,Fresno State,fbs,Mountain West,36,"[7, 13, 0, 16]",0.11901330947875977,1516,1522,10.016643565438494,,,,CollegeFootballData.com API,2026-08-31T17:39:28.915688+00:00,/games,1.3
401752692,2025,2,regular,2025-09-06T19:30:00.000Z,False,True,False,False,101915,3853,Neyland Stadium,2633,Tennessee,fbs,SEC,72,"[24, 24, 14, 10]",0.9897788166999817,1808,1808,2193,East Tennessee State,fcs,Southern,17,"[0, 7, 3, 7]",0.01022118330001831,,,2.9136991274366872,,,,CollegeFootballData.com API,2026-08-31T17:39:28.915688+00:00,/games,1.3
401754622,2025,2,regular,2025-09-06T19:30:00.000Z,False,True,False,False,37775,721,Bobby Dodd Stadium,59,Georgia Tech,fbs,ACC,59,"[7, 21, 14, 17]",0.9895111918449402,1556,1556,2241,Gardner-Webb,fcs,OVC-Big South,12,"[6, 0, 0, 6]",0.010488808155059814,,,4.322248368858751,,,,CollegeFootballData.com API,2026-08-31T17:39:28.915688+00:00,/games,1.3
401762794,2025,2,regular,2025-09-06T19:30:00.000Z,False,True,False,False,15740,3965,UB Stadium,2084,Buffalo,fbs,Mid-American,45,"[17, 7, 14, 7]",0.9676299691200256,1402,1402,2598,Saint Francis,fcs,NEC,6,"[0, 0, 0, 6]",0.032370030879974365,,,5.157436147263064,,,,CollegeFootballData.com API,2026-08-31T17:39:28.915688+00:00,/games,1.3
401752824,2025,2,regular,2025-09-06T19:30:00.000Z,False,True,False,False,57266,3626,Autzen Stadium,2483,Oregon,fbs,Big Ten,69,"[20, 21, 28, 0]",0.9958012700080872,1860,1992,197,Oklahoma State,fbs,Big 12,3,"[0, 3, 0, 0]",0.004198729991912842,1334,1202,2.6418738763775176,,,,CollegeFootballData.com API,2026-08-31T17:39:28.915688+00:00,/games,1.3
401762458,2025,2,regular,2025-09-06T19:30:00.000Z,False,True,False,True,28325,3852,Navy-Marine Corps Memorial Stadium,2426,Navy,fbs,American Athletic,38,"[14, 10, 7, 7]",1,1543,1553,5,UAB,fbs,American Athletic,24,"[7, 17, 0, 0]",0,1319,1309,5.7014933667827785,,,,CollegeFootballData.com API,2026-08-31T17:39:28.915688+00:00,/games,1.3
401752818,2025,2,regular,2025-09-06T19:30:00.000Z,False,True,False,False,45981,6577,SHI Stadium,164,Rutgers,fbs,Big Ten,45,"[7, 17, 7, 14]",0.9925628900527954,1524,1593,193,Miami (OH),fbs,Mid-American,17,"[7, 3, 7, 0]",0.00743710994720459,1491,1422,4.348794069458188,,,,CollegeFootballData.com API,2026-08-31T17:39:28.915688+00:00,/games,1.3
401756881,2025,2,regular,2025-09-06T19:30:00.000Z,False,True,False,False,50341,3726,Folsom Field,38,Colorado,fbs,Big 12,31,"[7, 10, 7, 7]",0.9253472685813904,1613,1660,48,Delaware,fbs,Conference USA,7,"[0, 7, 0, 0]",0.07465273141860962,1500,1453,3.906826980049366,,,,CollegeFootballData.com API,2026-08-31T17:39:28.915688+00:00,/games,1.3
401752685,2025,2,regular,2025-09-06T19:30:00.000Z,False,True,False,False,93033,3917,Sanford Stadium,61,Georgia,fbs,SEC,28,"[7, 7, 7, 7]",0.9751682281494141,2072,2072,2046,Austin Peay,fcs,UAC,6,"[0, 3, 3, 0]",0.024831771850585938,,,2.9867455253692707,,,,CollegeFootballData.com API,2026-08-31T17:39:28.915688+00:00,/games,1.3
401752820,2025,2,regular,2025-09-06T20:00:00.000Z,False,True,False,False,70368,347,Camp Randall Stadium,275,Wisconsin,fbs,Big Ten,42,"[0, 14, 14, 14]",0.969450056552887,1573,1619,2393,Middle Tennessee,fbs,Conference USA,10,"[3, 7, 0, 0]",0.030549943447113037,1228,1182,8.256093668394996,,,,CollegeFootballData.com API,2026-08-31T17:39:28.915688+00:00,/games,1.3
401756883,2025,2,regular,2025-09-06T20:00:00.000Z,False,True,False,False,26740,3876,Peden Stadium,195,Ohio,fbs,Mid-American,17,"[3, 14, 0, 0]",0.8477234244346619,1619,1620,277,West Virginia,fbs,Big 12,10,"[7, 0, 3, 0]",0.15227657556533813,1470,1469,5.200094461188878,,,,CollegeFootballData.com API,2026-08-31T17:39:28.915688+00:00,/games,1.3
401760367,2025,2,regular,2025-09-06T20:00:00.000Z,False,True,False,False,25009,3984,War Memorial Stadium,2751,Wyoming,fbs,Mountain West,31,"[7, 10, 7, 7]",0.9853284955024719,1386,1386,2460,Northern Iowa,fcs,MVFC,7,"[0, 7, 0, 0]",0.014671504497528076,,,8.168879135472618,,,,CollegeFootballData.com API,2026-08-31T17:39:28.915688+00:00,/games,1.3
401752684,2025,2,regular,2025-09-06T20:15:00.000Z,False,True,False,False,89909,3634,Ben Hill Griffin Stadium,57,Florida,fbs,SEC,16,"[3, 6, 0, 7]",0.586835503578186,1678,1668,58,South Florida,fbs,American Athletic,18,"[0, 6, 9, 3]",0.41316449642181396,1554,1564,6.071843438438032,,,,CollegeFootballData.com API,2026-08-31T17:39:28.915688+00:00,/games,1.3
401760365,2025,2,regular,2025-09-06T21:00:00.000Z,False,True,False,False,20535,3816,Mackay Stadium,2440,Nevada,fbs,Mountain West,20,"[0, 13, 0, 7]",0.394497275352478,1249,1249,16,Sacramento State,fcs,Big Sky,17,"[7, 10, 0, 0]",0.605502724647522,,,7.843347356319783,,,,CollegeFootballData.com API,2026-08-31T17:39:28.915688+00:00,/games,1.3
401761602,2025,2,regular,2025-09-06T21:00:00.000Z,False,True,False,False,32011,3815,M. M. Roberts Stadium,2572,Southern Miss,fbs,Sun Belt,38,"[14, 3, 7, 14]",0.9858771562576294,1089,1089,2296,Jackson State,fcs,SWAC,20,"[3, 7, 0, 10]",0.014122843742370605,,,4.4706589557839225,,,,CollegeFootballData.com API,2026-08-31T17:39:28.915688+00:00,/games,1.3
401752682,2025,2,regular,2025-09-06T21:00:00.000Z,False,True,True,False,54224,3983,War Memorial Stadium (AR),8,Arkansas,fbs,SEC,56,"[28, 7, 14, 7]",0.998382568359375,1574,1674,2032,Arkansas State,fbs,Sun Belt,14,"[7, 7, 0, 0]",0.001617431640625,1344,1244,4.1021128537182205,,,,CollegeFootballData.com API,2026-08-31T17:39:28.915688+00:00,/games,1.3
401754530,2025,2,regular,2025-09-06T22:00:00.000Z,False,True,False,False,35898,3831,California Memorial Stadium,25,California,fbs,ACC,35,"[3, 8, 14, 10]",0.9959644079208374,1564,1564,2640,Texas Southern,fcs,SWAC,3,"[0, 0, 0, 3]",0.004035592079162598,,,4.6396748926369975,,,,CollegeFootballData.com API,2026-08-31T17:39:28.915688+00:00,/games,1.3
401756887,2025,2,regular,2025-09-06T22:00:00.000Z,False,True,False,False,51463,587,Rice-Eccles Stadium,254,Utah,fbs,Big 12,63,"[14, 21, 21, 7]",0.9827632308006287,1638,1638,13,Cal Poly,fcs,Big Sky,9,"[3, 3, 0, 3]",0.017236769199371338,,,3.065962949677993,,,,CollegeFootballData.com API,2026-08-31T17:39:28.915688+00:00,/games,1.3
401762460,2025,2,regular,2025-09-06T22:00:00.000Z,False,True,False,False,21029,3715,FAU Stadium,2226,Florida Atlantic,fbs,American Athletic,56,"[22, 17, 0, 17]",0.977178156375885,1237,1237,50,Florida A&M,fcs,SWAC,14,"[0, 0, 7, 7]",0.02282184362411499,,,3.054075854019231,,,,CollegeFootballData.com API,2026-08-31T17:39:28.915688+00:00,/games,1.3
401762459,2025,2,regular,2025-09-06T22:00:00.000Z,False,True,False,False,35120,3699,Dowdy-Ficklen Stadium,151,East Carolina,fbs,American Athletic,56,"[14, 21, 14, 7]",0.9879902005195618,1429,1429,2097,Campbell,fcs,Coastal Athletic,3,"[0, 3, 0, 0]",0.012009799480438232,,,2.864519137775231,,,,CollegeFootballData.com API,2026-08-31T17:39:28.915688+00:00,/games,1.3
401757228,2025,2,regular,2025-09-06T22:00:00.000Z,False,True,False,False,28564,3775,Joan C. Edwards Stadium,276,Marshall,fbs,Sun Belt,20,"[0, 17, 3, 0]",0.08841505646705627,1519,1508,2623,Missouri State,fbs,Conference USA,21,"[0, 7, 7, 7]",0.9115849435329437,1335,1346,7.466062922611336,,,,CollegeFootballData.com API,2026-08-31T17:39:28.915688+00:00,/games,1.3
401761599,2025,2,regular,2025-09-06T22:00:00.000Z,False,True,False,False,18111,3918,S.B. Ballard Stadium,295,Old Dominion,fbs,Sun Belt,54,"[9, 7, 28, 10]",0.9922709465026855,1470,1470,2428,North Carolina Central,fcs,MEAC,6,"[0, 3, 3, 0]",0.007729053497314453,,,3.9235643234565463,,,,CollegeFootballData.com API,2026-08-31T17:39:28.915688+00:00,/games,1.3
401756882,2025,2,regular,2025-09-06T23:00:00.000Z,False,True,False,False,52723,3636,Bill Snyder Family Stadium,2306,Kansas State,fbs,Big 12,21,"[3, 10, 8, 0]",0.4905949831008911,1666,1658,349,Army,fbs,American Athletic,24,"[0, 7, 7, 10]",0.5094050168991089,1607,1615,4.812631689492559,,,,CollegeFootballData.com API,2026-08-31T17:39:28.915688+00:00,/games,1.3
401761598,2025,2,regular,2025-09-06T23:00:00.000Z,False,True,False,False,13625,4246,Center Parc Stadium,2247,Georgia State,fbs,Sun Belt,16,"[9, 7, 0, 0]",0.16244572401046753,1230,1213,235,Memphis,fbs,American Athletic,38,"[7, 10, 14, 7]",0.8375542759895325,1604,1621,11.630263530136874,,,,CollegeFootballData.com API,2026-08-31T17:39:28.915688+00:00,/games,1.3
401760364,2025,2,regular,2025-09-06T23:00:00.000Z,False,True,False,False,37023,5388,Canvas Stadium,36,Colorado State,fbs,Mountain West,21,"[0, 0, 14, 7]",0.9243268370628357,1357,1357,2458,Northern Colorado,fcs,Big Sky,17,"[7, 3, 7, 0]",0.0756731629371643,,,6.653801193242797,,,,CollegeFootballData.com API,2026-08-31T17:39:28.915688+00:00,/games,1.3
401756886,2025,2,regular,2025-09-06T23:00:00.000Z,False,True,False,False,44009,3652,FBC Mortgage Stadium,2116,UCF,fbs,Big 12,68,"[28, 12, 14, 14]",0.9864861965179443,1550,1550,2448,North Carolina A&T,fcs,Coastal Athletic,7,"[0, 0, 0, 7]",0.013513803482055664,,,2.799409667852697,,,,CollegeFootballData.com API,2026-08-31T17:39:28.915688+00:00,/games,1.3
401752691,2025,2,regular,2025-09-06T23:00:00.000Z,False,True,False,False,79705,3994,Williams-Brice Stadium,2579,South Carolina,fbs,SEC,38,"[0, 17, 21, 0]",0.6999583840370178,1729,1729,2569,South Carolina State,fcs,MEAC,10,"[3, 0, 0, 7]",0.3000416159629822,,,4.217151204005949,,,,CollegeFootballData.com API,2026-08-31T17:39:28.915688+00:00,/games,1.3
401757232,2025,2,regular,2025-09-06T23:00:00.000Z,False,True,False,False,24138,3739,Glass Bowl,2649,Toledo,fbs,Mid-American,45,"[21, 10, 14, 0]",0.9942803382873535,1445,1505,98,Western Kentucky,fbs,Conference USA,21,"[7, 0, 0, 14]",0.005719661712646484,1450,1390,3.1943613678729137,,,,CollegeFootballData.com API,2026-08-31T17:39:28.915688+00:00,/games,1.3
401761601,2025,2,regular,2025-09-06T23:00:00.000Z,False,True,False,False,16871,6526,Hancock Whitney Stadium,6,South Alabama,fbs,Sun Belt,31,"[14, 0, 0, 17]",0.3140738010406494,1555,1557,2655,Tulane,fbs,American Athletic,33,"[14, 10, 3, 6]",0.6859261989593506,1644,1642,5.102549534733624,,,,CollegeFootballData.com API,2026-08-31T17:39:28.915688+00:00,/games,1.3
401754527,2025,2,regular,2025-09-06T23:00:00.000Z,False,True,False,False,19233,4418,Jerry Richardson Stadium,2429,Charlotte,fbs,American Athletic,3,"[0, 3, 0, 0]",0,1221,1200,153,North Carolina,fbs,ACC,20,"[10, 7, 0, 3]",1,1417,1438,3.333886477580821,,,,CollegeFootballData.com API,2026-08-31T17:39:28.915688+00:00,/games,1.3
401756884,2025,2,regular,2025-09-06T23:00:00.000Z,False,True,False,False,30116,3895,Rice Stadium,242,Rice,fbs,American Athletic,9,"[0, 3, 0, 6]",0.14996007084846497,1337,1271,248,Houston,fbs,Big 12,35,"[0, 7, 7, 21]",0.850039929151535,1375,1441,5.868186786577186,,,,CollegeFootballData.com API,2026-08-31T17:39:28.915688+00:00,/games,1.3
401754641,2025,2,regular,2025-09-06T23:00:00.000Z,False,True,False,False,60617,3948,Hard Rock Stadium,2390,Miami,fbs,ACC,45,"[14, 14, 7, 10]",0.9784430861473083,1752,1752,2065,Bethune-Cookman,fcs,SWAC,3,"[0, 3, 0, 0]",0.02155691385269165,,,2.696307152207372,,,,CollegeFootballData.com API,2026-08-31T17:39:28.915688+00:00,/games,1.3
401762795,2025,2,regular,2025-09-06T23:00:00.000Z,False,True,False,False,15313,3912,Rynearson Stadium,2199,Eastern Michigan,fbs,Mid-American,23,"[3, 7, 0, 13]",0.012839652597904205,1241,1241,2341,Long Island University,fcs,NEC,28,"[7, 7, 0, 14]",0.9871603474020958,,,10.841158200364873,,,,CollegeFootballData.com API,2026-08-31T17:39:28.915688+00:00,/games,1.3
401752688,2025,2,regular,2025-09-06T23:30:00.000Z,False,True,False,False,50808,3693,Davis Wade Stadium,344,Mississippi State,fbs,SEC,24,"[10, 7, 0, 7]",0.8720696568489075,1424,1436,9,Arizona State,fbs,Big 12,20,"[0, 3, 7, 10]",0.12793034315109253,1700,1688,5.4906623759619935,,,,CollegeFootballData.com API,2026-08-31T17:39:28.915688+00:00,/games,1.3
401752695,2025,2,regular,2025-09-06T23:30:00.000Z,False,True,False,False,65632,3799,Lane Stadium,259,Virginia Tech,fbs,ACC,20,"[10, 10, 0, 0]",0.025915134698152542,1575,1502,238,Vanderbilt,fbs,SEC,44,"[0, 10, 13, 21]",0.9740848653018475,1497,1570,5.012196213185042,,,,CollegeFootballData.com API,2026-08-31T17:39:28.915688+00:00,/games,1.3
401752690,2025,2,regular,2025-09-06T23:30:00.000Z,False,True,False,False,84107,3835,"Memorial Stadium (Norman, OK)",201,Oklahoma,fbs,SEC,24,"[7, 7, 7, 3]",0.8956694006919861,1650,1679,130,Michigan,fbs,Big Ten,13,"[0, 0, 13, 0]",0.10433059930801392,1771,1742,4.288925346237761,,,,CollegeFootballData.com API,2026-08-31T17:39:28.915688+00:00,/games,1.3
401752819,2025,2,regular,2025-09-06T23:30:00.000Z,False,True,False,False,54663,3907,Ross-Ade Stadium,2509,Purdue,fbs,Big Ten,34,"[14, 10, 3, 7]",0.965205192565918,1287,1287,79,Southern Illinois,fcs,MVFC,17,"[14, 0, 0, 3]",0.03479480743408203,,,4.482463605104785,,,,CollegeFootballData.com API,2026-08-31T17:39:28.915688+00:00,/games,1.3
401752683,2025,2,regular,2025-09-06T23:30:00.000Z,False,True,False,False,88043,3785,Jordan-Hare Stadium,2,Auburn,fbs,SEC,42,"[14, 7, 7, 14]",0.9814049601554871,1609,1661,2050,Ball State,fbs,Mid-American,3,"[0, 0, 3, 0]",0.01859503984451294,1138,1086,3.1998303337378187,,,,CollegeFootballData.com API,2026-08-31T17:39:28.915688+00:00,/games,1.3
401761597,2025,2,regular,2025-09-06T23:30:00.000Z,False,True,False,False,22217,3654,Brooks Stadium (SC),324,Coastal Carolina,fbs,Sun Belt,13,"[0, 3, 0, 10]",1,1266,1266,2127,Charleston Southern,fcs,OVC-Big South,0,"[0, 0, 0, 0]",0,,,4.838209441976197,,,,CollegeFootballData.com API,2026-08-31T17:39:28.915688+00:00,/games,1.3
401752810,2025,2,regular,2025-09-06T23:30:00.000Z,False,True,False,False,86439,3834,"Memorial Stadium (Lincoln, NE)",158,Nebraska,fbs,Big Ten,68,"[9, 24, 21, 14]",0.993889331817627,1522,1699,2006,Akron,fbs,Mid-American,0,"[0, 0, 0, 0]",0.006110668182373047,1235,1058,3.0183376559001367,,,,CollegeFootballData.com API,2026-08-31T17:39:28.915688+00:00,/games,1.3
401752687,2025,2,regular,2025-09-06T23:30:00.000Z,False,True,False,False,101667,3958,Tiger Stadium (LA),99,LSU,fbs,SEC,23,"[7, 3, 7, 6]",0.9527506232261658,1730,1735,2348,Louisiana Tech,fbs,Conference USA,7,"[0, 0, 0, 7]",0.04724937677383423,1397,1392,3.61155797671467,,,,CollegeFootballData.com API,2026-08-31T17:39:28.915688+00:00,/games,1.3
401752814,2025,2,regular,2025-09-06T23:30:00.000Z,False,True,False,False,,477,Los Angeles Memorial Coliseum,30,USC,fbs,Big Ten,59,"[21, 10, 14, 14]",0.9896509051322937,1841,1895,290,Georgia Southern,fbs,Sun Belt,20,"[6, 7, 7, 0]",0.010349094867706299,1382,1328,4.561627952727972,,,,CollegeFootballData.com API,2026-08-31T17:39:28.915688+00:00,/games,1.3
401752816,2025,2,regular,2025-09-06T23:30:00.000Z,False,True,False,False,70510,3936,Spartan Stadium,127,Michigan State,fbs,Big Ten,42,"[7, 7, 10, 3, 7, 8]",0.06406517326831818,1403,1405,103,Boston College,fbs,ACC,40,"[0, 21, 3, 3, 7, 6]",0.9359348267316818,1508,1506,12.584589323403991,,,,CollegeFootballData.com API,2026-08-31T17:39:28.915688+00:00,/games,1.3
401752681,2025,2,regular,2025-09-06T23:45:00.000Z,False,True,False,False,100077,3657,Bryant-Denny Stadium,333,Alabama,fbs,SEC,73,"[21, 21, 10, 21]",0.9963486790657043,1755,1920,2433,UL Monroe,fbs,Sun Belt,0,"[0, 0, 0, 0]",0.0036513209342956543,1281,1116,2.6501214200961605,,,,CollegeFootballData.com API,2026-08-31T17:39:28.915688+00:00,/games,1.3
401761600,2025,2,regular,2025-09-07T00:00:00.000Z,False,True,False,False,26071,3666,Cajun Field,309,Louisiana,fbs,Sun Belt,34,"[7, 10, 0, 17]",0.9940784573554993,1465,1465,2377,McNeese,fcs,Southland,10,"[7, 0, 3, 0]",0.005921542644500732,,,4.59242758315518,,,,CollegeFootballData.com API,2026-08-31T17:39:28.915688+00:00,/games,1.3
401752823,2025,2,regular,2025-09-07T00:00:00.000Z,False,True,False,False,36117,6501,Allegiant Stadium,2439,UNLV,fbs,Mountain West,30,"[10, 13, 0, 7]",0.6303977370262146,1633,1630,26,UCLA,fbs,Big Ten,23,"[0, 3, 10, 10]",0.3696022629737854,1404,1407,3.9478301598351275,,,,CollegeFootballData.com API,2026-08-31T17:39:28.915688+00:00,/games,1.3
401757229,2025,2,regular,2025-09-07T01:00:00.000Z,False,True,False,False,10240,3601,Aggie Memorial Stadium,166,New Mexico State,fbs,Conference USA,21,"[3, 0, 7, 11]",0.8840934038162231,1246,1244,202,Tulsa,fbs,American Athletic,14,"[0, 0, 7, 7]",0.11590659618377686,1041,1043,11.781728585430375,,,,CollegeFootballData.com API,2026-08-31T17:39:28.915688+00:00,/games,1.3
401757231,2025,2,regular,2025-09-07T01:00:00.000Z,False,True,False,False,31122,3946,Sun Bowl,2638,UTEP,fbs,Conference USA,42,"[7, 21, 14, 0]",0.9717544317245483,1227,1227,2630,UT Martin,fcs,OVC-Big South,17,"[0, 7, 3, 7]",0.02824556827545166,,,4.173238775038266,,,,CollegeFootballData.com API,2026-08-31T17:39:28.915688+00:00,/games,1.3
401756879,2025,2,regular,2025-09-07T02:00:00.000Z,False,True,False,False,40038,3619,Arizona Stadium,12,Arizona,fbs,Big 12,48,"[24, 10, 14, 0]",0.9933739304542542,1453,1453,2692,Weber State,fcs,Big Sky,3,"[0, 0, 0, 3]",0.00662606954574585,,,2.9557139873504634,,,,CollegeFootballData.com API,2026-08-31T17:39:28.915688+00:00,/games,1.3
401752948,2025,2,regular,2025-09-07T02:15:00.000Z,False,True,False,False,24330,3820,Gesa Field,265,Washington State,fbs,Pac-12,36,"[7, 12, 10, 7]",0.9699023365974426,1520,1555,21,San Diego State,fbs,Mountain West,13,"[7, 0, 6, 0]",0.030097663402557373,1318,1283,4.663543658675971,,,,CollegeFootballData.com API,2026-08-31T17:39:28.915688+00:00,/games,1.3
401754526,2025,2,regular,2025-09-07T02:15:00.000Z,False,True,False,False,64692,3801,LaVell Edwards Stadium,252,BYU,fbs,Big 12,27,"[6, 8, 10, 3]",0.9625639915466309,1644,1666,24,Stanford,fbs,ACC,3,"[0, 0, 0, 3]",0.03743600845336914,1282,1260,3.0627533927894794,,,,CollegeFootballData.com API,2026-08-31T17:39:28.915688+00:00,/games,1.3
401752821,2025,2,regular,2025-09-07T03:00:00.000Z,False,True,False,False,65421,3765,Husky Stadium,264,Washington,fbs,Big Ten,70,"[14, 28, 14, 14]",0.9920576214790344,1610,1610,302,UC Davis,fcs,Big Sky,10,"[3, 7, 0, 0]",0.007942378520965576,,,2.828101092902816,,,,CollegeFootballData.com API,2026-08-31T17:39:28.915688+00:00,/games,1.3
401757230,2025,2,regular,2025-09-07T03:59:00.000Z,False,True,False,False,11625,7220,Clarence T.C. Ching Athletics Complex,62,Hawai'i,fbs,Mountain West,37,"[7, 10, 3, 17]",0.8447800278663635,1178,1238,2534,Sam Houston,fbs,Conference USA,20,"[3, 3, 7, 7]",0.15521997213363647,1397,1337,4.3975313896787345,,,,CollegeFootballData.com API,2026-08-31T17:39:28.915688+00:00,/games,1.3
401754531,2025,3,regular,2025-09-11T23:30:00.000Z,False,True,False,True,29043,3630,Allegacy Federal Credit Union Stadium,154,Wake Forest,fbs,ACC,24,"[14, 10, 0, 0]",0,1394,1383,152,NC State,fbs,ACC,34,"[14, 3, 7, 10]",1,1510,1521,5.133342505139144,,,,CollegeFootballData.com API,2026-08-31T17:39:28.915688+00:00,/games,1.3
401752836,2025,3,regular,2025-09-12T22:30:00.000Z,False,True,False,False,46219,3830,"Memorial Stadium (Bloomington, IN)",84,Indiana,fbs,Big Ten,73,"[21, 24, 21, 7]",0.9889745712280273,1904,1904,282,Indiana State,fcs,MVFC,0,"[0, 0, 0, 0]",0.011025428771972656,,,2.7617165358023894,,,,CollegeFootballData.com API,2026-08-31T17:39:28.915688+00:00,/games,1.3
401754532,2025,3,regular,2025-09-12T23:00:00.000Z,False,True,False,False,37372,1964,JMA Wireless Dome,183,Syracuse,fbs,ACC,66,"[14, 24, 7, 21]",0.9922441840171814,1475,1475,2142,Colgate,fcs,Patriot,24,"[3, 0, 14, 7]",0.0077558159828186035,,,3.5273897868845587,,,,CollegeFootballData.com API,2026-08-31T17:39:28.915688+00:00,/games,1.3
401756893,2025,3,regular,2025-09-12T23:30:00.000Z,False,True,False,True,37899,4728,TDECU Stadium,248,Houston,fbs,Big 12,36,"[10, 6, 10, 10]",0.7838240265846252,1441,1497,38,Colorado,fbs,Big 12,20,"[0, 14, 0, 6]",0.21617597341537476,1660,1604,4.780995718894543,,,,CollegeFootballData.com API,2026-08-31T17:39:28.915688+00:00,/games,1.3
401756888,2025,3,regular,2025-09-13T01:00:00.000Z,False,True,False,False,40051,3619,Arizona Stadium,12,Arizona,fbs,Big 12,23,"[7, 10, 3, 3]",0.8432114124298096,1451,1469,2306,Kansas State,fbs,Big 12,17,"[3, 0, 14, 0]",0.15678858757019043,1658,1640,5.652025807713283,,,,CollegeFootballData.com API,2026-08-31T17:39:28.915688+00:00,/games,1.3
401752837,2025,3,regular,2025-09-13T02:00:00.000Z,False,True,False,False,31163,1056,Rose Bowl,26,UCLA,fbs,Big Ten,10,"[0, 7, 3, 0]",0,1407,1331,167,New Mexico,fbs,Mountain West,35,"[7, 7, 0, 21]",1,1332,1408,3.584693048370142,,,,CollegeFootballData.com API,2026-08-31T17:39:28.915688+00:00,/games,1.3
401754619,2025,3,regular,2025-09-13T16:00:00.000Z,False,True,False,False,38512,3923,Scott Stadium,258,Virginia,fbs,ACC,55,"[14, 28, 10, 3]",0.9928979873657227,1514,1514,2729,William & Mary,fcs,Coastal Athletic,16,"[0, 7, 7, 2]",0.007102012634277344,,,2.9915828835043174,,,,CollegeFootballData.com API,2026-08-31T17:39:28.915688+00:00,/games,1.3
401762817,2025,3,regular,2025-09-13T16:00:00.000Z,False,True,False,True,11833,3696,Dix Stadium,2309,Kent State,fbs,Mid-American,28,"[7, 7, 7, 7]",0.3225918412208557,938,959,2084,Buffalo,fbs,Mid-American,31,"[0, 10, 14, 7]",0.6774081587791443,1407,1386,6.469148484749553,,,,CollegeFootballData.com API,2026-08-31T17:39:28.915688+00:00,/games,1.3
401761608,2025,3,regular,2025-09-13T16:00:00.000Z,False,True,False,False,23384,3975,Veterans Memorial Stadium (AL),2653,Troy,fbs,Sun Belt,7,"[0, 7, 0, 0]",0,1472,1435,235,Memphis,fbs,American Athletic,28,"[7, 14, 0, 7]",1,1621,1658,4.585106428375084,,,,CollegeFootballData.com API,2026-08-31T17:39:28.915688+00:00,/games,1.3
401752696,2025,3,regular,2025-09-13T16:00:00.000Z,False,True,False,False,100077,3657,Bryant-Denny Stadium,333,Alabama,fbs,SEC,38,"[7, 14, 14, 3]",0.8911544680595398,1920,1948,275,Wisconsin,fbs,Big Ten,14,"[0, 0, 7, 7]",0.1088455319404602,1619,1591,3.036218096573123,,,,CollegeFootballData.com API,2026-08-31T17:39:28.915688+00:00,/games,1.3
401752839,2025,3,regular,2025-09-13T16:00:00.000Z,False,True,False,False,110740,3558,Michigan Stadium,130,Michigan,fbs,Big Ten,63,"[14, 21, 14, 14]",0.9919071197509766,1742,1852,2117,Central Michigan,fbs,Mid-American,3,"[0, 3, 0, 0]",0.008092880249023438,1204,1094,2.587065763775777,,,,CollegeFootballData.com API,2026-08-31T17:39:28.915688+00:00,/games,1.3
401754623,2025,3,regular,2025-09-13T16:00:00.000Z,False,True,False,True,48059,721,Bobby Dodd Stadium,59,Georgia Tech,fbs,ACC,24,"[3, 10, 0, 11]",0.38769611716270447,1557,1560,228,Clemson,fbs,ACC,21,"[0, 7, 7, 7]",0.6123038828372955,1696,1693,5.843388219921077,,,,CollegeFootballData.com API,2026-08-31T17:39:28.915688+00:00,/games,1.3
401756891,2025,3,regular,2025-09-13T16:00:00.000Z,False,True,False,False,41215,4727,McLane Stadium,239,Baylor,fbs,Big 12,42,"[14, 21, 0, 7]",0.9469010829925537,1579,1579,2535,Samford,fcs,Southern,7,"[7, 0, 0, 0]",0.05309891700744629,,,3.414792147573618,,,,CollegeFootballData.com API,2026-08-31T17:39:28.915688+00:00,/games,1.3
401752828,2025,3,regular,2025-09-13T16:00:00.000Z,False,True,False,False,86292,3834,"Memorial Stadium (Lincoln, NE)",158,Nebraska,fbs,Big Ten,59,"[17, 21, 14, 7]",0.9886107444763184,1712,1712,2277,Houston Christian,fcs,Southland,7,"[0, 0, 7, 0]",0.01138925552368164,,,2.770745384073898,,,,CollegeFootballData.com API,2026-08-31T17:39:28.915688+00:00,/games,1.3
401752831,2025,3,regular,2025-09-13T16:00:00.000Z,False,True,False,True,12023,5960,Lanny and Sharon Martin Stadium,77,Northwestern,fbs,Big Ten,14,"[0, 0, 0, 14]",0.03762400522828102,1403,1411,2483,Oregon,fbs,Big Ten,34,"[7, 10, 14, 3]",0.962375994771719,1992,1984,3.2641501167463502,,,,CollegeFootballData.com API,2026-08-31T17:39:28.915688+00:00,/games,1.3
401752838,2025,3,regular,2025-09-13T16:00:00.000Z,False,True,False,False,36780,3665,SECU Stadium,120,Maryland,fbs,Big Ten,44,"[17, 17, 7, 3]",0.9941574335098267,1528,1528,119,Towson,fcs,Coastal Athletic,17,"[0, 0, 7, 10]",0.00584256649017334,,,2.8917466351206103,,,,CollegeFootballData.com API,2026-08-31T17:39:28.915688+00:00,/games,1.3
401752703,2025,3,regular,2025-09-13T16:00:00.000Z,False,True,False,False,24927,3806,Lincoln Financial Field,218,Temple,fbs,American Athletic,3,"[0, 3, 0, 0]",0,1284,1221,201,Oklahoma,fbs,SEC,42,"[11, 17, 14, 0]",1,1679,1742,2.8145400659947084,,,,CollegeFootballData.com API,2026-08-31T17:39:28.915688+00:00,/games,1.3
401752697,2025,3,regular,2025-09-13T16:45:00.000Z,False,True,False,False,88043,3785,Jordan-Hare Stadium,2,Auburn,fbs,SEC,31,"[7, 21, 3, 0]",1,1661,1686,6,South Alabama,fbs,Sun Belt,15,"[3, 6, 6, 0]",0,1557,1532,3.376760616702656,,,,CollegeFootballData.com API,2026-08-31T17:39:28.915688+00:00,/games,1.3
401752702,2025,3,regular,2025-09-13T17:00:00.000Z,False,True,False,False,57321,3838,Memorial Stadium,142,Missouri,fbs,SEC,52,"[14, 24, 7, 7]",0.9927979707717896,1659,1755,309,Louisiana,fbs,Sun Belt,10,"[0, 10, 0, 0]",0.007202029228210449,1463,1367,2.585327124218903,,,,CollegeFootballData.com API,2026-08-31T17:39:28.915688+00:00,/games,1.3
401762818,2025,3,regular,2025-09-13T18:00:00.000Z,False,True,False,False,10512,3919,Scheumann Stadium,2050,Ball State,fbs,Mid-American,34,"[14, 14, 6, 0]",0.6924471259117126,1070,1070,160,New Hampshire,fcs,Coastal Athletic,29,"[14, 7, 3, 5]",0.30755287408828735,,,6.2521489726866895,,,,CollegeFootballData.com API,2026-08-31T17:39:28.915688+00:00,/games,1.3
401757168,2025,3,regular,2025-09-13T19:00:00.000Z,False,True,False,False,17862,3695,Delaware Stadium,48,Delaware,fbs,Conference USA,44,"[14, 14, 7, 3, 6]",0.2355707436800003,1453,1454,41,UConn,fbs,FBS Independents,41,"[10, 14, 7, 7, 3]",0.7644292563199997,1446,1445,7.317098297018303,,,,CollegeFootballData.com API,2026-08-31T17:39:28.915688+00:00,/games,1.3
401752835,2025,3,regular,2025-09-13T19:30:00.000Z,False,True,False,False,109516,3632,Beaver Stadium,213,Penn State,fbs,Big Ten,52,"[7, 14, 10, 21]",1,2152,2152,222,Villanova,fcs,Coastal Athletic,6,"[0, 0, 0, 6]",0,,,2.5341388565562255,,,,CollegeFootballData.com API,2026-08-31T17:39:28.915688+00:00,/games,1.3
401752832,2025,3,regular,2025-09-13T19:30:00.000Z,False,True,False,True,58065,3907,Ross-Ade Stadium,2509,Purdue,fbs,Big Ten,17,"[0, 3, 7, 7]",0.0364251509308815,1293,1310,30,USC,fbs,Big Ten,33,"[3, 14, 13, 3]",0.9635748490691185,1895,1878,4.127607975845876,,,,CollegeFootballData.com API,2026-08-31T17:39:28.915688+00:00,/games,1.3
401752705,2025,3,regular,2025-09-13T19:30:00.000Z,False,True,False,True,101915,3853,Neyland Stadium,2633,Tennessee,fbs,SEC,41,"[21, 0, 7, 10, 3]",0.8290138840675354,1799,1809,61,Georgia,fbs,SEC,44,"[7, 10, 10, 11, 6]",0.1709861159324646,2053,2043,8.927697065894355,,,,CollegeFootballData.com API,2026-08-31T17:39:28.915688+00:00,/games,1.3
401752833,2025,3,regular,2025-09-13T19:30:00.000Z,False,True,False,False,41011,6577,SHI Stadium,164,Rutgers,fbs,Big Ten,60,"[13, 13, 20, 14]",0.9916054010391235,1594,1594,2450,Norfolk State,fcs,MEAC,10,"[0, 3, 7, 0]",0.008394598960876465,,,3.0531257443572137,,,,CollegeFootballData.com API,2026-08-31T17:39:28.915688+00:00,/games,1.3
401762819,2025,3,regular,2025-09-13T19:30:00.000Z,False,True,False,False,22846,3739,Glass Bowl,2649,Toledo,fbs,Mid-American,60,"[3, 43, 7, 7]",0.9923451542854309,1501,1501,2415,Morgan State,fcs,MEAC,0,"[0, 0, 0, 0]",0.007654845714569092,,,3.094625763358364,,,,CollegeFootballData.com API,2026-08-31T17:39:28.915688+00:00,/games,1.3
401752938,2025,3,regular,2025-09-13T19:30:00.000Z,False,True,False,False,60229,3784,Jones AT&T Stadium,2641,Texas Tech,fbs,Big 12,45,"[14, 14, 10, 7]",0.9839296936988831,1639,1690,204,Oregon State,fbs,Pac-12,14,"[0, 0, 0, 14]",0.016070306301116943,1365,1314,3.4678863962298885,,,,CollegeFootballData.com API,2026-08-31T17:39:28.915688+00:00,/games,1.3
401752949,2025,3,regular,2025-09-13T19:30:00.000Z,False,True,False,False,26837,3825,DATCU Stadium,249,North Texas,fbs,American Athletic,59,"[14, 28, 10, 7]",0.992473304271698,1409,1585,265,Washington State,fbs,Pac-12,10,"[3, 0, 0, 7]",0.007526695728302002,1555,1379,2.9196179755702003,,,,CollegeFootballData.com API,2026-08-31T17:39:28.915688+00:00,/games,1.3
401754638,2025,3,regular,2025-09-13T19:30:00.000Z,False,True,False,False,62108,3842,Milan Puskar Stadium,277,West Virginia,fbs,Big 12,31,"[0, 7, 7, 10, 7]",0.6105152368545532,1469,1481,221,Pittsburgh,fbs,ACC,24,"[0, 3, 11, 10, 0]",0.3894847631454468,1518,1506,6.320810263190439,,,,CollegeFootballData.com API,2026-08-31T17:39:28.915688+00:00,/games,1.3
401752834,2025,3,regular,2025-09-13T19:30:00.000Z,False,True,False,False,71301,3936,Spartan Stadium,127,Michigan State,fbs,Big Ten,41,"[7, 10, 14, 10]",0.9881170988082886,1406,1406,2754,Youngstown State,fcs,MVFC,24,"[3, 7, 7, 7]",0.011882901191711426,,,4.2166848075946906,,,,CollegeFootballData.com API,2026-08-31T17:39:28.915688+00:00,/games,1.3
401754615,2025,3,regular,2025-09-13T19:30:00.000Z,False,True,False,False,15027,3878,Plaster Sports Complex,2623,Missouri State,fbs,Conference USA,10,"[10, 0, 0, 0]",0.007379618473351002,1346,1338,2567,SMU,fbs,ACC,28,"[0, 14, 7, 7]",0.992620381526649,1703,1711,4.819093231576694,,,,CollegeFootballData.com API,2026-08-31T17:39:28.915688+00:00,/games,1.3
401754639,2025,3,regular,2025-09-13T19:30:00.000Z,False,True,False,False,50500,3787,Kenan Stadium,153,North Carolina,fbs,ACC,41,"[10, 10, 7, 14]",0.9832761287689209,1439,1439,257,Richmond,fcs,Patriot,6,"[0, 3, 0, 3]",0.0167238712310791,,,2.8548324802643834,,,,CollegeFootballData.com API,2026-08-31T17:39:28.915688+00:00,/games,1.3
401756892,2025,3,regular,2025-09-13T19:30:00.000Z,False,True,False,False,30014,3854,Nippert Stadium,2132,Cincinnati,fbs,Big 12,70,"[35, 21, 7, 7]",0.9783123731613159,1498,1498,2466,Northwestern State,fcs,Southland,0,"[0, 0, 0, 0]",0.021687626838684082,,,2.3762935647170007,,,,CollegeFootballData.com API,2026-08-31T17:39:28.915688+00:00,/games,1.3
401762467,2025,3,regular,2025-09-13T19:30:00.000Z,False,True,False,False,20421,3604,Alamodome,2636,UTSA,fbs,American Athletic,48,"[10, 14, 14, 10]",0.9985087513923645,1489,1489,2916,Incarnate Word,fcs,Southland,20,"[0, 0, 14, 6]",0.001491248607635498,,,3.0115730752607686,,,,CollegeFootballData.com API,2026-08-31T17:39:28.915688+00:00,/games,1.3
401756890,2025,3,regular,2025-09-13T20:00:00.000Z,False,True,False,False,22348,3625,Centennial Bank Stadium,2032,Arkansas State,fbs,Sun Belt,16,"[0, 10, 3, 3]",0.10015681385993958,1244,1257,66,Iowa State,fbs,Big 12,24,"[9, 8, 0, 7]",0.8998431861400604,1621,1608,6.731182769771558,,,,CollegeFootballData.com API,2026-08-31T17:39:28.915688+00:00,/games,1.3
401752706,2025,3,regular,2025-09-13T20:15:00.000Z,False,True,False,False,102025,3910,DKR-Texas Memorial Stadium,251,Texas,fbs,SEC,27,"[7, 7, 6, 7]",0.9785351157188416,1896,1878,2638,UTEP,fbs,Conference USA,10,"[0, 3, 0, 7]",0.021464884281158447,1230,1248,4.283283201014982,,,,CollegeFootballData.com API,2026-08-31T17:39:28.915688+00:00,/games,1.3
401754535,2025,3,regular,2025-09-13T20:30:00.000Z,False,True,False,False,66591,3948,Hard Rock Stadium,2390,Miami,fbs,ACC,49,"[14, 14, 7, 14]",0.9786890745162964,1743,1825,58,South Florida,fbs,American Athletic,12,"[3, 3, 0, 6]",0.021310925483703613,1564,1482,3.675912828336096,,,,CollegeFootballData.com API,2026-08-31T17:39:28.915688+00:00,/games,1.3
401757258,2025,3,regular,2025-09-13T21:00:00.000Z,False,True,False,False,16808,3816,Mackay Stadium,2440,Nevada,fbs,Mountain West,13,"[0, 13, 0, 0]",0.5640181303024292,1284,1278,2393,Middle Tennessee,fbs,Conference USA,14,"[0, 0, 0, 14]",0.4359818696975708,1182,1188,4.244323209980611,,,,CollegeFootballData.com API,2026-08-31T17:39:28.915688+00:00,/games,1.3
401757256,2025,3,regular,2025-09-13T21:00:00.000Z,False,True,False,False,23159,3700,Doyt L. Perry Stadium,189,Bowling Green,fbs,Mid-American,23,"[3, 7, 3, 10]",0.607711911201477,1434,1456,2335,Liberty,fbs,Conference USA,13,"[0, 0, 7, 6]",0.39228808879852295,1494,1472,4.965804416497581,,,,CollegeFootballData.com API,2026-08-31T17:39:28.915688+00:00,/games,1.3
401761606,2025,3,regular,2025-09-13T22:00:00.000Z,False,True,False,False,23925,3775,Joan C. Edwards Stadium,276,Marshall,fbs,Sun Belt,38,"[17, 14, 7, 0]",0.9945290088653564,1492,1492,2198,Eastern Kentucky,fcs,UAC,7,"[0, 0, 7, 0]",0.005470991134643555,,,3.123035714444983,,,,CollegeFootballData.com API,2026-08-31T17:39:28.915688+00:00,/games,1.3
401757235,2025,3,regular,2025-09-13T22:00:00.000Z,False,True,False,False,11040,4899,Fifth Third Stadium,338,Kennesaw State,fbs,Conference USA,27,"[0, 7, 17, 3]",0.7522923350334167,1175,1175,2771,Merrimack,fcs,FCS Independents,13,"[0, 0, 0, 13]",0.24770766496658325,,,4.744209434880275,,,,CollegeFootballData.com API,2026-08-31T17:39:28.915688+00:00,/games,1.3
401752701,2025,3,regular,2025-09-13T22:00:00.000Z,False,True,False,False,49158,3693,Davis Wade Stadium,344,Mississippi State,fbs,SEC,63,"[28, 14, 7, 14]",0.9959214925765991,1454,1454,2016,Alcorn State,fcs,SWAC,0,"[0, 0, 0, 0]",0.004078507423400879,,,2.565396611521562,,,,CollegeFootballData.com API,2026-08-31T17:39:28.915688+00:00,/games,1.3
401757233,2025,3,regular,2025-09-13T22:00:00.000Z,False,True,False,False,17638,2031,Pitbull Stadium,2229,Florida International,fbs,Conference USA,38,"[7, 10, 21, 0]",0.9204025864601135,1358,1367,2226,Florida Atlantic,fbs,American Athletic,28,"[7, 14, 0, 7]",0.07959741353988647,1240,1231,6.29559626968601,,,,CollegeFootballData.com API,2026-08-31T17:39:28.915688+00:00,/games,1.3
401762464,2025,3,regular,2025-09-13T22:00:00.000Z,False,True,False,False,15681,4418,Jerry Richardson Stadium,2429,Charlotte,fbs,American Athletic,42,"[0, 7, 21, 14]",1,1170,1170,2405,Monmouth,fcs,Coastal Athletic,35,"[7, 7, 7, 14]",0,,,8.551218092966522,,,,CollegeFootballData.com API,2026-08-31T17:39:28.915688+00:00,/games,1.3
401757234,2025,3,regular,2025-09-13T23:00:00.000Z,False,True,False,False,24585,3608,Allen E. Paulson Stadium,290,Georgia Southern,fbs,Sun Belt,41,"[17, 14, 0, 10]",0.9579857587814331,1328,1357,55,Jacksonville State,fbs,Conference USA,34,"[14, 10, 10, 0]",0.042014241218566895,1642,1613,6.485979732495877,,,,CollegeFootballData.com API,2026-08-31T17:39:28.915688+00:00,/games,1.3
401761605,2025,3,regular,2025-09-13T23:00:00.000Z,False,True,False,False,13988,4246,Center Parc Stadium,2247,Georgia State,fbs,Sun Belt,37,"[14, 9, 7, 7]",0.9928389191627502,1167,1167,93,Murray State,fcs,MVFC,21,"[0, 7, 0, 14]",0.007161080837249756,,,3.7539187260165643,,,,CollegeFootballData.com API,2026-08-31T17:39:28.915688+00:00,/games,1.3
401752827,2025,3,regular,2025-09-13T23:00:00.000Z,False,True,False,False,105765,3861,Ohio Stadium,194,Ohio State,fbs,Big Ten,37,"[3, 10, 10, 14]",0.9870242476463318,1977,2010,195,Ohio,fbs,Mid-American,9,"[0, 3, 6, 0]",0.012975752353668213,1620,1587,3.5345613469090864,,,,CollegeFootballData.com API,2026-08-31T17:39:28.915688+00:00,/games,1.3
401761607,2025,3,regular,2025-09-13T23:00:00.000Z,False,True,False,True,24534,3815,M. M. Roberts Stadium,2572,Southern Miss,fbs,Sun Belt,38,"[7, 10, 7, 14]",0.9881961345672607,1107,1178,2026,App State,fbs,Sun Belt,22,"[7, 0, 7, 8]",0.011803865432739258,1461,1390,4.71376107823059,,,,CollegeFootballData.com API,2026-08-31T17:39:28.915688+00:00,/games,1.3
401752829,2025,3,regular,2025-09-13T23:00:00.000Z,False,True,False,False,60670,3832,"Memorial Stadium (Champaign, IL)",356,Illinois,fbs,Big Ten,38,"[3, 7, 14, 14]",0.9919793605804443,1642,1708,2711,Western Michigan,fbs,Mid-American,0,"[0, 0, 0, 0]",0.008020639419555664,1312,1246,3.1088281984789954,,,,CollegeFootballData.com API,2026-08-31T17:39:28.915688+00:00,/games,1.3
401754536,2025,3,regular,2025-09-13T23:00:00.000Z,False,True,False,False,57627,3799,Lane Stadium,259,Virginia Tech,fbs,ACC,26,"[0, 0, 7, 19]",0.09397724270820618,1502,1452,295,Old Dominion,fbs,Sun Belt,45,"[7, 21, 10, 7]",0.9060227572917938,1480,1530,3.011007830057404,,,,CollegeFootballData.com API,2026-08-31T17:39:28.915688+00:00,/games,1.3
401752700,2025,3,regular,2025-09-13T23:00:00.000Z,False,True,False,True,65068,3974,Vaught-Hemingway Stadium,145,Ole Miss,fbs,SEC,41,"[7, 24, 7, 3]",0.4054233729839325,1922,1918,8,Arkansas,fbs,SEC,35,"[7, 21, 0, 7]",0.5945766270160675,1674,1678,6.476053958073642,,,,CollegeFootballData.com API,2026-08-31T17:39:28.915688+00:00,/games,1.3
401762466,2025,3,regular,2025-09-13T23:00:00.000Z,False,True,False,False,22260,3895,Rice Stadium,242,Rice,fbs,American Athletic,38,"[7, 17, 7, 7]",0.9967264533042908,1262,1262,2504,Prairie View A&M,fcs,SWAC,17,"[7, 0, 3, 7]",0.0032735466957092285,,,4.294864729685547,,,,CollegeFootballData.com API,2026-08-31T17:39:28.915688+00:00,/games,1.3
401761604,2025,3,regular,2025-09-13T23:30:00.000Z,False,True,False,False,21634,3654,Brooks Stadium (SC),324,Coastal Carolina,fbs,Sun Belt,0,"[0, 0, 0, 0]",0,1262,1172,151,East Carolina,fbs,American Athletic,38,"[10, 0, 7, 21]",1,1429,1519,3.8528115010189783,,,,CollegeFootballData.com API,2026-08-31T17:39:28.915688+00:00,/games,1.3
401752830,2025,3,regular,2025-09-13T23:30:00.000Z,False,True,False,False,69250,3793,Kinnick Stadium,2294,Iowa,fbs,Big Ten,47,"[20, 10, 10, 7]",0.9895370602607727,1680,1723,113,Massachusetts,fbs,Mid-American,7,"[0, 7, 0, 0]",0.010462939739227295,1101,1058,2.706172889122278,,,,CollegeFootballData.com API,2026-08-31T17:39:28.915688+00:00,/games,1.3
401752699,2025,3,regular,2025-09-13T23:30:00.000Z,False,True,False,True,102158,3958,Tiger Stadium (LA),99,LSU,fbs,SEC,20,"[0, 13, 7, 0]",0.9313405752182007,1735,1747,57,Florida,fbs,SEC,10,"[3, 7, 0, 0]",0.06865942478179932,1668,1656,5.779301403355406,,,,CollegeFootballData.com API,2026-08-31T17:39:28.915688+00:00,/games,1.3
401752707,2025,3,regular,2025-09-13T23:30:00.000Z,False,True,False,False,77622,3855,Notre Dame Stadium,87,Notre Dame,fbs,FBS Independents,40,"[14, 10, 7, 9]",0.3599589765071869,2166,2141,245,Texas A&M,fbs,SEC,41,"[7, 21, 3, 10]",0.6400410234928131,1724,1749,8.103345635698446,,,,CollegeFootballData.com API,2026-08-31T17:39:28.915688+00:00,/games,1.3
401752698,2025,3,regular,2025-09-13T23:30:00.000Z,False,True,False,False,58489,3683,Kroger Field,96,Kentucky,fbs,SEC,48,"[14, 14, 10, 10]",0.9979289770126343,1524,1557,2199,Eastern Michigan,fbs,Mid-American,23,"[3, 13, 0, 7]",0.0020710229873657227,1253,1220,3.6645728040247083,,,,CollegeFootballData.com API,2026-08-31T17:39:28.915688+00:00,/games,1.3
401757257,2025,3,regular,2025-09-13T23:30:00.000Z,False,True,False,True,60229,3776,Joe Aillet Stadium,2348,Louisiana Tech,fbs,Conference USA,49,"[10, 17, 0, 22]",0.9940977692604065,1392,1471,166,New Mexico State,fbs,Conference USA,14,"[0, 14, 0, 0]",0.005902230739593506,1244,1165,3.565683321277412,,,,CollegeFootballData.com API,2026-08-31T17:39:28.915688+00:00,/games,1.3
401752704,2025,3,regular,2025-09-13T23:45:00.000Z,False,True,False,True,79873,3994,Williams-Brice Stadium,2579,South Carolina,fbs,SEC,7,"[7, 0, 0, 0]",0.0192426610738039,1729,1645,238,Vanderbilt,fbs,SEC,31,"[7, 7, 7, 10]",0.9807573389261961,1570,1654,4.458445004730975,,,,CollegeFootballData.com API,2026-08-31T17:39:28.915688+00:00,/games,1.3
401754534,2025,3,regular,2025-09-14T00:00:00.000Z,False,True,False,False,30000,4729,Yulman Stadium,2655,Tulane,fbs,American Athletic,34,"[14, 10, 7, 3]",0.8578504920005798,1642,1642,150,Duke,fbs,ACC,27,"[0, 9, 7, 11]",0.14214950799942017,1462,1462,3.9642182675078077,,,,CollegeFootballData.com API,2026-08-31T17:39:28.915688+00:00,/games,1.3
401762465,2025,3,regular,2025-09-14T00:00:00.000Z,False,True,False,True,20103,3674,Chapman Stadium,202,Tulsa,fbs,American Athletic,23,"[14, 3, 0, 6]",0.01311210636049509,1043,1046,2426,Navy,fbs,American Athletic,42,"[7, 14, 14, 7]",0.9868878936395049,1553,1550,4.787999254795146,,,,CollegeFootballData.com API,2026-08-31T17:39:28.915688+00:00,/games,1.3
401756894,2025,3,regular,2025-09-14T00:00:00.000Z,False,True,False,False,48094,3616,Amon G. Carter Stadium,2628,TCU,fbs,Big 12,42,"[14, 14, 7, 7]",0.6292220950126648,1726,1726,2000,Abilene Christian,fcs,UAC,21,"[0, 0, 9, 12]",0.3707779049873352,,,3.0274399303276147,,,,CollegeFootballData.com API,2026-08-31T17:39:28.915688+00:00,/games,1.3
401756895,2025,3,regular,2025-09-14T00:00:00.000Z,False,True,False,False,23500,3984,War Memorial Stadium,2751,Wyoming,fbs,Mountain West,6,"[0, 0, 0, 6]",0.0009106388315558434,1377,1339,254,Utah,fbs,Big 12,31,"[3, 0, 14, 14]",0.9990893611684442,1630,1668,3.6670493757129026,,,,CollegeFootballData.com API,2026-08-31T17:39:28.915688+00:00,/games,1.3
401762463,2025,3,regular,2025-09-14T00:30:00.000Z,False,True,False,False,17823,7221,Protective Stadium,5,UAB,fbs,American Athletic,31,"[14, 17, 0, 0]",0.5819172263145447,1309,1307,2006,Akron,fbs,Mid-American,28,"[17, 3, 0, 8]",0.4180827736854553,1058,1060,5.763485619363661,,,,CollegeFootballData.com API,2026-08-31T17:39:28.915688+00:00,/games,1.3
401760368,2025,3,regular,2025-09-14T01:45:00.000Z,False,True,False,True,17124,3905,Maverik Stadium,328,Utah State,fbs,Mountain West,49,"[7, 7, 21, 14]",1,1394,1442,2005,Air Force,fbs,Mountain West,30,"[0, 10, 6, 14]",0,1438,1390,5.7210732334539,,,,CollegeFootballData.com API,2026-08-31T17:39:28.915688+00:00,/games,1.3
401760369,2025,3,regular,2025-09-14T02:00:00.000Z,False,True,False,False,37210,3660,Valley Children's Stadium,278,Fresno State,fbs,Mountain West,56,"[14, 21, 7, 14]",0.9841591715812683,1458,1458,2582,Southern,fcs,SWAC,7,"[0, 7, 0, 0]",0.01584082841873169,,,2.7328645123792015,,,,CollegeFootballData.com API,2026-08-31T17:39:28.915688+00:00,/games,1.3
401752840,2025,3,regular,2025-09-14T02:30:00.000Z,False,True,False,False,38556,3831,California Memorial Stadium,25,California,fbs,ACC,27,"[7, 3, 7, 10]",0.8964213728904724,1554,1586,135,Minnesota,fbs,Big Ten,14,"[0, 7, 7, 0]",0.10357862710952759,1625,1593,6.143238471096987,,,,CollegeFootballData.com API,2026-08-31T17:39:28.915688+00:00,/games,1.3
401754533,2025,3,regular,2025-09-14T02:30:00.000Z,False,True,False,True,22162,3940,Stanford Stadium,24,Stanford,fbs,ACC,30,"[6, 14, 7, 3]",0.9717102646827698,1260,1296,103,Boston College,fbs,ACC,20,"[0, 20, 0, 0]",0.028289735317230225,1506,1470,5.304368767390675,,,,CollegeFootballData.com API,2026-08-31T17:39:28.915688+00:00,/games,1.3
401756889,2025,3,regular,2025-09-14T02:30:00.000Z,False,True,False,False,54005,3947,Mountain America Stadium,9,Arizona State,fbs,Big 12,34,"[3, 17, 14, 0]",0.8674847483634949,1688,1725,326,Texas State,fbs,Sun Belt,15,"[3, 0, 6, 6]",0.13251525163650513,1627,1590,3.6512044960993957,,,,CollegeFootballData.com API,2026-08-31T17:39:28.915688+00:00,/games,1.3
401760370,2025,3,regular,2025-09-14T03:59:00.000Z,False,True,False,False,11936,7220,Clarence T.C. Ching Athletics Complex,62,Hawai'i,fbs,Mountain West,23,"[0, 14, 3, 6]",0.9574030637741089,1220,1220,2502,Portland State,fcs,Big Sky,3,"[0, 0, 3, 0]",0.04259693622589111,,,3.8012636067385865,,,,CollegeFootballData.com API,2026-08-31T17:39:28.915688+00:00,/games,1.3
401762468,2025,4,regular,2025-09-18T23:30:00.000Z,False,True,False,True,13397,4418,Jerry Richardson Stadium,2429,Charlotte,fbs,American Athletic,17,"[3, 6, 0, 8]",0.13469073176383972,1200,1183,242,Rice,fbs,American Athletic,28,"[7, 7, 7, 7]",0.8653092682361603,1271,1288,4.3486835794294665,,,,CollegeFootballData.com API,2026-08-31T17:39:28.915688+00:00,/games,1.3
401756900,2025,4,regular,2025-09-19T23:30:00.000Z,False,True,False,False,48842,3646,Boone Pickens Stadium,197,Oklahoma State,fbs,Big 12,12,"[3, 0, 0, 9]",0.15766753256320953,1202,1176,202,Tulsa,fbs,American Athletic,19,"[10, 6, 3, 0]",0.8423324674367905,1046,1072,4.265337484404841,,,,CollegeFootballData.com API,2026-08-31T17:39:28.915688+00:00,/games,1.3
401752844,2025,4,regular,2025-09-20T00:00:00.000Z,False,True,False,True,55942,6577,SHI Stadium,164,Rutgers,fbs,Big Ten,28,"[14, 7, 0, 7]",0.24176590144634247,1593,1583,2294,Iowa,fbs,Big Ten,38,"[14, 7, 0, 17]",0.7582340985536575,1723,1733,6.504062292308946,,,,CollegeFootballData.com API,2026-08-31T17:39:28.915688+00:00,/games,1.3
401754636,2025,4,regular,2025-09-20T16:00:00.000Z,False,True,False,False,43333,3616,Amon G. Carter Stadium,2628,TCU,fbs,Big 12,35,"[7, 7, 7, 14]",0.8841467499732971,1713,1733,2567,SMU,fbs,ACC,24,"[3, 7, 7, 7]",0.11585325002670288,1711,1691,6.107027581915229,,,,CollegeFootballData.com API,2026-08-31T17:39:28.915688+00:00,/games,1.3
401760376,2025,4,regular,2025-09-20T16:00:00.000Z,False,True,False,False,12625,3996,Yager Stadium,193,Miami (OH),fbs,Mid-American,38,"[14, 10, 14, 0]",0.07785177230834961,1422,1430,2439,UNLV,fbs,Mountain West,41,"[0, 10, 14, 17]",0.9221482276916504,1630,1622,6.068854680783486,,,,CollegeFootballData.com API,2026-08-31T17:39:28.915688+00:00,/games,1.3
401762469,2025,4,regular,2025-09-20T16:00:00.000Z,False,True,False,True,28446,3841,Michie Stadium,349,Army,fbs,American Athletic,38,"[7, 7, 7, 17, 0]",0.49023255705833435,1615,1599,249,North Texas,fbs,American Athletic,45,"[21, 7, 3, 7, 7]",0.5097674429416656,1585,1601,5.938978446833998,,,,CollegeFootballData.com API,2026-08-31T17:39:28.915688+00:00,/games,1.3
401762470,2025,4,regular,2025-09-20T16:00:00.000Z,False,True,False,False,28461,3886,Raymond James Stadium,58,South Florida,fbs,American Athletic,63,"[7, 14, 35, 7]",0.9767788648605347,1477,1477,2569,South Carolina State,fcs,MEAC,14,"[0, 7, 0, 7]",0.023221135139465332,,,3.246837687818147,,,,CollegeFootballData.com API,2026-08-31T17:39:28.915688+00:00,/games,1.3
401754537,2025,4,regular,2025-09-20T16:00:00.000Z,False,True,False,True,80225,3836,"Memorial Stadium (Clemson, SC)",228,Clemson,fbs,ACC,21,"[7, 7, 0, 7]",0.07824885100126266,1693,1642,183,Syracuse,fbs,ACC,34,"[10, 14, 10, 0]",0.9217511489987373,1484,1535,4.317694278621441,,,,CollegeFootballData.com API,2026-08-31T17:39:28.915688+00:00,/games,1.3
401754617,2025,4,regular,2025-09-20T16:00:00.000Z,False,True,False,False,57229,3799,Lane Stadium,259,Virginia Tech,fbs,ACC,38,"[7, 14, 10, 7]",0.9997121095657349,1449,1449,2747,Wofford,fcs,Southern,6,"[0, 3, 0, 3]",0.0002878904342651367,,,3.010808101043926,,,,CollegeFootballData.com API,2026-08-31T17:39:28.915688+00:00,/games,1.3
401756901,2025,4,regular,2025-09-20T16:00:00.000Z,False,True,False,True,52236,587,Rice-Eccles Stadium,254,Utah,fbs,Big 12,10,"[0, 3, 0, 7]",0.0266287662088871,1668,1607,2641,Texas Tech,fbs,Big 12,34,"[7, 3, 0, 24]",0.9733712337911129,1690,1751,5.001086331842076,,,,CollegeFootballData.com API,2026-08-31T17:39:28.915688+00:00,/games,1.3
401752845,2025,4,regular,2025-09-20T16:00:00.000Z,False,True,False,True,68547,347,Camp Randall Stadium,275,Wisconsin,fbs,Big Ten,10,"[0, 0, 3, 7]",0.16641175746917725,1591,1543,120,Maryland,fbs,Big Ten,27,"[7, 13, 0, 7]",0.8335882425308228,1526,1574,3.246110005059111,,,,CollegeFootballData.com API,2026-08-31T17:39:28.915688+00:00,/games,1.3
401754642,2025,4,regular,2025-09-20T16:00:00.000Z,False,True,False,False,49482,3873,L&N Federal Credit Union Stadium,97,Louisville,fbs,ACC,40,"[7, 14, 9, 10]",0.9754416346549988,1727,1755,189,Bowling Green,fbs,Mid-American,17,"[3, 0, 0, 14]",0.02455836534500122,1456,1428,3.683376333055965,,,,CollegeFootballData.com API,2026-08-31T17:39:28.915688+00:00,/games,1.3
401752708,2025,4,regular,2025-09-20T16:00:00.000Z,False,True,False,False,39861,3805,Simmons Bank Liberty Stadium,235,Memphis,fbs,American Athletic,32,"[10, 7, 9, 6]",0.752167284488678,1658,1659,8,Arkansas,fbs,SEC,31,"[7, 21, 3, 0]",0.24783271551132202,1678,1677,7.701989437202119,,,,CollegeFootballData.com API,2026-08-31T17:39:28.915688+00:00,/games,1.3
401752715,2025,4,regular,2025-09-20T16:45:00.000Z,False,True,False,False,101915,3853,Neyland Stadium,2633,Tennessee,fbs,SEC,56,"[21, 21, 14, 0]",1,1809,1838,5,UAB,fbs,American Athletic,24,"[0, 7, 10, 7]",0,1307,1278,3.3978832449530665,,,,CollegeFootballData.com API,2026-08-31T17:39:28.915688+00:00,/games,1.3
401762822,2025,4,regular,2025-09-20T17:00:00.000Z,False,True,False,False,18787,3786,Kelly/Shorts Stadium,2117,Central Michigan,fbs,Mid-American,49,"[14, 21, 14, 0]",0.9925546050071716,1069,1069,2681,Wagner,fcs,NEC,10,"[0, 3, 0, 7]",0.007445394992828369,,,3.349095161723038,,,,CollegeFootballData.com API,2026-08-31T17:39:28.915688+00:00,/games,1.3
401752841,2025,4,regular,2025-09-20T19:00:00.000Z,False,True,False,False,58571,3626,Autzen Stadium,2483,Oregon,fbs,Big Ten,41,"[7, 14, 10, 10]",0.9918121695518494,1984,2001,204,Oregon State,fbs,Pac-12,7,"[7, 0, 0, 0]",0.008187830448150635,1314,1297,3.635835349470767,,,,CollegeFootballData.com API,2026-08-31T17:39:28.915688+00:00,/games,1.3
401761610,2025,4,regular,2025-09-20T19:30:00.000Z,False,True,False,False,18371,3912,Rynearson Stadium,2199,Eastern Michigan,fbs,Mid-American,34,"[7, 14, 0, 13]",0.6959960460662842,1220,1223,309,Louisiana,fbs,Sun Belt,31,"[7, 10, 7, 7]",0.3040039539337158,1367,1364,7.784561762400252,,,,CollegeFootballData.com API,2026-08-31T17:39:28.915688+00:00,/games,1.3
401752714,2025,4,regular,2025-09-20T19:30:00.000Z,False,True,False,True,83639,3835,"Memorial Stadium (Norman, OK)",201,Oklahoma,fbs,SEC,24,"[3, 7, 3, 11]",0.8033507466316223,1742,1748,2,Auburn,fbs,SEC,17,"[3, 7, 0, 7]",0.19664925336837769,1686,1680,6.932946238654773,,,,CollegeFootballData.com API,2026-08-31T17:39:28.915688+00:00,/games,1.3
401754541,2025,4,regular,2025-09-20T19:30:00.000Z,False,True,False,False,67277,3697,Doak Campbell Stadium,52,Florida State,fbs,ACC,66,"[35, 10, 14, 7]",0.9918249249458313,1477,1577,2309,Kent State,fbs,Mid-American,10,"[7, 0, 0, 3]",0.008175075054168701,959,859,2.8488923788051816,,,,CollegeFootballData.com API,2026-08-31T17:39:28.915688+00:00,/games,1.3
401757262,2025,4,regular,2025-09-20T19:30:00.000Z,False,True,False,False,24022,3992,Williams Stadium (VA),2335,Liberty,fbs,Conference USA,13,"[3, 7, 3, 0]",0.012324569746851921,1472,1442,256,James Madison,fbs,Sun Belt,31,"[3, 7, 7, 14]",0.9876754302531481,1606,1636,3.7421837106554343,,,,CollegeFootballData.com API,2026-08-31T17:39:28.915688+00:00,/games,1.3
401762820,2025,4,regular,2025-09-20T19:30:00.000Z,False,True,False,True,20744,3980,Waldo Stadium,2711,Western Michigan,fbs,Mid-American,14,"[0, 0, 6, 8]",0.4278900921344757,1246,1254,2649,Toledo,fbs,Mid-American,13,"[0, 3, 10, 0]",0.5721099078655243,1505,1497,5.977110270781994,,,,CollegeFootballData.com API,2026-08-31T17:39:28.915688+00:00,/games,1.3
401757169,2025,4,regular,2025-09-20T19:30:00.000Z,False,True,False,False,25025,3892,Pratt & Whitney Stadium,41,UConn,fbs,FBS Independents,31,"[10, 0, 7, 14]",0.7648097276687622,1445,1436,2050,Ball State,fbs,Mid-American,25,"[0, 7, 3, 15]",0.2351902723312378,1086,1095,4.549424892343512,,,,CollegeFootballData.com API,2026-08-31T17:39:28.915688+00:00,/games,1.3
401752846,2025,4,regular,2025-09-20T19:30:00.000Z,False,True,False,True,87278,3834,"Memorial Stadium (Lincoln, NE)",158,Nebraska,fbs,Big Ten,27,"[0, 17, 0, 10]",0.362228125333786,1699,1703,130,Michigan,fbs,Big Ten,30,"[10, 7, 10, 3]",0.637771874666214,1852,1848,6.364445124145732,,,,CollegeFootballData.com API,2026-08-31T17:39:28.915688+00:00,/games,1.3
401752848,2025,4,regular,2025-09-20T19:30:00.000Z,False,True,False,False,77622,3855,Notre Dame Stadium,87,Notre Dame,fbs,FBS Independents,56,"[14, 21, 21, 0]",1,2141,2126,2509,Purdue,fbs,Big Ten,30,"[7, 16, 0, 7]",0,1310,1325,4.592865576529613,,,,CollegeFootballData.com API,2026-08-31T17:39:28.915688+00:00,/games,1.3
401762823,2025,4,regular,2025-09-20T19:30:00.000Z,False,True,False,False,22312,3876,Peden Stadium,195,Ohio,fbs,Mid-American,52,"[3, 28, 7, 14]",0.9500226378440857,1572,1572,2241,Gardner-Webb,fcs,OVC-Big South,35,"[14, 7, 0, 14]",0.04997736215591431,,,5.182222084728986,,,,CollegeFootballData.com API,2026-08-31T17:39:28.915688+00:00,/games,1.3
401752711,2025,4,regular,2025-09-20T19:30:00.000Z,False,True,False,False,65644,3974,Vaught-Hemingway Stadium,145,Ole Miss,fbs,SEC,45,"[10, 13, 0, 22]",0.9863547682762146,1918,1981,2655,Tulane,fbs,American Athletic,10,"[0, 3, 0, 7]",0.0136452317237854,1642,1579,2.8547933682003763,,,,CollegeFootballData.com API,2026-08-31T17:39:28.915688+00:00,/games,1.3
401761613,2025,4,regular,2025-09-20T19:30:00.000Z,False,True,False,False,12068,3965,UB Stadium,2084,Buffalo,fbs,Mid-American,17,"[7, 0, 7, 3]",0.1638835072517395,1386,1383,2653,Troy,fbs,Sun Belt,21,"[0, 0, 0, 21]",0.8361164927482605,1435,1438,4.636984161676919,,,,CollegeFootballData.com API,2026-08-31T17:39:28.915688+00:00,/games,1.3
401754640,2025,4,regular,2025-09-20T19:30:00.000Z,False,True,False,False,44206,3652,FBC Mortgage Stadium,2116,UCF,fbs,Big 12,34,"[10, 10, 7, 7]",0.9920005798339844,1554,1604,153,North Carolina,fbs,ACC,9,"[0, 3, 6, 0]",0.007999420166015625,1438,1388,3.5528065105861915,,,,CollegeFootballData.com API,2026-08-31T17:39:28.915688+00:00,/games,1.3
401754538,2025,4,regular,2025-09-20T20:00:00.000Z,False,True,False,True,30022,3982,Wallace Wade Stadium,150,Duke,fbs,ACC,45,"[7, 14, 14, 10]",0.9177067875862122,1462,1489,152,NC State,fbs,ACC,33,"[7, 13, 6, 7]",0.08229321241378784,1521,1494,6.954364216208502,,,,CollegeFootballData.com API,2026-08-31T17:39:28.915688+00:00,/games,1.3
401752712,2025,4,regular,2025-09-20T20:15:00.000Z,False,True,False,False,45803,3693,Davis Wade Stadium,344,Mississippi State,fbs,SEC,38,"[7, 7, 10, 14]",0.989556610584259,1436,1512,2459,Northern Illinois,fbs,Mid-American,10,"[3, 7, 0, 0]",0.010443389415740967,1453,1377,4.129907605470833,,,,CollegeFootballData.com API,2026-08-31T17:39:28.915688+00:00,/games,1.3
401754542,2025,4,regular,2025-09-20T20:30:00.000Z,False,True,False,False,45123,721,Bobby Dodd Stadium,59,Georgia Tech,fbs,ACC,45,"[21, 0, 14, 10]",0.993176281452179,1560,1576,218,Temple,fbs,American Athletic,24,"[0, 7, 7, 10]",0.006823718547821045,1221,1205,3.42030537138152,,,,CollegeFootballData.com API,2026-08-31T17:39:28.915688+00:00,/games,1.3
401760375,2025,4,regular,2025-09-20T21:00:00.000Z,False,True,False,False,13155,3935,CEFCU Stadium,23,San José State,fbs,Mountain West,31,"[0, 14, 7, 10]",0.6595107316970825,1416,1416,70,Idaho,fcs,Big Sky,28,"[7, 7, 7, 7]",0.3404892683029175,,,7.84032994519351,,,,CollegeFootballData.com API,2026-08-31T17:39:28.915688+00:00,/games,1.3
401757259,2025,4,regular,2025-09-20T22:00:00.000Z,False,True,False,True,11705,2031,Pitbull Stadium,2229,Florida International,fbs,Conference USA,16,"[7, 0, 3, 6]",0.0519399419426918,1367,1320,48,Delaware,fbs,Conference USA,38,"[3, 21, 7, 7]",0.9480600580573082,1454,1501,3.857832326216719,,,,CollegeFootballData.com API,2026-08-31T17:39:28.915688+00:00,/games,1.3
401756899,2025,4,regular,2025-09-20T22:00:00.000Z,False,True,False,True,40320,3833,Memorial Stadium,2305,Kansas,fbs,Big 12,41,"[7, 13, 14, 7]",0.9924370050430298,1613,1680,277,West Virginia,fbs,Big 12,10,"[0, 3, 0, 7]",0.007562994956970215,1481,1414,3.234558752614132,,,,CollegeFootballData.com API,2026-08-31T17:39:28.915688+00:00,/games,1.3
401757261,2025,4,regular,2025-09-20T22:00:00.000Z,False,True,False,False,10713,4899,Fifth Third Stadium,338,Kennesaw State,fbs,Conference USA,28,"[21, 0, 7, 0]",0.9578986763954163,1200,1213,2032,Arkansas State,fbs,Sun Belt,21,"[0, 7, 7, 7]",0.04210132360458374,1257,1244,5.138697633960838,,,,CollegeFootballData.com API,2026-08-31T17:39:28.915688+00:00,/games,1.3
401762821,2025,4,regular,2025-09-20T22:00:00.000Z,False,True,False,False,8117,3768,InfoCision Stadium,2006,Akron,fbs,Mid-American,51,"[10, 28, 7, 6]",0.988182008266449,1064,1064,2184,Duquesne,fcs,NEC,7,"[0, 0, 7, 0]",0.011817991733551025,,,3.4655296890931564,,,,CollegeFootballData.com API,2026-08-31T17:39:28.915688+00:00,/games,1.3
401757268,2025,4,regular,2025-09-20T23:00:00.000Z,False,True,False,False,17247,3796,Houchens Industries-L.T. Smith Stadium,98,Western Kentucky,fbs,Conference USA,31,"[3, 0, 7, 21]",0.8062244057655334,1390,1411,2440,Nevada,fbs,Mountain West,16,"[3, 7, 3, 3]",0.19377559423446655,1278,1257,6.351029424898943,,,,CollegeFootballData.com API,2026-08-31T17:39:28.915688+00:00,/games,1.3
401757264,2025,4,regular,2025-09-20T23:00:00.000Z,False,True,False,False,15168,3725,"Johnny ""Red"" Floyd Stadium",2393,Middle Tennessee,fbs,Conference USA,28,"[14, 6, 8, 0]",0,1188,1185,276,Marshall,fbs,Sun Belt,42,"[21, 0, 0, 21]",1,1508,1511,7.080076248813927,,,,CollegeFootballData.com API,2026-08-31T17:39:28.915688+00:00,/games,1.3
401757260,2025,4,regular,2025-09-20T23:00:00.000Z,False,True,False,False,21426,3662,AmFirst Stadium,55,Jacksonville State,fbs,Conference USA,45,"[7, 17, 14, 7]",0.9939760565757751,1623,1623,93,Murray State,fcs,MVFC,10,"[3, 0, 7, 0]",0.0060239434242248535,,,3.822360621855891,,,,CollegeFootballData.com API,2026-08-31T17:39:28.915688+00:00,/games,1.3
401761609,2025,4,regular,2025-09-20T23:00:00.000Z,False,True,False,False,23217,3608,Allen E. Paulson Stadium,290,Georgia Southern,fbs,Sun Belt,45,"[7, 10, 14, 14]",0.9953067302703857,1347,1347,311,Maine,fcs,Coastal Athletic,17,"[7, 7, 3, 0]",0.004693269729614258,,,4.557178440175789,,,,CollegeFootballData.com API,2026-08-31T17:39:28.915688+00:00,/games,1.3
401757265,2025,4,regular,2025-09-20T23:00:00.000Z,False,True,False,False,14476,3878,Plaster Sports Complex,2623,Missouri State,fbs,Conference USA,42,"[21, 14, 7, 0]",0.9857033491134644,1316,1316,2630,UT Martin,fcs,OVC-Big South,10,"[0, 0, 0, 10]",0.014296650886535645,,,2.9102985478879524,,,,CollegeFootballData.com API,2026-08-31T17:39:28.915688+00:00,/games,1.3
401760372,2025,4,regular,2025-09-20T23:00:00.000Z,False,True,False,True,24046,3713,Falcon Stadium,2005,Air Force,fbs,Mountain West,37,"[7, 7, 10, 13]",0.19783319532871246,1390,1381,68,Boise State,fbs,Mountain West,49,"[14, 7, 14, 14]",0.8021668046712875,1578,1587,7.33669359799025,,,,CollegeFootballData.com API,2026-08-31T17:39:28.915688+00:00,/games,1.3
401761611,2025,4,regular,2025-09-20T23:00:00.000Z,False,True,False,True,17050,6526,Hancock Whitney Stadium,6,South Alabama,fbs,Sun Belt,20,"[0, 14, 3, 3]",0.07848616689443588,1532,1445,324,Coastal Carolina,fbs,Sun Belt,38,"[0, 7, 14, 17]",0.9215138331055641,1172,1259,6.294906926418065,,,,CollegeFootballData.com API,2026-08-31T17:39:28.915688+00:00,/games,1.3
401752713,2025,4,regular,2025-09-20T23:00:00.000Z,False,True,False,True,57321,3838,Memorial Stadium,142,Missouri,fbs,SEC,29,"[0, 12, 6, 11]",0.890684187412262,1755,1762,2579,South Carolina,fbs,SEC,20,"[0, 14, 6, 0]",0.10931581258773804,1645,1638,6.949105660594177,,,,CollegeFootballData.com API,2026-08-31T17:39:28.915688+00:00,/games,1.3
401756896,2025,4,regular,2025-09-20T23:30:00.000Z,False,True,False,True,40964,4727,McLane Stadium,239,Baylor,fbs,Big 12,24,"[3, 7, 0, 14]",0.8086299300193787,1583,1587,9,Arizona State,fbs,Big 12,27,"[3, 7, 3, 14]",0.19137006998062134,1725,1721,7.112305805049334,,,,CollegeFootballData.com API,2026-08-31T17:39:28.915688+00:00,/games,1.3
401754539,2025,4,regular,2025-09-20T23:30:00.000Z,False,True,False,True,36223,3923,Scott Stadium,258,Virginia,fbs,ACC,48,"[21, 7, 10, 10]",0.9902341961860657,1518,1565,24,Stanford,fbs,ACC,20,"[7, 7, 6, 0]",0.009765803813934326,1296,1249,3.680080334067038,,,,CollegeFootballData.com API,2026-08-31T17:39:28.915688+00:00,/games,1.3
401752716,2025,4,regular,2025-09-20T23:30:00.000Z,False,True,False,False,35000,3973,FirstBank Stadium,238,Vanderbilt,fbs,SEC,70,"[21, 21, 14, 14]",0.9940741062164307,1654,1741,2247,Georgia State,fbs,Sun Belt,21,"[3, 6, 6, 6]",0.005925893783569336,1213,1126,3.8432566987879238,,,,CollegeFootballData.com API,2026-08-31T17:39:28.915688+00:00,/games,1.3
401752709,2025,4,regular,2025-09-20T23:30:00.000Z,False,True,False,False,66713,3948,Hard Rock Stadium,2390,Miami,fbs,ACC,26,"[7, 6, 0, 13]",1,1825,1852,57,Florida,fbs,SEC,7,"[0, 0, 7, 0]",0,1656,1629,4.365869757445546,,,,CollegeFootballData.com API,2026-08-31T17:39:28.915688+00:00,/games,1.3
401752842,2025,4,regular,2025-09-20T23:30:00.000Z,False,True,False,False,32952,3820,Gesa Field,265,Washington State,fbs,Pac-12,24,"[0, 10, 14, 0]",0,1379,1307,264,Washington,fbs,Big Ten,59,"[14, 10, 7, 28]",1,1604,1676,4.161728481343954,,,,CollegeFootballData.com API,2026-08-31T17:39:28.915688+00:00,/games,1.3
401757263,2025,4,regular,2025-09-20T23:30:00.000Z,False,True,False,False,17108,3776,Joe Aillet Stadium,2348,Louisiana Tech,fbs,Conference USA,30,"[17, 13, 0, 0]",0.8937344551086426,1471,1468,2572,Southern Miss,fbs,Sun Belt,20,"[10, 0, 3, 7]",0.10626554489135742,1178,1181,4.387080863629978,,,,CollegeFootballData.com API,2026-08-31T17:39:28.915688+00:00,/games,1.3
401756898,2025,4,regular,2025-09-20T23:30:00.000Z,False,True,False,False,47213,3699,Dowdy-Ficklen Stadium,151,East Carolina,fbs,American Athletic,13,"[3, 0, 3, 7]",0.014823171310126781,1519,1482,252,BYU,fbs,Big 12,34,"[3, 10, 7, 14]",0.9851768286898732,1666,1703,4.208961929345976,,,,CollegeFootballData.com API,2026-08-31T17:39:28.915688+00:00,/games,1.3
401752843,2025,4,regular,2025-09-20T23:30:00.000Z,False,True,False,True,56088,3830,"Memorial Stadium (Bloomington, IN)",84,Indiana,fbs,Big Ten,63,"[14, 21, 14, 14]",0.9921911954879761,1869,2010,356,Illinois,fbs,Big Ten,10,"[7, 3, 0, 0]",0.007808804512023926,1708,1567,3.2365652411064496,,,,CollegeFootballData.com API,2026-08-31T17:39:28.915688+00:00,/games,1.3
401752710,2025,4,regular,2025-09-20T23:45:00.000Z,False,True,False,False,102219,3958,Tiger Stadium (LA),99,LSU,fbs,SEC,56,"[7, 28, 7, 14]",0.9890648722648621,1747,1747,2545,SE Louisiana,fcs,Southland,10,"[0, 0, 7, 3]",0.01093512773513794,,,2.9933303145607626,,,,CollegeFootballData.com API,2026-08-31T17:39:28.915688+00:00,/games,1.3
401760377,2025,4,regular,2025-09-21T00:00:00.000Z,False,True,False,False,16273,3905,Maverik Stadium,328,Utah State,fbs,Mountain West,48,"[13, 21, 14, 0]",0.9917429685592651,1436,1436,2377,McNeese,fcs,Southland,7,"[0, 7, 0, 0]",0.008257031440734863,,,3.464450368379769,,,,CollegeFootballData.com API,2026-08-31T17:39:28.915688+00:00,/games,1.3
401761612,2025,4,regular,2025-09-21T00:00:00.000Z,False,True,False,False,31500,3644,Bobcat Stadium (TX),326,Texas State,fbs,Sun Belt,35,"[7, 21, 7, 0]",0.9768553972244263,1590,1590,2447,Nicholls,fcs,Southland,3,"[3, 0, 0, 0]",0.02314460277557373,,,3.4258046713262478,,,,CollegeFootballData.com API,2026-08-31T17:39:28.915688+00:00,/games,1.3
401752723,2025,4,regular,2025-09-21T00:00:00.000Z,False,True,False,False,103003,3910,DKR-Texas Memorial Stadium,251,Texas,fbs,SEC,55,"[14, 17, 17, 7]",0.9902904629707336,1878,1972,2534,Sam Houston,fbs,Conference USA,0,"[0, 0, 0, 0]",0.009709537029266357,1337,1243,2.8833695642232984,,,,CollegeFootballData.com API,2026-08-31T17:39:28.915688+00:00,/games,1.3
401757267,2025,4,regular,2025-09-21T01:00:00.000Z,False,True,False,False,15272,3946,Sun Bowl,2638,UTEP,fbs,Conference USA,25,"[7, 0, 3, 15]",0.014832880347967148,1248,1227,2433,UL Monroe,fbs,Sun Belt,31,"[14, 10, 7, 0]",0.9851671196520329,1116,1137,5.968620563481887,,,,CollegeFootballData.com API,2026-08-31T17:39:28.915688+00:00,/games,1.3
401760373,2025,4,regular,2025-09-21T01:30:00.000Z,False,True,False,False,32061,5388,Canvas Stadium,36,Colorado State,fbs,Mountain West,16,"[0, 3, 0, 13]",0.8162055611610413,1363,1368,2636,UTSA,fbs,American Athletic,17,"[0, 10, 0, 7]",0.18379443883895874,1499,1494,7.314316560895462,,,,CollegeFootballData.com API,2026-08-31T17:39:28.915688+00:00,/games,1.3
401756897,2025,4,regular,2025-09-21T02:15:00.000Z,False,True,False,False,53442,3726,Folsom Field,38,Colorado,fbs,Big 12,37,"[0, 21, 7, 9]",0.9935250282287598,1604,1617,2751,Wyoming,fbs,Mountain West,20,"[0, 3, 10, 7]",0.006474971771240234,1339,1326,3.8866590835890054,,,,CollegeFootballData.com API,2026-08-31T17:39:28.915688+00:00,/games,1.3
401754540,2025,4,regular,2025-09-21T02:30:00.000Z,False,True,False,False,31369,7311,Snapdragon Stadium,21,San Diego State,fbs,Mountain West,34,"[0, 13, 14, 7]",0.9996335506439209,1283,1422,25,California,fbs,ACC,0,"[0, 0, 0, 0]",0.00036644935607910156,1586,1447,3.5363572091938447,,,,CollegeFootballData.com API,2026-08-31T17:39:28.915688+00:00,/games,1.3
401752847,2025,4,regular,2025-09-21T03:00:00.000Z,False,True,False,True,67614,477,Los Angeles Memorial Coliseum,30,USC,fbs,Big Ten,45,"[10, 14, 7, 14]",0.9655723571777344,1878,1869,127,Michigan State,fbs,Big Ten,31,"[7, 3, 14, 7]",0.034427642822265625,1405,1414,4.329006196144637,,,,CollegeFootballData.com API,2026-08-31T17:39:28.915688+00:00,/games,1.3
401760374,2025,4,regular,2025-09-21T03:59:00.000Z,False,True,False,True,13789,7220,Clarence T.C. Ching Athletics Complex,62,Hawai'i,fbs,Mountain West,21,"[0, 9, 6, 6]",0.03809016942977905,1238,1250,278,Fresno State,fbs,Mountain West,23,"[0, 7, 6, 10]",0.961909830570221,1522,1510,6.726265961961575,,,,CollegeFootballData.com API,2026-08-31T17:39:28.915688+00:00,/games,1.3
401762471,2025,5,regular,2025-09-25T23:30:00.000Z,False,True,False,True,32497,3699,Dowdy-Ficklen Stadium,151,East Carolina,fbs,American Athletic,28,"[21, 0, 0, 7]",0.9856498837471008,1482,1548,349,Army,fbs,American Athletic,6,"[0, 0, 6, 0]",0.01435011625289917,1599,1533,2.818815115022702,,,,CollegeFootballData.com API,2026-08-31T17:39:28.915688+00:00,/games,1.3
401754543,2025,5,regular,2025-09-26T23:00:00.000Z,False,True,False,True,50107,3923,Scott Stadium,258,Virginia,fbs,ACC,46,"[7, 14, 7, 7, 3, 8]",0.3987348675727844,1565,1578,52,Florida State,fbs,ACC,38,"[0, 21, 7, 7, 3, 0]",0.6012651324272156,1577,1564,11.482102852327786,,,,CollegeFootballData.com API,2026-08-31T17:39:28.915688+00:00,/games,1.3
401756902,2025,5,regular,2025-09-27T01:00:00.000Z,False,True,False,True,53774,3947,Mountain America Stadium,9,Arizona State,fbs,Big 12,27,"[0, 14, 3, 10]",0.8925284147262573,1721,1722,2628,TCU,fbs,Big 12,24,"[7, 10, 7, 0]",0.10747158527374268,1733,1732,7.2247709465896754,,,,CollegeFootballData.com API,2026-08-31T17:39:28.915688+00:00,/games,1.3
401752939,2025,5,regular,2025-09-27T02:30:00.000Z,False,True,False,False,29338,3893,Reser Stadium,204,Oregon State,fbs,Pac-12,24,"[7, 7, 3, 7, 0]",0.9730728268623352,1297,1304,248,Houston,fbs,Big 12,27,"[0, 10, 0, 14, 3]",0.026927173137664795,1497,1490,6.212626502878512,,,,CollegeFootballData.com API,2026-08-31T17:39:28.915688+00:00,/games,1.3
401756906,2025,5,regular,2025-09-27T16:00:00.000Z,False,True,False,True,53013,3636,Bill Snyder Family Stadium,2306,Kansas State,fbs,Big 12,34,"[0, 17, 14, 3]",0.954622745513916,1640,1665,2116,UCF,fbs,Big 12,20,"[0, 7, 10, 3]",0.045377254486083984,1604,1579,4.375843907782124,,,,CollegeFootballData.com API,2026-08-31T17:39:28.915688+00:00,/games,1.3
401761617,2025,5,regular,2025-09-27T16:00:00.000Z,False,True,False,False,16575,3825,DATCU Stadium,249,North Texas,fbs,American Athletic,36,"[7, 7, 14, 8]",0.9907292127609253,1601,1616,6,South Alabama,fbs,Sun Belt,22,"[7, 0, 7, 8]",0.009270787239074707,1445,1430,5.824672877191597,,,,CollegeFootballData.com API,2026-08-31T17:39:28.915688+00:00,/games,1.3
401762825,2025,5,regular,2025-09-27T16:00:00.000Z,False,True,False,True,20027,3876,Peden Stadium,195,Ohio,fbs,Mid-American,35,"[14, 7, 7, 7]",0.9893947243690491,1587,1604,189,Bowling Green,fbs,Mid-American,20,"[10, 3, 0, 7]",0.010605275630950928,1428,1411,4.665737287908178,,,,CollegeFootballData.com API,2026-08-31T17:39:28.915688+00:00,/games,1.3
401754546,2025,5,regular,2025-09-27T16:00:00.000Z,False,True,False,True,30264,3630,Allegacy Federal Credit Union Stadium,154,Wake Forest,fbs,ACC,29,"[0, 17, 3, 3, 6]",0.8997204899787903,1383,1391,59,Georgia Tech,fbs,ACC,30,"[3, 0, 14, 6, 7]",0.10027951002120972,1576,1568,7.33496724032895,,,,CollegeFootballData.com API,2026-08-31T17:39:28.915688+00:00,/games,1.3
401754545,2025,5,regular,2025-09-27T16:00:00.000Z,False,True,False,True,44451,1964,JMA Wireless Dome,183,Syracuse,fbs,ACC,3,"[3, 0, 0, 0]",0,1535,1426,150,Duke,fbs,ACC,38,"[10, 14, 7, 7]",1,1489,1598,4.2228872621589435,,,,CollegeFootballData.com API,2026-08-31T17:39:28.915688+00:00,/games,1.3
401756905,2025,5,regular,2025-09-27T16:00:00.000Z,False,True,False,True,41525,3833,Memorial Stadium,2305,Kansas,fbs,Big 12,34,"[7, 6, 14, 7]",0.6432141065597534,1680,1664,2132,Cincinnati,fbs,Big 12,37,"[7, 13, 10, 7]",0.3567858934402466,1504,1520,8.502777237602228,,,,CollegeFootballData.com API,2026-08-31T17:39:28.915688+00:00,/games,1.3
401752850,2025,5,regular,2025-09-27T16:00:00.000Z,False,True,False,True,60670,3832,"Memorial Stadium (Champaign, IL)",356,Illinois,fbs,Big Ten,34,"[7, 7, 10, 10]",0.6197293996810913,1567,1571,30,USC,fbs,Big Ten,32,"[7, 3, 7, 15]",0.3802706003189087,1869,1865,6.472032101331806,,,,CollegeFootballData.com API,2026-08-31T17:39:28.915688+00:00,/games,1.3
401754547,2025,5,regular,2025-09-27T16:00:00.000Z,False,True,False,True,45301,3752,Acrisure Stadium,221,Pittsburgh,fbs,ACC,27,"[17, 10, 0, 0]",0.19548064470291138,1506,1511,97,Louisville,fbs,ACC,34,"[0, 17, 3, 14]",0.8045193552970886,1755,1750,5.393030338489725,,,,CollegeFootballData.com API,2026-08-31T17:39:28.915688+00:00,/games,1.3
401752849,2025,5,regular,2025-09-27T16:00:00.000Z,False,True,False,True,46234,3953,Huntington Bank Stadium,135,Minnesota,fbs,Big Ten,31,"[0, 14, 10, 7]",0.7687037587165833,1593,1594,164,Rutgers,fbs,Big Ten,28,"[7, 14, 0, 7]",0.23129624128341675,1583,1582,7.7372829888998975,,,,CollegeFootballData.com API,2026-08-31T17:39:28.915688+00:00,/games,1.3
401752717,2025,5,regular,2025-09-27T16:00:00.000Z,False,True,False,False,75111,3887,Razorback Stadium,8,Arkansas,fbs,SEC,13,"[3, 10, 0, 0]",0.07294102758169174,1677,1608,87,Notre Dame,fbs,FBS Independents,56,"[14, 28, 7, 7]",0.9270589724183083,2126,2195,3.1141392481338106,,,,CollegeFootballData.com API,2026-08-31T17:39:28.915688+00:00,/games,1.3
401752725,2025,5,regular,2025-09-27T16:45:00.000Z,False,True,False,False,33688,3973,FirstBank Stadium,238,Vanderbilt,fbs,SEC,55,"[7, 24, 17, 7]",0.9848642945289612,1741,1758,328,Utah State,fbs,Mountain West,35,"[7, 14, 0, 14]",0.015135705471038818,1442,1425,5.243450773818561,,,,CollegeFootballData.com API,2026-08-31T17:39:28.915688+00:00,/games,1.3
401762826,2025,5,regular,2025-09-27T17:00:00.000Z,False,True,False,True,28605,3786,Kelly/Shorts Stadium,2117,Central Michigan,fbs,Mid-American,24,"[14, 7, 0, 3]",0.9685516953468323,1094,1124,2199,Eastern Michigan,fbs,Mid-American,13,"[3, 3, 7, 0]",0.031448304653167725,1223,1193,3.138328417036706,,,,CollegeFootballData.com API,2026-08-31T17:39:28.915688+00:00,/games,1.3
401761614,2025,5,regular,2025-09-27T17:30:00.000Z,False,True,False,True,25029,3651,Bridgeforth Stadium,256,James Madison,fbs,Sun Belt,35,"[7, 14, 14, 0]",0.9939213395118713,1636,1669,290,Georgia Southern,fbs,Sun Belt,10,"[0, 3, 7, 0]",0.006078660488128662,1357,1324,3.3107124992600028,,,,CollegeFootballData.com API,2026-08-31T17:39:28.915688+00:00,/games,1.3
401761616,2025,5,regular,2025-09-27T19:00:00.000Z,False,True,False,True,21147,3817,Malone Stadium,2433,UL Monroe,fbs,Sun Belt,28,"[0, 14, 7, 7]",0.9769008755683899,1137,1168,2032,Arkansas State,fbs,Sun Belt,16,"[10, 0, 3, 3]",0.023099124431610107,1244,1213,6.21577713542159,,,,CollegeFootballData.com API,2026-08-31T17:39:28.915688+00:00,/games,1.3
401760380,2025,5,regular,2025-09-27T19:30:00.000Z,False,True,False,False,13512,3764,Huskie Stadium,2459,Northern Illinois,fbs,Mid-American,3,"[3, 0, 0, 0]",0.4219529628753662,1377,1375,21,San Diego State,fbs,Mountain West,6,"[0, 3, 0, 3]",0.5780470371246338,1422,1424,5.207526340091206,,,,CollegeFootballData.com API,2026-08-31T17:39:28.915688+00:00,/games,1.3
401754544,2025,5,regular,2025-09-27T19:30:00.000Z,False,True,False,True,44500,3615,"Alumni Stadium (Chestnut Hill, MA)",103,Boston College,fbs,ACC,24,"[14, 3, 0, 7]",0.4741590917110443,1470,1462,25,California,fbs,ACC,28,"[7, 7, 0, 14]",0.5258409082889557,1447,1455,6.918061132137002,,,,CollegeFootballData.com API,2026-08-31T17:39:28.915688+00:00,/games,1.3
401762827,2025,5,regular,2025-09-27T19:30:00.000Z,False,True,False,False,10504,3996,Yager Stadium,193,Miami (OH),fbs,Mid-American,38,"[7, 10, 14, 7]",0.9914972186088562,1495,1495,2815,Lindenwood,fcs,OVC-Big South,0,"[0, 0, 0, 0]",0.008502781391143799,,,3.295055142641819,,,,CollegeFootballData.com API,2026-08-31T17:39:28.915688+00:00,/games,1.3
401756908,2025,5,regular,2025-09-27T19:30:00.000Z,False,True,False,True,53965,3842,Milan Puskar Stadium,277,West Virginia,fbs,Big 12,14,"[0, 0, 7, 7]",0.013404934667050838,1414,1341,254,Utah,fbs,Big 12,48,"[14, 14, 10, 10]",0.9865950653329492,1607,1680,3.294367911328435,,,,CollegeFootballData.com API,2026-08-31T17:39:28.915688+00:00,/games,1.3
401762473,2025,5,regular,2025-09-27T19:30:00.000Z,False,True,False,True,28873,3852,Navy-Marine Corps Memorial Stadium,2426,Navy,fbs,American Athletic,21,"[7, 7, 0, 7]",0.9932585954666138,1550,1547,242,Rice,fbs,American Athletic,13,"[0, 0, 3, 10]",0.0067414045333862305,1288,1291,3.2905691020692287,,,,CollegeFootballData.com API,2026-08-31T17:39:28.915688+00:00,/games,1.3
401752852,2025,5,regular,2025-09-27T19:30:00.000Z,False,True,False,True,72485,3765,Husky Stadium,264,Washington,fbs,Big Ten,6,"[0, 3, 3, 0]",0,1676,1665,194,Ohio State,fbs,Big Ten,24,"[0, 7, 7, 10]",1,2010,2021,3.5693821702972266,,,,CollegeFootballData.com API,2026-08-31T17:39:28.915688+00:00,/games,1.3
401756907,2025,5,regular,2025-09-27T19:30:00.000Z,False,True,False,True,45689,3646,Boone Pickens Stadium,197,Oklahoma State,fbs,Big 12,27,"[7, 13, 7, 0]",0.02303645946085453,1176,1173,239,Baylor,fbs,Big 12,45,"[7, 21, 7, 10]",0.9769635405391455,1587,1590,6.252031557586193,,,,CollegeFootballData.com API,2026-08-31T17:39:28.915688+00:00,/games,1.3
401762824,2025,5,regular,2025-09-27T19:30:00.000Z,False,True,False,True,24535,3739,Glass Bowl,2649,Toledo,fbs,Mid-American,45,"[14, 21, 3, 7]",0.9890300631523132,1497,1562,2006,Akron,fbs,Mid-American,3,"[0, 3, 0, 0]",0.010969936847686768,1060,995,2.5281850060338633,,,,CollegeFootballData.com API,2026-08-31T17:39:28.915688+00:00,/games,1.3
401757170,2025,5,regular,2025-09-27T19:30:00.000Z,False,True,False,False,12717,3965,UB Stadium,2084,Buffalo,fbs,Mid-American,17,"[0, 7, 3, 7]",0.30812010169029236,1383,1382,41,UConn,fbs,FBS Independents,20,"[0, 7, 10, 3]",0.6918798983097076,1436,1437,5.418023678480578,,,,CollegeFootballData.com API,2026-08-31T17:39:28.915688+00:00,/games,1.3
401752724,2025,5,regular,2025-09-27T19:30:00.000Z,False,True,False,True,108449,3795,Kyle Field,245,Texas A&M,fbs,SEC,16,"[7, 6, 0, 3]",0.9677963852882385,1749,1753,2,Auburn,fbs,SEC,10,"[0, 3, 0, 7]",0.032203614711761475,1680,1676,4.577847616080531,,,,CollegeFootballData.com API,2026-08-31T17:39:28.915688+00:00,/games,1.3
401752851,2025,5,regular,2025-09-27T19:30:00.000Z,False,True,False,True,12023,5960,Lanny and Sharon Martin Stadium,77,Northwestern,fbs,Big Ten,17,"[3, 14, 0, 0]",0.5944004058837891,1411,1411,26,UCLA,fbs,Big Ten,14,"[0, 3, 3, 8]",0.40559959411621094,1331,1331,3.8213794817334423,,,,CollegeFootballData.com API,2026-08-31T17:39:28.915688+00:00,/games,1.3
401752853,2025,5,regular,2025-09-27T19:30:00.000Z,False,True,False,True,69250,3793,Kinnick Stadium,2294,Iowa,fbs,Big Ten,15,"[3, 7, 0, 5]",0.13925829529762268,1733,1743,84,Indiana,fbs,Big Ten,20,"[7, 3, 0, 10]",0.8607417047023773,2010,2000,7.018765473483252,,,,CollegeFootballData.com API,2026-08-31T17:39:28.915688+00:00,/games,1.3
401752719,2025,5,regular,2025-09-27T19:30:00.000Z,False,True,False,True,67737,3974,Vaught-Hemingway Stadium,145,Ole Miss,fbs,SEC,24,"[3, 14, 0, 7]",0.9501707553863525,1981,1977,99,LSU,fbs,SEC,19,"[7, 0, 6, 6]",0.04982924461364746,1747,1751,6.351142399940396,,,,CollegeFootballData.com API,2026-08-31T17:39:28.915688+00:00,/games,1.3
401760378,2025,5,regular,2025-09-27T20:00:00.000Z,False,True,False,True,22677,3713,Falcon Stadium,2005,Air Force,fbs,Mountain West,35,"[7, 0, 7, 21]",0.4892660975456238,1381,1351,62,Hawai'i,fbs,Mountain West,44,"[14, 3, 7, 20]",0.5107339024543762,1250,1280,6.016653245970114,,,,CollegeFootballData.com API,2026-08-31T17:39:28.915688+00:00,/games,1.3
401757274,2025,5,regular,2025-09-27T20:00:00.000Z,False,True,False,False,37440,3971,University Stadium (NM),167,New Mexico,fbs,Mountain West,38,"[7, 7, 10, 14]",0.9894112348556519,1408,1426,166,New Mexico State,fbs,Conference USA,20,"[7, 10, 0, 3]",0.010588765144348145,1165,1147,6.651083798281779,,,,CollegeFootballData.com API,2026-08-31T17:39:28.915688+00:00,/games,1.3
401762474,2025,5,regular,2025-09-27T20:00:00.000Z,False,True,False,True,16311,3674,Chapman Stadium,202,Tulsa,fbs,American Athletic,14,"[7, 7, 0, 0]",0.006806503981351852,1072,1079,2655,Tulane,fbs,American Athletic,31,"[7, 17, 7, 0]",0.9931934960186481,1579,1572,5.984301461097488,,,,CollegeFootballData.com API,2026-08-31T17:39:28.915688+00:00,/games,1.3
401752720,2025,5,regular,2025-09-27T20:15:00.000Z,False,True,False,True,60417,3693,Davis Wade Stadium,344,Mississippi State,fbs,SEC,34,"[7, 10, 7, 10, 0]",0.230798602104187,1512,1523,2633,Tennessee,fbs,SEC,41,"[10, 7, 3, 14, 7]",0.769201397895813,1838,1827,12.221003244928562,,,,CollegeFootballData.com API,2026-08-31T17:39:28.915688+00:00,/games,1.3
401757271,2025,5,regular,2025-09-27T22:00:00.000Z,False,True,False,False,18435,3918,S.B. Ballard Stadium,295,Old Dominion,fbs,Sun Belt,21,"[0, 14, 0, 7]",0.9896408915519714,1530,1551,2335,Liberty,fbs,Conference USA,7,"[0, 0, 7, 0]",0.010359108448028564,1442,1421,4.860975275039004,,,,CollegeFootballData.com API,2026-08-31T17:39:28.915688+00:00,/games,1.3
401757270,2025,5,regular,2025-09-27T22:00:00.000Z,False,True,False,True,11040,4899,Fifth Third Stadium,338,Kennesaw State,fbs,Conference USA,24,"[21, 0, 0, 3]",0.8154813647270203,1213,1223,2393,Middle Tennessee,fbs,Conference USA,16,"[3, 7, 0, 6]",0.18451863527297974,1185,1175,3.9535830288097205,,,,CollegeFootballData.com API,2026-08-31T17:39:28.915688+00:00,/games,1.3
401762828,2025,5,regular,2025-09-27T22:30:00.000Z,False,True,False,False,20191,3980,Waldo Stadium,2711,Western Michigan,fbs,Mid-American,47,"[3, 28, 13, 3]",0.9985979199409485,1255,1255,227,Rhode Island,fcs,Coastal Athletic,14,"[7, 0, 0, 7]",0.0014020800590515137,,,3.932190889151084,,,,CollegeFootballData.com API,2026-08-31T17:39:28.915688+00:00,/games,1.3
401756904,2025,5,regular,2025-09-27T23:00:00.000Z,False,True,False,True,61500,3772,Jack Trice Stadium,66,Iowa State,fbs,Big 12,39,"[8, 14, 14, 3]",0.9961305260658264,1608,1655,12,Arizona,fbs,Big 12,14,"[0, 7, 7, 0]",0.003869473934173584,1469,1422,3.4737545211492207,,,,CollegeFootballData.com API,2026-08-31T17:39:28.915688+00:00,/games,1.3
401757273,2025,5,regular,2025-09-27T23:00:00.000Z,False,True,False,True,10068,3878,Plaster Sports Complex,2623,Missouri State,fbs,Conference USA,22,"[0, 9, 7, 6]",0.07517991960048676,1338,1335,98,Western Kentucky,fbs,Conference USA,27,"[0, 10, 14, 3]",0.9248200803995132,1411,1414,6.079149938303324,,,,CollegeFootballData.com API,2026-08-31T17:39:28.915688+00:00,/games,1.3
401754548,2025,5,regular,2025-09-27T23:00:00.000Z,False,True,False,True,56919,3670,Carter-Finley Stadium,152,NC State,fbs,ACC,21,"[7, 0, 7, 7]",0.41979116201400757,1494,1489,259,Virginia Tech,fbs,ACC,23,"[3, 10, 7, 3]",0.5802088379859924,1452,1457,6.646683052975088,,,,CollegeFootballData.com API,2026-08-31T17:39:28.915688+00:00,/games,1.3
401762472,2025,5,regular,2025-09-27T23:00:00.000Z,False,True,False,True,17733,3715,FAU Stadium,2226,Florida Atlantic,fbs,American Athletic,26,"[7, 9, 3, 7]",0,1231,1201,235,Memphis,fbs,American Athletic,55,"[10, 7, 7, 31]",1,1659,1689,6.5867582029500635,,,,CollegeFootballData.com API,2026-08-31T17:39:28.915688+00:00,/games,1.3
401757269,2025,5,regular,2025-09-27T23:00:00.000Z,False,True,False,False,25034,3815,M. M. Roberts Stadium,2572,Southern Miss,fbs,Sun Belt,42,"[14, 7, 14, 7]",0.9930472373962402,1181,1265,55,Jacksonville State,fbs,Conference USA,25,"[3, 0, 8, 14]",0.006952762603759766,1613,1529,3.523140658384396,,,,CollegeFootballData.com API,2026-08-31T17:39:28.915688+00:00,/games,1.3
401752950,2025,5,regular,2025-09-27T23:30:00.000Z,False,True,False,False,32087,5388,Canvas Stadium,36,Colorado State,fbs,Mountain West,3,"[3, 0, 0, 0]",0.049715470522642136,1368,1320,265,Washington State,fbs,Pac-12,20,"[10, 10, 0, 0]",0.9502845294773579,1307,1355,4.024978427575145,,,,CollegeFootballData.com API,2026-08-31T17:39:28.915688+00:00,/games,1.3
401752854,2025,5,regular,2025-09-27T23:30:00.000Z,False,True,False,True,111015,3632,Beaver Stadium,213,Penn State,fbs,Big Ten,24,"[0, 3, 0, 14, 7, 0]",0.2777531147003174,2087,2070,2483,Oregon,fbs,Big Ten,30,"[0, 3, 7, 7, 7, 6]",0.7222468852996826,2001,2018,6.821436627621328,,,,CollegeFootballData.com API,2026-08-31T17:39:28.915688+00:00,/games,1.3
401752721,2025,5,regular,2025-09-27T23:30:00.000Z,False,True,False,False,57321,3838,Memorial Stadium,142,Missouri,fbs,SEC,42,"[14, 7, 14, 7]",0.9878277778625488,1762,1781,113,Massachusetts,fbs,Mid-American,6,"[6, 0, 0, 0]",0.012172222137451172,1058,1039,3.1107749721445184,,,,CollegeFootballData.com API,2026-08-31T17:39:28.915688+00:00,/games,1.3
401760379,2025,5,regular,2025-09-27T23:30:00.000Z,False,True,False,False,32904,3653,Albertsons Stadium,68,Boise State,fbs,Mountain West,47,"[14, 10, 9, 14]",0.9969602227210999,1587,1653,2026,App State,fbs,Sun Belt,14,"[0, 7, 7, 0]",0.0030397772789001465,1390,1324,3.521296637474729,,,,CollegeFootballData.com API,2026-08-31T17:39:28.915688+00:00,/games,1.3
401752718,2025,5,regular,2025-09-27T23:30:00.000Z,False,True,False,True,93033,3917,Sanford Stadium,61,Georgia,fbs,SEC,21,"[0, 14, 7, 0]",0.22983206808567047,2043,2033,333,Alabama,fbs,SEC,24,"[7, 17, 0, 0]",0.7701679319143295,1948,1958,6.310283181926513,,,,CollegeFootballData.com API,2026-08-31T17:39:28.915688+00:00,/games,1.3
401754549,2025,5,regular,2025-09-27T23:30:00.000Z,False,True,False,False,26357,3940,Stanford Stadium,24,Stanford,fbs,ACC,30,"[7, 7, 0, 16]",0.5865718722343445,1249,1255,23,San José State,fbs,Mountain West,29,"[10, 10, 0, 9]",0.4134281277656555,1429,1423,8.263393671122726,,,,CollegeFootballData.com API,2026-08-31T17:39:28.915688+00:00,/games,1.3
401752722,2025,5,regular,2025-09-27T23:45:00.000Z,False,True,False,True,79266,3994,Williams-Brice Stadium,2579,South Carolina,fbs,SEC,35,"[7, 21, 0, 7]",0.98853600025177,1638,1682,96,Kentucky,fbs,SEC,13,"[10, 0, 3, 0]",0.01146399974822998,1557,1513,4.308897836720662,,,,CollegeFootballData.com API,2026-08-31T17:39:28.915688+00:00,/games,1.3
401761615,2025,5,regular,2025-09-28T00:00:00.000Z,False,True,False,True,20125,3666,Cajun Field,309,Louisiana,fbs,Sun Belt,54,"[3, 14, 3, 21, 7, 6]",0.032249175012111664,1364,1367,276,Marshall,fbs,Sun Belt,51,"[3, 14, 17, 7, 7, 3]",0.9677508249878883,1511,1508,7.244884201835037,,,,CollegeFootballData.com API,2026-08-31T17:39:28.915688+00:00,/games,1.3
401757272,2025,5,regular,2025-09-28T01:00:00.000Z,False,True,False,True,13013,3946,Sun Bowl,2638,UTEP,fbs,Conference USA,11,"[0, 0, 0, 11]",0.09283702075481415,1227,1205,2348,Louisiana Tech,fbs,Conference USA,30,"[7, 0, 3, 20]",0.9071629792451859,1468,1490,4.2935016288278005,,,,CollegeFootballData.com API,2026-08-31T17:39:28.915688+00:00,/games,1.3
401756903,2025,5,regular,2025-09-28T02:15:00.000Z,False,True,False,True,52265,3726,Folsom Field,38,Colorado,fbs,Big 12,21,"[14, 0, 7, 0]",0.23440313339233398,1617,1618,252,BYU,fbs,Big 12,24,"[3, 7, 7, 7]",0.765596866607666,1703,1702,5.397702544157396,,,,CollegeFootballData.com API,2026-08-31T17:39:28.915688+00:00,/games,1.3
401757275,2025,6,regular,2025-10-03T01:00:00.000Z,False,True,False,True,9089,3601,Aggie Memorial Stadium,166,New Mexico State,fbs,Conference USA,37,"[0, 10, 3, 24]",0.9957097768783569,1147,1229,2534,Sam Houston,fbs,Conference USA,10,"[0, 3, 7, 0]",0.004290223121643066,1243,1161,4.112097838653908,,,,CollegeFootballData.com API,2026-08-31T17:39:28.915688+00:00,/games,1.3
401757276,2025,6,regular,2025-10-03T23:00:00.000Z,False,True,False,True,19176,3695,Delaware Stadium,48,Delaware,fbs,Conference USA,24,"[7, 10, 0, 7]",0.081935353577137,1501,1491,98,Western Kentucky,fbs,Conference USA,27,"[0, 10, 17, 0]",0.918064646422863,1414,1424,5.912223443709713,,,,CollegeFootballData.com API,2026-08-31T17:39:28.915688+00:00,/games,1.3
401762475,2025,6,regular,2025-10-03T23:00:00.000Z,False,True,False,True,34577,3886,Raymond James Stadium,58,South Florida,fbs,American Athletic,54,"[23, 10, 0, 21]",0.961682915687561,1482,1521,2429,Charlotte,fbs,American Athletic,26,"[0, 7, 3, 16]",0.038317084312438965,1183,1144,3.245227656426531,,,,CollegeFootballData.com API,2026-08-31T17:39:28.915688+00:00,/games,1.3
401760384,2025,6,regular,2025-10-04T02:00:00.000Z,False,True,False,True,12109,3935,CEFCU Stadium,23,San José State,fbs,Mountain West,35,"[7, 14, 14, 0]",0.9446935653686523,1423,1433,167,New Mexico,fbs,Mountain West,28,"[0, 17, 0, 11]",0.055306434631347656,1426,1416,4.643820742347832,,,,CollegeFootballData.com API,2026-08-31T17:39:28.915688+00:00,/games,1.3
401756909,2025,6,regular,2025-10-04T02:30:00.000Z,False,True,False,True,63917,3801,LaVell Edwards Stadium,252,BYU,fbs,Big 12,38,"[14, 14, 3, 7]",0.9516913294792175,1702,1701,277,West Virginia,fbs,Big 12,24,"[0, 10, 7, 7]",0.04830867052078247,1341,1342,3.686912742591524,,,,CollegeFootballData.com API,2026-08-31T17:39:28.915688+00:00,/games,1.3
401760382,2025,6,regular,2025-10-04T02:30:00.000Z,False,True,False,True,29019,7311,Snapdragon Stadium,21,San Diego State,fbs,Mountain West,45,"[7, 21, 10, 7]",0.9995191097259521,1424,1463,36,Colorado State,fbs,Mountain West,24,"[0, 10, 0, 14]",0.00048089027404785156,1320,1281,3.848804896588957,,,,CollegeFootballData.com API,2026-08-31T17:39:28.915688+00:00,/games,1.3
401760381,2025,6,regular,2025-10-04T16:00:00.000Z,False,True,False,False,37517,3852,Navy-Marine Corps Memorial Stadium,2426,Navy,fbs,American Athletic,34,"[3, 14, 7, 10]",0.6760159134864807,1547,1546,2005,Air Force,fbs,Mountain West,31,"[7, 3, 7, 14]",0.3239840865135193,1351,1352,7.489516700335208,,,,CollegeFootballData.com API,2026-08-31T17:39:28.915688+00:00,/games,1.3
401752861,2025,6,regular,2025-10-04T16:00:00.000Z,False,True,False,True,56551,3907,Ross-Ade Stadium,2509,Purdue,fbs,Big Ten,27,"[7, 7, 7, 6]",0.17251542210578918,1325,1311,356,Illinois,fbs,Big Ten,43,"[0, 27, 13, 3]",0.8274845778942108,1571,1585,4.648508792456986,,,,CollegeFootballData.com API,2026-08-31T17:39:28.915688+00:00,/games,1.3
401752728,2025,6,regular,2025-10-04T16:00:00.000Z,False,True,False,True,93033,3917,Sanford Stadium,61,Georgia,fbs,SEC,35,"[14, 7, 14, 0]",1,2033,2033,96,Kentucky,fbs,SEC,14,"[0, 7, 0, 7]",0,1513,1513,3.7287531574740287,,,,CollegeFootballData.com API,2026-08-31T17:39:28.915688+00:00,/games,1.3
401754550,2025,6,regular,2025-10-04T16:00:00.000Z,False,True,False,True,51101,3752,Acrisure Stadium,221,Pittsburgh,fbs,ACC,48,"[10, 21, 14, 3]",0.9918763637542725,1511,1624,103,Boston College,fbs,ACC,7,"[0, 0, 0, 7]",0.008123636245727539,1462,1349,3.2821533939051295,,,,CollegeFootballData.com API,2026-08-31T17:39:28.915688+00:00,/games,1.3
401752856,2025,6,regular,2025-10-04T16:00:00.000Z,False,True,False,True,111070,3558,Michigan Stadium,130,Michigan,fbs,Big Ten,24,"[7, 3, 7, 7]",0.9888097643852234,1848,1851,275,Wisconsin,fbs,Big Ten,10,"[7, 0, 0, 3]",0.011190235614776611,1543,1540,4.019750008330359,,,,CollegeFootballData.com API,2026-08-31T17:39:28.915688+00:00,/games,1.3
401754552,2025,6,regular,2025-10-04T16:00:00.000Z,False,True,False,True,50500,3787,Kenan Stadium,153,North Carolina,fbs,ACC,10,"[3, 0, 0, 7]",0.026435913518071175,1388,1342,228,Clemson,fbs,ACC,38,"[28, 7, 0, 3]",0.9735640864819288,1642,1688,3.1263997871486096,,,,CollegeFootballData.com API,2026-08-31T17:39:28.915688+00:00,/games,1.3
401756911,2025,6,regular,2025-10-04T16:00:00.000Z,False,True,False,True,35596,4727,McLane Stadium,239,Baylor,fbs,Big 12,35,"[3, 14, 0, 18]",0.5897729992866516,1590,1593,2306,Kansas State,fbs,Big 12,34,"[7, 10, 14, 3]",0.4102270007133484,1665,1662,8.2831570903209,,,,CollegeFootballData.com API,2026-08-31T17:39:28.915688+00:00,/games,1.3
401762830,2025,6,regular,2025-10-04T16:00:00.000Z,False,True,False,True,8427,3919,Scheumann Stadium,2050,Ball State,fbs,Mid-American,20,"[0, 0, 10, 10]",0.136994406580925,1095,1131,195,Ohio,fbs,Mid-American,14,"[7, 7, 0, 0]",0.863005593419075,1604,1568,7.9930994539417215,,,,CollegeFootballData.com API,2026-08-31T17:39:28.915688+00:00,/games,1.3
401756912,2025,6,regular,2025-10-04T16:00:00.000Z,False,True,False,True,38007,3854,Nippert Stadium,2132,Cincinnati,fbs,Big 12,38,"[17, 14, 0, 7]",1,1520,1541,66,Iowa State,fbs,Big 12,30,"[0, 15, 7, 8]",0,1655,1634,4.456953828954155,,,,CollegeFootballData.com API,2026-08-31T17:39:28.915688+00:00,/games,1.3
401762476,2025,6,regular,2025-10-04T16:00:00.000Z,False,True,False,True,22489,7221,Protective Stadium,5,UAB,fbs,American Athletic,13,"[0, 7, 0, 6]",0.0003441516309976578,1278,1260,349,Army,fbs,American Athletic,31,"[0, 10, 7, 14]",0.9996558483690023,1533,1551,4.306678498592513,,,,CollegeFootballData.com API,2026-08-31T17:39:28.915688+00:00,/games,1.3
401762479,2025,6,regular,2025-10-04T17:00:00.000Z,False,True,False,True,12132,3806,Lincoln Financial Field,218,Temple,fbs,American Athletic,27,"[3, 0, 21, 3]",0.6703002452850342,1205,1228,2636,UTSA,fbs,American Athletic,21,"[7, 7, 7, 0]",0.3296997547149658,1494,1471,4.690615088294109,,,,CollegeFootballData.com API,2026-08-31T17:39:28.915688+00:00,/games,1.3
401754556,2025,6,regular,2025-10-04T17:00:00.000Z,False,True,False,True,65632,3799,Lane Stadium,259,Virginia Tech,fbs,ACC,23,"[7, 7, 9, 0]",0.25663283467292786,1457,1439,154,Wake Forest,fbs,ACC,30,"[3, 21, 3, 3]",0.7433671653270721,1391,1409,6.575458124170345,,,,CollegeFootballData.com API,2026-08-31T17:39:28.915688+00:00,/games,1.3
401754557,2025,6,regular,2025-10-04T18:00:00.000Z,False,True,False,False,56919,3670,Carter-Finley Stadium,152,NC State,fbs,ACC,56,"[21, 28, 7, 0]",0.9692317843437195,1488,1488,2097,Campbell,fcs,Coastal Athletic,10,"[7, 0, 0, 3]",0.030768215656280518,,,3.478994264761209,,,,CollegeFootballData.com API,2026-08-31T17:39:28.915688+00:00,/games,1.3
401762832,2025,6,regular,2025-10-04T18:30:00.000Z,False,True,False,True,10014,3985,Warren McGuirk Alumni Stadium,113,Massachusetts,fbs,Mid-American,3,"[3, 0, 0, 0]",0.0031924161594361067,1039,1017,2711,Western Michigan,fbs,Mid-American,21,"[0, 7, 7, 7]",0.9968075838405639,1254,1276,4.403949342086451,,,,CollegeFootballData.com API,2026-08-31T17:39:28.915688+00:00,/games,1.3
401756910,2025,6,regular,2025-10-04T19:00:00.000Z,False,True,False,True,40685,3619,Arizona Stadium,12,Arizona,fbs,Big 12,41,"[14, 10, 14, 3]",0.9858812689781189,1422,1467,197,Oklahoma State,fbs,Big 12,13,"[3, 3, 0, 7]",0.014118731021881104,1173,1128,3.2078852869067482,,,,CollegeFootballData.com API,2026-08-31T17:39:28.915688+00:00,/games,1.3
401752858,2025,6,regular,2025-10-04T19:30:00.000Z,False,True,False,False,12023,5960,Lanny and Sharon Martin Stadium,77,Northwestern,fbs,Big Ten,42,"[7, 11, 21, 3]",0.9918237328529358,1411,1478,2433,UL Monroe,fbs,Sun Belt,7,"[7, 0, 0, 0]",0.008176267147064209,1168,1101,3.944134446791077,,,,CollegeFootballData.com API,2026-08-31T17:39:28.915688+00:00,/games,1.3
401752857,2025,6,regular,2025-10-04T19:30:00.000Z,False,True,False,True,46185,3665,SECU Stadium,120,Maryland,fbs,Big Ten,20,"[10, 3, 7, 0]",0.47905972599983215,1574,1573,264,Washington,fbs,Big Ten,24,"[0, 0, 3, 21]",0.5209402740001678,1665,1666,4.668454458410852,,,,CollegeFootballData.com API,2026-08-31T17:39:28.915688+00:00,/games,1.3
401762829,2025,6,regular,2025-10-04T19:30:00.000Z,False,True,False,True,8995,3768,InfoCision Stadium,2006,Akron,fbs,Mid-American,28,"[0, 14, 14, 0]",0.8367872834205627,995,1009,2117,Central Michigan,fbs,Mid-American,22,"[3, 7, 3, 9]",0.16321271657943726,1124,1110,5.829754243974867,,,,CollegeFootballData.com API,2026-08-31T17:39:28.915688+00:00,/games,1.3
401762831,2025,6,regular,2025-10-04T19:30:00.000Z,False,True,False,True,17300,3965,UB Stadium,2084,Buffalo,fbs,Mid-American,31,"[7, 7, 7, 3, 7]",0.3708692491054535,1382,1377,2199,Eastern Michigan,fbs,Mid-American,30,"[7, 7, 7, 3, 6]",0.6291307508945465,1193,1198,9.748775210940412,,,,CollegeFootballData.com API,2026-08-31T17:39:28.915688+00:00,/games,1.3
401752726,2025,6,regular,2025-10-04T19:30:00.000Z,False,True,False,True,100077,3657,Bryant-Denny Stadium,333,Alabama,fbs,SEC,30,"[0, 14, 6, 10]",0.9792400598526001,1958,1974,238,Vanderbilt,fbs,SEC,14,"[7, 7, 0, 0]",0.020759940147399902,1758,1742,5.76137188563929,,,,CollegeFootballData.com API,2026-08-31T17:39:28.915688+00:00,/games,1.3
401752940,2025,6,regular,2025-10-04T19:30:00.000Z,False,True,False,False,35021,3792,Kidd Brewer Stadium,2026,App State,fbs,Sun Belt,27,"[17, 0, 10, 0]",0.7424425482749939,1324,1326,204,Oregon State,fbs,Pac-12,23,"[0, 14, 7, 2]",0.2575574517250061,1304,1302,5.6164422770416,,,,CollegeFootballData.com API,2026-08-31T17:39:28.915688+00:00,/games,1.3
401754554,2025,6,regular,2025-10-04T19:30:00.000Z,False,True,False,True,50032,3873,L&N Federal Credit Union Stadium,97,Louisville,fbs,ACC,27,"[7, 7, 0, 10, 3]",0.8702377676963806,1750,1735,258,Virginia,fbs,ACC,30,"[7, 7, 10, 0, 6]",0.12976223230361938,1578,1593,9.702094358757874,,,,CollegeFootballData.com API,2026-08-31T17:39:28.915688+00:00,/games,1.3
401762873,2025,6,regular,2025-10-04T19:30:00.000Z,False,True,False,True,13827,3764,Huskie Stadium,2459,Northern Illinois,fbs,Mid-American,14,"[14, 0, 0, 0]",0.10726047307252884,1375,1356,193,Miami (OH),fbs,Mid-American,25,"[0, 10, 12, 3]",0.8927395269274712,1430,1449,4.53942701175636,,,,CollegeFootballData.com API,2026-08-31T17:39:28.915688+00:00,/games,1.3
401752727,2025,6,regular,2025-10-04T19:30:00.000Z,False,True,False,True,90714,3634,Ben Hill Griffin Stadium,57,Florida,fbs,SEC,29,"[10, 9, 10, 0]",0.9474726319313049,1629,1665,251,Texas,fbs,SEC,21,"[0, 7, 7, 7]",0.05252736806869507,1972,1936,4.124699346739427,,,,CollegeFootballData.com API,2026-08-31T17:39:28.915688+00:00,/games,1.3
401761618,2025,6,regular,2025-10-04T19:30:00.000Z,False,True,False,True,19256,4246,Center Parc Stadium,2247,Georgia State,fbs,Sun Belt,7,"[7, 0, 0, 0]",0.3364444673061371,1126,1150,256,James Madison,fbs,Sun Belt,14,"[0, 0, 7, 7]",0.6635555326938629,1669,1645,4.209128497176163,,,,CollegeFootballData.com API,2026-08-31T17:39:28.915688+00:00,/games,1.3
401752855,2025,6,regular,2025-10-04T19:30:00.000Z,False,True,False,True,39256,1056,Rose Bowl,26,UCLA,fbs,Big Ten,42,"[10, 17, 7, 8]",0.5336061120033264,1331,1373,213,Penn State,fbs,Big Ten,37,"[7, 0, 14, 16]",0.4663938879966736,2070,2028,5.9551629784389,,,,CollegeFootballData.com API,2026-08-31T17:39:28.915688+00:00,/games,1.3
401757171,2025,6,regular,2025-10-04T19:30:00.000Z,False,True,False,False,27310,3892,Pratt & Whitney Stadium,41,UConn,fbs,FBS Independents,51,"[14, 13, 17, 7]",0.9888136386871338,1437,1541,2229,Florida International,fbs,Conference USA,10,"[0, 3, 0, 7]",0.011186361312866211,1320,1216,3.4236542563969277,,,,CollegeFootballData.com API,2026-08-31T17:39:28.915688+00:00,/games,1.3
401757165,2025,6,regular,2025-10-04T19:30:00.000Z,False,True,False,False,77622,3855,Notre Dame Stadium,87,Notre Dame,fbs,FBS Independents,28,"[6, 8, 7, 7]",0.9840602278709412,2195,2194,68,Boise State,fbs,Mountain West,7,"[0, 7, 0, 0]",0.015939772129058838,1653,1654,4.635698235011022,,,,CollegeFootballData.com API,2026-08-31T17:39:28.915688+00:00,/games,1.3
401754555,2025,6,regular,2025-10-04T19:30:00.000Z,False,True,False,True,34845,3735,Gerald J. Ford Stadium,2567,SMU,fbs,ACC,31,"[3, 21, 0, 7]",0.9434120059013367,1691,1695,183,Syracuse,fbs,ACC,18,"[0, 3, 0, 15]",0.05658799409866333,1426,1422,3.828906354139435,,,,CollegeFootballData.com API,2026-08-31T17:39:28.915688+00:00,/games,1.3
401752729,2025,6,regular,2025-10-04T20:00:00.000Z,False,True,False,False,83016,3835,"Memorial Stadium (Norman, OK)",201,Oklahoma,fbs,SEC,44,"[10, 13, 21, 0]",0.9927051663398743,1748,1769,2309,Kent State,fbs,Mid-American,0,"[0, 0, 0, 0]",0.007294833660125732,859,838,2.724722460200933,,,,CollegeFootballData.com API,2026-08-31T17:39:28.915688+00:00,/games,1.3
401761620,2025,6,regular,2025-10-04T20:00:00.000Z,False,True,False,True,15841,3625,Centennial Bank Stadium,2032,Arkansas State,fbs,Sun Belt,31,"[7, 3, 0, 21]",0.6157334446907043,1213,1224,326,Texas State,fbs,Sun Belt,30,"[7, 3, 0, 20]",0.38426655530929565,1590,1579,8.786810818748446,,,,CollegeFootballData.com API,2026-08-31T17:39:28.915688+00:00,/games,1.3
401752860,2025,6,regular,2025-10-04T20:00:00.000Z,False,True,False,True,86496,3834,"Memorial Stadium (Lincoln, NE)",158,Nebraska,fbs,Big Ten,38,"[14, 0, 7, 17]",0.8201844096183777,1703,1702,127,Michigan State,fbs,Big Ten,27,"[0, 7, 14, 6]",0.17981559038162231,1414,1415,5.239215667116852,,,,CollegeFootballData.com API,2026-08-31T17:39:28.915688+00:00,/games,1.3
401761619,2025,6,regular,2025-10-04T22:00:00.000Z,False,True,False,True,20895,3918,S.B. Ballard Stadium,295,Old Dominion,fbs,Sun Belt,47,"[10, 24, 10, 3]",0.9827017784118652,1551,1628,324,Coastal Carolina,fbs,Sun Belt,7,"[0, 0, 0, 7]",0.017298221588134766,1259,1182,2.947444134543734,,,,CollegeFootballData.com API,2026-08-31T17:39:28.915688+00:00,/games,1.3
401762477,2025,6,regular,2025-10-04T23:00:00.000Z,False,True,False,True,22999,3895,Rice Stadium,242,Rice,fbs,American Athletic,21,"[7, 0, 7, 7]",0.5182587504386902,1291,1273,2226,Florida Atlantic,fbs,American Athletic,27,"[14, 3, 7, 3]",0.4817412495613098,1201,1219,3.6297493058176755,,,,CollegeFootballData.com API,2026-08-31T17:39:28.915688+00:00,/games,1.3
401761621,2025,6,regular,2025-10-04T23:00:00.000Z,False,True,False,True,28035,3975,Veterans Memorial Stadium (AL),2653,Troy,fbs,Sun Belt,31,"[7, 7, 7, 3, 7]",0.7369530200958252,1438,1447,6,South Alabama,fbs,Sun Belt,24,"[7, 0, 10, 7, 0]",0.2630469799041748,1430,1421,7.897014974022887,,,,CollegeFootballData.com API,2026-08-31T17:39:28.915688+00:00,/games,1.3
401756913,2025,6,regular,2025-10-04T23:00:00.000Z,False,True,False,True,42806,4728,TDECU Stadium,248,Houston,fbs,Big 12,11,"[3, 8, 0, 0]",0.0017014285549521446,1490,1456,2641,Texas Tech,fbs,Big 12,35,"[15, 10, 3, 7]",0.9982985714450479,1751,1785,4.3021884566467214,,,,CollegeFootballData.com API,2026-08-31T17:39:28.915688+00:00,/games,1.3
401760385,2025,6,regular,2025-10-04T23:00:00.000Z,False,True,False,True,19861,3984,War Memorial Stadium,2751,Wyoming,fbs,Mountain West,17,"[3, 0, 7, 7]",0.024475770071148872,1326,1321,2439,UNLV,fbs,Mountain West,31,"[17, 7, 0, 7]",0.9755242299288511,1622,1627,3.254392040823553,,,,CollegeFootballData.com API,2026-08-31T17:39:28.915688+00:00,/games,1.3
401752859,2025,6,regular,2025-10-04T23:30:00.000Z,False,True,False,True,105114,3861,Ohio Stadium,194,Ohio State,fbs,Big Ten,42,"[7, 14, 7, 14]",0.9900946021080017,2021,2078,135,Minnesota,fbs,Big Ten,3,"[3, 0, 0, 0]",0.009905397891998291,1594,1537,3.2212159500530033,,,,CollegeFootballData.com API,2026-08-31T17:39:28.915688+00:00,/games,1.3
401756914,2025,6,regular,2025-10-04T23:30:00.000Z,False,True,False,True,43160,3616,Amon G. Carter Stadium,2628,TCU,fbs,Big 12,35,"[0, 14, 0, 21]",0.9454600214958191,1732,1751,38,Colorado,fbs,Big 12,21,"[0, 14, 0, 7]",0.05453997850418091,1618,1599,8.301538245718836,,,,CollegeFootballData.com API,2026-08-31T17:39:28.915688+00:00,/games,1.3
401754553,2025,6,regular,2025-10-04T23:30:00.000Z,False,True,False,True,67277,3697,Doak Campbell Stadium,52,Florida State,fbs,ACC,22,"[3, 0, 0, 19]",0.10202304273843765,1564,1573,2390,Miami,fbs,ACC,28,"[7, 7, 14, 0]",0.8979769572615623,1852,1843,4.2630519356314,,,,CollegeFootballData.com API,2026-08-31T17:39:28.915688+00:00,/games,1.3
401756915,2025,6,regular,2025-10-04T23:30:00.000Z,False,True,False,True,43229,3652,FBC Mortgage Stadium,2116,UCF,fbs,Big 12,20,"[7, 13, 0, 0]",0.043001241981983185,1579,1572,2305,Kansas,fbs,Big 12,27,"[0, 14, 13, 0]",0.9569987580180168,1664,1671,5.384533111657922,,,,CollegeFootballData.com API,2026-08-31T17:39:28.915688+00:00,/games,1.3
401752730,2025,6,regular,2025-10-04T23:30:00.000Z,False,True,False,True,108572,3795,Kyle Field,245,Texas A&M,fbs,SEC,31,"[0, 7, 7, 17]",0.9942386746406555,1753,1782,344,Mississippi State,fbs,SEC,9,"[3, 0, 0, 6]",0.005761325359344482,1523,1494,4.4646549380802885,,,,CollegeFootballData.com API,2026-08-31T17:39:28.915688+00:00,/games,1.3
401762478,2025,6,regular,2025-10-05T00:00:00.000Z,False,True,False,True,27303,3805,Simmons Bank Liberty Stadium,235,Memphis,fbs,American Athletic,45,"[7, 21, 10, 7]",0.9926255941390991,1689,1723,202,Tulsa,fbs,American Athletic,7,"[0, 7, 0, 0]",0.007374405860900879,1079,1045,3.650219027829013,,,,CollegeFootballData.com API,2026-08-31T17:39:28.915688+00:00,/games,1.3
401760383,2025,6,regular,2025-10-05T02:30:00.000Z,False,True,False,True,40005,3660,Valley Children's Stadium,278,Fresno State,fbs,Mountain West,20,"[0, 20, 0, 0]",0.8731601238250732,1510,1508,2440,Nevada,fbs,Mountain West,17,"[3, 0, 7, 7]",0.12683987617492676,1257,1259,5.878190775237731,,,,CollegeFootballData.com API,2026-08-31T17:39:28.915688+00:00,/games,1.3
401754551,2025,6,regular,2025-10-05T02:30:00.000Z,False,True,False,True,42240,3831,California Memorial Stadium,25,California,fbs,ACC,21,"[14, 7, 0, 0]",0.014589975588023663,1455,1408,150,Duke,fbs,ACC,45,"[7, 24, 0, 14]",0.9854100244119763,1598,1645,4.772030131847419,,,,CollegeFootballData.com API,2026-08-31T17:39:28.915688+00:00,/games,1.3
401757278,2025,7,regular,2025-10-08T23:30:00.000Z,False,True,False,True,9806,3725,"Johnny ""Red"" Floyd Stadium",2393,Middle Tennessee,fbs,Conference USA,20,"[3, 10, 0, 7]",0.487333208322525,1175,1181,2623,Missouri State,fbs,Conference USA,22,"[0, 16, 3, 3]",0.512666791677475,1335,1329,6.335220540226636,,,,CollegeFootballData.com API,2026-08-31T17:39:28.915688+00:00,/games,1.3
401757277,2025,7,regular,2025-10-09T00:00:00.000Z,False,True,False,True,9286,3946,Sun Bowl,2638,UTEP,fbs,Conference USA,8,"[0, 0, 0, 8]",0,1205,1200,2335,Liberty,fbs,Conference USA,19,"[7, 6, 6, 0]",1,1421,1426,3.2463058882707863,,,,CollegeFootballData.com API,2026-08-31T17:39:28.915688+00:00,/games,1.3
401757280,2025,7,regular,2025-10-09T23:00:00.000Z,False,True,False,True,9585,4899,Fifth Third Stadium,338,Kennesaw State,fbs,Conference USA,35,"[0, 14, 7, 14]",0.9933742880821228,1223,1332,2348,Louisiana Tech,fbs,Conference USA,7,"[7, 0, 0, 0]",0.006625711917877197,1490,1381,4.493186298095214,,,,CollegeFootballData.com API,2026-08-31T17:39:28.915688+00:00,/games,1.3
401762480,2025,7,regular,2025-10-09T23:30:00.000Z,False,True,False,True,20035,4729,Yulman Stadium,2655,Tulane,fbs,American Athletic,26,"[3, 9, 0, 14]",0.8402418494224548,1572,1580,151,East Carolina,fbs,American Athletic,19,"[0, 0, 16, 3]",0.15975815057754517,1548,1540,5.865112932346798,,,,CollegeFootballData.com API,2026-08-31T17:39:28.915688+00:00,/games,1.3
401757279,2025,7,regular,2025-10-10T00:00:00.000Z,False,True,True,True,5419,3631,BBVA Compass Stadium,2534,Sam Houston,fbs,Conference USA,27,"[0, 14, 7, 6]",0.05415964126586914,1161,1173,55,Jacksonville State,fbs,Conference USA,29,"[7, 10, 0, 12]",0.9458403587341309,1529,1517,7.2093854505096235,,,,CollegeFootballData.com API,2026-08-31T17:39:28.915688+00:00,/games,1.3
401761622,2025,7,regular,2025-10-10T00:00:00.000Z,False,True,False,True,20032,3608,Allen E. Paulson Stadium,290,Georgia Southern,fbs,Sun Belt,35,"[7, 0, 14, 14]",0.17224420607089996,1324,1316,2572,Southern Miss,fbs,Sun Belt,38,"[7, 21, 7, 3]",0.8277557939291,1265,1273,6.0306831730253965,,,,CollegeFootballData.com API,2026-08-31T17:39:28.915688+00:00,/games,1.3
401762481,2025,7,regular,2025-10-10T23:30:00.000Z,False,True,False,True,31386,3825,DATCU Stadium,249,North Texas,fbs,American Athletic,36,"[14, 7, 7, 8]",0.0036575840786099434,1616,1530,58,South Florida,fbs,American Athletic,63,"[7, 14, 28, 14]",0.9963424159213901,1521,1607,5.324575969232542,,,,CollegeFootballData.com API,2026-08-31T17:39:28.915688+00:00,/games,1.3
401752862,2025,7,regular,2025-10-11T01:00:00.000Z,False,True,False,True,63743,3765,Husky Stadium,264,Washington,fbs,Big Ten,38,"[0, 10, 21, 7]",0.9742462038993835,1666,1701,164,Rutgers,fbs,Big Ten,19,"[10, 3, 6, 0]",0.025753796100616455,1582,1547,6.731502282272816,,,,CollegeFootballData.com API,2026-08-31T17:39:28.915688+00:00,/games,1.3
401760388,2025,7,regular,2025-10-11T01:00:00.000Z,False,True,False,True,27874,5388,Canvas Stadium,36,Colorado State,fbs,Mountain West,49,"[14, 21, 0, 14]",0.9986304044723511,1281,1384,278,Fresno State,fbs,Mountain West,21,"[0, 14, 7, 0]",0.0013695955276489258,1508,1405,4.039871834972102,,,,CollegeFootballData.com API,2026-08-31T17:39:28.915688+00:00,/games,1.3
401756920,2025,7,regular,2025-10-11T16:00:00.000Z,False,True,False,True,44941,3646,Boone Pickens Stadium,197,Oklahoma State,fbs,Big 12,17,"[7, 3, 0, 7]",0.10873417556285858,1128,1107,248,Houston,fbs,Big 12,39,"[10, 14, 12, 3]",0.8912658244371414,1456,1477,4.179605229194508,,,,CollegeFootballData.com API,2026-08-31T17:39:28.915688+00:00,/games,1.3
401754561,2025,7,regular,2025-10-11T16:00:00.000Z,False,True,False,True,30654,3735,Gerald J. Ford Stadium,2567,SMU,fbs,ACC,34,"[7, 10, 7, 10]",0.9821944832801819,1695,1709,24,Stanford,fbs,ACC,10,"[0, 7, 3, 0]",0.017805516719818115,1255,1241,4.070236961857501,,,,CollegeFootballData.com API,2026-08-31T17:39:28.915688+00:00,/games,1.3
401762833,2025,7,regular,2025-10-11T16:00:00.000Z,False,True,False,True,6575,3768,InfoCision Stadium,2006,Akron,fbs,Mid-American,7,"[0, 0, 0, 7]",0,1009,1018,193,Miami (OH),fbs,Mid-American,20,"[0, 3, 14, 3]",1,1449,1440,3.3376481574054546,,,,CollegeFootballData.com API,2026-08-31T17:39:28.915688+00:00,/games,1.3
401761625,2025,7,regular,2025-10-11T16:00:00.000Z,False,True,False,True,,3651,Bridgeforth Stadium,256,James Madison,fbs,Sun Belt,24,"[0, 7, 7, 10]",0.972748339176178,1645,1643,309,Louisiana,fbs,Sun Belt,14,"[0, 14, 0, 0]",0.02725166082382202,1367,1369,6.231799272619301,,,,CollegeFootballData.com API,2026-08-31T17:39:28.915688+00:00,/games,1.3
401756917,2025,7,regular,2025-10-11T16:00:00.000Z,False,True,False,True,35782,3854,Nippert Stadium,2132,Cincinnati,fbs,Big 12,20,"[7, 10, 0, 3]",0.9451076984405518,1541,1558,2116,UCF,fbs,Big 12,11,"[0, 3, 0, 8]",0.05489230155944824,1572,1555,3.4997102780038416,,,,CollegeFootballData.com API,2026-08-31T17:39:28.915688+00:00,/games,1.3
401762483,2025,7,regular,2025-10-11T16:00:00.000Z,False,True,False,True,31172,3841,Michie Stadium,349,Army,fbs,American Athletic,24,"[7, 10, 7, 0]",0.990699827671051,1551,1552,2429,Charlotte,fbs,American Athletic,7,"[0, 0, 0, 7]",0.009300172328948975,1144,1143,2.926749973897242,,,,CollegeFootballData.com API,2026-08-31T17:39:28.915688+00:00,/games,1.3
401754559,2025,7,regular,2025-10-11T16:00:00.000Z,False,True,False,True,65256,3697,Doak Campbell Stadium,52,Florida State,fbs,ACC,31,"[7, 14, 3, 7]",0.23192715644836426,1573,1572,221,Pittsburgh,fbs,ACC,34,"[7, 7, 7, 13]",0.7680728435516357,1624,1625,7.118912629143081,,,,CollegeFootballData.com API,2026-08-31T17:39:28.915688+00:00,/games,1.3
401752863,2025,7,regular,2025-10-11T16:00:00.000Z,False,True,False,True,72109,3936,Spartan Stadium,127,Michigan State,fbs,Big Ten,13,"[7, 0, 0, 6]",0.0009458241984248161,1415,1343,26,UCLA,fbs,Big Ten,38,"[10, 14, 14, 0]",0.9990541758015752,1373,1445,3.6543543575854267,,,,CollegeFootballData.com API,2026-08-31T17:39:28.915688+00:00,/games,1.3
401762835,2025,7,regular,2025-10-11T16:00:00.000Z,False,True,False,True,24000,3700,Doyt L. Perry Stadium,189,Bowling Green,fbs,Mid-American,28,"[0, 7, 7, 14]",0.6486319303512573,1411,1422,2649,Toledo,fbs,Mid-American,23,"[14, 7, 0, 2]",0.3513680696487427,1562,1551,5.4770171226142415,,,,CollegeFootballData.com API,2026-08-31T17:39:28.915688+00:00,/games,1.3
401752734,2025,7,regular,2025-10-11T16:00:00.000Z,False,True,False,True,57321,3838,Memorial Stadium,142,Missouri,fbs,SEC,24,"[7, 3, 7, 7]",0.5290258526802063,1781,1788,333,Alabama,fbs,SEC,27,"[7, 10, 3, 7]",0.4709741473197937,1974,1967,6.769031039615297,,,,CollegeFootballData.com API,2026-08-31T17:39:28.915688+00:00,/games,1.3
401752865,2025,7,regular,2025-10-11T16:00:00.000Z,False,True,False,True,60670,3832,"Memorial Stadium (Champaign, IL)",356,Illinois,fbs,Big Ten,16,"[0, 3, 7, 6]",0.041837599128484726,1585,1589,194,Ohio State,fbs,Big Ten,34,"[10, 10, 7, 7]",0.9581624008715153,2078,2074,3.495212533410147,,,,CollegeFootballData.com API,2026-08-31T17:39:28.915688+00:00,/games,1.3
401752733,2025,7,regular,2025-10-11T16:45:00.000Z,False,True,False,False,66392,3974,Vaught-Hemingway Stadium,145,Ole Miss,fbs,SEC,24,"[0, 10, 7, 7]",0.8747900724411011,1977,1971,265,Washington State,fbs,Pac-12,21,"[7, 0, 7, 7]",0.12520992755889893,1355,1361,5.96501076991805,,,,CollegeFootballData.com API,2026-08-31T17:39:28.915688+00:00,/games,1.3
401762836,2025,7,regular,2025-10-11T17:00:00.000Z,False,True,False,True,15676,3912,Rynearson Stadium,2199,Eastern Michigan,fbs,Mid-American,16,"[3, 3, 0, 10]",0.8037484288215637,1198,1213,2459,Northern Illinois,fbs,Mid-American,10,"[0, 3, 7, 0]",0.19625157117843628,1356,1341,5.782923326398062,,,,CollegeFootballData.com API,2026-08-31T17:39:28.915688+00:00,/games,1.3
401762837,2025,7,regular,2025-10-11T18:30:00.000Z,False,True,False,True,11523,3696,Dix Stadium,2309,Kent State,fbs,Mid-American,42,"[14, 7, 21, 0]",0.9962396621704102,838,966,113,Massachusetts,fbs,Mid-American,6,"[0, 6, 0, 0]",0.0037603378295898438,1017,889,2.8487384351500182,,,,CollegeFootballData.com API,2026-08-31T17:39:28.915688+00:00,/games,1.3
401752736,2025,7,regular,2025-10-11T19:30:00.000Z,False,True,True,True,92100,499,Cotton Bowl,251,Texas,fbs,SEC,23,"[0, 3, 10, 10]",0.9862483739852905,1936,1964,201,Oklahoma,fbs,SEC,6,"[3, 3, 0, 0]",0.013751626014709473,1769,1741,5.19443888245953,,Allstate Red River Rivalry,,CollegeFootballData.com API,2026-08-31T17:39:28.915688+00:00,/games,1.3
401760386,2025,7,regular,2025-10-11T19:30:00.000Z,False,True,False,True,32932,6501,Allegiant Stadium,2439,UNLV,fbs,Mountain West,51,"[7, 6, 16, 22]",0.6350688338279724,1627,1625,2005,Air Force,fbs,Mountain West,48,"[7, 14, 7, 20]",0.3649311661720276,1352,1354,10.021451733879378,,,,CollegeFootballData.com API,2026-08-31T17:39:28.915688+00:00,/games,1.3
401752870,2025,7,regular,2025-10-11T19:30:00.000Z,False,True,False,True,59625,3626,Autzen Stadium,2483,Oregon,fbs,Big Ten,20,"[7, 3, 3, 7]",0.4533250033855438,2018,1996,84,Indiana,fbs,Big Ten,30,"[10, 3, 7, 10]",0.5466749966144562,2000,2022,5.790429511289678,,,,CollegeFootballData.com API,2026-08-31T17:39:28.915688+00:00,/games,1.3
401761624,2025,7,regular,2025-10-11T19:30:00.000Z,False,True,False,True,19587,4246,Center Parc Stadium,2247,Georgia State,fbs,Sun Belt,20,"[0, 0, 14, 6]",0.008137271739542484,1150,1116,2026,App State,fbs,Sun Belt,41,"[7, 10, 21, 3]",0.9918627282604575,1326,1360,3.3372824593976382,,,,CollegeFootballData.com API,2026-08-31T17:39:28.915688+00:00,/games,1.3
401762834,2025,7,regular,2025-10-11T19:30:00.000Z,False,True,False,True,20032,3980,Waldo Stadium,2711,Western Michigan,fbs,Mid-American,42,"[7, 14, 7, 14]",0.994542121887207,1276,1379,2050,Ball State,fbs,Mid-American,0,"[0, 0, 0, 0]",0.005457878112792969,1131,1028,3.025974457111789,,,,CollegeFootballData.com API,2026-08-31T17:39:28.915688+00:00,/games,1.3
401761626,2025,7,regular,2025-10-11T19:30:00.000Z,False,True,False,True,23515,3775,Joan C. Edwards Stadium,276,Marshall,fbs,Sun Belt,48,"[7, 17, 17, 7]",0.9953325390815735,1508,1582,295,Old Dominion,fbs,Sun Belt,24,"[7, 3, 0, 14]",0.004667460918426514,1628,1554,5.311620641343362,,,,CollegeFootballData.com API,2026-08-31T17:39:28.915688+00:00,/games,1.3
401752866,2025,7,regular,2025-10-11T19:30:00.000Z,False,True,False,True,108121,3632,Beaver Stadium,213,Penn State,fbs,Big Ten,21,"[0, 14, 0, 7]",0.8094112873077393,2028,1996,77,Northwestern,fbs,Big Ten,22,"[3, 10, 0, 9]",0.19058871269226074,1478,1510,6.179311855515855,,,,CollegeFootballData.com API,2026-08-31T17:39:28.915688+00:00,/games,1.3
401752867,2025,7,regular,2025-10-11T19:30:00.000Z,False,True,False,True,39623,3665,SECU Stadium,120,Maryland,fbs,Big Ten,31,"[0, 17, 14, 0]",0.6815001368522644,1573,1576,158,Nebraska,fbs,Big Ten,34,"[7, 17, 0, 10]",0.3184998631477356,1702,1699,6.460996284830717,,,,CollegeFootballData.com API,2026-08-31T17:39:28.915688+00:00,/games,1.3
401756919,2025,7,regular,2025-10-11T19:30:00.000Z,False,True,False,True,51316,3636,Bill Snyder Family Stadium,2306,Kansas State,fbs,Big 12,41,"[0, 14, 14, 13]",0.9563628435134888,1662,1695,2628,TCU,fbs,Big 12,28,"[0, 7, 7, 14]",0.04363715648651123,1751,1718,5.252362149705651,,,,CollegeFootballData.com API,2026-08-31T17:39:28.915688+00:00,/games,1.3
401756918,2025,7,regular,2025-10-11T19:30:00.000Z,False,True,False,True,52698,3726,Folsom Field,38,Colorado,fbs,Big 12,24,"[7, 0, 14, 3]",0.9247090816497803,1599,1611,66,Iowa State,fbs,Big 12,17,"[0, 10, 7, 0]",0.07529091835021973,1634,1622,5.95300557410321,,,,CollegeFootballData.com API,2026-08-31T17:39:28.915688+00:00,/games,1.3
401754560,2025,7,regular,2025-10-11T19:30:00.000Z,False,True,False,True,50878,721,Bobby Dodd Stadium,59,Georgia Tech,fbs,ACC,35,"[15, 6, 7, 7]",0.9364950656890869,1568,1588,259,Virginia Tech,fbs,ACC,20,"[0, 7, 7, 6]",0.06350493431091309,1439,1419,3.3730818797323567,,,,CollegeFootballData.com API,2026-08-31T17:39:28.915688+00:00,/games,1.3
401754562,2025,7,regular,2025-10-11T19:30:00.000Z,False,True,False,False,77622,3855,Notre Dame Stadium,87,Notre Dame,fbs,FBS Independents,36,"[7, 3, 14, 12]",0.984958291053772,2194,2196,152,NC State,fbs,ACC,7,"[0, 7, 0, 0]",0.015041708946228027,1489,1487,4.771520212038678,,,,CollegeFootballData.com API,2026-08-31T17:39:28.915688+00:00,/games,1.3
401754563,2025,7,regular,2025-10-11T19:30:00.000Z,False,True,False,False,29710,3893,Reser Stadium,204,Oregon State,fbs,Pac-12,14,"[0, 0, 0, 14]",0.09323949366807938,1302,1248,154,Wake Forest,fbs,ACC,39,"[15, 10, 7, 7]",0.9067605063319206,1409,1463,3.0025001196704193,,,,CollegeFootballData.com API,2026-08-31T17:39:28.915688+00:00,/games,1.3
401762484,2025,7,regular,2025-10-11T20:00:00.000Z,False,True,False,True,26149,3806,Lincoln Financial Field,218,Temple,fbs,American Athletic,31,"[7, 10, 7, 7]",0.6812015175819397,1228,1241,2426,Navy,fbs,American Athletic,32,"[7, 0, 14, 11]",0.3187984824180603,1546,1533,6.2423048366125435,,,,CollegeFootballData.com API,2026-08-31T17:39:28.915688+00:00,/games,1.3
401752735,2025,7,regular,2025-10-11T20:15:00.000Z,False,True,False,True,101915,3853,Neyland Stadium,2633,Tennessee,fbs,SEC,34,"[7, 10, 10, 7]",0.7579911351203918,1827,1825,8,Arkansas,fbs,SEC,31,"[10, 7, 0, 14]",0.24200886487960815,1608,1610,6.082855487023981,,,,CollegeFootballData.com API,2026-08-31T17:39:28.915688+00:00,/games,1.3
401762482,2025,7,regular,2025-10-11T22:00:00.000Z,False,True,False,True,20052,3715,FAU Stadium,2226,Florida Atlantic,fbs,American Athletic,53,"[21, 14, 15, 3]",0.9992316961288452,1219,1270,5,UAB,fbs,American Athletic,33,"[0, 14, 16, 3]",0.0007683038711547852,1260,1209,2.8893400308088526,,,,CollegeFootballData.com API,2026-08-31T17:39:28.915688+00:00,/games,1.3
401760391,2025,7,regular,2025-10-11T23:00:00.000Z,False,True,False,True,20970,3984,War Memorial Stadium,2751,Wyoming,fbs,Mountain West,35,"[7, 7, 0, 21]",0.48660707473754883,1321,1337,23,San José State,fbs,Mountain West,28,"[14, 14, 0, 0]",0.5133929252624512,1433,1417,6.881816271622111,,,,CollegeFootballData.com API,2026-08-31T17:39:28.915688+00:00,/games,1.3
401761623,2025,7,regular,2025-10-11T23:00:00.000Z,False,True,False,True,15211,3654,Brooks Stadium (SC),324,Coastal Carolina,fbs,Sun Belt,23,"[6, 10, 7, 0]",0.9025331735610962,1182,1206,2433,UL Monroe,fbs,Sun Belt,8,"[0, 0, 8, 0]",0.09746682643890381,1101,1077,3.9665617840012355,,,,CollegeFootballData.com API,2026-08-31T17:39:28.915688+00:00,/games,1.3
401752869,2025,7,regular,2025-10-11T23:00:00.000Z,False,True,False,True,76064,347,Camp Randall Stadium,275,Wisconsin,fbs,Big Ten,0,"[0, 0, 0, 0]",0,1540,1459,2294,Iowa,fbs,Big Ten,37,"[17, 6, 7, 7]",1,1743,1824,2.1669036104572132,,,,CollegeFootballData.com API,2026-08-31T17:39:28.915688+00:00,/games,1.3
401752737,2025,7,regular,2025-10-11T23:00:00.000Z,False,True,False,True,105086,3795,Kyle Field,245,Texas A&M,fbs,SEC,34,"[14, 7, 3, 10]",1,1782,1808,57,Florida,fbs,SEC,17,"[14, 0, 3, 0]",0,1665,1639,4.316127091314349,,,,CollegeFootballData.com API,2026-08-31T17:39:28.915688+00:00,/games,1.3
401752868,2025,7,regular,2025-10-11T23:30:00.000Z,False,True,False,True,75500,477,Los Angeles Memorial Coliseum,30,USC,fbs,Big Ten,31,"[7, 7, 7, 10]",0.980634868144989,1865,1904,130,Michigan,fbs,Big Ten,13,"[0, 7, 0, 6]",0.019365131855010986,1851,1812,3.745751821245596,,,,CollegeFootballData.com API,2026-08-31T17:39:28.915688+00:00,/games,1.3
401752731,2025,7,regular,2025-10-11T23:30:00.000Z,False,True,False,True,88043,3785,Jordan-Hare Stadium,2,Auburn,fbs,SEC,10,"[7, 3, 0, 0]",0.47338414192199707,1676,1684,61,Georgia,fbs,SEC,20,"[0, 3, 10, 7]",0.5266158580780029,2033,2025,3.719118907344582,,,,CollegeFootballData.com API,2026-08-31T17:39:28.915688+00:00,/games,1.3
401754558,2025,7,regular,2025-10-11T23:30:00.000Z,False,True,False,True,42265,3615,"Alumni Stadium (Chestnut Hill, MA)",103,Boston College,fbs,ACC,10,"[3, 7, 0, 0]",0.016760792583227158,1349,1303,228,Clemson,fbs,ACC,41,"[10, 24, 0, 7]",0.9832392074167728,1688,1734,3.6232546541892043,,,,CollegeFootballData.com API,2026-08-31T17:39:28.915688+00:00,/games,1.3
401752864,2025,7,regular,2025-10-11T23:30:00.000Z,False,True,False,True,49254,3953,Huntington Bank Stadium,135,Minnesota,fbs,Big Ten,27,"[0, 13, 0, 14]",0.22984421253204346,1537,1534,2509,Purdue,fbs,Big Ten,20,"[7, 10, 3, 0]",0.7701557874679565,1311,1314,7.5970265416431575,,,,CollegeFootballData.com API,2026-08-31T17:39:28.915688+00:00,/games,1.3
401762485,2025,7,regular,2025-10-11T23:30:00.000Z,False,True,False,True,22058,3604,Alamodome,2636,UTSA,fbs,American Athletic,61,"[21, 17, 23, 0]",0.9894030094146729,1471,1588,242,Rice,fbs,American Athletic,13,"[3, 7, 0, 3]",0.010596990585327148,1273,1156,3.224471852594717,,,,CollegeFootballData.com API,2026-08-31T17:39:28.915688+00:00,/games,1.3
401756921,2025,7,regular,2025-10-11T23:30:00.000Z,False,True,False,True,60229,3784,Jones AT&T Stadium,2641,Texas Tech,fbs,Big 12,42,"[18, 3, 7, 14]",0.9723148345947266,1785,1835,2305,Kansas,fbs,Big 12,17,"[0, 17, 0, 0]",0.027685165405273438,1671,1621,4.461073915587181,,,,CollegeFootballData.com API,2026-08-31T17:39:28.915688+00:00,/games,1.3
401752732,2025,7,regular,2025-10-11T23:45:00.000Z,False,True,False,True,101921,3958,Tiger Stadium (LA),99,LSU,fbs,SEC,20,"[3, 7, 7, 3]",0.9308935403823853,1751,1763,2579,South Carolina,fbs,SEC,10,"[7, 0, 3, 0]",0.06910645961761475,1682,1670,5.948422849595579,,,,CollegeFootballData.com API,2026-08-31T17:39:28.915688+00:00,/games,1.3
401756916,2025,7,regular,2025-10-12T00:00:00.000Z,False,True,False,True,47960,3619,Arizona Stadium,12,Arizona,fbs,Big 12,27,"[7, 10, 0, 7, 3, 0]",0.19142012298107147,1467,1473,252,BYU,fbs,Big 12,33,"[14, 0, 0, 10, 3, 6]",0.8085798770189285,1701,1695,6.0831665141987035,,,,CollegeFootballData.com API,2026-08-31T17:39:28.915688+00:00,/games,1.3
401761627,2025,7,regular,2025-10-12T00:00:00.000Z,False,True,False,True,24369,3644,Bobcat Stadium (TX),326,Texas State,fbs,Sun Belt,41,"[28, 3, 7, 3, 0]",0.835141122341156,1579,1555,2653,Troy,fbs,Sun Belt,48,"[7, 10, 10, 14, 7]",0.164858877658844,1447,1471,6.582113673903993,,,,CollegeFootballData.com API,2026-08-31T17:39:28.915688+00:00,/games,1.3
401760387,2025,7,regular,2025-10-12T01:45:00.000Z,False,True,False,True,32982,3653,Albertsons Stadium,68,Boise State,fbs,Mountain West,41,"[10, 7, 3, 21]",0.9987900853157043,1654,1667,167,New Mexico,fbs,Mountain West,25,"[0, 14, 3, 8]",0.0012099146842956543,1416,1403,5.141023063108582,,,,CollegeFootballData.com API,2026-08-31T17:39:28.915688+00:00,/games,1.3
401756922,2025,7,regular,2025-10-12T02:15:00.000Z,False,True,False,True,51444,587,Rice-Eccles Stadium,254,Utah,fbs,Big 12,42,"[7, 14, 14, 7]",0.9942936897277832,1680,1773,9,Arizona State,fbs,Big 12,10,"[3, 0, 7, 0]",0.005706310272216797,1722,1629,3.272559133791891,,,,CollegeFootballData.com API,2026-08-31T17:39:28.915688+00:00,/games,1.3
401760390,2025,7,regular,2025-10-12T02:30:00.000Z,False,True,False,True,19473,3816,Mackay Stadium,2440,Nevada,fbs,Mountain West,10,"[0, 0, 0, 10]",0,1259,1188,21,San Diego State,fbs,Mountain West,44,"[14, 21, 9, 0]",1,1463,1534,2.7710207793983725,,,,CollegeFootballData.com API,2026-08-31T17:39:28.915688+00:00,/games,1.3
401760389,2025,7,regular,2025-10-12T03:59:00.000Z,False,True,False,True,13023,7220,Clarence T.C. Ching Athletics Complex,62,Hawai'i,fbs,Mountain West,44,"[10, 14, 3, 17]",0.8678674101829529,1280,1335,328,Utah State,fbs,Mountain West,26,"[3, 17, 6, 0]",0.13213258981704712,1425,1370,6.965090359565352,,,,CollegeFootballData.com API,2026-08-31T17:39:28.915688+00:00,/games,1.3
401757282,2025,8,regular,2025-10-14T23:00:00.000Z,False,True,False,True,16312,3992,Williams Stadium (VA),2335,Liberty,fbs,Conference USA,30,"[3, 17, 0, 10]",0.1893833577632904,1426,1424,166,New Mexico State,fbs,Conference USA,27,"[0, 6, 14, 7]",0.8106166422367096,1229,1231,7.243523951724202,,,,CollegeFootballData.com API,2026-08-31T17:39:28.915688+00:00,/games,1.3
401761628,2025,8,regular,2025-10-14T23:30:00.000Z,False,True,False,True,19634,6526,Hancock Whitney Stadium,6,South Alabama,fbs,Sun Belt,14,"[7, 0, 7, 0]",0.3514746129512787,1421,1410,2032,Arkansas State,fbs,Sun Belt,15,"[0, 3, 0, 12]",0.6485253870487213,1224,1235,6.007573581603441,,,,CollegeFootballData.com API,2026-08-31T17:39:28.915688+00:00,/games,1.3
401757281,2025,8,regular,2025-10-15T00:00:00.000Z,False,True,False,True,12276,3796,Houchens Industries-L.T. Smith Stadium,98,Western Kentucky,fbs,Conference USA,6,"[3, 3, 0, 0]",0.08969080448150635,1424,1352,2229,Florida International,fbs,Conference USA,25,"[6, 13, 6, 0]",0.9103091955184937,1216,1288,3.3262775774847855,,,,CollegeFootballData.com API,2026-08-31T17:39:28.915688+00:00,/games,1.3
401757283,2025,8,regular,2025-10-15T23:00:00.000Z,False,True,False,True,16884,3662,AmFirst Stadium,55,Jacksonville State,fbs,Conference USA,38,"[7, 14, 14, 3]",0.9949139356613159,1517,1540,48,Delaware,fbs,Conference USA,25,"[0, 6, 6, 13]",0.005086064338684082,1491,1468,3.733978273085511,,,,CollegeFootballData.com API,2026-08-31T17:39:28.915688+00:00,/games,1.3
401757284,2025,8,regular,2025-10-15T23:00:00.000Z,False,True,True,True,4657,3631,BBVA Compass Stadium,2534,Sam Houston,fbs,Conference USA,17,"[7, 3, 7, 0]",0.5101594924926758,1173,1139,2638,UTEP,fbs,Conference USA,35,"[7, 7, 7, 14]",0.4898405075073242,1200,1234,6.415474181610054,,,,CollegeFootballData.com API,2026-08-31T17:39:28.915688+00:00,/games,1.3
401762486,2025,8,regular,2025-10-16T23:30:00.000Z,False,True,False,True,31307,3699,Dowdy-Ficklen Stadium,151,East Carolina,fbs,American Athletic,41,"[10, 14, 7, 10]",0.9648906588554382,1540,1530,202,Tulsa,fbs,American Athletic,27,"[7, 7, 3, 10]",0.03510934114456177,1045,1055,5.419543058010475,,,,CollegeFootballData.com API,2026-08-31T17:39:28.915688+00:00,/games,1.3
401754564,2025,8,regular,2025-10-17T23:00:00.000Z,False,True,False,True,66573,3948,Hard Rock Stadium,2390,Miami,fbs,ACC,21,"[7, 3, 3, 8]",0.546370267868042,1843,1832,97,Louisville,fbs,ACC,24,"[14, 0, 3, 7]",0.453629732131958,1735,1746,6.084893249932992,,,,CollegeFootballData.com API,2026-08-31T17:39:28.915688+00:00,/games,1.3
401752872,2025,8,regular,2025-10-18T00:00:00.000Z,False,True,False,True,48549,3953,Huntington Bank Stadium,135,Minnesota,fbs,Big Ten,24,"[0, 7, 7, 10]",0.9812977313995361,1534,1592,158,Nebraska,fbs,Big Ten,6,"[3, 3, 0, 0]",0.018702268600463867,1699,1641,3.714692951454682,,,,CollegeFootballData.com API,2026-08-31T17:39:28.915688+00:00,/games,1.3
401760396,2025,8,regular,2025-10-18T01:00:00.000Z,False,True,False,True,22710,3905,Maverik Stadium,328,Utah State,fbs,Mountain West,30,"[7, 3, 14, 6]",0.4127255976200104,1370,1376,23,San José State,fbs,Mountain West,25,"[3, 6, 10, 6]",0.5872744023799896,1417,1411,6.966052602794608,,,,CollegeFootballData.com API,2026-08-31T17:39:28.915688+00:00,/games,1.3
401754371,2025,8,regular,2025-10-18T02:30:00.000Z,False,True,False,True,33401,3831,California Memorial Stadium,25,California,fbs,ACC,21,"[14, 0, 7, 0]",0.6961370706558228,1408,1408,153,North Carolina,fbs,ACC,18,"[7, 3, 0, 8]",0.30386292934417725,1342,1342,5.406837205979555,,,,CollegeFootballData.com API,2026-08-31T17:39:28.915688+00:00,/games,1.3
401752873,2025,8,regular,2025-10-18T16:00:00.000Z,False,True,False,True,110701,3558,Michigan Stadium,130,Michigan,fbs,Big Ten,24,"[7, 0, 7, 10]",0.9892430901527405,1812,1839,264,Washington,fbs,Big Ten,7,"[0, 7, 0, 0]",0.010756909847259521,1701,1674,4.80158827623924,,,,CollegeFootballData.com API,2026-08-31T17:39:28.915688+00:00,/games,1.3
401762839,2025,8,regular,2025-10-18T16:00:00.000Z,False,True,False,True,23105,3700,Doyt L. Perry Stadium,189,Bowling Green,fbs,Mid-American,6,"[3, 3, 0, 0]",0.005095717031508684,1422,1329,2117,Central Michigan,fbs,Mid-American,27,"[0, 17, 10, 0]",0.9949042829684913,1110,1203,3.6125295218185793,,,,CollegeFootballData.com API,2026-08-31T17:39:28.915688+00:00,/games,1.3
401752745,2025,8,regular,2025-10-18T16:00:00.000Z,False,True,False,True,35000,3973,FirstBank Stadium,238,Vanderbilt,fbs,SEC,31,"[7, 10, 14, 0]",0.9919131994247437,1742,1753,99,LSU,fbs,SEC,24,"[3, 10, 8, 3]",0.008086800575256348,1763,1752,5.302299198534081,,,,CollegeFootballData.com API,2026-08-31T17:39:28.915688+00:00,/games,1.3
401762841,2025,8,regular,2025-10-18T16:00:00.000Z,False,True,False,True,6832,3996,Yager Stadium,193,Miami (OH),fbs,Mid-American,44,"[7, 14, 7, 16]",1,1440,1449,2199,Eastern Michigan,fbs,Mid-American,30,"[0, 14, 0, 16]",0,1213,1204,3.8024699008900793,,,,CollegeFootballData.com API,2026-08-31T17:39:28.915688+00:00,/games,1.3
401756927,2025,8,regular,2025-10-18T16:00:00.000Z,False,True,False,True,43868,3616,Amon G. Carter Stadium,2628,TCU,fbs,Big 12,42,"[0, 21, 7, 14]",0.9653722643852234,1718,1719,239,Baylor,fbs,Big 12,36,"[7, 3, 8, 18]",0.03462773561477661,1593,1592,5.02281994453435,,,,CollegeFootballData.com API,2026-08-31T17:39:28.915688+00:00,/games,1.3
401762488,2025,8,regular,2025-10-18T16:00:00.000Z,False,True,False,True,20027,4729,Yulman Stadium,2655,Tulane,fbs,American Athletic,24,"[0, 3, 7, 14]",0.7129696011543274,1580,1588,349,Army,fbs,American Athletic,17,"[0, 3, 7, 7]",0.2870303988456726,1552,1544,6.688072236737706,,,,CollegeFootballData.com API,2026-08-31T17:39:28.915688+00:00,/games,1.3
401756925,2025,8,regular,2025-10-18T16:00:00.000Z,False,True,False,True,28535,4728,TDECU Stadium,248,Houston,fbs,Big 12,31,"[7, 14, 7, 3]",0.6940749287605286,1477,1478,12,Arizona,fbs,Big 12,28,"[14, 0, 0, 14]",0.30592507123947144,1473,1472,5.720926212231053,,,,CollegeFootballData.com API,2026-08-31T17:39:28.915688+00:00,/games,1.3
401754569,2025,8,regular,2025-10-18T16:00:00.000Z,False,True,False,False,38917,3615,"Alumni Stadium (Chestnut Hill, MA)",103,Boston College,fbs,ACC,23,"[6, 14, 0, 3]",0.33645644783973694,1303,1291,41,UConn,fbs,FBS Independents,38,"[7, 10, 14, 7]",0.6635435521602631,1541,1553,5.78784419663085,,,,CollegeFootballData.com API,2026-08-31T17:39:28.915688+00:00,/games,1.3
401754566,2025,8,regular,2025-10-18T16:00:00.000Z,False,True,False,True,27846,3982,Wallace Wade Stadium,150,Duke,fbs,ACC,18,"[0, 7, 3, 8]",0.1293516457080841,1645,1622,59,Georgia Tech,fbs,ACC,27,"[7, 0, 3, 17]",0.8706483542919159,1588,1611,5.815864619099065,,,,CollegeFootballData.com API,2026-08-31T17:39:28.915688+00:00,/games,1.3
401752744,2025,8,regular,2025-10-18T16:45:00.000Z,False,True,False,True,78680,3994,Williams-Brice Stadium,2579,South Carolina,fbs,SEC,7,"[0, 7, 0, 0]",0.012702463194727898,1670,1630,201,Oklahoma,fbs,SEC,26,"[7, 7, 10, 2]",0.9872975368052721,1741,1781,4.715052118463295,,,,CollegeFootballData.com API,2026-08-31T17:39:28.915688+00:00,/games,1.3
401756928,2025,8,regular,2025-10-18T17:00:00.000Z,False,True,False,True,43445,3652,FBC Mortgage Stadium,2116,UCF,fbs,Big 12,45,"[14, 0, 21, 10]",0.9578840732574463,1555,1616,277,West Virginia,fbs,Big 12,13,"[0, 7, 0, 6]",0.04211592674255371,1342,1281,4.458347202379033,,,,CollegeFootballData.com API,2026-08-31T17:39:28.915688+00:00,/games,1.3
401762842,2025,8,regular,2025-10-18T18:00:00.000Z,False,True,False,True,18417,3739,Glass Bowl,2649,Toledo,fbs,Mid-American,45,"[7, 10, 21, 7]",0.9920244216918945,1551,1579,2309,Kent State,fbs,Mid-American,10,"[10, 0, 0, 0]",0.007975578308105469,966,938,4.250967090349852,,,,CollegeFootballData.com API,2026-08-31T17:39:28.915688+00:00,/games,1.3
401762840,2025,8,regular,2025-10-18T18:30:00.000Z,False,True,False,True,15239,3985,Warren McGuirk Alumni Stadium,113,Massachusetts,fbs,Mid-American,21,"[0, 14, 7, 0]",0.5642518997192383,889,910,2084,Buffalo,fbs,Mid-American,28,"[3, 7, 10, 8]",0.4357481002807617,1377,1356,6.595531852666956,,,,CollegeFootballData.com API,2026-08-31T17:39:28.915688+00:00,/games,1.3
401761633,2025,8,regular,2025-10-18T19:00:00.000Z,False,True,False,True,16863,3817,Malone Stadium,2433,UL Monroe,fbs,Sun Belt,14,"[0, 8, 6, 0]",0,1077,1060,2653,Troy,fbs,Sun Belt,37,"[10, 7, 10, 10]",1,1471,1488,5.693478891724538,,,,CollegeFootballData.com API,2026-08-31T17:39:28.915688+00:00,/games,1.3
401752874,2025,8,regular,2025-10-18T19:00:00.000Z,False,True,False,True,12023,5960,Lanny and Sharon Martin Stadium,77,Northwestern,fbs,Big Ten,19,"[3, 10, 6, 0]",0.9686245322227478,1510,1534,2509,Purdue,fbs,Big Ten,0,"[0, 0, 0, 0]",0.0313754677772522,1314,1290,3.428001164512284,,,,CollegeFootballData.com API,2026-08-31T17:39:28.915688+00:00,/games,1.3
401761632,2025,8,regular,2025-10-18T19:30:00.000Z,False,True,False,True,27533,3775,Joan C. Edwards Stadium,276,Marshall,fbs,Sun Belt,40,"[7, 6, 3, 11, 7, 6]",0.5277658104896545,1582,1583,326,Texas State,fbs,Sun Belt,37,"[7, 10, 0, 10, 7, 3]",0.47223418951034546,1555,1554,13.192992307572979,,,,CollegeFootballData.com API,2026-08-31T17:39:28.915688+00:00,/games,1.3
401760392,2025,8,regular,2025-10-18T19:30:00.000Z,False,True,False,True,23401,3713,Falcon Stadium,2005,Air Force,fbs,Mountain West,24,"[3, 3, 8, 10]",0.6241727471351624,1354,1355,2751,Wyoming,fbs,Mountain West,21,"[7, 0, 7, 7]",0.37582725286483765,1337,1336,6.22586072967788,,,,CollegeFootballData.com API,2026-08-31T17:39:28.915688+00:00,/games,1.3
401752739,2025,8,regular,2025-10-18T19:30:00.000Z,False,True,False,True,73845,3887,Razorback Stadium,8,Arkansas,fbs,SEC,42,"[3, 17, 7, 15]",0.3126192092895508,1610,1617,245,Texas A&M,fbs,SEC,45,"[7, 14, 17, 7]",0.6873807907104492,1808,1801,7.050104190802901,,,,CollegeFootballData.com API,2026-08-31T17:39:28.915688+00:00,/games,1.3
401762489,2025,8,regular,2025-10-18T19:30:00.000Z,False,True,False,True,13618,4418,Jerry Richardson Stadium,2429,Charlotte,fbs,American Athletic,14,"[7, 0, 0, 7]",0.0009986907243728638,1143,1054,218,Temple,fbs,American Athletic,49,"[7, 21, 21, 0]",0.9990013092756271,1241,1330,3.3193001555565673,,,,CollegeFootballData.com API,2026-08-31T17:39:28.915688+00:00,/games,1.3
401762491,2025,8,regular,2025-10-18T19:30:00.000Z,False,True,False,True,25053,3825,DATCU Stadium,249,North Texas,fbs,American Athletic,55,"[17, 7, 21, 10]",0.9809975028038025,1530,1648,2636,UTSA,fbs,American Athletic,17,"[7, 7, 3, 0]",0.01900249719619751,1588,1470,4.681517913552595,,,,CollegeFootballData.com API,2026-08-31T17:39:28.915688+00:00,/games,1.3
401760393,2025,8,regular,2025-10-18T19:30:00.000Z,False,True,False,True,32927,3653,Albertsons Stadium,68,Boise State,fbs,Mountain West,56,"[14, 14, 21, 7]",0.9625915288925171,1667,1725,2439,UNLV,fbs,Mountain West,31,"[3, 21, 0, 7]",0.03740847110748291,1625,1567,4.723304037346108,,,,CollegeFootballData.com API,2026-08-31T17:39:28.915688+00:00,/games,1.3
401752878,2025,8,regular,2025-10-18T19:30:00.000Z,False,True,False,True,55165,3830,"Memorial Stadium (Bloomington, IN)",84,Indiana,fbs,Big Ten,38,"[7, 14, 14, 3]",0.9220895767211914,2022,2017,127,Michigan State,fbs,Big Ten,13,"[3, 7, 0, 3]",0.0779104232788086,1343,1348,4.408103535343244,,,,CollegeFootballData.com API,2026-08-31T17:39:28.915688+00:00,/games,1.3
401754565,2025,8,regular,2025-10-18T19:30:00.000Z,False,True,False,True,78669,3836,"Memorial Stadium (Clemson, SC)",228,Clemson,fbs,ACC,24,"[0, 7, 10, 7]",0.5791419744491577,1734,1708,2567,SMU,fbs,ACC,35,"[7, 9, 7, 12]",0.4208580255508423,1709,1735,5.469391383562523,,,,CollegeFootballData.com API,2026-08-31T17:39:28.915688+00:00,/games,1.3
401752877,2025,8,regular,2025-10-18T19:30:00.000Z,False,True,False,True,72795,347,Camp Randall Stadium,275,Wisconsin,fbs,Big Ten,0,"[0, 0, 0, 0]",0.041887398809194565,1459,1435,194,Ohio State,fbs,Big Ten,34,"[17, 0, 10, 7]",0.9581126011908054,2074,2098,2.6917223168852957,,,,CollegeFootballData.com API,2026-08-31T17:39:28.915688+00:00,/games,1.3
401762838,2025,8,regular,2025-10-18T19:30:00.000Z,False,True,False,True,12248,3919,Scheumann Stadium,2050,Ball State,fbs,Mid-American,42,"[14, 0, 14, 14]",0.7704926133155823,1028,1055,2006,Akron,fbs,Mid-American,28,"[8, 7, 10, 3]",0.22950738668441772,1018,991,7.117811898214637,,,,CollegeFootballData.com API,2026-08-31T17:39:28.915688+00:00,/games,1.3
401762843,2025,8,regular,2025-10-18T19:30:00.000Z,False,True,False,True,22293,3876,Peden Stadium,195,Ohio,fbs,Mid-American,48,"[14, 7, 13, 14]",0.992224931716919,1568,1612,2459,Northern Illinois,fbs,Mid-American,21,"[0, 8, 6, 7]",0.007775068283081055,1341,1297,3.138666629025117,,,,CollegeFootballData.com API,2026-08-31T17:39:28.915688+00:00,/games,1.3
401752742,2025,8,regular,2025-10-18T19:30:00.000Z,False,True,False,True,93033,3917,Sanford Stadium,61,Georgia,fbs,SEC,43,"[3, 17, 6, 17]",0.8781432509422302,2025,2034,145,Ole Miss,fbs,SEC,35,"[7, 14, 14, 0]",0.12185674905776978,1971,1962,7.5134351342636005,,,,CollegeFootballData.com API,2026-08-31T17:39:28.915688+00:00,/games,1.3
401761631,2025,8,regular,2025-10-18T19:30:00.000Z,False,True,False,True,25232,3651,Bridgeforth Stadium,256,James Madison,fbs,Sun Belt,63,"[14, 14, 21, 14]",0.9325857758522034,1643,1733,295,Old Dominion,fbs,Sun Belt,27,"[20, 7, 0, 0]",0.06741422414779663,1554,1464,5.507113326122281,,,,CollegeFootballData.com API,2026-08-31T17:39:28.915688+00:00,/games,1.3
401761629,2025,8,regular,2025-10-18T19:30:00.000Z,False,True,False,True,33862,3792,Kidd Brewer Stadium,2026,App State,fbs,Sun Belt,37,"[14, 10, 10, 3]",0.2807023227214813,1360,1331,324,Coastal Carolina,fbs,Sun Belt,45,"[10, 7, 14, 14]",0.7192976772785187,1206,1235,5.483124376722729,,,,CollegeFootballData.com API,2026-08-31T17:39:28.915688+00:00,/games,1.3
401756923,2025,8,regular,2025-10-18T20:00:00.000Z,False,True,False,True,54177,3947,Mountain America Stadium,9,Arizona State,fbs,Big 12,26,"[3, 6, 7, 10]",0.6207810640335083,1629,1638,2641,Texas Tech,fbs,Big 12,22,"[0, 7, 0, 15]",0.3792189359664917,1835,1826,8.938142610637891,,,,CollegeFootballData.com API,2026-08-31T17:39:28.915688+00:00,/games,1.3
401762487,2025,8,regular,2025-10-18T20:00:00.000Z,False,True,False,True,19037,7221,Protective Stadium,5,UAB,fbs,American Athletic,31,"[7, 10, 7, 7]",0.9770079255104065,1209,1252,235,Memphis,fbs,American Athletic,24,"[7, 7, 3, 7]",0.022992074489593506,1723,1680,6.516770535855644,,,,CollegeFootballData.com API,2026-08-31T17:39:28.915688+00:00,/games,1.3
401752741,2025,8,regular,2025-10-18T20:15:00.000Z,False,True,False,True,90203,3634,Ben Hill Griffin Stadium,57,Florida,fbs,SEC,23,"[3, 10, 0, 10]",0.7101824283599854,1639,1638,344,Mississippi State,fbs,SEC,21,"[7, 0, 0, 14]",0.28981757164001465,1494,1495,6.916557826100512,,,,CollegeFootballData.com API,2026-08-31T17:39:28.915688+00:00,/games,1.3
401761668,2025,8,regular,2025-10-18T21:00:00.000Z,False,True,False,True,21047,3666,Cajun Field,309,Louisiana,fbs,Sun Belt,10,"[7, 0, 3, 0]",0.4602220058441162,1369,1333,2572,Southern Miss,fbs,Sun Belt,22,"[0, 13, 7, 2]",0.5397779941558838,1273,1309,4.490560801194364,,,,CollegeFootballData.com API,2026-08-31T17:39:28.915688+00:00,/games,1.3
401752951,2025,8,regular,2025-10-18T22:30:00.000Z,False,True,False,False,56048,3923,Scott Stadium,258,Virginia,fbs,ACC,22,"[7, 0, 3, 12]",0.4096009433269501,1593,1590,265,Washington State,fbs,Pac-12,20,"[7, 10, 3, 0]",0.5903990566730499,1361,1364,6.0728203483249565,,,,CollegeFootballData.com API,2026-08-31T17:39:28.915688+00:00,/games,1.3
401752876,2025,8,regular,2025-10-18T22:30:00.000Z,False,True,False,True,53127,6577,SHI Stadium,164,Rutgers,fbs,Big Ten,10,"[3, 0, 0, 7]",0.06056581810116768,1547,1468,2483,Oregon,fbs,Big Ten,56,"[14, 28, 14, 0]",0.9394341818988323,1996,2075,2.8655127929578694,,,,CollegeFootballData.com API,2026-08-31T17:39:28.915688+00:00,/games,1.3
401752879,2025,8,regular,2025-10-18T23:00:00.000Z,False,True,False,True,35561,1056,Rose Bowl,26,UCLA,fbs,Big Ten,20,"[0, 7, 0, 13]",0.38513466715812683,1445,1448,120,Maryland,fbs,Big Ten,17,"[0, 3, 7, 7]",0.6148653328418732,1576,1573,8.336534365982493,,,,CollegeFootballData.com API,2026-08-31T17:39:28.915688+00:00,/games,1.3
401760394,2025,8,regular,2025-10-18T23:00:00.000Z,False,True,False,True,40416,5388,Canvas Stadium,36,Colorado State,fbs,Mountain West,19,"[7, 0, 0, 12]",0.04967927187681198,1384,1353,62,Hawai'i,fbs,Mountain West,31,"[7, 7, 10, 7]",0.950320728123188,1335,1366,5.144720454505094,,,,CollegeFootballData.com API,2026-08-31T17:39:28.915688+00:00,/games,1.3
401752875,2025,8,regular,2025-10-18T23:00:00.000Z,False,True,False,True,69250,3793,Kinnick Stadium,2294,Iowa,fbs,Big Ten,25,"[3, 7, 6, 9]",0.7258291840553284,1824,1830,213,Penn State,fbs,Big Ten,24,"[7, 7, 7, 3]",0.27417081594467163,1996,1990,6.271060684846177,,,,CollegeFootballData.com API,2026-08-31T17:39:28.915688+00:00,/games,1.3
401752743,2025,8,regular,2025-10-18T23:00:00.000Z,False,True,False,True,60937,3683,Kroger Field,96,Kentucky,fbs,SEC,13,"[0, 0, 3, 10, 0]",0.6674437522888184,1513,1533,251,Texas,fbs,SEC,16,"[0, 7, 3, 3, 3]",0.33255624771118164,1964,1944,6.724882670426927,,,,CollegeFootballData.com API,2026-08-31T17:39:28.915688+00:00,/games,1.3
401761630,2025,8,regular,2025-10-18T23:00:00.000Z,False,True,False,True,25428,3608,Allen E. Paulson Stadium,290,Georgia Southern,fbs,Sun Belt,41,"[3, 10, 7, 21]",0.803580105304718,1316,1335,2247,Georgia State,fbs,Sun Belt,24,"[7, 10, 7, 0]",0.19641989469528198,1116,1097,6.5047485621923276,,,,CollegeFootballData.com API,2026-08-31T17:39:28.915688+00:00,/games,1.3
401752738,2025,8,regular,2025-10-18T23:30:00.000Z,False,True,False,True,100077,3657,Bryant-Denny Stadium,333,Alabama,fbs,SEC,37,"[7, 16, 7, 7]",0.8085278272628784,1967,1991,2633,Tennessee,fbs,SEC,20,"[0, 7, 6, 7]",0.19147217273712158,1825,1801,4.577807755089341,,,,CollegeFootballData.com API,2026-08-31T17:39:28.915688+00:00,/games,1.3
401752871,2025,8,regular,2025-10-18T23:30:00.000Z,False,True,False,False,77622,3855,Notre Dame Stadium,87,Notre Dame,fbs,FBS Independents,34,"[7, 7, 13, 7]",0.9810776710510254,2196,2193,30,USC,fbs,Big Ten,24,"[10, 3, 11, 0]",0.01892232894897461,1904,1907,6.843850667589161,,,,CollegeFootballData.com API,2026-08-31T17:39:28.915688+00:00,/games,1.3
401762490,2025,8,regular,2025-10-18T23:30:00.000Z,False,True,False,True,45169,3886,Raymond James Stadium,58,South Florida,fbs,American Athletic,48,"[7, 14, 10, 17]",0.9991554617881775,1607,1663,2226,Florida Atlantic,fbs,American Athletic,13,"[3, 3, 7, 0]",0.0008445382118225098,1270,1214,4.3790154909636065,,,,CollegeFootballData.com API,2026-08-31T17:39:28.915688+00:00,/games,1.3
401754568,2025,8,regular,2025-10-18T23:30:00.000Z,False,True,False,True,40772,1964,JMA Wireless Dome,183,Syracuse,fbs,ACC,13,"[7, 0, 0, 6]",0.4238635003566742,1422,1402,221,Pittsburgh,fbs,ACC,30,"[7, 10, 3, 10]",0.5761364996433258,1625,1645,4.623256562987445,,,,CollegeFootballData.com API,2026-08-31T17:39:28.915688+00:00,/games,1.3
401752740,2025,8,regular,2025-10-18T23:45:00.000Z,False,True,False,True,88043,3785,Jordan-Hare Stadium,2,Auburn,fbs,SEC,17,"[7, 0, 7, 3, 0, 0]",0.3749648630619049,1684,1681,142,Missouri,fbs,SEC,23,"[3, 7, 0, 7, 0, 6]",0.6250351369380951,1788,1791,6.324503035415732,,,,CollegeFootballData.com API,2026-08-31T17:39:28.915688+00:00,/games,1.3
401756926,2025,8,regular,2025-10-19T00:00:00.000Z,False,True,False,True,46901,3646,Boone Pickens Stadium,197,Oklahoma State,fbs,Big 12,17,"[3, 7, 7, 0]",0.0426059365272522,1107,1071,2132,Cincinnati,fbs,Big 12,49,"[7, 21, 0, 21]",0.9573940634727478,1558,1594,4.321065221154091,,,,CollegeFootballData.com API,2026-08-31T17:39:28.915688+00:00,/games,1.3
401756924,2025,8,regular,2025-10-19T00:00:00.000Z,False,True,False,True,64794,3801,LaVell Edwards Stadium,252,BYU,fbs,Big 12,24,"[0, 10, 0, 14]",0.4821137487888336,1695,1697,254,Utah,fbs,Big 12,21,"[0, 7, 0, 14]",0.5178862512111664,1773,1771,6.74254611063529,,,,CollegeFootballData.com API,2026-08-31T17:39:28.915688+00:00,/games,1.3
401760395,2025,8,regular,2025-10-19T01:45:00.000Z,False,True,False,True,18233,3971,University Stadium (NM),167,New Mexico,fbs,Mountain West,24,"[7, 7, 10, 0]",0.5816745758056641,1403,1401,2440,Nevada,fbs,Mountain West,22,"[3, 9, 7, 3]",0.41832542419433594,1188,1190,6.3799854516551004,,,,CollegeFootballData.com API,2026-08-31T17:39:28.915688+00:00,/games,1.3
401752941,2025,8,regular,2025-10-19T02:00:00.000Z,False,True,False,False,27735,3893,Reser Stadium,204,Oregon State,fbs,Pac-12,45,"[3, 7, 21, 14]",0.9941145181655884,1237,1237,322,Lafayette,fcs,Patriot,13,"[3, 10, 0, 0]",0.005885481834411621,,,5.1870392139732076,,,,CollegeFootballData.com API,2026-08-31T17:39:28.915688+00:00,/games,1.3
401754567,2025,8,regular,2025-10-19T02:30:00.000Z,False,True,False,True,26470,3940,Stanford Stadium,24,Stanford,fbs,ACC,20,"[3, 10, 7, 0]",0.6373603940010071,1241,1271,52,Florida State,fbs,ACC,13,"[0, 10, 0, 3]",0.3626396059989929,1572,1542,5.066575309309328,,,,CollegeFootballData.com API,2026-08-31T17:39:28.915688+00:00,/games,1.3
401757285,2025,9,regular,2025-10-21T23:00:00.000Z,False,True,False,True,12133,2031,Pitbull Stadium,2229,Florida International,fbs,Conference USA,26,"[7, 7, 3, 9]",0.1251012533903122,1288,1246,338,Kennesaw State,fbs,Conference USA,45,"[14, 10, 7, 14]",0.8748987466096878,1332,1374,4.216063643104564,,,,CollegeFootballData.com API,2026-08-31T17:39:28.915688+00:00,/games,1.3
401757286,2025,9,regular,2025-10-21T23:30:00.000Z,False,True,False,True,10928,3776,Joe Aillet Stadium,2348,Louisiana Tech,fbs,Conference USA,27,"[7, 0, 7, 6, 7]",0.7236899137496948,1381,1378,98,Western Kentucky,fbs,Conference USA,28,"[10, 10, 0, 0, 8]",0.2763100862503052,1352,1355,9.038273739815125,,,,CollegeFootballData.com API,2026-08-31T17:39:28.915688+00:00,/games,1.3
401757287,2025,9,regular,2025-10-22T23:30:00.000Z,False,True,False,True,14102,3695,Delaware Stadium,48,Delaware,fbs,Conference USA,31,"[7, 17, 7, 0]",0.7728374600410461,1468,1465,2393,Middle Tennessee,fbs,Conference USA,28,"[14, 0, 7, 7]",0.22716253995895386,1181,1184,6.950549816744317,,,,CollegeFootballData.com API,2026-08-31T17:39:28.915688+00:00,/games,1.3
401757288,2025,9,regular,2025-10-23T01:00:00.000Z,False,True,False,True,8790,3601,Aggie Memorial Stadium,166,New Mexico State,fbs,Conference USA,17,"[0, 7, 0, 10, 0]",0.46374601125717163,1231,1225,2623,Missouri State,fbs,Conference USA,24,"[7, 0, 10, 0, 7]",0.5362539887428284,1329,1335,7.537797642472893,,,,CollegeFootballData.com API,2026-08-31T17:39:28.915688+00:00,/games,1.3
401761634,2025,9,regular,2025-10-23T23:30:00.000Z,False,True,False,True,13673,4246,Center Parc Stadium,2247,Georgia State,fbs,Sun Belt,31,"[14, 0, 3, 14]",0.07349050790071487,1097,1107,6,South Alabama,fbs,Sun Belt,38,"[21, 7, 0, 10]",0.9265094920992851,1410,1400,6.390908995027831,,,,CollegeFootballData.com API,2026-08-31T17:39:28.915688+00:00,/games,1.3
401762492,2025,9,regular,2025-10-24T23:00:00.000Z,False,True,False,True,9626,4418,Jerry Richardson Stadium,2429,Charlotte,fbs,American Athletic,20,"[10, 7, 3, 0]",0.20414631068706512,1054,1028,249,North Texas,fbs,American Athletic,54,"[7, 10, 10, 27]",0.7958536893129349,1648,1674,5.201038363476169,,,,CollegeFootballData.com API,2026-08-31T17:39:28.915688+00:00,/games,1.3
401754372,2025,9,regular,2025-10-24T23:30:00.000Z,False,True,False,True,53837,3799,Lane Stadium,259,Virginia Tech,fbs,ACC,42,"[10, 0, 10, 7, 7, 8]",0.8125044703483582,1419,1430,25,California,fbs,ACC,34,"[3, 17, 0, 7, 7, 0]",0.18749552965164185,1408,1397,11.999217742937725,,,,CollegeFootballData.com API,2026-08-31T17:39:28.915688+00:00,/games,1.3
401760397,2025,9,regular,2025-10-25T02:00:00.000Z,False,True,False,True,18029,3816,Mackay Stadium,2440,Nevada,fbs,Mountain West,3,"[3, 0, 0, 0]",0.01033131591975689,1190,1191,68,Boise State,fbs,Mountain West,24,"[3, 7, 7, 7]",0.9896686840802431,1725,1724,5.885370695021587,,,,CollegeFootballData.com API,2026-08-31T17:39:28.915688+00:00,/games,1.3
401762494,2025,9,regular,2025-10-25T16:00:00.000Z,False,True,False,True,30940,3805,Simmons Bank Liberty Stadium,235,Memphis,fbs,American Athletic,34,"[7, 7, 3, 17]",0.3881875276565552,1680,1681,58,South Florida,fbs,American Athletic,31,"[14, 10, 7, 0]",0.6118124723434448,1663,1662,8.277300484561323,,,,CollegeFootballData.com API,2026-08-31T17:39:28.915688+00:00,/games,1.3
401752883,2025,9,regular,2025-10-25T16:00:00.000Z,False,True,False,True,86401,3834,"Memorial Stadium (Lincoln, NE)",158,Nebraska,fbs,Big Ten,28,"[7, 0, 14, 7]",0.9840260148048401,1641,1645,77,Northwestern,fbs,Big Ten,21,"[3, 3, 7, 8]",0.015973985195159912,1534,1530,5.580519247770252,,,,CollegeFootballData.com API,2026-08-31T17:39:28.915688+00:00,/games,1.3
401752942,2025,9,regular,2025-10-25T16:00:00.000Z,False,True,False,True,28358,3630,Allegacy Federal Credit Union Stadium,154,Wake Forest,fbs,ACC,13,"[3, 7, 0, 3]",0.7575358748435974,1463,1471,2567,SMU,fbs,ACC,12,"[0, 6, 6, 0]",0.2424641251564026,1735,1727,8.142501079561848,,,,CollegeFootballData.com API,2026-08-31T17:39:28.915688+00:00,/games,1.3
401761635,2025,9,regular,2025-10-25T16:00:00.000Z,False,True,False,True,18097,3918,S.B. Ballard Stadium,295,Old Dominion,fbs,Sun Belt,24,"[7, 3, 14, 0]",0.6012321710586548,1464,1463,2026,App State,fbs,Sun Belt,21,"[0, 7, 0, 14]",0.3987678289413452,1331,1332,5.274537527076779,,,,CollegeFootballData.com API,2026-08-31T17:39:28.915688+00:00,/games,1.3
401752885,2025,9,regular,2025-10-25T16:00:00.000Z,False,True,False,True,54867,3830,"Memorial Stadium (Bloomington, IN)",84,Indiana,fbs,Big Ten,56,"[14, 21, 14, 7]",0.9978094100952148,2017,2091,26,UCLA,fbs,Big Ten,6,"[0, 3, 3, 0]",0.0021905899047851562,1448,1374,2.9821040342297818,,,,CollegeFootballData.com API,2026-08-31T17:39:28.915688+00:00,/games,1.3
401752750,2025,9,regular,2025-10-25T16:00:00.000Z,False,True,False,True,83468,3835,"Memorial Stadium (Norman, OK)",201,Oklahoma,fbs,SEC,26,"[3, 7, 16, 0]",0.09089326858520508,1781,1780,145,Ole Miss,fbs,SEC,34,"[10, 12, 3, 9]",0.9091067314147949,1962,1963,6.522901703271394,,,,CollegeFootballData.com API,2026-08-31T17:39:28.915688+00:00,/games,1.3
401754571,2025,9,regular,2025-10-25T16:00:00.000Z,False,True,False,True,51913,721,Bobby Dodd Stadium,59,Georgia Tech,fbs,ACC,41,"[3, 17, 14, 7]",0.9990342259407043,1611,1651,183,Syracuse,fbs,ACC,16,"[3, 0, 7, 6]",0.0009657740592956543,1402,1362,4.24847225813943,,,,CollegeFootballData.com API,2026-08-31T17:39:28.915688+00:00,/games,1.3
401762846,2025,9,regular,2025-10-25T16:00:00.000Z,False,True,False,True,9260,3696,Dix Stadium,2309,Kent State,fbs,Mid-American,24,"[0, 3, 14, 7]",0.2651918828487396,938,945,189,Bowling Green,fbs,Mid-American,21,"[7, 7, 7, 0]",0.7348081171512604,1329,1322,6.259468083705375,,,,CollegeFootballData.com API,2026-08-31T17:39:28.915688+00:00,/games,1.3
401762848,2025,9,regular,2025-10-25T16:00:00.000Z,False,True,False,True,15985,3912,Rynearson Stadium,2199,Eastern Michigan,fbs,Mid-American,21,"[14, 0, 0, 7]",0.1510891616344452,1204,1220,195,Ohio,fbs,Mid-American,28,"[7, 0, 7, 14]",0.8489108383655548,1612,1596,5.532686554097608,,,,CollegeFootballData.com API,2026-08-31T17:39:28.915688+00:00,/games,1.3
401752884,2025,9,regular,2025-10-25T16:00:00.000Z,False,True,False,True,55289,3907,Ross-Ade Stadium,2509,Purdue,fbs,Big Ten,24,"[10, 0, 7, 7]",0.40335482358932495,1290,1296,164,Rutgers,fbs,Big Ten,27,"[0, 7, 7, 13]",0.596645176410675,1468,1462,6.663165101411546,,,,CollegeFootballData.com API,2026-08-31T17:39:28.915688+00:00,/games,1.3
401756932,2025,9,regular,2025-10-25T16:00:00.000Z,False,True,False,True,,3833,Memorial Stadium,2305,Kansas,fbs,Big 12,17,"[7, 7, 3, 0]",0.24458609521389008,1621,1563,2306,Kansas State,fbs,Big 12,42,"[21, 0, 14, 7]",0.7554139047861099,1695,1753,4.163411187007522,,,,CollegeFootballData.com API,2026-08-31T17:39:28.915688+00:00,/games,1.3
401754573,2025,9,regular,2025-10-25T16:00:00.000Z,False,True,False,True,50500,3787,Kenan Stadium,153,North Carolina,fbs,ACC,16,"[0, 10, 0, 0, 6]",0.5519071817398071,1342,1352,258,Virginia,fbs,ACC,17,"[3, 7, 0, 0, 7]",0.44809281826019287,1590,1580,7.587525597139318,,,,CollegeFootballData.com API,2026-08-31T17:39:28.915688+00:00,/games,1.3
401752746,2025,9,regular,2025-10-25T16:45:00.000Z,False,True,False,True,68922,3887,Razorback Stadium,8,Arkansas,fbs,SEC,24,"[0, 21, 3, 0]",0.35182011127471924,1617,1604,2,Auburn,fbs,SEC,33,"[7, 3, 6, 17]",0.6481798887252808,1681,1694,5.35366278395004,,,,CollegeFootballData.com API,2026-08-31T17:39:28.915688+00:00,/games,1.3
401762844,2025,9,regular,2025-10-25T17:00:00.000Z,False,True,False,True,12491,3965,UB Stadium,2084,Buffalo,fbs,Mid-American,16,"[2, 8, 3, 3]",0.20765367150306702,1356,1307,2006,Akron,fbs,Mid-American,24,"[3, 0, 14, 7]",0.792346328496933,991,1040,7.407073768153699,,,,CollegeFootballData.com API,2026-08-31T17:39:28.915688+00:00,/games,1.3
401760400,2025,9,regular,2025-10-25T19:00:00.000Z,False,True,False,True,20097,3971,University Stadium (NM),167,New Mexico,fbs,Mountain West,33,"[7, 19, 0, 7]",0.7954603433609009,1401,1442,328,Utah State,fbs,Mountain West,14,"[0, 7, 0, 7]",0.20453965663909912,1377,1336,3.5724362517660464,,,,CollegeFootballData.com API,2026-08-31T17:39:28.915688+00:00,/games,1.3
401757172,2025,9,regular,2025-10-25T19:00:00.000Z,False,True,False,False,21122,3895,Rice Stadium,242,Rice,fbs,American Athletic,37,"[3, 14, 0, 7, 7, 6]",0.6307185888290405,1156,1163,41,UConn,fbs,FBS Independents,34,"[7, 14, 3, 0, 7, 3]",0.3692814111709595,1553,1546,9.582349826167176,,,,CollegeFootballData.com API,2026-08-31T17:39:28.915688+00:00,/games,1.3
401762847,2025,9,regular,2025-10-25T19:30:00.000Z,False,True,False,True,20489,3786,Kelly/Shorts Stadium,2117,Central Michigan,fbs,Mid-American,38,"[21, 3, 14, 0]",0.9754047393798828,1203,1234,113,Massachusetts,fbs,Mid-American,13,"[7, 3, 3, 0]",0.024595260620117188,910,879,4.378498517035642,,,,CollegeFootballData.com API,2026-08-31T17:39:28.915688+00:00,/games,1.3
401762874,2025,9,regular,2025-10-25T19:30:00.000Z,False,True,False,True,18025,3996,Yager Stadium,193,Miami (OH),fbs,Mid-American,26,"[3, 6, 0, 17]",0.9412311315536499,1449,1459,2711,Western Michigan,fbs,Mid-American,17,"[0, 14, 3, 0]",0.0587688684463501,1379,1369,6.224410165579504,,,,CollegeFootballData.com API,2026-08-31T17:39:28.915688+00:00,/games,1.3
401762495,2025,9,regular,2025-10-25T19:30:00.000Z,False,True,False,True,16403,3674,Chapman Stadium,202,Tulsa,fbs,American Athletic,37,"[3, 14, 7, 7, 6]",0.7937583327293396,1055,1066,218,Temple,fbs,American Athletic,38,"[7, 7, 14, 3, 7]",0.2062416672706604,1330,1319,10.629657665692894,,,,CollegeFootballData.com API,2026-08-31T17:39:28.915688+00:00,/games,1.3
401752880,2025,9,regular,2025-10-25T19:30:00.000Z,False,True,False,True,68630,3765,Husky Stadium,264,Washington,fbs,Big Ten,42,"[14, 7, 7, 14]",0.9335861802101135,1674,1703,356,Illinois,fbs,Big Ten,25,"[3, 14, 0, 8]",0.06641381978988647,1589,1560,4.888917643282428,,,,CollegeFootballData.com API,2026-08-31T17:39:28.915688+00:00,/games,1.3
401760399,2025,9,regular,2025-10-25T19:30:00.000Z,False,True,False,True,41535,3660,Valley Children's Stadium,278,Fresno State,fbs,Mountain West,0,"[0, 0, 0, 0]",0,1405,1360,21,San Diego State,fbs,Mountain West,23,"[7, 6, 0, 10]",1,1534,1579,3.0376400475819985,,,,CollegeFootballData.com API,2026-08-31T17:39:28.915688+00:00,/games,1.3
401761637,2025,9,regular,2025-10-25T19:30:00.000Z,False,True,False,True,27111,3815,M. M. Roberts Stadium,2572,Southern Miss,fbs,Sun Belt,49,"[7, 14, 14, 14]",0.991515576839447,1309,1354,2433,UL Monroe,fbs,Sun Belt,21,"[7, 7, 0, 7]",0.008484423160552979,1060,1015,4.357216605487509,,,,CollegeFootballData.com API,2026-08-31T17:39:28.915688+00:00,/games,1.3
401752752,2025,9,regular,2025-10-25T19:30:00.000Z,False,True,False,True,35000,3973,FirstBank Stadium,238,Vanderbilt,fbs,SEC,17,"[0, 3, 7, 7]",0.28633880615234375,1753,1765,142,Missouri,fbs,SEC,10,"[0, 3, 0, 7]",0.7136611938476562,1791,1779,6.2198969474289605,,,,CollegeFootballData.com API,2026-08-31T17:39:28.915688+00:00,/games,1.3
401752952,2025,9,regular,2025-10-25T19:30:00.000Z,False,True,False,False,27646,3820,Gesa Field,265,Washington State,fbs,Pac-12,28,"[0, 21, 0, 7]",0.7584578990936279,1364,1438,2649,Toledo,fbs,Mid-American,7,"[0, 7, 0, 0]",0.24154210090637207,1579,1505,3.8357891127616592,,,,CollegeFootballData.com API,2026-08-31T17:39:28.915688+00:00,/games,1.3
401762845,2025,9,regular,2025-10-25T19:30:00.000Z,False,True,False,True,10124,3764,Huskie Stadium,2459,Northern Illinois,fbs,Mid-American,21,"[7, 0, 7, 7]",0.6112097501754761,1297,1305,2050,Ball State,fbs,Mid-American,7,"[0, 7, 0, 0]",0.3887902498245239,1055,1047,5.192848634865583,,,,CollegeFootballData.com API,2026-08-31T17:39:28.915688+00:00,/games,1.3
401762493,2025,9,regular,2025-10-25T19:30:00.000Z,False,True,False,True,32175,3852,Navy-Marine Corps Memorial Stadium,2426,Navy,fbs,American Athletic,42,"[14, 7, 0, 21]",0.8187264800071716,1533,1529,2226,Florida Atlantic,fbs,American Athletic,32,"[10, 3, 0, 19]",0.18127351999282837,1214,1218,5.492484893131299,,,,CollegeFootballData.com API,2026-08-31T17:39:28.915688+00:00,/games,1.3
401754574,2025,9,regular,2025-10-25T19:30:00.000Z,False,True,False,True,46840,3752,Acrisure Stadium,221,Pittsburgh,fbs,ACC,53,"[10, 21, 15, 7]",1,1645,1673,152,NC State,fbs,ACC,34,"[7, 14, 0, 13]",0,1487,1459,4.662732411692216,,,,CollegeFootballData.com API,2026-08-31T17:39:28.915688+00:00,/games,1.3
401752882,2025,9,regular,2025-10-25T19:30:00.000Z,False,True,False,True,69250,3793,Kinnick Stadium,2294,Iowa,fbs,Big Ten,41,"[17, 14, 3, 7]",1,1830,1907,135,Minnesota,fbs,Big Ten,3,"[0, 0, 3, 0]",0,1592,1515,2.768067502325409,,,,CollegeFootballData.com API,2026-08-31T17:39:28.915688+00:00,/games,1.3
401752751,2025,9,regular,2025-10-25T19:30:00.000Z,False,True,False,True,79537,3994,Williams-Brice Stadium,2579,South Carolina,fbs,SEC,22,"[3, 3, 9, 7]",0.19009307026863098,1630,1643,333,Alabama,fbs,SEC,29,"[7, 7, 0, 15]",0.809906929731369,1991,1978,6.965500888933744,,,,CollegeFootballData.com API,2026-08-31T17:39:28.915688+00:00,/games,1.3
401756931,2025,9,regular,2025-10-25T19:30:00.000Z,False,True,False,True,61500,3772,Jack Trice Stadium,66,Iowa State,fbs,Big 12,27,"[17, 7, 3, 0]",0.8332663774490356,1622,1597,252,BYU,fbs,Big 12,41,"[7, 10, 10, 14]",0.16673362255096436,1697,1722,5.903255152394795,,,,CollegeFootballData.com API,2026-08-31T17:39:28.915688+00:00,/games,1.3
401756933,2025,9,regular,2025-10-25T20:00:00.000Z,False,True,False,True,59625,3784,Jones AT&T Stadium,2641,Texas Tech,fbs,Big 12,42,"[21, 7, 14, 0]",0.9770151972770691,1826,1855,197,Oklahoma State,fbs,Big 12,0,"[0, 0, 0, 0]",0.022984802722930908,1071,1042,2.9263923453362275,,,,CollegeFootballData.com API,2026-08-31T17:39:28.915688+00:00,/games,1.3
401756930,2025,9,regular,2025-10-25T20:00:00.000Z,False,True,False,True,38007,3854,Nippert Stadium,2132,Cincinnati,fbs,Big 12,41,"[14, 10, 3, 14]",0.9231768250465393,1594,1644,239,Baylor,fbs,Big 12,20,"[0, 6, 6, 8]",0.0768231749534607,1592,1542,3.1679202250819785,,,,CollegeFootballData.com API,2026-08-31T17:39:28.915688+00:00,/games,1.3
401752749,2025,9,regular,2025-10-25T20:15:00.000Z,False,True,False,True,52680,3693,Davis Wade Stadium,344,Mississippi State,fbs,SEC,38,"[7, 17, 7, 7, 0]",0.12271390855312347,1495,1514,251,Texas,fbs,SEC,45,"[7, 7, 0, 24, 7]",0.8772860914468765,1944,1925,9.321110708758852,,,,CollegeFootballData.com API,2026-08-31T17:39:28.915688+00:00,/games,1.3
401756935,2025,9,regular,2025-10-25T22:00:00.000Z,False,True,False,True,54110,3842,Milan Puskar Stadium,277,West Virginia,fbs,Big 12,17,"[0, 7, 3, 7]",0.34336555004119873,1281,1300,2628,TCU,fbs,Big 12,23,"[10, 10, 0, 3]",0.6566344499588013,1719,1700,4.075723777053685,,,,CollegeFootballData.com API,2026-08-31T17:39:28.915688+00:00,/games,1.3
401761638,2025,9,regular,2025-10-25T23:00:00.000Z,False,True,False,True,23719,3975,Veterans Memorial Stadium (AL),2653,Troy,fbs,Sun Belt,35,"[7, 14, 7, 7]",0.6124547719955444,1488,1499,309,Louisiana,fbs,Sun Belt,23,"[7, 10, 3, 3]",0.38754522800445557,1333,1322,6.746593511807248,,,,CollegeFootballData.com API,2026-08-31T17:39:28.915688+00:00,/games,1.3
401752886,2025,9,regular,2025-10-25T23:00:00.000Z,False,True,False,True,58940,3626,Autzen Stadium,2483,Oregon,fbs,Big Ten,21,"[0, 7, 7, 7]",0.921492874622345,2075,2055,275,Wisconsin,fbs,Big Ten,7,"[0, 0, 0, 7]",0.07850712537765503,1435,1455,4.496941102078826,,,,CollegeFootballData.com API,2026-08-31T17:39:28.915688+00:00,/games,1.3
401761636,2025,9,regular,2025-10-25T23:00:00.000Z,False,True,False,True,16341,3625,Centennial Bank Stadium,2032,Arkansas State,fbs,Sun Belt,34,"[7, 10, 7, 10]",0.8345502018928528,1235,1260,290,Georgia Southern,fbs,Sun Belt,24,"[14, 7, 0, 3]",0.16544979810714722,1335,1310,7.334814938094461,,,,CollegeFootballData.com API,2026-08-31T17:39:28.915688+00:00,/games,1.3
401754572,2025,9,regular,2025-10-25T23:00:00.000Z,False,True,False,True,63892,3948,Hard Rock Stadium,2390,Miami,fbs,ACC,42,"[0, 7, 21, 14]",0.9847109913825989,1832,1863,24,Stanford,fbs,ACC,7,"[7, 0, 0, 0]",0.015289008617401123,1271,1240,4.4733997444287,,,,CollegeFootballData.com API,2026-08-31T17:39:28.915688+00:00,/games,1.3
401752881,2025,9,regular,2025-10-25T23:30:00.000Z,False,True,False,True,75085,3936,Spartan Stadium,127,Michigan State,fbs,Big Ten,20,"[0, 7, 0, 13]",0.22799912095069885,1348,1364,130,Michigan,fbs,Big Ten,31,"[10, 0, 14, 7]",0.7720008790493011,1839,1823,4.5247274470283,,,,CollegeFootballData.com API,2026-08-31T17:39:28.915688+00:00,/games,1.3
401754570,2025,9,regular,2025-10-25T23:30:00.000Z,False,True,False,True,50320,3873,L&N Federal Credit Union Stadium,97,Louisville,fbs,ACC,38,"[7, 14, 7, 10]",0.5133187770843506,1746,1738,103,Boston College,fbs,ACC,24,"[3, 7, 7, 7]",0.4866812229156494,1291,1299,5.755154180508504,,,,CollegeFootballData.com API,2026-08-31T17:39:28.915688+00:00,/games,1.3
401752748,2025,9,regular,2025-10-25T23:30:00.000Z,False,True,False,True,101924,3958,Tiger Stadium (LA),99,LSU,fbs,SEC,25,"[7, 11, 0, 7]",0,1752,1694,245,Texas A&M,fbs,SEC,49,"[14, 0, 21, 14]",1,1801,1859,5.32002098367874,,,,CollegeFootballData.com API,2026-08-31T17:39:28.915688+00:00,/games,1.3
401760398,2025,9,regular,2025-10-25T23:30:00.000Z,False,True,False,True,25609,3984,War Memorial Stadium,2751,Wyoming,fbs,Mountain West,28,"[7, 14, 7, 0]",0.8201879262924194,1336,1412,36,Colorado State,fbs,Mountain West,0,"[0, 0, 0, 0]",0.17981207370758057,1353,1277,3.2224574960609362,,,,CollegeFootballData.com API,2026-08-31T17:39:28.915688+00:00,/games,1.3
401752747,2025,9,regular,2025-10-25T23:45:00.000Z,False,True,False,True,60153,3683,Kroger Field,96,Kentucky,fbs,SEC,34,"[7, 14, 6, 7]",0,1533,1506,2633,Tennessee,fbs,SEC,56,"[21, 14, 14, 7]",1,1801,1828,4.0851942581443055,,,,CollegeFootballData.com API,2026-08-31T17:39:28.915688+00:00,/games,1.3
401756929,2025,9,regular,2025-10-26T00:00:00.000Z,False,True,False,True,54256,3947,Mountain America Stadium,9,Arizona State,fbs,Big 12,16,"[0, 0, 0, 16]",0.14500193297863007,1638,1609,248,Houston,fbs,Big 12,24,"[10, 0, 14, 0]",0.8549980670213699,1478,1507,4.716608221900163,,,,CollegeFootballData.com API,2026-08-31T17:39:28.915688+00:00,/games,1.3
401756934,2025,9,regular,2025-10-26T02:15:00.000Z,False,True,False,True,51949,587,Rice-Eccles Stadium,254,Utah,fbs,Big 12,53,"[17, 26, 3, 7]",1,1771,1887,38,Colorado,fbs,Big 12,7,"[0, 0, 0, 7]",0,1611,1495,3.371830554150792,,,,CollegeFootballData.com API,2026-08-31T17:39:28.915688+00:00,/games,1.3
401761639,2025,10,regular,2025-10-29T00:00:00.000Z,False,True,False,True,17363,3644,Bobcat Stadium (TX),326,Texas State,fbs,Sun Belt,20,"[0, 20, 0, 0]",0.0077347224578261375,1554,1486,256,James Madison,fbs,Sun Belt,52,"[14, 14, 21, 3]",0.9922652775421739,1733,1801,4.307558561592839,,,,CollegeFootballData.com API,2026-08-31T17:39:28.915688+00:00,/games,1.3
401757289,2025,10,regular,2025-10-29T00:00:00.000Z,False,True,False,True,11040,4899,Fifth Third Stadium,338,Kennesaw State,fbs,Conference USA,33,"[14, 2, 7, 10]",0.7935960292816162,1374,1388,2638,UTEP,fbs,Conference USA,20,"[0, 10, 10, 0]",0.2064039707183838,1234,1220,6.7507915071202484,,,,CollegeFootballData.com API,2026-08-31T17:39:28.915688+00:00,/games,1.3
401757292,2025,10,regular,2025-10-29T23:30:00.000Z,False,True,False,True,10200,3725,"Johnny ""Red"" Floyd Stadium",2393,Middle Tennessee,fbs,Conference USA,21,"[6, 0, 8, 7]",0.0572785958647728,1184,1199,55,Jacksonville State,fbs,Conference USA,24,"[0, 7, 0, 17]",0.9427214041352272,1540,1525,5.738443333761415,,,,CollegeFootballData.com API,2026-08-31T17:39:28.915688+00:00,/games,1.3
401757291,2025,10,regular,2025-10-30T00:00:00.000Z,False,True,False,True,8754,3878,Plaster Sports Complex,2623,Missouri State,fbs,Conference USA,28,"[7, 7, 7, 7]",0.5360580086708069,1335,1340,2229,Florida International,fbs,Conference USA,21,"[7, 7, 0, 7]",0.4639419913291931,1246,1241,6.056074145082148,,,,CollegeFootballData.com API,2026-08-31T17:39:28.915688+00:00,/games,1.3
401761640,2025,10,regular,2025-10-30T23:30:00.000Z,False,True,False,True,17034,3654,Brooks Stadium (SC),324,Coastal Carolina,fbs,Sun Belt,44,"[3, 14, 20, 7]",0.28921860456466675,1235,1309,276,Marshall,fbs,Sun Belt,27,"[10, 10, 7, 0]",0.7107813954353333,1583,1509,7.543310813440956,,,,CollegeFootballData.com API,2026-08-31T17:39:28.915688+00:00,/games,1.3
401762443,2025,10,regular,2025-10-30T23:30:00.000Z,False,True,False,True,16715,3604,Alamodome,2636,UTSA,fbs,American Athletic,48,"[10, 21, 7, 10]",0.9010108709335327,1470,1537,2655,Tulane,fbs,American Athletic,26,"[6, 6, 7, 7]",0.09898912906646729,1588,1521,3.954352524973834,,,,CollegeFootballData.com API,2026-08-31T17:39:28.915688+00:00,/games,1.3
401762497,2025,10,regular,2025-10-31T23:00:00.000Z,False,True,False,True,20197,3895,Rice Stadium,242,Rice,fbs,American Athletic,14,"[0, 7, 0, 7]",0.10178316384553909,1163,1155,235,Memphis,fbs,American Athletic,38,"[14, 17, 7, 0]",0.8982168361544609,1681,1689,3.0092875279502422,,,,CollegeFootballData.com API,2026-08-31T17:39:28.915688+00:00,/games,1.3
401754575,2025,10,regular,2025-10-31T23:30:00.000Z,False,True,False,True,37184,1964,JMA Wireless Dome,183,Syracuse,fbs,ACC,10,"[7, 3, 0, 0]",0.021773574873805046,1362,1320,153,North Carolina,fbs,ACC,27,"[3, 3, 14, 7]",0.978226425126195,1352,1394,3.9698319179483317,,,,CollegeFootballData.com API,2026-08-31T17:39:28.915688+00:00,/games,1.3
401757290,2025,10,regular,2025-11-01T00:00:00.000Z,False,True,False,True,17841,3776,Joe Aillet Stadium,2348,Louisiana Tech,fbs,Conference USA,55,"[14, 13, 14, 14]",0.9761862754821777,1378,1465,2534,Sam Houston,fbs,Conference USA,14,"[0, 0, 14, 0]",0.023813724517822266,1139,1052,2.765058295627847,,,,CollegeFootballData.com API,2026-08-31T17:39:28.915688+00:00,/games,1.3
401757173,2025,10,regular,2025-11-01T16:00:00.000Z,False,True,False,False,23170,3892,Pratt & Whitney Stadium,41,UConn,fbs,FBS Independents,38,"[7, 17, 14, 0]",0.9882107973098755,1546,1561,5,UAB,fbs,American Athletic,19,"[0, 0, 6, 13]",0.011789202690124512,1252,1237,5.049152748034217,,,,CollegeFootballData.com API,2026-08-31T17:39:28.915688+00:00,/games,1.3
401756936,2025,10,regular,2025-11-01T16:00:00.000Z,False,True,False,True,40212,4727,McLane Stadium,239,Baylor,fbs,Big 12,30,"[14, 6, 3, 7]",0.9800407290458679,1542,1621,2116,UCF,fbs,Big 12,3,"[0, 3, 0, 0]",0.01995927095413208,1616,1537,3.2328341065639985,,,,CollegeFootballData.com API,2026-08-31T17:39:28.915688+00:00,/games,1.3
401762499,2025,10,regular,2025-11-01T16:00:00.000Z,False,True,False,True,26516,3825,DATCU Stadium,249,North Texas,fbs,American Athletic,31,"[14, 10, 7, 0]",0.943037211894989,1674,1690,2426,Navy,fbs,American Athletic,17,"[0, 10, 7, 0]",0.056962788105010986,1529,1513,3.6246469328814164,,,,CollegeFootballData.com API,2026-08-31T17:39:28.915688+00:00,/games,1.3
401756938,2025,10,regular,2025-11-01T16:00:00.000Z,False,True,False,True,25049,4728,TDECU Stadium,248,Houston,fbs,Big 12,35,"[7, 14, 7, 7]",0.06682823598384857,1507,1467,277,West Virginia,fbs,Big 12,45,"[14, 7, 10, 14]",0.9331717640161514,1300,1340,6.363517032629233,,,,CollegeFootballData.com API,2026-08-31T17:39:28.915688+00:00,/games,1.3
401760401,2025,10,regular,2025-11-01T16:00:00.000Z,False,True,False,False,39441,3713,Falcon Stadium,2005,Air Force,fbs,Mountain West,17,"[3, 0, 7, 7]",0.37822410464286804,1355,1362,349,Army,fbs,American Athletic,20,"[7, 3, 0, 10]",0.621775895357132,1544,1537,5.535816980973042,,,,CollegeFootballData.com API,2026-08-31T17:39:28.915688+00:00,/games,1.3
401752889,2025,10,regular,2025-11-01T16:00:00.000Z,False,True,False,True,105517,3861,Ohio Stadium,194,Ohio State,fbs,Big Ten,38,"[7, 10, 14, 7]",0.9644951820373535,2098,2146,213,Penn State,fbs,Big Ten,14,"[0, 14, 0, 0]",0.035504817962646484,1990,1942,4.216863180603837,,,,CollegeFootballData.com API,2026-08-31T17:39:28.915688+00:00,/games,1.3
401762849,2025,10,regular,2025-11-01T16:00:00.000Z,False,True,False,True,11876,3700,Doyt L. Perry Stadium,189,Bowling Green,fbs,Mid-American,3,"[0, 0, 0, 3]",0.011615565046668053,1322,1253,2084,Buffalo,fbs,Mid-American,28,"[7, 14, 7, 0]",0.988384434953332,1307,1376,2.84265125294086,,,,CollegeFootballData.com API,2026-08-31T17:39:28.915688+00:00,/games,1.3
401752758,2025,10,regular,2025-11-01T16:00:00.000Z,False,True,False,True,102338,3910,DKR-Texas Memorial Stadium,251,Texas,fbs,SEC,34,"[17, 7, 10, 0]",0.7722781300544739,1925,1924,238,Vanderbilt,fbs,SEC,31,"[0, 10, 0, 21]",0.22772186994552612,1765,1766,3.920122530757057,,,,CollegeFootballData.com API,2026-08-31T17:39:28.915688+00:00,/games,1.3
401754581,2025,10,regular,2025-11-01T16:00:00.000Z,False,True,False,True,35074,3735,Gerald J. Ford Stadium,2567,SMU,fbs,ACC,26,"[0, 7, 10, 3, 6]",0.58628249168396,1727,1741,2390,Miami,fbs,ACC,20,"[7, 3, 7, 3, 0]",0.41371750831604004,1863,1849,9.760987625430024,,,,CollegeFootballData.com API,2026-08-31T17:39:28.915688+00:00,/games,1.3
401752891,2025,10,regular,2025-11-01T16:00:00.000Z,False,True,False,True,60670,3832,"Memorial Stadium (Champaign, IL)",356,Illinois,fbs,Big Ten,35,"[7, 14, 14, 0]",0.9521887302398682,1560,1603,164,Rutgers,fbs,Big Ten,13,"[0, 6, 0, 7]",0.047811269760131836,1462,1419,4.188323766315605,,,,CollegeFootballData.com API,2026-08-31T17:39:28.915688+00:00,/games,1.3
401754577,2025,10,regular,2025-11-01T16:00:00.000Z,False,True,False,True,75809,3836,"Memorial Stadium (Clemson, SC)",228,Clemson,fbs,ACC,45,"[7, 21, 10, 7]",0.9737728238105774,1708,1703,150,Duke,fbs,ACC,46,"[21, 7, 7, 11]",0.026227176189422607,1622,1627,7.8957948169637735,,,,CollegeFootballData.com API,2026-08-31T17:39:28.915688+00:00,/games,1.3
401756939,2025,10,regular,2025-11-01T17:00:00.000Z,False,True,False,True,60899,3772,Jack Trice Stadium,66,Iowa State,fbs,Big 12,19,"[3, 13, 3, 0]",0.04814131185412407,1597,1589,9,Arizona State,fbs,Big 12,24,"[3, 14, 7, 0]",0.9518586881458759,1609,1617,6.789113847524804,,,,CollegeFootballData.com API,2026-08-31T17:39:28.915688+00:00,/games,1.3
401762498,2025,10,regular,2025-11-01T18:00:00.000Z,False,True,False,True,13168,3806,Lincoln Financial Field,218,Temple,fbs,American Athletic,14,"[7, 7, 0, 0]",0.02488398179411888,1319,1258,151,East Carolina,fbs,American Athletic,45,"[14, 14, 14, 3]",0.9751160182058811,1530,1591,4.039789827827728,,,,CollegeFootballData.com API,2026-08-31T17:39:28.915688+00:00,/games,1.3
401760404,2025,10,regular,2025-11-01T19:00:00.000Z,False,True,False,True,25972,6501,Allegiant Stadium,2439,UNLV,fbs,Mountain West,35,"[0, 21, 7, 7]",0.06649450212717056,1567,1549,167,New Mexico,fbs,Mountain West,40,"[7, 24, 3, 6]",0.9335054978728294,1442,1460,7.218828658078055,,,,CollegeFootballData.com API,2026-08-31T17:39:28.915688+00:00,/games,1.3
401754580,2025,10,regular,2025-11-01T19:00:00.000Z,False,True,False,True,54030,3799,Lane Stadium,259,Virginia Tech,fbs,ACC,16,"[9, 7, 0, 0]",0.0018904185853898525,1430,1431,97,Louisville,fbs,ACC,28,"[7, 0, 14, 7]",0.9981095814146101,1738,1737,6.175265038989168,,,,CollegeFootballData.com API,2026-08-31T17:39:28.915688+00:00,/games,1.3
401757293,2025,10,regular,2025-11-01T19:30:00.000Z,False,True,False,True,18455,3992,Williams Stadium (VA),2335,Liberty,fbs,Conference USA,59,"[7, 21, 21, 10]",1,1424,1506,48,Delaware,fbs,Conference USA,30,"[3, 6, 15, 6]",0,1465,1383,4.296077864596694,,,,CollegeFootballData.com API,2026-08-31T17:39:28.915688+00:00,/games,1.3
401754582,2025,10,regular,2025-11-01T19:30:00.000Z,False,True,False,True,16540,3940,Stanford Stadium,24,Stanford,fbs,ACC,20,"[10, 3, 0, 7]",0.02590952068567276,1240,1245,221,Pittsburgh,fbs,ACC,35,"[7, 14, 14, 0]",0.9740904793143272,1673,1668,5.712078469404845,,,,CollegeFootballData.com API,2026-08-31T17:39:28.915688+00:00,/games,1.3
401756941,2025,10,regular,2025-11-01T19:30:00.000Z,False,True,False,True,52111,3636,Bill Snyder Family Stadium,2306,Kansas State,fbs,Big 12,20,"[7, 0, 7, 6]",0.22401078045368195,1753,1705,2641,Texas Tech,fbs,Big 12,43,"[0, 12, 17, 14]",0.775989219546318,1855,1903,4.938054776568564,,,,CollegeFootballData.com API,2026-08-31T17:39:28.915688+00:00,/games,1.3
401761642,2025,10,regular,2025-11-01T19:30:00.000Z,False,True,False,True,18462,6526,Hancock Whitney Stadium,6,South Alabama,fbs,Sun Belt,22,"[0, 7, 7, 8]",0.1262800246477127,1400,1375,309,Louisiana,fbs,Sun Belt,31,"[10, 14, 7, 0]",0.8737199753522873,1322,1347,4.0834056992858185,,,,CollegeFootballData.com API,2026-08-31T17:39:28.915688+00:00,/games,1.3
401761641,2025,10,regular,2025-11-01T19:30:00.000Z,False,True,False,True,17087,3817,Malone Stadium,2433,UL Monroe,fbs,Sun Belt,6,"[0, 0, 0, 6]",0.029803264886140823,1015,998,295,Old Dominion,fbs,Sun Belt,31,"[17, 7, 0, 7]",0.9701967351138592,1463,1480,2.631088345259229,,,,CollegeFootballData.com API,2026-08-31T17:39:28.915688+00:00,/games,1.3
401754583,2025,10,regular,2025-11-01T19:30:00.000Z,False,True,False,False,44500,3615,"Alumni Stadium (Chestnut Hill, MA)",103,Boston College,fbs,ACC,10,"[0, 7, 3, 0]",0,1299,1339,87,Notre Dame,fbs,FBS Independents,25,"[0, 12, 6, 7]",1,2193,2153,5.266984922724491,,,,CollegeFootballData.com API,2026-08-31T17:39:28.915688+00:00,/games,1.3
401757294,2025,10,regular,2025-11-01T19:30:00.000Z,False,True,False,True,15023,3796,Houchens Industries-L.T. Smith Stadium,98,Western Kentucky,fbs,Conference USA,35,"[0, 14, 14, 7]",0.9377289414405823,1355,1386,166,New Mexico State,fbs,Conference USA,16,"[3, 3, 3, 7]",0.062271058559417725,1225,1194,5.310083448979774,,,,CollegeFootballData.com API,2026-08-31T17:39:28.915688+00:00,/games,1.3
401752755,2025,10,regular,2025-11-01T19:30:00.000Z,False,True,True,True,76131,3712,EverBank Stadium,57,Florida,fbs,SEC,20,"[10, 0, 7, 3]",0.0881829708814621,1638,1655,61,Georgia,fbs,SEC,24,"[7, 3, 7, 7]",0.9118170291185379,2034,2017,7.501922970887811,,,,CollegeFootballData.com API,2026-08-31T17:39:28.915688+00:00,/games,1.3
401752887,2025,10,regular,2025-11-01T19:30:00.000Z,False,True,False,True,46185,3665,SECU Stadium,120,Maryland,fbs,Big Ten,10,"[3, 0, 7, 0]",0.17305046319961548,1573,1506,84,Indiana,fbs,Big Ten,55,"[7, 13, 21, 14]",0.8269495368003845,2091,2158,3.557163403999338,,,,CollegeFootballData.com API,2026-08-31T17:39:28.915688+00:00,/games,1.3
401752888,2025,10,regular,2025-11-01T19:30:00.000Z,False,True,False,True,45339,3953,Huntington Bank Stadium,135,Minnesota,fbs,Big Ten,23,"[7, 3, 0, 7, 6]",0.20073971152305603,1515,1514,127,Michigan State,fbs,Big Ten,20,"[0, 0, 7, 10, 3]",0.799260288476944,1364,1365,7.6516311853107855,,,,CollegeFootballData.com API,2026-08-31T17:39:28.915688+00:00,/games,1.3
401760402,2025,10,regular,2025-11-01T19:30:00.000Z,False,True,False,True,32826,3653,Albertsons Stadium,68,Boise State,fbs,Mountain West,7,"[0, 7, 0, 0]",0,1724,1616,278,Fresno State,fbs,Mountain West,30,"[7, 3, 14, 6]",1,1360,1468,4.483067995981335,,,,CollegeFootballData.com API,2026-08-31T17:39:28.915688+00:00,/games,1.3
401754576,2025,10,regular,2025-11-01T19:45:00.000Z,False,True,False,True,30893,3831,California Memorial Stadium,25,California,fbs,ACC,21,"[0, 7, 7, 7]",0.05293559655547142,1397,1392,258,Virginia,fbs,ACC,31,"[10, 7, 7, 7]",0.9470644034445286,1580,1585,5.718828438861106,,,,CollegeFootballData.com API,2026-08-31T17:39:28.915688+00:00,/games,1.3
401752753,2025,10,regular,2025-11-01T20:00:00.000Z,False,True,False,True,68358,3887,Razorback Stadium,8,Arkansas,fbs,SEC,35,"[0, 13, 15, 7]",0.47001153230667114,1604,1594,344,Mississippi State,fbs,SEC,38,"[7, 0, 14, 17]",0.5299884676933289,1514,1524,7.06341697165689,,,,CollegeFootballData.com API,2026-08-31T17:39:28.915688+00:00,/games,1.3
401762850,2025,10,regular,2025-11-01T20:00:00.000Z,False,True,False,True,29299,3980,Waldo Stadium,2711,Western Michigan,fbs,Mid-American,24,"[0, 7, 7, 10]",0.568860650062561,1369,1368,2117,Central Michigan,fbs,Mid-American,21,"[7, 7, 0, 7]",0.43113934993743896,1234,1235,6.32630256682886,,,,CollegeFootballData.com API,2026-08-31T17:39:28.915688+00:00,/games,1.3
401756940,2025,10,regular,2025-11-01T20:00:00.000Z,False,True,False,True,39511,3833,Memorial Stadium,2305,Kansas,fbs,Big 12,38,"[3, 7, 14, 14]",0.9866192936897278,1563,1556,197,Oklahoma State,fbs,Big 12,21,"[7, 0, 7, 7]",0.013380706310272217,1042,1049,4.262904505679054,,,,CollegeFootballData.com API,2026-08-31T17:39:28.915688+00:00,/games,1.3
401756937,2025,10,regular,2025-11-01T23:00:00.000Z,False,True,False,True,48322,3726,Folsom Field,38,Colorado,fbs,Big 12,17,"[0, 7, 7, 3]",0.14727240800857544,1495,1389,12,Arizona,fbs,Big 12,52,"[17, 21, 14, 0]",0.8527275919914246,1472,1578,2.909193799765285,,,,CollegeFootballData.com API,2026-08-31T17:39:28.915688+00:00,/games,1.3
401760405,2025,10,regular,2025-11-01T23:00:00.000Z,False,True,False,True,24325,7311,Snapdragon Stadium,21,San Diego State,fbs,Mountain West,24,"[7, 10, 0, 7]",0.9953889846801758,1579,1601,2751,Wyoming,fbs,Mountain West,7,"[7, 0, 0, 0]",0.004611015319824219,1412,1390,4.584367757850891,,,,CollegeFootballData.com API,2026-08-31T17:39:28.915688+00:00,/games,1.3
401752756,2025,10,regular,2025-11-01T23:00:00.000Z,False,True,False,True,67491,3974,Vaught-Hemingway Stadium,145,Ole Miss,fbs,SEC,30,"[10, 7, 3, 10]",0.9966846704483032,1963,1969,2579,South Carolina,fbs,SEC,14,"[7, 0, 7, 0]",0.0033153295516967773,1643,1637,5.932028676090789,,,,CollegeFootballData.com API,2026-08-31T17:39:28.915688+00:00,/games,1.3
401752890,2025,10,regular,2025-11-01T23:00:00.000Z,False,True,False,True,110517,3558,Michigan Stadium,130,Michigan,fbs,Big Ten,21,"[7, 7, 0, 7]",0.9230600595474243,1823,1809,2509,Purdue,fbs,Big Ten,16,"[0, 7, 3, 6]",0.07693994045257568,1296,1310,5.6554345034414455,,,,CollegeFootballData.com API,2026-08-31T17:39:28.915688+00:00,/games,1.3
401752757,2025,10,regular,2025-11-01T23:30:00.000Z,False,True,False,True,101915,3853,Neyland Stadium,2633,Tennessee,fbs,SEC,27,"[10, 0, 7, 10]",0.409697562456131,1828,1814,201,Oklahoma,fbs,SEC,33,"[7, 9, 7, 10]",0.590302437543869,1780,1794,7.451622569791746,,,,CollegeFootballData.com API,2026-08-31T17:39:28.915688+00:00,/games,1.3
401752943,2025,10,regular,2025-11-01T23:30:00.000Z,False,True,False,True,32905,3893,Reser Stadium,204,Oregon State,fbs,Pac-12,10,"[0, 3, 0, 7]",0.022400543093681335,1248,1252,265,Washington State,fbs,Pac-12,7,"[0, 7, 0, 0]",0.9775994569063187,1438,1434,6.349020346700761,,,,CollegeFootballData.com API,2026-08-31T17:39:28.915688+00:00,/games,1.3
401754578,2025,10,regular,2025-11-01T23:30:00.000Z,False,True,False,True,63677,3697,Doak Campbell Stadium,52,Florida State,fbs,ACC,42,"[0, 14, 14, 14]",0.9869140982627869,1542,1631,154,Wake Forest,fbs,ACC,7,"[0, 0, 0, 7]",0.013085901737213135,1471,1382,4.080458428558412,,,,CollegeFootballData.com API,2026-08-31T17:39:28.915688+00:00,/games,1.3
401754579,2025,10,regular,2025-11-01T23:30:00.000Z,False,True,False,True,56919,3670,Carter-Finley Stadium,152,NC State,fbs,ACC,48,"[14, 10, 14, 10]",0.9727997183799744,1459,1498,59,Georgia Tech,fbs,ACC,36,"[7, 10, 13, 6]",0.027200281620025635,1651,1612,5.721442235800005,,,,CollegeFootballData.com API,2026-08-31T17:39:28.915688+00:00,/games,1.3
401752892,2025,10,regular,2025-11-01T23:30:00.000Z,False,True,False,True,86529,3834,"Memorial Stadium (Lincoln, NE)",158,Nebraska,fbs,Big Ten,17,"[7, 7, 0, 3]",0.2626121938228607,1645,1655,30,USC,fbs,Big Ten,21,"[0, 6, 8, 7]",0.7373878061771393,1907,1897,4.7153808799608,,,,CollegeFootballData.com API,2026-08-31T17:39:28.915688+00:00,/games,1.3
401752754,2025,10,regular,2025-11-01T23:30:00.000Z,False,True,False,True,88043,3785,Jordan-Hare Stadium,2,Auburn,fbs,SEC,3,"[0, 3, 0, 0]",0.26053720712661743,1694,1665,96,Kentucky,fbs,SEC,10,"[0, 3, 7, 0]",0.7394627928733826,1506,1535,5.095503034276599,,,,CollegeFootballData.com API,2026-08-31T17:39:28.915688+00:00,/games,1.3
401761643,2025,10,regular,2025-11-02T00:00:00.000Z,False,True,False,True,23391,3975,Veterans Memorial Stadium (AL),2653,Troy,fbs,Sun Belt,10,"[0, 3, 0, 7]",0.15671361982822418,1499,1445,2032,Arkansas State,fbs,Sun Belt,23,"[17, 0, 3, 3]",0.8432863801717758,1260,1314,3.168595591458259,,,,CollegeFootballData.com API,2026-08-31T17:39:28.915688+00:00,/games,1.3
401756942,2025,10,regular,2025-11-02T02:15:00.000Z,False,True,False,True,51672,587,Rice-Eccles Stadium,254,Utah,fbs,Big 12,45,"[14, 10, 14, 7]",0.9916237592697144,1887,1941,2132,Cincinnati,fbs,Big 12,14,"[7, 0, 7, 0]",0.008376240730285645,1644,1590,4.715953022024585,,,,CollegeFootballData.com API,2026-08-31T17:39:28.915688+00:00,/games,1.3
401760403,2025,10,regular,2025-11-02T02:30:00.000Z,False,True,False,True,16012,3935,CEFCU Stadium,23,San José State,fbs,Mountain West,45,"[7, 24, 7, 7]",0.8009711503982544,1410,1417,62,Hawai'i,fbs,Mountain West,38,"[7, 7, 14, 10]",0.1990288496017456,1366,1359,6.526755676359059,,,,CollegeFootballData.com API,2026-08-31T17:39:28.915688+00:00,/games,1.3
401762851,2025,11,regular,2025-11-05T00:00:00.000Z,False,True,False,True,5046,3768,InfoCision Stadium,2006,Akron,fbs,Mid-American,44,"[14, 13, 10, 7]",0.991926372051239,1040,1114,113,Massachusetts,fbs,Mid-American,10,"[10, 0, 0, 0]",0.008073627948760986,879,805,3.3217400816098404,,,,CollegeFootballData.com API,2026-08-31T17:39:28.915688+00:00,/games,1.3
401762852,2025,11,regular,2025-11-05T00:00:00.000Z,False,True,False,True,22231,3876,Peden Stadium,195,Ohio,fbs,Mid-American,24,"[0, 3, 7, 14]",0.48510420322418213,1596,1595,193,Miami (OH),fbs,Mid-American,20,"[0, 3, 3, 14]",0.5148957967758179,1459,1460,6.955650470255788,,,,CollegeFootballData.com API,2026-08-31T17:39:28.915688+00:00,/games,1.3
401762854,2025,11,regular,2025-11-06T00:00:00.000Z,False,True,False,True,22128,3739,Glass Bowl,2649,Toledo,fbs,Mid-American,42,"[7, 21, 7, 7]",0.9862786531448364,1505,1591,2459,Northern Illinois,fbs,Mid-American,3,"[3, 0, 0, 0]",0.013721346855163574,1305,1219,3.577276611121748,,,,CollegeFootballData.com API,2026-08-31T17:39:28.915688+00:00,/games,1.3
401762853,2025,11,regular,2025-11-06T00:00:00.000Z,False,True,False,True,5225,3919,Scheumann Stadium,2050,Ball State,fbs,Mid-American,17,"[3, 7, 0, 7]",0.5814944505691528,1047,1047,2309,Kent State,fbs,Mid-American,13,"[0, 3, 7, 3]",0.41850554943084717,945,945,6.84298151650683,,,,CollegeFootballData.com API,2026-08-31T17:39:28.915688+00:00,/games,1.3
401762500,2025,11,regular,2025-11-07T00:30:00.000Z,False,True,False,True,27437,3886,Raymond James Stadium,58,South Florida,fbs,American Athletic,55,"[14, 31, 10, 0]",0.9891061782836914,1662,1734,2636,UTSA,fbs,American Athletic,23,"[3, 7, 3, 10]",0.010893821716308594,1537,1465,3.5523773833316556,,,,CollegeFootballData.com API,2026-08-31T17:39:28.915688+00:00,/games,1.3
401761644,2025,11,regular,2025-11-07T00:30:00.000Z,False,True,False,True,31876,3792,Kidd Brewer Stadium,2026,App State,fbs,Sun Belt,23,"[0, 3, 6, 14]",0.022688305005431175,1332,1328,290,Georgia Southern,fbs,Sun Belt,25,"[9, 10, 3, 3]",0.9773116949945688,1310,1314,5.715089990728676,,,,CollegeFootballData.com API,2026-08-31T17:39:28.915688+00:00,/games,1.3
401756946,2025,11,regular,2025-11-08T01:00:00.000Z,False,True,False,True,44206,3652,FBC Mortgage Stadium,2116,UCF,fbs,Big 12,27,"[3, 21, 3, 0]",0.7304641008377075,1537,1528,248,Houston,fbs,Big 12,30,"[0, 17, 7, 6]",0.2695358991622925,1467,1476,6.663307882242472,,,,CollegeFootballData.com API,2026-08-31T17:39:28.915688+00:00,/games,1.3
401762501,2025,11,regular,2025-11-08T02:00:00.000Z,False,True,False,True,30384,3805,Simmons Bank Liberty Stadium,235,Memphis,fbs,American Athletic,32,"[7, 10, 0, 15]",0.1007533147931099,1689,1665,2655,Tulane,fbs,American Athletic,38,"[14, 21, 3, 0]",0.8992466852068901,1521,1545,5.2354917806746215,,,,CollegeFootballData.com API,2026-08-31T17:39:28.915688+00:00,/games,1.3
401752896,2025,11,regular,2025-11-08T02:00:00.000Z,False,True,False,True,67179,477,Los Angeles Memorial Coliseum,30,USC,fbs,Big Ten,38,"[7, 14, 7, 10]",0.9854589104652405,1897,1911,77,Northwestern,fbs,Big Ten,17,"[7, 7, 3, 0]",0.014541089534759521,1530,1516,4.5728441639476936,,,,CollegeFootballData.com API,2026-08-31T17:39:28.915688+00:00,/games,1.3
401752762,2025,11,regular,2025-11-08T17:00:00.000Z,False,True,False,True,53017,3693,Davis Wade Stadium,344,Mississippi State,fbs,SEC,21,"[7, 0, 7, 7]",0.00030286144465208054,1524,1523,61,Georgia,fbs,SEC,41,"[3, 21, 14, 3]",0.9996971385553479,2017,2018,3.785267348604506,,,,CollegeFootballData.com API,2026-08-31T17:39:28.915688+00:00,/games,1.3
401756945,2025,11,regular,2025-11-08T17:00:00.000Z,False,True,False,True,60229,3784,Jones AT&T Stadium,2641,Texas Tech,fbs,Big 12,29,"[10, 3, 6, 10]",1,1903,1937,252,BYU,fbs,Big 12,7,"[0, 0, 0, 7]",0,1722,1688,3.917651770566797,,,,CollegeFootballData.com API,2026-08-31T17:39:28.915688+00:00,/games,1.3
401754584,2025,11,regular,2025-11-08T17:00:00.000Z,False,True,False,True,38345,3615,"Alumni Stadium (Chestnut Hill, MA)",103,Boston College,fbs,ACC,13,"[0, 6, 0, 7]",0.05360548943281174,1339,1298,2567,SMU,fbs,ACC,45,"[10, 7, 14, 14]",0.9463945105671883,1741,1782,4.415965398815328,,,,CollegeFootballData.com API,2026-08-31T17:39:28.915688+00:00,/games,1.3
401761647,2025,11,regular,2025-11-08T17:00:00.000Z,False,True,False,True,15441,3625,Centennial Bank Stadium,2032,Arkansas State,fbs,Sun Belt,21,"[7, 0, 0, 14]",0.058736804872751236,1314,1306,2572,Southern Miss,fbs,Sun Belt,27,"[10, 7, 3, 7]",0.9412631951272488,1354,1362,5.968283460300001,,,,CollegeFootballData.com API,2026-08-31T17:39:28.915688+00:00,/games,1.3
401756947,2025,11,regular,2025-11-08T17:00:00.000Z,False,True,False,True,55510,3842,Milan Puskar Stadium,277,West Virginia,fbs,Big 12,29,"[9, 10, 3, 7]",0.8557804822921753,1340,1352,38,Colorado,fbs,Big 12,22,"[0, 9, 7, 6]",0.1442195177078247,1389,1377,6.34381918133446,,,,CollegeFootballData.com API,2026-08-31T17:39:28.915688+00:00,/games,1.3
401761646,2025,11,regular,2025-11-08T17:00:00.000Z,False,True,False,True,26727,3775,Joan C. Edwards Stadium,276,Marshall,fbs,Sun Belt,23,"[0, 12, 8, 3]",0.3584602475166321,1509,1508,256,James Madison,fbs,Sun Belt,35,"[7, 14, 7, 7]",0.6415397524833679,1801,1802,6.114623013796852,,,,CollegeFootballData.com API,2026-08-31T17:39:28.915688+00:00,/games,1.3
401752893,2025,11,regular,2025-11-08T17:00:00.000Z,False,True,False,True,105231,3632,Beaver Stadium,213,Penn State,fbs,Big Ten,24,"[0, 7, 3, 14]",0.7747411727905273,1942,1950,84,Indiana,fbs,Big Ten,27,"[7, 10, 3, 7]",0.22525882720947266,2158,2150,6.664598569819111,,,,CollegeFootballData.com API,2026-08-31T17:39:28.915688+00:00,/games,1.3
401762503,2025,11,regular,2025-11-08T17:00:00.000Z,False,True,False,True,30594,3841,Michie Stadium,349,Army,fbs,American Athletic,14,"[0, 7, 7, 0]",0.609444260597229,1537,1529,218,Temple,fbs,American Athletic,13,"[0, 10, 3, 0]",0.390555739402771,1258,1266,4.983308218309781,,,,CollegeFootballData.com API,2026-08-31T17:39:28.915688+00:00,/games,1.3
401757299,2025,11,regular,2025-11-08T18:00:00.000Z,False,True,False,True,18407,3992,Williams Stadium (VA),2335,Liberty,fbs,Conference USA,17,"[7, 3, 0, 7]",0.737902820110321,1506,1488,2623,Missouri State,fbs,Conference USA,21,"[0, 0, 7, 14]",0.26209717988967896,1340,1358,5.833908836982461,,,,CollegeFootballData.com API,2026-08-31T17:39:28.915688+00:00,/games,1.3
401752761,2025,11,regular,2025-11-08T18:00:00.000Z,False,True,False,False,67326,3974,Vaught-Hemingway Stadium,145,Ole Miss,fbs,SEC,49,"[21, 14, 7, 7]",0.8396538496017456,1980,1980,2643,The Citadel,fcs,Southern,0,"[0, 0, 0, 0]",0.1603461503982544,,,2.860293866698971,,,,CollegeFootballData.com API,2026-08-31T17:39:28.915688+00:00,/games,1.3
401752897,2025,11,regular,2025-11-08T18:00:00.000Z,False,True,False,True,57701,3907,Ross-Ade Stadium,2509,Purdue,fbs,Big Ten,10,"[3, 0, 0, 7]",0.00806874968111515,1310,1331,194,Ohio State,fbs,Big Ten,34,"[0, 24, 0, 10]",0.9919312503188848,2146,2125,3.172106994027828,,,,CollegeFootballData.com API,2026-08-31T17:39:28.915688+00:00,/games,1.3
401762855,2025,11,regular,2025-11-08T18:00:00.000Z,False,True,False,True,11889,3912,Rynearson Stadium,2199,Eastern Michigan,fbs,Mid-American,27,"[10, 0, 7, 10]",0.8906720876693726,1220,1229,189,Bowling Green,fbs,Mid-American,21,"[7, 7, 0, 7]",0.10932791233062744,1253,1244,6.8630174962960036,,,,CollegeFootballData.com API,2026-08-31T17:39:28.915688+00:00,/games,1.3
401762502,2025,11,regular,2025-11-08T19:00:00.000Z,False,True,False,True,22671,3895,Rice Stadium,242,Rice,fbs,American Athletic,24,"[7, 7, 10, 0]",0.8724786639213562,1155,1169,5,UAB,fbs,American Athletic,17,"[7, 10, 0, 0]",0.1275213360786438,1237,1223,5.172895885749528,,,,CollegeFootballData.com API,2026-08-31T17:39:28.915688+00:00,/games,1.3
401752894,2025,11,regular,2025-11-08T19:30:00.000Z,False,True,False,True,41032,6577,SHI Stadium,164,Rutgers,fbs,Big Ten,35,"[0, 21, 7, 7]",1,1419,1458,120,Maryland,fbs,Big Ten,20,"[7, 10, 0, 3]",0,1506,1467,5.298712917874017,,,,CollegeFootballData.com API,2026-08-31T17:39:28.915688+00:00,/games,1.3
401757295,2025,11,regular,2025-11-08T20:00:00.000Z,False,True,False,True,17912,3695,Delaware Stadium,48,Delaware,fbs,Conference USA,25,"[3, 6, 7, 9]",0.19434231519699097,1383,1386,2348,Louisiana Tech,fbs,Conference USA,24,"[7, 0, 0, 17]",0.805657684803009,1465,1462,9.334417335939435,,,,CollegeFootballData.com API,2026-08-31T17:39:28.915688+00:00,/games,1.3
401757296,2025,11,regular,2025-11-08T20:00:00.000Z,False,True,False,True,12227,3725,"Johnny ""Red"" Floyd Stadium",2393,Middle Tennessee,fbs,Conference USA,30,"[7, 10, 7, 6]",0,1199,1134,2229,Florida International,fbs,Conference USA,56,"[0, 21, 13, 22]",1,1241,1306,7.259780064557759,,,,CollegeFootballData.com API,2026-08-31T17:39:28.915688+00:00,/games,1.3
401757297,2025,11,regular,2025-11-08T20:00:00.000Z,False,True,False,True,9536,3946,Sun Bowl,2638,UTEP,fbs,Conference USA,27,"[7, 6, 7, 7]",0.27030807733535767,1220,1233,55,Jacksonville State,fbs,Conference USA,30,"[10, 10, 0, 10]",0.7296919226646423,1525,1512,8.723114109384603,,,,CollegeFootballData.com API,2026-08-31T17:39:28.915688+00:00,/games,1.3
401762504,2025,11,regular,2025-11-08T20:00:00.000Z,False,True,False,True,39096,3699,Dowdy-Ficklen Stadium,151,East Carolina,fbs,American Athletic,48,"[21, 14, 10, 3]",0.9722951054573059,1591,1599,2429,Charlotte,fbs,American Athletic,22,"[0, 14, 8, 0]",0.027704894542694092,1028,1020,3.048260088986414,,,,CollegeFootballData.com API,2026-08-31T17:39:28.915688+00:00,/games,1.3
401762505,2025,11,regular,2025-11-08T20:00:00.000Z,False,True,False,True,16170,3715,FAU Stadium,2226,Florida Atlantic,fbs,American Athletic,40,"[10, 21, 3, 6]",0.9932003021240234,1218,1247,202,Tulsa,fbs,American Athletic,21,"[0, 6, 12, 3]",0.0067996978759765625,1066,1037,4.589572527938528,,,,CollegeFootballData.com API,2026-08-31T17:39:28.915688+00:00,/games,1.3
401754587,2025,11,regular,2025-11-08T20:30:00.000Z,False,True,False,True,60337,3948,Hard Rock Stadium,2390,Miami,fbs,ACC,38,"[0, 14, 17, 7]",0.9172752499580383,1849,1865,183,Syracuse,fbs,ACC,10,"[0, 0, 3, 7]",0.08272475004196167,1320,1304,4.651239050972079,,,,CollegeFootballData.com API,2026-08-31T17:39:28.915688+00:00,/games,1.3
401754590,2025,11,regular,2025-11-08T20:30:00.000Z,False,True,False,False,38106,3892,Pratt & Whitney Stadium,41,UConn,fbs,FBS Independents,37,"[10, 10, 3, 14]",0.6942955255508423,1561,1563,150,Duke,fbs,ACC,34,"[7, 7, 14, 6]",0.3057044744491577,1627,1625,8.169094014073593,,,,CollegeFootballData.com API,2026-08-31T17:39:28.915688+00:00,/games,1.3
401756943,2025,11,regular,2025-11-08T20:30:00.000Z,False,True,False,True,41115,3619,Arizona Stadium,12,Arizona,fbs,Big 12,24,"[7, 7, 3, 7]",0.4165548086166382,1578,1580,2305,Kansas,fbs,Big 12,20,"[7, 10, 3, 0]",0.5834451913833618,1556,1554,6.916815613183976,,,,CollegeFootballData.com API,2026-08-31T17:39:28.915688+00:00,/games,1.3
401756944,2025,11,regular,2025-11-08T20:30:00.000Z,False,True,False,True,44197,3616,Amon G. Carter Stadium,2628,TCU,fbs,Big 12,17,"[0, 3, 7, 7]",0.7886301279067993,1700,1689,66,Iowa State,fbs,Big 12,20,"[6, 0, 0, 14]",0.21136987209320068,1589,1600,6.215050875410496,,,,CollegeFootballData.com API,2026-08-31T17:39:28.915688+00:00,/games,1.3
401752763,2025,11,regular,2025-11-08T20:30:00.000Z,False,True,False,True,57321,3838,Memorial Stadium,142,Missouri,fbs,SEC,17,"[0, 0, 7, 10]",0.04629594460129738,1779,1734,245,Texas A&M,fbs,SEC,38,"[7, 7, 10, 14]",0.9537040553987026,1859,1904,3.262741592650687,,,,CollegeFootballData.com API,2026-08-31T17:39:28.915688+00:00,/games,1.3
401752898,2025,11,regular,2025-11-08T20:30:00.000Z,False,True,False,True,69250,3793,Kinnick Stadium,2294,Iowa,fbs,Big Ten,16,"[0, 7, 0, 9]",0.19565224647521973,1907,1912,2483,Oregon,fbs,Big Ten,18,"[2, 10, 3, 3]",0.8043477535247803,2055,2050,5.293227062970093,,,,CollegeFootballData.com API,2026-08-31T17:39:28.915688+00:00,/games,1.3
401752764,2025,11,regular,2025-11-08T21:00:00.000Z,False,True,False,True,35000,3973,FirstBank Stadium,238,Vanderbilt,fbs,SEC,45,"[0, 10, 14, 14, 7]",0.6538436412811279,1766,1770,2,Auburn,fbs,SEC,38,"[7, 13, 10, 8, 0]",0.34615635871887207,1665,1661,9.654093646665734,,,,CollegeFootballData.com API,2026-08-31T17:39:28.915688+00:00,/games,1.3
401761645,2025,11,regular,2025-11-08T21:00:00.000Z,False,True,False,True,18878,3654,Brooks Stadium (SC),324,Coastal Carolina,fbs,Sun Belt,40,"[14, 9, 10, 7]",0.9960300326347351,1309,1318,2247,Georgia State,fbs,Sun Belt,27,"[14, 0, 0, 13]",0.003969967365264893,1107,1098,4.3751025673075485,,,,CollegeFootballData.com API,2026-08-31T17:39:28.915688+00:00,/games,1.3
401757298,2025,11,regular,2025-11-08T21:00:00.000Z,False,True,False,True,11473,3601,Aggie Memorial Stadium,166,New Mexico State,fbs,Conference USA,21,"[0, 7, 0, 14]",0.06049735099077225,1194,1201,338,Kennesaw State,fbs,Conference USA,24,"[17, 7, 0, 0]",0.9395026490092278,1388,1381,5.516987729558563,,,,CollegeFootballData.com API,2026-08-31T17:39:28.915688+00:00,/games,1.3
401754588,2025,11,regular,2025-11-08T21:30:00.000Z,False,True,False,True,50500,3787,Kenan Stadium,153,North Carolina,fbs,ACC,20,"[3, 0, 7, 10]",0.43635404109954834,1394,1393,24,Stanford,fbs,ACC,15,"[0, 3, 0, 12]",0.5636459589004517,1245,1246,6.069590950578316,,,,CollegeFootballData.com API,2026-08-31T17:39:28.915688+00:00,/games,1.3
401752899,2025,11,regular,2025-11-08T21:30:00.000Z,False,True,False,True,71217,347,Camp Randall Stadium,275,Wisconsin,fbs,Big Ten,13,"[0, 3, 10, 0]",0.7089943885803223,1455,1459,264,Washington,fbs,Big Ten,10,"[0, 10, 0, 0]",0.29100561141967773,1703,1699,5.867666507061793,,,,CollegeFootballData.com API,2026-08-31T17:39:28.915688+00:00,/games,1.3
401761648,2025,11,regular,2025-11-08T22:00:00.000Z,False,True,False,True,14231,3666,Cajun Field,309,Louisiana,fbs,Sun Belt,42,"[7, 28, 0, 7]",0.550256609916687,1347,1350,326,Texas State,fbs,Sun Belt,39,"[10, 7, 3, 19]",0.449743390083313,1486,1483,6.100831798852394,,,,CollegeFootballData.com API,2026-08-31T17:39:28.915688+00:00,/games,1.3
401760406,2025,11,regular,2025-11-08T23:00:00.000Z,False,True,False,True,13637,3935,CEFCU Stadium,23,San José State,fbs,Mountain West,16,"[3, 0, 3, 10]",0.5757960677146912,1417,1391,2005,Air Force,fbs,Mountain West,26,"[0, 16, 0, 10]",0.42420393228530884,1362,1388,4.285756759162298,,,,CollegeFootballData.com API,2026-08-31T17:39:28.915688+00:00,/games,1.3
401754585,2025,11,regular,2025-11-09T00:00:00.000Z,False,True,False,True,51381,3873,L&N Federal Credit Union Stadium,97,Louisville,fbs,ACC,26,"[7, 6, 7, 3, 3]",0.5194576382637024,1737,1709,25,California,fbs,ACC,29,"[7, 10, 6, 0, 6]",0.4805423617362976,1392,1420,8.99296986382329,,,,CollegeFootballData.com API,2026-08-31T17:39:28.915688+00:00,/games,1.3
401754589,2025,11,regular,2025-11-09T00:00:00.000Z,False,True,False,True,55568,3923,Scott Stadium,258,Virginia,fbs,ACC,9,"[3, 3, 3, 0]",0.4460456073284149,1585,1555,154,Wake Forest,fbs,ACC,16,"[0, 10, 3, 3]",0.5539543926715851,1382,1412,6.244289362830801,,,,CollegeFootballData.com API,2026-08-31T17:39:28.915688+00:00,/games,1.3
401754586,2025,11,regular,2025-11-09T00:00:00.000Z,False,True,False,True,81500,3836,"Memorial Stadium (Clemson, SC)",228,Clemson,fbs,ACC,24,"[8, 10, 3, 3]",0.9389448165893555,1703,1725,52,Florida State,fbs,ACC,10,"[0, 7, 0, 3]",0.06105518341064453,1631,1609,3.8373446690837896,,,,CollegeFootballData.com API,2026-08-31T17:39:28.915688+00:00,/games,1.3
401757166,2025,11,regular,2025-11-09T00:30:00.000Z,False,True,False,False,77622,3855,Notre Dame Stadium,87,Notre Dame,fbs,FBS Independents,49,"[7, 14, 21, 7]",0.9965944290161133,2153,2186,2426,Navy,fbs,American Athletic,10,"[0, 10, 0, 0]",0.0034055709838867188,1513,1480,3.485669518425278,,,,CollegeFootballData.com API,2026-08-31T17:39:28.915688+00:00,/games,1.3
401752760,2025,11,regular,2025-11-09T00:30:00.000Z,False,True,False,True,56388,3683,Kroger Field,96,Kentucky,fbs,SEC,38,"[3, 21, 7, 7]",0.9859484434127808,1535,1635,57,Florida,fbs,SEC,7,"[7, 0, 0, 0]",0.014051556587219238,1655,1555,4.399998272900254,,,,CollegeFootballData.com API,2026-08-31T17:39:28.915688+00:00,/games,1.3
401760409,2025,11,regular,2025-11-09T00:30:00.000Z,False,True,False,True,19418,3905,Maverik Stadium,328,Utah State,fbs,Mountain West,51,"[24, 17, 7, 3]",0.9874172210693359,1336,1422,2440,Nevada,fbs,Mountain West,14,"[0, 0, 7, 7]",0.012582778930664062,1191,1105,3.126605527106751,,,,CollegeFootballData.com API,2026-08-31T17:39:28.915688+00:00,/games,1.3
401752759,2025,11,regular,2025-11-09T00:30:00.000Z,False,True,False,True,100077,3657,Bryant-Denny Stadium,333,Alabama,fbs,SEC,20,"[3, 14, 0, 3]",1,1978,1977,99,LSU,fbs,SEC,9,"[0, 3, 3, 3]",0,1694,1695,4.702523288331052,,,,CollegeFootballData.com API,2026-08-31T17:39:28.915688+00:00,/games,1.3
401752895,2025,11,regular,2025-11-09T02:00:00.000Z,False,True,False,True,44481,1056,Rose Bowl,26,UCLA,fbs,Big Ten,21,"[0, 7, 7, 7]",0.4979483187198639,1374,1381,158,Nebraska,fbs,Big Ten,28,"[7, 14, 7, 0]",0.5020516812801361,1655,1648,3.712969991617385,,,,CollegeFootballData.com API,2026-08-31T17:39:28.915688+00:00,/games,1.3
401760407,2025,11,regular,2025-11-09T02:30:00.000Z,False,True,False,True,27970,5388,Canvas Stadium,36,Colorado State,fbs,Mountain West,10,"[7, 3, 0, 0]",0.010899788700044155,1277,1221,2439,UNLV,fbs,Mountain West,42,"[0, 21, 14, 7]",0.9891002112999558,1549,1605,3.8275123302837475,,,,CollegeFootballData.com API,2026-08-31T17:39:28.915688+00:00,/games,1.3
401752944,2025,11,regular,2025-11-09T03:00:00.000Z,False,True,False,False,31626,3893,Reser Stadium,204,Oregon State,fbs,Pac-12,17,"[10, 7, 0, 0]",0.6110923886299133,1252,1232,2534,Sam Houston,fbs,Conference USA,21,"[0, 7, 7, 7]",0.38890761137008667,1052,1072,5.62729618296782,,,,CollegeFootballData.com API,2026-08-31T17:39:28.915688+00:00,/games,1.3
401760408,2025,11,regular,2025-11-09T04:00:00.000Z,False,True,False,True,15194,7220,Clarence T.C. Ching Athletics Complex,62,Hawai'i,fbs,Mountain West,38,"[14, 10, 14, 0]",0.9866335391998291,1359,1480,21,San Diego State,fbs,Mountain West,6,"[3, 3, 0, 0]",0.013366460800170898,1601,1480,4.130753475832267,,,,CollegeFootballData.com API,2026-08-31T17:39:28.915688+00:00,/games,1.3
401762856,2025,12,regular,2025-11-12T00:30:00.000Z,False,True,False,True,8501,3768,InfoCision Stadium,2006,Akron,fbs,Mid-American,35,"[3, 14, 0, 18, 0]",0.26191046833992004,1114,1087,2309,Kent State,fbs,Mid-American,42,"[7, 7, 14, 7, 7]",0.73808953166008,945,972,7.404795806309063,,,,CollegeFootballData.com API,2026-08-31T17:39:28.915688+00:00,/games,1.3
401762857,2025,12,regular,2025-11-12T01:00:00.000Z,False,True,False,True,10849,3980,Waldo Stadium,2711,Western Michigan,fbs,Mid-American,17,"[3, 0, 7, 7]",0.8629486560821533,1368,1378,195,Ohio,fbs,Mid-American,13,"[7, 0, 0, 6]",0.13705134391784668,1595,1585,5.865414628480906,,,,CollegeFootballData.com API,2026-08-31T17:39:28.915688+00:00,/games,1.3
401762858,2025,12,regular,2025-11-13T00:00:00.000Z,False,True,False,True,6833,3786,Kelly/Shorts Stadium,2117,Central Michigan,fbs,Mid-American,38,"[7, 7, 10, 14]",0.8471727967262268,1235,1293,2084,Buffalo,fbs,Mid-American,19,"[3, 7, 3, 6]",0.1528272032737732,1376,1318,4.971371681547711,,,,CollegeFootballData.com API,2026-08-31T17:39:28.915688+00:00,/games,1.3
401762860,2025,12,regular,2025-11-13T00:00:00.000Z,False,True,False,True,10825,3996,Yager Stadium,193,Miami (OH),fbs,Mid-American,3,"[0, 0, 3, 0]",0,1460,1421,2649,Toledo,fbs,Mid-American,24,"[0, 14, 10, 0]",1,1591,1630,4.9239712173484955,,,,CollegeFootballData.com API,2026-08-31T17:39:28.915688+00:00,/games,1.3
401762859,2025,12,regular,2025-11-13T00:00:00.000Z,False,True,False,True,6155,3985,Warren McGuirk Alumni Stadium,113,Massachusetts,fbs,Mid-American,3,"[0, 0, 0, 3]",0.005873220972716808,805,735,2459,Northern Illinois,fbs,Mid-American,45,"[10, 21, 14, 0]",0.9941267790272832,1219,1289,2.806565714977987,,,,CollegeFootballData.com API,2026-08-31T17:39:28.915688+00:00,/games,1.3
401761649,2025,12,regular,2025-11-14T00:30:00.000Z,False,True,False,True,18831,3918,S.B. Ballard Stadium,295,Old Dominion,fbs,Sun Belt,33,"[10, 10, 6, 7]",1,1480,1566,2653,Troy,fbs,Sun Belt,0,"[0, 0, 0, 0]",0,1445,1359,3.2122380345480894,,,,CollegeFootballData.com API,2026-08-31T17:39:28.915688+00:00,/games,1.3
401754591,2025,12,regular,2025-11-15T00:30:00.000Z,False,True,False,True,51234,3873,L&N Federal Credit Union Stadium,97,Louisville,fbs,ACC,19,"[3, 6, 10, 0]",0.7156305313110352,1709,1709,228,Clemson,fbs,ACC,20,"[3, 7, 3, 7]",0.28436946868896484,1725,1725,7.815486053722058,,,,CollegeFootballData.com API,2026-08-31T17:39:28.915688+00:00,/games,1.3
401752904,2025,12,regular,2025-11-15T02:00:00.000Z,False,True,False,True,58830,3626,Autzen Stadium,2483,Oregon,fbs,Big Ten,42,"[14, 14, 7, 7]",0.9859622120857239,2050,2068,135,Minnesota,fbs,Big Ten,13,"[0, 6, 7, 0]",0.014037787914276123,1514,1496,2.8395112406775915,,,,CollegeFootballData.com API,2026-08-31T17:39:28.915688+00:00,/games,1.3
401757174,2025,12,regular,2025-11-15T17:00:00.000Z,False,True,False,False,31457,3892,Pratt & Whitney Stadium,41,UConn,fbs,FBS Independents,26,"[6, 3, 7, 10]",0.9545078873634338,1563,1568,2005,Air Force,fbs,Mountain West,16,"[7, 0, 3, 6]",0.04549211263656616,1388,1383,4.495044477917889,,,,CollegeFootballData.com API,2026-08-31T17:39:28.915688+00:00,/games,1.3
401762510,2025,12,regular,2025-11-15T17:00:00.000Z,False,True,False,True,34856,3852,Navy-Marine Corps Memorial Stadium,2426,Navy,fbs,American Athletic,41,"[14, 10, 0, 17]",0.8824848532676697,1480,1485,58,South Florida,fbs,American Athletic,38,"[3, 6, 7, 22]",0.11751514673233032,1734,1729,6.582655336220061,,,,CollegeFootballData.com API,2026-08-31T17:39:28.915688+00:00,/games,1.3
401752905,2025,12,regular,2025-11-15T17:00:00.000Z,False,True,True,True,38223,4250,Wrigley Field,77,Northwestern,fbs,Big Ten,22,"[0, 6, 3, 13]",0.33105868101119995,1516,1526,130,Michigan,fbs,Big Ten,24,"[0, 7, 14, 3]",0.6689413189888,1809,1799,6.608091433028607,,,,CollegeFootballData.com API,2026-08-31T17:39:28.915688+00:00,/games,1.3
401762507,2025,12,regular,2025-11-15T17:00:00.000Z,False,True,False,True,9831,4418,Jerry Richardson Stadium,2429,Charlotte,fbs,American Athletic,7,"[0, 0, 0, 7]",0.008371274918317795,1020,1013,2636,UTSA,fbs,American Athletic,28,"[7, 0, 7, 14]",0.9916287250816822,1465,1472,3.426061002724206,,,,CollegeFootballData.com API,2026-08-31T17:39:28.915688+00:00,/games,1.3
401756952,2025,12,regular,2025-11-15T17:00:00.000Z,False,True,False,True,46340,3646,Boone Pickens Stadium,197,Oklahoma State,fbs,Big 12,6,"[3, 3, 0, 0]",0.153341144323349,1049,1080,2306,Kansas State,fbs,Big 12,14,"[0, 7, 0, 7]",0.846658855676651,1705,1674,5.0820189698298535,,,,CollegeFootballData.com API,2026-08-31T17:39:28.915688+00:00,/games,1.3
401752901,2025,12,regular,2025-11-15T17:00:00.000Z,False,True,False,True,55042,3830,"Memorial Stadium (Bloomington, IN)",84,Indiana,fbs,Big Ten,31,"[7, 3, 14, 7]",1,2150,2142,275,Wisconsin,fbs,Big Ten,7,"[0, 7, 0, 0]",0,1459,1467,4.3108632726061495,,,,CollegeFootballData.com API,2026-08-31T17:39:28.915688+00:00,/games,1.3
401754597,2025,12,regular,2025-11-15T17:00:00.000Z,False,True,False,False,68400,3752,Acrisure Stadium,221,Pittsburgh,fbs,ACC,15,"[0, 3, 6, 6]",0,1668,1665,87,Notre Dame,fbs,FBS Independents,37,"[14, 7, 9, 7]",1,2186,2189,3.9008140389274337,,,,CollegeFootballData.com API,2026-08-31T17:39:28.915688+00:00,/games,1.3
401752772,2025,12,regular,2025-11-15T17:00:00.000Z,False,True,False,True,108582,3795,Kyle Field,245,Texas A&M,fbs,SEC,31,"[3, 0, 21, 7]",0.7916420698165894,1904,1896,2579,South Carolina,fbs,SEC,30,"[17, 13, 0, 0]",0.20835793018341064,1637,1645,6.900620804326157,,,,CollegeFootballData.com API,2026-08-31T17:39:28.915688+00:00,/games,1.3
401762861,2025,12,regular,2025-11-15T17:00:00.000Z,False,True,False,True,8430,3919,Scheumann Stadium,2050,Ball State,fbs,Mid-American,9,"[0, 3, 3, 3]",0.03734716773033142,1047,1030,2199,Eastern Michigan,fbs,Mid-American,24,"[7, 10, 0, 7]",0.9626528322696686,1229,1246,3.3275831010822574,,,,CollegeFootballData.com API,2026-08-31T17:39:28.915688+00:00,/games,1.3
401756951,2025,12,regular,2025-11-15T17:00:00.000Z,False,True,False,True,37099,3854,Nippert Stadium,2132,Cincinnati,fbs,Big 12,24,"[14, 0, 3, 7]",0.06054854020476341,1590,1578,12,Arizona,fbs,Big 12,30,"[7, 3, 10, 10]",0.9394514597952366,1580,1592,5.649878575059863,,,,CollegeFootballData.com API,2026-08-31T17:39:28.915688+00:00,/games,1.3
401752768,2025,12,regular,2025-11-15T17:45:00.000Z,False,True,False,True,100212,3958,Tiger Stadium (LA),99,LSU,fbs,SEC,23,"[0, 16, 0, 7]",0.3887782096862793,1695,1693,8,Arkansas,fbs,SEC,22,"[14, 0, 8, 0]",0.6112217903137207,1594,1596,7.210588919979645,,,,CollegeFootballData.com API,2026-08-31T17:39:28.915688+00:00,/games,1.3
401756948,2025,12,regular,2025-11-15T18:00:00.000Z,False,True,False,True,54101,3947,Mountain America Stadium,9,Arizona State,fbs,Big 12,25,"[0, 22, 0, 3]",0.19627684354782104,1617,1614,277,West Virginia,fbs,Big 12,23,"[3, 7, 0, 13]",0.803723156452179,1352,1355,6.13494151401993,,,,CollegeFootballData.com API,2026-08-31T17:39:28.915688+00:00,/games,1.3
401752945,2025,12,regular,2025-11-15T18:00:00.000Z,False,True,False,False,15034,3674,Chapman Stadium,202,Tulsa,fbs,American Athletic,31,"[14, 3, 7, 7]",0.9970397353172302,1037,1094,204,Oregon State,fbs,Pac-12,14,"[0, 0, 0, 14]",0.0029602646827697754,1232,1175,3.4555215959668275,,,,CollegeFootballData.com API,2026-08-31T17:39:28.915688+00:00,/games,1.3
401752767,2025,12,regular,2025-11-15T18:30:00.000Z,False,True,False,False,53686,3683,Kroger Field,96,Kentucky,fbs,SEC,42,"[14, 14, 7, 7]",0.979343593120575,1622,1622,2635,Tennessee Tech,fcs,OVC-Big South,10,"[0, 7, 3, 0]",0.02065640687942505,,,2.6540988779681784,,,,CollegeFootballData.com API,2026-08-31T17:39:28.915688+00:00,/games,1.3
401762506,2025,12,regular,2025-11-15T19:00:00.000Z,False,True,False,True,16190,7221,Protective Stadium,5,UAB,fbs,American Athletic,24,"[0, 7, 11, 6]",0,1223,1197,249,North Texas,fbs,American Athletic,53,"[21, 10, 15, 7]",1,1690,1716,2.859409142957384,,,,CollegeFootballData.com API,2026-08-31T17:39:28.915688+00:00,/games,1.3
401761651,2025,12,regular,2025-11-15T19:00:00.000Z,False,True,False,True,12871,4246,Center Parc Stadium,2247,Georgia State,fbs,Sun Belt,18,"[7, 3, 8, 0]",0.02686028741300106,1098,1107,276,Marshall,fbs,Sun Belt,30,"[7, 14, 0, 9]",0.9731397125869989,1508,1499,5.23590983843582,,,,CollegeFootballData.com API,2026-08-31T17:39:28.915688+00:00,/games,1.3
401757304,2025,12,regular,2025-11-15T20:00:00.000Z,False,True,False,True,13298,3878,Plaster Sports Complex,2623,Missouri State,fbs,Conference USA,38,"[10, 14, 0, 14]",0.8918401002883911,1358,1376,2638,UTEP,fbs,Conference USA,24,"[0, 7, 17, 0]",0.10815989971160889,1233,1215,4.913057065339874,,,,CollegeFootballData.com API,2026-08-31T17:39:28.915688+00:00,/games,1.3
401760411,2025,12,regular,2025-11-15T20:00:00.000Z,False,True,False,True,27526,3971,University Stadium (NM),167,New Mexico,fbs,Mountain West,20,"[0, 10, 0, 10]",0.9313487410545349,1460,1458,36,Colorado State,fbs,Mountain West,17,"[0, 0, 10, 7]",0.06865125894546509,1221,1223,7.143939901413607,,,,CollegeFootballData.com API,2026-08-31T17:39:28.915688+00:00,/games,1.3
401754595,2025,12,regular,2025-11-15T20:30:00.000Z,False,True,False,True,59157,3948,Hard Rock Stadium,2390,Miami,fbs,ACC,41,"[10, 14, 10, 7]",0.9875534176826477,1865,1914,152,NC State,fbs,ACC,7,"[0, 0, 0, 7]",0.012446582317352295,1498,1449,3.570872354314906,,,,CollegeFootballData.com API,2026-08-31T17:39:28.915688+00:00,/games,1.3
401761652,2025,12,regular,2025-11-15T20:30:00.000Z,False,True,False,True,25298,3651,Bridgeforth Stadium,256,James Madison,fbs,Sun Belt,58,"[7, 20, 10, 21]",0.9881057739257812,1802,1882,2026,App State,fbs,Sun Belt,10,"[0, 0, 0, 10]",0.01189422607421875,1328,1248,3.4345058009638003,,,,CollegeFootballData.com API,2026-08-31T17:39:28.915688+00:00,/games,1.3
401752907,2025,12,regular,2025-11-15T20:30:00.000Z,False,True,False,True,65216,477,Los Angeles Memorial Coliseum,30,USC,fbs,Big Ten,26,"[0, 10, 9, 7]",0.11785394698381424,1911,1916,2294,Iowa,fbs,Big Ten,21,"[7, 14, 0, 0]",0.8821460530161858,1912,1907,5.5940330305607,,,,CollegeFootballData.com API,2026-08-31T17:39:28.915688+00:00,/games,1.3
401752906,2025,12,regular,2025-11-15T20:30:00.000Z,False,True,False,True,56416,3832,"Memorial Stadium (Champaign, IL)",356,Illinois,fbs,Big Ten,24,"[7, 7, 7, 3]",0.8684515953063965,1603,1630,120,Maryland,fbs,Big Ten,6,"[3, 3, 0, 0]",0.13154840469360352,1467,1440,4.134975374918965,,,,CollegeFootballData.com API,2026-08-31T17:39:28.915688+00:00,/games,1.3
401754593,2025,12,regular,2025-11-15T20:30:00.000Z,False,True,False,True,27215,3982,Wallace Wade Stadium,150,Duke,fbs,ACC,17,"[0, 3, 0, 14]",0.006992544047534466,1625,1576,258,Virginia,fbs,ACC,34,"[7, 10, 14, 3]",0.9930074559524655,1555,1604,3.6041656880268382,,,,CollegeFootballData.com API,2026-08-31T17:39:28.915688+00:00,/games,1.3
401754592,2025,12,regular,2025-11-15T20:30:00.000Z,False,True,False,True,37879,3615,"Alumni Stadium (Chestnut Hill, MA)",103,Boston College,fbs,ACC,34,"[0, 14, 14, 6]",0.2614707946777344,1298,1311,59,Georgia Tech,fbs,ACC,36,"[7, 7, 3, 19]",0.7385292053222656,1612,1599,7.421454423157309,,,,CollegeFootballData.com API,2026-08-31T17:39:28.915688+00:00,/games,1.3
401752903,2025,12,regular,2025-11-15T20:30:00.000Z,False,True,False,True,61671,3936,Spartan Stadium,127,Michigan State,fbs,Big Ten,10,"[7, 3, 0, 0]",0.007504538632929325,1365,1377,213,Penn State,fbs,Big Ten,28,"[7, 7, 0, 14]",0.9924954613670707,1950,1938,3.8044415586011677,,,,CollegeFootballData.com API,2026-08-31T17:39:28.915688+00:00,/games,1.3
401756953,2025,12,regular,2025-11-15T20:30:00.000Z,False,True,False,True,60229,3784,Jones AT&T Stadium,2641,Texas Tech,fbs,Big 12,48,"[14, 24, 10, 0]",0.9889745712280273,1937,1997,2116,UCF,fbs,Big 12,9,"[0, 2, 7, 0]",0.011025428771972656,1528,1468,2.6824450368435704,,,,CollegeFootballData.com API,2026-08-31T17:39:28.915688+00:00,/games,1.3
401757303,2025,12,regular,2025-11-15T20:30:00.000Z,False,True,False,True,16547,3796,Houchens Industries-L.T. Smith Stadium,98,Western Kentucky,fbs,Conference USA,42,"[7, 14, 7, 14]",0.909025251865387,1386,1398,2393,Middle Tennessee,fbs,Conference USA,26,"[0, 10, 13, 3]",0.09097474813461304,1134,1122,8.600669560279652,,,,CollegeFootballData.com API,2026-08-31T17:39:28.915688+00:00,/games,1.3
401761653,2025,12,regular,2025-11-15T20:30:00.000Z,False,True,False,True,19872,3817,Malone Stadium,2433,UL Monroe,fbs,Sun Belt,14,"[14, 0, 0, 0]",0.06452474743127823,998,1004,6,South Alabama,fbs,Sun Belt,26,"[0, 7, 13, 6]",0.9354752525687218,1375,1369,4.425007568004904,,,,CollegeFootballData.com API,2026-08-31T17:39:28.915688+00:00,/games,1.3
401761654,2025,12,regular,2025-11-15T20:30:00.000Z,False,True,False,True,27223,3815,M. M. Roberts Stadium,2572,Southern Miss,fbs,Sun Belt,14,"[0, 0, 7, 7]",0.047236330807209015,1362,1303,326,Texas State,fbs,Sun Belt,41,"[10, 17, 0, 14]",0.952763669192791,1483,1542,3.3067316100380326,,,,CollegeFootballData.com API,2026-08-31T17:39:28.915688+00:00,/games,1.3
401760413,2025,12,regular,2025-11-15T20:30:00.000Z,False,True,False,True,14491,3816,Mackay Stadium,2440,Nevada,fbs,Mountain West,55,"[14, 17, 7, 17]",0.995261013507843,1105,1288,23,San José State,fbs,Mountain West,10,"[0, 0, 3, 7]",0.004738986492156982,1391,1208,3.1484315818987154,,,,CollegeFootballData.com API,2026-08-31T17:39:28.915688+00:00,/games,1.3
401752765,2025,12,regular,2025-11-15T20:30:00.000Z,False,True,False,True,100077,3657,Bryant-Denny Stadium,333,Alabama,fbs,SEC,21,"[0, 14, 7, 0]",0.22482722997665405,1977,1964,201,Oklahoma,fbs,SEC,23,"[10, 7, 3, 3]",0.775172770023346,1794,1807,6.7106854101740625,,,,CollegeFootballData.com API,2026-08-31T17:39:28.915688+00:00,/games,1.3
401762508,2025,12,regular,2025-11-15T21:00:00.000Z,False,True,False,True,37348,3699,Dowdy-Ficklen Stadium,151,East Carolina,fbs,American Athletic,31,"[7, 3, 14, 7]",0.8550935983657837,1599,1604,235,Memphis,fbs,American Athletic,27,"[0, 17, 7, 3]",0.1449064016342163,1665,1660,8.951178706496506,,,,CollegeFootballData.com API,2026-08-31T17:39:28.915688+00:00,/games,1.3
401762509,2025,12,regular,2025-11-15T21:00:00.000Z,False,True,False,True,30000,4729,Yulman Stadium,2655,Tulane,fbs,American Athletic,35,"[7, 14, 7, 7]",0.9301554560661316,1545,1543,2226,Florida Atlantic,fbs,American Athletic,24,"[3, 7, 0, 14]",0.06984454393386841,1247,1249,4.833262636519825,,,,CollegeFootballData.com API,2026-08-31T17:39:28.915688+00:00,/games,1.3
401752771,2025,12,regular,2025-11-15T21:15:00.000Z,False,True,False,False,101915,3853,Neyland Stadium,2633,Tennessee,fbs,SEC,42,"[14, 7, 21, 0]",0.9926851391792297,1814,1834,166,New Mexico State,fbs,Conference USA,9,"[0, 3, 0, 6]",0.007314860820770264,1201,1181,3.97396494136495,,,,CollegeFootballData.com API,2026-08-31T17:39:28.915688+00:00,/games,1.3
401754596,2025,12,regular,2025-11-15T21:30:00.000Z,False,True,False,True,32390,3630,Allegacy Federal Credit Union Stadium,154,Wake Forest,fbs,ACC,28,"[7, 7, 7, 7]",0.937673807144165,1412,1444,153,North Carolina,fbs,ACC,12,"[0, 6, 3, 3]",0.06232619285583496,1393,1361,3.566914317981715,,,,CollegeFootballData.com API,2026-08-31T17:39:28.915688+00:00,/games,1.3
401757301,2025,12,regular,2025-11-15T22:00:00.000Z,False,True,False,True,14167,2031,Pitbull Stadium,2229,Florida International,fbs,Conference USA,34,"[7, 10, 7, 3, 7]",0.9747364521026611,1306,1326,2335,Liberty,fbs,Conference USA,27,"[7, 14, 0, 6, 0]",0.025263547897338867,1488,1468,9.756861058689491,,,,CollegeFootballData.com API,2026-08-31T17:39:28.915688+00:00,/games,1.3
401761650,2025,12,regular,2025-11-15T23:00:00.000Z,False,True,False,True,22738,3608,Allen E. Paulson Stadium,290,Georgia Southern,fbs,Sun Belt,45,"[21, 14, 7, 3]",0.7072704434394836,1314,1319,324,Coastal Carolina,fbs,Sun Belt,40,"[17, 10, 6, 7]",0.29272955656051636,1318,1313,6.94842202309528,,,,CollegeFootballData.com API,2026-08-31T17:39:28.915688+00:00,/games,1.3
401752769,2025,12,regular,2025-11-16T00:00:00.000Z,False,True,False,True,68138,3974,Vaught-Hemingway Stadium,145,Ole Miss,fbs,SEC,34,"[10, 10, 0, 14]",0.914693295955658,1969,1959,57,Florida,fbs,SEC,24,"[7, 17, 0, 0]",0.08530670404434204,1555,1565,7.26444436261108,,,,CollegeFootballData.com API,2026-08-31T17:39:28.915688+00:00,/games,1.3
401760414,2025,12,regular,2025-11-16T00:00:00.000Z,False,True,False,True,31682,6501,Allegiant Stadium,2439,UNLV,fbs,Mountain West,29,"[3, 7, 7, 6, 6]",0.5962734818458557,1605,1604,328,Utah State,fbs,Mountain West,26,"[6, 7, 3, 7, 3]",0.4037265181541443,1422,1423,8.954224614353794,,,,CollegeFootballData.com API,2026-08-31T17:39:28.915688+00:00,/games,1.3
401752902,2025,12,regular,2025-11-16T00:00:00.000Z,False,True,False,True,67229,3765,Husky Stadium,264,Washington,fbs,Big Ten,49,"[7, 21, 14, 7]",0.8856524229049683,1699,1754,2509,Purdue,fbs,Big Ten,13,"[0, 0, 3, 10]",0.11434757709503174,1331,1276,3.6277786334780107,,,,CollegeFootballData.com API,2026-08-31T17:39:28.915688+00:00,/games,1.3
401757300,2025,12,regular,2025-11-16T00:00:00.000Z,False,True,True,True,3713,3631,BBVA Compass Stadium,2534,Sam Houston,fbs,Conference USA,26,"[0, 10, 13, 3]",0.2634277045726776,1072,1094,48,Delaware,fbs,Conference USA,23,"[7, 3, 0, 13]",0.7365722954273224,1386,1364,6.522844953162938,,,,CollegeFootballData.com API,2026-08-31T17:39:28.915688+00:00,/games,1.3
401756949,2025,12,regular,2025-11-16T00:00:00.000Z,False,True,False,True,38186,4727,McLane Stadium,239,Baylor,fbs,Big 12,28,"[0, 17, 3, 8]",0.0010659834370017052,1621,1585,254,Utah,fbs,Big 12,55,"[14, 14, 7, 20]",0.9989340165629983,1941,1977,4.191336628760744,,,,CollegeFootballData.com API,2026-08-31T17:39:28.915688+00:00,/games,1.3
401754594,2025,12,regular,2025-11-16T00:30:00.000Z,False,True,False,True,64937,3697,Doak Campbell Stadium,52,Florida State,fbs,ACC,34,"[0, 10, 14, 10]",0.8882288336753845,1609,1638,259,Virginia Tech,fbs,ACC,14,"[0, 7, 0, 7]",0.11177116632461548,1431,1402,4.788901362559164,,,,CollegeFootballData.com API,2026-08-31T17:39:28.915688+00:00,/games,1.3
401752766,2025,12,regular,2025-11-16T00:30:00.000Z,False,True,False,True,93033,3917,Sanford Stadium,61,Georgia,fbs,SEC,35,"[7, 7, 0, 21]",0.9908798336982727,2018,2070,251,Texas,fbs,SEC,10,"[3, 0, 7, 0]",0.009120166301727295,1924,1872,4.144425955685069,,,,CollegeFootballData.com API,2026-08-31T17:39:28.915688+00:00,/games,1.3
401752900,2025,12,regular,2025-11-16T00:30:00.000Z,False,True,False,True,104168,3861,Ohio Stadium,194,Ohio State,fbs,Big Ten,48,"[10, 17, 14, 7]",0.9827536344528198,2125,2145,26,UCLA,fbs,Big Ten,10,"[0, 0, 7, 3]",0.017246365547180176,1381,1361,2.7737161997960937,,,,CollegeFootballData.com API,2026-08-31T17:39:28.915688+00:00,/games,1.3
401752770,2025,12,regular,2025-11-16T00:45:00.000Z,False,True,False,True,57321,3838,Memorial Stadium,142,Missouri,fbs,SEC,49,"[14, 7, 14, 14]",0.9947172403335571,1734,1765,344,Mississippi State,fbs,SEC,27,"[10, 0, 14, 3]",0.005282759666442871,1523,1492,5.392068244437288,,,,CollegeFootballData.com API,2026-08-31T17:39:28.915688+00:00,/games,1.3
401757302,2025,12,regular,2025-11-16T01:00:00.000Z,False,True,False,True,24166,3662,AmFirst Stadium,55,Jacksonville State,fbs,Conference USA,35,"[7, 15, 3, 10]",0.9312290549278259,1512,1518,338,Kennesaw State,fbs,Conference USA,26,"[7, 3, 3, 13]",0.06877094507217407,1381,1375,6.976912591837693,,,,CollegeFootballData.com API,2026-08-31T17:39:28.915688+00:00,/games,1.3
401752953,2025,12,regular,2025-11-16T03:00:00.000Z,False,True,False,False,21186,3820,Gesa Field,265,Washington State,fbs,Pac-12,28,"[7, 7, 0, 14]",0.9945715665817261,1434,1500,2348,Louisiana Tech,fbs,Conference USA,3,"[0, 3, 0, 0]",0.005428433418273926,1462,1396,3.0924295766837604,,,,CollegeFootballData.com API,2026-08-31T17:39:28.915688+00:00,/games,1.3
401756950,2025,12,regular,2025-11-16T03:15:00.000Z,False,True,False,True,64447,3801,LaVell Edwards Stadium,252,BYU,fbs,Big 12,44,"[10, 17, 3, 14]",0.9406208992004395,1688,1772,2628,TCU,fbs,Big 12,13,"[0, 10, 3, 0]",0.05937910079956055,1689,1605,4.881351816028414,,,,CollegeFootballData.com API,2026-08-31T17:39:28.915688+00:00,/games,1.3
401760412,2025,12,regular,2025-11-16T03:30:00.000Z,False,True,False,True,35076,3660,Valley Children's Stadium,278,Fresno State,fbs,Mountain West,24,"[7, 3, 0, 14]",0.8938388228416443,1468,1510,2751,Wyoming,fbs,Mountain West,3,"[3, 0, 0, 0]",0.10616117715835571,1390,1348,4.945463204251494,,,,CollegeFootballData.com API,2026-08-31T17:39:28.915688+00:00,/games,1.3
401760410,2025,12,regular,2025-11-16T03:30:00.000Z,False,True,False,True,29201,7311,Snapdragon Stadium,21,San Diego State,fbs,Mountain West,17,"[0, 14, 0, 3]",0.5283172726631165,1480,1507,68,Boise State,fbs,Mountain West,7,"[0, 7, 0, 0]",0.47168272733688354,1616,1589,4.49702102683922,,,,CollegeFootballData.com API,2026-08-31T17:39:28.915688+00:00,/games,1.3
401762862,2025,13,regular,2025-11-19T00:00:00.000Z,False,True,False,True,9867,3700,Doyt L. Perry Stadium,189,Bowling Green,fbs,Mid-American,16,"[3, 3, 7, 3]",0.6382849216461182,1244,1230,2006,Akron,fbs,Mid-American,19,"[3, 3, 10, 3]",0.36171507835388184,1087,1101,7.499807813687292,,,,CollegeFootballData.com API,2026-08-31T17:39:28.915688+00:00,/games,1.3
401762863,2025,13,regular,2025-11-19T00:00:00.000Z,False,True,False,True,12438,3876,Peden Stadium,195,Ohio,fbs,Mid-American,42,"[7, 14, 7, 14]",0.9950482845306396,1585,1572,113,Massachusetts,fbs,Mid-American,14,"[7, 0, 7, 0]",0.0049517154693603516,735,748,4.74227531654747,,,,CollegeFootballData.com API,2026-08-31T17:39:28.915688+00:00,/games,1.3
401762864,2025,13,regular,2025-11-19T00:00:00.000Z,False,True,False,True,4734,3764,Huskie Stadium,2459,Northern Illinois,fbs,Mid-American,19,"[10, 3, 0, 6]",0.12934772670269012,1289,1260,2711,Western Michigan,fbs,Mid-American,35,"[0, 14, 7, 14]",0.8706522732973099,1378,1407,3.4626707730844215,,,,CollegeFootballData.com API,2026-08-31T17:39:28.915688+00:00,/games,1.3
401762865,2025,13,regular,2025-11-20T00:00:00.000Z,False,True,False,True,15246,3965,UB Stadium,2084,Buffalo,fbs,Mid-American,20,"[3, 7, 10, 0]",0.1364663541316986,1318,1288,193,Miami (OH),fbs,Mid-American,37,"[0, 17, 14, 6]",0.8635336458683014,1421,1451,5.921445750564814,,,,CollegeFootballData.com API,2026-08-31T17:39:28.915688+00:00,/games,1.3
401762866,2025,13,regular,2025-11-20T00:00:00.000Z,False,True,False,True,8112,3696,Dix Stadium,2309,Kent State,fbs,Mid-American,16,"[0, 3, 0, 13]",0.04668497294187546,972,974,2117,Central Michigan,fbs,Mid-American,28,"[7, 7, 0, 14]",0.9533150270581245,1293,1291,4.460429434556407,,,,CollegeFootballData.com API,2026-08-31T17:39:28.915688+00:00,/games,1.3
401761655,2025,13,regular,2025-11-21T00:30:00.000Z,False,True,False,True,13571,3625,Centennial Bank Stadium,2032,Arkansas State,fbs,Sun Belt,30,"[10, 17, 0, 3]",0.14582644402980804,1306,1302,309,Louisiana,fbs,Sun Belt,34,"[7, 17, 7, 3]",0.854173555970192,1350,1354,8.711359626652017,,,,CollegeFootballData.com API,2026-08-31T17:39:28.915688+00:00,/games,1.3
401754598,2025,13,regular,2025-11-22T01:00:00.000Z,False,True,False,True,56919,3670,Carter-Finley Stadium,152,NC State,fbs,ACC,21,"[7, 0, 7, 7]",0.72925865650177,1449,1481,52,Florida State,fbs,ACC,11,"[0, 3, 0, 8]",0.27074134349823,1638,1606,4.720332964140075,,,,CollegeFootballData.com API,2026-08-31T17:39:28.915688+00:00,/games,1.3
401760418,2025,13,regular,2025-11-22T03:30:00.000Z,False,True,False,True,37106,6501,Allegiant Stadium,2439,UNLV,fbs,Mountain West,38,"[10, 14, 0, 14]",0.9917385578155518,1604,1663,62,Hawai'i,fbs,Mountain West,10,"[7, 3, 0, 0]",0.008261442184448242,1480,1421,3.609955771696005,,,,CollegeFootballData.com API,2026-08-31T17:39:28.915688+00:00,/games,1.3
401754602,2025,13,regular,2025-11-22T17:00:00.000Z,False,True,False,True,32713,3735,Gerald J. Ford Stadium,2567,SMU,fbs,ACC,38,"[7, 14, 3, 14]",0.9910668134689331,1782,1860,97,Louisville,fbs,ACC,6,"[3, 3, 0, 0]",0.008933186531066895,1709,1631,3.7331319170940747,,,,CollegeFootballData.com API,2026-08-31T17:39:28.915688+00:00,/games,1.3
401752778,2025,13,regular,2025-11-22T17:00:00.000Z,False,True,False,True,83541,3835,"Memorial Stadium (Norman, OK)",201,Oklahoma,fbs,SEC,17,"[0, 14, 3, 0]",0.5228720903396606,1807,1824,142,Missouri,fbs,SEC,6,"[3, 3, 0, 0]",0.47712790966033936,1765,1748,3.8866845198095876,,,,CollegeFootballData.com API,2026-08-31T17:39:28.915688+00:00,/games,1.3
401754606,2025,13,regular,2025-11-22T17:00:00.000Z,False,True,False,False,26950,3630,Allegacy Federal Credit Union Stadium,154,Wake Forest,fbs,ACC,52,"[15, 20, 14, 3]",0.9899044036865234,1444,1542,48,Delaware,fbs,Conference USA,14,"[0, 7, 0, 7]",0.010095596313476562,1364,1266,3.057955735193439,,,,CollegeFootballData.com API,2026-08-31T17:39:28.915688+00:00,/games,1.3
401762512,2025,13,regular,2025-11-22T17:00:00.000Z,False,True,False,True,28705,3841,Michie Stadium,349,Army,fbs,American Athletic,25,"[7, 15, 3, 0]",0.1432495415210724,1529,1504,202,Tulsa,fbs,American Athletic,26,"[7, 7, 0, 12]",0.8567504584789276,1094,1119,6.910777336301107,,,,CollegeFootballData.com API,2026-08-31T17:39:28.915688+00:00,/games,1.3
401752781,2025,13,regular,2025-11-22T17:00:00.000Z,False,True,False,False,104877,3795,Kyle Field,245,Texas A&M,fbs,SEC,48,"[21, 10, 7, 10]",0.9767223000526428,1896,1896,2535,Samford,fcs,Southern,0,"[0, 0, 0, 0]",0.023277699947357178,,,3.0027037724665457,,,,CollegeFootballData.com API,2026-08-31T17:39:28.915688+00:00,/games,1.3
401754603,2025,13,regular,2025-11-22T17:00:00.000Z,False,True,False,True,65632,3799,Lane Stadium,259,Virginia Tech,fbs,ACC,17,"[3, 0, 7, 7]",0.28536638617515564,1402,1409,2390,Miami,fbs,ACC,34,"[7, 13, 7, 7]",0.7146336138248444,1914,1907,3.9113358309470994,,,,CollegeFootballData.com API,2026-08-31T17:39:28.915688+00:00,/games,1.3
401756958,2025,13,regular,2025-11-22T17:00:00.000Z,False,True,False,True,58275,3772,Jack Trice Stadium,66,Iowa State,fbs,Big 12,38,"[7, 10, 14, 7]",0.9919295310974121,1600,1655,2305,Kansas,fbs,Big 12,14,"[0, 0, 14, 0]",0.00807046890258789,1554,1499,3.2876366410776248,,,,CollegeFootballData.com API,2026-08-31T17:39:28.915688+00:00,/games,1.3
401752912,2025,13,regular,2025-11-22T17:00:00.000Z,False,True,False,True,,3861,Ohio Stadium,194,Ohio State,fbs,Big Ten,42,"[7, 7, 14, 14]",0.9874398112297058,2145,2158,164,Rutgers,fbs,Big Ten,9,"[0, 3, 0, 6]",0.01256018877029419,1458,1445,3.630035748868403,,,,CollegeFootballData.com API,2026-08-31T17:39:28.915688+00:00,/games,1.3
401752909,2025,13,regular,2025-11-22T17:00:00.000Z,False,True,True,True,15323,4250,Wrigley Field,77,Northwestern,fbs,Big Ten,38,"[10, 3, 15, 10]",0.8243551254272461,1526,1531,135,Minnesota,fbs,Big Ten,35,"[0, 21, 7, 7]",0.1756448745727539,1496,1491,7.305459827041887,,,,CollegeFootballData.com API,2026-08-31T17:39:28.915688+00:00,/games,1.3
401752776,2025,13,regular,2025-11-22T17:45:00.000Z,False,True,False,False,93033,3917,Sanford Stadium,61,Georgia,fbs,SEC,35,"[14, 14, 7, 0]",0.9921115636825562,2070,2048,2429,Charlotte,fbs,American Athletic,3,"[0, 3, 0, 0]",0.007888436317443848,1013,1035,2.676535798551931,,,,CollegeFootballData.com API,2026-08-31T17:39:28.915688+00:00,/games,1.3
401761657,2025,13,regular,2025-11-22T18:00:00.000Z,False,True,False,True,19247,3608,Allen E. Paulson Stadium,290,Georgia Southern,fbs,Sun Belt,10,"[0, 0, 3, 7]",0.0013588489964604378,1319,1250,295,Old Dominion,fbs,Sun Belt,45,"[14, 17, 14, 0]",0.9986411510035396,1566,1635,3.476384076018411,,,,CollegeFootballData.com API,2026-08-31T17:39:28.915688+00:00,/games,1.3
401752954,2025,13,regular,2025-11-22T18:00:00.000Z,False,True,False,False,25156,3651,Bridgeforth Stadium,256,James Madison,fbs,Sun Belt,24,"[3, 7, 7, 7]",0.5653398036956787,1882,1874,265,Washington State,fbs,Pac-12,20,"[3, 14, 0, 3]",0.4346601963043213,1500,1508,6.595652422164998,,,,CollegeFootballData.com API,2026-08-31T17:39:28.915688+00:00,/games,1.3
401756954,2025,13,regular,2025-11-22T18:00:00.000Z,False,True,False,True,40199,3619,Arizona Stadium,12,Arizona,fbs,Big 12,41,"[7, 7, 7, 20]",0.9967034459114075,1592,1651,239,Baylor,fbs,Big 12,17,"[14, 3, 0, 0]",0.0032965540885925293,1585,1526,6.223066337170956,,,,CollegeFootballData.com API,2026-08-31T17:39:28.915688+00:00,/games,1.3
401752773,2025,13,regular,2025-11-22T19:00:00.000Z,False,True,False,False,100077,3657,Bryant-Denny Stadium,333,Alabama,fbs,SEC,56,"[14, 14, 14, 14]",0.9774519801139832,1966,1966,2197,Eastern Illinois,fcs,OVC-Big South,0,"[0, 0, 0, 0]",0.022548019886016846,,,2.8102442053527406,,,,CollegeFootballData.com API,2026-08-31T17:39:28.915688+00:00,/games,1.3
401752774,2025,13,regular,2025-11-22T19:00:00.000Z,False,True,False,False,88043,3785,Jordan-Hare Stadium,2,Auburn,fbs,SEC,62,"[14, 21, 14, 13]",0.9926486015319824,1660,1660,2382,Mercer,fcs,Southern,17,"[14, 3, 0, 0]",0.007351398468017578,,,4.767887295781225,,,,CollegeFootballData.com API,2026-08-31T17:39:28.915688+00:00,/games,1.3
401762867,2025,13,regular,2025-11-22T19:00:00.000Z,False,True,False,True,15127,3739,Glass Bowl,2649,Toledo,fbs,Mid-American,38,"[14, 10, 7, 7]",0.9851285219192505,1630,1642,2050,Ball State,fbs,Mid-American,9,"[0, 3, 0, 6]",0.014871478080749512,1030,1018,3.9451780489615396,,,,CollegeFootballData.com API,2026-08-31T17:39:28.915688+00:00,/games,1.3
401757306,2025,13,regular,2025-11-22T19:00:00.000Z,False,True,False,True,11040,4899,Fifth Third Stadium,338,Kennesaw State,fbs,Conference USA,41,"[14, 0, 13, 14]",0.9273834824562073,1375,1385,2623,Missouri State,fbs,Conference USA,34,"[3, 10, 14, 7]",0.07261651754379272,1376,1366,8.731697139583876,,,,CollegeFootballData.com API,2026-08-31T17:39:28.915688+00:00,/games,1.3
401760419,2025,13,regular,2025-11-22T19:00:00.000Z,False,True,False,True,25650,3984,War Memorial Stadium,2751,Wyoming,fbs,Mountain West,7,"[0, 0, 7, 0]",0.06490600109100342,1348,1333,2440,Nevada,fbs,Mountain West,13,"[0, 7, 3, 3]",0.9350939989089966,1288,1303,4.960683280349936,,,,CollegeFootballData.com API,2026-08-31T17:39:28.915688+00:00,/games,1.3
401761656,2025,13,regular,2025-11-22T19:30:00.000Z,False,True,False,True,31322,3792,Kidd Brewer Stadium,2026,App State,fbs,Sun Belt,26,"[3, 13, 7, 3]",0.2184579074382782,1248,1252,276,Marshall,fbs,Sun Belt,24,"[7, 14, 3, 0]",0.7815420925617218,1499,1495,7.4641602063129895,,,,CollegeFootballData.com API,2026-08-31T17:39:28.915688+00:00,/games,1.3
401757175,2025,13,regular,2025-11-22T20:00:00.000Z,False,True,False,False,16306,3715,FAU Stadium,2226,Florida Atlantic,fbs,American Athletic,45,"[3, 14, 14, 14]",0.46710923314094543,1249,1263,41,UConn,fbs,FBS Independents,48,"[24, 3, 7, 14]",0.5328907668590546,1568,1554,8.729593024822146,,,,CollegeFootballData.com API,2026-08-31T17:39:28.915688+00:00,/games,1.3
401757308,2025,13,regular,2025-11-22T20:00:00.000Z,False,True,False,True,7605,3725,"Johnny ""Red"" Floyd Stadium",2393,Middle Tennessee,fbs,Conference USA,31,"[0, 10, 7, 14]",0.9829244017601013,1122,1148,2534,Sam Houston,fbs,Conference USA,17,"[10, 0, 0, 7]",0.01707559823989868,1094,1068,5.92583521036406,,,,CollegeFootballData.com API,2026-08-31T17:39:28.915688+00:00,/games,1.3
401757309,2025,13,regular,2025-11-22T20:00:00.000Z,False,True,False,True,16677,3946,Sun Bowl,2638,UTEP,fbs,Conference USA,31,"[21, 0, 3, 7]",0.3657667636871338,1215,1208,166,New Mexico State,fbs,Conference USA,34,"[0, 21, 3, 10]",0.6342332363128662,1181,1188,7.161423595259868,,,,CollegeFootballData.com API,2026-08-31T17:39:28.915688+00:00,/games,1.3
401762511,2025,13,regular,2025-11-22T20:00:00.000Z,False,True,False,True,16376,7221,Protective Stadium,5,UAB,fbs,American Athletic,18,"[10, 0, 0, 8]",0.0039056341629475355,1197,1175,58,South Florida,fbs,American Athletic,48,"[7, 10, 17, 14]",0.9960943658370525,1729,1751,4.383208136782565,,,,CollegeFootballData.com API,2026-08-31T17:39:28.915688+00:00,/games,1.3
401757307,2025,13,regular,2025-11-22T20:00:00.000Z,False,True,False,True,10107,3776,Joe Aillet Stadium,2348,Louisiana Tech,fbs,Conference USA,34,"[7, 0, 7, 14, 6]",0.7309790849685669,1396,1407,2335,Liberty,fbs,Conference USA,28,"[3, 10, 15, 0, 0]",0.2690209150314331,1468,1457,7.27530017878221,,,,CollegeFootballData.com API,2026-08-31T17:39:28.915688+00:00,/games,1.3
401752780,2025,13,regular,2025-11-22T20:30:00.000Z,False,True,False,True,102361,3910,DKR-Texas Memorial Stadium,251,Texas,fbs,SEC,52,"[14, 10, 21, 7]",1,1872,1880,8,Arkansas,fbs,SEC,37,"[6, 14, 3, 14]",0,1596,1588,5.379994843795397,,,,CollegeFootballData.com API,2026-08-31T17:39:28.915688+00:00,/games,1.3
401752911,2025,13,regular,2025-11-22T20:30:00.000Z,False,True,False,True,59588,3626,Autzen Stadium,2483,Oregon,fbs,Big Ten,42,"[14, 14, 7, 7]",0.9968926906585693,2068,2086,30,USC,fbs,Big Ten,27,"[7, 7, 7, 6]",0.003107309341430664,1916,1898,5.135430654086582,,,,CollegeFootballData.com API,2026-08-31T17:39:28.915688+00:00,/games,1.3
401762513,2025,13,regular,2025-11-22T20:30:00.000Z,False,True,False,True,18573,3604,Alamodome,2636,UTSA,fbs,American Athletic,58,"[14, 20, 10, 14]",0.9928389191627502,1472,1585,151,East Carolina,fbs,American Athletic,24,"[0, 3, 7, 14]",0.007161080837249756,1604,1491,3.4460992661189365,,,,CollegeFootballData.com API,2026-08-31T17:39:28.915688+00:00,/games,1.3
401752782,2025,13,regular,2025-11-22T20:30:00.000Z,False,True,False,True,35000,3973,FirstBank Stadium,238,Vanderbilt,fbs,SEC,45,"[3, 21, 21, 0]",0.9704754948616028,1770,1827,96,Kentucky,fbs,SEC,17,"[0, 3, 0, 14]",0.029524505138397217,1635,1578,3.2319062565762313,,,,CollegeFootballData.com API,2026-08-31T17:39:28.915688+00:00,/games,1.3
401761658,2025,13,regular,2025-11-22T20:30:00.000Z,False,True,False,True,17601,6526,Hancock Whitney Stadium,6,South Alabama,fbs,Sun Belt,42,"[7, 14, 14, 7]",1,1369,1375,2572,Southern Miss,fbs,Sun Belt,35,"[0, 7, 7, 21]",0,1303,1297,4.629778731009781,,,,CollegeFootballData.com API,2026-08-31T17:39:28.915688+00:00,/games,1.3
401757305,2025,13,regular,2025-11-22T20:30:00.000Z,False,True,False,True,9504,2031,Pitbull Stadium,2229,Florida International,fbs,Conference USA,27,"[7, 0, 10, 10]",0.3575092554092407,1326,1343,55,Jacksonville State,fbs,Conference USA,21,"[7, 7, 7, 0]",0.6424907445907593,1518,1501,7.66191105255291,,,,CollegeFootballData.com API,2026-08-31T17:39:28.915688+00:00,/games,1.3
401754604,2025,13,regular,2025-11-22T20:30:00.000Z,False,True,False,False,77622,3855,Notre Dame Stadium,87,Notre Dame,fbs,FBS Independents,70,"[35, 14, 7, 14]",0.9941574335098267,2189,2263,183,Syracuse,fbs,ACC,7,"[0, 0, 0, 7]",0.00584256649017334,1304,1230,3.3386299156731587,,,,CollegeFootballData.com API,2026-08-31T17:39:28.915688+00:00,/games,1.3
401754600,2025,13,regular,2025-11-22T20:30:00.000Z,False,True,False,True,50500,3787,Kenan Stadium,153,North Carolina,fbs,ACC,25,"[7, 3, 8, 7]",0.6972442865371704,1361,1364,150,Duke,fbs,ACC,32,"[7, 10, 7, 8]",0.3027557134628296,1576,1573,6.197711451448148,,,,CollegeFootballData.com API,2026-08-31T17:39:28.915688+00:00,/games,1.3
401752913,2025,13,regular,2025-11-22T20:30:00.000Z,False,True,False,True,69250,3793,Kinnick Stadium,2294,Iowa,fbs,Big Ten,20,"[7, 0, 0, 13]",0.5728206634521484,1907,1902,127,Michigan State,fbs,Big Ten,17,"[0, 3, 14, 0]",0.42717933654785156,1377,1382,5.8560481726197,,,,CollegeFootballData.com API,2026-08-31T17:39:28.915688+00:00,/games,1.3
401762515,2025,13,regular,2025-11-22T20:45:00.000Z,False,True,False,True,13366,3806,Lincoln Financial Field,218,Temple,fbs,American Athletic,13,"[7, 0, 0, 6]",0.013555897399783134,1266,1234,2655,Tulane,fbs,American Athletic,37,"[10, 10, 6, 11]",0.9864441026002169,1543,1575,3.574444017848902,,,,CollegeFootballData.com API,2026-08-31T17:39:28.915688+00:00,/games,1.3
401761660,2025,13,regular,2025-11-22T21:00:00.000Z,False,True,False,True,20243,3975,Veterans Memorial Stadium (AL),2653,Troy,fbs,Sun Belt,31,"[0, 10, 7, 14]",0.9729332327842712,1359,1362,2247,Georgia State,fbs,Sun Belt,19,"[0, 6, 6, 7]",0.02706676721572876,1107,1104,6.059723295053843,,,,CollegeFootballData.com API,2026-08-31T17:39:28.915688+00:00,/games,1.3
401756959,2025,13,regular,2025-11-22T21:00:00.000Z,False,True,False,True,41723,3652,FBC Mortgage Stadium,2116,UCF,fbs,Big 12,17,"[0, 0, 7, 10]",0.9978678822517395,1468,1464,197,Oklahoma State,fbs,Big 12,14,"[7, 7, 0, 0]",0.002132117748260498,1080,1084,6.068326629734767,,,,CollegeFootballData.com API,2026-08-31T17:39:28.915688+00:00,/games,1.3
401752914,2025,13,regular,2025-11-22T21:00:00.000Z,False,True,False,True,46185,3665,SECU Stadium,120,Maryland,fbs,Big Ten,20,"[7, 3, 3, 7]",0.002435908652842045,1440,1414,130,Michigan,fbs,Big Ten,45,"[7, 14, 14, 10]",0.997564091347158,1799,1825,3.802841750717656,,,,CollegeFootballData.com API,2026-08-31T17:39:28.915688+00:00,/games,1.3
401756957,2025,13,regular,2025-11-22T21:00:00.000Z,False,True,False,True,30852,4728,TDECU Stadium,248,Houston,fbs,Big 12,14,"[0, 7, 7, 0]",0.5768406391143799,1476,1479,2628,TCU,fbs,Big 12,17,"[14, 0, 0, 3]",0.4231593608856201,1605,1602,6.5693837600173905,,,,CollegeFootballData.com API,2026-08-31T17:39:28.915688+00:00,/games,1.3
401756960,2025,13,regular,2025-11-22T21:00:00.000Z,False,True,False,True,51444,587,Rice-Eccles Stadium,254,Utah,fbs,Big 12,51,"[7, 14, 14, 16]",0.2940085530281067,1977,1971,2306,Kansas State,fbs,Big 12,47,"[7, 24, 7, 9]",0.7059914469718933,1674,1680,10.539370561113188,,,,CollegeFootballData.com API,2026-08-31T17:39:28.915688+00:00,/games,1.3
401752779,2025,13,regular,2025-11-22T21:15:00.000Z,False,True,False,False,78452,3994,Williams-Brice Stadium,2579,South Carolina,fbs,SEC,51,"[20, 17, 7, 7]",0.9924185276031494,1645,1730,324,Coastal Carolina,fbs,Sun Belt,7,"[0, 0, 0, 7]",0.007581472396850586,1313,1228,3.502150295620211,,,,CollegeFootballData.com API,2026-08-31T17:39:28.915688+00:00,/games,1.3
401754605,2025,13,regular,2025-11-22T21:30:00.000Z,False,True,False,False,78403,3836,"Memorial Stadium (Clemson, SC)",228,Clemson,fbs,ACC,45,"[17, 14, 0, 14]",0.9877793192863464,1727,1727,231,Furman,fcs,Southern,10,"[0, 3, 7, 0]",0.012220680713653564,,,3.1907836309783715,,,,CollegeFootballData.com API,2026-08-31T17:39:28.915688+00:00,/games,1.3
401761659,2025,13,regular,2025-11-22T22:00:00.000Z,False,True,False,True,17078,3644,Bobcat Stadium (TX),326,Texas State,fbs,Sun Belt,31,"[0, 3, 14, 14]",0.8567688465118408,1542,1533,2433,UL Monroe,fbs,Sun Belt,14,"[0, 0, 7, 7]",0.14323115348815918,1004,1013,4.779916081017038,,,,CollegeFootballData.com API,2026-08-31T17:39:28.915688+00:00,/games,1.3
401754601,2025,13,regular,2025-11-23T00:00:00.000Z,False,True,False,True,52413,721,Bobby Dodd Stadium,59,Georgia Tech,fbs,ACC,28,"[0, 14, 0, 14]",0.16961883008480072,1599,1573,221,Pittsburgh,fbs,ACC,42,"[21, 7, 7, 7]",0.8303811699151993,1665,1691,4.477657732122358,,,,CollegeFootballData.com API,2026-08-31T17:39:28.915688+00:00,/games,1.3
401760415,2025,13,regular,2025-11-23T00:00:00.000Z,False,True,False,True,20218,3713,Falcon Stadium,2005,Air Force,fbs,Mountain West,3,"[0, 0, 0, 3]",0.014733248390257359,1383,1350,167,New Mexico,fbs,Mountain West,20,"[7, 10, 0, 3]",0.9852667516097426,1458,1491,2.9671530551482315,,,,CollegeFootballData.com API,2026-08-31T17:39:28.915688+00:00,/games,1.3
401760416,2025,13,regular,2025-11-23T00:00:00.000Z,False,True,False,True,32819,3653,Albertsons Stadium,68,Boise State,fbs,Mountain West,49,"[7, 20, 7, 15]",0.9962014555931091,1589,1621,36,Colorado State,fbs,Mountain West,21,"[7, 0, 0, 14]",0.003798544406890869,1223,1191,4.346051359634192,,,,CollegeFootballData.com API,2026-08-31T17:39:28.915688+00:00,/games,1.3
401752908,2025,13,regular,2025-11-23T00:00:00.000Z,False,True,False,True,105038,3632,Beaver Stadium,213,Penn State,fbs,Big Ten,37,"[7, 16, 7, 7]",0.9944369196891785,1938,1975,158,Nebraska,fbs,Big Ten,10,"[0, 3, 7, 0]",0.005563080310821533,1648,1611,3.2286130019262984,,,,CollegeFootballData.com API,2026-08-31T17:39:28.915688+00:00,/games,1.3
401752775,2025,13,regular,2025-11-23T00:30:00.000Z,False,True,False,True,90465,3634,Ben Hill Griffin Stadium,57,Florida,fbs,SEC,11,"[0, 0, 3, 8]",0,1565,1543,2633,Tennessee,fbs,SEC,31,"[14, 17, 0, 0]",1,1834,1856,2.205107309922417,,,,CollegeFootballData.com API,2026-08-31T17:39:28.915688+00:00,/games,1.3
401752915,2025,13,regular,2025-11-23T00:30:00.000Z,False,True,False,True,,347,Camp Randall Stadium,275,Wisconsin,fbs,Big Ten,27,"[7, 3, 7, 10]",0.9873610138893127,1467,1521,356,Illinois,fbs,Big Ten,10,"[0, 7, 3, 0]",0.012638986110687256,1630,1576,5.001122438154633,,,,CollegeFootballData.com API,2026-08-31T17:39:28.915688+00:00,/games,1.3
401762514,2025,13,regular,2025-11-23T00:30:00.000Z,False,True,False,True,24598,3895,Rice Stadium,242,Rice,fbs,American Athletic,24,"[14, 0, 7, 3]",0.1891024261713028,1169,1144,249,North Texas,fbs,American Athletic,56,"[7, 21, 14, 14]",0.8108975738286972,1716,1741,3.2991485915013485,,,,CollegeFootballData.com API,2026-08-31T17:39:28.915688+00:00,/games,1.3
401754599,2025,13,regular,2025-11-23T00:30:00.000Z,False,True,False,True,50039,3940,Stanford Stadium,24,Stanford,fbs,ACC,31,"[0, 14, 3, 14]",1,1246,1315,25,California,fbs,ACC,10,"[3, 7, 0, 0]",0,1420,1351,5.2862318349905895,,,,CollegeFootballData.com API,2026-08-31T17:39:28.915688+00:00,/games,1.3
401752777,2025,13,regular,2025-11-23T00:45:00.000Z,False,True,False,False,100923,3958,Tiger Stadium (LA),99,LSU,fbs,SEC,13,"[0, 7, 3, 3]",0.6907662153244019,1693,1690,98,Western Kentucky,fbs,Conference USA,10,"[3, 0, 0, 7]",0.30923378467559814,1398,1401,5.332586354905082,,,,CollegeFootballData.com API,2026-08-31T17:39:28.915688+00:00,/games,1.3
401756956,2025,13,regular,2025-11-23T01:00:00.000Z,False,True,False,True,43348,3726,Folsom Field,38,Colorado,fbs,Big 12,17,"[7, 0, 10, 0]",0.009020018391311169,1377,1338,9,Arizona State,fbs,Big 12,42,"[3, 10, 8, 21]",0.9909799816086888,1614,1653,6.681236701530058,,,,CollegeFootballData.com API,2026-08-31T17:39:28.915688+00:00,/games,1.3
401756955,2025,13,regular,2025-11-23T01:00:00.000Z,False,True,False,True,38034,3854,Nippert Stadium,2132,Cincinnati,fbs,Big 12,14,"[0, 7, 0, 7]",0.31679895520210266,1578,1569,252,BYU,fbs,Big 12,26,"[7, 3, 7, 9]",0.6832010447978973,1772,1781,4.566544103656873,,,,CollegeFootballData.com API,2026-08-31T17:39:28.915688+00:00,/games,1.3
401760420,2025,13,regular,2025-11-23T03:30:00.000Z,False,True,False,True,22595,7311,Snapdragon Stadium,21,San Diego State,fbs,Mountain West,25,"[11, 7, 0, 7]",0.9587395191192627,1507,1530,23,San José State,fbs,Mountain West,3,"[0, 3, 0, 0]",0.041260480880737305,1208,1185,3.342700102602753,,,,CollegeFootballData.com API,2026-08-31T17:39:28.915688+00:00,/games,1.3
401752910,2025,13,regular,2025-11-23T03:30:00.000Z,False,True,False,True,38201,1056,Rose Bowl,26,UCLA,fbs,Big Ten,14,"[0, 0, 7, 7]",0.0028976621106266975,1361,1313,264,Washington,fbs,Big Ten,48,"[3, 17, 14, 14]",0.9971023378893733,1754,1802,3.192641077921975,,,,CollegeFootballData.com API,2026-08-31T17:39:28.915688+00:00,/games,1.3
401760417,2025,13,regular,2025-11-23T03:30:00.000Z,False,True,False,True,37551,3660,Valley Children's Stadium,278,Fresno State,fbs,Mountain West,17,"[7, 10, 0, 0]",0.21230269968509674,1510,1478,328,Utah State,fbs,Mountain West,28,"[7, 0, 7, 14]",0.7876973003149033,1423,1455,7.5268344203989095,,,,CollegeFootballData.com API,2026-08-31T17:39:28.915688+00:00,/games,1.3
401762868,2025,14,regular,2025-11-25T21:30:00.000Z,False,True,False,True,6043,3985,Warren McGuirk Alumni Stadium,113,Massachusetts,fbs,Mid-American,14,"[0, 14, 0, 0]",0.006251768674701452,748,718,189,Bowling Green,fbs,Mid-American,45,"[14, 14, 7, 10]",0.9937482313252985,1230,1260,2.1605811274523727,,,,CollegeFootballData.com API,2026-08-31T17:39:28.915688+00:00,/games,1.3
401762869,2025,14,regular,2025-11-26T00:30:00.000Z,False,True,False,True,11818,3912,Rynearson Stadium,2199,Eastern Michigan,fbs,Mid-American,21,"[7, 0, 0, 14]",0,1246,1239,2711,Western Michigan,fbs,Mid-American,31,"[0, 17, 14, 0]",1,1407,1414,3.7143168825044937,,,,CollegeFootballData.com API,2026-08-31T17:39:28.915688+00:00,/games,1.3
401762516,2025,14,regular,2025-11-28T00:30:00.000Z,False,True,False,True,27082,3805,Simmons Bank Liberty Stadium,235,Memphis,fbs,American Athletic,17,"[3, 14, 0, 0]",0,1660,1620,2426,Navy,fbs,American Athletic,28,"[0, 14, 7, 7]",1,1485,1525,5.624486611217874,,,,CollegeFootballData.com API,2026-08-31T17:39:28.915688+00:00,/games,1.3
401752916,2025,14,regular,2025-11-28T17:00:00.000Z,False,True,False,True,86410,3834,"Memorial Stadium (Lincoln, NE)",158,Nebraska,fbs,Big Ten,16,"[10, 6, 0, 0]",0.03046702966094017,1611,1580,2294,Iowa,fbs,Big Ten,40,"[10, 14, 9, 7]",0.9695329703390598,1902,1933,3.966240038437885,,,,CollegeFootballData.com API,2026-08-31T17:39:28.915688+00:00,/games,1.3
401752788,2025,14,regular,2025-11-28T17:00:00.000Z,False,True,False,True,60417,3693,Davis Wade Stadium,344,Mississippi State,fbs,SEC,19,"[7, 3, 3, 6]",0.037043988704681396,1492,1491,145,Ole Miss,fbs,SEC,38,"[14, 7, 3, 14]",0.9629560112953186,1959,1960,4.644830935938228,,,,CollegeFootballData.com API,2026-08-31T17:39:28.915688+00:00,/games,1.3
401762871,2025,14,regular,2025-11-28T17:00:00.000Z,False,True,False,True,3090,3764,Huskie Stadium,2459,Northern Illinois,fbs,Mid-American,31,"[7, 14, 0, 10]",0.5420212745666504,1260,1233,2309,Kent State,fbs,Mid-American,35,"[3, 14, 3, 15]",0.4579787254333496,974,1001,7.06656686791855,,,,CollegeFootballData.com API,2026-08-31T17:39:28.915688+00:00,/games,1.3
401762870,2025,14,regular,2025-11-28T17:00:00.000Z,False,True,False,True,11096,3965,UB Stadium,2084,Buffalo,fbs,Mid-American,26,"[0, 7, 6, 13]",0.5063985586166382,1288,1298,195,Ohio,fbs,Mid-American,31,"[7, 14, 7, 3]",0.4936014413833618,1572,1562,4.941688531055923,,,,CollegeFootballData.com API,2026-08-31T17:39:28.915688+00:00,/games,1.3
401756964,2025,14,regular,2025-11-28T17:00:00.000Z,False,True,False,True,32811,3833,Memorial Stadium,2305,Kansas,fbs,Big 12,21,"[0, 7, 7, 7]",0.18204674124717712,1499,1516,254,Utah,fbs,Big 12,31,"[3, 7, 0, 21]",0.8179532587528229,1971,1954,6.276140375244612,,,,CollegeFootballData.com API,2026-08-31T17:39:28.915688+00:00,/games,1.3
401760421,2025,14,regular,2025-11-28T20:00:00.000Z,False,True,False,True,25873,5388,Canvas Stadium,36,Colorado State,fbs,Mountain West,21,"[0, 7, 7, 7]",0,1191,1155,2005,Air Force,fbs,Mountain West,42,"[14, 7, 7, 14]",1,1350,1386,3.654887940296669,,,,CollegeFootballData.com API,2026-08-31T17:39:28.915688+00:00,/games,1.3
401760426,2025,14,regular,2025-11-28T20:30:00.000Z,False,True,False,True,30575,3971,University Stadium (NM),167,New Mexico,fbs,Mountain West,23,"[3, 7, 7, 0, 6]",0.1694977879524231,1491,1500,21,San Diego State,fbs,Mountain West,17,"[0, 14, 3, 0, 0]",0.8305022120475769,1530,1521,8.259158428099113,,,,CollegeFootballData.com API,2026-08-31T17:39:28.915688+00:00,/games,1.3
401762442,2025,14,regular,2025-11-28T20:30:00.000Z,False,True,False,True,24492,3825,DATCU Stadium,249,North Texas,fbs,American Athletic,52,"[14, 21, 10, 7]",0.9109395146369934,1741,1756,218,Temple,fbs,American Athletic,25,"[7, 0, 7, 11]",0.08906048536300659,1234,1219,3.517130738315427,,,,CollegeFootballData.com API,2026-08-31T17:39:28.915688+00:00,/games,1.3
401752786,2025,14,regular,2025-11-28T20:30:00.000Z,False,True,True,False,73728,5348,Mercedes-Benz Stadium,59,Georgia Tech,fbs,ACC,9,"[3, 0, 3, 3]",0.5011671185493469,1573,1595,61,Georgia,fbs,SEC,16,"[0, 13, 0, 3]",0.4988328814506531,2048,2026,3.7309061341517817,,,,CollegeFootballData.com API,2026-08-31T17:39:28.915688+00:00,/games,1.3
401760422,2025,14,regular,2025-11-28T21:00:00.000Z,False,True,False,True,21115,3905,Maverik Stadium,328,Utah State,fbs,Mountain West,24,"[14, 7, 3, 0]",0.34251150488853455,1455,1462,68,Boise State,fbs,Mountain West,25,"[10, 3, 6, 6]",0.6574884951114655,1621,1614,6.623730275130599,,,,CollegeFootballData.com API,2026-08-31T17:39:28.915688+00:00,/games,1.3
401752924,2025,14,regular,2025-11-29T00:30:00.000Z,False,True,False,True,59807,3907,Ross-Ade Stadium,2509,Purdue,fbs,Big Ten,3,"[3, 0, 0, 0]",0,1276,1227,84,Indiana,fbs,Big Ten,56,"[7, 21, 21, 7]",1,2142,2191,4.180747607485243,,,,CollegeFootballData.com API,2026-08-31T17:39:28.915688+00:00,/games,1.3
401752792,2025,14,regular,2025-11-29T00:30:00.000Z,False,True,False,True,103632,3910,DKR-Texas Memorial Stadium,251,Texas,fbs,SEC,27,"[0, 3, 10, 14]",0.6624485850334167,1880,1898,245,Texas A&M,fbs,SEC,17,"[0, 10, 0, 7]",0.33755141496658325,1896,1878,6.110871723010601,,,,CollegeFootballData.com API,2026-08-31T17:39:28.915688+00:00,/games,1.3
401756961,2025,14,regular,2025-11-29T02:00:00.000Z,False,True,False,True,54037,3947,Mountain America Stadium,9,Arizona State,fbs,Big 12,7,"[0, 7, 0, 0]",0.08919469267129898,1653,1615,12,Arizona,fbs,Big 12,23,"[0, 3, 10, 10]",0.910805307328701,1651,1689,4.291838806190243,,,,CollegeFootballData.com API,2026-08-31T17:39:28.915688+00:00,/games,1.3
401754611,2025,14,regular,2025-11-29T17:00:00.000Z,False,True,False,True,49845,3752,Acrisure Stadium,221,Pittsburgh,fbs,ACC,7,"[0, 7, 0, 0]",0,1691,1631,2390,Miami,fbs,ACC,38,"[3, 14, 14, 7]",1,1907,1967,3.695876450099734,,,,CollegeFootballData.com API,2026-08-31T17:39:28.915688+00:00,/games,1.3
401756966,2025,14,regular,2025-11-29T17:00:00.000Z,False,True,False,True,35127,3646,Boone Pickens Stadium,197,Oklahoma State,fbs,Big 12,13,"[0, 7, 3, 3]",0.06585004180669785,1084,1110,66,Iowa State,fbs,Big 12,20,"[3, 7, 7, 3]",0.9341499581933022,1655,1629,5.347888626270137,,,,CollegeFootballData.com API,2026-08-31T17:39:28.915688+00:00,/games,1.3
401756965,2025,14,regular,2025-11-29T17:00:00.000Z,False,True,False,True,49549,3636,Bill Snyder Family Stadium,2306,Kansas State,fbs,Big 12,24,"[7, 0, 7, 10]",0.9838504195213318,1680,1674,38,Colorado,fbs,Big 12,14,"[0, 7, 0, 7]",0.016149580478668213,1338,1344,5.30959740233998,,,,CollegeFootballData.com API,2026-08-31T17:39:28.915688+00:00,/games,1.3
401756962,2025,14,regular,2025-11-29T17:00:00.000Z,False,True,False,True,34720,4727,McLane Stadium,239,Baylor,fbs,Big 12,24,"[0, 9, 0, 15]",0.4149612486362457,1526,1509,248,Houston,fbs,Big 12,31,"[7, 10, 7, 7]",0.5850387513637543,1479,1496,5.676516189652465,,,,CollegeFootballData.com API,2026-08-31T17:39:28.915688+00:00,/games,1.3
401762519,2025,14,regular,2025-11-29T17:00:00.000Z,False,True,False,True,14712,3715,FAU Stadium,2226,Florida Atlantic,fbs,American Athletic,3,"[3, 0, 0, 0]",0.0007016126764938235,1263,1178,151,East Carolina,fbs,American Athletic,42,"[21, 21, 0, 0]",0.9992983873235062,1491,1576,3.066490242501596,,,,CollegeFootballData.com API,2026-08-31T17:39:28.915688+00:00,/games,1.3
401752790,2025,14,regular,2025-11-29T17:00:00.000Z,False,True,False,False,79827,3994,Williams-Brice Stadium,2579,South Carolina,fbs,SEC,14,"[0, 14, 0, 0]",0.009317152202129364,1730,1697,228,Clemson,fbs,ACC,28,"[0, 17, 3, 8]",0.9906828477978706,1725,1758,6.0292124586193445,,,,CollegeFootballData.com API,2026-08-31T17:39:28.915688+00:00,/games,1.3
401762875,2025,14,regular,2025-11-29T17:00:00.000Z,False,True,False,True,11137,3996,Yager Stadium,193,Miami (OH),fbs,Mid-American,45,"[21, 10, 7, 7]",0.9936692118644714,1451,1459,2050,Ball State,fbs,Mid-American,24,"[10, 0, 0, 14]",0.0063307881355285645,1018,1010,4.145491298442376,,,,CollegeFootballData.com API,2026-08-31T17:39:28.915688+00:00,/games,1.3
401762872,2025,14,regular,2025-11-29T17:00:00.000Z,False,True,False,True,6673,3786,Kelly/Shorts Stadium,2117,Central Michigan,fbs,Mid-American,3,"[0, 3, 0, 0]",0.011706745252013206,1291,1282,2649,Toledo,fbs,Mid-American,21,"[0, 0, 7, 14]",0.9882932547479868,1642,1651,4.719029622814196,,,,CollegeFootballData.com API,2026-08-31T17:39:28.915688+00:00,/games,1.3
401756968,2025,14,regular,2025-11-29T17:00:00.000Z,False,True,False,True,44250,3842,Milan Puskar Stadium,277,West Virginia,fbs,Big 12,0,"[0, 0, 0, 0]",0.008271883241832256,1355,1291,2641,Texas Tech,fbs,Big 12,49,"[21, 7, 14, 7]",0.9917281167581677,1997,2061,2.852444568793713,,,,CollegeFootballData.com API,2026-08-31T17:39:28.915688+00:00,/games,1.3
401752921,2025,14,regular,2025-11-29T17:00:00.000Z,False,True,False,True,111373,3558,Michigan Stadium,130,Michigan,fbs,Big Ten,9,"[6, 3, 0, 0]",0.006825553253293037,1825,1814,194,Ohio State,fbs,Big Ten,27,"[3, 14, 7, 3]",0.993174446746707,2158,2169,3.9042299668833054,,,,CollegeFootballData.com API,2026-08-31T17:39:28.915688+00:00,/games,1.3
401752787,2025,14,regular,2025-11-29T17:00:00.000Z,False,True,False,False,50634,3873,L&N Federal Credit Union Stadium,97,Louisville,fbs,ACC,41,"[7, 13, 7, 14]",0.9749041199684143,1631,1744,96,Kentucky,fbs,SEC,0,"[0, 0, 0, 0]",0.025095880031585693,1578,1465,3.079453613424045,,,,CollegeFootballData.com API,2026-08-31T17:39:28.915688+00:00,/games,1.3
401757311,2025,14,regular,2025-11-29T18:00:00.000Z,False,True,True,True,4237,3631,BBVA Compass Stadium,2534,Sam Houston,fbs,Conference USA,16,"[7, 3, 0, 6]",0.010444926097989082,1068,994,2229,Florida International,fbs,Conference USA,56,"[22, 6, 14, 14]",0.9895550739020109,1343,1417,3.4981768926733956,,,,CollegeFootballData.com API,2026-08-31T17:39:28.915688+00:00,/games,1.3
401757310,2025,14,regular,2025-11-29T18:00:00.000Z,False,True,False,True,13560,3695,Delaware Stadium,48,Delaware,fbs,Conference USA,61,"[7, 24, 10, 20]",0.9987398386001587,1266,1339,2638,UTEP,fbs,Conference USA,31,"[7, 13, 11, 0]",0.0012601613998413086,1208,1135,4.838235459533286,,,,CollegeFootballData.com API,2026-08-31T17:39:28.915688+00:00,/games,1.3
401756963,2025,14,regular,2025-11-29T18:00:00.000Z,False,True,False,True,60389,3801,LaVell Edwards Stadium,252,BYU,fbs,Big 12,41,"[0, 17, 21, 3]",0.9982386231422424,1781,1797,2116,UCF,fbs,Big 12,21,"[14, 0, 7, 0]",0.0017613768577575684,1464,1448,5.023789960551446,,,,CollegeFootballData.com API,2026-08-31T17:39:28.915688+00:00,/games,1.3
401761663,2025,14,regular,2025-11-29T18:30:00.000Z,False,True,False,True,21524,3775,Joan C. Edwards Stadium,276,Marshall,fbs,Sun Belt,19,"[3, 3, 6, 7]",0.47366154193878174,1495,1468,290,Georgia Southern,fbs,Sun Belt,24,"[14, 0, 10, 0]",0.5263384580612183,1250,1277,4.427883667668173,,,,CollegeFootballData.com API,2026-08-31T17:39:28.915688+00:00,/games,1.3
401757312,2025,14,regular,2025-11-29T19:00:00.000Z,False,True,False,True,16733,3662,AmFirst Stadium,55,Jacksonville State,fbs,Conference USA,37,"[7, 17, 7, 6]",0.8640779852867126,1501,1501,98,Western Kentucky,fbs,Conference USA,34,"[14, 14, 3, 3]",0.13592201471328735,1401,1401,7.675753951059409,,,,CollegeFootballData.com API,2026-08-31T17:39:28.915688+00:00,/games,1.3
401757314,2025,14,regular,2025-11-29T19:00:00.000Z,False,True,False,True,7656,3878,Plaster Sports Complex,2623,Missouri State,fbs,Conference USA,30,"[0, 10, 7, 13]",0.11619581282138824,1366,1344,2348,Louisiana Tech,fbs,Conference USA,42,"[7, 7, 7, 21]",0.8838041871786118,1407,1429,5.571557280944688,,,,CollegeFootballData.com API,2026-08-31T17:39:28.915688+00:00,/games,1.3
401761664,2025,14,regular,2025-11-29T19:00:00.000Z,False,True,False,True,17126,3918,S.B. Ballard Stadium,295,Old Dominion,fbs,Sun Belt,27,"[0, 10, 17, 0]",0.8773381114006042,1635,1627,2247,Georgia State,fbs,Sun Belt,10,"[0, 10, 0, 0]",0.12266188859939575,1104,1112,4.902601426948072,,,,CollegeFootballData.com API,2026-08-31T17:39:28.915688+00:00,/games,1.3
401761661,2025,14,regular,2025-11-29T19:30:00.000Z,False,True,False,True,23876,3792,Kidd Brewer Stadium,2026,App State,fbs,Sun Belt,29,"[3, 13, 7, 6]",0.6557454466819763,1252,1253,2032,Arkansas State,fbs,Sun Belt,30,"[3, 13, 7, 7]",0.3442545533180237,1302,1301,7.627218506792508,,,,CollegeFootballData.com API,2026-08-31T17:39:28.915688+00:00,/games,1.3
401762517,2025,14,regular,2025-11-29T20:00:00.000Z,False,True,False,True,13026,3674,Chapman Stadium,202,Tulsa,fbs,American Athletic,24,"[3, 14, 0, 7]",0.38257190585136414,1119,1110,5,UAB,fbs,American Athletic,31,"[7, 3, 7, 14]",0.6174280941486359,1175,1184,6.10812785672287,,,,CollegeFootballData.com API,2026-08-31T17:39:28.915688+00:00,/games,1.3
401761667,2025,14,regular,2025-11-29T20:00:00.000Z,False,True,False,True,16169,3644,Bobcat Stadium (TX),326,Texas State,fbs,Sun Belt,49,"[10, 11, 14, 14]",0.9943795204162598,1533,1572,6,South Alabama,fbs,Sun Belt,26,"[7, 0, 0, 19]",0.005620479583740234,1375,1336,4.018895429295734,,,,CollegeFootballData.com API,2026-08-31T17:39:28.915688+00:00,/games,1.3
401761665,2025,14,regular,2025-11-29T20:00:00.000Z,False,True,False,True,16270,3666,Cajun Field,309,Louisiana,fbs,Sun Belt,30,"[14, 3, 0, 10, 3]",0.07988160848617554,1354,1351,2433,UL Monroe,fbs,Sun Belt,27,"[13, 0, 0, 14, 0]",0.9201183915138245,1013,1016,8.585493350532403,,,,CollegeFootballData.com API,2026-08-31T17:39:28.915688+00:00,/games,1.3
401757315,2025,14,regular,2025-11-29T20:00:00.000Z,False,True,False,True,7381,3601,Aggie Memorial Stadium,166,New Mexico State,fbs,Conference USA,24,"[7, 0, 7, 10, 0]",0.045983873307704926,1188,1172,2393,Middle Tennessee,fbs,Conference USA,31,"[7, 7, 3, 7, 7]",0.9540161266922951,1148,1164,9.08819484044069,,,,CollegeFootballData.com API,2026-08-31T17:39:28.915688+00:00,/games,1.3
401754608,2025,14,regular,2025-11-29T20:00:00.000Z,False,True,False,True,32457,1964,JMA Wireless Dome,183,Syracuse,fbs,ACC,12,"[0, 6, 0, 6]",0.00022920966148376465,1230,1182,103,Boston College,fbs,ACC,34,"[3, 3, 14, 14]",0.9997707903385162,1311,1359,4.428296929054098,,,,CollegeFootballData.com API,2026-08-31T17:39:28.915688+00:00,/games,1.3
401752791,2025,14,regular,2025-11-29T20:30:00.000Z,False,True,False,True,101915,3853,Neyland Stadium,2633,Tennessee,fbs,SEC,24,"[7, 14, 0, 3]",0,1856,1799,238,Vanderbilt,fbs,SEC,45,"[7, 14, 10, 14]",1,1827,1884,6.4644006771448,,,,CollegeFootballData.com API,2026-08-31T17:39:28.915688+00:00,/games,1.3
401752789,2025,14,regular,2025-11-29T20:30:00.000Z,False,True,False,True,83734,3835,"Memorial Stadium (Norman, OK)",201,Oklahoma,fbs,SEC,17,"[3, 0, 7, 7]",0.7494428753852844,1824,1823,99,LSU,fbs,SEC,13,"[0, 3, 7, 3]",0.2505571246147156,1690,1691,8.369552819047248,,,,CollegeFootballData.com API,2026-08-31T17:39:28.915688+00:00,/games,1.3
401761666,2025,14,regular,2025-11-29T20:30:00.000Z,False,True,False,True,25987,3815,M. M. Roberts Stadium,2572,Southern Miss,fbs,Sun Belt,18,"[0, 3, 7, 8]",0.27414801716804504,1297,1282,2653,Troy,fbs,Sun Belt,28,"[0, 14, 0, 14]",0.725851982831955,1362,1377,5.637155890398114,,,,CollegeFootballData.com API,2026-08-31T17:39:28.915688+00:00,/games,1.3
401756967,2025,14,regular,2025-11-29T20:30:00.000Z,False,True,False,True,37259,3616,Amon G. Carter Stadium,2628,TCU,fbs,Big 12,45,"[21, 10, 7, 7]",1,1602,1652,2132,Cincinnati,fbs,Big 12,23,"[7, 10, 0, 6]",0,1569,1519,3.827532930675581,,,,CollegeFootballData.com API,2026-08-31T17:39:28.915688+00:00,/games,1.3
401752918,2025,14,regular,2025-11-29T20:30:00.000Z,False,True,False,True,46038,3953,Huntington Bank Stadium,135,Minnesota,fbs,Big Ten,17,"[0, 10, 7, 0]",0.9795013070106506,1491,1510,275,Wisconsin,fbs,Big Ten,7,"[0, 7, 0, 0]",0.020498692989349365,1521,1502,4.846401502929096,,,,CollegeFootballData.com API,2026-08-31T17:39:28.915688+00:00,/games,1.3
401754610,2025,14,regular,2025-11-29T20:30:00.000Z,False,True,False,True,21045,3982,Wallace Wade Stadium,150,Duke,fbs,ACC,49,"[14, 7, 14, 14]",0.9172453284263611,1573,1607,154,Wake Forest,fbs,ACC,32,"[3, 14, 8, 7]",0.08275467157363892,1542,1508,5.445564503199554,,,,CollegeFootballData.com API,2026-08-31T17:39:28.915688+00:00,/games,1.3
401762441,2025,14,regular,2025-11-29T20:30:00.000Z,False,True,False,True,22620,3604,Alamodome,2636,UTSA,fbs,American Athletic,24,"[7, 3, 0, 14]",0.23011034727096558,1585,1575,349,Army,fbs,American Athletic,27,"[0, 17, 3, 7]",0.7698896527290344,1504,1514,5.737582221587653,,,,CollegeFootballData.com API,2026-08-31T17:39:28.915688+00:00,/games,1.3
401757313,2025,14,regular,2025-11-29T20:30:00.000Z,False,True,False,True,12695,3992,Williams Stadium (VA),2335,Liberty,fbs,Conference USA,42,"[7, 7, 7, 14, 7]",0.3788453936576843,1457,1441,338,Kennesaw State,fbs,Conference USA,48,"[7, 7, 7, 14, 13]",0.6211546063423157,1385,1401,11.482716748256323,,,,CollegeFootballData.com API,2026-08-31T17:39:28.915688+00:00,/games,1.3
401752920,2025,14,regular,2025-11-29T20:30:00.000Z,False,True,False,True,55212,6577,SHI Stadium,164,Rutgers,fbs,Big Ten,36,"[14, 7, 7, 8]",0.3370431661605835,1445,1469,213,Penn State,fbs,Big Ten,40,"[14, 10, 9, 7]",0.6629568338394165,1975,1951,6.920961256797671,,,,CollegeFootballData.com API,2026-08-31T17:39:28.915688+00:00,/games,1.3
401752783,2025,14,regular,2025-11-29T20:30:00.000Z,False,True,False,True,61508,3887,Razorback Stadium,8,Arkansas,fbs,SEC,17,"[7, 10, 0, 0]",0.3151633143424988,1588,1571,142,Missouri,fbs,SEC,31,"[7, 7, 6, 11]",0.6848366856575012,1748,1765,5.336043578812519,,,,CollegeFootballData.com API,2026-08-31T17:39:28.915688+00:00,/games,1.3
401752917,2025,14,regular,2025-11-29T20:30:00.000Z,False,True,False,True,72376,3765,Husky Stadium,264,Washington,fbs,Big Ten,14,"[0, 7, 0, 7]",0.0651833564043045,1802,1801,2483,Oregon,fbs,Big Ten,26,"[3, 10, 6, 7]",0.9348166435956955,2086,2087,4.952081684431378,,,,CollegeFootballData.com API,2026-08-31T17:39:28.915688+00:00,/games,1.3
401761662,2025,14,regular,2025-11-29T20:45:00.000Z,False,True,False,True,15137,3654,Brooks Stadium (SC),324,Coastal Carolina,fbs,Sun Belt,10,"[0, 10, 0, 0]",0,1228,1165,256,James Madison,fbs,Sun Belt,59,"[17, 3, 11, 28]",1,1874,1937,3.262323910654704,,,,CollegeFootballData.com API,2026-08-31T17:39:28.915688+00:00,/games,1.3
401752785,2025,14,regular,2025-11-29T21:30:00.000Z,False,True,False,False,90007,3634,Ben Hill Griffin Stadium,57,Florida,fbs,SEC,40,"[10, 7, 14, 9]",1,1543,1593,52,Florida State,fbs,ACC,21,"[0, 14, 0, 7]",0,1606,1556,4.469059448621237,,,,CollegeFootballData.com API,2026-08-31T17:39:28.915688+00:00,/games,1.3
401752946,2025,14,regular,2025-11-29T23:30:00.000Z,False,True,False,True,24806,3820,Gesa Field,265,Washington State,fbs,Pac-12,32,"[3, 16, 6, 7]",0.9974702596664429,1508,1533,204,Oregon State,fbs,Pac-12,8,"[0, 0, 0, 8]",0.002529740333557129,1175,1150,3.7653671517568634,,,,CollegeFootballData.com API,2026-08-31T17:39:28.915688+00:00,/games,1.3
401762520,2025,14,regular,2025-11-30T00:00:00.000Z,False,True,False,True,28813,3886,Raymond James Stadium,58,South Florida,fbs,American Athletic,52,"[14, 14, 10, 14]",0.9913873672485352,1751,1817,242,Rice,fbs,American Athletic,3,"[0, 3, 0, 0]",0.008612632751464844,1144,1078,2.8888965809025615,,,,CollegeFootballData.com API,2026-08-31T17:39:28.915688+00:00,/games,1.3
401754613,2025,14,regular,2025-11-30T00:00:00.000Z,False,True,False,True,58832,3923,Scott Stadium,258,Virginia,fbs,ACC,27,"[7, 7, 10, 3]",0.9284532070159912,1604,1631,259,Virginia Tech,fbs,ACC,7,"[0, 0, 0, 7]",0.07154679298400879,1409,1382,3.413907505600506,,,,CollegeFootballData.com API,2026-08-31T17:39:28.915688+00:00,/games,1.3
401752923,2025,14,regular,2025-11-30T00:00:00.000Z,False,True,True,True,30317,3727,Ford Field,127,Michigan State,fbs,Big Ten,38,"[7, 17, 7, 7]",0.6489320397377014,1382,1409,120,Maryland,fbs,Big Ten,28,"[0, 7, 21, 0]",0.3510679602622986,1414,1387,6.190327597611802,,,,CollegeFootballData.com API,2026-08-31T17:39:28.915688+00:00,/games,1.3
401754612,2025,14,regular,2025-11-30T00:30:00.000Z,False,True,False,True,56919,3670,Carter-Finley Stadium,152,NC State,fbs,ACC,42,"[14, 14, 0, 14]",0.9995241761207581,1481,1525,153,North Carolina,fbs,ACC,19,"[0, 10, 3, 6]",0.00047582387924194336,1364,1320,3.756003950760385,,,,CollegeFootballData.com API,2026-08-31T17:39:28.915688+00:00,/games,1.3
401762518,2025,14,regular,2025-11-30T00:30:00.000Z,False,True,False,True,22245,4729,Yulman Stadium,2655,Tulane,fbs,American Athletic,27,"[14, 7, 0, 6]",0.976479172706604,1575,1587,2429,Charlotte,fbs,American Athletic,0,"[0, 0, 0, 0]",0.023520827293395996,1035,1023,2.8879023551198375,,,,CollegeFootballData.com API,2026-08-31T17:39:28.915688+00:00,/games,1.3
401752919,2025,14,regular,2025-11-30T00:30:00.000Z,False,True,False,True,69614,477,Los Angeles Memorial Coliseum,30,USC,fbs,Big Ten,29,"[7, 0, 7, 15]",0.9810897707939148,1898,1889,26,UCLA,fbs,Big Ten,10,"[0, 10, 0, 0]",0.018910229206085205,1313,1322,5.114873290335889,,,,CollegeFootballData.com API,2026-08-31T17:39:28.915688+00:00,/games,1.3
401752784,2025,14,regular,2025-11-30T00:30:00.000Z,False,True,False,True,88043,3785,Jordan-Hare Stadium,2,Auburn,fbs,SEC,20,"[0, 6, 7, 7]",0.6541077494621277,1661,1670,333,Alabama,fbs,SEC,27,"[10, 7, 3, 7]",0.3458922505378723,1964,1955,6.498412085382101,,,,CollegeFootballData.com API,2026-08-31T17:39:28.915688+00:00,/games,1.3
401752922,2025,14,regular,2025-11-30T00:30:00.000Z,False,True,False,True,,3832,"Memorial Stadium (Champaign, IL)",356,Illinois,fbs,Big Ten,20,"[0, 14, 3, 3]",1,1576,1583,77,Northwestern,fbs,Big Ten,13,"[3, 7, 0, 3]",0,1531,1524,5.589426056465866,,,,CollegeFootballData.com API,2026-08-31T17:39:28.915688+00:00,/games,1.3
401754609,2025,14,regular,2025-11-30T01:00:00.000Z,False,True,False,True,28956,3831,California Memorial Stadium,25,California,fbs,ACC,38,"[3, 14, 7, 14]",0.8880766034126282,1351,1360,2567,SMU,fbs,ACC,35,"[7, 0, 7, 21]",0.11192339658737183,1860,1851,6.145828609445121,,,,CollegeFootballData.com API,2026-08-31T17:39:28.915688+00:00,/games,1.3
401760425,2025,14,regular,2025-11-30T02:00:00.000Z,False,True,False,True,,3816,Mackay Stadium,2440,Nevada,fbs,Mountain West,17,"[3, 0, 7, 7]",0.007143768481910229,1303,1277,2439,UNLV,fbs,Mountain West,42,"[7, 21, 7, 7]",0.9928562315180898,1663,1689,2.8375864235482773,,,,CollegeFootballData.com API,2026-08-31T17:39:28.915688+00:00,/games,1.3
401760423,2025,14,regular,2025-11-30T03:30:00.000Z,False,True,False,True,14194,3935,CEFCU Stadium,23,San José State,fbs,Mountain West,14,"[0, 7, 0, 7]",0.029034025967121124,1185,1146,278,Fresno State,fbs,Mountain West,41,"[3, 18, 3, 17]",0.9709659740328789,1478,1517,4.315561969842375,,,,CollegeFootballData.com API,2026-08-31T17:39:28.915688+00:00,/games,1.3
401754614,2025,14,regular,2025-11-30T03:30:00.000Z,False,True,False,False,27456,3940,Stanford Stadium,24,Stanford,fbs,ACC,20,"[0, 3, 3, 14]",0.009813349694013596,1315,1335,87,Notre Dame,fbs,FBS Independents,49,"[14, 21, 7, 7]",0.9901866503059864,2263,2243,2.554831192981494,,,,CollegeFootballData.com API,2026-08-31T17:39:28.915688+00:00,/games,1.3
401760424,2025,14,regular,2025-11-30T04:00:00.000Z,False,True,False,True,15194,7220,Clarence T.C. Ching Athletics Complex,62,Hawai'i,fbs,Mountain West,27,"[7, 13, 7, 0]",0.9785661697387695,1421,1459,2751,Wyoming,fbs,Mountain West,7,"[7, 0, 0, 0]",0.02143383026123047,1333,1295,4.8549964443267974,,,,CollegeFootballData.com API,2026-08-31T17:39:28.915688+00:00,/games,1.3
401777352,2025,15,regular,2025-12-06T00:00:00.000Z,False,True,False,False,19836,3651,Bridgeforth Stadium,256,James Madison,fbs,Sun Belt,31,"[3, 14, 0, 14]",0.9025601744651794,1937,1927,2653,Troy,fbs,Sun Belt,14,"[0, 14, 0, 0]",0.09743982553482056,1377,1387,6.535969570648908,,Sun Belt Championship,,CollegeFootballData.com API,2026-08-31T17:39:28.915688+00:00,/games,1.3
401777325,2025,15,regular,2025-12-06T00:00:00.000Z,False,True,False,False,18142,3662,AmFirst Stadium,55,Jacksonville State,fbs,Conference USA,15,"[0, 0, 0, 15]",0.3228997588157654,1501,1488,338,Kennesaw State,fbs,Conference USA,19,"[0, 7, 3, 9]",0.6771002411842346,1401,1414,6.1899316067275025,,Conference USA Championship,,CollegeFootballData.com API,2026-08-31T17:39:28.915688+00:00,/games,1.3
401777324,2025,15,regular,2025-12-06T01:00:00.000Z,False,True,False,False,23986,4729,Yulman Stadium,2655,Tulane,fbs,American Athletic,34,"[7, 17, 7, 3]",0.9926076531410217,1587,1627,249,North Texas,fbs,American Athletic,21,"[7, 0, 6, 8]",0.0073923468589782715,1756,1716,4.824688014209357,,American Championship,,CollegeFootballData.com API,2026-08-31T17:39:28.915688+00:00,/games,1.3
401777326,2025,15,regular,2025-12-06T01:00:00.000Z,False,True,False,False,27152,3653,Albertsons Stadium,68,Boise State,fbs,Mountain West,38,"[14, 14, 0, 10]",0.9515297412872314,1614,1659,2439,UNLV,fbs,Mountain West,21,"[0, 14, 7, 0]",0.048470258712768555,1689,1644,4.510762404061435,,Mountain West Championship,,CollegeFootballData.com API,2026-08-31T17:39:28.915688+00:00,/games,1.3
401777329,2025,15,regular,2025-12-06T17:00:00.000Z,False,True,True,False,19114,3727,Ford Field,2711,Western Michigan,fbs,Mid-American,23,"[10, 6, 7, 0]",0.9063781499862671,1414,1442,193,Miami (OH),fbs,Mid-American,13,"[6, 0, 0, 7]",0.09362185001373291,1459,1431,4.19486619977604,,MAC Championship,,CollegeFootballData.com API,2026-08-31T17:39:28.915688+00:00,/games,1.3
401777327,2025,15,regular,2025-12-06T17:00:00.000Z,False,True,True,False,85519,3687,AT&T Stadium,2641,Texas Tech,fbs,Big 12,34,"[0, 13, 8, 13]",0.9256317019462585,2061,2108,252,BYU,fbs,Big 12,7,"[7, 0, 0, 0]",0.07436829805374146,1797,1750,5.334101709692606,,Big 12 Championship,,CollegeFootballData.com API,2026-08-31T17:39:28.915688+00:00,/games,1.3
401777351,2025,15,regular,2025-12-06T21:00:00.000Z,False,True,True,False,77247,5348,Mercedes-Benz Stadium,333,Alabama,fbs,SEC,7,"[0, 0, 0, 7]",0,1955,1917,61,Georgia,fbs,SEC,28,"[7, 7, 7, 7]",1,2026,2064,2.4679018249346374,,SEC Championship,,CollegeFootballData.com API,2026-08-31T17:39:28.915688+00:00,/games,1.3
401777328,2025,15,regular,2025-12-07T01:00:00.000Z,False,True,True,False,41672,3628,Bank of America Stadium,258,Virginia,fbs,ACC,20,"[0, 7, 3, 10, 0]",0.024038726463913918,1631,1622,150,Duke,fbs,ACC,27,"[7, 7, 3, 3, 7]",0.9759612735360861,1607,1616,7.446460983945154,,ACC Championship,,CollegeFootballData.com API,2026-08-31T17:39:28.915688+00:00,/games,1.3
401777353,2025,15,regular,2025-12-07T01:00:00.000Z,False,True,True,False,68214,3812,Lucas Oil Stadium,194,Ohio State,fbs,Big Ten,10,"[7, 3, 0, 0]",0.33121785521507263,2169,2169,84,Indiana,fbs,Big Ten,13,"[3, 3, 7, 0]",0.6687821447849274,2191,2191,5.124939123123214,,Big Ten Championship,,CollegeFootballData.com API,2026-08-31T17:39:28.915688+00:00,/games,1.3
401762521,2025,16,regular,2025-12-13T20:00:00.000Z,False,True,True,True,70936,3814,M&T Bank Stadium,2426,Navy,fbs,American Athletic,17,"[7, 0, 3, 7]",0.6679408550262451,1525,1527,349,Army,fbs,American Athletic,16,"[0, 13, 3, 0]",0.3320591449737549,1514,1512,5.784244018596906,,,,CollegeFootballData.com API,2026-08-31T17:39:28.915688+00:00,/games,1.3
401778302,2025,1,postseason,2025-12-14T01:00:00.000Z,False,True,True,False,23269,7065,SoFi Stadium,264,Washington,fbs,Big Ten,38,"[3, 21, 7, 7]",0.9903337955474854,1801,1866,68,Boise State,fbs,Mountain West,10,"[3, 0, 0, 7]",0.009666204452514648,1659,1594,4.01805795869658,,Bucked Up LA Bowl,,CollegeFootballData.com API,2026-08-31T17:39:28.915688+00:00,/games,1.3
401778303,2025,1,postseason,2025-12-17T02:00:00.000Z,False,True,True,False,15721,3689,Cramton Bowl,55,Jacksonville State,fbs,Conference USA,17,"[7, 0, 3, 7]",0.8670303821563721,1488,1491,2653,Troy,fbs,Sun Belt,13,"[7, 6, 0, 0]",0.13296961784362793,1387,1384,6.491765389541473,,IS4S Salute to Veterans Bowl,,CollegeFootballData.com API,2026-08-31T17:39:28.915688+00:00,/games,1.3
401778304,2025,1,postseason,2025-12-17T22:00:00.000Z,False,True,True,False,15036,4013,Camping World Stadium,58,South Florida,fbs,American Athletic,10,"[3, 7, 0, 0]",0.027300085872411728,1817,1774,295,Old Dominion,fbs,Sun Belt,24,"[7, 0, 10, 7]",0.9726999141275883,1627,1670,6.689910059324363,,StaffDNA Cure Bowl,,CollegeFootballData.com API,2026-08-31T17:39:28.915688+00:00,/games,1.3
401778305,2025,1,postseason,2025-12-18T01:30:00.000Z,False,True,True,False,17234,6526,Hancock Whitney Stadium,48,Delaware,fbs,Conference USA,20,"[7, 3, 10, 0]",0.7973023653030396,1339,1356,309,Louisiana,fbs,Sun Belt,13,"[0, 3, 3, 7]",0.20269763469696045,1351,1334,4.310131251107485,,68 Ventures Bowl,,CollegeFootballData.com API,2026-08-31T17:39:28.915688+00:00,/games,1.3
401838053,2025,1,postseason,2025-12-19T02:00:00.000Z,False,True,True,False,7782,5455,Ford Center At The Star,2032,Arkansas State,fbs,Sun Belt,34,"[14, 10, 7, 3]",0.5820128321647644,1301,1317,2623,Missouri State,fbs,Conference USA,28,"[7, 0, 0, 21]",0.4179871678352356,1344,1328,4.723222221293925,,Xbox Bowl,,CollegeFootballData.com API,2026-08-31T17:39:28.915688+00:00,/games,1.3
401778306,2025,1,postseason,2025-12-19T16:00:00.000Z,False,True,True,False,9139,3654,Brooks Stadium (SC),2711,Western Michigan,fbs,Mid-American,41,"[27, 7, 7, 0]",0.986406683921814,1442,1546,338,Kennesaw State,fbs,Conference USA,6,"[0, 0, 6, 0]",0.013593316078186035,1414,1310,2.805991700297709,,Myrtle Beach Bowl,,CollegeFootballData.com API,2026-08-31T17:39:28.915688+00:00,/games,1.3
401778307,2025,1,postseason,2025-12-19T19:30:00.000Z,False,True,True,False,13336,3886,Raymond James Stadium,152,NC State,fbs,ACC,31,"[14, 17, 0, 0]",0.9906452894210815,1525,1605,235,Memphis,fbs,American Athletic,7,"[0, 7, 0, 0]",0.009354710578918457,1620,1540,3.394696395544981,,Union Home Mortgage Gasparilla Bowl,,CollegeFootballData.com API,2026-08-31T17:39:28.915688+00:00,/games,1.3
401779840,2025,1,postseason,2025-12-20T01:00:00.000Z,False,True,False,False,83550,3835,"Memorial Stadium (Norman, OK)",201,Oklahoma,fbs,SEC,24,"[10, 7, 0, 7]",0.2631320357322693,1823,1810,333,Alabama,fbs,SEC,34,"[0, 17, 10, 7]",0.7368679642677307,1917,1930,5.315499399146065,,College Football Playoff First Round Game,"{'competition': 'cfp', 'format': 'twelve_team_2025', 'round': 'first_round', 'roundName': 'First Round', 'bracketSlot': 'FR4', 'homeSeed': 8, 'awaySeed': 9, 'bowlName': 'College Football Playoff First Round Game'}",CollegeFootballData.com API,2026-08-31T17:39:28.915688+00:00,/games,1.3
401779841,2025,1,postseason,2025-12-20T17:00:00.000Z,False,True,False,False,104122,3795,Kyle Field,245,Texas A&M,fbs,SEC,3,"[0, 0, 0, 3]",0.20412661135196686,1878,1872,2390,Miami,fbs,ACC,10,"[0, 0, 3, 7]",0.7958733886480331,1967,1973,5.812677778929839,,College Football Playoff First Round Game,"{'competition': 'cfp', 'format': 'twelve_team_2025', 'round': 'first_round', 'roundName': 'First Round', 'bracketSlot': 'FR3', 'homeSeed': 7, 'awaySeed': 10, 'bowlName': 'College Football Playoff First Round Game'}",CollegeFootballData.com API,2026-08-31T17:39:28.915688+00:00,/games,1.3
401779842,2025,1,postseason,2025-12-20T20:30:00.000Z,False,True,False,False,68251,3974,Vaught-Hemingway Stadium,145,Ole Miss,fbs,SEC,41,"[14, 3, 10, 14]",0.9860715866088867,1960,2004,2655,Tulane,fbs,American Athletic,10,"[0, 3, 0, 7]",0.013928413391113281,1627,1583,3.149807909056736,,College Football Playoff First Round Game,"{'competition': 'cfp', 'format': 'twelve_team_2025', 'round': 'first_round', 'roundName': 'First Round', 'bracketSlot': 'FR2', 'homeSeed': 6, 'awaySeed': 11, 'bowlName': 'College Football Playoff First Round Game'}",CollegeFootballData.com API,2026-08-31T17:39:28.915688+00:00,/games,1.3
401779843,2025,1,postseason,2025-12-21T00:30:00.000Z,False,True,False,False,55124,3626,Autzen Stadium,2483,Oregon,fbs,Big Ten,51,"[13, 21, 14, 3]",1,2087,2109,256,James Madison,fbs,Sun Belt,34,"[3, 3, 14, 14]",0,1927,1905,3.452219494423267,,College Football Playoff First Round Game,"{'competition': 'cfp', 'format': 'twelve_team_2025', 'round': 'first_round', 'roundName': 'First Round', 'bracketSlot': 'FR1', 'homeSeed': 5, 'awaySeed': 12, 'bowlName': 'College Football Playoff First Round Game'}",CollegeFootballData.com API,2026-08-31T17:39:28.915688+00:00,/games,1.3
401778308,2025,1,postseason,2025-12-22T19:00:00.000Z,False,True,True,False,17031,3653,Albertsons Stadium,328,Utah State,fbs,Mountain West,21,"[0, 0, 7, 14]",0.043752145022153854,1462,1446,265,Washington State,fbs,Pac-12,34,"[7, 7, 6, 14]",0.9562478549778461,1533,1549,4.283484267748967,,Famous Idaho Potato Bowl,,CollegeFootballData.com API,2026-08-31T17:39:28.915688+00:00,/games,1.3
401778309,2025,1,postseason,2025-12-23T19:00:00.000Z,False,True,True,False,,3715,FAU Stadium,97,Louisville,fbs,ACC,27,"[7, 0, 7, 13]",0.9213805794715881,1744,1749,2649,Toledo,fbs,Mid-American,22,"[3, 0, 0, 19]",0.07861942052841187,1651,1646,4.94592033611269,,Bush's Boca Raton Bowl,,CollegeFootballData.com API,2026-08-31T17:39:28.915688+00:00,/games,1.3
401778310,2025,1,postseason,2025-12-23T22:30:00.000Z,False,True,True,False,16693,3493,Caesars Superdome,2572,Southern Miss,fbs,Sun Belt,16,"[7, 6, 3, 0]",0.18339407444000244,1282,1275,98,Western Kentucky,fbs,Conference USA,27,"[3, 3, 7, 14]",0.8166059255599976,1401,1408,7.5031164427253065,,New Orleans Bowl,,CollegeFootballData.com API,2026-08-31T17:39:28.915688+00:00,/games,1.3
401778311,2025,1,postseason,2025-12-24T02:00:00.000Z,False,True,True,False,6521,5455,Ford Center At The Star,195,Ohio,fbs,Mid-American,17,"[0, 6, 8, 3]",0.8385134339332581,1562,1584,2439,UNLV,fbs,Mountain West,10,"[0, 0, 3, 7]",0.16148656606674194,1644,1622,4.540131597983499,,Scooter's Coffee Frisco Bowl,,CollegeFootballData.com API,2026-08-31T17:39:28.915688+00:00,/games,1.3
401778312,2025,1,postseason,2025-12-25T01:00:00.000Z,False,True,False,False,15194,7220,Clarence T.C. Ching Athletics Complex,62,Hawai'i,fbs,Mountain West,35,"[0, 10, 3, 22]",0.3021523058414459,1459,1459,25,California,fbs,ACC,31,"[7, 14, 0, 10]",0.6978476941585541,1360,1360,7.678010383574881,,Sheraton Hawaiʻi Bowl,,CollegeFootballData.com API,2026-08-31T17:39:28.915688+00:00,/games,1.3
401778313,2025,1,postseason,2025-12-26T18:00:00.000Z,False,True,True,False,27857,3727,Ford Field,77,Northwestern,fbs,Big Ten,34,"[0, 21, 13, 0]",0.9698151350021362,1524,1574,2117,Central Michigan,fbs,Mid-American,7,"[0, 0, 0, 7]",0.03018486499786377,1282,1232,3.3407086647376656,,GameAbove Sports Bowl,,CollegeFootballData.com API,2026-08-31T17:39:28.915688+00:00,/games,1.3
401778314,2025,1,postseason,2025-12-26T21:30:00.000Z,False,True,True,False,27439,4251,Chase Field,135,Minnesota,fbs,Big Ten,20,"[0, 7, 0, 7, 6]",0.932837963104248,1510,1516,167,New Mexico,fbs,Mountain West,17,"[3, 3, 0, 8, 3]",0.06716203689575195,1500,1494,6.601188510012883,,Rate Bowl,,CollegeFootballData.com API,2026-08-31T17:39:28.915688+00:00,/games,1.3
401778315,2025,1,postseason,2025-12-27T01:00:00.000Z,False,True,True,False,8671,3735,Gerald J. Ford Stadium,2636,UTSA,fbs,American Athletic,57,"[14, 17, 9, 17]",0.990394115447998,1575,1668,2229,Florida International,fbs,Conference USA,20,"[14, 0, 6, 0]",0.009605884552001953,1417,1324,4.857125611067524,,SERVPRO First Responder Bowl,,CollegeFootballData.com API,2026-08-31T17:39:28.915688+00:00,/games,1.3
401778316,2025,1,postseason,2025-12-27T16:00:00.000Z,False,True,True,False,17016,3852,Navy-Marine Corps Memorial Stadium,151,East Carolina,fbs,American Athletic,23,"[0, 3, 14, 6]",0.5124420523643494,1576,1593,221,Pittsburgh,fbs,ACC,17,"[0, 7, 7, 3]",0.48755794763565063,1631,1614,6.737029397306704,,Go Bowling Military Bowl,,CollegeFootballData.com API,2026-08-31T17:39:28.915688+00:00,/games,1.3
401778317,2025,1,postseason,2025-12-27T17:00:00.000Z,False,True,True,False,41101,4102,Yankee Stadium,228,Clemson,fbs,ACC,10,"[0, 3, 0, 7]",0.06295895576477051,1758,1755,213,Penn State,fbs,Big Ten,22,"[3, 3, 0, 16]",0.9370410442352295,1951,1954,5.140008104743915,,Bad Boy Mowers Pinstripe Bowl,,CollegeFootballData.com API,2026-08-31T17:39:28.915688+00:00,/games,1.3
401778318,2025,1,postseason,2025-12-27T19:15:00.000Z,False,True,True,False,22461,4245,Fenway Park,349,Army,fbs,American Athletic,41,"[7, 7, 13, 14]",0.9945885539054871,1512,1589,41,UConn,fbs,FBS Independents,16,"[7, 3, 0, 6]",0.0054114460945129395,1554,1477,4.048958041004477,,Wasabi Fenway Bowl,,CollegeFootballData.com API,2026-08-31T17:39:28.915688+00:00,/games,1.3
401778319,2025,1,postseason,2025-12-27T20:30:00.000Z,False,True,True,False,34126,4013,Camping World Stadium,252,BYU,fbs,Big 12,25,"[7, 3, 0, 15]",0.8126036524772644,1750,1750,59,Georgia Tech,fbs,ACC,21,"[7, 14, 0, 0]",0.1873963475227356,1595,1595,6.26421818169473,,Pop-Tarts Bowl,,CollegeFootballData.com API,2026-08-31T17:39:28.915688+00:00,/games,1.3
401778320,2025,1,postseason,2025-12-27T21:30:00.000Z,False,True,True,False,37232,3619,Arizona Stadium,278,Fresno State,fbs,Mountain West,18,"[0, 9, 0, 9]",1,1517,1548,193,Miami (OH),fbs,Mid-American,3,"[3, 0, 0, 0]",0,1431,1400,4.228073685330491,,Snoop Dogg Arizona Bowl,,CollegeFootballData.com API,2026-08-31T17:39:28.915688+00:00,/games,1.3
401778321,2025,1,postseason,2025-12-27T22:45:00.000Z,False,True,True,False,18867,3971,University Stadium (NM),21,San Diego State,fbs,Mountain West,47,"[6, 14, 0, 27]",0.557666540145874,1521,1528,249,North Texas,fbs,American Athletic,49,"[21, 7, 14, 7]",0.442333459854126,1716,1709,6.918157856811191,,Isleta New Mexico Bowl,,CollegeFootballData.com API,2026-08-31T17:39:28.915688+00:00,/games,1.3
401778322,2025,1,postseason,2025-12-28T00:30:00.000Z,False,True,True,False,31802,3712,EverBank Stadium,142,Missouri,fbs,SEC,7,"[7, 0, 0, 0]",0.31476297974586487,1765,1750,258,Virginia,fbs,ACC,13,"[0, 3, 10, 0]",0.6852370202541351,1622,1637,4.3397962767141385,,TaxSlayer Gator Bowl,,CollegeFootballData.com API,2026-08-31T17:39:28.915688+00:00,/games,1.3
401778323,2025,1,postseason,2025-12-28T02:15:00.000Z,False,True,True,False,63867,3891,NRG Stadium,248,Houston,fbs,Big 12,38,"[7, 14, 7, 10]",0.4823329746723175,1496,1512,99,LSU,fbs,SEC,35,"[14, 0, 7, 14]",0.5176670253276825,1691,1675,6.3171770106547696,,Kinder's Texas Bowl,,CollegeFootballData.com API,2026-08-31T17:39:28.915688+00:00,/games,1.3
401778324,2025,1,postseason,2025-12-29T19:00:00.000Z,False,True,True,False,12092,7221,Protective Stadium,2026,App State,fbs,Sun Belt,10,"[0, 7, 3, 0]",0.15567414462566376,1253,1216,290,Georgia Southern,fbs,Sun Belt,29,"[7, 6, 13, 3]",0.8443258553743362,1277,1314,3.2376297633235525,,JLab Birmingham Bowl,,CollegeFootballData.com API,2026-08-31T17:39:28.915688+00:00,/games,1.3
401778325,2025,1,postseason,2025-12-30T19:00:00.000Z,False,True,True,False,30298,3766,Independence Stadium,2348,Louisiana Tech,fbs,Conference USA,23,"[0, 3, 3, 17]",0.9768434762954712,1429,1431,324,Coastal Carolina,fbs,Sun Belt,14,"[7, 7, 0, 0]",0.02315652370452881,1165,1163,8.096036883295021,,Radiance Technologies Independence Bowl,,CollegeFootballData.com API,2026-08-31T17:39:28.915688+00:00,/games,1.3
401778326,2025,1,postseason,2025-12-30T22:30:00.000Z,False,True,True,False,52815,3810,Nissan Stadium,356,Illinois,fbs,Big Ten,30,"[7, 3, 14, 6]",0.6752877831459045,1583,1595,2633,Tennessee,fbs,SEC,28,"[7, 0, 7, 14]",0.32471221685409546,1799,1787,6.690550016791522,,Liberty Mutual Music City Bowl,,CollegeFootballData.com API,2026-08-31T17:39:28.915688+00:00,/games,1.3
401778327,2025,1,postseason,2025-12-31T02:00:00.000Z,False,True,True,False,54751,3604,Alamodome,2628,TCU,fbs,Big 12,30,"[0, 14, 0, 10, 6]",0.6572460532188416,1652,1670,30,USC,fbs,Big Ten,27,"[3, 10, 8, 3, 3]",0.34275394678115845,1889,1871,8.25546223477721,,Valero Alamo Bowl,,CollegeFootballData.com API,2026-08-31T17:39:28.915688+00:00,/games,1.3
401778328,2025,1,postseason,2025-12-31T17:00:00.000Z,False,True,True,False,35382,3886,Raymond James Stadium,238,Vanderbilt,fbs,SEC,27,"[0, 3, 14, 10]",0.008280717767775059,1884,1880,2294,Iowa,fbs,Big Ten,34,"[7, 7, 10, 10]",0.9917192822322249,1933,1937,5.4461390803145635,,ReliaQuest Bowl,,CollegeFootballData.com API,2026-08-31T17:39:28.915688+00:00,/games,1.3
401778329,2025,1,postseason,2025-12-31T19:00:00.000Z,False,True,True,False,44975,3946,Sun Bowl,150,Duke,fbs,ACC,42,"[14, 14, 7, 7]",0.8492015600204468,1616,1622,9,Arizona State,fbs,Big 12,39,"[14, 10, 8, 7]",0.15079843997955322,1615,1609,8.810458579056744,,Tony the Tiger Sun Bowl,,CollegeFootballData.com API,2026-08-31T17:39:28.915688+00:00,/games,1.3
401778330,2025,1,postseason,2025-12-31T20:00:00.000Z,False,True,True,False,47316,4013,Camping World Stadium,251,Texas,fbs,SEC,41,"[3, 14, 7, 17]",0.9497055411338806,1898,1926,130,Michigan,fbs,Big Ten,27,"[10, 7, 3, 7]",0.050294458866119385,1814,1786,8.573219878663874,,Cheez-It Citrus Bowl,,CollegeFootballData.com API,2026-08-31T17:39:28.915688+00:00,/games,1.3
401778331,2025,1,postseason,2025-12-31T20:30:00.000Z,False,True,True,False,38879,6501,Allegiant Stadium,254,Utah,fbs,Big 12,44,"[7, 17, 14, 6]",0.9946084022521973,1954,1976,158,Nebraska,fbs,Big Ten,22,"[14, 0, 0, 8]",0.005391597747802734,1580,1558,5.124103175743887,,SRS Distribution Las Vegas Bowl,,CollegeFootballData.com API,2026-08-31T17:39:28.915688+00:00,/games,1.3
401769070,2025,1,postseason,2026-01-01T00:30:00.000Z,False,True,True,False,71323,3687,AT&T Stadium,194,Ohio State,fbs,Big Ten,14,"[0, 0, 7, 7]",0.12341200560331345,2169,2138,2390,Miami,fbs,ACC,24,"[0, 14, 3, 7]",0.8765879943966866,1973,2004,4.444686953967813,,College Football Playoff Quarterfinal at the Goodyear Cotton Bowl Classic,"{'competition': 'cfp', 'format': 'twelve_team_2025', 'round': 'quarterfinal', 'roundName': 'Quarterfinal', 'bracketSlot': 'QF3', 'homeSeed': 2, 'awaySeed': 10, 'bowlName': 'Cotton Bowl'}",CollegeFootballData.com API,2026-08-31T17:39:28.915688+00:00,/games,1.3
401769071,2025,1,postseason,2026-01-01T17:00:00.000Z,False,True,True,False,65021,3948,Hard Rock Stadium,2641,Texas Tech,fbs,Big 12,0,"[0, 0, 0, 0]",0.03424113616347313,2108,2056,2483,Oregon,fbs,Big Ten,23,"[3, 3, 7, 10]",0.9657588638365269,2109,2161,4.148033785965544,,College Football Playoff Quarterfinal at the Capital One Orange Bowl,"{'competition': 'cfp', 'format': 'twelve_team_2025', 'round': 'quarterfinal', 'roundName': 'Quarterfinal', 'bracketSlot': 'QF2', 'homeSeed': 4, 'awaySeed': 5, 'bowlName': 'Orange Bowl'}",CollegeFootballData.com API,2026-08-31T17:39:28.915688+00:00,/games,1.3
401769072,2025,1,postseason,2026-01-01T21:00:00.000Z,False,True,True,False,90278,1056,Rose Bowl,84,Indiana,fbs,Big Ten,38,"[0, 17, 7, 14]",0.9940017461776733,2191,2264,333,Alabama,fbs,SEC,3,"[0, 0, 3, 0]",0.00599825382232666,1930,1857,3.016741240700883,,College Football Playoff Quarterfinal at the Rose Bowl Presented by Prudential,"{'competition': 'cfp', 'format': 'twelve_team_2025', 'round': 'quarterfinal', 'roundName': 'Quarterfinal', 'bracketSlot': 'QF1', 'homeSeed': 1, 'awaySeed': 9, 'bowlName': 'Rose Bowl'}",CollegeFootballData.com API,2026-08-31T17:39:28.915688+00:00,/games,1.3
401769073,2025,1,postseason,2026-01-02T01:00:00.000Z,False,True,True,False,68371,3493,Caesars Superdome,61,Georgia,fbs,SEC,34,"[0, 21, 3, 10]",0.16830241680145264,2064,2057,145,Ole Miss,fbs,SEC,39,"[6, 6, 7, 20]",0.8316975831985474,2004,2011,8.466469044139945,,College Football Playoff Quarterfinal at the Allstate Sugar Bowl,"{'competition': 'cfp', 'format': 'twelve_team_2025', 'round': 'quarterfinal', 'roundName': 'Quarterfinal', 'bracketSlot': 'QF4', 'homeSeed': 3, 'awaySeed': 6, 'bowlName': 'Sugar Bowl'}",CollegeFootballData.com API,2026-08-31T17:39:28.915688+00:00,/games,1.3
401778332,2025,1,postseason,2026-01-02T18:00:00.000Z,False,True,True,False,28243,3616,Amon G. Carter Stadium,326,Texas State,fbs,Sun Belt,41,"[0, 10, 17, 14]",0.9902831315994263,1572,1606,242,Rice,fbs,American Athletic,10,"[0, 7, 0, 3]",0.00971686840057373,1078,1044,4.077392994168514,,Lockheed Martin Armed Forces Bowl,,CollegeFootballData.com API,2026-08-31T17:39:28.915688+00:00,/games,1.3
401778333,2025,1,postseason,2026-01-02T21:30:00.000Z,False,True,True,False,21908,3805,Simmons Bank Liberty Stadium,2132,Cincinnati,fbs,Big 12,13,"[0, 7, 0, 6]",0.002660477999597788,1519,1471,2426,Navy,fbs,American Athletic,35,"[7, 7, 7, 14]",0.9973395220004022,1527,1575,4.042237536498972,,AutoZone Liberty Bowl,,CollegeFootballData.com API,2026-08-31T17:39:28.915688+00:00,/games,1.3
401831583,2025,1,postseason,2026-01-03T01:00:00.000Z,False,True,True,False,30602,7311,Snapdragon Stadium,2567,SMU,fbs,ACC,24,"[14, 10, 0, 0]",0.943191409111023,1851,1852,12,Arizona,fbs,Big 12,19,"[0, 0, 6, 13]",0.05680859088897705,1689,1688,3.564819943389128,,Trust & Will Holiday Bowl,,CollegeFootballData.com API,2026-08-31T17:39:28.915688+00:00,/games,1.3
401778334,2025,1,postseason,2026-01-03T01:00:00.000Z,False,True,True,False,29328,3628,Bank of America Stadium,344,Mississippi State,fbs,SEC,29,"[6, 3, 11, 9]",0.052155062556266785,1491,1468,154,Wake Forest,fbs,ACC,43,"[15, 0, 15, 13]",0.9478449374437332,1508,1531,5.3722560898728515,,Duke's Mayo Bowl,,CollegeFootballData.com API,2026-08-31T17:39:28.915688+00:00,/games,1.3
401769075,2025,1,postseason,2026-01-09T00:30:00.000Z,False,True,True,False,67928,3970,State Farm Stadium,145,Ole Miss,fbs,SEC,27,"[0, 13, 3, 11]",0.23706090450286865,2011,2009,2390,Miami,fbs,ACC,31,"[3, 14, 0, 14]",0.7629390954971313,2004,2006,8.24467957486194,,College Football Playoff Semifinal at the Vrbo Fiesta Bowl,"{'competition': 'cfp', 'format': 'twelve_team_2025', 'round': 'semifinal', 'roundName': 'Semifinal', 'bracketSlot': 'SF2', 'homeSeed': 6, 'awaySeed': 10, 'bowlName': 'Fiesta Bowl'}",CollegeFootballData.com API,2026-08-31T17:39:28.915688+00:00,/games,1.3
401769074,2025,1,postseason,2026-01-10T00:30:00.000Z,False,True,True,False,75604,5348,Mercedes-Benz Stadium,84,Indiana,fbs,Big Ten,56,"[14, 21, 7, 14]",0.933939516544342,2264,2354,2483,Oregon,fbs,Big Ten,22,"[7, 0, 8, 7]",0.06606048345565796,2161,2071,3.2199311577318825,,College Football Playoff Semifinal at the Chick-fil-A Peach Bowl,"{'competition': 'cfp', 'format': 'twelve_team_2025', 'round': 'semifinal', 'roundName': 'Semifinal', 'bracketSlot': 'SF1', 'homeSeed': 1, 'awaySeed': 5, 'bowlName': 'Peach Bowl'}",CollegeFootballData.com API,2026-08-31T17:39:28.915688+00:00,/games,1.3
401769076,2025,1,postseason,2026-01-20T00:30:00.000Z,False,True,True,False,67227,3948,Hard Rock Stadium,84,Indiana,fbs,Big Ten,27,"[3, 7, 7, 10]",0.36830753087997437,2354,2346,2390,Miami,fbs,ACC,21,"[0, 0, 7, 14]",0.6316924691200256,2006,2014,,,College Football Playoff National Championship Presented by AT&T,"{'competition': 'cfp', 'format': 'twelve_team_2025', 'round': 'championship', 'roundName': 'National Championship', 'bracketSlot': 'CH', 'homeSeed': 1, 'awaySeed': 10, 'bowlName': 'College Football Playoff National Championship Presented by AT&T'}",CollegeFootballData.com API,2026-08-31T17:39:28.915688+00:00,/games,1.3
