id,season,week,seasonType,startDate,startTimeTBD,completed,neutralSite,conferenceGame,attendance,venueId,venue,homeId,homeTeam,homeClassification,homeConference,homePoints,homeLineScores,homePostgameWinProbability,homePregameElo,homePostgameElo,awayId,awayTeam,awayClassification,awayConference,awayPoints,awayLineScores,awayPostgameWinProbability,awayPregameElo,awayPostgameElo,excitementIndex,highlights,notes,playoff,_source,_retrieval_date,_endpoint,_schema_version
400548403,2014,1,regular,2014-08-27T23:00:00.000Z,False,True,True,False,10140,3495,Georgia Dome,2247,Georgia State,fbs,Sun Belt,38,"[7, 14, 0, 17]",0.7040558473410293,,,2000,Abilene Christian,fcs,Southland,37,"[3, 13, 14, 7]",0.29594415265897067,,,9.07877961509999,,,,CollegeFootballData.com API,2026-08-31T17:31:53.147673+00:00,/games,1.3
400548402,2014,1,regular,2014-08-28T22:00:00.000Z,False,True,False,True,82847,3994,Williams-Brice Stadium,2579,South Carolina,fbs,SEC,28,"[7, 7, 14, 0]",0.005651845193381177,1863,1787,245,Texas A&M,fbs,SEC,52,"[10, 21, 14, 7]",0.9943481548066189,1765,1841,3.5531582091,,,,CollegeFootballData.com API,2026-08-31T17:31:53.147673+00:00,/games,1.3
400547829,2014,1,regular,2014-08-28T23:00:00.000Z,False,True,False,False,21003,3817,Malone Stadium,2433,UL Monroe,fbs,Sun Belt,17,"[0, 0, 10, 7]",0.9897190482041446,1304,1318,154,Wake Forest,fbs,ACC,10,"[7, 3, 0, 0]",0.01028095179585542,1377,1363,6.45099184669999,,,,CollegeFootballData.com API,2026-08-31T17:31:53.147673+00:00,/games,1.3
400548090,2014,1,regular,2014-08-28T23:00:00.000Z,False,True,False,False,9104,3768,InfoCision Stadium,2006,Akron,fbs,Mid-American,41,"[21, 0, 13, 7]",0.9999808191061406,,,47,Howard,fcs,MEAC,0,"[0, 0, 0, 0]",1.918089385943844e-05,,,0.3205177698,,,,CollegeFootballData.com API,2026-08-31T17:31:53.147673+00:00,/games,1.3
400548091,2014,1,regular,2014-08-28T23:00:00.000Z,False,True,False,False,12398,3764,Huskie Stadium,2459,Northern Illinois,fbs,Mid-American,55,"[17, 17, 21, 0]",0.9999794290349522,,,2506,Presbyterian,fcs,Big South,3,"[0, 0, 3, 0]",2.057096504781697e-05,,,0.105036553899999,,,,CollegeFootballData.com API,2026-08-31T17:31:53.147673+00:00,/games,1.3
400548092,2014,1,regular,2014-08-28T23:00:00.000Z,False,True,False,False,15793,3786,Kelly/Shorts Stadium,2117,Central Michigan,fbs,Mid-American,20,"[0, 7, 13, 0]",0.9903185288801162,,,236,Chattanooga,fcs,Southern,16,"[3, 13, 0, 0]",0.009681471119883822,,,5.7886499469,,,,CollegeFootballData.com API,2026-08-31T17:31:53.147673+00:00,/games,1.3
400547960,2014,1,regular,2014-08-28T23:00:00.000Z,False,True,False,False,0,3953,Huntington Bank Stadium,135,Minnesota,fbs,Big Ten,42,"[7, 7, 7, 21]",0.9087074786456913,,,2197,Eastern Illinois,fcs,OVC,20,"[0, 0, 0, 20]",0.09129252135430865,,,3.08472996929999,,,,CollegeFootballData.com API,2026-08-31T17:31:53.147673+00:00,/games,1.3
400548256,2014,1,regular,2014-08-28T23:30:00.000Z,False,True,False,False,45925,587,Rice-Eccles Stadium,254,Utah,fbs,Pac-12,56,"[14, 21, 14, 7]",0.9998468251641687,,,304,Idaho State,fcs,Big Sky,14,"[7, 0, 7, 0]",0.00015317483583132674,,,0.0989172586999997,,,,CollegeFootballData.com API,2026-08-31T17:31:53.147673+00:00,/games,1.3
400547647,2014,1,regular,2014-08-29T00:00:00.000Z,False,True,False,True,19032,3674,Chapman Stadium,202,Tulsa,fbs,American Athletic,38,"[0, 14, 3, 11, 3, 7]",0.632972613107618,1345,1356,2655,Tulane,fbs,American Athletic,31,"[7, 14, 0, 7, 3, 0]",0.367027386892382,1374,1363,9.36000716619999,,,,CollegeFootballData.com API,2026-08-31T17:31:53.147673+00:00,/games,1.3
400548404,2014,1,regular,2014-08-29T00:00:00.000Z,False,True,False,False,13772,3601,Aggie Memorial Stadium,166,New Mexico State,fbs,Sun Belt,28,"[7, 7, 7, 7]",0.9841450076778355,,,13,Cal Poly,fcs,Big Sky,10,"[7, 3, 0, 0]",0.015854992322164474,,,4.4663683112,,,,CollegeFootballData.com API,2026-08-31T17:31:53.147673+00:00,/games,1.3
400548169,2014,1,regular,2014-08-29T00:00:00.000Z,False,True,True,False,32823,3495,Georgia Dome,145,Ole Miss,fbs,SEC,35,"[7, 0, 0, 28]",,1625,1690,68,Boise State,fbs,Mountain West,13,"[0, 3, 3, 7]",,1653,1588,3.29355607419999,,,,CollegeFootballData.com API,2026-08-31T17:31:53.147673+00:00,/games,1.3
400547993,2014,1,regular,2014-08-29T02:00:00.000Z,False,True,False,False,30927,3673,Lumen Field,265,Washington State,fbs,Pac-12,38,"[3, 14, 14, 7]",0.9125893830975795,1450,1444,164,Rutgers,fbs,Big Ten,41,"[7, 14, 3, 17]",0.08741061690242047,1429,1435,6.70382213589999,,,,CollegeFootballData.com API,2026-08-31T17:31:53.147673+00:00,/games,1.3
400553383,2014,1,regular,2014-08-29T02:00:00.000Z,False,True,False,False,10371,3935,CEFCU Stadium,23,San José State,fbs,Mountain West,42,"[14, 7, 14, 7]",0.9999555698059409,,,155,North Dakota,fcs,Big Sky,10,"[0, 3, 0, 7]",4.4430194059086325e-05,,,0.3501613633,,,,CollegeFootballData.com API,2026-08-31T17:31:53.147673+00:00,/games,1.3
400548255,2014,1,regular,2014-08-29T02:30:00.000Z,False,True,False,False,52133,3947,Mountain America Stadium,9,Arizona State,fbs,Pac-12,45,"[17, 14, 14, 0]",0.9999532688956798,,,2692,Weber State,fcs,Big Sky,14,"[0, 0, 7, 7]",4.673110432018568e-05,,,0.0848473633000005,,,,CollegeFootballData.com API,2026-08-31T17:31:53.147673+00:00,/games,1.3
400547640,2014,1,regular,2014-08-29T02:50:00.000Z,False,True,False,False,31731,3973,FirstBank Stadium,238,Vanderbilt,fbs,SEC,7,"[0, 7, 0, 0]",0.1175899079548855,1599,1495,218,Temple,fbs,American Athletic,37,"[7, 14, 13, 3]",0.8824100920451146,1455,1559,3.7421833866,,,,CollegeFootballData.com API,2026-08-31T17:31:53.147673+00:00,/games,1.3
400547641,2014,1,regular,2014-08-29T23:00:00.000Z,False,True,False,False,35150,3892,Pratt & Whitney Stadium,41,UConn,fbs,American Athletic,10,"[0, 7, 0, 3]",0.003993853309218082,1428,1388,252,BYU,fbs,FBS Independents,35,"[14, 14, 0, 7]",0.9960061466907819,1655,1695,2.7875415673,,,,CollegeFootballData.com API,2026-08-31T17:31:53.147673+00:00,/games,1.3
400547815,2014,1,regular,2014-08-29T23:30:00.000Z,False,True,False,False,41189,1964,JMA Wireless Dome,183,Syracuse,fbs,ACC,27,"[7, 3, 7, 0, 3, 7]",0.22037707803785347,,,222,Villanova,fcs,CAA,26,"[0, 7, 7, 3, 3, 6]",0.7796229219621466,,,7.37332673409999,,,,CollegeFootballData.com API,2026-08-31T17:31:53.147673+00:00,/games,1.3
400548003,2014,1,regular,2014-08-29T23:30:00.000Z,False,True,False,False,17215,3796,Houchens Industries-L.T. Smith Stadium,98,Western Kentucky,fbs,Conference USA,59,"[14, 17, 14, 14]",0.9984383060216363,1469,1572,189,Bowling Green,fbs,Mid-American,31,"[0, 10, 14, 7]",0.0015616939783636985,1695,1592,3.30163333089999,,,,CollegeFootballData.com API,2026-08-31T17:31:53.147673+00:00,/games,1.3
400547952,2014,1,regular,2014-08-29T23:30:00.000Z,False,True,False,False,75127,3936,Spartan Stadium,127,Michigan State,fbs,Big Ten,45,"[21, 17, 7, 0]",0.9999600408058137,,,55,Jacksonville State,fcs,OVC,7,"[0, 0, 7, 0]",3.9959194186312e-05,,,0.2224963838,,,,CollegeFootballData.com API,2026-08-31T17:31:53.147673+00:00,/games,1.3
400548171,2014,1,regular,2014-08-30T01:00:00.000Z,False,True,True,False,63363,3937,Sports Authority Field at Mile High,38,Colorado,fbs,Pac-12,17,"[7, 3, 7, 0]",0.014171725046246602,1239,1242,36,Colorado State,fbs,Mountain West,31,"[0, 7, 7, 17]",0.9858282749537534,1559,1556,4.7176177095,,,,CollegeFootballData.com API,2026-08-31T17:31:53.147673+00:00,/games,1.3
400547644,2014,1,regular,2014-08-30T01:00:00.000Z,False,True,False,False,40755,4728,TDECU Stadium,248,Houston,fbs,American Athletic,7,"[0, 0, 0, 7]",0.004812813549078435,1612,1542,2636,UTSA,fbs,Conference USA,27,"[7, 7, 10, 3]",0.9951871864509215,1451,1521,4.9561921712,,,,CollegeFootballData.com API,2026-08-31T17:31:53.147673+00:00,/games,1.3
400548177,2014,1,regular,2014-08-30T02:30:00.000Z,False,True,False,False,50103,3619,Arizona Stadium,12,Arizona,fbs,Pac-12,58,"[14, 10, 24, 10]",0.9999733340834178,1601,1704,2439,UNLV,fbs,Mountain West,13,"[0, 6, 7, 0]",2.6665916582180316e-05,1374,1271,2.8632631514,,,,CollegeFootballData.com API,2026-08-31T17:31:53.147673+00:00,/games,1.3
400547642,2014,1,regular,2014-08-30T12:30:00.000Z,False,True,True,False,53304,4737,Croke Park Stadium,2116,UCF,fbs,American Athletic,24,"[0, 3, 7, 14]",0.15805505480138993,1721,1716,213,Penn State,fbs,Big Ten,26,"[7, 3, 10, 6]",0.8419449451986101,1577,1582,7.0243004109,,,,CollegeFootballData.com API,2026-08-31T17:31:53.147673+00:00,/games,1.3
400548010,2014,1,regular,2014-08-30T16:00:00.000Z,False,True,False,False,27133,3803,Legion Field,5,UAB,fbs,Conference USA,48,"[17, 7, 14, 10]",0.9999242178403273,1081,1230,2653,Troy,fbs,Sun Belt,10,"[7, 3, 0, 0]",7.578215967274371e-05,1339,1190,2.84037649,,,,CollegeFootballData.com API,2026-08-31T17:31:53.147673+00:00,/games,1.3
400547943,2014,1,regular,2014-08-30T16:00:00.000Z,False,True,False,False,106811,3558,Michigan Stadium,130,Michigan,fbs,Big Ten,52,"[14, 21, 14, 3]",0.9994738244654702,1668,1739,2026,App State,fbs,Sun Belt,14,"[0, 0, 7, 7]",0.0005261755345298269,1383,1312,0.2166280697,,,,CollegeFootballData.com API,2026-08-31T17:31:53.147673+00:00,/games,1.3
400547988,2014,1,regular,2014-08-30T16:00:00.000Z,False,True,False,False,37031,3907,Ross-Ade Stadium,2509,Purdue,fbs,Big Ten,43,"[7, 16, 14, 6]",0.9899818020905746,1249,1263,2711,Western Michigan,fbs,Mid-American,34,"[7, 7, 14, 6]",0.010018197909425375,1235,1221,6.3715614153,,,,CollegeFootballData.com API,2026-08-31T17:31:53.147673+00:00,/games,1.3
400547808,2014,1,regular,2014-08-30T16:00:00.000Z,False,True,False,False,40549,3752,Acrisure Stadium,221,Pittsburgh,fbs,ACC,62,"[21, 21, 13, 7]",,,,48,Delaware,fcs,CAA,0,"[0, 0, 0, 0]",,,,,,,,CollegeFootballData.com API,2026-08-31T17:31:53.147673+00:00,/games,1.3
400547820,2014,1,regular,2014-08-30T16:00:00.000Z,False,True,False,False,44749,3923,Scott Stadium,258,Virginia,fbs,ACC,20,"[0, 10, 7, 3]",0.1319547048139033,1298,1316,26,UCLA,fbs,Pac-12,28,"[0, 21, 7, 0]",0.8680452951860966,1748,1730,6.12967389849999,,,,CollegeFootballData.com API,2026-08-31T17:31:53.147673+00:00,/games,1.3
400547982,2014,1,regular,2014-08-30T16:00:00.000Z,False,True,True,False,57579,3814,M&T Bank Stadium,2426,Navy,fbs,FBS Independents,17,"[0, 7, 7, 3]",0.1278787544176819,1525,1520,194,Ohio State,fbs,Big Ten,34,"[3, 3, 14, 14]",0.8721212455823181,1831,1836,3.8017666658,,,,CollegeFootballData.com API,2026-08-31T17:31:53.147673+00:00,/games,1.3
400547928,2014,1,regular,2014-08-30T16:00:00.000Z,False,True,False,False,0,3793,Kinnick Stadium,2294,Iowa,fbs,Big Ten,31,"[7, 10, 7, 7]",0.8708805436648636,,,2460,Northern Iowa,fcs,MVFC,23,"[3, 10, 7, 3]",0.12911945633513644,,,4.1117239814,,,,CollegeFootballData.com API,2026-08-31T17:31:53.147673+00:00,/games,1.3
400548400,2014,1,regular,2014-08-30T16:00:00.000Z,False,True,False,False,50398,3683,Kroger Field,96,Kentucky,fbs,SEC,59,"[14, 21, 17, 7]",0.9999937219973858,,,2630,UT Martin,fcs,OVC,14,"[0, 0, 0, 14]",6.278002614212852e-06,,,0.5280715345,,,,CollegeFootballData.com API,2026-08-31T17:31:53.147673+00:00,/games,1.3
400547916,2014,1,regular,2014-08-30T16:00:00.000Z,False,True,False,False,38006,3830,"Memorial Stadium (Bloomington, IN)",84,Indiana,fbs,Big Ten,28,"[14, 7, 0, 7]",0.966941847755806,,,282,Indiana State,fcs,MVFC,10,"[3, 0, 7, 0]",0.03305815224419395,,,0.909536956499999,,,,CollegeFootballData.com API,2026-08-31T17:31:53.147673+00:00,/games,1.3
400547904,2014,1,regular,2014-08-30T16:00:00.000Z,False,True,False,False,36234,3832,"Memorial Stadium (Champaign, IL)",356,Illinois,fbs,Big Ten,28,"[0, 7, 0, 21]",0.9963918234869577,,,2754,Youngstown State,fcs,MVFC,17,"[3, 3, 3, 8]",0.0036081765130423493,,,7.5631558444,,,,CollegeFootballData.com API,2026-08-31T17:31:53.147673+00:00,/games,1.3
400547840,2014,1,regular,2014-08-30T16:00:00.000Z,False,True,False,False,54800,3772,Jack Trice Stadium,66,Iowa State,fbs,Big 12,14,"[7, 7, 0, 0]",0.007274812396909701,,,2449,North Dakota State,fcs,MVFC,34,"[0, 17, 10, 7]",0.9927251876030903,,,5.5341189181,,,,CollegeFootballData.com API,2026-08-31T17:31:53.147673+00:00,/games,1.3
400547772,2014,1,regular,2014-08-30T16:30:00.000Z,False,True,False,False,45403,721,Bobby Dodd Stadium,59,Georgia Tech,fbs,ACC,38,"[7, 3, 14, 14]",0.9996363985644093,,,2747,Wofford,fcs,Southern,19,"[3, 6, 3, 7]",0.0003636014355906658,,,1.7747204945,,,,CollegeFootballData.com API,2026-08-31T17:31:53.147673+00:00,/games,1.3
400547802,2014,1,regular,2014-08-30T16:30:00.000Z,False,True,False,False,54273,3670,Carter-Finley Stadium,152,NC State,fbs,ACC,24,"[3, 0, 7, 14]",0.37695279672950527,1411,1414,290,Georgia Southern,fbs,Sun Belt,23,"[7, 10, 3, 3]",0.6230472032704948,1493,1490,7.2904598559,,,,CollegeFootballData.com API,2026-08-31T17:31:53.147673+00:00,/games,1.3
400548093,2014,1,regular,2014-08-30T18:00:00.000Z,False,True,False,False,9659,3919,Scheumann Stadium,2050,Ball State,fbs,Mid-American,30,"[10, 10, 10, 0]",0.9989811831462563,,,2142,Colgate,fcs,Patriot,10,"[0, 7, 0, 3]",0.0010188168537437203,,,0.6951144608,,,,CollegeFootballData.com API,2026-08-31T17:31:53.147673+00:00,/games,1.3
400548170,2014,1,regular,2014-08-30T18:00:00.000Z,False,True,False,False,32038,3713,Falcon Stadium,2005,Air Force,fbs,Mountain West,44,"[9, 14, 14, 7]",0.998604785476306,,,2447,Nicholls,fcs,Southland,16,"[6, 3, 0, 7]",0.001395214523693955,,,1.48728272449999,,,,CollegeFootballData.com API,2026-08-31T17:31:53.147673+00:00,/games,1.3
400548174,2014,1,regular,2014-08-30T19:00:00.000Z,False,True,False,False,21021,3816,Mackay Stadium,2440,Nevada,fbs,Mountain West,28,"[0, 7, 14, 7]",0.9920029943325517,,,253,Southern Utah,fcs,Big Sky,19,"[0, 0, 6, 13]",0.00799700566744832,,,2.95001218499999,,,,CollegeFootballData.com API,2026-08-31T17:31:53.147673+00:00,/games,1.3
400547728,2014,1,regular,2014-08-30T19:00:00.000Z,False,True,False,False,30479,3738,Gillette Stadium,113,Massachusetts,fbs,Mid-American,7,"[0, 0, 7, 0]",0.0041638130626593505,1079,1058,103,Boston College,fbs,ACC,30,"[0, 6, 14, 10]",0.9958361869373407,1439,1460,2.6215901026,,,,CollegeFootballData.com API,2026-08-31T17:31:53.147673+00:00,/games,1.3
400547835,2014,1,regular,2014-08-30T19:30:00.000Z,False,True,True,False,70502,3495,Georgia Dome,333,Alabama,fbs,SEC,33,"[3, 17, 10, 3]",0.9906527359372408,1909,1899,277,West Virginia,fbs,Big 12,23,"[3, 14, 3, 3]",0.009347264062759209,1451,1461,6.1420579175,,,,CollegeFootballData.com API,2026-08-31T17:31:53.147673+00:00,/games,1.3
400547936,2014,1,regular,2014-08-30T19:30:00.000Z,False,True,False,False,45080,3665,SECU Stadium,120,Maryland,fbs,Big Ten,52,"[17, 7, 21, 7]",0.9996391559493215,1484,1614,256,James Madison,fcs,CAA,7,"[0, 0, 0, 7]",0.00036084405067848824,1447,1317,0.447555832999998,,,,CollegeFootballData.com API,2026-08-31T17:31:53.147673+00:00,/games,1.3
400547968,2014,1,regular,2014-08-30T19:30:00.000Z,False,True,False,False,91441,3834,"Memorial Stadium (Lincoln, NE)",158,Nebraska,fbs,Big Ten,55,"[14, 17, 17, 7]",0.9999549730573547,1599,1720,2226,Florida Atlantic,fbs,Conference USA,7,"[7, 0, 0, 0]",4.502694264529872e-05,1425,1304,2.36322840269999,,,,CollegeFootballData.com API,2026-08-31T17:31:53.147673+00:00,/games,1.3
400548008,2014,1,regular,2014-08-30T19:30:00.000Z,False,True,False,False,80795,3855,Notre Dame Stadium,87,Notre Dame,fbs,FBS Independents,48,"[14, 14, 10, 10]",0.9995990666657618,1683,1746,242,Rice,fbs,Conference USA,17,"[7, 3, 0, 7]",0.0004009333342381849,1514,1451,2.56061715789999,,,,CollegeFootballData.com API,2026-08-31T17:31:53.147673+00:00,/games,1.3
400547975,2014,1,regular,2014-08-30T19:30:00.000Z,False,True,False,False,34228,3911,Ryan Field,77,Northwestern,fbs,Big Ten,24,"[0, 7, 14, 3]",0.09808443775606712,1547,1507,25,California,fbs,Pac-12,31,"[14, 10, 7, 0]",0.9019155622439329,1230,1270,4.322898952,,,,CollegeFootballData.com API,2026-08-31T17:31:53.147673+00:00,/games,1.3
400548401,2014,1,regular,2014-08-30T19:30:00.000Z,False,True,False,False,60589,3838,Memorial Stadium,142,Missouri,fbs,SEC,38,"[21, 0, 7, 10]",0.9885728471620622,,,2571,South Dakota State,fcs,MVFC,18,"[7, 3, 8, 0]",0.011427152837937826,,,2.0630969957,,,,CollegeFootballData.com API,2026-08-31T17:31:53.147673+00:00,/games,1.3
400548005,2014,1,regular,2014-08-30T19:30:00.000Z,False,True,False,False,19005,3996,Yager Stadium,193,Miami (OH),fbs,Mid-American,27,"[0, 3, 17, 7]",0.12871065695596498,1073,1088,276,Marshall,fbs,Conference USA,42,"[14, 14, 0, 14]",0.871289343044035,1627,1612,3.62509829859999,,,,CollegeFootballData.com API,2026-08-31T17:31:53.147673+00:00,/games,1.3
400548094,2014,1,regular,2014-08-30T19:30:00.000Z,False,True,False,False,20329,3965,UB Stadium,2084,Buffalo,fbs,Mid-American,38,"[14, 7, 3, 14]",0.9800989530943272,,,2184,Duquesne,fcs,NEC,28,"[0, 7, 14, 7]",0.019901046905672848,,,3.6671564763,,,,CollegeFootballData.com API,2026-08-31T17:31:53.147673+00:00,/games,1.3
400548007,2014,1,regular,2014-08-30T19:30:00.000Z,False,True,False,False,20118,3918,S.B. Ballard Stadium,295,Old Dominion,fbs,Conference USA,41,"[7, 21, 13, 0]",0.989993939176885,,,2261,Hampton,fcs,MEAC,28,"[0, 14, 7, 7]",0.010006060823114948,,,1.5496679936,,,,CollegeFootballData.com API,2026-08-31T17:31:53.147673+00:00,/games,1.3
400548179,2014,1,regular,2014-08-30T20:00:00.000Z,False,True,False,False,25243,3984,War Memorial Stadium,2751,Wyoming,fbs,Mountain West,17,"[3, 0, 14, 0]",0.49867554117824,,,149,Montana,fcs,Big Sky,12,"[0, 6, 0, 6]",0.50132445882176,,,5.52651683989999,,,,CollegeFootballData.com API,2026-08-31T17:31:53.147673+00:00,/games,1.3
400547825,2014,1,regular,2014-08-30T20:00:00.000Z,False,True,False,False,62722,3799,Lane Stadium,259,Virginia Tech,fbs,ACC,34,"[7, 10, 10, 7]",0.999895452664898,,,2729,William & Mary,fcs,CAA,9,"[3, 3, 3, 0]",0.00010454733510201208,,,1.0216202584,,,,CollegeFootballData.com API,2026-08-31T17:31:53.147673+00:00,/games,1.3
400548258,2014,1,regular,2014-08-30T20:00:00.000Z,False,True,False,False,40309,3893,Reser Stadium,204,Oregon State,fbs,Pac-12,29,"[6, 7, 13, 3]",0.9966602556921536,,,2502,Portland State,fcs,Big Sky,14,"[0, 14, 0, 0]",0.0033397443078464484,,,1.16666252329999,,,,CollegeFootballData.com API,2026-08-31T17:31:53.147673+00:00,/games,1.3
400548259,2014,1,regular,2014-08-30T20:00:00.000Z,False,True,False,False,49509,3940,Stanford Stadium,24,Stanford,fbs,Pac-12,45,"[14, 24, 0, 7]",,,,302,UC Davis,fcs,Big Sky,0,"[0, 0, 0, 0]",,,,0.0098962721000001,,,,CollegeFootballData.com API,2026-08-31T17:31:53.147673+00:00,/games,1.3
400548398,2014,1,regular,2014-08-30T20:00:00.000Z,False,True,False,True,87451,3785,Jordan-Hare Stadium,2,Auburn,fbs,SEC,45,"[14, 7, 14, 10]",0.9986560336454717,1729,1757,8,Arkansas,fbs,SEC,21,"[7, 14, 0, 0]",0.0013439663545282698,1427,1399,1.90370756969999,,,,CollegeFootballData.com API,2026-08-31T17:31:53.147673+00:00,/games,1.3
400547740,2014,1,regular,2014-08-30T21:30:00.000Z,False,True,False,False,92746,3917,Sanford Stadium,61,Georgia,fbs,SEC,45,"[14, 7, 3, 21]",0.981733617301045,1747,1811,228,Clemson,fbs,ACC,21,"[7, 14, 0, 0]",0.018266382698954975,1785,1721,6.4694213274,,,,CollegeFootballData.com API,2026-08-31T17:31:53.147673+00:00,/games,1.3
400547795,2014,1,regular,2014-08-30T22:00:00.000Z,False,True,False,False,51000,3787,Kenan Stadium,153,North Carolina,fbs,ACC,56,"[14, 7, 28, 7]",0.9981689049712024,1718,1760,2335,Liberty,fcs,Big South,29,"[7, 8, 7, 7]",0.0018310950287976357,1470,1428,1.6726457429,,,,CollegeFootballData.com API,2026-08-31T17:31:53.147673+00:00,/games,1.3
400548097,2014,1,regular,2014-08-30T22:00:00.000Z,False,True,False,True,22754,3696,Dix Stadium,2309,Kent State,fbs,Mid-American,14,"[7, 0, 0, 7]",0.07214188855459326,1423,1412,195,Ohio,fbs,Mid-American,17,"[7, 7, 0, 3]",0.9278581114454068,1320,1331,6.0850847065,,,,CollegeFootballData.com API,2026-08-31T17:31:53.147673+00:00,/games,1.3
400547751,2014,1,regular,2014-08-30T22:00:00.000Z,False,True,False,False,0,3982,Wallace Wade Stadium,150,Duke,fbs,ACC,52,"[7, 21, 10, 14]",0.9998824038005258,,,2210,Elon,fcs,CAA,13,"[3, 3, 0, 7]",0.000117596199474157,,,0.178921691099999,,,,CollegeFootballData.com API,2026-08-31T17:31:53.147673+00:00,/games,1.3
400548095,2014,1,regular,2014-08-30T22:00:00.000Z,False,True,False,False,0,3912,Rynearson Stadium,2199,Eastern Michigan,fbs,Mid-American,31,"[14, 7, 7, 3]",,,,2415,Morgan State,fcs,MEAC,28,"[7, 14, 7, 0]",,,,,,,,CollegeFootballData.com API,2026-08-31T17:31:53.147673+00:00,/games,1.3
400548406,2014,1,regular,2014-08-30T23:00:00.000Z,False,True,False,False,36170,3666,Cajun Field,309,Louisiana,fbs,Sun Belt,45,"[10, 14, 7, 14]",0.9996207328979709,,,2582,Southern,fcs,SWAC,6,"[0, 0, 6, 0]",0.0003792671020290683,,,0.2173186043,,,,CollegeFootballData.com API,2026-08-31T17:31:53.147673+00:00,/games,1.3
400547837,2014,1,regular,2014-08-30T23:00:00.000Z,False,True,False,False,40094,3616,Amon G. Carter Stadium,2628,TCU,fbs,Big 12,48,"[14, 10, 10, 14]",0.9995745672925325,,,2535,Samford,fcs,Southern,14,"[0, 7, 0, 7]",0.00042543270746753237,,,0.2306459519,,,,CollegeFootballData.com API,2026-08-31T17:31:53.147673+00:00,/games,1.3
400548175,2014,1,regular,2014-08-30T23:00:00.000Z,False,True,True,False,30761,3932,Qualcomm Stadium,21,San Diego State,fbs,Mountain West,38,"[14, 10, 7, 7]",0.9998709276652709,,,2464,Northern Arizona,fcs,Big Sky,7,"[0, 0, 7, 0]",0.00012907233472914115,,,0.834171693299999,,,,CollegeFootballData.com API,2026-08-31T17:31:53.147673+00:00,/games,1.3
400547838,2014,1,regular,2014-08-30T23:00:00.000Z,False,True,False,False,60778,3784,Jones AT&T Stadium,2641,Texas Tech,fbs,Big 12,42,"[7, 14, 7, 14]",0.9462703041621353,,,2110,Central Arkansas,fcs,Southland,35,"[3, 13, 5, 14]",0.05372969583786469,,,2.4810814894,,,,CollegeFootballData.com API,2026-08-31T17:31:53.147673+00:00,/games,1.3
400548006,2014,1,regular,2014-08-30T23:00:00.000Z,False,True,False,False,15605,3725,"Johnny ""Red"" Floyd Stadium",2393,Middle Tennessee,fbs,Conference USA,61,"[20, 14, 20, 7]",0.999996758199159,,,2542,Savannah State,fcs,MEAC,7,"[0, 0, 0, 7]",3.241800840991793e-06,,,0.0382170222000003,,,,CollegeFootballData.com API,2026-08-31T17:31:53.147673+00:00,/games,1.3
400547645,2014,1,regular,2014-08-30T23:00:00.000Z,False,True,False,False,27361,3805,Simmons Bank Liberty Stadium,235,Memphis,fbs,American Athletic,63,"[21, 21, 14, 7]",0.9999969157827351,,,2046,Austin Peay,fcs,OVC,0,"[0, 0, 0, 0]",3.0842172649148125e-06,,,0.100923502099999,,,,CollegeFootballData.com API,2026-08-31T17:31:53.147673+00:00,/games,1.3
400547646,2014,1,regular,2014-08-30T23:00:00.000Z,False,True,False,False,31642,3886,Raymond James Stadium,58,South Florida,fbs,American Athletic,36,"[3, 13, 7, 13]",0.2812108421991219,,,2717,Western Carolina,fcs,Southern,31,"[14, 3, 0, 14]",0.718789157800878,,,3.9564142458,,,,CollegeFootballData.com API,2026-08-31T17:31:53.147673+00:00,/games,1.3
400548405,2014,1,regular,2014-08-30T23:00:00.000Z,False,True,False,False,26143,3625,Centennial Bank Stadium,2032,Arkansas State,fbs,Sun Belt,37,"[10, 3, 10, 14]",0.9994968022288672,,,147,Montana State,fcs,Big Sky,10,"[7, 0, 3, 0]",0.000503197771132835,,,4.1009698771,,,,CollegeFootballData.com API,2026-08-31T17:31:53.147673+00:00,/games,1.3
400548004,2014,1,regular,2014-08-30T23:00:00.000Z,False,True,False,False,14053,218,FIU Stadium,2229,Florida International,fbs,Conference USA,12,"[0, 6, 0, 6]",0.2723182069815813,,,2065,Bethune-Cookman,fcs,MEAC,14,"[0, 7, 0, 7]",0.7276817930184187,,,7.6454637345,,,,CollegeFootballData.com API,2026-08-31T17:31:53.147673+00:00,/games,1.3
400548407,2014,1,regular,2014-08-30T23:00:00.000Z,False,True,False,False,17813,3644,Bobcat Stadium (TX),326,Texas State,fbs,Sun Belt,65,"[14, 28, 9, 14]",0.9999973995297075,,,2029,Arkansas-Pine Bluff,fcs,SWAC,0,"[0, 0, 0, 0]",2.6004702925463974e-06,,,0.2712575534,,,,CollegeFootballData.com API,2026-08-31T17:31:53.147673+00:00,/games,1.3
400548096,2014,1,regular,2014-08-30T23:00:00.000Z,False,True,False,False,20184,3739,Glass Bowl,2649,Toledo,fbs,Mid-American,54,"[3, 13, 21, 17]",0.9994684143115794,,,160,New Hampshire,fcs,CAA,20,"[7, 7, 6, 0]",0.0005315856884205994,,,3.72807505869999,,,,CollegeFootballData.com API,2026-08-31T17:31:53.147673+00:00,/games,1.3
400547834,2014,1,regular,2014-08-30T23:00:00.000Z,False,True,False,False,85063,3835,"Memorial Stadium (Norman, OK)",201,Oklahoma,fbs,Big 12,48,"[21, 10, 10, 7]",0.9999137692346238,1789,1822,2348,Louisiana Tech,fbs,Conference USA,16,"[0, 3, 0, 13]",8.62307653761718e-05,1325,1292,0.0843625654000005,,,,CollegeFootballData.com API,2026-08-31T17:31:53.147673+00:00,/games,1.3
400547839,2014,1,regular,2014-08-30T23:10:00.000Z,False,True,False,False,52830,3636,Bill Snyder Family Stadium,2306,Kansas State,fbs,Big 12,55,"[7, 21, 14, 13]",0.9990470684578947,,,2617,Stephen F. Austin,fcs,Southland,16,"[0, 10, 6, 0]",0.0009529315421052953,,,0.1145553008,,,,CollegeFootballData.com API,2026-08-31T17:31:53.147673+00:00,/games,1.3
400548172,2014,1,regular,2014-08-30T23:30:00.000Z,False,True,False,False,76037,477,Los Angeles Memorial Coliseum,30,USC,fbs,Pac-12,52,"[21, 10, 21, 0]",0.9998866436021663,1684,1786,278,Fresno State,fbs,Mountain West,13,"[0, 7, 6, 0]",0.00011335639783371931,1609,1507,2.2454610712,,,,CollegeFootballData.com API,2026-08-31T17:31:53.147673+00:00,/games,1.3
400548009,2014,1,regular,2014-08-30T23:30:00.000Z,False,True,False,False,61889,3693,Davis Wade Stadium,344,Mississippi State,fbs,SEC,49,"[7, 21, 14, 7]",0.9999540457755205,1675,1750,2572,Southern Miss,fbs,Conference USA,0,"[0, 0, 0, 0]",4.595422447950526e-05,1137,1062,0.3808015915,,,,CollegeFootballData.com API,2026-08-31T17:31:53.147673+00:00,/games,1.3
400547836,2014,1,regular,2014-08-31T00:00:00.000Z,False,True,False,False,93201,3910,DKR-Texas Memorial Stadium,251,Texas,fbs,Big 12,38,"[7, 14, 7, 10]",0.9999919779765769,1637,1717,249,North Texas,fbs,Conference USA,7,"[0, 0, 0, 7]",8.022023423093216e-06,1605,1525,0.764209111299999,,,,CollegeFootballData.com API,2026-08-31T17:31:53.147673+00:00,/games,1.3
400547762,2014,1,regular,2014-08-31T00:00:00.000Z,False,True,True,False,61521,3687,AT&T Stadium,197,Oklahoma State,fbs,Big 12,31,"[0, 10, 7, 14]",0.2182008736761271,1836,1845,52,Florida State,fbs,ACC,37,"[10, 7, 10, 10]",0.7817991263238729,2078,2069,5.7624012824,,,,CollegeFootballData.com API,2026-08-31T17:31:53.147673+00:00,/games,1.3
400548011,2014,1,regular,2014-08-31T00:00:00.000Z,False,True,False,False,0,3971,University Stadium (NM),167,New Mexico,fbs,Mountain West,24,"[7, 0, 14, 3]",0.3900796013550741,1276,1252,2638,UTEP,fbs,Conference USA,31,"[14, 10, 0, 7]",0.609920398644926,1143,1167,6.4845774761,,,,CollegeFootballData.com API,2026-08-31T17:31:53.147673+00:00,/games,1.3
400547643,2014,1,regular,2014-08-31T00:00:00.000Z,False,True,False,False,42758,3699,Dowdy-Ficklen Stadium,151,East Carolina,fbs,American Athletic,52,"[10, 21, 7, 14]",0.9999876897484608,,,2428,North Carolina Central,fcs,MEAC,7,"[7, 0, 0, 0]",1.231025153924925e-05,,,0.366881960300001,,,,CollegeFootballData.com API,2026-08-31T17:31:53.147673+00:00,/games,1.3
400548000,2014,1,regular,2014-08-31T01:00:00.000Z,False,True,True,False,71599,3891,NRG Stadium,99,LSU,fbs,SEC,28,"[7, 0, 6, 15]",0.8063318267619469,1829,1836,275,Wisconsin,fbs,Big Ten,24,"[10, 7, 7, 0]",0.19366817323805308,1811,1804,5.8741382066,,,,CollegeFootballData.com API,2026-08-31T17:31:53.147673+00:00,/games,1.3
400548173,2014,1,regular,2014-08-31T02:30:00.000Z,False,True,False,False,0,3610,Aloha Stadium,62,Hawai'i,fbs,Mountain West,16,"[10, 0, 3, 3]",,1305,1323,264,Washington,fbs,Pac-12,17,"[7, 10, 0, 0]",,1733,1715,,,,,CollegeFootballData.com API,2026-08-31T17:31:53.147673+00:00,/games,1.3
400548257,2014,1,regular,2014-08-31T02:30:00.000Z,False,True,False,False,57388,3626,Autzen Stadium,2483,Oregon,fbs,Pac-12,62,"[21, 20, 7, 14]",0.9999894357869014,,,233,South Dakota,fcs,MVFC,13,"[3, 10, 0, 0]",1.056421309864053e-05,,,0.0290443508000007,,,,CollegeFootballData.com API,2026-08-31T17:31:53.147673+00:00,/games,1.3
400548178,2014,1,regular,2014-08-31T23:00:00.000Z,False,True,False,False,102455,3853,Neyland Stadium,2633,Tennessee,fbs,SEC,38,"[14, 3, 7, 14]",0.9993502367321981,1447,1563,328,Utah State,fbs,Mountain West,7,"[0, 0, 0, 7]",0.0006497632678018617,1682,1566,2.7510668131,,,,CollegeFootballData.com API,2026-08-31T17:31:53.147673+00:00,/games,1.3
400547648,2014,1,regular,2014-08-31T23:30:00.000Z,False,True,False,False,0,4727,McLane Stadium,239,Baylor,fbs,Big 12,45,"[24, 7, 7, 7]",0.9999929301755571,1860,1938,2567,SMU,fbs,American Athletic,0,"[0, 0, 0, 0]",7.069824442873518e-06,1447,1369,1.67451472889999,,,,CollegeFootballData.com API,2026-08-31T17:31:53.147673+00:00,/games,1.3
400547786,2014,1,regular,2014-09-02T00:00:00.000Z,False,True,False,True,55428,3873,L&N Federal Credit Union Stadium,97,Louisville,fbs,ACC,31,"[7, 7, 7, 10]",0.993940862384836,1773,1791,2390,Miami,fbs,ACC,13,"[0, 10, 3, 0]",0.0060591376151639675,1536,1518,5.4013085952,,,,CollegeFootballData.com API,2026-08-31T17:31:53.147673+00:00,/games,1.3
400548018,2014,2,regular,2014-09-05T00:00:00.000Z,False,True,False,False,33472,3604,Alamodome,2636,UTSA,fbs,Conference USA,23,"[7, 9, 0, 7]",0.4421503632319307,1521,1527,12,Arizona,fbs,Pac-12,26,"[10, 10, 6, 0]",0.5578496367680693,1704,1698,6.4357796234,,,,CollegeFootballData.com API,2026-08-31T17:31:53.147673+00:00,/games,1.3
400547729,2014,2,regular,2014-09-05T23:00:00.000Z,False,True,False,True,30083,3615,"Alumni Stadium (Chestnut Hill, MA)",103,Boston College,fbs,ACC,20,"[7, 0, 7, 6]",0.0106885712208219,1460,1445,221,Pittsburgh,fbs,ACC,30,"[3, 17, 7, 3]",0.9893114287791781,1530,1545,3.6162227912,,,,CollegeFootballData.com API,2026-08-31T17:31:53.147673+00:00,/games,1.3
400548184,2014,2,regular,2014-09-06T02:30:00.000Z,False,True,False,False,26023,3816,Mackay Stadium,2440,Nevada,fbs,Mountain West,24,"[7, 7, 0, 10]",0.9439745802330008,1423,1444,265,Washington State,fbs,Pac-12,13,"[0, 10, 0, 3]",0.05602541976699915,1444,1423,7.0964173826,,,,CollegeFootballData.com API,2026-08-31T17:31:53.147673+00:00,/games,1.3
400548098,2014,2,regular,2014-09-06T16:00:00.000Z,False,True,False,False,28643,3841,Michie Stadium,349,Army,fbs,FBS Independents,47,"[7, 14, 13, 13]",0.8230198155785128,1283,1307,2084,Buffalo,fbs,Mid-American,39,"[3, 0, 14, 22]",0.17698018442148722,1471,1447,3.1026769975,,,,CollegeFootballData.com API,2026-08-31T17:31:53.147673+00:00,/games,1.3
400547649,2014,2,regular,2014-09-06T16:00:00.000Z,False,True,False,False,23543,3892,Pratt & Whitney Stadium,41,UConn,fbs,American Athletic,19,"[3, 9, 7, 0]",0.7078598126115456,,,2619,Stony Brook,fcs,CAA,16,"[10, 0, 0, 6]",0.2921401873884544,,,5.3554918915,,,,CollegeFootballData.com API,2026-08-31T17:31:53.147673+00:00,/games,1.3
400548102,2014,2,regular,2014-09-06T16:00:00.000Z,False,True,False,False,0,3739,Glass Bowl,2649,Toledo,fbs,Mid-American,24,"[7, 0, 14, 3]",0.0044424833664122735,1527,1486,142,Missouri,fbs,SEC,49,"[14, 14, 14, 7]",0.9955575166335877,1749,1790,2.7001156121,,,,CollegeFootballData.com API,2026-08-31T17:31:53.147673+00:00,/games,1.3
400548001,2014,2,regular,2014-09-06T16:00:00.000Z,False,True,False,False,77125,347,Camp Randall Stadium,275,Wisconsin,fbs,Big Ten,37,"[2, 7, 14, 14]",0.999971597896678,,,2710,Western Illinois,fcs,MVFC,3,"[0, 3, 0, 0]",2.840210332200055e-05,,,0.313665346099999,,,,CollegeFootballData.com API,2026-08-31T17:31:53.147673+00:00,/games,1.3
400548013,2014,2,regular,2014-09-06T16:00:00.000Z,False,True,False,False,100306,3657,Bryant-Denny Stadium,333,Alabama,fbs,SEC,41,"[21, 10, 7, 3]",0.9999952609725526,1899,1943,2226,Florida Atlantic,fbs,Conference USA,0,"[0, 0, 0, 0]",4.73902744735355e-06,1304,1260,0.0478902051999995,,,,CollegeFootballData.com API,2026-08-31T17:31:53.147673+00:00,/games,1.3
400547969,2014,2,regular,2014-09-06T16:00:00.000Z,False,True,False,False,91082,3834,"Memorial Stadium (Lincoln, NE)",158,Nebraska,fbs,Big Ten,31,"[14, 7, 3, 7]",0.26746174877818124,,,2377,McNeese,fcs,Southland,24,"[7, 7, 0, 10]",0.7325382512218188,,,3.3760773242,,,,CollegeFootballData.com API,2026-08-31T17:31:53.147673+00:00,/games,1.3
400547994,2014,2,regular,2014-09-06T16:00:00.000Z,False,True,True,False,48040,3754,High Point Solutions Stadium,164,Rutgers,fbs,Big Ten,38,"[10, 21, 7, 0]",0.8513174014291942,,,47,Howard,fcs,MEAC,25,"[7, 0, 6, 12]",0.1486825985708058,,,0.4640933719,,,,CollegeFootballData.com API,2026-08-31T17:31:53.147673+00:00,/games,1.3
400547653,2014,2,regular,2014-09-06T16:00:00.000Z,False,True,False,False,22398,3825,DATCU Stadium,249,North Texas,fbs,Conference USA,43,"[3, 20, 6, 14]",0.9993218355992464,1525,1610,2567,SMU,fbs,American Athletic,6,"[0, 0, 0, 6]",0.0006781644007536336,1369,1284,2.28271359399999,,,,CollegeFootballData.com API,2026-08-31T17:31:53.147673+00:00,/games,1.3
400547989,2014,2,regular,2014-09-06T16:00:00.000Z,False,True,False,False,36410,3907,Ross-Ade Stadium,2509,Purdue,fbs,Big Ten,17,"[0, 7, 3, 7]",0.014176396070420564,1263,1221,2117,Central Michigan,fbs,Mid-American,38,"[14, 7, 7, 10]",0.9858236039295795,1365,1407,3.3108662613,,,,CollegeFootballData.com API,2026-08-31T17:31:53.147673+00:00,/games,1.3
400547843,2014,2,regular,2014-09-06T16:00:00.000Z,False,True,False,True,0,3772,Jack Trice Stadium,66,Iowa State,fbs,Big 12,28,"[7, 21, 0, 0]",0.040553707732340814,1428,1441,2306,Kansas State,fbs,Big 12,32,"[13, 7, 0, 12]",0.9594462922676592,1742,1729,6.56741828799999,,,,CollegeFootballData.com API,2026-08-31T17:31:53.147673+00:00,/games,1.3
400547905,2014,2,regular,2014-09-06T16:00:00.000Z,False,True,False,False,38561,3832,"Memorial Stadium (Champaign, IL)",356,Illinois,fbs,Big Ten,42,"[7, 7, 7, 21]",0.15290967492847998,1398,1421,98,Western Kentucky,fbs,Conference USA,34,"[3, 14, 10, 7]",0.84709032507152,1572,1549,7.4881608591,,,,CollegeFootballData.com API,2026-08-31T17:31:53.147673+00:00,/games,1.3
400547986,2014,2,regular,2014-09-06T16:00:00.000Z,False,True,False,False,97354,3632,Beaver Stadium,213,Penn State,fbs,Big Ten,21,"[7, 0, 7, 7]",0.9981335478150485,1582,1592,2006,Akron,fbs,Mid-American,3,"[0, 0, 3, 0]",0.001866452184951517,1247,1237,2.3596020454,,,,CollegeFootballData.com API,2026-08-31T17:31:53.147673+00:00,/games,1.3
400548396,2014,2,regular,2014-09-06T16:00:00.000Z,False,True,False,False,99538,3853,Neyland Stadium,2633,Tennessee,fbs,SEC,34,"[10, 14, 7, 3]",0.9940104830482511,1563,1587,2032,Arkansas State,fbs,Sun Belt,19,"[6, 6, 0, 7]",0.0059895169517488744,1479,1455,2.55626140509999,,,,CollegeFootballData.com API,2026-08-31T17:31:53.147673+00:00,/games,1.3
400547657,2014,2,regular,2014-09-06T16:00:00.000Z,False,True,False,False,29357,3674,Chapman Stadium,202,Tulsa,fbs,American Athletic,7,"[0, 0, 7, 0]",0.0037346216511662356,1356,1283,201,Oklahoma,fbs,Big 12,52,"[21, 10, 14, 7]",0.9962653783488338,1822,1895,0.4142877132,,,,CollegeFootballData.com API,2026-08-31T17:31:53.147673+00:00,/games,1.3
400547741,2014,2,regular,2014-09-06T16:30:00.000Z,False,True,False,False,0,3836,"Memorial Stadium (Clemson, SC)",228,Clemson,fbs,ACC,73,"[10, 24, 24, 15]",0.9999935413256719,,,2569,South Carolina State,fcs,MEAC,7,"[0, 0, 0, 7]",6.458674328135849e-06,,,0.1205655528,,,,CollegeFootballData.com API,2026-08-31T17:31:53.147673+00:00,/games,1.3
400547655,2014,2,regular,2014-09-06T17:00:00.000Z,False,True,False,False,28408,3806,Lincoln Financial Field,218,Temple,fbs,American Athletic,24,"[7, 7, 3, 7]",0.0458951601502644,1559,1543,2426,Navy,fbs,FBS Independents,31,"[10, 7, 14, 0]",0.9541048398497356,1520,1536,4.1303038097,,,,CollegeFootballData.com API,2026-08-31T17:31:53.147673+00:00,/games,1.3
400548104,2014,2,regular,2014-09-06T18:00:00.000Z,False,True,False,False,0,3696,Dix Stadium,2309,Kent State,fbs,Mid-American,13,"[0, 6, 0, 7]",0.049501424441064486,1412,1394,6,South Alabama,fbs,Sun Belt,23,"[9, 7, 0, 7]",0.9504985755589355,1449,1467,6.7967234105,,,,CollegeFootballData.com API,2026-08-31T17:31:53.147673+00:00,/games,1.3
400548017,2014,2,regular,2014-09-06T18:00:00.000Z,False,True,False,False,57704,3693,Davis Wade Stadium,344,Mississippi State,fbs,SEC,47,"[13, 13, 21, 0]",0.991556138012653,1750,1737,5,UAB,fbs,Conference USA,34,"[3, 17, 7, 7]",0.008443861987347034,1230,1243,1.04862458149999,,,,CollegeFootballData.com API,2026-08-31T17:31:53.147673+00:00,/games,1.3
400548409,2014,2,regular,2014-09-06T18:00:00.000Z,False,True,False,True,10126,3495,Georgia Dome,2247,Georgia State,fbs,Sun Belt,31,"[10, 7, 7, 7]",,1233,1217,166,New Mexico State,fbs,Sun Belt,34,"[0, 10, 7, 17]",,1047,1063,,,,,CollegeFootballData.com API,2026-08-31T17:31:53.147673+00:00,/games,1.3
400548182,2014,2,regular,2014-09-06T19:00:00.000Z,False,True,False,False,45864,587,Rice-Eccles Stadium,254,Utah,fbs,Pac-12,59,"[17, 14, 14, 14]",0.9987512827557495,1501,1589,278,Fresno State,fbs,Mountain West,27,"[0, 7, 7, 13]",0.0012487172442504635,1507,1419,1.55115775359999,,,,CollegeFootballData.com API,2026-08-31T17:31:53.147673+00:00,/games,1.3
400548099,2014,2,regular,2014-09-06T19:00:00.000Z,False,True,False,False,0,3738,Gillette Stadium,113,Massachusetts,fbs,Mid-American,38,"[7, 14, 10, 7]",0.25990886456179696,1058,1064,38,Colorado,fbs,Pac-12,41,"[3, 17, 14, 7]",0.740091135438203,1242,1236,6.32904435,,,,CollegeFootballData.com API,2026-08-31T17:31:53.147673+00:00,/games,1.3
400548262,2014,2,regular,2014-09-06T19:00:00.000Z,False,True,False,False,48145,3831,California Memorial Stadium,25,California,fbs,Pac-12,55,"[28, 17, 10, 0]",0.9999760200207216,,,16,Sacramento State,fcs,Big Sky,14,"[0, 7, 7, 0]",2.397997927838791e-05,,,0.232560806399999,,,,CollegeFootballData.com API,2026-08-31T17:31:53.147673+00:00,/games,1.3
400548261,2014,2,regular,2014-09-06T19:05:00.000Z,False,True,False,False,62861,3765,Husky Stadium,264,Washington,fbs,Pac-12,59,"[24, 13, 7, 15]",0.014910990134500642,,,331,Eastern Washington,fcs,Big Sky,52,"[14, 17, 14, 7]",0.9850890098654994,,,4.1789668567,,,,CollegeFootballData.com API,2026-08-31T17:31:53.147673+00:00,/games,1.3
400547844,2014,2,regular,2014-09-06T19:30:00.000Z,False,True,False,False,51562,3646,Boone Pickens Stadium,197,Oklahoma State,fbs,Big 12,40,"[10, 17, 10, 3]",0.993034158683226,,,2623,Missouri State,fcs,MVFC,23,"[6, 0, 7, 10]",0.006965841316774024,,,0.374263931,,,,CollegeFootballData.com API,2026-08-31T17:31:53.147673+00:00,/games,1.3
400547976,2014,2,regular,2014-09-06T19:30:00.000Z,False,True,False,False,0,3911,Ryan Field,77,Northwestern,fbs,Big Ten,15,"[0, 0, 7, 8]",0.022767540990046017,1507,1503,2459,Northern Illinois,fbs,Mid-American,23,"[0, 0, 10, 13]",0.977232459009954,1659,1663,7.9830176875,,,,CollegeFootballData.com API,2026-08-31T17:31:53.147673+00:00,/games,1.3
400547961,2014,2,regular,2014-09-06T19:30:00.000Z,False,True,False,False,47223,3953,Huntington Bank Stadium,135,Minnesota,fbs,Big Ten,35,"[7, 21, 7, 0]",0.9637549677207113,1541,1551,2393,Middle Tennessee,fbs,Conference USA,24,"[0, 0, 17, 7]",0.03624503227928866,1406,1396,1.02143462309999,,,,CollegeFootballData.com API,2026-08-31T17:31:53.147673+00:00,/games,1.3
400547821,2014,2,regular,2014-09-06T19:30:00.000Z,False,True,False,False,34533,3923,Scott Stadium,258,Virginia,fbs,ACC,45,"[7, 7, 17, 14]",0.9989607659725487,,,257,Richmond,fcs,CAA,13,"[3, 0, 10, 0]",0.001039234027451319,,,1.53769626849999,,,,CollegeFootballData.com API,2026-08-31T17:31:53.147673+00:00,/games,1.3
400548105,2014,2,regular,2014-09-06T19:30:00.000Z,False,True,False,False,18311,3700,Doyt L. Perry Stadium,189,Bowling Green,fbs,Mid-American,48,"[14, 20, 7, 7]",0.9999242799127701,,,2678,VMI,fcs,Southern,7,"[0, 7, 0, 0]",7.572008722989132e-05,,,0.0896448212999999,,,,CollegeFootballData.com API,2026-08-31T17:31:53.147673+00:00,/games,1.3
400548100,2014,2,regular,2014-09-06T19:30:00.000Z,False,True,False,False,16670,3996,Yager Stadium,193,Miami (OH),fbs,Mid-American,10,"[7, 0, 3, 0]",0.9084247008710058,,,2198,Eastern Kentucky,fcs,OVC,17,"[3, 0, 7, 7]",0.0915752991289942,,,8.5554489563,,,,CollegeFootballData.com API,2026-08-31T17:31:53.147673+00:00,/games,1.3
400548260,2014,2,regular,2014-09-06T19:30:00.000Z,False,True,False,True,0,3940,Stanford Stadium,24,Stanford,fbs,Pac-12,10,"[0, 10, 0, 0]",0.6463047701212035,1841,1833,30,USC,fbs,Pac-12,13,"[7, 0, 3, 3]",0.35369522987879654,1786,1794,6.5004509988,,,,CollegeFootballData.com API,2026-08-31T17:31:53.147673+00:00,/games,1.3
400547654,2014,2,regular,2014-09-06T19:30:00.000Z,False,True,False,False,28915,3886,Raymond James Stadium,58,South Florida,fbs,American Athletic,17,"[7, 10, 0, 0]",0.17889826337669626,1321,1329,120,Maryland,fbs,Big Ten,24,"[14, 0, 0, 10]",0.8211017366233038,1614,1606,6.98922754459999,,,,CollegeFootballData.com API,2026-08-31T17:31:53.147673+00:00,/games,1.3
400547929,2014,2,regular,2014-09-06T19:30:00.000Z,False,True,False,False,64210,3793,Kinnick Stadium,2294,Iowa,fbs,Big Ten,17,"[0, 3, 0, 14]",0.9954207056548002,1649,1649,2050,Ball State,fbs,Mid-American,13,"[0, 7, 6, 0]",0.004579294345199769,1551,1551,6.9980119323,,,,CollegeFootballData.com API,2026-08-31T17:31:53.147673+00:00,/games,1.3
400548103,2014,2,regular,2014-09-06T19:30:00.000Z,False,True,False,False,51910,3683,Kroger Field,96,Kentucky,fbs,SEC,20,"[14, 3, 3, 0]",0.9850660261529907,1323,1361,195,Ohio,fbs,Mid-American,3,"[0, 0, 3, 0]",0.01493397384700934,1331,1293,1.97081247,,,,CollegeFootballData.com API,2026-08-31T17:31:53.147673+00:00,/games,1.3
400547656,2014,2,regular,2014-09-06T20:00:00.000Z,False,True,False,False,30000,4729,Yulman Stadium,2655,Tulane,fbs,American Athletic,21,"[14, 7, 0, 0]",0.007648171220965003,1363,1349,59,Georgia Tech,fbs,ACC,38,"[7, 17, 7, 7]",0.992351828779035,1632,1646,4.7350051849,,,,CollegeFootballData.com API,2026-08-31T17:31:53.147673+00:00,/games,1.3
400548101,2014,2,regular,2014-09-06T20:00:00.000Z,False,True,False,False,81049,3634,Ben Hill Griffin Stadium,57,Florida,fbs,SEC,65,"[17, 13, 21, 14]",0.9999903939949124,1597,1723,2199,Eastern Michigan,fbs,Mid-American,0,"[0, 0, 0, 0]",9.60600508759235e-06,1053,927,0.1071862654,,,,CollegeFootballData.com API,2026-08-31T17:31:53.147673+00:00,/games,1.3
400548393,2014,2,regular,2014-09-06T20:00:00.000Z,False,True,False,False,63108,3887,Razorback Stadium,8,Arkansas,fbs,SEC,73,"[35, 21, 7, 10]",0.9999978763682512,,,2447,Nicholls,fcs,Southland,7,"[0, 0, 7, 0]",2.1236317487849377e-06,,,0.0257099808999995,,,,CollegeFootballData.com API,2026-08-31T17:31:53.147673+00:00,/games,1.3
400548395,2014,2,regular,2014-09-06T20:30:00.000Z,False,True,False,True,43260,3810,Nissan Stadium,238,Vanderbilt,fbs,SEC,3,"[0, 0, 0, 3]",0.0035021034368045195,1495,1409,145,Ole Miss,fbs,SEC,41,"[10, 10, 21, 0]",0.9964978965631954,1690,1776,1.27121439499999,,,,CollegeFootballData.com API,2026-08-31T17:31:53.147673+00:00,/games,1.3
400547803,2014,2,regular,2014-09-06T22:00:00.000Z,False,True,False,False,55390,3670,Carter-Finley Stadium,152,NC State,fbs,ACC,46,"[10, 8, 14, 14]",0.9315006510496562,1414,1428,295,Old Dominion,fbs,Conference USA,34,"[14, 7, 7, 6]",0.06849934895034382,1309,1295,4.3997011111,,,,CollegeFootballData.com API,2026-08-31T17:31:53.147673+00:00,/games,1.3
400548012,2014,2,regular,2014-09-06T22:00:00.000Z,False,True,False,False,9981,218,FIU Stadium,2229,Florida International,fbs,Conference USA,34,"[14, 13, 0, 7]",,,,2681,Wagner,fcs,NEC,3,"[3, 0, 0, 0]",,,,,,,,CollegeFootballData.com API,2026-08-31T17:31:53.147673+00:00,/games,1.3
400548410,2014,2,regular,2014-09-06T22:00:00.000Z,False,True,False,False,23121,3608,Allen E. Paulson Stadium,290,Georgia Southern,fbs,Sun Belt,83,"[21, 27, 21, 14]",0.9999950373112468,,,2542,Savannah State,fcs,MEAC,9,"[0, 0, 0, 9]",4.962688753162858e-06,,,0.0407661212000002,,,,CollegeFootballData.com API,2026-08-31T17:31:53.147673+00:00,/games,1.3
400548408,2014,2,regular,2014-09-06T22:00:00.000Z,False,True,False,False,25861,3792,Kidd Brewer Stadium,2026,App State,fbs,Sun Belt,66,"[10, 35, 14, 7]",0.9999983493665027,,,2097,Campbell,fcs,Pioneer,0,"[0, 0, 0, 0]",1.6506334973298564e-06,,,0.0925452964000004,,,,CollegeFootballData.com API,2026-08-31T17:31:53.147673+00:00,/games,1.3
400547830,2014,2,regular,2014-09-06T22:30:00.000Z,False,True,False,False,26925,3630,Allegacy Federal Credit Union Stadium,154,Wake Forest,fbs,ACC,23,"[3, 6, 7, 7]",0.9975227870799857,,,2241,Gardner-Webb,fcs,Big South,7,"[0, 0, 0, 7]",0.002477212920014349,,,0.920981954199999,,,,CollegeFootballData.com API,2026-08-31T17:31:53.147673+00:00,/games,1.3
400547953,2014,2,regular,2014-09-06T22:30:00.000Z,False,True,False,False,59496,3626,Autzen Stadium,2483,Oregon,fbs,Pac-12,46,"[8, 10, 14, 14]",0.9884417040917105,1834,1873,127,Michigan State,fbs,Big Ten,27,"[0, 24, 3, 0]",0.011558295908289495,1794,1755,6.1315718765,,,,CollegeFootballData.com API,2026-08-31T17:31:53.147673+00:00,/games,1.3
400547787,2014,2,regular,2014-09-06T23:00:00.000Z,False,True,False,False,48254,3948,Hard Rock Stadium,2390,Miami,fbs,ACC,41,"[14, 14, 3, 10]",0.9999674528916574,,,50,Florida A&M,fcs,MEAC,7,"[0, 7, 0, 0]",3.2547108342551034e-05,,,0.073838564500001,,,,CollegeFootballData.com API,2026-08-31T17:31:53.147673+00:00,/games,1.3
400547780,2014,2,regular,2014-09-06T23:00:00.000Z,False,True,False,False,50179,3873,L&N Federal Credit Union Stadium,97,Louisville,fbs,ACC,66,"[21, 24, 14, 7]",0.9999476726683685,,,93,Murray State,fcs,OVC,21,"[7, 0, 7, 7]",5.23273316315187e-05,,,0.1029674689,,,,CollegeFootballData.com API,2026-08-31T17:31:53.147673+00:00,/games,1.3
400548014,2014,2,regular,2014-09-06T23:00:00.000Z,False,True,False,False,25607,3666,Cajun Field,309,Louisiana,fbs,Sun Belt,20,"[0, 7, 0, 13]",0.007006865429727516,1445,1347,2348,Louisiana Tech,fbs,Conference USA,48,"[7, 10, 14, 17]",0.9929931345702725,1292,1390,3.9206714236,,,,CollegeFootballData.com API,2026-08-31T17:31:53.147673+00:00,/games,1.3
400547847,2014,2,regular,2014-09-06T23:00:00.000Z,False,True,False,False,36574,3833,Memorial Stadium,2305,Kansas,fbs,Big 12,34,"[24, 0, 10, 0]",0.9047586411532943,,,2546,Southeast Missouri State,fcs,OVC,28,"[0, 0, 7, 21]",0.0952413588467057,,,0.601090150099998,,,,CollegeFootballData.com API,2026-08-31T17:31:53.147673+00:00,/games,1.3
400548016,2014,2,regular,2014-09-06T23:00:00.000Z,False,True,False,False,26448,3815,M. M. Roberts Stadium,2572,Southern Miss,fbs,Conference USA,26,"[3, 17, 3, 3]",0.6635432293193306,,,2016,Alcorn State,fcs,SWAC,20,"[0, 7, 0, 13]",0.33645677068066937,,,2.22435686259999,,,,CollegeFootballData.com API,2026-08-31T17:31:53.147673+00:00,/games,1.3
400548015,2014,2,regular,2014-09-06T23:00:00.000Z,False,True,False,False,0,3775,Joan C. Edwards Stadium,276,Marshall,fbs,Conference USA,48,"[7, 10, 21, 10]",0.9999842017844828,,,227,Rhode Island,fcs,CAA,7,"[0, 0, 0, 7]",1.5798215517226488e-05,,,0.244298476699999,,,,CollegeFootballData.com API,2026-08-31T17:31:53.147673+00:00,/games,1.3
400547752,2014,2,regular,2014-09-06T23:00:00.000Z,False,True,False,False,21331,3975,Veterans Memorial Stadium (AL),2653,Troy,fbs,Sun Belt,17,"[7, 7, 3, 0]",0.14700775506531943,1190,1184,150,Duke,fbs,ACC,34,"[3, 21, 7, 3]",0.8529922449346805,1551,1557,2.9191781923,,,,CollegeFootballData.com API,2026-08-31T17:31:53.147673+00:00,/games,1.3
400548186,2014,2,regular,2014-09-06T23:00:00.000Z,False,True,False,False,87451,3785,Jordan-Hare Stadium,2,Auburn,fbs,SEC,59,"[14, 24, 7, 14]",0.9999324999045796,1757,1851,23,San José State,fbs,Mountain West,13,"[7, 3, 3, 0]",6.750009542044744e-05,1443,1349,0.379950982699999,,,,CollegeFootballData.com API,2026-08-31T17:31:53.147673+00:00,/games,1.3
400548185,2014,2,regular,2014-09-06T23:00:00.000Z,False,True,False,False,25742,3971,University Stadium (NM),167,New Mexico,fbs,Mountain West,23,"[7, 14, 0, 2]",0.004428583635642582,1252,1209,9,Arizona State,fbs,Pac-12,58,"[22, 10, 13, 13]",0.9955714163643574,1715,1758,0.7406829202,,,,CollegeFootballData.com API,2026-08-31T17:31:53.147673+00:00,/games,1.3
400547650,2014,2,regular,2014-09-06T23:00:00.000Z,False,True,False,False,80899,3994,Williams-Brice Stadium,2579,South Carolina,fbs,SEC,33,"[7, 13, 10, 3]",0.6037468839577455,1787,1791,151,East Carolina,fbs,American Athletic,23,"[6, 10, 0, 7]",0.39625311604225455,1596,1592,3.8385396219,,,,CollegeFootballData.com API,2026-08-31T17:31:53.147673+00:00,/games,1.3
400548411,2014,2,regular,2014-09-06T23:00:00.000Z,False,True,False,True,16694,3817,Malone Stadium,2433,UL Monroe,fbs,Sun Belt,38,"[21, 3, 7, 7]",0.7513912675480322,1318,1313,70,Idaho,fbs,Sun Belt,31,"[7, 14, 0, 10]",0.2486087324519678,1046,1051,5.7454052979,,,,CollegeFootballData.com API,2026-08-31T17:31:53.147673+00:00,/games,1.3
400547944,2014,2,regular,2014-09-06T23:30:00.000Z,False,True,False,False,80795,3855,Notre Dame Stadium,87,Notre Dame,fbs,FBS Independents,31,"[7, 14, 7, 3]",0.999878003410837,1746,1829,130,Michigan,fbs,Big Ten,0,"[0, 0, 0, 0]",0.00012199658916300926,1739,1656,2.5994330272,,,,CollegeFootballData.com API,2026-08-31T17:31:53.147673+00:00,/games,1.3
400547846,2014,2,regular,2014-09-06T23:30:00.000Z,False,True,False,False,93463,3910,DKR-Texas Memorial Stadium,251,Texas,fbs,Big 12,7,"[0, 0, 7, 0]",0.004779171777779683,1717,1615,252,BYU,fbs,FBS Independents,41,"[3, 3, 28, 7]",0.9952208282222204,1695,1797,3.7687383009,,,,CollegeFootballData.com API,2026-08-31T17:31:53.147673+00:00,/games,1.3
400548394,2014,2,regular,2014-09-06T23:30:00.000Z,False,True,False,False,0,3958,Tiger Stadium (LA),99,LSU,fbs,SEC,56,"[20, 15, 7, 14]",0.9999920523073851,,,2534,Sam Houston,fcs,Southland,0,"[0, 0, 0, 0]",7.947692614918012e-06,,,0.118062661999999,,,,CollegeFootballData.com API,2026-08-31T17:31:53.147673+00:00,/games,1.3
400548397,2014,2,regular,2014-09-06T23:30:00.000Z,False,True,False,False,0,3795,Kyle Field,245,Texas A&M,fbs,SEC,73,"[21, 10, 14, 28]",0.9999955620269302,,,2320,Lamar,fcs,Southland,3,"[3, 0, 0, 0]",4.437973069815193e-06,,,0.0787746495999982,,,,CollegeFootballData.com API,2026-08-31T17:31:53.147673+00:00,/games,1.3
400547842,2014,2,regular,2014-09-06T23:30:00.000Z,False,True,False,False,45034,4727,McLane Stadium,239,Baylor,fbs,Big 12,70,"[28, 21, 7, 14]",0.9999924224638775,,,2466,Northwestern State,fcs,Southland,6,"[0, 3, 3, 0]",7.577536122460593e-06,,,0.0141014114999996,,,,CollegeFootballData.com API,2026-08-31T17:31:53.147673+00:00,/games,1.3
400547841,2014,2,regular,2014-09-06T23:30:00.000Z,False,True,False,False,56414,3842,Milan Puskar Stadium,277,West Virginia,fbs,Big 12,54,"[10, 21, 9, 14]",0.9999931517942082,,,119,Towson,fcs,CAA,0,"[0, 0, 0, 0]",6.848205791776252e-06,,,0.244868235999999,,,,CollegeFootballData.com API,2026-08-31T17:31:53.147673+00:00,/games,1.3
400547763,2014,2,regular,2014-09-06T23:30:00.000Z,False,True,False,False,81294,3697,Doak Campbell Stadium,52,Florida State,fbs,ACC,37,"[14, 14, 6, 3]",0.9996864829537564,,,2643,The Citadel,fcs,Southern,12,"[0, 0, 0, 12]",0.00031351704624360544,,,0.0280333712000001,,,,CollegeFootballData.com API,2026-08-31T17:31:53.147673+00:00,/games,1.3
400548188,2014,2,regular,2014-09-07T00:00:00.000Z,False,True,False,False,20249,3905,Maverik Stadium,328,Utah State,fbs,Mountain West,40,"[6, 14, 13, 7]",0.9986755001283196,,,304,Idaho State,fcs,Big Sky,20,"[0, 6, 7, 7]",0.0013244998716803735,,,0.5752003149,,,,CollegeFootballData.com API,2026-08-31T17:31:53.147673+00:00,/games,1.3
400547651,2014,2,regular,2014-09-07T00:00:00.000Z,False,True,False,False,30081,4728,TDECU Stadium,248,Houston,fbs,American Athletic,47,"[10, 24, 6, 7]",0.9999923045553151,,,2755,Grambling,fcs,SWAC,0,"[0, 0, 0, 0]",7.695444684929775e-06,,,0.0316487824999996,,,,CollegeFootballData.com API,2026-08-31T17:31:53.147673+00:00,/games,1.3
400547796,2014,2,regular,2014-09-07T00:00:00.000Z,False,True,False,False,58000,3787,Kenan Stadium,153,North Carolina,fbs,ACC,31,"[0, 7, 7, 17]",0.9155156509595026,1760,1755,21,San Diego State,fbs,Mountain West,27,"[0, 14, 7, 6]",0.0844843490404974,1484,1489,7.8781687925,,,,CollegeFootballData.com API,2026-08-31T17:31:53.147673+00:00,/games,1.3
400547826,2014,2,regular,2014-09-07T00:00:00.000Z,False,True,False,False,107517,3861,Ohio Stadium,194,Ohio State,fbs,Big Ten,21,"[7, 0, 7, 7]",0.16686575755089647,1836,1770,259,Virginia Tech,fbs,ACC,35,"[14, 7, 0, 14]",0.8331342424491035,1526,1592,7.2494068448,,,,CollegeFootballData.com API,2026-08-31T17:31:53.147673+00:00,/games,1.3
400547652,2014,2,regular,2014-09-07T02:00:00.000Z,False,True,False,False,72098,1056,Rose Bowl,26,UCLA,fbs,Pac-12,42,"[13, 15, 7, 7]",0.9184787974832007,1730,1719,235,Memphis,fbs,American Athletic,35,"[7, 14, 0, 14]",0.08152120251679928,1327,1338,2.8968479366,,,,CollegeFootballData.com API,2026-08-31T17:31:53.147673+00:00,/games,1.3
400548187,2014,2,regular,2014-09-07T02:00:00.000Z,False,True,True,False,0,3914,Sam Boyd Stadium,2439,UNLV,fbs,Mountain West,13,"[7, 3, 3, 0]",0.10406017527281852,,,2458,Northern Colorado,fcs,Big Sky,12,"[0, 3, 7, 2]",0.8959398247271815,,,3.51031641049999,,,,CollegeFootballData.com API,2026-08-31T17:31:53.147673+00:00,/games,1.3
400548180,2014,2,regular,2014-09-07T02:15:00.000Z,False,True,False,True,21246,3984,War Memorial Stadium,2751,Wyoming,fbs,Mountain West,17,"[0, 7, 0, 10]",0.5784212725460275,1297,1297,2005,Air Force,fbs,Mountain West,13,"[3, 7, 0, 3]",0.4215787274539725,1214,1214,8.649693995,,,,CollegeFootballData.com API,2026-08-31T17:31:53.147673+00:00,/games,1.3
400548181,2014,2,regular,2014-09-07T02:15:00.000Z,False,True,False,True,34910,3653,Albertsons Stadium,68,Boise State,fbs,Mountain West,37,"[13, 17, 7, 0]",0.9968936285208643,1588,1611,36,Colorado State,fbs,Mountain West,24,"[10, 0, 0, 14]",0.0031063714791357278,1556,1533,2.7934528298,,,,CollegeFootballData.com API,2026-08-31T17:31:53.147673+00:00,/games,1.3
400548183,2014,2,regular,2014-09-07T02:30:00.000Z,False,True,False,False,29050,3610,Aloha Stadium,62,Hawai'i,fbs,Mountain West,30,"[0, 7, 0, 23]",0.029119579821515126,1323,1328,204,Oregon State,fbs,Pac-12,38,"[14, 17, 7, 0]",0.9708804201784849,1593,1588,2.3044203079,,,,CollegeFootballData.com API,2026-08-31T17:31:53.147673+00:00,/games,1.3
400547845,2014,2,regular,2014-09-07T03:00:00.000Z,False,True,False,False,35422,3946,Sun Bowl,2638,UTEP,fbs,Conference USA,26,"[6, 7, 6, 7]",0.01627018348261506,1167,1186,2641,Texas Tech,fbs,Big 12,30,"[0, 16, 7, 7]",0.9837298165173849,1584,1565,4.5133873303,,,,CollegeFootballData.com API,2026-08-31T17:31:53.147673+00:00,/games,1.3
400548021,2014,3,regular,2014-09-12T00:00:00.000Z,False,True,False,True,16998,3825,DATCU Stadium,249,North Texas,fbs,Conference USA,21,"[0, 0, 7, 14]",0.09050200600432878,1610,1529,2348,Louisiana Tech,fbs,Conference USA,42,"[0, 21, 14, 7]",0.9094979939956712,1390,1471,2.85068613849999,,,,CollegeFootballData.com API,2026-08-31T17:31:53.147673+00:00,/games,1.3
400547658,2014,3,regular,2014-09-12T01:00:00.000Z,False,True,False,False,57630,3801,LaVell Edwards Stadium,252,BYU,fbs,FBS Independents,33,"[16, 7, 3, 7]",0.8000430733215933,1797,1794,248,Houston,fbs,American Athletic,25,"[0, 15, 0, 10]",0.1999569266784067,1542,1545,2.3627490004,,,,CollegeFootballData.com API,2026-08-31T17:31:53.147673+00:00,/games,1.3
400547659,2014,3,regular,2014-09-12T23:00:00.000Z,False,True,False,False,31912,3874,Paul Brown Stadium,2132,Cincinnati,fbs,American Athletic,58,"[20, 21, 0, 17]",0.991426528737976,1604,1651,2649,Toledo,fbs,Mid-American,34,"[0, 14, 17, 3]",0.008573471262024013,1486,1439,1.29512587709999,,,,CollegeFootballData.com API,2026-08-31T17:31:53.147673+00:00,/games,1.3
400548106,2014,3,regular,2014-09-13T00:00:00.000Z,False,True,False,False,24714,3965,UB Stadium,2084,Buffalo,fbs,Mid-American,21,"[0, 0, 14, 7]",0.003650802094886708,1447,1386,239,Baylor,fbs,Big 12,63,"[21, 14, 14, 14]",0.9963491979051133,1938,1999,0.3336336173,,,,CollegeFootballData.com API,2026-08-31T17:31:53.147673+00:00,/games,1.3
400547983,2014,3,regular,2014-09-13T16:00:00.000Z,False,True,False,False,104404,3861,Ohio Stadium,194,Ohio State,fbs,Big Ten,66,"[21, 24, 14, 7]",0.9999912555182255,1770,1925,2309,Kent State,fbs,Mid-American,0,"[0, 0, 0, 0]",8.744481774458635e-06,1394,1239,0.1317459166,,,,CollegeFootballData.com API,2026-08-31T17:31:53.147673+00:00,/games,1.3
400547662,2014,3,regular,2014-09-13T16:00:00.000Z,False,True,False,False,0,3799,Lane Stadium,259,Virginia Tech,fbs,ACC,21,"[0, 7, 0, 14]",0.06816224981991816,1592,1579,151,East Carolina,fbs,American Athletic,28,"[21, 0, 0, 7]",0.9318377501800819,1592,1605,6.1475724729,,,,CollegeFootballData.com API,2026-08-31T17:31:53.147673+00:00,/games,1.3
400547917,2014,3,regular,2014-09-13T16:00:00.000Z,False,True,False,False,23717,3700,Doyt L. Perry Stadium,189,Bowling Green,fbs,Mid-American,45,"[3, 9, 14, 19]",0.5337178981252169,1592,1591,84,Indiana,fbs,Big Ten,42,"[7, 7, 14, 14]",0.46628210187478314,1467,1468,10.3627212941999,,,,CollegeFootballData.com API,2026-08-31T17:31:53.147673+00:00,/games,1.3
400547809,2014,3,regular,2014-09-13T16:00:00.000Z,False,True,False,False,10147,218,FIU Stadium,2229,Florida International,fbs,Conference USA,25,"[16, 0, 0, 9]",,1092,1094,221,Pittsburgh,fbs,ACC,42,"[0, 14, 12, 16]",,1545,1543,,,,,CollegeFootballData.com API,2026-08-31T17:31:53.147673+00:00,/games,1.3
400547849,2014,3,regular,2014-09-13T16:00:00.000Z,False,True,False,False,48154,3665,SECU Stadium,120,Maryland,fbs,Big Ten,37,"[0, 20, 7, 10]",0.24536382043547436,1606,1592,277,West Virginia,fbs,Big 12,40,"[14, 14, 9, 3]",0.7546361795645257,1461,1475,9.37700888479999,,,,CollegeFootballData.com API,2026-08-31T17:31:53.147673+00:00,/games,1.3
400547773,2014,3,regular,2014-09-13T16:00:00.000Z,False,True,False,False,53173,721,Bobby Dodd Stadium,59,Georgia Tech,fbs,ACC,42,"[14, 21, 0, 7]",0.6825064962555832,1646,1644,290,Georgia Southern,fbs,Sun Belt,38,"[7, 3, 20, 8]",0.31749350374441676,1490,1492,3.9532809187,,,,CollegeFootballData.com API,2026-08-31T17:31:53.147673+00:00,/games,1.3
400547660,2014,3,regular,2014-09-13T16:00:00.000Z,False,True,False,False,60348,3838,Memorial Stadium,142,Missouri,fbs,SEC,38,"[7, 7, 7, 17]",0.9999338467202229,1790,1854,2116,UCF,fbs,American Athletic,10,"[3, 7, 0, 0]",6.615327977710361e-05,1716,1652,3.62076511409999,,,,CollegeFootballData.com API,2026-08-31T17:31:53.147673+00:00,/games,1.3
400547816,2014,3,regular,2014-09-13T16:00:00.000Z,False,True,False,False,25531,3786,Kelly/Shorts Stadium,2117,Central Michigan,fbs,Mid-American,3,"[3, 0, 0, 0]",0.004099131626962486,1407,1304,183,Syracuse,fbs,ACC,40,"[0, 17, 16, 7]",0.9959008683730375,1451,1554,2.7998994187,,,,CollegeFootballData.com API,2026-08-31T17:31:53.147673+00:00,/games,1.3
400548019,2014,3,regular,2014-09-13T16:00:00.000Z,False,True,False,False,31710,3775,Joan C. Edwards Stadium,276,Marshall,fbs,Conference USA,44,"[17, 10, 14, 3]",0.9998126600546078,1612,1655,195,Ohio,fbs,Mid-American,14,"[0, 0, 7, 7]",0.00018733994539221754,1293,1250,0.764043622699999,,,,CollegeFootballData.com API,2026-08-31T17:31:53.147673+00:00,/games,1.3
400548109,2014,3,regular,2014-09-13T16:00:00.000Z,False,True,False,False,33386,3973,FirstBank Stadium,238,Vanderbilt,fbs,SEC,34,"[0, 20, 0, 14]",0.5627174458347459,1409,1406,113,Massachusetts,fbs,Mid-American,31,"[14, 10, 7, 0]",0.4372825541652541,1064,1067,8.2550736666,,,,CollegeFootballData.com API,2026-08-31T17:31:53.147673+00:00,/games,1.3
400547661,2014,3,regular,2014-09-13T16:00:00.000Z,False,True,False,False,30098,3892,Pratt & Whitney Stadium,41,UConn,fbs,American Athletic,21,"[3, 7, 11, 0]",0.03410042019823981,1388,1370,68,Boise State,fbs,Mountain West,38,"[7, 14, 3, 14]",0.9658995798017602,1611,1629,3.8992279638,,,,CollegeFootballData.com API,2026-08-31T17:31:53.147673+00:00,/games,1.3
400547781,2014,3,regular,2014-09-13T16:30:00.000Z,False,True,False,True,34816,3923,Scott Stadium,258,Virginia,fbs,ACC,23,"[7, 3, 10, 3]",0.9223539766665813,1316,1322,97,Louisville,fbs,ACC,21,"[7, 0, 0, 14]",0.07764602333341875,1791,1785,7.69776004549999,,,,CollegeFootballData.com API,2026-08-31T17:31:53.147673+00:00,/games,1.3
400548193,2014,3,regular,2014-09-13T18:00:00.000Z,False,True,False,False,56533,3626,Autzen Stadium,2483,Oregon,fbs,Pac-12,48,"[0, 27, 14, 7]",0.9998324540339707,1873,1900,2751,Wyoming,fbs,Mountain West,14,"[7, 0, 0, 7]",0.00016754596602930327,1297,1270,0.179359282600001,,,,CollegeFootballData.com API,2026-08-31T17:31:53.147673+00:00,/games,1.3
400548189,2014,3,regular,2014-09-13T18:00:00.000Z,False,True,False,False,16836,3495,Georgia Dome,2247,Georgia State,fbs,Sun Belt,38,"[0, 10, 14, 14]",0.25490601535514623,1217,1196,2005,Air Force,fbs,Mountain West,48,"[14, 17, 7, 10]",0.7450939846448538,1214,1235,2.5551846941,,,,CollegeFootballData.com API,2026-08-31T17:31:53.147673+00:00,/games,1.3
400548107,2014,3,regular,2014-09-13T19:00:00.000Z,False,True,False,False,15860,3919,Scheumann Stadium,2050,Ball State,fbs,Mid-American,20,"[7, 7, 6, 0]",0.163081040062033,,,282,Indiana State,fcs,MVFC,27,"[3, 14, 3, 7]",0.8369189599379669,,,5.70796348839999,,,,CollegeFootballData.com API,2026-08-31T17:31:53.147673+00:00,/games,1.3
400548190,2014,3,regular,2014-09-13T19:00:00.000Z,False,True,True,False,21202,3761,Sonny Lubick Field at Hughes Stadium,36,Colorado State,fbs,Mountain West,49,"[21, 7, 0, 21]",0.9973773403046068,,,302,UC Davis,fcs,Big Sky,21,"[7, 0, 0, 14]",0.0026226596953932146,,,0.419129905399999,,,,CollegeFootballData.com API,2026-08-31T17:31:53.147673+00:00,/games,1.3
400548025,2014,3,regular,2014-09-13T19:30:00.000Z,False,True,True,False,29604,3803,Legion Field,5,UAB,fbs,Conference USA,41,"[0, 21, 20, 0]",0.9999624392861842,,,2010,Alabama A&M,fcs,SWAC,14,"[7, 7, 0, 0]",3.75607138157763e-05,,,0.976413185199999,,,,CollegeFootballData.com API,2026-08-31T17:31:53.147673+00:00,/games,1.3
400548392,2014,3,regular,2014-09-13T19:30:00.000Z,False,True,False,True,84232,3994,Williams-Brice Stadium,2579,South Carolina,fbs,SEC,38,"[14, 10, 7, 7]",0.10371670493640077,1791,1792,61,Georgia,fbs,SEC,35,"[10, 3, 7, 15]",0.8962832950635993,1811,1810,6.783800661,,,,CollegeFootballData.com API,2026-08-31T17:31:53.147673+00:00,/games,1.3
400547663,2014,3,regular,2014-09-13T19:30:00.000Z,False,True,False,False,27269,3886,Raymond James Stadium,58,South Florida,fbs,American Athletic,17,"[7, 0, 10, 0]",0.003568168771899204,1329,1251,152,NC State,fbs,ACC,49,"[14, 21, 14, 0]",0.9964318312281008,1428,1506,1.96620601669999,,,,CollegeFootballData.com API,2026-08-31T17:31:53.147673+00:00,/games,1.3
400547851,2014,3,regular,2014-09-13T19:30:00.000Z,False,True,False,False,60277,3784,Jones AT&T Stadium,2641,Texas Tech,fbs,Big 12,28,"[7, 14, 7, 0]",0.006343869198106184,1565,1491,8,Arkansas,fbs,SEC,49,"[14, 14, 7, 14]",0.9936561308018939,1399,1473,4.70103517579999,,,,CollegeFootballData.com API,2026-08-31T17:31:53.147673+00:00,/games,1.3
400547753,2014,3,regular,2014-09-13T19:30:00.000Z,False,True,False,False,25203,3982,Wallace Wade Stadium,150,Duke,fbs,ACC,41,"[17, 3, 14, 7]",0.9998525493250796,1557,1627,2305,Kansas,fbs,Big 12,3,"[3, 0, 0, 0]",0.00014745067492039077,1264,1194,0.7951331378,,,,CollegeFootballData.com API,2026-08-31T17:31:53.147673+00:00,/games,1.3
400547788,2014,3,regular,2014-09-13T19:30:00.000Z,False,True,False,False,41519,3948,Hard Rock Stadium,2390,Miami,fbs,ACC,41,"[20, 7, 14, 0]",0.9985539740206535,1518,1561,2032,Arkansas State,fbs,Sun Belt,20,"[7, 7, 0, 6]",0.0014460259793465102,1455,1412,1.4565658423,,,,CollegeFootballData.com API,2026-08-31T17:31:53.147673+00:00,/games,1.3
400547945,2014,3,regular,2014-09-13T19:30:00.000Z,False,True,False,False,102824,3558,Michigan Stadium,130,Michigan,fbs,Big Ten,34,"[10, 7, 7, 10]",0.9995955379510758,1656,1659,193,Miami (OH),fbs,Mid-American,10,"[0, 10, 0, 0]",0.00040446204892419235,1088,1085,0.677575567399999,,,,CollegeFootballData.com API,2026-08-31T17:31:53.147673+00:00,/games,1.3
400547852,2014,3,regular,2014-09-13T19:30:00.000Z,False,True,False,False,70585,3793,Kinnick Stadium,2294,Iowa,fbs,Big Ten,17,"[7, 7, 0, 3]",0.12892091276050277,1649,1631,66,Iowa State,fbs,Big 12,20,"[0, 3, 7, 10]",0.8710790872394972,1441,1459,5.5214295382,,,,CollegeFootballData.com API,2026-08-31T17:31:53.147673+00:00,/games,1.3
400548390,2014,3,regular,2014-09-13T20:00:00.000Z,False,True,False,False,60937,3974,Vaught-Hemingway Stadium,145,Ole Miss,fbs,SEC,56,"[14, 14, 21, 7]",0.9994402869650186,1776,1839,309,Louisiana,fbs,Sun Belt,15,"[0, 6, 7, 2]",0.0005597130349813684,1347,1284,1.5114181114,,,,CollegeFootballData.com API,2026-08-31T17:31:53.147673+00:00,/games,1.3
400547906,2014,3,regular,2014-09-13T20:00:00.000Z,False,True,False,False,62325,3765,Husky Stadium,264,Washington,fbs,Pac-12,44,"[21, 17, 0, 6]",0.9989925380660907,1715,1746,356,Illinois,fbs,Big Ten,19,"[3, 9, 7, 0]",0.001007461933909326,1421,1390,0.7322686866,,,,CollegeFootballData.com API,2026-08-31T17:31:53.147673+00:00,/games,1.3
400547855,2014,3,regular,2014-09-13T20:00:00.000Z,False,True,False,False,43958,3616,Amon G. Carter Stadium,2628,TCU,fbs,Big 12,30,"[10, 14, 6, 0]",0.9997042960004904,1573,1627,135,Minnesota,fbs,Big Ten,7,"[0, 0, 0, 7]",0.00029570399950962223,1551,1497,1.24293059739999,,,,CollegeFootballData.com API,2026-08-31T17:31:53.147673+00:00,/games,1.3
400548391,2014,3,regular,2014-09-13T20:00:00.000Z,False,True,False,False,38129,3797,Ladd Peebles Stadium,6,South Alabama,fbs,Sun Belt,3,"[0, 3, 0, 0]",0.004654869543151644,1467,1410,344,Mississippi State,fbs,SEC,35,"[7, 21, 7, 0]",0.9953451304568484,1737,1794,1.93907967449999,,,,CollegeFootballData.com API,2026-08-31T17:31:53.147673+00:00,/games,1.3
400548110,2014,3,regular,2014-09-13T21:00:00.000Z,False,True,False,False,14721,3791,Kibbie Dome,70,Idaho,fbs,Sun Belt,33,"[7, 12, 7, 7]",0.006067317406196114,1051,1040,2711,Western Michigan,fbs,Mid-American,45,"[14, 21, 10, 0]",0.9939326825938039,1221,1232,2.97399519929999,,,,CollegeFootballData.com API,2026-08-31T17:31:53.147673+00:00,/games,1.3
400548265,2014,3,regular,2014-09-13T21:00:00.000Z,False,True,False,False,49680,3940,Stanford Stadium,24,Stanford,fbs,Pac-12,35,"[7, 7, 7, 14]",0.9999815085326098,1833,1868,349,Army,fbs,FBS Independents,0,"[0, 0, 0, 0]",1.8491467390191474e-05,1307,1272,0.5072725188,,,,CollegeFootballData.com API,2026-08-31T17:31:53.147673+00:00,/games,1.3
400548024,2014,3,regular,2014-09-13T22:00:00.000Z,False,True,False,False,101821,3657,Bryant-Denny Stadium,333,Alabama,fbs,SEC,52,"[7, 14, 14, 17]",0.9999821740286696,1943,1954,2572,Southern Miss,fbs,Conference USA,12,"[3, 3, 3, 3]",1.7825971330376333e-05,1062,1051,0.0926882403000006,,,,CollegeFootballData.com API,2026-08-31T17:31:53.147673+00:00,/games,1.3
400548022,2014,3,regular,2014-09-13T22:00:00.000Z,False,True,False,False,20118,3918,S.B. Ballard Stadium,295,Old Dominion,fbs,Conference USA,17,"[7, 0, 3, 7]",0.7365571119169472,1295,1294,2199,Eastern Michigan,fbs,Mid-American,3,"[0, 0, 0, 3]",0.26344288808305283,927,928,4.0417409533,,,,CollegeFootballData.com API,2026-08-31T17:31:53.147673+00:00,/games,1.3
400547831,2014,3,regular,2014-09-13T23:00:00.000Z,False,True,False,False,20345,3905,Maverik Stadium,328,Utah State,fbs,Mountain West,36,"[7, 22, 7, 0]",0.8371410572404138,1566,1573,154,Wake Forest,fbs,ACC,24,"[7, 0, 17, 0]",0.16285894275958623,1363,1356,3.5615321021,,,,CollegeFootballData.com API,2026-08-31T17:31:53.147673+00:00,/games,1.3
400548389,2014,3,regular,2014-09-13T23:00:00.000Z,False,True,False,False,101194,3958,Tiger Stadium (LA),99,LSU,fbs,SEC,31,"[3, 7, 14, 7]",0.999742775078849,1836,1860,2433,UL Monroe,fbs,Sun Belt,0,"[0, 0, 0, 0]",0.00025722492115098916,1313,1289,0.580373511599999,,,,CollegeFootballData.com API,2026-08-31T17:31:53.147673+00:00,/games,1.3
400548108,2014,3,regular,2014-09-13T23:00:00.000Z,False,True,False,False,14305,3914,Sam Boyd Stadium,2439,UNLV,fbs,Mountain West,34,"[5, 0, 21, 8]",0.05111530118778572,1271,1275,2459,Northern Illinois,fbs,Mid-American,48,"[7, 14, 10, 17]",0.9488846988122143,1663,1659,4.6670744666,,,,CollegeFootballData.com API,2026-08-31T17:31:53.147673+00:00,/games,1.3
400547853,2014,3,regular,2014-09-13T23:00:00.000Z,False,True,False,False,54577,3646,Boone Pickens Stadium,197,Oklahoma State,fbs,Big 12,43,"[14, 10, 3, 16]",0.9986482531024551,1845,1888,2636,UTSA,fbs,Conference USA,13,"[3, 0, 7, 3]",0.0013517468975449143,1527,1484,1.71085767029999,,,,CollegeFootballData.com API,2026-08-31T17:31:53.147673+00:00,/games,1.3
400547665,2014,3,regular,2014-09-13T23:00:00.000Z,False,True,False,False,14122,3715,FAU Stadium,2226,Florida Atlantic,fbs,Conference USA,50,"[17, 16, 10, 7]",0.998567223188093,1260,1340,202,Tulsa,fbs,American Athletic,21,"[0, 7, 7, 7]",0.0014327768119070106,1283,1203,2.71570167119999,,,,CollegeFootballData.com API,2026-08-31T17:31:53.147673+00:00,/games,1.3
400548413,2014,3,regular,2014-09-13T23:00:00.000Z,False,True,False,False,17320,3975,Veterans Memorial Stadium (AL),2653,Troy,fbs,Sun Belt,35,"[7, 14, 7, 7]",0.66503566206315,,,2000,Abilene Christian,fcs,Southland,38,"[7, 0, 21, 10]",0.33496433793685,,,5.6481539874,,,,CollegeFootballData.com API,2026-08-31T17:31:53.147673+00:00,/games,1.3
400548020,2014,3,regular,2014-09-13T23:00:00.000Z,False,True,False,True,24911,3725,"Johnny ""Red"" Floyd Stadium",2393,Middle Tennessee,fbs,Conference USA,50,"[14, 10, 0, 10, 7, 3, 6]",0.18901099896037288,1396,1399,98,Western Kentucky,fbs,Conference USA,47,"[3, 21, 0, 10, 7, 3, 3]",0.8109890010396271,1549,1546,11.3778493111,,,,CollegeFootballData.com API,2026-08-31T17:31:53.147673+00:00,/games,1.3
400548388,2014,3,regular,2014-09-13T23:30:00.000Z,False,True,False,True,88334,3634,Ben Hill Griffin Stadium,57,Florida,fbs,SEC,36,"[0, 3, 17, 0, 7, 3, 6]",0.9089443691100385,1723,1714,96,Kentucky,fbs,SEC,30,"[0, 3, 14, 3, 7, 3, 0]",0.09105563088996149,1361,1370,9.77228142399999,,,,CollegeFootballData.com API,2026-08-31T17:31:53.147673+00:00,/games,1.3
400547990,2014,3,regular,2014-09-13T23:30:00.000Z,False,True,True,False,56832,3812,Lucas Oil Stadium,87,Notre Dame,fbs,FBS Independents,30,"[7, 10, 7, 6]",0.9911457714695842,1829,1818,2509,Purdue,fbs,Big Ten,14,"[7, 7, 0, 0]",0.008854228530415842,1221,1232,1.4055004776,,,,CollegeFootballData.com API,2026-08-31T17:31:53.147673+00:00,/games,1.3
400548412,2014,3,regular,2014-09-14T00:00:00.000Z,False,True,False,False,32007,3644,Bobcat Stadium (TX),326,Texas State,fbs,Sun Belt,21,"[0, 7, 0, 14]",0.06444203192023688,1290,1281,2426,Navy,fbs,FBS Independents,35,"[14, 14, 0, 7]",0.9355579680797631,1536,1545,1.7397103801,,,,CollegeFootballData.com API,2026-08-31T17:31:53.147673+00:00,/games,1.3
400548026,2014,3,regular,2014-09-14T00:00:00.000Z,False,True,False,False,32979,3946,Sun Bowl,2638,UTEP,fbs,Conference USA,42,"[7, 14, 0, 21]",0.9991372322868173,1186,1214,166,New Mexico State,fbs,Sun Belt,24,"[7, 3, 0, 14]",0.0008627677131827216,1063,1035,2.6317680547,,,,CollegeFootballData.com API,2026-08-31T17:31:53.147673+00:00,/games,1.3
400547995,2014,3,regular,2014-09-14T00:00:00.000Z,False,True,False,True,53774,3754,High Point Solutions Stadium,164,Rutgers,fbs,Big Ten,10,"[0, 10, 0, 0]",0.05074048264499876,1435,1440,213,Penn State,fbs,Big Ten,13,"[0, 0, 3, 10]",0.9492595173550012,1592,1587,7.8629339041,,,,CollegeFootballData.com API,2026-08-31T17:31:53.147673+00:00,/games,1.3
400547664,2014,3,regular,2014-09-14T00:00:00.000Z,False,True,False,False,26358,4729,Yulman Stadium,2655,Tulane,fbs,American Athletic,35,"[7, 21, 0, 7]",0.9924404281477774,,,2545,SE Louisiana,fcs,Southland,20,"[0, 3, 7, 10]",0.0075595718522225575,,,2.3997321378,,,,CollegeFootballData.com API,2026-08-31T17:31:53.147673+00:00,/games,1.3
400548264,2014,3,regular,2014-09-14T00:00:00.000Z,False,True,False,False,30874,3820,Gesa Field,265,Washington State,fbs,Pac-12,59,"[7, 21, 7, 24]",0.9985891693844123,,,2502,Portland State,fcs,Big Sky,21,"[0, 0, 14, 7]",0.001410830615587666,,,0.824303394100001,,,,CollegeFootballData.com API,2026-08-31T17:31:53.147673+00:00,/games,1.3
400547730,2014,3,regular,2014-09-14T00:00:00.000Z,False,True,False,False,41632,3615,"Alumni Stadium (Chestnut Hill, MA)",103,Boston College,fbs,ACC,37,"[0, 20, 7, 10]",0.9585416748638823,1445,1471,30,USC,fbs,Pac-12,31,"[10, 7, 0, 14]",0.04145832513611769,1794,1768,5.7180539742,,,,CollegeFootballData.com API,2026-08-31T17:31:53.147673+00:00,/games,1.3
400547850,2014,3,regular,2014-09-14T00:00:00.000Z,False,True,False,False,85622,3835,"Memorial Stadium (Norman, OK)",201,Oklahoma,fbs,Big 12,34,"[13, 7, 7, 7]",0.999859065573052,1895,1922,2633,Tennessee,fbs,SEC,10,"[0, 7, 3, 0]",0.00014093442694795844,1587,1560,1.1567828823,,,,CollegeFootballData.com API,2026-08-31T17:31:53.147673+00:00,/games,1.3
400547848,2014,3,regular,2014-09-14T00:15:00.000Z,False,True,True,False,60479,3687,AT&T Stadium,251,Texas,fbs,Big 12,17,"[0, 10, 0, 7]",0.15329963655790138,1615,1619,26,UCLA,fbs,Pac-12,20,"[3, 0, 7, 10]",0.8467003634420986,1719,1715,7.6219089024,,,,CollegeFootballData.com API,2026-08-31T17:31:53.147673+00:00,/games,1.3
400548023,2014,3,regular,2014-09-14T01:00:00.000Z,False,True,False,False,103867,3795,Kyle Field,245,Texas A&M,fbs,SEC,38,"[7, 14, 14, 3]",0.9998719431836163,1841,1871,242,Rice,fbs,Conference USA,10,"[0, 7, 3, 0]",0.0001280568163837259,1451,1421,0.4169241018,,,,CollegeFootballData.com API,2026-08-31T17:31:53.147673+00:00,/games,1.3
400548263,2014,3,regular,2014-09-14T02:00:00.000Z,False,True,False,True,38547,3726,Folsom Field,38,Colorado,fbs,Pac-12,24,"[0, 14, 3, 7]",0.03185563434215491,1236,1250,9,Arizona State,fbs,Pac-12,38,"[14, 10, 14, 0]",0.9681443656578451,1758,1744,2.0339974357,,,,CollegeFootballData.com API,2026-08-31T17:31:53.147673+00:00,/games,1.3
400547970,2014,3,regular,2014-09-14T02:30:00.000Z,False,True,False,False,41031,3660,Valley Children's Stadium,278,Fresno State,fbs,Mountain West,19,"[2, 3, 7, 7]",0.004197955966178475,1419,1353,158,Nebraska,fbs,Big Ten,55,"[14, 13, 14, 14]",0.9958020440338216,1720,1786,1.6122031083,,,,CollegeFootballData.com API,2026-08-31T17:31:53.147673+00:00,/games,1.3
400548192,2014,3,regular,2014-09-14T03:00:00.000Z,False,True,False,False,48504,3619,Arizona Stadium,12,Arizona,fbs,Pac-12,35,"[7, 14, 7, 7]",0.974346142516271,1698,1694,2440,Nevada,fbs,Mountain West,28,"[3, 10, 8, 7]",0.025653857483728948,1444,1448,3.2734809182,,,,CollegeFootballData.com API,2026-08-31T17:31:53.147673+00:00,/games,1.3
400548191,2014,3,regular,2014-09-14T04:00:00.000Z,False,True,True,False,24999,3610,Aloha Stadium,62,Hawai'i,fbs,Mountain West,27,"[7, 10, 7, 3]",0.3251670770974901,,,2460,Northern Iowa,fcs,MVFC,24,"[7, 3, 0, 14]",0.6748329229025098,,,7.29406707,,,,CollegeFootballData.com API,2026-08-31T17:31:53.147673+00:00,/games,1.3
400547856,2014,4,regular,2014-09-18T23:30:00.000Z,False,True,False,False,53046,3636,Bill Snyder Family Stadium,2306,Kansas State,fbs,Big 12,14,"[0, 7, 0, 7]",0.17751624596420443,1729,1727,2,Auburn,fbs,SEC,20,"[3, 7, 0, 10]",0.8224837540357955,1851,1853,4.9188539507,,,,CollegeFootballData.com API,2026-08-31T17:31:53.147673+00:00,/games,1.3
400547666,2014,4,regular,2014-09-20T00:00:00.000Z,False,True,False,True,28723,3886,Raymond James Stadium,58,South Florida,fbs,American Athletic,17,"[14, 0, 0, 3]",0.6053187576453479,1251,1254,41,UConn,fbs,American Athletic,14,"[0, 7, 0, 7]",0.3946812423546521,1370,1367,4.2210852273,,,,CollegeFootballData.com API,2026-08-31T17:31:53.147673+00:00,/games,1.3
400547774,2014,4,regular,2014-09-20T16:00:00.000Z,False,True,False,True,62318,3799,Lane Stadium,259,Virginia Tech,fbs,ACC,24,"[3, 13, 0, 8]",0.31821038387975376,1579,1578,59,Georgia Tech,fbs,ACC,27,"[3, 7, 0, 17]",0.6817896161202462,1644,1645,6.8883420534,,,,CollegeFootballData.com API,2026-08-31T17:31:53.147673+00:00,/games,1.3
400548002,2014,4,regular,2014-09-20T16:00:00.000Z,False,True,False,False,0,347,Camp Randall Stadium,275,Wisconsin,fbs,Big Ten,68,"[14, 27, 21, 6]",0.9999912586795334,1804,1930,189,Bowling Green,fbs,Mid-American,17,"[10, 0, 0, 7]",8.741320466576497e-06,1591,1465,1.16644534949999,,,,CollegeFootballData.com API,2026-08-31T17:31:53.147673+00:00,/games,1.3
400548031,2014,4,regular,2014-09-20T16:00:00.000Z,False,True,False,True,17558,3895,Rice Stadium,242,Rice,fbs,Conference USA,42,"[7, 7, 14, 14]",0.13361804497828478,1421,1409,295,Old Dominion,fbs,Conference USA,45,"[14, 14, 7, 10]",0.8663819550217152,1294,1306,6.37018386369999,,,,CollegeFootballData.com API,2026-08-31T17:31:53.147673+00:00,/games,1.3
400547954,2014,4,regular,2014-09-20T16:00:00.000Z,False,True,False,False,73846,3936,Spartan Stadium,127,Michigan State,fbs,Big Ten,73,"[28, 21, 10, 14]",0.9982162488912509,1755,1825,2199,Eastern Michigan,fbs,Mid-American,14,"[0, 0, 7, 7]",0.0017837511087490654,928,858,0.0226749998999995,,,,CollegeFootballData.com API,2026-08-31T17:31:53.147673+00:00,/games,1.3
400547810,2014,4,regular,2014-09-20T16:00:00.000Z,False,True,False,False,48895,3752,Acrisure Stadium,221,Pittsburgh,fbs,ACC,20,"[7, 10, 3, 0]",0.15545917722000155,1543,1542,2294,Iowa,fbs,Big Ten,24,"[7, 0, 10, 7]",0.8445408227799984,1631,1632,6.4380186048,,,,CollegeFootballData.com API,2026-08-31T17:31:53.147673+00:00,/games,1.3
400547977,2014,4,regular,2014-09-20T16:00:00.000Z,False,True,False,False,32016,3911,Ryan Field,77,Northwestern,fbs,Big Ten,24,"[7, 7, 7, 3]",0.9767219427081487,,,2710,Western Illinois,fcs,MVFC,7,"[7, 0, 0, 0]",0.023278057291851284,,,1.52303191279999,,,,CollegeFootballData.com API,2026-08-31T17:31:53.147673+00:00,/games,1.3
400547991,2014,4,regular,2014-09-20T16:00:00.000Z,False,True,False,False,31434,3907,Ross-Ade Stadium,2509,Purdue,fbs,Big Ten,35,"[17, 11, 0, 7]",0.9758498274549219,,,79,Southern Illinois,fcs,MVFC,13,"[0, 3, 7, 3]",0.02415017254507812,,,2.3332857629,,,,CollegeFootballData.com API,2026-08-31T17:31:53.147673+00:00,/games,1.3
400548385,2014,4,regular,2014-09-20T16:00:00.000Z,False,True,False,False,0,3917,Sanford Stadium,61,Georgia,fbs,SEC,66,"[21, 24, 7, 14]",0.9999974247959075,1810,1928,2653,Troy,fbs,Sun Belt,0,"[0, 0, 0, 0]",2.5752040925253183e-06,1184,1066,0.174173894099999,,,,CollegeFootballData.com API,2026-08-31T17:31:53.147673+00:00,/games,1.3
400547817,2014,4,regular,2014-09-20T16:30:00.000Z,False,True,False,False,40511,1964,JMA Wireless Dome,183,Syracuse,fbs,ACC,20,"[6, 7, 0, 7]",0.2098204343762298,1554,1526,120,Maryland,fbs,Big Ten,34,"[14, 17, 0, 3]",0.7901795656237702,1592,1620,3.71063334529999,,,,CollegeFootballData.com API,2026-08-31T17:31:53.147673+00:00,/games,1.3
400547673,2014,4,regular,2014-09-20T16:30:00.000Z,False,True,False,False,20197,3982,Wallace Wade Stadium,150,Duke,fbs,ACC,47,"[16, 3, 14, 14]",0.9993505553252111,1627,1687,2655,Tulane,fbs,American Athletic,13,"[7, 0, 6, 0]",0.0006494446747888905,1349,1289,1.636817773,,,,CollegeFootballData.com API,2026-08-31T17:31:53.147673+00:00,/games,1.3
400547672,2014,4,regular,2014-09-20T17:00:00.000Z,False,True,False,False,19202,3806,Lincoln Financial Field,218,Temple,fbs,American Athletic,59,"[28, 21, 3, 7]",0.9999964083307971,,,2169,Delaware State,fcs,MEAC,0,"[0, 0, 0, 0]",3.5916692029402952e-06,,,0.032131787199999,,,,CollegeFootballData.com API,2026-08-31T17:31:53.147673+00:00,/games,1.3
400547731,2014,4,regular,2014-09-20T17:00:00.000Z,False,True,False,False,28676,3615,"Alumni Stadium (Chestnut Hill, MA)",103,Boston College,fbs,ACC,40,"[10, 9, 14, 7]",0.998213805923889,,,311,Maine,fcs,CAA,10,"[7, 3, 0, 0]",0.001786194076111025,,,1.4667984612,,,,CollegeFootballData.com API,2026-08-31T17:31:53.147673+00:00,/games,1.3
400548029,2014,4,regular,2014-09-20T18:00:00.000Z,False,True,False,False,0,3768,InfoCision Stadium,2006,Akron,fbs,Mid-American,17,"[0, 3, 0, 14]",0.0052768514545144495,1237,1200,276,Marshall,fbs,Conference USA,48,"[17, 14, 10, 7]",0.9947231485454856,1655,1692,1.0797996288,,,,CollegeFootballData.com API,2026-08-31T17:31:53.147673+00:00,/games,1.3
400548196,2014,4,regular,2014-09-20T18:00:00.000Z,False,True,False,False,39478,3726,Folsom Field,38,Colorado,fbs,Pac-12,21,"[7, 14, 0, 0]",0.7155753093268814,1250,1270,62,Hawai'i,fbs,Mountain West,12,"[3, 3, 6, 0]",0.2844246906731186,1328,1308,3.99186235649999,,,,CollegeFootballData.com API,2026-08-31T17:31:53.147673+00:00,/games,1.3
400547996,2014,4,regular,2014-09-20T19:30:00.000Z,False,True,False,False,33655,3852,Navy-Marine Corps Memorial Stadium,2426,Navy,fbs,FBS Independents,24,"[7, 7, 3, 7]",0.20863675092279305,1545,1523,164,Rutgers,fbs,Big Ten,31,"[7, 17, 7, 0]",0.7913632490772069,1440,1462,4.4107149022,,,,CollegeFootballData.com API,2026-08-31T17:31:53.147673+00:00,/games,1.3
400547669,2014,4,regular,2014-09-20T19:30:00.000Z,False,True,False,False,51082,3699,Dowdy-Ficklen Stadium,151,East Carolina,fbs,American Athletic,70,"[14, 21, 21, 14]",0.9989982007478211,1605,1701,153,North Carolina,fbs,ACC,41,"[13, 7, 7, 14]",0.0010017992521789143,1755,1659,4.8702649678,,,,CollegeFootballData.com API,2026-08-31T17:31:53.147673+00:00,/games,1.3
400547832,2014,4,regular,2014-09-20T19:30:00.000Z,False,True,False,False,28123,3630,Allegacy Federal Credit Union Stadium,154,Wake Forest,fbs,ACC,24,"[7, 7, 0, 10]",0.5233597966733572,1356,1356,349,Army,fbs,FBS Independents,21,"[7, 14, 0, 0]",0.4766402033266428,1272,1272,6.3433143199,,,,CollegeFootballData.com API,2026-08-31T17:31:53.147673+00:00,/games,1.3
400547857,2014,4,regular,2014-09-20T19:30:00.000Z,False,True,False,False,34822,3833,Memorial Stadium,2305,Kansas,fbs,Big 12,24,"[7, 0, 3, 14]",0.9096990137844094,1194,1232,2117,Central Michigan,fbs,Mid-American,10,"[0, 3, 7, 0]",0.09030098621559057,1304,1266,5.5333979018,,,,CollegeFootballData.com API,2026-08-31T17:31:53.147673+00:00,/games,1.3
400547782,2014,4,regular,2014-09-20T19:30:00.000Z,False,True,False,False,10826,218,FIU Stadium,2229,Florida International,fbs,Conference USA,3,"[0, 3, 0, 0]",0.003783923714843294,1094,1086,97,Louisville,fbs,ACC,34,"[7, 21, 6, 0]",0.9962160762851567,1785,1793,0.7376437349,,,,CollegeFootballData.com API,2026-08-31T17:31:53.147673+00:00,/games,1.3
400548384,2014,4,regular,2014-09-20T19:30:00.000Z,False,True,False,True,101821,3657,Bryant-Denny Stadium,333,Alabama,fbs,SEC,42,"[14, 7, 14, 7]",0.9999166699269678,1954,1980,57,Florida,fbs,SEC,21,"[14, 0, 7, 0]",8.333007303218398e-05,1714,1688,3.51924201409999,,,,CollegeFootballData.com API,2026-08-31T17:31:53.147673+00:00,/games,1.3
400547946,2014,4,regular,2014-09-20T19:30:00.000Z,False,True,False,False,103890,3558,Michigan Stadium,130,Michigan,fbs,Big Ten,10,"[3, 7, 0, 0]",0.19666877171609928,1659,1614,254,Utah,fbs,Pac-12,26,"[3, 10, 7, 6]",0.8033312282839007,1589,1634,4.5750327256,,,,CollegeFootballData.com API,2026-08-31T17:31:53.147673+00:00,/games,1.3
400547822,2014,4,regular,2014-09-20T19:30:00.000Z,False,True,False,False,59023,3801,LaVell Edwards Stadium,252,BYU,fbs,FBS Independents,41,"[3, 10, 14, 14]",0.05277089846363926,1794,1779,258,Virginia,fbs,ACC,33,"[7, 9, 0, 17]",0.9472291015363608,1322,1337,4.87400826579999,,,,CollegeFootballData.com API,2026-08-31T17:31:53.147673+00:00,/games,1.3
400547671,2014,4,regular,2014-09-20T19:30:00.000Z,False,True,False,False,34820,3735,Gerald J. Ford Stadium,2567,SMU,fbs,American Athletic,6,"[0, 3, 0, 3]",0.003520031491105393,1284,1204,245,Texas A&M,fbs,SEC,58,"[17, 21, 10, 10]",0.9964799685088946,1871,1951,0.5289237992,,,,CollegeFootballData.com API,2026-08-31T17:31:53.147673+00:00,/games,1.3
400548030,2014,4,regular,2014-09-20T19:30:00.000Z,False,True,False,False,21323,3825,DATCU Stadium,249,North Texas,fbs,Conference USA,77,"[21, 28, 21, 7]",0.9999985201541371,,,2447,Nicholls,fcs,Southland,3,"[3, 0, 0, 0]",1.4798458628506594e-06,,,0.0277627072000005,,,,CollegeFootballData.com API,2026-08-31T17:31:53.147673+00:00,/games,1.3
400548114,2014,4,regular,2014-09-20T19:30:00.000Z,False,True,False,False,21139,3965,UB Stadium,2084,Buffalo,fbs,Mid-American,36,"[14, 9, 6, 7]",0.999971756473616,,,2450,Norfolk State,fcs,MEAC,7,"[7, 0, 0, 0]",2.8243526383975315e-05,,,0.4914558443,,,,CollegeFootballData.com API,2026-08-31T17:31:53.147673+00:00,/games,1.3
400547987,2014,4,regular,2014-09-20T20:00:00.000Z,False,True,False,False,99155,3632,Beaver Stadium,213,Penn State,fbs,Big Ten,48,"[6, 28, 14, 0]",0.9999075925070362,1587,1640,113,Massachusetts,fbs,Mid-American,7,"[0, 0, 0, 7]",9.240749296379747e-05,1067,1014,0.3798992018,,,,CollegeFootballData.com API,2026-08-31T17:31:53.147673+00:00,/games,1.3
400548027,2014,4,regular,2014-09-20T20:00:00.000Z,False,True,False,False,21226,3984,War Memorial Stadium,2751,Wyoming,fbs,Mountain West,20,"[7, 3, 0, 10]",0.8052286655544729,1270,1273,2226,Florida Atlantic,fbs,Conference USA,19,"[3, 3, 10, 3]",0.19477133444552708,1340,1337,7.6954421695,,,,CollegeFootballData.com API,2026-08-31T17:31:53.147673+00:00,/games,1.3
400547918,2014,4,regular,2014-09-20T20:00:00.000Z,False,True,False,False,66455,3838,Memorial Stadium,142,Missouri,fbs,SEC,27,"[7, 10, 0, 10]",0.675943139941244,1854,1819,84,Indiana,fbs,Big Ten,31,"[7, 10, 7, 7]",0.324056860058756,1468,1503,10.2108808752,,,,CollegeFootballData.com API,2026-08-31T17:31:53.147673+00:00,/games,1.3
400547962,2014,4,regular,2014-09-20T20:00:00.000Z,False,True,False,False,47739,3953,Huntington Bank Stadium,135,Minnesota,fbs,Big Ten,24,"[10, 7, 0, 7]",0.9948154231045084,1497,1520,23,San José State,fbs,Mountain West,7,"[7, 0, 0, 0]",0.005184576895491566,1349,1326,3.68028424989999,,,,CollegeFootballData.com API,2026-08-31T17:31:53.147673+00:00,/games,1.3
400547907,2014,4,regular,2014-09-20T20:00:00.000Z,False,True,False,False,41019,3832,"Memorial Stadium (Champaign, IL)",356,Illinois,fbs,Big Ten,42,"[6, 7, 12, 17]",0.959139544837671,1390,1394,326,Texas State,fbs,Sun Belt,35,"[14, 7, 7, 7]",0.040860455162328946,1281,1277,7.29611884709999,,,,CollegeFootballData.com API,2026-08-31T17:31:53.147673+00:00,/games,1.3
400547804,2014,4,regular,2014-09-20T22:00:00.000Z,False,True,False,False,54408,3670,Carter-Finley Stadium,152,NC State,fbs,ACC,42,"[7, 14, 14, 7]",0.9999939014441649,,,2506,Presbyterian,fcs,Big South,0,"[0, 0, 0, 0]",6.098555835110098e-06,,,0.131539838399999,,,,CollegeFootballData.com API,2026-08-31T17:31:53.147673+00:00,/games,1.3
400548268,2014,4,regular,2014-09-20T22:00:00.000Z,False,True,False,False,64608,3765,Husky Stadium,264,Washington,fbs,Pac-12,45,"[0, 0, 21, 24]",0.9983792954425162,1746,1767,2247,Georgia State,fbs,Sun Belt,14,"[0, 14, 0, 0]",0.0016207045574837542,1196,1175,2.64925088739999,,,,CollegeFootballData.com API,2026-08-31T17:31:53.147673+00:00,/games,1.3
400547667,2014,4,regular,2014-09-20T22:00:00.000Z,False,True,False,False,44510,3652,FBC Mortgage Stadium,2116,UCF,fbs,American Athletic,41,"[3, 17, 14, 7]",0.999487435343714,,,2065,Bethune-Cookman,fcs,MEAC,7,"[7, 0, 0, 0]",0.0005125646562860187,,,0.8399777108,,,,CollegeFootballData.com API,2026-08-31T17:31:53.147673+00:00,/games,1.3
400548111,2014,4,regular,2014-09-20T23:00:00.000Z,False,True,False,True,17229,3739,Glass Bowl,2649,Toledo,fbs,Mid-American,34,"[20, 0, 7, 7]",0.9985792138570976,1439,1468,2050,Ball State,fbs,Mid-American,23,"[3, 6, 7, 7]",0.0014207861429024193,1551,1522,1.9754925002,,,,CollegeFootballData.com API,2026-08-31T17:31:53.147673+00:00,/games,1.3
400548386,2014,4,regular,2014-09-20T23:00:00.000Z,False,True,False,True,102321,3958,Tiger Stadium (LA),99,LSU,fbs,SEC,29,"[0, 3, 7, 19]",0.8477728397253146,1860,1847,344,Mississippi State,fbs,SEC,34,"[14, 3, 14, 3]",0.1522271602746854,1794,1807,4.7303198651,,,,CollegeFootballData.com API,2026-08-31T17:31:53.147673+00:00,/games,1.3
400548115,2014,4,regular,2014-09-20T23:00:00.000Z,False,True,False,False,67204,3887,Razorback Stadium,8,Arkansas,fbs,SEC,52,"[21, 7, 7, 17]",0.9996781957757199,1473,1610,2459,Northern Illinois,fbs,Mid-American,14,"[0, 7, 0, 7]",0.0003218042242800756,1659,1522,1.3837909228,,,,CollegeFootballData.com API,2026-08-31T17:31:53.147673+00:00,/games,1.3
400547668,2014,4,regular,2014-09-20T23:00:00.000Z,False,True,False,False,41926,3874,Paul Brown Stadium,2132,Cincinnati,fbs,American Athletic,31,"[7, 17, 7, 0]",0.9886453285462496,1651,1632,193,Miami (OH),fbs,Mid-American,24,"[7, 7, 7, 3]",0.011354671453750353,1085,1104,1.82863382209999,,,,CollegeFootballData.com API,2026-08-31T17:31:53.147673+00:00,/games,1.3
400548032,2014,4,regular,2014-09-20T23:00:00.000Z,False,True,False,False,21836,3815,M. M. Roberts Stadium,2572,Southern Miss,fbs,Conference USA,21,"[7, 7, 0, 7]",0.06153310081578844,1051,1059,2026,App State,fbs,Sun Belt,20,"[0, 7, 0, 13]",0.9384668991842116,1312,1304,6.2719558041,,,,CollegeFootballData.com API,2026-08-31T17:31:53.147673+00:00,/games,1.3
400547670,2014,4,regular,2014-09-20T23:00:00.000Z,False,True,False,False,46378,3805,Simmons Bank Liberty Stadium,235,Memphis,fbs,American Athletic,36,"[9, 10, 3, 14]",0.977342038413475,1338,1388,2393,Middle Tennessee,fbs,Conference USA,17,"[7, 0, 3, 7]",0.022657961586525,1399,1349,2.90169022279999,,,,CollegeFootballData.com API,2026-08-31T17:31:53.147673+00:00,/games,1.3
400548113,2014,4,regular,2014-09-20T23:00:00.000Z,False,True,False,False,22226,3980,Waldo Stadium,2711,Western Michigan,fbs,Mid-American,45,"[7, 17, 14, 7]",0.9994884693684171,,,93,Murray State,fcs,OVC,14,"[7, 0, 7, 0]",0.0005115306315829349,,,1.818794273,,,,CollegeFootballData.com API,2026-08-31T17:31:53.147673+00:00,/games,1.3
400548203,2014,4,regular,2014-09-20T23:00:00.000Z,False,True,False,False,29029,3625,Centennial Bank Stadium,2032,Arkansas State,fbs,Sun Belt,21,"[0, 0, 7, 7, 7]",0.8533239715885148,1412,1431,328,Utah State,fbs,Mountain West,14,"[7, 0, 7, 0, 0]",0.1466760284114852,1573,1554,8.4570832236,,,,CollegeFootballData.com API,2026-08-31T17:31:53.147673+00:00,/games,1.3
400548028,2014,4,regular,2014-09-20T23:00:00.000Z,False,True,False,False,26004,3776,Joe Aillet Stadium,2348,Louisiana Tech,fbs,Conference USA,27,"[10, 3, 7, 7]",0.8283130728714123,,,2466,Northwestern State,fcs,Southland,30,"[0, 3, 7, 20]",0.17168692712858769,,,3.3185284007,,,,CollegeFootballData.com API,2026-08-31T17:31:53.147673+00:00,/games,1.3
400548112,2014,4,regular,2014-09-20T23:00:00.000Z,False,True,False,False,25211,3876,Peden Stadium,195,Ohio,fbs,Mid-American,36,"[7, 10, 3, 16]",0.9997900992700983,1250,1256,70,Idaho,fbs,Sun Belt,24,"[0, 7, 10, 7]",0.00020990072990167974,1040,1034,4.46083291289999,,,,CollegeFootballData.com API,2026-08-31T17:31:53.147673+00:00,/games,1.3
400547858,2014,4,regular,2014-09-20T23:30:00.000Z,False,True,False,True,61908,3842,Milan Puskar Stadium,277,West Virginia,fbs,Big 12,33,"[7, 17, 3, 6]",0.009655069187545974,1475,1487,201,Oklahoma,fbs,Big 12,45,"[3, 21, 14, 7]",0.990344930812454,1922,1910,5.0497940811,,,,CollegeFootballData.com API,2026-08-31T17:31:53.147673+00:00,/games,1.3
400548414,2014,4,regular,2014-09-20T23:30:00.000Z,False,True,False,True,11348,3797,Ladd Peebles Stadium,6,South Alabama,fbs,Sun Belt,6,"[0, 6, 0, 0]",0.004343248535784252,1410,1362,290,Georgia Southern,fbs,Sun Belt,28,"[7, 7, 7, 7]",0.9956567514642157,1492,1540,3.7683294551,,,,CollegeFootballData.com API,2026-08-31T17:31:53.147673+00:00,/games,1.3
400548387,2014,4,regular,2014-09-20T23:30:00.000Z,False,True,False,True,34441,3973,FirstBank Stadium,238,Vanderbilt,fbs,SEC,34,"[14, 0, 10, 10]",0.005039707999133492,1406,1409,2579,South Carolina,fbs,SEC,48,"[0, 17, 10, 21]",0.9949602920008666,1792,1789,4.0971785829,,,,CollegeFootballData.com API,2026-08-31T17:31:53.147673+00:00,/games,1.3
400547789,2014,4,regular,2014-09-21T00:00:00.000Z,False,True,False,False,91585,3834,"Memorial Stadium (Lincoln, NE)",158,Nebraska,fbs,Big Ten,41,"[7, 10, 14, 10]",0.9025848393557949,1786,1788,2390,Miami,fbs,ACC,31,"[7, 7, 7, 10]",0.09741516064420508,1561,1559,5.121806611,,,,CollegeFootballData.com API,2026-08-31T17:31:53.147673+00:00,/games,1.3
400560174,2014,4,regular,2014-09-21T00:00:00.000Z,False,True,False,False,23408,4728,TDECU Stadium,248,Houston,fbs,American Athletic,47,"[13, 0, 17, 17]",0.9996744114591092,1545,1602,2439,UNLV,fbs,Mountain West,14,"[7, 0, 7, 0]",0.0003255885408908199,1275,1218,1.91431529559999,,,,CollegeFootballData.com API,2026-08-31T17:31:53.147673+00:00,/games,1.3
400548197,2014,4,regular,2014-09-21T00:00:00.000Z,False,True,False,False,24651,3601,Aggie Memorial Stadium,166,New Mexico State,fbs,Sun Belt,35,"[0, 14, 14, 7]",0.06886514459399554,1035,1041,167,New Mexico,fbs,Mountain West,38,"[7, 14, 3, 14]",0.9311348554060045,1209,1203,8.5950466695,,,,CollegeFootballData.com API,2026-08-31T17:31:53.147673+00:00,/games,1.3
400547742,2014,4,regular,2014-09-21T00:00:00.000Z,False,True,False,True,82316,3697,Doak Campbell Stadium,52,Florida State,fbs,ACC,23,"[3, 0, 7, 7, 6]",0.10885977150814882,2069,2060,228,Clemson,fbs,ACC,17,"[0, 10, 0, 7, 0]",0.8911402284918511,1721,1730,7.3647679404,,,,CollegeFootballData.com API,2026-08-31T17:31:53.147673+00:00,/games,1.3
400548195,2014,4,regular,2014-09-21T02:00:00.000Z,False,True,False,False,32645,3660,Valley Children's Stadium,278,Fresno State,fbs,Mountain West,56,"[0, 21, 21, 14]",0.9987106531710148,,,253,Southern Utah,fcs,Big Sky,16,"[0, 9, 0, 7]",0.0012893468289851828,,,2.40421493,,,,CollegeFootballData.com API,2026-08-31T17:31:53.147673+00:00,/games,1.3
400548266,2014,4,regular,2014-09-21T02:00:00.000Z,False,True,False,True,45595,3619,Arizona Stadium,12,Arizona,fbs,Pac-12,49,"[0, 6, 7, 36]",0.81318604504613,1694,1685,25,California,fbs,Pac-12,45,"[14, 14, 3, 14]",0.18681395495387,1270,1279,7.2872160079,,,,CollegeFootballData.com API,2026-08-31T17:31:53.147673+00:00,/games,1.3
400548267,2014,4,regular,2014-09-21T02:30:00.000Z,False,True,False,True,32952,3820,Gesa Field,265,Washington State,fbs,Pac-12,31,"[14, 7, 0, 10]",0.31520487062443386,1423,1443,2483,Oregon,fbs,Pac-12,38,"[7, 14, 7, 10]",0.6847951293755661,1900,1880,5.4486007467,,,,CollegeFootballData.com API,2026-08-31T17:31:53.147673+00:00,/games,1.3
400548194,2014,4,regular,2014-09-21T02:30:00.000Z,False,True,False,False,33337,3653,Albertsons Stadium,68,Boise State,fbs,Mountain West,34,"[14, 7, 10, 3]",0.9999114339211015,1629,1655,309,Louisiana,fbs,Sun Belt,9,"[3, 0, 0, 6]",8.856607889851098e-05,1284,1258,2.3785894294,,,,CollegeFootballData.com API,2026-08-31T17:31:53.147673+00:00,/games,1.3
400548198,2014,4,regular,2014-09-21T02:30:00.000Z,False,True,False,False,41339,3893,Reser Stadium,204,Oregon State,fbs,Pac-12,28,"[7, 7, 14, 0]",0.9991242059920072,1588,1628,21,San Diego State,fbs,Mountain West,7,"[7, 0, 0, 0]",0.0008757940079927584,1489,1449,2.5444126438,,,,CollegeFootballData.com API,2026-08-31T17:31:53.147673+00:00,/games,1.3
400547859,2014,5,regular,2014-09-25T23:30:00.000Z,False,True,False,True,55958,3646,Boone Pickens Stadium,197,Oklahoma State,fbs,Big 12,45,"[7, 14, 14, 10]",0.8253110356747039,1888,1879,2641,Texas Tech,fbs,Big 12,35,"[7, 7, 14, 7]",0.17468896432529613,1491,1500,4.40986344189999,,,,CollegeFootballData.com API,2026-08-31T17:31:53.147673+00:00,/games,1.3
400550418,2014,5,regular,2014-09-25T23:30:00.000Z,False,True,False,True,24535,3608,Allen E. Paulson Stadium,290,Georgia Southern,fbs,Sun Belt,34,"[10, 14, 0, 10]",0.9967070168311449,1540,1563,2026,App State,fbs,Sun Belt,14,"[0, 14, 0, 0]",0.003292983168855068,1304,1281,1.4501807341,,,,CollegeFootballData.com API,2026-08-31T17:31:53.147673+00:00,/games,1.3
400548269,2014,5,regular,2014-09-26T02:00:00.000Z,False,True,False,True,60876,3947,Mountain America Stadium,9,Arizona State,fbs,Pac-12,27,"[10, 7, 10, 0]",,1744,1638,26,UCLA,fbs,Pac-12,62,"[6, 21, 21, 14]",,1715,1821,,,,,CollegeFootballData.com API,2026-08-31T17:31:53.147673+00:00,/games,1.3
400548036,2014,5,regular,2014-09-27T00:00:00.000Z,False,True,False,True,20118,3918,S.B. Ballard Stadium,295,Old Dominion,fbs,Conference USA,28,"[0, 7, 14, 7]",0.09595003999759473,1306,1281,2393,Middle Tennessee,fbs,Conference USA,41,"[0, 24, 7, 10]",0.9040499600024052,1349,1374,4.0457484645,,,,CollegeFootballData.com API,2026-08-31T17:31:53.147673+00:00,/games,1.3
400548200,2014,5,regular,2014-09-27T00:00:00.000Z,False,True,False,True,21005,3971,University Stadium (NM),167,New Mexico,fbs,Mountain West,24,"[3, 14, 7, 0]",0.012515546915017117,1203,1193,278,Fresno State,fbs,Mountain West,35,"[0, 14, 14, 7]",0.9874844530849829,1353,1363,6.0904433895,,,,CollegeFootballData.com API,2026-08-31T17:31:53.147673+00:00,/games,1.3
400547930,2014,5,regular,2014-09-27T16:00:00.000Z,False,True,False,True,36603,3907,Ross-Ade Stadium,2509,Purdue,fbs,Big Ten,10,"[7, 3, 0, 0]",0.005647568293051328,1232,1236,2294,Iowa,fbs,Big Ten,24,"[0, 10, 7, 7]",0.9943524317069486,1632,1628,4.8658763437,,,,CollegeFootballData.com API,2026-08-31T17:31:53.147673+00:00,/games,1.3
400547955,2014,5,regular,2014-09-27T16:00:00.000Z,False,True,False,False,74227,3936,Spartan Stadium,127,Michigan State,fbs,Big Ten,56,"[21, 21, 7, 7]",0.9994862144537113,1825,1877,2751,Wyoming,fbs,Mountain West,14,"[7, 7, 0, 0]",0.0005137855462886698,1273,1221,0.1472912521,,,,CollegeFootballData.com API,2026-08-31T17:31:53.147673+00:00,/games,1.3
400547978,2014,5,regular,2014-09-27T16:00:00.000Z,False,True,False,True,102910,3632,Beaver Stadium,213,Penn State,fbs,Big Ten,6,"[0, 3, 3, 0]",0.004852374735069014,1640,1563,77,Northwestern,fbs,Big Ten,29,"[14, 0, 0, 15]",0.995147625264931,1503,1580,5.8019939686,,,,CollegeFootballData.com API,2026-08-31T17:31:53.147673+00:00,/games,1.3
400547679,2014,5,regular,2014-09-27T16:00:00.000Z,False,True,False,False,48361,3754,High Point Solutions Stadium,164,Rutgers,fbs,Big Ten,31,"[14, 7, 3, 7]",0.999737163437214,1462,1506,2655,Tulane,fbs,American Athletic,6,"[0, 6, 0, 0]",0.0002628365627860285,1289,1245,1.72836594169999,,,,CollegeFootballData.com API,2026-08-31T17:31:53.147673+00:00,/games,1.3
400548381,2014,5,regular,2014-09-27T16:00:00.000Z,False,True,False,True,92746,3917,Sanford Stadium,61,Georgia,fbs,SEC,35,"[7, 14, 0, 14]",0.04925923921222274,1928,1925,2633,Tennessee,fbs,SEC,32,"[10, 7, 0, 15]",0.9507407607877773,1560,1563,6.497419864,,,,CollegeFootballData.com API,2026-08-31T17:31:53.147673+00:00,/games,1.3
400548383,2014,5,regular,2014-09-27T16:00:00.000Z,False,True,False,True,56940,3683,Kroger Field,96,Kentucky,fbs,SEC,17,"[7, 10, 0, 0]",0.9992524315916654,1370,1390,238,Vanderbilt,fbs,SEC,7,"[0, 7, 0, 0]",0.0007475684083345646,1409,1389,2.8504238984,,,,CollegeFootballData.com API,2026-08-31T17:31:53.147673+00:00,/games,1.3
400547677,2014,5,regular,2014-09-27T16:00:00.000Z,False,True,False,False,23093,3735,Gerald J. Ford Stadium,2567,SMU,fbs,American Athletic,0,"[0, 0, 0, 0]",0.0035647630120015893,1204,1088,2628,TCU,fbs,Big 12,56,"[7, 21, 21, 7]",0.9964352369879984,1627,1743,0.430882761,,,,CollegeFootballData.com API,2026-08-31T17:31:53.147673+00:00,/games,1.3
400547861,2014,5,regular,2014-09-27T16:00:00.000Z,False,True,False,False,52899,3636,Bill Snyder Family Stadium,2306,Kansas State,fbs,Big 12,58,"[10, 21, 21, 6]",0.9993035476437735,1727,1750,2638,UTEP,fbs,Conference USA,28,"[0, 0, 7, 21]",0.0006964523562265068,1214,1191,0.2886116989,,,,CollegeFootballData.com API,2026-08-31T17:31:53.147673+00:00,/games,1.3
400547678,2014,5,regular,2014-09-27T16:00:00.000Z,False,True,False,False,78111,347,Camp Randall Stadium,275,Wisconsin,fbs,Big Ten,27,"[3, 0, 17, 7]",0.931999507590151,1930,1911,58,South Florida,fbs,American Athletic,10,"[3, 0, 7, 0]",0.06800049240984896,1254,1273,1.1040800829,,,,CollegeFootballData.com API,2026-08-31T17:31:53.147673+00:00,/games,1.3
400547827,2014,5,regular,2014-09-27T16:30:00.000Z,False,True,False,False,59625,3799,Lane Stadium,259,Virginia Tech,fbs,ACC,35,"[18, 0, 14, 3]",0.9687872301147906,1578,1587,2711,Western Michigan,fbs,Mid-American,17,"[7, 3, 0, 7]",0.03121276988520938,1232,1223,0.6986430091,,,,CollegeFootballData.com API,2026-08-31T17:31:53.147673+00:00,/games,1.3
400547732,2014,5,regular,2014-09-27T16:30:00.000Z,False,True,False,False,33632,3615,"Alumni Stadium (Chestnut Hill, MA)",103,Boston College,fbs,ACC,21,"[0, 14, 7, 0]",0.23621531102078172,1471,1470,36,Colorado State,fbs,Mountain West,24,"[0, 7, 7, 10]",0.7637846889792183,1533,1534,6.23396339929999,,,,CollegeFootballData.com API,2026-08-31T17:31:53.147673+00:00,/games,1.3
400548459,2014,5,regular,2014-09-27T17:00:00.000Z,False,True,False,False,34142,3997,Yale Bowl,43,Yale,fcs,Ivy,49,"[7, 7, 22, 7, 6]",0.6809933352989808,,,349,Army,fbs,FBS Independents,43,"[7, 14, 15, 7, 0]",0.31900666470101924,,,7.1386632225,,,,CollegeFootballData.com API,2026-08-31T17:31:53.147673+00:00,/games,1.3
400547811,2014,5,regular,2014-09-27T17:30:00.000Z,False,True,False,False,40059,3752,Acrisure Stadium,221,Pittsburgh,fbs,ACC,10,"[0, 7, 3, 0]",0.13982221031802988,1542,1484,2006,Akron,fbs,Mid-American,21,"[0, 7, 7, 7]",0.8601777896819701,1200,1258,5.31630605069999,,,,CollegeFootballData.com API,2026-08-31T17:31:53.147673+00:00,/games,1.3
400547919,2014,5,regular,2014-09-27T17:30:00.000Z,False,True,False,True,44313,3830,"Memorial Stadium (Bloomington, IN)",84,Indiana,fbs,Big Ten,15,"[3, 6, 0, 6]",,1503,1459,120,Maryland,fbs,Big Ten,37,"[3, 17, 7, 10]",,1620,1664,,,,,CollegeFootballData.com API,2026-08-31T17:31:53.147673+00:00,/games,1.3
400548118,2014,5,regular,2014-09-27T18:00:00.000Z,False,True,False,False,23027,3876,Peden Stadium,195,Ohio,fbs,Mid-American,34,"[14, 10, 10, 0]",0.7203557212463686,,,2197,Eastern Illinois,fcs,OVC,19,"[3, 7, 0, 9]",0.2796442787536314,,,2.43033314089999,,,,CollegeFootballData.com API,2026-08-31T17:31:53.147673+00:00,/games,1.3
400548116,2014,5,regular,2014-09-27T19:00:00.000Z,False,True,False,True,17000,3985,Warren McGuirk Alumni Stadium,113,Massachusetts,fbs,Mid-American,42,"[7, 14, 14, 7]",0.4057695973842056,1014,1034,189,Bowling Green,fbs,Mid-American,47,"[10, 16, 7, 14]",0.5942304026157944,1465,1445,7.9800787009,,,,CollegeFootballData.com API,2026-08-31T17:31:53.147673+00:00,/games,1.3
400547764,2014,5,regular,2014-09-27T19:30:00.000Z,False,True,False,True,57583,3670,Carter-Finley Stadium,152,NC State,fbs,ACC,41,"[24, 0, 14, 3]",0.04168235072184323,1506,1521,52,Florida State,fbs,ACC,56,"[7, 14, 21, 14]",0.9583176492781568,2060,2045,5.800236558,,,,CollegeFootballData.com API,2026-08-31T17:31:53.147673+00:00,/games,1.3
400548033,2014,5,regular,2014-09-27T19:30:00.000Z,False,True,False,True,16133,3803,Legion Field,5,UAB,fbs,Conference USA,20,"[7, 6, 0, 7]",0.6945984053428083,1243,1195,2229,Florida International,fbs,Conference USA,34,"[0, 14, 10, 10]",0.30540159465719174,1086,1134,4.8831654434,,,,CollegeFootballData.com API,2026-08-31T17:31:53.147673+00:00,/games,1.3
400547833,2014,5,regular,2014-09-27T19:30:00.000Z,False,True,False,True,51463,3873,L&N Federal Credit Union Stadium,97,Louisville,fbs,ACC,20,"[0, 7, 0, 13]",0.9999754858352631,1793,1781,154,Wake Forest,fbs,ACC,10,"[3, 0, 7, 0]",2.4514164736921806e-05,1356,1368,4.66226883979999,,,,CollegeFootballData.com API,2026-08-31T17:31:53.147673+00:00,/games,1.3
400547947,2014,5,regular,2014-09-27T19:30:00.000Z,False,True,False,True,102926,3558,Michigan Stadium,130,Michigan,fbs,Big Ten,14,"[0, 7, 0, 7]",0.12017367162332539,1614,1566,135,Minnesota,fbs,Big Ten,30,"[0, 10, 17, 3]",0.8798263283766746,1520,1568,4.7917135206,,,,CollegeFootballData.com API,2026-08-31T17:31:53.147673+00:00,/games,1.3
400547823,2014,5,regular,2014-09-27T19:30:00.000Z,False,True,False,False,33526,3923,Scott Stadium,258,Virginia,fbs,ACC,45,"[7, 7, 17, 14]",0.9999815164055765,1337,1412,2309,Kent State,fbs,Mid-American,13,"[10, 0, 0, 3]",1.8483594423468475e-05,1239,1164,2.2171067085,,,,CollegeFootballData.com API,2026-08-31T17:31:53.147673+00:00,/games,1.3
400548119,2014,5,regular,2014-09-27T19:30:00.000Z,False,True,False,True,20841,3965,UB Stadium,2084,Buffalo,fbs,Mid-American,35,"[14, 0, 12, 9]",0.9962472033979374,1386,1381,193,Miami (OH),fbs,Mid-American,27,"[7, 7, 7, 6]",0.0037527966020626247,1104,1109,6.64963595639999,,,,CollegeFootballData.com API,2026-08-31T17:31:53.147673+00:00,/games,1.3
400548038,2014,5,regular,2014-09-27T19:30:00.000Z,False,True,False,False,30537,3852,Navy-Marine Corps Memorial Stadium,2426,Navy,fbs,FBS Independents,27,"[7, 7, 7, 6]",0.2031750931216974,1523,1507,98,Western Kentucky,fbs,Conference USA,36,"[3, 10, 9, 14]",0.7968249068783027,1546,1562,8.1139800249,,,,CollegeFootballData.com API,2026-08-31T17:31:53.147673+00:00,/games,1.3
400548382,2014,5,regular,2014-09-27T19:30:00.000Z,False,True,True,True,68113,3687,AT&T Stadium,245,Texas A&M,fbs,SEC,35,"[7, 7, 0, 14, 7]",0.5106665214281262,1951,1945,8,Arkansas,fbs,SEC,28,"[7, 14, 7, 0, 0]",0.4893334785718738,1610,1616,7.43131896779999,,,,CollegeFootballData.com API,2026-08-31T17:31:53.147673+00:00,/games,1.3
400548035,2014,5,regular,2014-09-27T20:00:00.000Z,False,True,False,False,87451,3785,Jordan-Hare Stadium,2,Auburn,fbs,SEC,45,"[7, 17, 0, 21]",0.9984925054194485,1853,1883,2348,Louisiana Tech,fbs,Conference USA,17,"[0, 3, 7, 7]",0.0015074945805515494,1471,1441,0.4586210643,,,,CollegeFootballData.com API,2026-08-31T17:31:53.147673+00:00,/games,1.3
400548271,2014,5,regular,2014-09-27T20:00:00.000Z,False,True,False,True,39821,3831,California Memorial Stadium,25,California,fbs,Pac-12,59,"[7, 7, 21, 14, 7, 3]",0.4490265810540852,1279,1280,38,Colorado,fbs,Pac-12,56,"[21, 7, 7, 14, 7, 0]",0.5509734189459148,1270,1269,11.1053556497999,,,,CollegeFootballData.com API,2026-08-31T17:31:53.147673+00:00,/games,1.3
400547675,2014,5,regular,2014-09-27T20:00:00.000Z,False,True,False,True,27755,3892,Pratt & Whitney Stadium,41,UConn,fbs,American Athletic,10,"[0, 3, 7, 0]",0.00941113405968211,1367,1318,218,Temple,fbs,American Athletic,36,"[7, 0, 23, 6]",0.9905888659403179,1543,1592,3.06721275219999,,,,CollegeFootballData.com API,2026-08-31T17:31:53.147673+00:00,/games,1.3
400547862,2014,5,regular,2014-09-27T20:10:00.000Z,False,True,False,True,36904,3833,Memorial Stadium,2305,Kansas,fbs,Big 12,0,"[0, 0, 0, 0]",0.016450165306568645,1232,1214,251,Texas,fbs,Big 12,23,"[6, 7, 0, 10]",0.9835498346934314,1619,1637,2.7748896523,,,,CollegeFootballData.com API,2026-08-31T17:31:53.147673+00:00,/games,1.3
400548273,2014,5,regular,2014-09-27T20:15:00.000Z,False,True,False,True,66512,3765,Husky Stadium,264,Washington,fbs,Pac-12,13,"[0, 13, 0, 0]",0.004765009587147077,1767,1762,24,Stanford,fbs,Pac-12,20,"[3, 10, 0, 7]",0.9952349904128529,1868,1873,7.95781165399999,,,,CollegeFootballData.com API,2026-08-31T17:31:53.147673+00:00,/games,1.3
400548034,2014,5,regular,2014-09-27T21:00:00.000Z,False,True,False,True,13928,3715,FAU Stadium,2226,Florida Atlantic,fbs,Conference USA,41,"[7, 13, 7, 14]",0.947321873046965,1337,1345,2636,UTSA,fbs,Conference USA,37,"[10, 14, 7, 6]",0.052678126953034976,1484,1476,6.80015537879999,,,,CollegeFootballData.com API,2026-08-31T17:31:53.147673+00:00,/games,1.3
400548416,2014,5,regular,2014-09-27T21:00:00.000Z,False,True,False,True,14887,3791,Kibbie Dome,70,Idaho,fbs,Sun Belt,10,"[0, 0, 10, 0]",,1034,1007,6,South Alabama,fbs,Sun Belt,34,"[14, 6, 7, 7]",,1362,1389,,,,,CollegeFootballData.com API,2026-08-31T17:31:53.147673+00:00,/games,1.3
400547674,2014,5,regular,2014-09-27T22:00:00.000Z,False,True,False,False,108362,3861,Ohio Stadium,194,Ohio State,fbs,Big Ten,50,"[23, 7, 13, 7]",0.9954241431162018,1925,1948,2132,Cincinnati,fbs,American Athletic,28,"[7, 14, 7, 0]",0.004575856883798246,1632,1609,2.1310027743,,,,CollegeFootballData.com API,2026-08-31T17:31:53.147673+00:00,/games,1.3
400548417,2014,5,regular,2014-09-27T23:00:00.000Z,False,True,False,True,18544,3817,Malone Stadium,2433,UL Monroe,fbs,Sun Belt,22,"[10, 3, 6, 3]",0.06007869666217625,1289,1287,2653,Troy,fbs,Sun Belt,20,"[0, 14, 0, 6]",0.9399213033378238,1066,1068,6.158028393,,,,CollegeFootballData.com API,2026-08-31T17:31:53.147673+00:00,/games,1.3
400548380,2014,5,regular,2014-09-27T23:00:00.000Z,False,True,False,True,83493,3994,Williams-Brice Stadium,2579,South Carolina,fbs,SEC,20,"[3, 7, 3, 7]",0.1461988837845001,1789,1789,142,Missouri,fbs,SEC,21,"[7, 0, 0, 14]",0.8538011162154999,1819,1819,7.8410800626,,,,CollegeFootballData.com API,2026-08-31T17:31:53.147673+00:00,/games,1.3
400548199,2014,5,regular,2014-09-27T23:00:00.000Z,False,True,False,True,30012,3713,Falcon Stadium,2005,Air Force,fbs,Mountain West,28,"[7, 10, 3, 8]",0.9860903226858123,1235,1305,68,Boise State,fbs,Mountain West,14,"[0, 0, 0, 14]",0.013909677314187685,1655,1585,4.94707243929999,,,,CollegeFootballData.com API,2026-08-31T17:31:53.147673+00:00,/games,1.3
400548117,2014,5,regular,2014-09-27T23:00:00.000Z,False,True,False,True,18087,3739,Glass Bowl,2649,Toledo,fbs,Mid-American,42,"[6, 14, 14, 8]",0.9652939886953632,1468,1479,2117,Central Michigan,fbs,Mid-American,28,"[7, 0, 14, 7]",0.0347060113046368,1266,1255,2.9355026965,,,,CollegeFootballData.com API,2026-08-31T17:31:53.147673+00:00,/games,1.3
400547743,2014,5,regular,2014-09-27T23:00:00.000Z,False,True,False,True,79155,3836,"Memorial Stadium (Clemson, SC)",228,Clemson,fbs,ACC,50,"[10, 12, 14, 14]",0.9866283197961188,1730,1755,153,North Carolina,fbs,ACC,35,"[0, 7, 14, 14]",0.013371680203881242,1659,1634,2.2959875556,,,,CollegeFootballData.com API,2026-08-31T17:31:53.147673+00:00,/games,1.3
400548037,2014,5,regular,2014-09-27T23:00:00.000Z,False,True,False,True,24756,3815,M. M. Roberts Stadium,2572,Southern Miss,fbs,Conference USA,23,"[0, 10, 6, 7]",0.011476944411667847,1059,1050,242,Rice,fbs,Conference USA,41,"[3, 17, 7, 14]",0.9885230555883322,1409,1418,3.91813202419999,,,,CollegeFootballData.com API,2026-08-31T17:31:53.147673+00:00,/games,1.3
400547754,2014,5,regular,2014-09-27T23:30:00.000Z,False,True,False,True,44559,3948,Hard Rock Stadium,2390,Miami,fbs,ACC,22,"[9, 0, 7, 6]",0.9985049074612083,1559,1592,150,Duke,fbs,ACC,10,"[0, 7, 3, 0]",0.0014950925387916536,1687,1654,4.6621281161,,,,CollegeFootballData.com API,2026-08-31T17:31:53.147673+00:00,/games,1.3
400548379,2014,5,regular,2014-09-27T23:30:00.000Z,False,True,False,False,101987,3958,Tiger Stadium (LA),99,LSU,fbs,SEC,63,"[14, 28, 14, 7]",0.9999976694815401,1847,1910,166,New Mexico State,fbs,Sun Belt,7,"[0, 7, 0, 0]",2.3305184598809703e-06,1041,978,0.1632291015,,,,CollegeFootballData.com API,2026-08-31T17:31:53.147673+00:00,/games,1.3
400547676,2014,5,regular,2014-09-27T23:30:00.000Z,False,True,False,False,61291,3974,Vaught-Hemingway Stadium,145,Ole Miss,fbs,SEC,24,"[7, 0, 0, 17]",0.9993610589800367,1839,1845,235,Memphis,fbs,American Athletic,3,"[3, 0, 0, 0]",0.0006389410199633128,1388,1382,3.11116271719999,,,,CollegeFootballData.com API,2026-08-31T17:31:53.147673+00:00,/games,1.3
400547680,2014,5,regular,2014-09-28T00:00:00.000Z,False,True,False,False,21353,3674,Chapman Stadium,202,Tulsa,fbs,American Athletic,34,"[0, 0, 3, 14, 7, 7, 3]",0.15712533244750052,1203,1203,326,Texas State,fbs,Sun Belt,37,"[0, 7, 10, 0, 7, 7, 6]",0.8428746675524995,1277,1277,8.4276368033,,,,CollegeFootballData.com API,2026-08-31T17:31:53.147673+00:00,/games,1.3
400548272,2014,5,regular,2014-09-28T00:00:00.000Z,False,True,False,True,45859,587,Rice-Eccles Stadium,254,Utah,fbs,Pac-12,27,"[21, 3, 0, 3]",0.07397100891452937,1634,1623,265,Washington State,fbs,Pac-12,28,"[0, 7, 7, 14]",0.9260289910854707,1443,1454,4.7290337859,,,,CollegeFootballData.com API,2026-08-31T17:31:53.147673+00:00,/games,1.3
400548202,2014,5,regular,2014-09-28T00:00:00.000Z,False,True,False,True,28005,3932,Qualcomm Stadium,21,San Diego State,fbs,Mountain West,34,"[7, 21, 0, 6]",0.9923363301333641,1449,1465,2439,UNLV,fbs,Mountain West,17,"[10, 0, 0, 7]",0.007663669866635914,1218,1202,1.847021039,,,,CollegeFootballData.com API,2026-08-31T17:31:53.147673+00:00,/games,1.3
400547818,2014,5,regular,2014-09-28T00:00:00.000Z,False,True,True,False,76802,3839,MetLife Stadium,183,Syracuse,fbs,ACC,15,"[0, 3, 0, 12]",0.05492584669978228,1526,1522,87,Notre Dame,fbs,FBS Independents,31,"[0, 14, 7, 10]",0.9450741533002177,1818,1822,2.5897989138,,,,CollegeFootballData.com API,2026-08-31T17:31:53.147673+00:00,/games,1.3
400547860,2014,5,regular,2014-09-28T00:20:00.000Z,False,True,False,True,51776,3772,Jack Trice Stadium,66,Iowa State,fbs,Big 12,28,"[7, 0, 14, 7]",0.021438632244166627,1459,1460,239,Baylor,fbs,Big 12,49,"[14, 21, 14, 0]",0.9785613677558334,1999,1998,1.0446433075,,,,CollegeFootballData.com API,2026-08-31T17:31:53.147673+00:00,/games,1.3
400547908,2014,5,regular,2014-09-28T01:00:00.000Z,False,True,False,True,91255,3834,"Memorial Stadium (Lincoln, NE)",158,Nebraska,fbs,Big Ten,45,"[7, 24, 7, 7]",0.9999910371490316,1788,1826,356,Illinois,fbs,Big Ten,14,"[7, 7, 0, 0]",8.962850968408098e-06,1394,1356,1.15260678979999,,,,CollegeFootballData.com API,2026-08-31T17:31:53.147673+00:00,/games,1.3
400548201,2014,5,regular,2014-09-28T02:30:00.000Z,False,True,False,True,14693,3935,CEFCU Stadium,23,San José State,fbs,Mountain West,10,"[0, 3, 7, 0]",0.6174772049233213,1326,1313,2440,Nevada,fbs,Mountain West,21,"[0, 7, 0, 14]",0.38252279507667875,1448,1461,5.7662290919,,,,CollegeFootballData.com API,2026-08-31T17:31:53.147673+00:00,/games,1.3
400548270,2014,5,regular,2014-09-28T02:30:00.000Z,False,True,False,True,74521,477,Los Angeles Memorial Coliseum,30,USC,fbs,Pac-12,35,"[7, 14, 0, 14]",0.9999494005856684,1768,1815,204,Oregon State,fbs,Pac-12,10,"[7, 3, 0, 0]",5.059941433160908e-05,1628,1581,3.0349706386,,,,CollegeFootballData.com API,2026-08-31T17:31:53.147673+00:00,/games,1.3
400548039,2014,6,regular,2014-10-02T23:00:00.000Z,False,True,False,True,12544,218,FIU Stadium,2229,Florida International,fbs,Conference USA,38,"[7, 7, 10, 14]",0.9947117946579126,1134,1235,2226,Florida Atlantic,fbs,Conference USA,10,"[3, 7, 0, 0]",0.005288205342087404,1345,1244,5.0992866691,,,,CollegeFootballData.com API,2026-08-31T17:31:53.147673+00:00,/games,1.3
400547682,2014,6,regular,2014-10-02T23:00:00.000Z,False,True,False,True,26685,4728,TDECU Stadium,248,Houston,fbs,American Athletic,12,"[3, 3, 0, 6]",0.7155943262753243,1602,1597,2116,UCF,fbs,American Athletic,17,"[0, 7, 10, 0]",0.28440567372467573,1652,1657,6.5631937983,,,,CollegeFootballData.com API,2026-08-31T17:31:53.147673+00:00,/games,1.3
400548274,2014,6,regular,2014-10-03T02:30:00.000Z,False,True,False,True,56032,3626,Autzen Stadium,2483,Oregon,fbs,Pac-12,24,"[0, 7, 7, 10]",0.10521901537623776,1880,1851,12,Arizona,fbs,Pac-12,31,"[3, 0, 21, 7]",0.8947809846237622,1685,1714,6.7367760386,,,,CollegeFootballData.com API,2026-08-31T17:31:53.147673+00:00,/games,1.3
400547783,2014,6,regular,2014-10-03T23:00:00.000Z,False,True,False,True,37569,1964,JMA Wireless Dome,183,Syracuse,fbs,ACC,6,"[3, 0, 3, 0]",0.00971438828742943,1522,1494,97,Louisville,fbs,ACC,28,"[7, 5, 7, 9]",0.9902856117125706,1781,1809,4.5172627805,,,,CollegeFootballData.com API,2026-08-31T17:31:53.147673+00:00,/games,1.3
400548207,2014,6,regular,2014-10-04T02:00:00.000Z,False,True,False,True,33928,3660,Valley Children's Stadium,278,Fresno State,fbs,Mountain West,24,"[10, 0, 7, 7]",0.9550262285291262,1363,1391,21,San Diego State,fbs,Mountain West,13,"[0, 3, 3, 7]",0.04497377147087378,1465,1437,6.8652390097,,,,CollegeFootballData.com API,2026-08-31T17:31:53.147673+00:00,/games,1.3
400548204,2014,6,regular,2014-10-04T02:15:00.000Z,False,True,False,False,0,3801,LaVell Edwards Stadium,252,BYU,fbs,FBS Independents,20,"[7, 7, 3, 3]",0.019898690430343126,1779,1720,328,Utah State,fbs,Mountain West,35,"[7, 21, 7, 0]",0.9801013095696569,1554,1613,3.6297318042,,,,CollegeFootballData.com API,2026-08-31T17:31:53.147673+00:00,/games,1.3
400548041,2014,6,regular,2014-10-04T16:00:00.000Z,False,True,False,True,20118,3918,S.B. Ballard Stadium,295,Old Dominion,fbs,Conference USA,14,"[7, 0, 0, 7]",0.003703028325304566,1281,1210,276,Marshall,fbs,Conference USA,56,"[28, 14, 14, 0]",0.9962969716746954,1692,1763,0.7096314406,,,,CollegeFootballData.com API,2026-08-31T17:31:53.147673+00:00,/games,1.3
400548376,2014,6,regular,2014-10-04T16:00:00.000Z,False,True,False,True,102455,3853,Neyland Stadium,2633,Tennessee,fbs,SEC,9,"[0, 3, 6, 0]",0.4721017892511514,1563,1568,57,Florida,fbs,SEC,10,"[0, 0, 0, 10]",0.5278982107488486,1688,1683,8.8498462294,,,,CollegeFootballData.com API,2026-08-31T17:31:53.147673+00:00,/games,1.3
400548377,2014,6,regular,2014-10-04T16:00:00.000Z,False,True,False,True,61133,3693,Davis Wade Stadium,344,Mississippi State,fbs,SEC,48,"[14, 14, 13, 7]",0.9966444835332663,1807,1858,245,Texas A&M,fbs,SEC,31,"[7, 3, 7, 14]",0.00335551646673371,1945,1894,3.2021771092,,,,CollegeFootballData.com API,2026-08-31T17:31:53.147673+00:00,/games,1.3
400547684,2014,6,regular,2014-10-04T16:00:00.000Z,False,True,False,True,45029,3699,Dowdy-Ficklen Stadium,151,East Carolina,fbs,American Athletic,45,"[14, 14, 7, 10]",0.9996641707473826,1701,1694,2567,SMU,fbs,American Athletic,24,"[0, 7, 17, 0]",0.0003358292526174367,1088,1095,0.431057053199999,,,,CollegeFootballData.com API,2026-08-31T17:31:53.147673+00:00,/games,1.3
400547937,2014,6,regular,2014-10-04T16:00:00.000Z,False,True,False,True,51802,3665,SECU Stadium,120,Maryland,fbs,Big Ten,24,"[3, 7, 7, 7]",0.004125205256851155,1664,1621,194,Ohio State,fbs,Big Ten,52,"[14, 17, 7, 14]",0.9958747947431489,1948,1991,1.79730108859999,,,,CollegeFootballData.com API,2026-08-31T17:31:53.147673+00:00,/games,1.3
400547863,2014,6,regular,2014-10-04T16:00:00.000Z,False,True,False,True,52608,3646,Boone Pickens Stadium,197,Oklahoma State,fbs,Big 12,37,"[0, 13, 17, 7]",0.9951278841039538,1879,1879,66,Iowa State,fbs,Big 12,20,"[0, 6, 7, 7]",0.004872115896046192,1460,1460,3.05090782709999,,,,CollegeFootballData.com API,2026-08-31T17:31:53.147673+00:00,/games,1.3
400548120,2014,6,regular,2014-10-04T16:00:00.000Z,False,True,False,False,31384,3841,Michie Stadium,349,Army,fbs,FBS Independents,33,"[14, 6, 7, 6]",0.9936718547518109,1272,1305,2050,Ball State,fbs,Mid-American,24,"[7, 3, 0, 14]",0.006328145248189143,1522,1489,4.3427122015,,,,CollegeFootballData.com API,2026-08-31T17:31:53.147673+00:00,/games,1.3
400547909,2014,6,regular,2014-10-04T16:00:00.000Z,False,True,False,True,45046,3832,"Memorial Stadium (Champaign, IL)",356,Illinois,fbs,Big Ten,27,"[14, 0, 13, 0]",0.6070049440267119,1356,1321,2509,Purdue,fbs,Big Ten,38,"[7, 10, 14, 7]",0.3929950559732881,1236,1271,6.1463202462,,,,CollegeFootballData.com API,2026-08-31T17:31:53.147673+00:00,/games,1.3
400548042,2014,6,regular,2014-10-04T16:00:00.000Z,False,True,False,True,14022,3725,"Johnny ""Red"" Floyd Stadium",2393,Middle Tennessee,fbs,Conference USA,37,"[10, 14, 0, 13]",0.49147233764596826,1374,1366,2572,Southern Miss,fbs,Conference USA,31,"[3, 9, 0, 19]",0.5085276623540318,1050,1058,2.2872052449,,,,CollegeFootballData.com API,2026-08-31T17:31:53.147673+00:00,/games,1.3
400547797,2014,6,regular,2014-10-04T16:30:00.000Z,False,True,False,True,60000,3787,Kenan Stadium,153,North Carolina,fbs,ACC,17,"[3, 0, 0, 14]",0.00866828615387364,1634,1588,259,Virginia Tech,fbs,ACC,34,"[14, 10, 0, 10]",0.9913317138461264,1587,1633,3.44039538439999,,,,CollegeFootballData.com API,2026-08-31T17:31:53.147673+00:00,/games,1.3
400548122,2014,6,regular,2014-10-04T18:00:00.000Z,False,True,False,True,8416,3768,InfoCision Stadium,2006,Akron,fbs,Mid-American,31,"[7, 3, 14, 7]",0.9999349134341321,1258,1279,2199,Eastern Michigan,fbs,Mid-American,6,"[6, 0, 0, 0]",6.508656586790007e-05,858,837,2.6699021058,,,,CollegeFootballData.com API,2026-08-31T17:31:53.147673+00:00,/games,1.3
400547920,2014,6,regular,2014-10-04T18:30:00.000Z,False,True,False,False,40457,3830,"Memorial Stadium (Bloomington, IN)",84,Indiana,fbs,Big Ten,49,"[21, 0, 21, 7]",0.999456335658896,1459,1530,249,North Texas,fbs,Conference USA,24,"[0, 7, 3, 14]",0.0005436643411039777,1529,1458,1.09302280609999,,,,CollegeFootballData.com API,2026-08-31T17:31:53.147673+00:00,/games,1.3
400548126,2014,6,regular,2014-10-04T18:30:00.000Z,False,True,False,True,15970,3996,Yager Stadium,193,Miami (OH),fbs,Mid-American,42,"[0, 21, 7, 14]",0.48095672724481375,1109,1108,113,Massachusetts,fbs,Mid-American,41,"[14, 27, 0, 0]",0.5190432727551862,1034,1035,6.9972271579,,,,CollegeFootballData.com API,2026-08-31T17:31:53.147673+00:00,/games,1.3
400547685,2014,6,regular,2014-10-04T19:00:00.000Z,False,True,False,False,25806,3761,Sonny Lubick Field at Hughes Stadium,36,Colorado State,fbs,Mountain West,42,"[14, 14, 7, 7]",0.9998585791554396,1534,1561,202,Tulsa,fbs,American Athletic,17,"[0, 7, 3, 7]",0.0001414208445603693,1203,1176,0.8872644298,,,,CollegeFootballData.com API,2026-08-31T17:31:53.147673+00:00,/games,1.3
400547865,2014,6,regular,2014-10-04T19:30:00.000Z,False,True,False,True,93727,3910,DKR-Texas Memorial Stadium,251,Texas,fbs,Big 12,7,"[0, 0, 0, 7]",0.012380266987381981,1637,1622,239,Baylor,fbs,Big 12,28,"[7, 0, 7, 14]",0.9876197330126181,1998,2013,3.0610862253,,,,CollegeFootballData.com API,2026-08-31T17:31:53.147673+00:00,/games,1.3
400548044,2014,6,regular,2014-10-04T19:30:00.000Z,False,True,False,False,30419,3604,Alamodome,2636,UTSA,fbs,Conference USA,9,"[0, 3, 6, 0]",0.05948341967709626,1476,1421,167,New Mexico,fbs,Mountain West,21,"[0, 0, 14, 7]",0.9405165803229038,1193,1248,5.43645088339999,,,,CollegeFootballData.com API,2026-08-31T17:31:53.147673+00:00,/games,1.3
400548121,2014,6,regular,2014-10-04T19:30:00.000Z,False,True,False,True,17185,3700,Doyt L. Perry Stadium,189,Bowling Green,fbs,Mid-American,36,"[7, 13, 10, 6]",0.9699739895398826,1445,1444,2084,Buffalo,fbs,Mid-American,35,"[7, 21, 0, 7]",0.030026010460117436,1381,1382,8.3040782805,,,,CollegeFootballData.com API,2026-08-31T17:31:53.147673+00:00,/games,1.3
400548124,2014,6,regular,2014-10-04T19:30:00.000Z,False,True,False,True,18223,3786,Kelly/Shorts Stadium,2117,Central Michigan,fbs,Mid-American,28,"[14, 0, 7, 7]",0.9993607195475785,1255,1295,195,Ohio,fbs,Mid-American,10,"[0, 3, 0, 7]",0.0006392804524214535,1256,1216,1.9673978274,,,,CollegeFootballData.com API,2026-08-31T17:31:53.147673+00:00,/games,1.3
400547744,2014,6,regular,2014-10-04T19:30:00.000Z,False,True,False,True,78459,3836,"Memorial Stadium (Clemson, SC)",228,Clemson,fbs,ACC,41,"[21, 10, 10, 0]",0.9999924707861914,1755,1843,152,NC State,fbs,ACC,0,"[0, 0, 0, 0]",7.529213808643576e-06,1521,1433,0.589862920999999,,,,CollegeFootballData.com API,2026-08-31T17:31:53.147673+00:00,/games,1.3
400547867,2014,6,regular,2014-10-04T19:30:00.000Z,False,True,False,True,47394,3616,Amon G. Carter Stadium,2628,TCU,fbs,Big 12,37,"[14, 10, 7, 6]",0.6418042115445102,1743,1751,201,Oklahoma,fbs,Big 12,33,"[14, 10, 7, 2]",0.3581957884554898,1910,1902,9.3619929851,,,,CollegeFootballData.com API,2026-08-31T17:31:53.147673+00:00,/games,1.3
400547765,2014,6,regular,2014-10-04T19:30:00.000Z,False,True,False,True,82327,3697,Doak Campbell Stadium,52,Florida State,fbs,ACC,43,"[0, 13, 17, 13]",0.9999840729551525,2045,2077,154,Wake Forest,fbs,ACC,3,"[3, 0, 0, 0]",1.592704484754126e-05,1368,1336,0.653658081899999,,,,CollegeFootballData.com API,2026-08-31T17:31:53.147673+00:00,/games,1.3
400548374,2014,6,regular,2014-10-04T19:30:00.000Z,False,True,False,True,61826,3974,Vaught-Hemingway Stadium,145,Ole Miss,fbs,SEC,23,"[3, 0, 7, 13]",0.6422320549246332,1845,1859,333,Alabama,fbs,SEC,17,"[0, 14, 3, 0]",0.3577679450753668,1980,1966,6.441224605,,,,CollegeFootballData.com API,2026-08-31T17:31:53.147673+00:00,/games,1.3
400548279,2014,6,regular,2014-10-04T19:30:00.000Z,False,True,False,False,80795,3855,Notre Dame Stadium,87,Notre Dame,fbs,FBS Independents,17,"[0, 7, 0, 10]",0.9751936641400206,1822,1824,24,Stanford,fbs,Pac-12,14,"[7, 0, 0, 7]",0.024806335859979378,1873,1871,9.7619549937,,,,CollegeFootballData.com API,2026-08-31T17:31:53.147673+00:00,/games,1.3
400547979,2014,6,regular,2014-10-04T19:30:00.000Z,False,True,False,True,42013,3911,Ryan Field,77,Northwestern,fbs,Big Ten,20,"[3, 7, 7, 3]",0.817515125840777,1580,1605,275,Wisconsin,fbs,Big Ten,14,"[0, 0, 7, 7]",0.182484874159223,1911,1886,5.4761975114,,,,CollegeFootballData.com API,2026-08-31T17:31:53.147673+00:00,/games,1.3
400548205,2014,6,regular,2014-10-04T19:30:00.000Z,False,True,False,False,37731,3713,Falcon Stadium,2005,Air Force,fbs,Mountain West,30,"[14, 0, 7, 9]",0.9220737801654988,1305,1334,2426,Navy,fbs,FBS Independents,21,"[7, 7, 0, 7]",0.07792621983450121,1507,1478,5.6351807265,,,,CollegeFootballData.com API,2026-08-31T17:31:53.147673+00:00,/games,1.3
400548277,2014,6,regular,2014-10-04T20:00:00.000Z,False,True,False,True,36415,3726,Folsom Field,38,Colorado,fbs,Pac-12,31,"[7, 14, 0, 10]",0.14606936106817514,1269,1281,204,Oregon State,fbs,Pac-12,36,"[17, 3, 3, 13]",0.8539306389318249,1581,1569,5.8047541893,,,,CollegeFootballData.com API,2026-08-31T17:31:53.147673+00:00,/games,1.3
400548378,2014,6,regular,2014-10-04T20:00:00.000Z,False,True,False,True,92746,3917,Sanford Stadium,61,Georgia,fbs,SEC,44,"[21, 6, 7, 10]",0.9999765108424086,1925,1938,238,Vanderbilt,fbs,SEC,17,"[0, 7, 3, 7]",2.3489157591427556e-05,1389,1376,0.2647542215,,,,CollegeFootballData.com API,2026-08-31T17:31:53.147673+00:00,/games,1.3
400547866,2014,6,regular,2014-10-04T20:00:00.000Z,False,True,False,True,52164,3842,Milan Puskar Stadium,277,West Virginia,fbs,Big 12,33,"[16, 10, 7, 0]",0.9982517284291468,1487,1504,2305,Kansas,fbs,Big 12,14,"[0, 0, 7, 7]",0.0017482715708532215,1214,1197,0.5722991827,,,,CollegeFootballData.com API,2026-08-31T17:31:53.147673+00:00,/games,1.3
400548123,2014,6,regular,2014-10-04T21:00:00.000Z,False,True,False,True,15620,3764,Huskie Stadium,2459,Northern Illinois,fbs,Mid-American,17,"[0, 7, 10, 0]",0.8174335447546753,1522,1519,2309,Kent State,fbs,Mid-American,14,"[0, 3, 3, 8]",0.18256645524532467,1164,1167,2.80107079429999,,,,CollegeFootballData.com API,2026-08-31T17:31:53.147673+00:00,/games,1.3
400548418,2014,6,regular,2014-10-04T22:00:00.000Z,False,True,False,True,24215,3792,Kidd Brewer Stadium,2026,App State,fbs,Sun Belt,21,"[0, 7, 0, 14]",0.005654862068742791,1281,1224,6,South Alabama,fbs,Sun Belt,47,"[10, 10, 20, 7]",0.9943451379312572,1389,1446,2.3552704615,,,,CollegeFootballData.com API,2026-08-31T17:31:53.147673+00:00,/games,1.3
400548043,2014,6,regular,2014-10-04T23:00:00.000Z,False,True,False,True,14923,3796,Houchens Industries-L.T. Smith Stadium,98,Western Kentucky,fbs,Conference USA,39,"[20, 7, 12, 0]",0.9330422957797294,1562,1533,5,UAB,fbs,Conference USA,42,"[14, 0, 21, 7]",0.06695770422027059,1195,1224,6.06925818999999,,,,CollegeFootballData.com API,2026-08-31T17:31:53.147673+00:00,/games,1.3
400548040,2014,6,regular,2014-10-04T23:00:00.000Z,False,True,False,True,18157,3776,Joe Aillet Stadium,2348,Louisiana Tech,fbs,Conference USA,55,"[7, 21, 20, 7]",0.9999887025108055,1441,1565,2638,UTEP,fbs,Conference USA,3,"[0, 3, 0, 0]",1.1297489194483923e-05,1191,1067,0.962621757,,,,CollegeFootballData.com API,2026-08-31T17:31:53.147673+00:00,/games,1.3
400548208,2014,6,regular,2014-10-04T23:00:00.000Z,False,True,False,False,17465,3895,Rice Stadium,242,Rice,fbs,Conference USA,28,"[0, 7, 7, 14]",0.9957180454954765,1418,1437,62,Hawai'i,fbs,Mountain West,14,"[7, 0, 7, 0]",0.004281954504523511,1308,1289,7.59791023619999,,,,CollegeFootballData.com API,2026-08-31T17:31:53.147673+00:00,/games,1.3
400548422,2014,6,regular,2014-10-04T23:00:00.000Z,False,True,False,True,21345,3644,Bobcat Stadium (TX),326,Texas State,fbs,Sun Belt,35,"[7, 14, 0, 14]",0.5085523062319866,1277,1272,70,Idaho,fbs,Sun Belt,30,"[3, 0, 13, 14]",0.49144769376801345,1007,1012,3.46931064539999,,,,CollegeFootballData.com API,2026-08-31T17:31:53.147673+00:00,/games,1.3
400548125,2014,6,regular,2014-10-04T23:00:00.000Z,False,True,False,True,11493,3980,Waldo Stadium,2711,Western Michigan,fbs,Mid-American,19,"[0, 7, 3, 3, 6]",,1223,1233,2649,Toledo,fbs,Mid-American,20,"[0, 0, 3, 10, 7]",,1479,1469,,,,,CollegeFootballData.com API,2026-08-31T17:31:53.147673+00:00,/games,1.3
400548419,2014,6,regular,2014-10-04T23:00:00.000Z,False,True,False,True,29317,3625,Centennial Bank Stadium,2032,Arkansas State,fbs,Sun Belt,28,"[0, 0, 14, 14]",0.9987832663302232,1431,1447,2433,UL Monroe,fbs,Sun Belt,14,"[0, 0, 0, 14]",0.001216733669776815,1287,1271,5.6375653479,,,,CollegeFootballData.com API,2026-08-31T17:31:53.147673+00:00,/games,1.3
400547864,2014,6,regular,2014-10-04T23:00:00.000Z,False,True,False,True,52726,3636,Bill Snyder Family Stadium,2306,Kansas State,fbs,Big 12,45,"[7, 17, 7, 14]",0.9994864750850273,1750,1807,2641,Texas Tech,fbs,Big 12,13,"[0, 7, 0, 6]",0.0005135249149726961,1500,1443,1.8130101582,,,,CollegeFootballData.com API,2026-08-31T17:31:53.147673+00:00,/games,1.3
400547683,2014,6,regular,2014-10-04T23:00:00.000Z,False,True,False,True,25456,3874,Paul Brown Stadium,2132,Cincinnati,fbs,American Athletic,14,"[7, 0, 7, 0]",0.0060945638765536984,1609,1504,235,Memphis,fbs,American Athletic,41,"[24, 3, 14, 0]",0.9939054361234463,1382,1487,3.7118241998,,,,CollegeFootballData.com API,2026-08-31T17:31:53.147673+00:00,/games,1.3
400548373,2014,6,regular,2014-10-04T23:00:00.000Z,False,True,False,True,87451,3785,Jordan-Hare Stadium,2,Auburn,fbs,SEC,41,"[17, 14, 3, 7]",0.9997928296517894,1883,1981,99,LSU,fbs,SEC,7,"[7, 0, 0, 0]",0.00020717034821060576,1910,1812,1.4540835635,,,,CollegeFootballData.com API,2026-08-31T17:31:53.147673+00:00,/games,1.3
400547997,2014,6,regular,2014-10-04T23:00:00.000Z,False,True,False,True,53327,3754,High Point Solutions Stadium,164,Rutgers,fbs,Big Ten,26,"[6, 13, 0, 7]",0.4408591352464865,1506,1507,130,Michigan,fbs,Big Ten,24,"[3, 14, 0, 7]",0.5591408647535134,1566,1565,8.04130262189999,,,,CollegeFootballData.com API,2026-08-31T17:31:53.147673+00:00,/games,1.3
400548420,2014,6,regular,2014-10-04T23:00:00.000Z,False,True,False,True,24616,3666,Cajun Field,309,Louisiana,fbs,Sun Belt,34,"[7, 7, 7, 13]",0.8112227821759035,1258,1258,2247,Georgia State,fbs,Sun Belt,31,"[7, 10, 7, 7]",0.1887772178240965,1175,1175,7.3560260224,,,,CollegeFootballData.com API,2026-08-31T17:31:53.147673+00:00,/games,1.3
400548275,2014,6,regular,2014-10-04T23:30:00.000Z,False,True,False,True,70115,477,Los Angeles Memorial Coliseum,30,USC,fbs,Pac-12,34,"[7, 10, 3, 14]",0.1720715830918426,1815,1796,9,Arizona State,fbs,Pac-12,38,"[0, 15, 3, 20]",0.8279284169081574,1638,1657,6.5134518365,,,,CollegeFootballData.com API,2026-08-31T17:31:53.147673+00:00,/games,1.3
400547790,2014,6,regular,2014-10-04T23:30:00.000Z,False,True,False,True,52221,721,Bobby Dodd Stadium,59,Georgia Tech,fbs,ACC,28,"[7, 7, 7, 7]",0.8149507387767213,1645,1661,2390,Miami,fbs,ACC,17,"[14, 0, 3, 0]",0.1850492612232787,1592,1576,4.4406003499,,,,CollegeFootballData.com API,2026-08-31T17:31:53.147673+00:00,/games,1.3
400548375,2014,6,regular,2014-10-04T23:30:00.000Z,False,True,False,True,62135,3683,Kroger Field,96,Kentucky,fbs,SEC,45,"[0, 17, 7, 21]",0.1643752233259098,1390,1425,2579,South Carolina,fbs,SEC,38,"[7, 10, 14, 7]",0.8356247766740902,1789,1754,6.8806596626,,,,CollegeFootballData.com API,2026-08-31T17:31:53.147673+00:00,/games,1.3
400547812,2014,6,regular,2014-10-04T23:30:00.000Z,False,True,False,True,43307,3923,Scott Stadium,258,Virginia,fbs,ACC,24,"[3, 21, 0, 0]",0.5961370718284185,1412,1420,221,Pittsburgh,fbs,ACC,19,"[3, 0, 10, 6]",0.40386292817158154,1484,1476,3.42461873609999,,,,CollegeFootballData.com API,2026-08-31T17:31:53.147673+00:00,/games,1.3
400547956,2014,6,regular,2014-10-05T00:00:00.000Z,False,True,False,True,75923,3936,Spartan Stadium,127,Michigan State,fbs,Big Ten,27,"[7, 10, 10, 0]",0.9454788116701905,1877,1880,158,Nebraska,fbs,Big Ten,22,"[0, 0, 3, 19]",0.054521188329809456,1826,1823,2.88541559739999,,,,CollegeFootballData.com API,2026-08-31T17:31:53.147673+00:00,/games,1.3
400548209,2014,6,regular,2014-10-05T00:00:00.000Z,False,True,False,True,14427,3935,CEFCU Stadium,23,San José State,fbs,Mountain West,33,"[0, 16, 10, 7]",0.9969477928666564,1313,1357,2439,UNLV,fbs,Mountain West,10,"[7, 0, 0, 3]",0.003052207133343643,1202,1158,2.7888033343,,,,CollegeFootballData.com API,2026-08-31T17:31:53.147673+00:00,/games,1.3
400548421,2014,6,regular,2014-10-05T00:00:00.000Z,False,True,False,True,10256,3601,Aggie Memorial Stadium,166,New Mexico State,fbs,Sun Belt,28,"[14, 0, 0, 14]",0.17219657323514267,978,1004,290,Georgia Southern,fbs,Sun Belt,36,"[0, 12, 17, 7]",0.8278034267648573,1563,1537,3.76537596589999,,,,CollegeFootballData.com API,2026-08-31T17:31:53.147673+00:00,/games,1.3
400548278,2014,6,regular,2014-10-05T02:30:00.000Z,False,True,False,True,30020,3820,Gesa Field,265,Washington State,fbs,Pac-12,59,"[10, 14, 28, 7]",0.6495895945256498,1454,1444,25,California,fbs,Pac-12,60,"[0, 13, 28, 19]",0.3504104054743502,1280,1290,7.8713755169,,,,CollegeFootballData.com API,2026-08-31T17:31:53.147673+00:00,/games,1.3
400548276,2014,6,regular,2014-10-05T02:30:00.000Z,False,True,False,True,74329,1056,Rose Bowl,26,UCLA,fbs,Pac-12,28,"[0, 7, 7, 14]",0.8121829130824592,1821,1807,254,Utah,fbs,Pac-12,30,"[7, 10, 7, 6]",0.18781708691754084,1623,1637,9.5627371066,,,,CollegeFootballData.com API,2026-08-31T17:31:53.147673+00:00,/games,1.3
400548206,2014,6,regular,2014-10-05T02:30:00.000Z,False,True,False,True,32327,3816,Mackay Stadium,2440,Nevada,fbs,Mountain West,46,"[7, 14, 8, 17]",0.028069500788385417,1461,1461,68,Boise State,fbs,Mountain West,51,"[13, 17, 14, 7]",0.9719304992116146,1585,1585,6.7735402578,,,,CollegeFootballData.com API,2026-08-31T17:31:53.147673+00:00,/games,1.3
400547686,2014,7,regular,2014-10-09T23:30:00.000Z,False,True,False,False,41547,3652,FBC Mortgage Stadium,2116,UCF,fbs,American Athletic,31,"[10, 0, 7, 7, 7]",0.8544152126722672,1657,1670,252,BYU,fbs,FBS Independents,24,"[0, 3, 21, 0, 0]",0.14558478732773283,1720,1707,9.9619285904,,,,CollegeFootballData.com API,2026-08-31T17:31:53.147673+00:00,/games,1.3
400548280,2014,7,regular,2014-10-11T01:00:00.000Z,False,True,False,True,44135,3940,Stanford Stadium,24,Stanford,fbs,Pac-12,34,"[10, 7, 7, 10]",0.9983579485747686,1871,1871,265,Washington State,fbs,Pac-12,17,"[7, 0, 3, 7]",0.0016420514252314389,1444,1444,2.36850710939999,,,,CollegeFootballData.com API,2026-08-31T17:31:53.147673+00:00,/games,1.3
400548214,2014,7,regular,2014-10-11T01:30:00.000Z,False,True,False,True,19497,3971,University Stadium (NM),167,New Mexico,fbs,Mountain West,14,"[0, 7, 7, 0]",0.026474636273375235,1248,1243,21,San Diego State,fbs,Mountain West,24,"[3, 7, 14, 0]",0.9735253637266248,1437,1442,4.5981242058,,,,CollegeFootballData.com API,2026-08-31T17:31:53.147673+00:00,/games,1.3
400548212,2014,7,regular,2014-10-11T02:00:00.000Z,False,True,False,True,15398,3914,Sam Boyd Stadium,2439,UNLV,fbs,Mountain West,30,"[3, 14, 7, 3, 3]",0.32790284383490254,1158,1162,278,Fresno State,fbs,Mountain West,27,"[0, 0, 14, 13, 0]",0.6720971561650975,1391,1387,10.8053577844,,,,CollegeFootballData.com API,2026-08-31T17:31:53.147673+00:00,/games,1.3
400547687,2014,7,regular,2014-10-11T16:00:00.000Z,False,True,False,False,43953,3948,Hard Rock Stadium,2390,Miami,fbs,ACC,55,"[14, 10, 17, 14]",0.9999589256452328,1576,1618,2132,Cincinnati,fbs,American Athletic,34,"[7, 3, 3, 21]",4.10743547671899e-05,1504,1462,1.8871091591,,,,CollegeFootballData.com API,2026-08-31T17:31:53.147673+00:00,/games,1.3
400548049,2014,7,regular,2014-10-11T16:00:00.000Z,False,True,False,False,37011,3841,Michie Stadium,349,Army,fbs,FBS Independents,21,"[7, 7, 7, 0]",0.026085403641522866,1305,1269,242,Rice,fbs,Conference USA,41,"[7, 17, 14, 3]",0.9739145963584771,1437,1473,3.3153241585,,,,CollegeFootballData.com API,2026-08-31T17:31:53.147673+00:00,/games,1.3
400547921,2014,7,regular,2014-10-11T16:00:00.000Z,False,True,False,True,68590,3793,Kinnick Stadium,2294,Iowa,fbs,Big Ten,45,"[28, 10, 0, 7]",0.9921573682731996,1628,1653,84,Indiana,fbs,Big Ten,29,"[7, 14, 0, 8]",0.007842631726800442,1530,1505,3.2874750773,,,,CollegeFootballData.com API,2026-08-31T17:31:53.147673+00:00,/games,1.3
400548367,2014,7,regular,2014-10-11T16:00:00.000Z,False,True,False,False,56676,3683,Kroger Field,96,Kentucky,fbs,SEC,48,"[3, 21, 21, 3]",0.9998906359397385,1425,1500,2433,UL Monroe,fbs,Sun Belt,14,"[14, 0, 0, 0]",0.00010936406026151868,1271,1196,2.6116676593,,,,CollegeFootballData.com API,2026-08-31T17:31:53.147673+00:00,/games,1.3
400547910,2014,7,regular,2014-10-11T16:00:00.000Z,False,True,False,True,80341,347,Camp Randall Stadium,275,Wisconsin,fbs,Big Ten,38,"[7, 17, 7, 7]",0.9994020382530187,1886,1867,356,Illinois,fbs,Big Ten,28,"[14, 0, 0, 14]",0.0005979617469813459,1321,1340,1.6642100853,,,,CollegeFootballData.com API,2026-08-31T17:31:53.147673+00:00,/games,1.3
400547870,2014,7,regular,2014-10-11T16:00:00.000Z,False,True,True,True,92100,499,Cotton Bowl,201,Oklahoma,fbs,Big 12,31,"[7, 10, 7, 7]",0.052887707564201504,1902,1897,251,Texas,fbs,Big 12,26,"[3, 10, 0, 13]",0.9471122924357985,1622,1627,3.7346596267,,,,CollegeFootballData.com API,2026-08-31T17:31:53.147673+00:00,/games,1.3
400547766,2014,7,regular,2014-10-11T16:00:00.000Z,False,True,False,True,43295,1964,JMA Wireless Dome,183,Syracuse,fbs,ACC,20,"[0, 6, 7, 7]",0.00956064510197314,1494,1505,52,Florida State,fbs,ACC,38,"[10, 14, 7, 7]",0.9904393548980268,2077,2066,1.2136363499,,,,CollegeFootballData.com API,2026-08-31T17:31:53.147673+00:00,/games,1.3
400547963,2014,7,regular,2014-10-11T16:00:00.000Z,False,True,False,True,49051,3953,Huntington Bank Stadium,135,Minnesota,fbs,Big Ten,24,"[7, 7, 0, 10]",0.6256427100972967,1568,1580,77,Northwestern,fbs,Big Ten,17,"[0, 10, 0, 7]",0.37435728990270334,1605,1593,6.1901638505,,,,CollegeFootballData.com API,2026-08-31T17:31:53.147673+00:00,/games,1.3
400547869,2014,7,regular,2014-10-11T16:00:00.000Z,False,True,False,True,58502,3784,Jones AT&T Stadium,2641,Texas Tech,fbs,Big 12,34,"[14, 7, 6, 7]",0.14800656845185498,1443,1442,277,West Virginia,fbs,Big 12,37,"[3, 7, 10, 17]",0.851993431548145,1504,1505,8.8386728321,,,,CollegeFootballData.com API,2026-08-31T17:31:53.147673+00:00,/games,1.3
400547691,2014,7,regular,2014-10-11T16:00:00.000Z,False,True,False,True,25340,3806,Lincoln Financial Field,218,Temple,fbs,American Athletic,35,"[7, 14, 0, 14]",0.9911822510597853,1592,1583,202,Tulsa,fbs,American Athletic,24,"[7, 7, 7, 3]",0.008817748940214698,1176,1185,6.3633504658,,,,CollegeFootballData.com API,2026-08-31T17:31:53.147673+00:00,/games,1.3
400548370,2014,7,regular,2014-10-11T16:00:00.000Z,False,True,False,True,71168,3838,Memorial Stadium,142,Missouri,fbs,SEC,0,"[0, 0, 0, 0]",0.004238668429358499,1819,1737,61,Georgia,fbs,SEC,34,"[6, 14, 7, 7]",0.9957613315706415,1938,2020,2.2286071524,,,,CollegeFootballData.com API,2026-08-31T17:31:53.147673+00:00,/games,1.3
400548046,2014,7,regular,2014-10-11T16:00:00.000Z,False,True,False,True,30210,3775,Joan C. Edwards Stadium,276,Marshall,fbs,Conference USA,49,"[14, 14, 14, 7]",0.9988703174376418,1763,1784,2393,Middle Tennessee,fbs,Conference USA,24,"[7, 10, 0, 7]",0.0011296825623582363,1366,1345,1.02817475679999,,,,CollegeFootballData.com API,2026-08-31T17:31:53.147673+00:00,/games,1.3
400547755,2014,7,regular,2014-10-11T16:30:00.000Z,False,True,False,True,44281,721,Bobby Dodd Stadium,59,Georgia Tech,fbs,ACC,25,"[3, 9, 0, 13]",0.8077987609815348,1661,1650,150,Duke,fbs,ACC,31,"[7, 7, 10, 7]",0.1922012390184652,1654,1665,4.2029472292,,,,CollegeFootballData.com API,2026-08-31T17:31:53.147673+00:00,/games,1.3
400548128,2014,7,regular,2014-10-11T17:00:00.000Z,False,True,False,True,11886,3912,Rynearson Stadium,2199,Eastern Michigan,fbs,Mid-American,37,"[0, 3, 13, 21]",0.6808551293857209,837,900,2084,Buffalo,fbs,Mid-American,27,"[7, 3, 3, 14]",0.3191448706142791,1382,1319,4.43407019569999,,,,CollegeFootballData.com API,2026-08-31T17:31:53.147673+00:00,/games,1.3
400548127,2014,7,regular,2014-10-11T18:00:00.000Z,False,True,False,True,24311,3876,Peden Stadium,195,Ohio,fbs,Mid-American,13,"[3, 3, 0, 7]",0.15958708890158987,1216,1195,189,Bowling Green,fbs,Mid-American,31,"[14, 7, 7, 3]",0.8404129110984101,1444,1465,3.8928729486,,,,CollegeFootballData.com API,2026-08-31T17:31:53.147673+00:00,/games,1.3
400548424,2014,7,regular,2014-10-11T18:00:00.000Z,False,True,False,True,10196,3495,Georgia Dome,2247,Georgia State,fbs,Sun Belt,10,"[0, 3, 0, 7]",0.0035890425659406504,1175,1086,2032,Arkansas State,fbs,Sun Belt,52,"[24, 7, 14, 7]",0.9964109574340594,1447,1536,1.2599999184,,,,CollegeFootballData.com API,2026-08-31T17:31:53.147673+00:00,/games,1.3
400548130,2014,7,regular,2014-10-11T18:00:00.000Z,False,True,False,True,8223,3768,InfoCision Stadium,2006,Akron,fbs,Mid-American,29,"[5, 10, 7, 7]",0.5679878988050535,1279,1284,193,Miami (OH),fbs,Mid-American,19,"[0, 13, 0, 6]",0.4320121011949465,1108,1103,3.2559946943,,,,CollegeFootballData.com API,2026-08-31T17:31:53.147673+00:00,/games,1.3
400548131,2014,7,regular,2014-10-11T18:00:00.000Z,False,True,False,True,12451,3696,Dix Stadium,2309,Kent State,fbs,Mid-American,17,"[3, 7, 7, 0]",0.005185350964068567,1167,1090,113,Massachusetts,fbs,Mid-American,40,"[7, 17, 3, 13]",0.9948146490359314,1035,1112,4.77679488809999,,,,CollegeFootballData.com API,2026-08-31T17:31:53.147673+00:00,/games,1.3
400548426,2014,7,regular,2014-10-11T19:00:00.000Z,False,True,False,True,17628,3975,Veterans Memorial Stadium (AL),2653,Troy,fbs,Sun Belt,41,"[10, 10, 7, 14]",0.9801950273709835,1068,1099,166,New Mexico State,fbs,Sun Belt,24,"[0, 7, 10, 7]",0.019804972629016482,1004,973,2.98686795249999,,,,CollegeFootballData.com API,2026-08-31T17:31:53.147673+00:00,/games,1.3
400548132,2014,7,regular,2014-10-11T19:00:00.000Z,False,True,False,True,11237,3919,Scheumann Stadium,2050,Ball State,fbs,Mid-American,38,"[7, 24, 7, 0]",0.46184657411921476,1489,1464,2711,Western Michigan,fbs,Mid-American,42,"[7, 7, 14, 14]",0.5381534258807852,1233,1258,5.77315604,,,,CollegeFootballData.com API,2026-08-31T17:31:53.147673+00:00,/games,1.3
400548282,2014,7,regular,2014-10-11T19:30:00.000Z,False,True,False,True,80139,1056,Rose Bowl,26,UCLA,fbs,Pac-12,30,"[0, 10, 0, 20]",0.014167944283363243,1807,1785,2483,Oregon,fbs,Pac-12,42,"[8, 13, 14, 7]",0.9858320557166368,1851,1873,2.615225369,,,,CollegeFootballData.com API,2026-08-31T17:31:53.147673+00:00,/games,1.3
400547957,2014,7,regular,2014-10-11T19:30:00.000Z,False,True,False,True,40217,3907,Ross-Ade Stadium,2509,Purdue,fbs,Big Ten,31,"[3, 14, 0, 14]",0.0441497686933645,1271,1292,127,Michigan State,fbs,Big Ten,45,"[14, 10, 14, 7]",0.9558502313066355,1880,1859,2.1134404437,,,,CollegeFootballData.com API,2026-08-31T17:31:53.147673+00:00,/games,1.3
400548047,2014,7,regular,2014-10-11T19:30:00.000Z,False,True,False,True,20365,3803,Legion Field,5,UAB,fbs,Conference USA,56,"[14, 21, 21, 0]",0.9996978526245951,1224,1356,249,North Texas,fbs,Conference USA,21,"[0, 14, 0, 7]",0.0003021473754049042,1458,1326,2.1051195483,,,,CollegeFootballData.com API,2026-08-31T17:31:53.147673+00:00,/games,1.3
400547868,2014,7,regular,2014-10-11T19:30:00.000Z,False,True,False,True,46803,4727,McLane Stadium,239,Baylor,fbs,Big 12,61,"[10, 17, 10, 24]",0.48626520955986163,2013,2011,2628,TCU,fbs,Big 12,58,"[14, 17, 13, 14]",0.5137347904401384,1751,1753,10.6915276325,,,,CollegeFootballData.com API,2026-08-31T17:31:53.147673+00:00,/games,1.3
400547733,2014,7,regular,2014-10-11T19:30:00.000Z,False,True,False,True,49125,3670,Carter-Finley Stadium,152,NC State,fbs,ACC,14,"[14, 0, 0, 0]",0.010813368748790644,1433,1399,103,Boston College,fbs,ACC,30,"[14, 7, 3, 6]",0.9891866312512093,1470,1504,4.4089575683,,,,CollegeFootballData.com API,2026-08-31T17:31:53.147673+00:00,/games,1.3
400547745,2014,7,regular,2014-10-11T19:30:00.000Z,False,True,False,True,81500,3836,"Memorial Stadium (Clemson, SC)",228,Clemson,fbs,ACC,23,"[7, 7, 6, 3]",0.15549833291526072,1843,1849,97,Louisville,fbs,ACC,17,"[3, 7, 7, 0]",0.8445016670847393,1809,1803,8.8249278367,,,,CollegeFootballData.com API,2026-08-31T17:31:53.147673+00:00,/games,1.3
400547798,2014,7,regular,2014-10-11T19:30:00.000Z,False,True,False,False,80795,3855,Notre Dame Stadium,87,Notre Dame,fbs,FBS Independents,50,"[7, 21, 7, 15]",0.4111000161903655,1824,1821,153,North Carolina,fbs,ACC,43,"[14, 12, 10, 7]",0.5888999838096345,1588,1591,6.54773562349999,,,,CollegeFootballData.com API,2026-08-31T17:31:53.147673+00:00,/games,1.3
400547872,2014,7,regular,2014-10-11T19:30:00.000Z,False,True,False,False,52281,3772,Jack Trice Stadium,66,Iowa State,fbs,Big 12,37,"[6, 3, 14, 14]",0.6669929874464803,1460,1470,2649,Toledo,fbs,Mid-American,30,"[3, 10, 7, 10]",0.3330070125535197,1469,1459,7.1105503736,,,,CollegeFootballData.com API,2026-08-31T17:31:53.147673+00:00,/games,1.3
400548369,2014,7,regular,2014-10-11T19:30:00.000Z,False,True,False,True,62945,3693,Davis Wade Stadium,344,Mississippi State,fbs,SEC,38,"[21, 7, 0, 10]",0.9977452992153002,1858,1901,2,Auburn,fbs,SEC,23,"[0, 13, 7, 3]",0.0022547007846998035,1981,1938,4.3869454493,,,,CollegeFootballData.com API,2026-08-31T17:31:53.147673+00:00,/games,1.3
400548423,2014,7,regular,2014-10-11T19:30:00.000Z,False,True,False,False,26058,3792,Kidd Brewer Stadium,2026,App State,fbs,Sun Belt,48,"[7, 17, 16, 8, 0]",0.25238127383859255,1224,1226,2335,Liberty,fcs,Big South,55,"[14, 14, 13, 7, 7]",0.7476187261614075,1428,1426,8.2490637904,,,,CollegeFootballData.com API,2026-08-31T17:31:53.147673+00:00,/games,1.3
400548464,2014,7,regular,2014-10-11T19:30:00.000Z,False,True,False,False,33812,3852,Navy-Marine Corps Memorial Stadium,2426,Navy,fbs,FBS Independents,51,"[14, 23, 7, 7]",0.9999964289921094,,,2678,VMI,fcs,Southern,14,"[0, 7, 0, 7]",3.5710078906125986e-06,,,0.1440522613,,,,CollegeFootballData.com API,2026-08-31T17:31:53.147673+00:00,/games,1.3
400548371,2014,7,regular,2014-10-11T20:00:00.000Z,False,True,False,False,93097,3853,Neyland Stadium,2633,Tennessee,fbs,SEC,45,"[7, 17, 14, 7]",0.9995565117738923,,,236,Chattanooga,fcs,Southern,10,"[0, 3, 0, 7]",0.00044348822610773553,,,0.371862103100001,,,,CollegeFootballData.com API,2026-08-31T17:31:53.147673+00:00,/games,1.3
400547871,2014,7,regular,2014-10-11T20:00:00.000Z,False,True,False,True,31985,3833,Memorial Stadium,2305,Kansas,fbs,Big 12,20,"[7, 0, 3, 10]",0.8233942013414561,1197,1230,197,Oklahoma State,fbs,Big 12,27,"[10, 10, 0, 7]",0.17660579865854387,1879,1846,4.06904732259999,,,,CollegeFootballData.com API,2026-08-31T17:31:53.147673+00:00,/games,1.3
400548129,2014,7,regular,2014-10-11T21:00:00.000Z,False,True,False,True,20122,3764,Huskie Stadium,2459,Northern Illinois,fbs,Mid-American,17,"[7, 0, 10, 0]",0.014182549720409427,1519,1453,2117,Central Michigan,fbs,Mid-American,34,"[14, 7, 10, 3]",0.9858174502795906,1295,1361,3.8380265838,,,,CollegeFootballData.com API,2026-08-31T17:31:53.147673+00:00,/games,1.3
400548283,2014,7,regular,2014-10-11T22:00:00.000Z,False,True,False,True,0,3831,California Memorial Stadium,25,California,fbs,Pac-12,7,"[0, 0, 7, 0]",0.0434644470716975,1290,1278,264,Washington,fbs,Pac-12,31,"[14, 14, 0, 3]",0.9565355529283025,1762,1774,3.1095681184,,,,CollegeFootballData.com API,2026-08-31T17:31:53.147673+00:00,/games,1.3
400548425,2014,7,regular,2014-10-11T22:00:00.000Z,False,True,False,True,23250,3608,Allen E. Paulson Stadium,290,Georgia Southern,fbs,Sun Belt,47,"[13, 7, 13, 14]",0.9996404459139804,1537,1541,70,Idaho,fbs,Sun Belt,24,"[3, 7, 14, 0]",0.00035955408601962,1012,1008,1.4971423742,,,,CollegeFootballData.com API,2026-08-31T17:31:53.147673+00:00,/games,1.3
400548365,2014,7,regular,2014-10-11T22:00:00.000Z,False,True,False,True,72337,3887,Razorback Stadium,8,Arkansas,fbs,SEC,13,"[0, 6, 7, 0]",0.4662818738223833,1616,1630,333,Alabama,fbs,SEC,14,"[0, 7, 0, 7]",0.5337181261776167,1966,1952,8.0194348982,,,,CollegeFootballData.com API,2026-08-31T17:31:53.147673+00:00,/games,1.3
400548045,2014,7,regular,2014-10-11T23:00:00.000Z,False,True,False,True,25318,3604,Alamodome,2636,UTSA,fbs,Conference USA,16,"[0, 7, 3, 6]",0.917701646319254,1421,1420,2229,Florida International,fbs,Conference USA,13,"[0, 10, 0, 3]",0.082298353680746,1235,1236,7.8181573302,,,,CollegeFootballData.com API,2026-08-31T17:31:53.147673+00:00,/games,1.3
400547690,2014,7,regular,2014-10-11T23:00:00.000Z,False,True,False,True,32784,3805,Simmons Bank Liberty Stadium,235,Memphis,fbs,American Athletic,24,"[7, 14, 0, 3]",0.4721513136822601,1487,1488,248,Houston,fbs,American Athletic,28,"[0, 14, 7, 7]",0.5278486863177398,1597,1596,7.9733875096,,,,CollegeFootballData.com API,2026-08-31T17:31:53.147673+00:00,/games,1.3
400547948,2014,7,regular,2014-10-11T23:00:00.000Z,False,True,False,True,113085,3558,Michigan Stadium,130,Michigan,fbs,Big Ten,18,"[7, 3, 3, 5]",0.5148643537176713,1565,1570,213,Penn State,fbs,Big Ten,13,"[6, 7, 0, 0]",0.48513564628232875,1563,1558,7.2230313128,,,,CollegeFootballData.com API,2026-08-31T17:31:53.147673+00:00,/games,1.3
400547689,2014,7,regular,2014-10-11T23:00:00.000Z,False,True,False,True,31567,3886,Raymond James Stadium,58,South Florida,fbs,American Athletic,17,"[7, 10, 0, 0]",0.01350007155880889,1273,1284,151,East Carolina,fbs,American Athletic,28,"[7, 0, 7, 14]",0.986499928441191,1694,1683,6.5965770487,,,,CollegeFootballData.com API,2026-08-31T17:31:53.147673+00:00,/games,1.3
400548366,2014,7,regular,2014-10-11T23:30:00.000Z,False,True,False,True,88014,3634,Ben Hill Griffin Stadium,57,Florida,fbs,SEC,27,"[14, 3, 0, 10]",0.2928862239883864,1683,1686,99,LSU,fbs,SEC,30,"[7, 7, 6, 10]",0.7071137760116136,1812,1809,8.7128598394,,,,CollegeFootballData.com API,2026-08-31T17:31:53.147673+00:00,/games,1.3
400548372,2014,7,regular,2014-10-11T23:30:00.000Z,False,True,False,False,26738,3973,FirstBank Stadium,238,Vanderbilt,fbs,SEC,21,"[3, 18, 0, 0]",0.5500630929095125,,,2127,Charleston Southern,fcs,Big South,20,"[0, 10, 7, 3]",0.4499369070904875,,,4.5570531453,,,,CollegeFootballData.com API,2026-08-31T17:31:53.147673+00:00,/games,1.3
400547688,2014,7,regular,2014-10-12T00:00:00.000Z,False,True,False,True,0,4729,Yulman Stadium,2655,Tulane,fbs,American Athletic,12,"[7, 0, 2, 3]",0.9774110322722391,1245,1265,41,UConn,fbs,American Athletic,3,"[3, 0, 0, 0]",0.022588967727760867,1318,1298,4.046833977,,,,CollegeFootballData.com API,2026-08-31T17:31:53.147673+00:00,/games,1.3
400548048,2014,7,regular,2014-10-12T00:00:00.000Z,False,True,False,True,25509,3946,Sun Bowl,2638,UTEP,fbs,Conference USA,42,"[7, 14, 7, 14]",0.898195773525471,1067,1085,295,Old Dominion,fbs,Conference USA,35,"[7, 0, 21, 7]",0.10180422647452902,1210,1192,6.00106231039999,,,,CollegeFootballData.com API,2026-08-31T17:31:53.147673+00:00,/games,1.3
400548368,2014,7,regular,2014-10-12T01:00:00.000Z,False,True,False,True,110633,3795,Kyle Field,245,Texas A&M,fbs,SEC,20,"[0, 0, 7, 13]",0.025194120397888407,1894,1855,145,Ole Miss,fbs,SEC,35,"[14, 7, 7, 7]",0.9748058796021116,1859,1898,2.58365977029999,,,,CollegeFootballData.com API,2026-08-31T17:31:53.147673+00:00,/games,1.3
400548210,2014,7,regular,2014-10-12T02:15:00.000Z,False,True,False,True,24037,3905,Maverik Stadium,328,Utah State,fbs,Mountain West,34,"[14, 17, 0, 3]",0.9675652722706635,1613,1627,2005,Air Force,fbs,Mountain West,16,"[3, 3, 7, 3]",0.03243472772933653,1334,1320,1.79175720159999,,,,CollegeFootballData.com API,2026-08-31T17:31:53.147673+00:00,/games,1.3
400548211,2014,7,regular,2014-10-12T02:30:00.000Z,False,True,False,True,21847,3816,Mackay Stadium,2440,Nevada,fbs,Mountain West,24,"[0, 3, 7, 14]",0.46261802646341327,1461,1455,36,Colorado State,fbs,Mountain West,31,"[0, 17, 14, 0]",0.5373819735365868,1561,1567,3.9796801168,,,,CollegeFootballData.com API,2026-08-31T17:31:53.147673+00:00,/games,1.3
400548281,2014,7,regular,2014-10-12T02:30:00.000Z,False,True,False,True,56754,3619,Arizona Stadium,12,Arizona,fbs,Pac-12,26,"[6, 0, 7, 13]",0.23115870833404997,1714,1716,30,USC,fbs,Pac-12,28,"[7, 7, 14, 0]",0.76884129166595,1796,1794,6.02723293829999,,,,CollegeFootballData.com API,2026-08-31T17:31:53.147673+00:00,/games,1.3
400548213,2014,7,regular,2014-10-12T04:00:00.000Z,False,True,False,True,24273,3610,Aloha Stadium,62,Hawai'i,fbs,Mountain West,38,"[3, 7, 14, 14]",0.9884928316576005,1289,1301,2751,Wyoming,fbs,Mountain West,28,"[14, 7, 7, 0]",0.01150716834239951,1221,1209,5.7117519083,,,,CollegeFootballData.com API,2026-08-31T17:31:53.147673+00:00,/games,1.3
400548427,2014,8,regular,2014-10-15T00:00:00.000Z,False,True,False,True,18509,3644,Bobcat Stadium (TX),326,Texas State,fbs,Sun Belt,10,"[0, 3, 0, 7]",0.004203199899207255,1272,1207,309,Louisiana,fbs,Sun Belt,34,"[7, 14, 7, 6]",0.9957968001007927,1258,1323,2.670114347,,,,CollegeFootballData.com API,2026-08-31T17:31:53.147673+00:00,/games,1.3
400547813,2014,8,regular,2014-10-16T23:30:00.000Z,False,True,False,True,43125,3752,Acrisure Stadium,221,Pittsburgh,fbs,ACC,21,"[7, 7, 0, 7]",0.649640914406458,1476,1488,259,Virginia Tech,fbs,ACC,16,"[0, 6, 3, 7]",0.350359085593542,1633,1621,6.1058273769,,,,CollegeFootballData.com API,2026-08-31T17:31:53.147673+00:00,/games,1.3
400548284,2014,8,regular,2014-10-17T02:00:00.000Z,False,True,False,True,40479,3893,Reser Stadium,204,Oregon State,fbs,Pac-12,23,"[0, 6, 0, 10, 7, 0]",0.18425157187086552,1569,1563,254,Utah,fbs,Pac-12,29,"[6, 0, 3, 7, 7, 6]",0.8157484281291345,1637,1643,9.1834537686,,,,CollegeFootballData.com API,2026-08-31T17:31:53.147673+00:00,/games,1.3
400548216,2014,8,regular,2014-10-18T00:00:00.000Z,False,True,False,True,35008,3653,Albertsons Stadium,68,Boise State,fbs,Mountain West,37,"[13, 7, 7, 10]",0.9942836176010018,1585,1588,278,Fresno State,fbs,Mountain West,27,"[10, 0, 17, 0]",0.005716382398998188,1387,1384,3.9346854019,,,,CollegeFootballData.com API,2026-08-31T17:31:53.147673+00:00,/games,1.3
400547694,2014,8,regular,2014-10-18T01:00:00.000Z,False,True,False,True,21471,4728,TDECU Stadium,248,Houston,fbs,American Athletic,31,"[10, 7, 14, 0]",0.9900296983211779,1596,1645,218,Temple,fbs,American Athletic,10,"[3, 7, 0, 0]",0.009970301678822069,1583,1534,2.2737928118,,,,CollegeFootballData.com API,2026-08-31T17:31:53.147673+00:00,/games,1.3
400548051,2014,8,regular,2014-10-18T16:00:00.000Z,False,True,False,True,10915,3715,FAU Stadium,2226,Florida Atlantic,fbs,Conference USA,45,"[7, 7, 14, 17]",0.9933372295358583,1244,1271,98,Western Kentucky,fbs,Conference USA,38,"[17, 14, 7, 0]",0.006662770464141654,1533,1506,6.1455073431,,,,CollegeFootballData.com API,2026-08-31T17:31:53.147673+00:00,/games,1.3
400547931,2014,8,regular,2014-10-18T16:00:00.000Z,False,True,False,True,48373,3665,SECU Stadium,120,Maryland,fbs,Big Ten,38,"[7, 10, 7, 14]",0.7387561280805793,1621,1632,2294,Iowa,fbs,Big Ten,31,"[14, 0, 7, 10]",0.26124387191942067,1653,1642,7.3292130448,,,,CollegeFootballData.com API,2026-08-31T17:31:53.147673+00:00,/games,1.3
400548052,2014,8,regular,2014-10-18T16:00:00.000Z,False,True,False,True,18071,3776,Joe Aillet Stadium,2348,Louisiana Tech,fbs,Conference USA,27,"[0, 6, 21, 0]",0.790089777896534,1565,1567,2636,UTSA,fbs,Conference USA,20,"[3, 7, 0, 10]",0.209910222103466,1420,1418,6.0376106717,,,,CollegeFootballData.com API,2026-08-31T17:31:53.147673+00:00,/games,1.3
400547819,2014,8,regular,2014-10-18T16:00:00.000Z,False,True,False,True,25107,3630,Allegacy Federal Credit Union Stadium,154,Wake Forest,fbs,ACC,7,"[7, 0, 0, 0]",0.004629985066979311,1336,1295,183,Syracuse,fbs,ACC,30,"[3, 14, 13, 0]",0.9953700149330207,1505,1546,3.6429436598,,,,CollegeFootballData.com API,2026-08-31T17:31:53.147673+00:00,/games,1.3
400547874,2014,8,regular,2014-10-18T16:00:00.000Z,False,True,False,True,60758,3842,Milan Puskar Stadium,277,West Virginia,fbs,Big 12,41,"[7, 17, 3, 14]",0.9982690109824328,1505,1584,239,Baylor,fbs,Big 12,27,"[13, 7, 7, 0]",0.001730989017567186,2011,1932,7.99685951729999,,,,CollegeFootballData.com API,2026-08-31T17:31:53.147673+00:00,/games,1.3
400547964,2014,8,regular,2014-10-18T16:00:00.000Z,False,True,False,True,51241,3953,Huntington Bank Stadium,135,Minnesota,fbs,Big Ten,39,"[14, 6, 16, 3]",0.9436886449820959,1580,1572,2509,Purdue,fbs,Big Ten,38,"[14, 17, 7, 0]",0.056311355017904074,1292,1300,6.8399961294,,,,CollegeFootballData.com API,2026-08-31T17:31:53.147673+00:00,/games,1.3
400547877,2014,8,regular,2014-10-18T16:00:00.000Z,False,True,False,True,85109,3835,"Memorial Stadium (Norman, OK)",201,Oklahoma,fbs,Big 12,30,"[7, 10, 7, 6]",0.44014122843309633,1897,1891,2306,Kansas State,fbs,Big 12,31,"[7, 14, 10, 0]",0.5598587715669037,1807,1813,7.3054391445,,,,CollegeFootballData.com API,2026-08-31T17:31:53.147673+00:00,/games,1.3
400547692,2014,8,regular,2014-10-18T16:00:00.000Z,False,True,False,True,35015,3652,FBC Mortgage Stadium,2116,UCF,fbs,American Athletic,20,"[0, 13, 7, 0]",0.49312040459234713,1670,1659,2655,Tulane,fbs,American Athletic,13,"[3, 0, 3, 7]",0.5068795954076528,1265,1276,3.159682859,,,,CollegeFootballData.com API,2026-08-31T17:31:53.147673+00:00,/games,1.3
400547695,2014,8,regular,2014-10-18T16:00:00.000Z,False,True,False,True,18744,3674,Chapman Stadium,202,Tulsa,fbs,American Athletic,30,"[17, 10, 3, 0]",0.7602318346060523,1185,1177,58,South Florida,fbs,American Athletic,38,"[7, 0, 14, 17]",0.23976816539394774,1284,1292,5.4619021726,,,,CollegeFootballData.com API,2026-08-31T17:31:53.147673+00:00,/games,1.3
400548363,2014,8,regular,2014-10-18T16:00:00.000Z,False,True,False,False,78101,3994,Williams-Brice Stadium,2579,South Carolina,fbs,SEC,41,"[14, 14, 10, 3]",0.9999865413741914,,,231,Furman,fcs,Southern,10,"[7, 0, 3, 0]",1.345862580859336e-05,,,0.2090008372,,,,CollegeFootballData.com API,2026-08-31T17:31:53.147673+00:00,/games,1.3
400547756,2014,8,regular,2014-10-18T16:30:00.000Z,False,True,False,True,28131,3982,Wallace Wade Stadium,150,Duke,fbs,ACC,20,"[7, 3, 3, 7]",0.7120420743668459,1665,1661,258,Virginia,fbs,ACC,13,"[0, 10, 3, 0]",0.28795792563315414,1420,1424,7.2871699781,,,,CollegeFootballData.com API,2026-08-31T17:31:53.147673+00:00,/games,1.3
400548138,2014,8,regular,2014-10-18T18:00:00.000Z,False,True,False,True,15201,3700,Doyt L. Perry Stadium,189,Bowling Green,fbs,Mid-American,14,"[7, 7, 0, 0]",0.020649742828346043,1465,1418,2711,Western Michigan,fbs,Mid-American,26,"[3, 10, 6, 7]",0.9793502571716539,1258,1305,5.9907980003,,,,CollegeFootballData.com API,2026-08-31T17:31:53.147673+00:00,/games,1.3
400548133,2014,8,regular,2014-10-18T18:00:00.000Z,False,True,False,True,20018,3876,Peden Stadium,195,Ohio,fbs,Mid-American,23,"[7, 6, 7, 3]",0.3205324108099932,1195,1197,2006,Akron,fbs,Mid-American,20,"[7, 3, 7, 3]",0.6794675891900068,1284,1282,10.386457264,,,,CollegeFootballData.com API,2026-08-31T17:31:53.147673+00:00,/games,1.3
400548136,2014,8,regular,2014-10-18T19:00:00.000Z,False,True,False,True,12030,3738,Gillette Stadium,113,Massachusetts,fbs,Mid-American,36,"[13, 17, 6, 0]",0.9994217548832947,1112,1143,2199,Eastern Michigan,fbs,Mid-American,14,"[7, 7, 0, 0]",0.0005782451167053448,900,869,2.3440110749,,,,CollegeFootballData.com API,2026-08-31T17:31:53.147673+00:00,/games,1.3
400548428,2014,8,regular,2014-10-18T19:00:00.000Z,False,True,False,True,15664,3975,Veterans Memorial Stadium (AL),2653,Troy,fbs,Sun Belt,14,"[7, 7, 0, 0]",0.005029787989070452,1099,1000,2026,App State,fbs,Sun Belt,53,"[17, 9, 14, 13]",0.9949702120109295,1226,1325,2.8205529566,,,,CollegeFootballData.com API,2026-08-31T17:31:53.147673+00:00,/games,1.3
400548364,2014,8,regular,2014-10-18T19:30:00.000Z,False,True,False,True,101821,3657,Bryant-Denny Stadium,333,Alabama,fbs,SEC,59,"[10, 35, 7, 7]",0.9999965566146449,1952,2126,245,Texas A&M,fbs,SEC,0,"[0, 0, 0, 0]",3.4433853550730475e-06,1855,1681,0.769205165399999,,,,CollegeFootballData.com API,2026-08-31T17:31:53.147673+00:00,/games,1.3
400547984,2014,8,regular,2014-10-18T19:30:00.000Z,False,True,False,True,106795,3861,Ohio Stadium,194,Ohio State,fbs,Big Ten,56,"[14, 21, 21, 0]",0.9999058623994304,1991,2042,164,Rutgers,fbs,Big Ten,17,"[7, 0, 3, 7]",9.413760056964371e-05,1507,1456,0.5297527918,,,,CollegeFootballData.com API,2026-08-31T17:31:53.147673+00:00,/games,1.3
400547805,2014,8,regular,2014-10-18T19:30:00.000Z,False,True,False,True,50227,3873,L&N Federal Credit Union Stadium,97,Louisville,fbs,ACC,30,"[7, 10, 3, 10]",0.9468339139389844,1803,1796,152,NC State,fbs,ACC,18,"[6, 0, 3, 9]",0.05316608606101558,1399,1406,2.7943704458,,,,CollegeFootballData.com API,2026-08-31T17:31:53.147673+00:00,/games,1.3
400547693,2014,8,regular,2014-10-18T19:30:00.000Z,False,True,False,True,16849,3735,Gerald J. Ford Stadium,2567,SMU,fbs,American Athletic,3,"[3, 0, 0, 0]",0.003960548708424166,1095,1031,2132,Cincinnati,fbs,American Athletic,41,"[6, 22, 3, 10]",0.9960394512915758,1462,1526,2.0763296319,,,,CollegeFootballData.com API,2026-08-31T17:31:53.147673+00:00,/games,1.3
400547922,2014,8,regular,2014-10-18T19:30:00.000Z,False,True,False,True,44403,3830,"Memorial Stadium (Bloomington, IN)",84,Indiana,fbs,Big Ten,17,"[3, 14, 0, 0]",0.009492635974766402,1505,1437,127,Michigan State,fbs,Big Ten,56,"[7, 21, 7, 21]",0.9905073640252336,1859,1927,2.67350065269999,,,,CollegeFootballData.com API,2026-08-31T17:31:53.147673+00:00,/games,1.3
400548053,2014,8,regular,2014-10-18T19:30:00.000Z,False,True,False,True,18717,3725,"Johnny ""Red"" Floyd Stadium",2393,Middle Tennessee,fbs,Conference USA,34,"[14, 7, 0, 13]",0.888643771776125,1345,1368,5,UAB,fbs,Conference USA,22,"[6, 9, 7, 0]",0.11135622822387503,1356,1333,7.86811692649999,,,,CollegeFootballData.com API,2026-08-31T17:31:53.147673+00:00,/games,1.3
400548287,2014,8,regular,2014-10-18T19:30:00.000Z,False,True,False,True,49257,3831,California Memorial Stadium,25,California,fbs,Pac-12,34,"[0, 14, 14, 6]",0.12581948991277947,1278,1300,26,UCLA,fbs,Pac-12,36,"[7, 17, 9, 3]",0.8741805100872205,1785,1763,8.32642704209999,,,,CollegeFootballData.com API,2026-08-31T17:31:53.147673+00:00,/games,1.3
400548215,2014,8,regular,2014-10-18T19:30:00.000Z,False,True,False,True,0,3713,Falcon Stadium,2005,Air Force,fbs,Mountain West,35,"[7, 14, 14, 0]",0.7536272833073804,1320,1321,167,New Mexico,fbs,Mountain West,31,"[7, 14, 7, 3]",0.24637271669261962,1243,1242,6.4522314817,,,,CollegeFootballData.com API,2026-08-31T17:31:53.147673+00:00,/games,1.3
400547734,2014,8,regular,2014-10-18T19:30:00.000Z,False,True,False,True,42038,3615,"Alumni Stadium (Chestnut Hill, MA)",103,Boston College,fbs,ACC,13,"[0, 7, 0, 6]",0.19484372210800466,1504,1519,228,Clemson,fbs,ACC,17,"[0, 10, 0, 7]",0.8051562778919954,1849,1834,8.0213783531,,,,CollegeFootballData.com API,2026-08-31T17:31:53.147673+00:00,/games,1.3
400548134,2014,8,regular,2014-10-18T19:30:00.000Z,False,True,False,False,18114,3696,Dix Stadium,2309,Kent State,fbs,Mid-American,39,"[3, 10, 10, 16]",0.9991896014034276,1090,1164,349,Army,fbs,FBS Independents,17,"[3, 7, 7, 0]",0.0008103985965723925,1269,1195,4.99561376539999,,,,CollegeFootballData.com API,2026-08-31T17:31:53.147673+00:00,/games,1.3
400547873,2014,8,regular,2014-10-18T19:30:00.000Z,False,True,False,True,54071,3784,Jones AT&T Stadium,2641,Texas Tech,fbs,Big 12,34,"[10, 7, 10, 7]",0.9938047286548847,1442,1450,2305,Kansas,fbs,Big 12,21,"[0, 7, 14, 0]",0.006195271345115327,1230,1222,2.33763834909999,,,,CollegeFootballData.com API,2026-08-31T17:31:53.147673+00:00,/games,1.3
400548135,2014,8,regular,2014-10-18T19:30:00.000Z,False,True,False,True,13337,3786,Kelly/Shorts Stadium,2117,Central Michigan,fbs,Mid-American,29,"[7, 7, 7, 8]",0.6047541911873284,1361,1363,2050,Ball State,fbs,Mid-American,32,"[13, 13, 3, 3]",0.3952458088126716,1464,1462,7.5539805593,,,,CollegeFootballData.com API,2026-08-31T17:31:53.147673+00:00,/games,1.3
400548359,2014,8,regular,2014-10-18T20:00:00.000Z,False,True,False,True,54959,3983,War Memorial Stadium (AR),8,Arkansas,fbs,SEC,32,"[6, 0, 13, 13]",0.029733019646899114,1630,1635,61,Georgia,fbs,SEC,45,"[7, 31, 0, 7]",0.9702669803531009,2020,2015,2.2699545841,,,,CollegeFootballData.com API,2026-08-31T17:31:53.147673+00:00,/games,1.3
400547876,2014,8,regular,2014-10-18T20:00:00.000Z,False,True,False,True,43214,3616,Amon G. Carter Stadium,2628,TCU,fbs,Big 12,42,"[21, 7, 14, 0]",0.9998929747070913,1753,1857,197,Oklahoma State,fbs,Big 12,9,"[3, 6, 0, 0]",0.00010702529290873564,1846,1742,1.401272813,,,,CollegeFootballData.com API,2026-08-31T17:31:53.147673+00:00,/games,1.3
400548220,2014,8,regular,2014-10-18T20:00:00.000Z,False,True,False,True,0,3984,War Memorial Stadium,2751,Wyoming,fbs,Mountain West,20,"[0, 3, 7, 10, 0]",0.01130085088181599,1209,1207,23,San José State,fbs,Mountain West,27,"[3, 7, 0, 10, 7]",0.988699149118184,1357,1359,8.7035045619,,,,CollegeFootballData.com API,2026-08-31T17:31:53.147673+00:00,/games,1.3
400548430,2014,8,regular,2014-10-18T21:00:00.000Z,False,True,False,True,15207,3791,Kibbie Dome,70,Idaho,fbs,Sun Belt,29,"[14, 6, 0, 9]",0.9114594495553177,1008,1028,166,New Mexico State,fbs,Sun Belt,17,"[7, 3, 0, 7]",0.08854055044468234,973,953,4.58711864839999,,,,CollegeFootballData.com API,2026-08-31T17:31:53.147673+00:00,/games,1.3
400548137,2014,8,regular,2014-10-18T21:00:00.000Z,False,True,False,True,11211,3764,Huskie Stadium,2459,Northern Illinois,fbs,Mid-American,51,"[16, 21, 0, 14]",0.7975664138267416,1453,1447,193,Miami (OH),fbs,Mid-American,41,"[7, 14, 7, 13]",0.20243358617325835,1103,1109,2.04075361389999,,,,CollegeFootballData.com API,2026-08-31T17:31:53.147673+00:00,/games,1.3
400548050,2014,8,regular,2014-10-18T22:00:00.000Z,False,True,False,True,13163,218,FIU Stadium,2229,Florida International,fbs,Conference USA,13,"[7, 0, 0, 6]",0.005634304703555532,1236,1211,276,Marshall,fbs,Conference USA,45,"[7, 7, 10, 21]",0.9943656952964445,1784,1809,2.3296447752,,,,CollegeFootballData.com API,2026-08-31T17:31:53.147673+00:00,/games,1.3
400548286,2014,8,regular,2014-10-18T22:00:00.000Z,False,True,False,True,74756,477,Los Angeles Memorial Coliseum,30,USC,fbs,Pac-12,56,"[28, 7, 21, 0]",0.9998258941919898,1794,1811,38,Colorado,fbs,Pac-12,28,"[0, 7, 14, 7]",0.00017410580801024977,1281,1264,0.4333025036,,,,CollegeFootballData.com API,2026-08-31T17:31:53.147673+00:00,/games,1.3
400548054,2014,8,regular,2014-10-18T23:00:00.000Z,False,True,False,True,19127,3825,DATCU Stadium,249,North Texas,fbs,Conference USA,20,"[0, 13, 7, 0]",0.12490506946983479,1326,1280,2572,Southern Miss,fbs,Conference USA,30,"[10, 3, 14, 3]",0.8750949305301652,1058,1104,6.3609996075,,,,CollegeFootballData.com API,2026-08-31T17:31:53.147673+00:00,/games,1.3
400548217,2014,8,regular,2014-10-18T23:00:00.000Z,False,True,False,True,32546,3761,Sonny Lubick Field at Hughes Stadium,36,Colorado State,fbs,Mountain West,16,"[7, 3, 0, 6]",0.8727088183215723,1567,1569,328,Utah State,fbs,Mountain West,13,"[10, 0, 0, 3]",0.12729118167842768,1627,1625,10.0519370134,,,,CollegeFootballData.com API,2026-08-31T17:31:53.147673+00:00,/games,1.3
400547775,2014,8,regular,2014-10-18T23:00:00.000Z,False,True,False,True,53000,3787,Kenan Stadium,153,North Carolina,fbs,ACC,48,"[7, 14, 14, 13]",0.3045261416339058,1591,1598,59,Georgia Tech,fbs,ACC,43,"[7, 10, 7, 19]",0.6954738583660942,1650,1643,7.91252034969999,,,,CollegeFootballData.com API,2026-08-31T17:31:53.147673+00:00,/games,1.3
400548362,2014,8,regular,2014-10-18T23:00:00.000Z,False,True,False,True,89117,3634,Ben Hill Griffin Stadium,57,Florida,fbs,SEC,13,"[0, 0, 7, 6]",0.1709704395107913,1686,1612,142,Missouri,fbs,SEC,42,"[14, 6, 22, 0]",0.8290295604892087,1737,1811,2.3649900044,,,,CollegeFootballData.com API,2026-08-31T17:31:53.147673+00:00,/games,1.3
400548361,2014,8,regular,2014-10-18T23:00:00.000Z,False,True,False,True,62081,3974,Vaught-Hemingway Stadium,145,Ole Miss,fbs,SEC,34,"[0, 14, 10, 10]",0.9999249721286836,1898,1943,2633,Tennessee,fbs,SEC,3,"[0, 3, 0, 0]",7.50278713164132e-05,1568,1523,2.7459114739,,,,CollegeFootballData.com API,2026-08-31T17:31:53.147673+00:00,/games,1.3
400547971,2014,8,regular,2014-10-18T23:30:00.000Z,False,True,False,True,47330,3911,Ryan Field,77,Northwestern,fbs,Big Ten,17,"[7, 10, 0, 0]",0.004960515171084342,1593,1564,158,Nebraska,fbs,Big Ten,38,"[0, 14, 7, 17]",0.9950394848289157,1823,1852,5.75151462699999,,,,CollegeFootballData.com API,2026-08-31T17:31:53.147673+00:00,/games,1.3
400548429,2014,8,regular,2014-10-18T23:30:00.000Z,False,True,False,True,13186,3797,Ladd Peebles Stadium,6,South Alabama,fbs,Sun Belt,30,"[10, 0, 10, 10]",0.9923959722243992,1446,1443,2247,Georgia State,fbs,Sun Belt,27,"[7, 7, 7, 6]",0.0076040277756007635,1086,1089,7.1357300736,,,,CollegeFootballData.com API,2026-08-31T17:31:53.147673+00:00,/games,1.3
400548360,2014,8,regular,2014-10-18T23:30:00.000Z,False,True,False,True,101581,3958,Tiger Stadium (LA),99,LSU,fbs,SEC,41,"[17, 10, 14, 0]",0.9999452067004858,1809,1877,96,Kentucky,fbs,SEC,3,"[3, 0, 0, 0]",5.4793299514188654e-05,1500,1432,1.04492509239999,,,,CollegeFootballData.com API,2026-08-31T17:31:53.147673+00:00,/games,1.3
400548288,2014,8,regular,2014-10-19T00:00:00.000Z,False,True,False,True,57858,3626,Autzen Stadium,2483,Oregon,fbs,Pac-12,45,"[7, 21, 7, 10]",0.9994925089217378,1873,1925,264,Washington,fbs,Pac-12,20,"[6, 0, 7, 7]",0.0005074910782622011,1774,1722,1.14548423329999,,,,CollegeFootballData.com API,2026-08-31T17:31:53.147673+00:00,/games,1.3
400547875,2014,8,regular,2014-10-19T00:00:00.000Z,False,True,False,True,92017,3910,DKR-Texas Memorial Stadium,251,Texas,fbs,Big 12,48,"[14, 14, 3, 17]",0.9850066976587695,1627,1626,66,Iowa State,fbs,Big 12,45,"[7, 21, 3, 14]",0.01499330234123053,1470,1471,8.55425538049999,,,,CollegeFootballData.com API,2026-08-31T17:31:53.147673+00:00,/games,1.3
400547767,2014,8,regular,2014-10-19T00:00:00.000Z,False,True,False,False,82431,3697,Doak Campbell Stadium,52,Florida State,fbs,ACC,31,"[7, 3, 14, 7]",0.908217989211628,2066,2062,87,Notre Dame,fbs,FBS Independents,27,"[7, 10, 7, 3]",0.091782010788372,1821,1825,7.8661626271,,,,CollegeFootballData.com API,2026-08-31T17:31:53.147673+00:00,/games,1.3
400548219,2014,8,regular,2014-10-19T02:15:00.000Z,False,True,False,False,56355,3801,LaVell Edwards Stadium,252,BYU,fbs,FBS Independents,35,"[7, 21, 0, 7]",0.4494114389260451,1707,1673,2440,Nevada,fbs,Mountain West,42,"[3, 10, 7, 22]",0.5505885610739549,1455,1489,5.0247690489,,,,CollegeFootballData.com API,2026-08-31T17:31:53.147673+00:00,/games,1.3
400548218,2014,8,regular,2014-10-19T02:30:00.000Z,False,True,False,True,35686,3932,Qualcomm Stadium,21,San Diego State,fbs,Mountain West,20,"[10, 0, 7, 3]",0.9911376489967876,1442,1449,62,Hawai'i,fbs,Mountain West,10,"[0, 7, 3, 0]",0.00886235100321242,1301,1294,3.5458366048,,,,CollegeFootballData.com API,2026-08-31T17:31:53.147673+00:00,/games,1.3
400548285,2014,8,regular,2014-10-19T02:30:00.000Z,False,True,False,True,59012,3947,Mountain America Stadium,9,Arizona State,fbs,Pac-12,26,"[0, 14, 3, 9]",0.9720563541572329,1657,1713,24,Stanford,fbs,Pac-12,10,"[0, 0, 3, 7]",0.027943645842767095,1871,1815,4.5872395563,,,,CollegeFootballData.com API,2026-08-31T17:31:53.147673+00:00,/games,1.3
400548431,2014,9,regular,2014-10-22T00:00:00.000Z,False,True,False,True,21760,3666,Cajun Field,309,Louisiana,fbs,Sun Belt,55,"[13, 21, 7, 14]",0.6935511233677202,1323,1375,2032,Arkansas State,fbs,Sun Belt,40,"[9, 14, 0, 17]",0.3064488766322798,1536,1484,3.8427027282,,,,CollegeFootballData.com API,2026-08-31T17:31:53.147673+00:00,/games,1.3
400547696,2014,9,regular,2014-10-23T23:00:00.000Z,False,True,False,True,40152,3699,Dowdy-Ficklen Stadium,151,East Carolina,fbs,American Athletic,31,"[14, 0, 7, 10]",0.9362812543313813,1683,1675,41,UConn,fbs,American Athletic,21,"[7, 0, 14, 0]",0.06371874566861868,1298,1306,4.03511695539999,,,,CollegeFootballData.com API,2026-08-31T17:31:53.147673+00:00,/games,1.3
400547791,2014,9,regular,2014-10-24T00:00:00.000Z,False,True,False,True,64007,3799,Lane Stadium,259,Virginia Tech,fbs,ACC,6,"[0, 0, 0, 6]",0.00831760576522482,1621,1557,2390,Miami,fbs,ACC,30,"[3, 21, 0, 6]",0.9916823942347752,1618,1682,2.1320759003,,,,CollegeFootballData.com API,2026-08-31T17:31:53.147673+00:00,/games,1.3
400547697,2014,9,regular,2014-10-24T23:00:00.000Z,False,True,False,True,30024,3874,Paul Brown Stadium,2132,Cincinnati,fbs,American Athletic,34,"[10, 10, 0, 14]",0.9987942210645117,1526,1542,58,South Florida,fbs,American Athletic,17,"[3, 0, 0, 14]",0.0012057789354883441,1292,1276,1.9124419244,,,,CollegeFootballData.com API,2026-08-31T17:31:53.147673+00:00,/games,1.3
400550419,2014,9,regular,2014-10-24T23:30:00.000Z,False,True,False,True,17146,3797,Ladd Peebles Stadium,6,South Alabama,fbs,Sun Belt,27,"[10, 0, 14, 3]",0.656178487000922,1443,1436,2653,Troy,fbs,Sun Belt,13,"[0, 3, 3, 7]",0.34382151299907804,1000,1007,2.15059977919999,,,,CollegeFootballData.com API,2026-08-31T17:31:53.147673+00:00,/games,1.3
400548221,2014,9,regular,2014-10-25T01:00:00.000Z,False,True,False,False,36752,3653,Albertsons Stadium,68,Boise State,fbs,Mountain West,55,"[10, 31, 7, 7]",0.9984044128370225,1588,1661,252,BYU,fbs,FBS Independents,30,"[0, 16, 7, 7]",0.0015955871629774743,1673,1600,1.96498696509999,,,,CollegeFootballData.com API,2026-08-31T17:31:53.147673+00:00,/games,1.3
400548289,2014,9,regular,2014-10-25T02:00:00.000Z,False,True,False,True,55575,4738,Levi's Stadium,25,California,fbs,Pac-12,41,"[14, 14, 7, 6]",0.07899464997112206,1300,1315,2483,Oregon,fbs,Pac-12,59,"[14, 24, 14, 7]",0.921005350028878,1925,1910,2.60479225829999,,,,CollegeFootballData.com API,2026-08-31T17:31:53.147673+00:00,/games,1.3
400547699,2014,9,regular,2014-10-25T16:00:00.000Z,False,True,False,True,19498,3735,Gerald J. Ford Stadium,2567,SMU,fbs,American Athletic,10,"[0, 7, 3, 0]",0.0037130972595414992,1031,978,235,Memphis,fbs,American Athletic,48,"[7, 24, 10, 7]",0.9962869027404585,1488,1541,1.0251081729,,,,CollegeFootballData.com API,2026-08-31T17:31:53.147673+00:00,/games,1.3
400547911,2014,9,regular,2014-10-25T16:00:00.000Z,False,True,False,True,44437,3832,"Memorial Stadium (Champaign, IL)",356,Illinois,fbs,Big Ten,28,"[14, 0, 7, 7]",0.7045133039284828,1340,1350,135,Minnesota,fbs,Big Ten,24,"[0, 3, 21, 0]",0.29548669607151723,1572,1562,8.1489591893,,,,CollegeFootballData.com API,2026-08-31T17:31:53.147673+00:00,/games,1.3
400548057,2014,9,regular,2014-10-25T16:00:00.000Z,False,True,False,True,18430,3895,Rice Stadium,242,Rice,fbs,Conference USA,41,"[14, 0, 10, 17]",0.9996209178176187,1473,1500,249,North Texas,fbs,Conference USA,21,"[14, 7, 0, 0]",0.0003790821823812518,1280,1253,5.0811802337,,,,CollegeFootballData.com API,2026-08-31T17:31:53.147673+00:00,/games,1.3
400547972,2014,9,regular,2014-10-25T16:00:00.000Z,False,True,False,True,91088,3834,"Memorial Stadium (Lincoln, NE)",158,Nebraska,fbs,Big Ten,42,"[7, 14, 14, 7]",0.9993695777844478,1852,1856,164,Rutgers,fbs,Big Ten,24,"[7, 0, 10, 7]",0.0006304222155522066,1456,1452,1.56407722389999,,,,CollegeFootballData.com API,2026-08-31T17:31:53.147673+00:00,/games,1.3
400548059,2014,9,regular,2014-10-25T16:00:00.000Z,False,True,False,False,61800,3887,Razorback Stadium,8,Arkansas,fbs,SEC,45,"[14, 21, 10, 0]",0.9999759166394331,1635,1674,5,UAB,fbs,Conference USA,17,"[0, 0, 10, 7]",2.4083360566917733e-05,1333,1294,0.317079342099999,,,,CollegeFootballData.com API,2026-08-31T17:31:53.147673+00:00,/games,1.3
400547938,2014,9,regular,2014-10-25T16:00:00.000Z,False,True,False,True,80336,347,Camp Randall Stadium,275,Wisconsin,fbs,Big Ten,52,"[10, 14, 14, 14]",0.9998669798302056,1867,1968,120,Maryland,fbs,Big Ten,7,"[0, 0, 0, 7]",0.00013302016979443998,1632,1531,1.33219653999999,,,,CollegeFootballData.com API,2026-08-31T17:31:53.147673+00:00,/games,1.3
400547878,2014,9,regular,2014-10-25T16:00:00.000Z,False,True,False,True,52879,3636,Bill Snyder Family Stadium,2306,Kansas State,fbs,Big 12,23,"[6, 7, 3, 7]",0.9998577083178152,1813,1849,251,Texas,fbs,Big 12,0,"[0, 0, 0, 0]",0.00014229168218482524,1626,1590,2.3924238196,,,,CollegeFootballData.com API,2026-08-31T17:31:53.147673+00:00,/games,1.3
400547799,2014,9,regular,2014-10-25T16:30:00.000Z,False,True,False,True,45200,3923,Scott Stadium,258,Virginia,fbs,ACC,27,"[14, 10, 3, 0]",0.899738878010313,1424,1431,153,North Carolina,fbs,ACC,28,"[14, 7, 0, 7]",0.10026112198968695,1598,1591,7.0809081942,,,,CollegeFootballData.com API,2026-08-31T17:31:53.147673+00:00,/games,1.3
400548142,2014,9,regular,2014-10-25T17:00:00.000Z,False,True,False,True,19654,3912,Rynearson Stadium,2199,Eastern Michigan,fbs,Mid-American,17,"[7, 3, 0, 7]",0.29613470444184764,869,892,2459,Northern Illinois,fbs,Mid-American,28,"[14, 0, 0, 14]",0.7038652955581524,1447,1424,3.9236019744,,,,CollegeFootballData.com API,2026-08-31T17:31:53.147673+00:00,/games,1.3
400548224,2014,9,regular,2014-10-25T17:00:00.000Z,False,True,False,False,30612,3852,Navy-Marine Corps Memorial Stadium,2426,Navy,fbs,FBS Independents,41,"[0, 24, 7, 10]",0.9898414206928228,1478,1487,23,San José State,fbs,Mountain West,31,"[3, 14, 0, 14]",0.010158579307177229,1359,1350,3.49815601079999,,,,CollegeFootballData.com API,2026-08-31T17:31:53.147673+00:00,/games,1.3
400548143,2014,9,regular,2014-10-25T18:00:00.000Z,False,True,False,True,20225,3980,Waldo Stadium,2711,Western Michigan,fbs,Mid-American,42,"[7, 21, 0, 14]",0.9885425830968063,1305,1344,195,Ohio,fbs,Mid-American,21,"[7, 0, 0, 14]",0.011457416903193685,1197,1158,2.1269676248,,,,CollegeFootballData.com API,2026-08-31T17:31:53.147673+00:00,/games,1.3
400548144,2014,9,regular,2014-10-25T18:00:00.000Z,False,True,False,True,20104,3739,Glass Bowl,2649,Toledo,fbs,Mid-American,42,"[7, 7, 14, 14]",0.6983922953348658,1459,1452,113,Massachusetts,fbs,Mid-American,35,"[13, 7, 0, 15]",0.3016077046651342,1143,1150,8.6246675553,,,,CollegeFootballData.com API,2026-08-31T17:31:53.147673+00:00,/games,1.3
400548432,2014,9,regular,2014-10-25T18:00:00.000Z,False,True,False,True,28427,3495,Georgia Dome,2247,Georgia State,fbs,Sun Belt,31,"[3, 14, 0, 14]",0.0041650050637307414,1089,1036,290,Georgia Southern,fbs,Sun Belt,69,"[14, 13, 21, 21]",0.9958349949362693,1541,1594,2.0760706664,,,,CollegeFootballData.com API,2026-08-31T17:31:53.147673+00:00,/games,1.3
400548294,2014,9,regular,2014-10-25T18:00:00.000Z,False,True,False,True,37442,3726,Folsom Field,38,Colorado,fbs,Pac-12,37,"[0, 14, 0, 17, 3, 3]",0.4220882903278395,1264,1287,26,UCLA,fbs,Pac-12,40,"[17, 7, 7, 0, 3, 6]",0.5779117096721604,1763,1740,6.62616676019999,,,,CollegeFootballData.com API,2026-08-31T17:31:53.147673+00:00,/games,1.3
400548139,2014,9,regular,2014-10-25T18:00:00.000Z,False,True,False,True,7617,3919,Scheumann Stadium,2050,Ball State,fbs,Mid-American,35,"[3, 10, 3, 19]",0.9957573060414098,1462,1475,2006,Akron,fbs,Mid-American,21,"[14, 7, 0, 0]",0.004242693958590227,1282,1269,5.2078789372,,,,CollegeFootballData.com API,2026-08-31T17:31:53.147673+00:00,/games,1.3
400548141,2014,9,regular,2014-10-25T18:30:00.000Z,False,True,False,True,22792,3996,Yager Stadium,193,Miami (OH),fbs,Mid-American,10,"[7, 0, 3, 0]",0.7895273266917627,1109,1122,2309,Kent State,fbs,Mid-American,3,"[0, 3, 0, 0]",0.21047267330823727,1164,1151,5.69278450279999,,,,CollegeFootballData.com API,2026-08-31T17:31:53.147673+00:00,/games,1.3
400547879,2014,9,regular,2014-10-25T19:30:00.000Z,False,True,False,True,59124,3646,Boone Pickens Stadium,197,Oklahoma State,fbs,Big 12,10,"[0, 10, 0, 0]",0.056458204852988005,1742,1658,277,West Virginia,fbs,Big 12,34,"[14, 0, 3, 17]",0.943541795147012,1584,1668,5.023844293,,,,CollegeFootballData.com API,2026-08-31T17:31:53.147673+00:00,/games,1.3
400547776,2014,9,regular,2014-10-25T19:30:00.000Z,False,True,False,True,44734,3752,Acrisure Stadium,221,Pittsburgh,fbs,ACC,28,"[0, 14, 7, 7]",0.1731743029905913,1488,1430,59,Georgia Tech,fbs,ACC,56,"[28, 0, 7, 21]",0.8268256970094087,1643,1701,2.5413110153,,,,CollegeFootballData.com API,2026-08-31T17:31:53.147673+00:00,/games,1.3
400547949,2014,9,regular,2014-10-25T19:30:00.000Z,False,True,False,True,76331,3936,Spartan Stadium,127,Michigan State,fbs,Big Ten,35,"[7, 7, 14, 7]",0.9999236891240949,1927,1949,130,Michigan,fbs,Big Ten,11,"[0, 3, 0, 8]",7.631087590509456e-05,1570,1548,1.37687022519999,,,,CollegeFootballData.com API,2026-08-31T17:31:53.147673+00:00,/games,1.3
400547880,2014,9,regular,2014-10-25T19:30:00.000Z,False,True,False,True,45122,3616,Amon G. Carter Stadium,2628,TCU,fbs,Big 12,82,"[24, 13, 31, 14]",0.998644558514324,1857,1969,2641,Texas Tech,fbs,Big 12,27,"[17, 3, 7, 0]",0.0013554414856760122,1450,1338,1.2910885426,,,,CollegeFootballData.com API,2026-08-31T17:31:53.147673+00:00,/games,1.3
400547735,2014,9,regular,2014-10-25T19:30:00.000Z,False,True,False,True,26439,3630,Allegacy Federal Credit Union Stadium,154,Wake Forest,fbs,ACC,17,"[0, 0, 3, 14]",0.028922476871929528,1295,1300,103,Boston College,fbs,ACC,23,"[10, 7, 0, 6]",0.9710775231280705,1519,1514,2.8457700441,,,,CollegeFootballData.com API,2026-08-31T17:31:53.147673+00:00,/games,1.3
400548140,2014,9,regular,2014-10-25T19:30:00.000Z,False,True,False,True,18052,3965,UB Stadium,2084,Buffalo,fbs,Mid-American,14,"[0, 7, 7, 0]",0.035531946935272445,1319,1311,2117,Central Michigan,fbs,Mid-American,20,"[7, 7, 0, 6]",0.9644680530647276,1363,1371,6.81773126039999,,,,CollegeFootballData.com API,2026-08-31T17:31:53.147673+00:00,/games,1.3
400548293,2014,9,regular,2014-10-25T19:30:00.000Z,False,True,False,True,48401,3940,Stanford Stadium,24,Stanford,fbs,Pac-12,38,"[14, 14, 7, 3]",0.9996610072150903,1815,1848,204,Oregon State,fbs,Pac-12,14,"[7, 0, 0, 7]",0.0003389927849096752,1563,1530,1.2397452169,,,,CollegeFootballData.com API,2026-08-31T17:31:53.147673+00:00,/games,1.3
400548055,2014,9,regular,2014-10-25T19:30:00.000Z,False,True,False,True,27236,3775,Joan C. Edwards Stadium,276,Marshall,fbs,Conference USA,35,"[7, 7, 7, 14]",0.9976461037535688,1809,1804,2226,Florida Atlantic,fbs,Conference USA,16,"[3, 13, 0, 0]",0.0023538962464312307,1271,1276,3.1961486909,,,,CollegeFootballData.com API,2026-08-31T17:31:53.147673+00:00,/games,1.3
400548056,2014,9,regular,2014-10-25T19:30:00.000Z,False,True,False,True,23343,3815,M. M. Roberts Stadium,2572,Southern Miss,fbs,Conference USA,20,"[7, 0, 3, 10]",0.023207104084650494,1104,1118,2348,Louisiana Tech,fbs,Conference USA,31,"[0, 3, 14, 14]",0.9767928959153495,1567,1553,6.0073714232,,,,CollegeFootballData.com API,2026-08-31T17:31:53.147673+00:00,/games,1.3
400548355,2014,9,regular,2014-10-25T19:30:00.000Z,False,True,False,True,64791,3683,Kroger Field,96,Kentucky,fbs,SEC,31,"[7, 3, 14, 7]",0.08808589527877507,1432,1442,344,Mississippi State,fbs,SEC,45,"[10, 7, 14, 14]",0.9119141047212249,1901,1891,4.2173174625,,,,CollegeFootballData.com API,2026-08-31T17:31:53.147673+00:00,/games,1.3
400548225,2014,9,regular,2014-10-25T20:00:00.000Z,False,True,False,True,20153,3905,Maverik Stadium,328,Utah State,fbs,Mountain West,34,"[7, 10, 10, 7]",0.9760690962052736,1625,1617,2439,UNLV,fbs,Mountain West,20,"[0, 13, 0, 7]",0.0239309037947264,1162,1170,2.16859091129999,,,,CollegeFootballData.com API,2026-08-31T17:31:53.147673+00:00,/games,1.3
400548058,2014,9,regular,2014-10-25T20:00:00.000Z,False,True,False,True,17886,3796,Houchens Industries-L.T. Smith Stadium,98,Western Kentucky,fbs,Conference USA,66,"[21, 21, 14, 10]",0.7309069399435796,1506,1511,295,Old Dominion,fbs,Conference USA,51,"[3, 27, 21, 0]",0.2690930600564204,1192,1187,3.1274360834,,,,CollegeFootballData.com API,2026-08-31T17:31:53.147673+00:00,/games,1.3
400548358,2014,9,regular,2014-10-25T20:00:00.000Z,False,True,False,True,65264,3838,Memorial Stadium,142,Missouri,fbs,SEC,24,"[3, 7, 7, 7]",0.9969723001412426,1811,1800,238,Vanderbilt,fbs,SEC,14,"[0, 7, 0, 7]",0.0030276998587573933,1376,1387,2.45525192409999,,,,CollegeFootballData.com API,2026-08-31T17:31:53.147673+00:00,/games,1.3
400547698,2014,9,regular,2014-10-25T21:00:00.000Z,False,True,False,True,39554,3652,FBC Mortgage Stadium,2116,UCF,fbs,American Athletic,34,"[17, 10, 7, 0]",0.9998640518501071,1659,1693,218,Temple,fbs,American Athletic,14,"[0, 14, 0, 0]",0.00013594814989292825,1534,1500,1.69694611419999,,,,CollegeFootballData.com API,2026-08-31T17:31:53.147673+00:00,/games,1.3
400548290,2014,9,regular,2014-10-25T22:00:00.000Z,False,True,False,True,32952,3820,Gesa Field,265,Washington State,fbs,Pac-12,37,"[0, 16, 0, 21]",0.048199108014999444,1444,1417,12,Arizona,fbs,Pac-12,59,"[24, 7, 21, 7]",0.9518008919850005,1716,1743,2.1754118304,,,,CollegeFootballData.com API,2026-08-31T17:31:53.147673+00:00,/games,1.3
400547746,2014,9,regular,2014-10-25T23:00:00.000Z,False,True,False,True,80031,3836,"Memorial Stadium (Clemson, SC)",228,Clemson,fbs,ACC,16,"[0, 3, 6, 7]",0.9962860701696161,1834,1832,183,Syracuse,fbs,ACC,6,"[3, 3, 0, 0]",0.0037139298303838775,1546,1548,5.6567690328,,,,CollegeFootballData.com API,2026-08-31T17:31:53.147673+00:00,/games,1.3
400548222,2014,9,regular,2014-10-25T23:00:00.000Z,False,True,False,True,32529,3761,Sonny Lubick Field at Hughes Stadium,36,Colorado State,fbs,Mountain West,45,"[10, 14, 14, 7]",0.9741936195299916,1569,1568,2751,Wyoming,fbs,Mountain West,31,"[3, 0, 7, 21]",0.025806380470008383,1207,1208,0.6450320088,,,,CollegeFootballData.com API,2026-08-31T17:31:53.147673+00:00,/games,1.3
400548060,2014,9,regular,2014-10-25T23:00:00.000Z,False,True,False,True,31956,3604,Alamodome,2636,UTSA,fbs,Conference USA,0,"[0, 0, 0, 0]",0.003594408413473102,1418,1268,2638,UTEP,fbs,Conference USA,34,"[14, 3, 10, 7]",0.9964055915865269,1085,1235,3.51827568209999,,,,CollegeFootballData.com API,2026-08-31T17:31:53.147673+00:00,/games,1.3
400548433,2014,9,regular,2014-10-25T23:04:00.000Z,False,True,False,True,14755,3817,Malone Stadium,2433,UL Monroe,fbs,Sun Belt,18,"[3, 10, 5, 0]",0.629812349647708,1196,1190,326,Texas State,fbs,Sun Belt,22,"[0, 0, 7, 15]",0.37018765035229195,1207,1213,6.0010856464,,,,CollegeFootballData.com API,2026-08-31T17:31:53.147673+00:00,/games,1.3
400548354,2014,9,regular,2014-10-25T23:15:00.000Z,False,True,False,True,102321,3958,Tiger Stadium (LA),99,LSU,fbs,SEC,10,"[0, 3, 0, 7]",0.9507149972716792,1877,1879,145,Ole Miss,fbs,SEC,7,"[7, 0, 0, 0]",0.049285002728320815,1943,1941,7.87834298689999,,,,CollegeFootballData.com API,2026-08-31T17:31:53.147673+00:00,/games,1.3
400548357,2014,9,regular,2014-10-25T23:30:00.000Z,False,True,False,True,102455,3853,Neyland Stadium,2633,Tennessee,fbs,SEC,20,"[0, 10, 7, 3]",0.018533816166946392,1523,1543,333,Alabama,fbs,SEC,34,"[20, 7, 7, 0]",0.9814661838330536,2126,2106,1.4962073829,,,,CollegeFootballData.com API,2026-08-31T17:31:53.147673+00:00,/games,1.3
400548356,2014,9,regular,2014-10-25T23:30:00.000Z,False,True,False,True,87451,3785,Jordan-Hare Stadium,2,Auburn,fbs,SEC,42,"[7, 14, 14, 7]",0.9968432545999111,1938,1938,2579,South Carolina,fbs,SEC,35,"[7, 14, 14, 0]",0.003156745400088923,1754,1754,5.7453575132,,,,CollegeFootballData.com API,2026-08-31T17:31:53.147673+00:00,/games,1.3
400547985,2014,9,regular,2014-10-26T00:00:00.000Z,False,True,False,True,107895,3632,Beaver Stadium,213,Penn State,fbs,Big Ten,24,"[0, 0, 7, 10, 7, 0]",0.2193853683198087,1558,1579,194,Ohio State,fbs,Big Ten,31,"[7, 10, 0, 0, 7, 7]",0.7806146316801913,2042,2021,6.32469925989999,,,,CollegeFootballData.com API,2026-08-31T17:31:53.147673+00:00,/games,1.3
400548292,2014,9,regular,2014-10-26T02:00:00.000Z,False,True,False,True,47619,587,Rice-Eccles Stadium,254,Utah,fbs,Pac-12,24,"[7, 3, 7, 7]",0.4420778326043271,1643,1646,30,USC,fbs,Pac-12,21,"[7, 7, 0, 7]",0.5579221673956729,1811,1808,8.4207091036,,,,CollegeFootballData.com API,2026-08-31T17:31:53.147673+00:00,/games,1.3
400548291,2014,9,regular,2014-10-26T02:45:00.000Z,False,True,False,True,64666,3765,Husky Stadium,264,Washington,fbs,Pac-12,10,"[0, 0, 7, 3]",0.6288655210271514,1722,1689,9,Arizona State,fbs,Pac-12,24,"[0, 10, 0, 14]",0.37113447897284857,1713,1746,6.37791258199999,,,,CollegeFootballData.com API,2026-08-31T17:31:53.147673+00:00,/games,1.3
400548223,2014,9,regular,2014-10-26T04:00:00.000Z,False,True,False,True,27061,3610,Aloha Stadium,62,Hawai'i,fbs,Mountain West,18,"[7, 3, 0, 8]",,1294,1294,2440,Nevada,fbs,Mountain West,26,"[0, 6, 10, 10]",,1489,1489,,,,,CollegeFootballData.com API,2026-08-31T17:31:53.147673+00:00,/games,1.3
400550420,2014,10,regular,2014-10-30T23:30:00.000Z,False,True,False,True,18321,3608,Allen E. Paulson Stadium,290,Georgia Southern,fbs,Sun Belt,42,"[14, 7, 7, 14]",0.9997623089797559,1594,1614,2653,Troy,fbs,Sun Belt,10,"[0, 3, 0, 7]",0.00023769102024406852,1007,987,2.4816014126,,,,CollegeFootballData.com API,2026-08-31T17:31:53.147673+00:00,/games,1.3
400547768,2014,10,regular,2014-10-30T23:30:00.000Z,False,True,False,True,55414,3873,L&N Federal Credit Union Stadium,97,Louisville,fbs,ACC,31,"[0, 21, 3, 7]",0.8780549445984166,1796,1795,52,Florida State,fbs,ACC,42,"[0, 7, 14, 21]",0.1219450554015834,2062,2063,6.9401936754,,,,CollegeFootballData.com API,2026-08-31T17:31:53.147673+00:00,/games,1.3
400547701,2014,10,regular,2014-11-01T00:00:00.000Z,False,True,False,True,26846,3805,Simmons Bank Liberty Stadium,235,Memphis,fbs,American Athletic,40,"[0, 20, 6, 14]",0.9586830031621892,1541,1553,202,Tulsa,fbs,American Athletic,20,"[7, 7, 0, 6]",0.04131699683781076,1177,1165,3.39779842779999,,,,CollegeFootballData.com API,2026-08-31T17:31:53.147673+00:00,/games,1.3
400547700,2014,10,regular,2014-11-01T00:00:00.000Z,False,True,False,True,21414,4729,Yulman Stadium,2655,Tulane,fbs,American Athletic,14,"[0, 0, 14, 0]",0.014902370799627335,1276,1243,2132,Cincinnati,fbs,American Athletic,38,"[10, 14, 7, 7]",0.9850976292003727,1542,1575,2.7462786446,,,,CollegeFootballData.com API,2026-08-31T17:31:53.147673+00:00,/games,1.3
400548226,2014,10,regular,2014-11-01T15:30:00.000Z,False,True,False,False,40479,3841,Michie Stadium,349,Army,fbs,FBS Independents,6,"[3, 0, 3, 0]",0.0071284055013429316,1195,1167,2005,Air Force,fbs,Mountain West,23,"[0, 6, 10, 7]",0.992871594498657,1321,1349,3.46625693259999,,,,CollegeFootballData.com API,2026-08-31T17:31:53.147673+00:00,/games,1.3
400547883,2014,10,regular,2014-11-01T16:00:00.000Z,False,True,False,True,50784,3772,Jack Trice Stadium,66,Iowa State,fbs,Big 12,14,"[0, 7, 7, 0]",0.0036363192661678033,1471,1392,201,Oklahoma,fbs,Big 12,59,"[21, 14, 17, 7]",0.9963636807338322,1891,1970,1.0743231795,,,,CollegeFootballData.com API,2026-08-31T17:31:53.147673+00:00,/games,1.3
400547998,2014,10,regular,2014-11-01T16:00:00.000Z,False,True,False,True,52797,3754,High Point Solutions Stadium,164,Rutgers,fbs,Big Ten,0,"[0, 0, 0, 0]",0.003585638930208636,1452,1409,275,Wisconsin,fbs,Big Ten,37,"[7, 13, 10, 7]",0.9964143610697913,1968,2011,1.87169828429999,,,,CollegeFootballData.com API,2026-08-31T17:31:53.147673+00:00,/games,1.3
400547702,2014,10,regular,2014-11-01T16:00:00.000Z,False,True,False,True,28751,3892,Pratt & Whitney Stadium,41,UConn,fbs,American Athletic,37,"[0, 17, 14, 6]",0.8979635847428068,1306,1345,2116,UCF,fbs,American Athletic,29,"[7, 7, 7, 8]",0.1020364152571932,1693,1654,5.82100193619999,,,,CollegeFootballData.com API,2026-08-31T17:31:53.147673+00:00,/games,1.3
400547703,2014,10,regular,2014-11-01T16:00:00.000Z,False,True,False,True,22130,3806,Lincoln Financial Field,218,Temple,fbs,American Athletic,20,"[14, 0, 6, 0]",0.3737067915857116,1500,1530,151,East Carolina,fbs,American Athletic,10,"[0, 3, 0, 7]",0.6262932084142885,1675,1645,5.08968254,,,,CollegeFootballData.com API,2026-08-31T17:31:53.147673+00:00,/games,1.3
400548353,2014,10,regular,2014-11-01T16:00:00.000Z,False,True,False,False,100922,3795,Kyle Field,245,Texas A&M,fbs,SEC,21,"[7, 14, 0, 0]",0.6287508518548144,1681,1668,2433,UL Monroe,fbs,Sun Belt,16,"[0, 10, 0, 6]",0.3712491481451856,1190,1203,1.759223327,,,,CollegeFootballData.com API,2026-08-31T17:31:53.147673+00:00,/games,1.3
400547932,2014,10,regular,2014-11-01T16:00:00.000Z,False,True,False,True,66887,3793,Kinnick Stadium,2294,Iowa,fbs,Big Ten,48,"[24, 14, 0, 10]",0.9998842815106587,1642,1751,77,Northwestern,fbs,Big Ten,7,"[0, 7, 0, 0]",0.00011571848934133211,1564,1455,1.01665508049999,,,,CollegeFootballData.com API,2026-08-31T17:31:53.147673+00:00,/games,1.3
400548061,2014,10,regular,2014-11-01T16:00:00.000Z,False,True,False,True,12097,218,FIU Stadium,2229,Florida International,fbs,Conference USA,17,"[7, 10, 0, 0]",0.039357572034864,1211,1206,242,Rice,fbs,Conference USA,31,"[17, 7, 0, 7]",0.960642427965136,1500,1505,3.9038532225,,,,CollegeFootballData.com API,2026-08-31T17:31:53.147673+00:00,/games,1.3
400547939,2014,10,regular,2014-11-01T16:00:00.000Z,False,True,False,True,103969,3632,Beaver Stadium,213,Penn State,fbs,Big Ten,19,"[3, 6, 7, 3]",0.6699838364440532,1579,1575,120,Maryland,fbs,Big Ten,20,"[0, 7, 0, 13]",0.33001616355594676,1531,1535,9.727208435,,,,CollegeFootballData.com API,2026-08-31T17:31:53.147673+00:00,/games,1.3
400547757,2014,10,regular,2014-11-01T16:00:00.000Z,False,True,False,True,39293,3752,Acrisure Stadium,221,Pittsburgh,fbs,ACC,48,"[7, 21, 0, 10, 7, 3]",0.888473121295249,1430,1439,150,Duke,fbs,ACC,51,"[14, 14, 3, 7, 7, 6]",0.11152687870475098,1661,1652,9.5534888655,,,,CollegeFootballData.com API,2026-08-31T17:31:53.147673+00:00,/games,1.3
400547792,2014,10,regular,2014-11-01T16:30:00.000Z,False,True,False,True,51702,3948,Hard Rock Stadium,2390,Miami,fbs,ACC,47,"[7, 23, 14, 3]",0.9999391515578299,1682,1741,153,North Carolina,fbs,ACC,20,"[0, 6, 7, 7]",6.0848442170136074e-05,1591,1532,1.8615744086,,,,CollegeFootballData.com API,2026-08-31T17:31:53.147673+00:00,/games,1.3
400547736,2014,10,regular,2014-11-01T16:30:00.000Z,False,True,False,True,55729,3799,Lane Stadium,259,Virginia Tech,fbs,ACC,31,"[7, 3, 0, 21]",0.7790356644368289,1557,1552,103,Boston College,fbs,ACC,33,"[0, 14, 9, 10]",0.22096433556317108,1514,1519,7.25837995109999,,,,CollegeFootballData.com API,2026-08-31T17:31:53.147673+00:00,/games,1.3
400548298,2014,10,regular,2014-11-01T17:00:00.000Z,False,True,False,True,35633,3726,Folsom Field,38,Colorado,fbs,Pac-12,23,"[10, 10, 3, 0]",0.09448488618558111,1287,1289,264,Washington,fbs,Pac-12,38,"[7, 10, 14, 7]",0.9055151138144188,1689,1687,4.93241120729999,,,,CollegeFootballData.com API,2026-08-31T17:31:53.147673+00:00,/games,1.3
400548145,2014,10,regular,2014-11-01T17:00:00.000Z,False,True,False,True,19613,3912,Rynearson Stadium,2199,Eastern Michigan,fbs,Mid-American,7,"[0, 0, 0, 7]",0.003842180713069437,892,862,2117,Central Michigan,fbs,Mid-American,38,"[14, 17, 0, 7]",0.9961578192869306,1371,1401,0.788018171,,,,CollegeFootballData.com API,2026-08-31T17:31:53.147673+00:00,/games,1.3
400548146,2014,10,regular,2014-11-01T18:30:00.000Z,False,True,False,True,9045,3996,Yager Stadium,193,Miami (OH),fbs,Mid-American,10,"[0, 10, 0, 0]",0.004027604111334408,1122,1063,2711,Western Michigan,fbs,Mid-American,41,"[7, 17, 14, 3]",0.9959723958886656,1344,1403,2.3019213145,,,,CollegeFootballData.com API,2026-08-31T17:31:53.147673+00:00,/games,1.3
400547806,2014,10,regular,2014-11-01T19:00:00.000Z,False,True,False,True,40787,1964,JMA Wireless Dome,183,Syracuse,fbs,ACC,17,"[0, 7, 7, 3]",0.016713376402699515,1548,1523,152,NC State,fbs,ACC,24,"[3, 6, 8, 7]",0.9832866235973005,1406,1431,9.46391807499999,,,,CollegeFootballData.com API,2026-08-31T17:31:53.147673+00:00,/games,1.3
400548063,2014,10,regular,2014-11-01T19:00:00.000Z,False,True,False,True,20011,3776,Joe Aillet Stadium,2348,Louisiana Tech,fbs,Conference USA,59,"[10, 21, 21, 7]",0.9998620009031793,1553,1698,98,Western Kentucky,fbs,Conference USA,10,"[7, 3, 0, 0]",0.00013799909682066236,1511,1366,2.35368803849999,,,,CollegeFootballData.com API,2026-08-31T17:31:53.147673+00:00,/games,1.3
400548348,2014,10,regular,2014-11-01T19:30:00.000Z,False,True,True,True,83004,3712,EverBank Stadium,61,Georgia,fbs,SEC,20,"[7, 0, 0, 13]",0.022740042863629174,2015,1932,57,Florida,fbs,SEC,38,"[0, 14, 10, 14]",0.9772599571363708,1612,1695,3.164413803,,,,CollegeFootballData.com API,2026-08-31T17:31:53.147673+00:00,/games,1.3
400547777,2014,10,regular,2014-11-01T19:30:00.000Z,False,True,False,True,46657,721,Bobby Dodd Stadium,59,Georgia Tech,fbs,ACC,35,"[14, 7, 7, 7]",0.9989998371593184,1701,1735,258,Virginia,fbs,ACC,10,"[7, 3, 0, 0]",0.0010001628406816065,1431,1397,2.3565108761,,,,CollegeFootballData.com API,2026-08-31T17:31:53.147673+00:00,/games,1.3
400548435,2014,10,regular,2014-11-01T19:30:00.000Z,False,True,False,True,22643,3792,Kidd Brewer Stadium,2026,App State,fbs,Sun Belt,44,"[13, 14, 10, 7]",0.9999907254348499,1325,1416,2247,Georgia State,fbs,Sun Belt,0,"[0, 0, 0, 0]",9.274565150096947e-06,1036,945,1.3802187102,,,,CollegeFootballData.com API,2026-08-31T17:31:53.147673+00:00,/games,1.3
400547923,2014,10,regular,2014-11-01T19:30:00.000Z,False,True,False,True,103111,3558,Michigan Stadium,130,Michigan,fbs,Big Ten,34,"[10, 7, 7, 10]",0.9997149192239164,1548,1595,84,Indiana,fbs,Big Ten,10,"[0, 0, 3, 7]",0.0002850807760835794,1437,1390,1.489488031,,,,CollegeFootballData.com API,2026-08-31T17:31:53.147673+00:00,/games,1.3
400547885,2014,10,regular,2014-11-01T19:30:00.000Z,False,True,False,True,61190,3842,Milan Puskar Stadium,277,West Virginia,fbs,Big 12,30,"[13, 0, 14, 3]",0.8160128823446183,1668,1680,2628,TCU,fbs,Big 12,31,"[7, 0, 14, 10]",0.18398711765538167,1969,1957,9.5595904288,,,,CollegeFootballData.com API,2026-08-31T17:31:53.147673+00:00,/games,1.3
400547973,2014,10,regular,2014-11-01T19:30:00.000Z,False,True,False,True,91107,3834,"Memorial Stadium (Lincoln, NE)",158,Nebraska,fbs,Big Ten,35,"[7, 14, 7, 7]",0.9510133630487907,1856,1853,2509,Purdue,fbs,Big Ten,14,"[0, 7, 0, 7]",0.048986636951209306,1300,1303,1.1753927265,,,,CollegeFootballData.com API,2026-08-31T17:31:53.147673+00:00,/games,1.3
400548064,2014,10,regular,2014-11-01T19:30:00.000Z,False,True,False,False,18952,3725,"Johnny ""Red"" Floyd Stadium",2393,Middle Tennessee,fbs,Conference USA,7,"[0, 7, 0, 0]",0.004112380541885746,1368,1342,252,BYU,fbs,FBS Independents,27,"[7, 0, 14, 6]",0.9958876194581142,1600,1626,4.25978091109999,,,,CollegeFootballData.com API,2026-08-31T17:31:53.147673+00:00,/games,1.3
400548351,2014,10,regular,2014-11-01T20:00:00.000Z,False,True,False,True,62004,3838,Memorial Stadium,142,Missouri,fbs,SEC,20,"[0, 14, 3, 3]",0.9702045018555654,1800,1793,96,Kentucky,fbs,SEC,10,"[0, 3, 0, 7]",0.029795498144434607,1442,1449,3.4960743948,,,,CollegeFootballData.com API,2026-08-31T17:31:53.147673+00:00,/games,1.3
400547884,2014,10,regular,2014-11-01T20:00:00.000Z,False,True,False,True,47574,4727,McLane Stadium,239,Baylor,fbs,Big 12,60,"[20, 19, 14, 7]",0.9987535408164645,1932,1977,2305,Kansas,fbs,Big 12,14,"[7, 0, 7, 0]",0.0012464591835354977,1222,1177,0.123920417200001,,,,CollegeFootballData.com API,2026-08-31T17:31:53.147673+00:00,/games,1.3
400548439,2014,10,regular,2014-11-01T20:00:00.000Z,False,True,False,True,8623,3601,Aggie Memorial Stadium,166,New Mexico State,fbs,Sun Belt,29,"[7, 7, 7, 8]",0.49960116665448173,953,957,326,Texas State,fbs,Sun Belt,37,"[17, 0, 20, 0]",0.5003988333455183,1213,1209,4.2016782068,,,,CollegeFootballData.com API,2026-08-31T17:31:53.147673+00:00,/games,1.3
400547704,2014,10,regular,2014-11-01T20:00:00.000Z,False,True,False,True,29782,3886,Raymond James Stadium,58,South Florida,fbs,American Athletic,3,"[0, 0, 3, 0]",0.004897403822728619,1276,1254,248,Houston,fbs,American Athletic,27,"[7, 0, 7, 13]",0.9951025961772714,1645,1667,2.4892884378,,,,CollegeFootballData.com API,2026-08-31T17:31:53.147673+00:00,/games,1.3
400548297,2014,10,regular,2014-11-01T20:30:00.000Z,False,True,False,True,25012,3820,Gesa Field,265,Washington State,fbs,Pac-12,17,"[0, 7, 3, 7]",0.013838894600340726,1417,1389,30,USC,fbs,Pac-12,44,"[14, 10, 13, 7]",0.9861611053996593,1808,1836,2.1234331609,,,,CollegeFootballData.com API,2026-08-31T17:31:53.147673+00:00,/games,1.3
400548436,2014,10,regular,2014-11-01T21:00:00.000Z,False,True,False,True,11082,3791,Kibbie Dome,70,Idaho,fbs,Sun Belt,28,"[0, 14, 14, 0]",0.2425000543094742,1028,1033,2032,Arkansas State,fbs,Sun Belt,44,"[7, 10, 13, 14]",0.7574999456905258,1484,1479,6.11509159409999,,,,CollegeFootballData.com API,2026-08-31T17:31:53.147673+00:00,/games,1.3
400548438,2014,10,regular,2014-11-01T21:00:00.000Z,False,True,False,True,25861,3666,Cajun Field,309,Louisiana,fbs,Sun Belt,19,"[3, 3, 3, 10]",0.9871069277631739,1375,1397,6,South Alabama,fbs,Sun Belt,9,"[0, 9, 0, 0]",0.01289307223682612,1436,1414,6.8892179871,,,,CollegeFootballData.com API,2026-08-31T17:31:53.147673+00:00,/games,1.3
400548231,2014,10,regular,2014-11-01T21:30:00.000Z,False,True,False,True,13419,3914,Sam Boyd Stadium,2439,UNLV,fbs,Mountain West,28,"[0, 7, 14, 7]",0.8337400526901987,1170,1170,167,New Mexico,fbs,Mountain West,31,"[7, 10, 0, 14]",0.16625994730980131,1242,1242,8.113516286,,,,CollegeFootballData.com API,2026-08-31T17:31:53.147673+00:00,/games,1.3
400548065,2014,10,regular,2014-11-01T23:00:00.000Z,False,True,False,False,28966,3973,FirstBank Stadium,238,Vanderbilt,fbs,SEC,42,"[7, 21, 0, 14]",0.9974735597574906,1387,1399,295,Old Dominion,fbs,Conference USA,28,"[7, 7, 7, 7]",0.0025264402425093646,1187,1175,2.531902373,,,,CollegeFootballData.com API,2026-08-31T17:31:53.147673+00:00,/games,1.3
400548062,2014,10,regular,2014-11-01T23:00:00.000Z,False,True,False,True,17724,3715,FAU Stadium,2226,Florida Atlantic,fbs,Conference USA,28,"[0, 7, 0, 21]",,1276,1273,5,UAB,fbs,Conference USA,31,"[7, 14, 7, 3]",,1294,1297,,,,,CollegeFootballData.com API,2026-08-31T17:31:53.147673+00:00,/games,1.3
400548227,2014,10,regular,2014-11-01T23:00:00.000Z,False,True,False,True,17887,3935,CEFCU Stadium,23,San José State,fbs,Mountain West,31,"[7, 7, 3, 14]",,1350,1353,36,Colorado State,fbs,Mountain West,38,"[7, 10, 7, 14]",,1568,1565,,,,,CollegeFootballData.com API,2026-08-31T17:31:53.147673+00:00,/games,1.3
400548349,2014,10,regular,2014-11-01T23:00:00.000Z,False,True,False,True,62090,3974,Vaught-Hemingway Stadium,145,Ole Miss,fbs,SEC,31,"[7, 10, 7, 7]",0.32216244984590314,1941,1934,2,Auburn,fbs,SEC,35,"[7, 7, 14, 7]",0.6778375501540969,1938,1945,8.5745438034,,,,CollegeFootballData.com API,2026-08-31T17:31:53.147673+00:00,/games,1.3
400548350,2014,10,regular,2014-11-01T23:15:00.000Z,False,True,False,True,63207,3693,Davis Wade Stadium,344,Mississippi State,fbs,SEC,17,"[0, 7, 3, 7]",0.9272788177011652,1891,1889,8,Arkansas,fbs,SEC,10,"[3, 7, 0, 0]",0.07272118229883484,1674,1676,6.676529318,,,,CollegeFootballData.com API,2026-08-31T17:31:53.147673+00:00,/games,1.3
400547881,2014,10,regular,2014-11-01T23:30:00.000Z,False,True,False,True,60961,3784,Jones AT&T Stadium,2641,Texas Tech,fbs,Big 12,13,"[6, 7, 0, 0]",0.003982224366065655,1338,1312,251,Texas,fbs,Big 12,34,"[3, 14, 3, 14]",0.9960177756339343,1590,1616,4.84028353649999,,,,CollegeFootballData.com API,2026-08-31T17:31:53.147673+00:00,/games,1.3
400548352,2014,10,regular,2014-11-01T23:30:00.000Z,False,True,False,True,81891,3994,Williams-Brice Stadium,2579,South Carolina,fbs,SEC,42,"[7, 7, 14, 14, 0]",0.502816387415287,1754,1736,2633,Tennessee,fbs,SEC,45,"[7, 14, 0, 21, 3]",0.497183612584713,1543,1561,6.7449963131,,,,CollegeFootballData.com API,2026-08-31T17:31:53.147673+00:00,/games,1.3
400548299,2014,10,regular,2014-11-01T23:30:00.000Z,False,True,False,True,58794,3626,Autzen Stadium,2483,Oregon,fbs,Pac-12,45,"[14, 10, 7, 14]",0.9999408527853367,1910,1979,24,Stanford,fbs,Pac-12,16,"[6, 7, 3, 0]",5.914721466326878e-05,1848,1779,1.82635296229999,,,,CollegeFootballData.com API,2026-08-31T17:31:53.147673+00:00,/games,1.3
400548066,2014,10,regular,2014-11-02T00:00:00.000Z,False,True,False,True,24673,3946,Sun Bowl,2638,UTEP,fbs,Conference USA,35,"[7, 0, 14, 14]",0.6022686458604467,1235,1273,2572,Southern Miss,fbs,Conference USA,14,"[0, 0, 14, 0]",0.3977313541395533,1118,1080,4.4519372789,,,,CollegeFootballData.com API,2026-08-31T17:31:53.147673+00:00,/games,1.3
400547912,2014,10,regular,2014-11-02T00:00:00.000Z,False,True,False,True,106961,3861,Ohio Stadium,194,Ohio State,fbs,Big Ten,55,"[17, 14, 17, 7]",0.9996811317351937,2021,2057,356,Illinois,fbs,Big Ten,14,"[0, 0, 7, 7]",0.0003188682648063157,1350,1314,0.3573422323,,,,CollegeFootballData.com API,2026-08-31T17:31:53.147673+00:00,/games,1.3
400548465,2014,10,regular,2014-11-02T00:00:00.000Z,False,True,True,False,36807,3719,Northwest Stadium,2426,Navy,fbs,FBS Independents,39,"[7, 10, 14, 8]",0.03827622331050785,1487,1498,87,Notre Dame,fbs,FBS Independents,49,"[14, 14, 0, 21]",0.9617237766894922,1825,1814,3.7868645976,,,,CollegeFootballData.com API,2026-08-31T17:31:53.147673+00:00,/games,1.3
400547882,2014,10,regular,2014-11-02T00:00:00.000Z,False,True,False,True,53746,3636,Bill Snyder Family Stadium,2306,Kansas State,fbs,Big 12,48,"[14, 7, 10, 17]",0.9997892056627528,1849,1919,197,Oklahoma State,fbs,Big 12,14,"[7, 0, 0, 7]",0.00021079433724724428,1658,1588,1.51613377529999,,,,CollegeFootballData.com API,2026-08-31T17:31:53.147673+00:00,/games,1.3
400548300,2014,10,regular,2014-11-02T02:30:00.000Z,False,True,False,True,42479,3893,Reser Stadium,204,Oregon State,fbs,Pac-12,31,"[0, 10, 14, 7]",0.046860578849300755,1530,1475,25,California,fbs,Pac-12,45,"[3, 17, 7, 18]",0.9531394211506993,1315,1370,7.3573069497,,,,CollegeFootballData.com API,2026-08-31T17:31:53.147673+00:00,/games,1.3
400548295,2014,10,regular,2014-11-02T02:30:00.000Z,False,True,False,True,80246,1056,Rose Bowl,26,UCLA,fbs,Pac-12,17,"[0, 3, 14, 0]",0.9770059189973284,1740,1757,12,Arizona,fbs,Pac-12,7,"[7, 0, 0, 0]",0.02299408100267164,1743,1726,6.6830896181,,,,CollegeFootballData.com API,2026-08-31T17:31:53.147673+00:00,/games,1.3
400548230,2014,10,regular,2014-11-02T02:30:00.000Z,False,True,False,True,20508,3816,Mackay Stadium,2440,Nevada,fbs,Mountain West,30,"[3, 7, 3, 17]",0.9649532065857672,1489,1520,21,San Diego State,fbs,Mountain West,14,"[7, 7, 0, 0]",0.03504679341423278,1449,1418,5.97584543,,,,CollegeFootballData.com API,2026-08-31T17:31:53.147673+00:00,/games,1.3
400548228,2014,10,regular,2014-11-02T02:45:00.000Z,False,True,False,True,32164,3660,Valley Children's Stadium,278,Fresno State,fbs,Mountain West,17,"[7, 3, 0, 7]",0.00730733696761355,1384,1283,2751,Wyoming,fbs,Mountain West,45,"[7, 14, 0, 24]",0.9926926630323865,1208,1309,4.2353601415,,,,CollegeFootballData.com API,2026-08-31T17:31:53.147673+00:00,/games,1.3
400548229,2014,10,regular,2014-11-02T03:00:00.000Z,False,True,False,True,24761,3610,Aloha Stadium,62,Hawai'i,fbs,Mountain West,14,"[14, 0, 0, 0]",0.20147670035732662,1294,1275,328,Utah State,fbs,Mountain West,35,"[14, 14, 7, 0]",0.7985232996426734,1617,1636,3.72522391029999,,,,CollegeFootballData.com API,2026-08-31T17:31:53.147673+00:00,/games,1.3
400548296,2014,10,regular,2014-11-02T03:00:00.000Z,False,True,False,True,53754,3947,Mountain America Stadium,9,Arizona State,fbs,Pac-12,19,"[6, 7, 0, 3, 3]",0.8710813872882942,1746,1746,254,Utah,fbs,Pac-12,16,"[0, 6, 10, 0, 0]",0.1289186127117058,1646,1646,9.899171442,,,,CollegeFootballData.com API,2026-08-31T17:31:53.147673+00:00,/games,1.3
400548147,2014,11,regular,2014-11-05T01:00:00.000Z,False,True,False,True,10348,3768,InfoCision Stadium,2006,Akron,fbs,Mid-American,10,"[0, 3, 0, 7]",0.22823054365192955,1269,1243,189,Bowling Green,fbs,Mid-American,27,"[3, 3, 14, 7]",0.7717694563480705,1418,1444,6.9204670515,,,,CollegeFootballData.com API,2026-08-31T17:31:53.147673+00:00,/games,1.3
400548148,2014,11,regular,2014-11-05T01:00:00.000Z,False,True,False,True,7471,3696,Dix Stadium,2309,Kent State,fbs,Mid-American,20,"[0, 0, 14, 6]",0.03949095925972328,1151,1155,2649,Toledo,fbs,Mid-American,30,"[6, 10, 14, 0]",0.9605090407402768,1452,1448,2.7548004571,,,,CollegeFootballData.com API,2026-08-31T17:31:53.147673+00:00,/games,1.3
400548150,2014,11,regular,2014-11-06T01:00:00.000Z,False,True,False,True,6642,3919,Scheumann Stadium,2050,Ball State,fbs,Mid-American,21,"[7, 7, 0, 7]",0.1150833904634462,1475,1438,2459,Northern Illinois,fbs,Mid-American,35,"[14, 0, 7, 14]",0.8849166095365538,1424,1461,7.126444489,,,,CollegeFootballData.com API,2026-08-31T17:31:53.147673+00:00,/games,1.3
400548149,2014,11,regular,2014-11-06T01:00:00.000Z,False,True,False,True,15405,3876,Peden Stadium,195,Ohio,fbs,Mid-American,37,"[10, 7, 10, 10]",0.9989763511323602,1158,1232,2084,Buffalo,fbs,Mid-American,14,"[0, 0, 7, 7]",0.001023648867639837,1311,1237,2.0729400118,,,,CollegeFootballData.com API,2026-08-31T17:31:53.147673+00:00,/games,1.3
400547747,2014,11,regular,2014-11-07T00:30:00.000Z,False,True,False,True,28846,3630,Allegacy Federal Credit Union Stadium,154,Wake Forest,fbs,ACC,20,"[7, 10, 0, 3]",0.007274243034481466,1300,1315,228,Clemson,fbs,ACC,34,"[0, 17, 3, 14]",0.9927257569655186,1832,1817,5.0535574159,,,,CollegeFootballData.com API,2026-08-31T17:31:53.147673+00:00,/games,1.3
400550749,2014,11,regular,2014-11-08T00:30:00.000Z,False,True,False,True,23882,3806,Lincoln Financial Field,218,Temple,fbs,American Athletic,13,"[10, 0, 0, 3]",0.2009994925413554,1530,1527,235,Memphis,fbs,American Athletic,16,"[0, 10, 3, 3]",0.7990005074586446,1553,1556,8.9542144241,,,,CollegeFootballData.com API,2026-08-31T17:31:53.147673+00:00,/games,1.3
400548237,2014,11,regular,2014-11-08T01:00:00.000Z,False,True,False,True,14430,3984,War Memorial Stadium,2751,Wyoming,fbs,Mountain West,3,"[0, 3, 0, 0]",0.11955902157471754,1309,1300,328,Utah State,fbs,Mountain West,20,"[17, 0, 0, 3]",0.8804409784252825,1636,1645,3.1740595528,,,,CollegeFootballData.com API,2026-08-31T17:31:53.147673+00:00,/games,1.3
400548069,2014,11,regular,2014-11-08T17:00:00.000Z,False,True,False,True,9457,3803,Legion Field,5,UAB,fbs,Conference USA,24,"[3, 7, 7, 7]",0.007879630942468022,1297,1297,2348,Louisiana Tech,fbs,Conference USA,40,"[14, 10, 6, 10]",0.992120369057532,1698,1698,5.190910791,,,,CollegeFootballData.com API,2026-08-31T17:31:53.147673+00:00,/games,1.3
400548343,2014,11,regular,2014-11-08T17:00:00.000Z,False,True,False,True,60152,3683,Kroger Field,96,Kentucky,fbs,SEC,31,"[0, 24, 0, 7]",0.004001991112975533,1449,1417,61,Georgia,fbs,SEC,63,"[21, 14, 21, 7]",0.9959980088870245,1932,1964,1.26664103169999,,,,CollegeFootballData.com API,2026-08-31T17:31:53.147673+00:00,/games,1.3
400547924,2014,11,regular,2014-11-08T17:00:00.000Z,False,True,False,True,42683,3830,"Memorial Stadium (Bloomington, IN)",84,Indiana,fbs,Big Ten,7,"[0, 7, 0, 0]",0.24152260676781406,1390,1392,213,Penn State,fbs,Big Ten,13,"[0, 7, 3, 3]",0.758477393232186,1575,1573,8.56621631969999,,,,CollegeFootballData.com API,2026-08-31T17:31:53.147673+00:00,/games,1.3
400547933,2014,11,regular,2014-11-08T17:00:00.000Z,False,True,False,True,49680,3953,Huntington Bank Stadium,135,Minnesota,fbs,Big Ten,51,"[7, 28, 7, 9]",0.9986950278587988,1562,1696,2294,Iowa,fbs,Big Ten,14,"[7, 0, 0, 7]",0.0013049721412011772,1751,1617,2.0525521472,,,,CollegeFootballData.com API,2026-08-31T17:31:53.147673+00:00,/games,1.3
400547708,2014,11,regular,2014-11-08T17:00:00.000Z,False,True,False,True,14269,3674,Chapman Stadium,202,Tulsa,fbs,American Athletic,38,"[14, 14, 7, 3]",0.9309422418447046,1165,1169,2567,SMU,fbs,American Athletic,28,"[13, 0, 0, 15]",0.06905775815529536,978,974,2.8908161925,,,,CollegeFootballData.com API,2026-08-31T17:31:53.147673+00:00,/games,1.3
400547888,2014,11,regular,2014-11-08T17:00:00.000Z,False,True,False,True,85048,3835,"Memorial Stadium (Norman, OK)",201,Oklahoma,fbs,Big 12,14,"[14, 0, 0, 0]",0.004061921366110758,1970,1872,239,Baylor,fbs,Big 12,48,"[3, 21, 14, 10]",0.9959380786338893,1977,2075,4.210959287,,,,CollegeFootballData.com API,2026-08-31T17:31:53.147673+00:00,/games,1.3
400548071,2014,11,regular,2014-11-08T17:00:00.000Z,False,True,False,True,19464,3895,Rice Stadium,242,Rice,fbs,Conference USA,17,"[7, 3, 7, 0]",0.9902348704716365,1505,1506,2636,UTSA,fbs,Conference USA,7,"[0, 0, 0, 7]",0.009765129528363503,1268,1267,2.7736002808,,,,CollegeFootballData.com API,2026-08-31T17:31:53.147673+00:00,/games,1.3
400547992,2014,11,regular,2014-11-08T17:00:00.000Z,False,True,False,True,35068,3907,Ross-Ade Stadium,2509,Purdue,fbs,Big Ten,16,"[3, 3, 10, 0]",0.005889553087400603,1303,1325,275,Wisconsin,fbs,Big Ten,34,"[7, 17, 7, 3]",0.9941104469125994,2011,1989,2.3577005357,,,,CollegeFootballData.com API,2026-08-31T17:31:53.147673+00:00,/games,1.3
400548344,2014,11,regular,2014-11-08T17:00:00.000Z,False,True,False,False,60546,3974,Vaught-Hemingway Stadium,145,Ole Miss,fbs,SEC,48,"[14, 21, 7, 6]",0.999994312835886,,,2506,Presbyterian,fcs,Big South,0,"[0, 0, 0, 0]",5.687164113976628e-06,,,0.0281034305999996,,,,CollegeFootballData.com API,2026-08-31T17:31:53.147673+00:00,/games,1.3
400547758,2014,11,regular,2014-11-08T17:30:00.000Z,False,True,False,True,39331,1964,JMA Wireless Dome,183,Syracuse,fbs,ACC,10,"[3, 0, 7, 0]",0.16148047838622212,1523,1495,150,Duke,fbs,ACC,27,"[3, 7, 0, 17]",0.8385195216137779,1652,1680,6.28921908539999,,,,CollegeFootballData.com API,2026-08-31T17:31:53.147673+00:00,/games,1.3
400547778,2014,11,regular,2014-11-08T17:30:00.000Z,False,True,False,True,54653,3670,Carter-Finley Stadium,152,NC State,fbs,ACC,23,"[13, 3, 0, 7]",0.004043615473071915,1431,1375,59,Georgia Tech,fbs,ACC,56,"[14, 21, 14, 7]",0.9959563845269281,1735,1791,2.8722394024,,,,CollegeFootballData.com API,2026-08-31T17:31:53.147673+00:00,/games,1.3
400548442,2014,11,regular,2014-11-08T20:00:00.000Z,False,True,False,True,16148,3975,Veterans Memorial Stadium (AL),2653,Troy,fbs,Sun Belt,45,"[14, 7, 17, 7]",0.9982297145202328,987,1042,2247,Georgia State,fbs,Sun Belt,21,"[7, 0, 7, 7]",0.0017702854797672085,945,890,2.3317692235,,,,CollegeFootballData.com API,2026-08-31T17:31:53.147673+00:00,/games,1.3
400548441,2014,11,regular,2014-11-08T20:00:00.000Z,False,True,False,True,23615,3625,Centennial Bank Stadium,2032,Arkansas State,fbs,Sun Belt,45,"[7, 17, 14, 7]",0.9999826515688701,1479,1569,6,South Alabama,fbs,Sun Belt,10,"[3, 0, 0, 7]",1.7348431129882158e-05,1414,1324,2.03721627629999,,,,CollegeFootballData.com API,2026-08-31T17:31:53.147673+00:00,/games,1.3
400547889,2014,11,regular,2014-11-08T20:30:00.000Z,False,True,False,True,95714,3910,DKR-Texas Memorial Stadium,251,Texas,fbs,Big 12,33,"[7, 17, 0, 9]",0.9228188044550627,1616,1660,277,West Virginia,fbs,Big 12,16,"[3, 0, 0, 13]",0.0771811955449373,1680,1636,3.49971018379999,,,,CollegeFootballData.com API,2026-08-31T17:31:53.147673+00:00,/games,1.3
400547706,2014,11,regular,2014-11-08T20:30:00.000Z,False,True,False,True,32205,4728,TDECU Stadium,248,Houston,fbs,American Athletic,24,"[7, 10, 0, 7]",0.4357731773891797,1667,1617,2655,Tulane,fbs,American Athletic,31,"[7, 7, 7, 10]",0.5642268226108202,1243,1293,7.1295684885,,,,CollegeFootballData.com API,2026-08-31T17:31:53.147673+00:00,/games,1.3
400547705,2014,11,regular,2014-11-08T20:30:00.000Z,False,True,True,False,27453,4102,Yankee Stadium,349,Army,fbs,FBS Independents,35,"[7, 7, 7, 14]",0.9993807917293012,1167,1221,41,UConn,fbs,American Athletic,21,"[0, 7, 0, 14]",0.0006192082706988344,1345,1291,4.0457635484,,,,CollegeFootballData.com API,2026-08-31T17:31:53.147673+00:00,/games,1.3
400548440,2014,11,regular,2014-11-08T20:30:00.000Z,False,True,False,True,20497,3792,Kidd Brewer Stadium,2026,App State,fbs,Sun Belt,31,"[7, 14, 0, 10]",0.955670020456861,1416,1414,2433,UL Monroe,fbs,Sun Belt,29,"[6, 14, 3, 6]",0.044329979543139,1203,1205,9.8887889683,,,,CollegeFootballData.com API,2026-08-31T17:31:53.147673+00:00,/games,1.3
400547887,2014,11,regular,2014-11-08T20:30:00.000Z,False,True,False,True,33288,3833,Memorial Stadium,2305,Kansas,fbs,Big 12,34,"[17, 7, 7, 3]",0.9978260583384132,1177,1248,66,Iowa State,fbs,Big 12,14,"[0, 7, 7, 0]",0.002173941661586798,1392,1321,3.60044165099999,,,,CollegeFootballData.com API,2026-08-31T17:31:53.147673+00:00,/games,1.3
400548302,2014,11,regular,2014-11-08T20:30:00.000Z,False,True,False,False,65870,3947,Mountain America Stadium,9,Arizona State,fbs,Pac-12,55,"[17, 17, 0, 21]",0.9976447148722389,1746,1814,87,Notre Dame,fbs,FBS Independents,31,"[3, 7, 7, 14]",0.0023552851277610642,1814,1746,3.2287435182,,,,CollegeFootballData.com API,2026-08-31T17:31:53.147673+00:00,/games,1.3
400548067,2014,11,regular,2014-11-08T20:30:00.000Z,False,True,False,True,20118,3918,S.B. Ballard Stadium,295,Old Dominion,fbs,Conference USA,38,"[7, 14, 7, 10]",0.92328656470437,1175,1176,2229,Florida International,fbs,Conference USA,35,"[7, 3, 17, 8]",0.07671343529563002,1206,1205,7.415662676,,,,CollegeFootballData.com API,2026-08-31T17:31:53.147673+00:00,/games,1.3
400548346,2014,11,regular,2014-11-08T20:30:00.000Z,False,True,False,True,87451,3785,Jordan-Hare Stadium,2,Auburn,fbs,SEC,38,"[14, 3, 7, 14]",0.8798018693511678,1945,1922,245,Texas A&M,fbs,SEC,41,"[14, 21, 3, 3]",0.12019813064883222,1668,1691,6.7970354703,,,,CollegeFootballData.com API,2026-08-31T17:31:53.147673+00:00,/games,1.3
400547950,2014,11,regular,2014-11-08T20:30:00.000Z,False,True,False,True,42429,3911,Ryan Field,77,Northwestern,fbs,Big Ten,9,"[0, 0, 0, 9]",0.7068193644839437,1455,1460,130,Michigan,fbs,Big Ten,10,"[0, 0, 7, 3]",0.29318063551605633,1595,1590,6.834501118,,,,CollegeFootballData.com API,2026-08-31T17:31:53.147673+00:00,/games,1.3
400548443,2014,11,regular,2014-11-08T21:00:00.000Z,False,True,False,True,16772,3644,Bobcat Stadium (TX),326,Texas State,fbs,Sun Belt,25,"[0, 3, 7, 15]",0.5124432774146532,1209,1227,290,Georgia Southern,fbs,Sun Belt,28,"[7, 7, 14, 0]",0.48755672258534677,1614,1596,3.7940134911,,,,CollegeFootballData.com API,2026-08-31T17:31:53.147673+00:00,/games,1.3
400548232,2014,11,regular,2014-11-08T21:00:00.000Z,False,True,False,True,13481,3914,Sam Boyd Stadium,2439,UNLV,fbs,Mountain West,21,"[7, 7, 7, 0]",0.005207007158742072,1170,1118,2005,Air Force,fbs,Mountain West,48,"[10, 21, 14, 3]",0.9947929928412579,1349,1401,2.9106170011,,,,CollegeFootballData.com API,2026-08-31T17:31:53.147673+00:00,/games,1.3
400548072,2014,11,regular,2014-11-08T21:00:00.000Z,False,True,False,True,18472,3796,Houchens Industries-L.T. Smith Stadium,98,Western Kentucky,fbs,Conference USA,35,"[7, 7, 7, 14]",0.9990029218062559,1366,1372,2638,UTEP,fbs,Conference USA,27,"[17, 3, 7, 0]",0.000997078193744061,1273,1267,5.9961404506,,,,CollegeFootballData.com API,2026-08-31T17:31:53.147673+00:00,/games,1.3
400548305,2014,11,regular,2014-11-08T21:00:00.000Z,False,True,False,True,44377,3893,Reser Stadium,204,Oregon State,fbs,Pac-12,32,"[10, 6, 6, 10]",0.42574359665533085,1475,1455,265,Washington State,fbs,Pac-12,39,"[7, 14, 3, 15]",0.5742564033446691,1389,1409,6.82900429489999,,,,CollegeFootballData.com API,2026-08-31T17:31:53.147673+00:00,/games,1.3
400548345,2014,11,regular,2014-11-08T21:00:00.000Z,False,True,False,False,61421,3693,Davis Wade Stadium,344,Mississippi State,fbs,SEC,45,"[7, 17, 14, 7]",0.9998146576810383,,,2630,UT Martin,fcs,OVC,16,"[3, 0, 0, 13]",0.00018534231896172315,,,0.132935391499999,,,,CollegeFootballData.com API,2026-08-31T17:31:53.147673+00:00,/games,1.3
400547769,2014,11,regular,2014-11-08T23:30:00.000Z,False,True,False,True,82325,3697,Doak Campbell Stadium,52,Florida State,fbs,ACC,34,"[7, 21, 6, 0]",0.9937332709555694,2063,2041,258,Virginia,fbs,ACC,20,"[13, 0, 7, 0]",0.006266729044430597,1397,1419,1.72120486359999,,,,CollegeFootballData.com API,2026-08-31T17:31:53.147673+00:00,/games,1.3
400548236,2014,11,regular,2014-11-08T23:30:00.000Z,False,True,False,False,46293,3932,Qualcomm Stadium,21,San Diego State,fbs,Mountain West,35,"[14, 0, 14, 7]",0.9952443592320148,1418,1415,70,Idaho,fbs,Sun Belt,21,"[7, 7, 7, 0]",0.004755640767985181,1033,1036,2.5876882558,,,,CollegeFootballData.com API,2026-08-31T17:31:53.147673+00:00,/games,1.3
400548068,2014,11,regular,2014-11-09T00:00:00.000Z,False,True,False,True,20957,3825,DATCU Stadium,249,North Texas,fbs,Conference USA,31,"[7, 14, 0, 10]",,1253,1305,2226,Florida Atlantic,fbs,Conference USA,10,"[3, 0, 7, 0]",,1273,1221,,,,,CollegeFootballData.com API,2026-08-31T17:31:53.147673+00:00,/games,1.3
400548233,2014,11,regular,2014-11-09T00:00:00.000Z,False,True,False,True,21089,3971,University Stadium (NM),167,New Mexico,fbs,Mountain West,49,"[28, 14, 7, 0]",0.09680934881616289,1242,1253,68,Boise State,fbs,Mountain West,60,"[14, 21, 6, 19]",0.9031906511838371,1661,1650,7.1014017235,,,,CollegeFootballData.com API,2026-08-31T17:31:53.147673+00:00,/games,1.3
400548070,2014,11,regular,2014-11-09T00:00:00.000Z,False,True,False,True,22949,3815,M. M. Roberts Stadium,2572,Southern Miss,fbs,Conference USA,17,"[14, 3, 0, 0]",,1080,1035,276,Marshall,fbs,Conference USA,63,"[7, 21, 14, 21]",,1804,1849,0.393023960199999,,,,CollegeFootballData.com API,2026-08-31T17:31:53.147673+00:00,/games,1.3
400548303,2014,11,regular,2014-11-09T00:00:00.000Z,False,True,False,True,65547,3765,Husky Stadium,264,Washington,fbs,Pac-12,30,"[3, 7, 10, 10]",0.032990511106894424,1687,1662,26,UCLA,fbs,Pac-12,44,"[14, 17, 10, 3]",0.9670094888931056,1757,1782,2.5512111295,,,,CollegeFootballData.com API,2026-08-31T17:31:53.147673+00:00,/games,1.3
400548234,2014,11,regular,2014-11-09T00:00:00.000Z,False,True,False,True,25236,3761,Sonny Lubick Field at Hughes Stadium,36,Colorado State,fbs,Mountain West,49,"[14, 14, 14, 7]",0.999972352604592,1565,1602,62,Hawai'i,fbs,Mountain West,22,"[5, 3, 14, 0]",2.764739540794814e-05,1275,1238,1.18392892079999,,,,CollegeFootballData.com API,2026-08-31T17:31:53.147673+00:00,/games,1.3
400547737,2014,11,regular,2014-11-09T00:15:00.000Z,False,True,False,True,33565,3615,"Alumni Stadium (Chestnut Hill, MA)",103,Boston College,fbs,ACC,19,"[7, 6, 6, 0]",0.007539820927411493,1519,1500,97,Louisville,fbs,ACC,38,"[3, 14, 7, 14]",0.9924601790725885,1795,1814,5.23489307569999,,,,CollegeFootballData.com API,2026-08-31T17:31:53.147673+00:00,/games,1.3
400547886,2014,11,regular,2014-11-09T00:30:00.000Z,False,True,False,True,48012,3616,Amon G. Carter Stadium,2628,TCU,fbs,Big 12,41,"[14, 3, 14, 10]",0.9978241928450242,1957,2003,2306,Kansas State,fbs,Big 12,20,"[7, 0, 7, 6]",0.002175807154975784,1919,1873,3.4395175113,,,,CollegeFootballData.com API,2026-08-31T17:31:53.147673+00:00,/games,1.3
400548347,2014,11,regular,2014-11-09T00:30:00.000Z,False,True,False,True,35191,3973,FirstBank Stadium,238,Vanderbilt,fbs,SEC,10,"[7, 0, 0, 3]",0.01610263194410621,1399,1369,57,Florida,fbs,SEC,34,"[7, 10, 0, 17]",0.9838973680558938,1695,1725,2.9890928976,,,,CollegeFootballData.com API,2026-08-31T17:31:53.147673+00:00,/games,1.3
400548301,2014,11,regular,2014-11-09T01:00:00.000Z,False,True,False,True,50177,3619,Arizona Stadium,12,Arizona,fbs,Pac-12,38,"[7, 14, 3, 14]",0.9869372164015251,1726,1727,38,Colorado,fbs,Pac-12,20,"[7, 10, 3, 0]",0.013062783598474903,1289,1288,4.93881570319999,,,,CollegeFootballData.com API,2026-08-31T17:31:53.147673+00:00,/games,1.3
400547958,2014,11,regular,2014-11-09T01:00:00.000Z,False,True,False,True,76409,3936,Spartan Stadium,127,Michigan State,fbs,Big Ten,37,"[14, 7, 3, 13]",0.13448714139912618,1949,1933,194,Ohio State,fbs,Big Ten,49,"[7, 21, 7, 14]",0.8655128586008738,2057,2073,5.17976726739999,,,,CollegeFootballData.com API,2026-08-31T17:31:53.147673+00:00,/games,1.3
400548342,2014,11,regular,2014-11-09T01:00:00.000Z,False,True,False,True,102321,3958,Tiger Stadium (LA),99,LSU,fbs,SEC,13,"[7, 0, 3, 3, 0]",0.15981821439407926,1879,1883,333,Alabama,fbs,SEC,20,"[0, 10, 0, 3, 7]",0.8401817856059207,2106,2102,9.473643899,,,,CollegeFootballData.com API,2026-08-31T17:31:53.147673+00:00,/games,1.3
400548444,2014,11,regular,2014-11-09T01:00:00.000Z,False,True,False,True,10299,3601,Aggie Memorial Stadium,166,New Mexico State,fbs,Sun Belt,16,"[3, 0, 6, 7]",0.007012852155052425,957,931,309,Louisiana,fbs,Sun Belt,44,"[7, 14, 9, 14]",0.9929871478449476,1397,1423,2.8425402559,,,,CollegeFootballData.com API,2026-08-31T17:31:53.147673+00:00,/games,1.3
400548304,2014,11,regular,2014-11-09T03:00:00.000Z,False,True,False,True,47528,587,Rice-Eccles Stadium,254,Utah,fbs,Pac-12,27,"[7, 3, 10, 7]",0.07308904304344084,1646,1620,2483,Oregon,fbs,Pac-12,51,"[0, 24, 3, 24]",0.9269109569565591,1979,2005,3.4385011824,,,,CollegeFootballData.com API,2026-08-31T17:31:53.147673+00:00,/games,1.3
400548235,2014,11,regular,2014-11-09T03:30:00.000Z,False,True,False,True,36909,3660,Valley Children's Stadium,278,Fresno State,fbs,Mountain West,38,"[7, 21, 7, 3]",0.8592032892263805,1283,1318,23,San José State,fbs,Mountain West,24,"[14, 0, 7, 3]",0.14079671077361955,1353,1318,3.9884478071,,,,CollegeFootballData.com API,2026-08-31T17:31:53.147673+00:00,/games,1.3
400548151,2014,12,regular,2014-11-12T01:00:00.000Z,False,True,False,True,17343,3965,UB Stadium,2084,Buffalo,fbs,Mid-American,55,"[14, 13, 14, 14]",0.999797435616379,1237,1322,2006,Akron,fbs,Mid-American,24,"[7, 3, 7, 7]",0.0002025643836209845,1243,1158,3.2934654261,,,,CollegeFootballData.com API,2026-08-31T17:31:53.147673+00:00,/games,1.3
400548152,2014,12,regular,2014-11-12T01:00:00.000Z,False,True,False,True,8462,3764,Huskie Stadium,2459,Northern Illinois,fbs,Mid-American,27,"[10, 3, 7, 7]",0.5365383713830663,1461,1462,2649,Toledo,fbs,Mid-American,24,"[3, 7, 7, 7]",0.46346162861693374,1448,1447,6.9083608241,,,,CollegeFootballData.com API,2026-08-31T17:31:53.147673+00:00,/games,1.3
400548154,2014,12,regular,2014-11-13T01:00:00.000Z,False,True,False,True,8417,3700,Doyt L. Perry Stadium,189,Bowling Green,fbs,Mid-American,30,"[17, 3, 0, 10]",0.9631537121743785,1444,1442,2309,Kent State,fbs,Mid-American,20,"[0, 7, 7, 6]",0.03684628782562149,1155,1157,3.24893075329999,,,,CollegeFootballData.com API,2026-08-31T17:31:53.147673+00:00,/games,1.3
400548153,2014,12,regular,2014-11-13T01:00:00.000Z,False,True,False,True,13374,3985,Warren McGuirk Alumni Stadium,113,Massachusetts,fbs,Mid-American,24,"[7, 10, 0, 7]",0.991180865236649,1150,1206,2050,Ball State,fbs,Mid-American,10,"[7, 0, 3, 0]",0.008819134763351055,1438,1382,5.7569689817,,,,CollegeFootballData.com API,2026-08-31T17:31:53.147673+00:00,/games,1.3
400547710,2014,12,regular,2014-11-14T00:00:00.000Z,False,True,False,True,19113,3874,Paul Brown Stadium,2132,Cincinnati,fbs,American Athletic,54,"[14, 17, 7, 16]",0.8560604732474304,1575,1591,151,East Carolina,fbs,American Athletic,46,"[6, 14, 7, 19]",0.1439395267525696,1645,1629,8.3410221333,,,,CollegeFootballData.com API,2026-08-31T17:31:53.147673+00:00,/games,1.3
400548076,2014,12,regular,2014-11-14T01:00:00.000Z,False,True,False,True,20281,3604,Alamodome,2636,UTSA,fbs,Conference USA,12,"[0, 6, 3, 3]",0.7103109669548742,1267,1264,2572,Southern Miss,fbs,Conference USA,10,"[0, 0, 0, 10]",0.28968903304512583,1035,1038,6.1389544609,,,,CollegeFootballData.com API,2026-08-31T17:31:53.147673+00:00,/games,1.3
400548306,2014,12,regular,2014-11-14T02:00:00.000Z,False,True,False,True,64615,477,Los Angeles Memorial Coliseum,30,USC,fbs,Pac-12,38,"[21, 10, 0, 7]",0.7890677655512346,1836,1822,25,California,fbs,Pac-12,30,"[2, 7, 7, 14]",0.2109322344487654,1370,1384,1.2629575132,,,,CollegeFootballData.com API,2026-08-31T17:31:53.147673+00:00,/games,1.3
400547709,2014,12,regular,2014-11-15T01:00:00.000Z,False,True,False,True,35323,3652,FBC Mortgage Stadium,2116,UCF,fbs,American Athletic,31,"[3, 14, 14, 0]",0.9997938277639258,1654,1664,202,Tulsa,fbs,American Athletic,7,"[0, 7, 0, 0]",0.0002061722360742202,1169,1159,1.44544461509999,,,,CollegeFootballData.com API,2026-08-31T17:31:53.147673+00:00,/games,1.3
400547713,2014,12,regular,2014-11-15T17:00:00.000Z,False,True,False,False,100173,3632,Beaver Stadium,213,Penn State,fbs,Big Ten,30,"[3, 3, 14, 10]",0.9981676231935631,1573,1606,218,Temple,fbs,American Athletic,13,"[3, 0, 10, 0]",0.0018323768064368862,1527,1494,4.70002628849999,,,,CollegeFootballData.com API,2026-08-31T17:31:53.147673+00:00,/games,1.3
400547748,2014,12,regular,2014-11-15T17:00:00.000Z,False,True,False,True,49378,721,Bobby Dodd Stadium,59,Georgia Tech,fbs,ACC,28,"[6, 3, 16, 3]",0.9999912483226994,1791,1847,228,Clemson,fbs,ACC,6,"[3, 0, 3, 0]",8.751677300633531e-06,1817,1761,3.04737136369999,,,,CollegeFootballData.com API,2026-08-31T17:31:53.147673+00:00,/games,1.3
400548077,2014,12,regular,2014-11-15T17:00:00.000Z,False,True,False,False,16819,3796,Houchens Industries-L.T. Smith Stadium,98,Western Kentucky,fbs,Conference USA,52,"[14, 10, 14, 14]",0.9999791794082422,1372,1427,349,Army,fbs,FBS Independents,24,"[7, 3, 14, 0]",2.082059175778639e-05,1221,1166,2.5116183633,,,,CollegeFootballData.com API,2026-08-31T17:31:53.147673+00:00,/games,1.3
400547913,2014,12,regular,2014-11-15T17:00:00.000Z,False,True,False,True,50373,3832,"Memorial Stadium (Champaign, IL)",356,Illinois,fbs,Big Ten,14,"[7, 0, 0, 7]",0.00523686846963882,1314,1305,2294,Iowa,fbs,Big Ten,30,"[2, 7, 7, 14]",0.9947631315303612,1617,1626,4.8990144037,,,,CollegeFootballData.com API,2026-08-31T17:31:53.147673+00:00,/games,1.3
400548339,2014,12,regular,2014-11-15T17:00:00.000Z,False,True,False,True,85088,3634,Ben Hill Griffin Stadium,57,Florida,fbs,SEC,20,"[0, 10, 7, 0, 3]",0.987068620279539,1725,1721,2579,South Carolina,fbs,SEC,23,"[10, 0, 0, 7, 6]",0.01293137972046099,1736,1740,6.3803032036,,,,CollegeFootballData.com API,2026-08-31T17:31:53.147673+00:00,/games,1.3
400547759,2014,12,regular,2014-11-15T17:00:00.000Z,False,True,False,True,30107,3982,Wallace Wade Stadium,150,Duke,fbs,ACC,16,"[10, 0, 6, 0]",0.8936150380435075,1680,1672,259,Virginia Tech,fbs,ACC,17,"[0, 7, 3, 7]",0.1063849619564925,1552,1560,7.99176657159999,,,,CollegeFootballData.com API,2026-08-31T17:31:53.147673+00:00,/games,1.3
400547965,2014,12,regular,2014-11-15T17:00:00.000Z,False,True,False,True,45778,3953,Huntington Bank Stadium,135,Minnesota,fbs,Big Ten,24,"[0, 14, 0, 10]",0.5778284442706988,1696,1710,194,Ohio State,fbs,Big Ten,31,"[14, 3, 7, 7]",0.4221715557293012,2073,2059,2.8723199108,,,,CollegeFootballData.com API,2026-08-31T17:31:53.147673+00:00,/games,1.3
400547800,2014,12,regular,2014-11-15T17:30:00.000Z,False,True,False,True,53000,3787,Kenan Stadium,153,North Carolina,fbs,ACC,40,"[0, 13, 13, 14]",0.8237116037693658,1532,1533,221,Pittsburgh,fbs,ACC,35,"[14, 7, 7, 7]",0.1762883962306342,1439,1438,8.3456828003,,,,CollegeFootballData.com API,2026-08-31T17:31:53.147673+00:00,/games,1.3
400548156,2014,12,regular,2014-11-15T18:00:00.000Z,False,True,False,True,7689,3786,Kelly/Shorts Stadium,2117,Central Michigan,fbs,Mid-American,34,"[7, 6, 14, 7]",0.5709305953213124,1401,1393,193,Miami (OH),fbs,Mid-American,27,"[0, 13, 7, 7]",0.4290694046786876,1063,1071,4.76586546019999,,,,CollegeFootballData.com API,2026-08-31T17:31:53.147673+00:00,/games,1.3
400548238,2014,12,regular,2014-11-15T19:00:00.000Z,False,True,False,True,11519,3713,Falcon Stadium,2005,Air Force,fbs,Mountain West,45,"[7, 14, 7, 10, 7]",0.975847235396336,1401,1418,2440,Nevada,fbs,Mountain West,38,"[0, 14, 7, 17, 0]",0.024152764603664,1520,1503,9.3143768308,,,,CollegeFootballData.com API,2026-08-31T17:31:53.147673+00:00,/games,1.3
400548155,2014,12,regular,2014-11-15T19:00:00.000Z,False,True,False,True,0,3980,Waldo Stadium,2711,Western Michigan,fbs,Mid-American,51,"[27, 21, 3, 0]",0.9999962492595125,1403,1462,2199,Eastern Michigan,fbs,Mid-American,7,"[0, 0, 7, 0]",3.750740487529214e-06,862,803,0.187209669799999,,,,CollegeFootballData.com API,2026-08-31T17:31:53.147673+00:00,/games,1.3
400548074,2014,12,regular,2014-11-15T19:30:00.000Z,False,True,False,True,30680,3775,Joan C. Edwards Stadium,276,Marshall,fbs,Conference USA,41,"[3, 17, 14, 7]",0.9996585450658921,1849,1881,242,Rice,fbs,Conference USA,14,"[0, 7, 0, 7]",0.0003414549341078654,1506,1474,1.27015131139999,,,,CollegeFootballData.com API,2026-08-31T17:31:53.147673+00:00,/games,1.3
400547892,2014,12,regular,2014-11-15T20:00:00.000Z,False,True,False,True,30889,3833,Memorial Stadium,2305,Kansas,fbs,Big 12,30,"[6, 7, 14, 3]",0.6466637705060376,1248,1284,2628,TCU,fbs,Big 12,34,"[7, 3, 21, 3]",0.3533362294939624,2003,1967,5.3857739922,,,,CollegeFootballData.com API,2026-08-31T17:31:53.147673+00:00,/games,1.3
400547807,2014,12,regular,2014-11-15T20:00:00.000Z,False,True,False,True,55353,3670,Carter-Finley Stadium,152,NC State,fbs,ACC,42,"[7, 14, 21, 0]",0.9992449174612223,1375,1444,154,Wake Forest,fbs,ACC,13,"[3, 0, 3, 7]",0.0007550825387776516,1315,1246,1.7008778373,,,,CollegeFootballData.com API,2026-08-31T17:31:53.147673+00:00,/games,1.3
400548445,2014,12,regular,2014-11-15T20:00:00.000Z,False,True,False,True,20016,3625,Centennial Bank Stadium,2032,Arkansas State,fbs,Sun Belt,32,"[13, 7, 0, 12]",0.008563011097830697,1569,1549,2026,App State,fbs,Sun Belt,37,"[0, 13, 14, 10]",0.9914369889021692,1414,1434,4.67586387729999,,,,CollegeFootballData.com API,2026-08-31T17:31:53.147673+00:00,/games,1.3
400548446,2014,12,regular,2014-11-15T20:30:00.000Z,False,True,False,False,33894,3852,Navy-Marine Corps Memorial Stadium,2426,Navy,fbs,FBS Independents,52,"[7, 10, 14, 21]",0.998349199306683,1498,1602,290,Georgia Southern,fbs,Sun Belt,19,"[7, 0, 6, 6]",0.0016508006933170227,1596,1492,2.44087699109999,,,,CollegeFootballData.com API,2026-08-31T17:31:53.147673+00:00,/games,1.3
400547925,2014,12,regular,2014-11-15T20:30:00.000Z,False,True,False,True,47492,3754,High Point Solutions Stadium,164,Rutgers,fbs,Big Ten,45,"[3, 7, 21, 14]",0.9613484084064932,1409,1460,84,Indiana,fbs,Big Ten,23,"[3, 10, 3, 7]",0.03865159159350684,1392,1341,5.6364389253,,,,CollegeFootballData.com API,2026-08-31T17:31:53.147673+00:00,/games,1.3
400547974,2014,12,regular,2014-11-15T20:30:00.000Z,False,True,False,True,80539,347,Camp Randall Stadium,275,Wisconsin,fbs,Big Ten,59,"[3, 21, 28, 7]",0.9999227233857677,1989,2069,158,Nebraska,fbs,Big Ten,24,"[10, 7, 0, 7]",7.727661423229115e-05,1853,1773,4.4889277222,,,,CollegeFootballData.com API,2026-08-31T17:31:53.147673+00:00,/games,1.3
400548307,2014,12,regular,2014-11-15T20:30:00.000Z,False,True,False,True,47757,3619,Arizona Stadium,12,Arizona,fbs,Pac-12,27,"[7, 14, 0, 6]",0.12961180478088424,1727,1726,264,Washington,fbs,Pac-12,26,"[7, 10, 9, 0]",0.8703881952191157,1662,1663,10.8317924145,,,,CollegeFootballData.com API,2026-08-31T17:31:53.147673+00:00,/games,1.3
400547890,2014,12,regular,2014-11-15T20:30:00.000Z,False,True,False,True,59014,3784,Jones AT&T Stadium,2641,Texas Tech,fbs,Big 12,30,"[7, 7, 7, 9]",0.1464503813498541,1312,1332,201,Oklahoma,fbs,Big 12,42,"[0, 7, 14, 21]",0.8535496186501459,1872,1852,6.9164904046,,,,CollegeFootballData.com API,2026-08-31T17:31:53.147673+00:00,/games,1.3
400547711,2014,12,regular,2014-11-15T20:30:00.000Z,False,True,False,True,28614,4729,Yulman Stadium,2655,Tulane,fbs,American Athletic,7,"[0, 0, 0, 7]",0.0042591700861988975,1293,1239,235,Memphis,fbs,American Athletic,38,"[7, 3, 21, 7]",0.9957408299138011,1556,1610,2.44667012929999,,,,CollegeFootballData.com API,2026-08-31T17:31:53.147673+00:00,/games,1.3
400547980,2014,12,regular,2014-11-15T20:30:00.000Z,False,True,False,False,80795,3855,Notre Dame Stadium,87,Notre Dame,fbs,FBS Independents,40,"[20, 7, 7, 6, 0]",0.6277044014324952,1746,1723,77,Northwestern,fbs,Big Ten,43,"[9, 14, 3, 14, 3]",0.3722955985675048,1460,1483,6.0525675854,,,,CollegeFootballData.com API,2026-08-31T17:31:53.147673+00:00,/games,1.3
400548338,2014,12,regular,2014-11-15T20:30:00.000Z,False,True,False,True,101821,3657,Bryant-Denny Stadium,333,Alabama,fbs,SEC,25,"[5, 14, 0, 6]",0.8509882510745459,2102,2099,344,Mississippi State,fbs,SEC,20,"[0, 3, 3, 14]",0.1490117489254541,1889,1892,3.7657447603,,,,CollegeFootballData.com API,2026-08-31T17:31:53.147673+00:00,/games,1.3
400548073,2014,12,regular,2014-11-15T20:30:00.000Z,False,True,False,True,12917,218,FIU Stadium,2229,Florida International,fbs,Conference USA,38,"[3, 14, 21, 0]",0.9704365430475334,1205,1232,2393,Middle Tennessee,fbs,Conference USA,28,"[14, 7, 7, 0]",0.02956345695246665,1342,1315,5.7333384155,,,,CollegeFootballData.com API,2026-08-31T17:31:53.147673+00:00,/games,1.3
400548241,2014,12,regular,2014-11-15T21:00:00.000Z,False,True,False,True,19591,3905,Maverik Stadium,328,Utah State,fbs,Mountain West,28,"[7, 14, 7, 0]",0.9877786157454174,1645,1634,167,New Mexico,fbs,Mountain West,21,"[7, 7, 0, 7]",0.012221384254582635,1253,1264,2.65040111129999,,,,CollegeFootballData.com API,2026-08-31T17:31:53.147673+00:00,/games,1.3
400548340,2014,12,regular,2014-11-15T21:00:00.000Z,False,True,False,True,102455,3853,Neyland Stadium,2633,Tennessee,fbs,SEC,50,"[14, 19, 17, 0]",0.9999311389048328,1561,1637,96,Kentucky,fbs,SEC,16,"[3, 10, 3, 0]",6.88610951672386e-05,1417,1341,2.06610593069999,,,,CollegeFootballData.com API,2026-08-31T17:31:53.147673+00:00,/games,1.3
400548240,2014,12,regular,2014-11-15T21:30:00.000Z,False,True,False,True,17962,3935,CEFCU Stadium,23,San José State,fbs,Mountain West,0,"[0, 0, 0, 0]",0.3482640073494368,1318,1281,62,Hawai'i,fbs,Mountain West,13,"[0, 10, 0, 3]",0.6517359926505633,1238,1275,5.2854296937,,,,CollegeFootballData.com API,2026-08-31T17:31:53.147673+00:00,/games,1.3
400548447,2014,12,regular,2014-11-15T22:00:00.000Z,False,True,False,True,8535,3791,Kibbie Dome,70,Idaho,fbs,Sun Belt,17,"[3, 14, 0, 0]",0.10957595181287368,1036,996,2653,Troy,fbs,Sun Belt,34,"[10, 14, 7, 3]",0.8904240481871263,1042,1082,4.4786022962,,,,CollegeFootballData.com API,2026-08-31T17:31:53.147673+00:00,/games,1.3
400548309,2014,12,regular,2014-11-15T23:00:00.000Z,False,True,False,True,44635,3940,Stanford Stadium,24,Stanford,fbs,Pac-12,17,"[7, 0, 0, 0, 7, 3]",0.424566771322346,1779,1764,254,Utah,fbs,Pac-12,20,"[0, 7, 0, 0, 7, 6]",0.575433228677654,1620,1635,9.9688526536,,,,CollegeFootballData.com API,2026-08-31T17:31:53.147673+00:00,/games,1.3
400548448,2014,12,regular,2014-11-16T00:00:00.000Z,False,True,False,True,19544,3817,Malone Stadium,2433,UL Monroe,fbs,Sun Belt,27,"[7, 6, 0, 14]",0.03315035254600652,1205,1208,309,Louisiana,fbs,Sun Belt,34,"[17, 3, 0, 14]",0.9668496474539935,1423,1420,5.3599368892,,,,CollegeFootballData.com API,2026-08-31T17:31:53.147673+00:00,/games,1.3
400548242,2014,12,regular,2014-11-16T00:00:00.000Z,False,True,False,False,53622,3801,LaVell Edwards Stadium,252,BYU,fbs,FBS Independents,42,"[7, 14, 21, 0]",0.9999267215520838,1626,1623,2439,UNLV,fbs,Mountain West,23,"[3, 10, 10, 0]",7.327844791615856e-05,1118,1121,1.89699961589999,,,,CollegeFootballData.com API,2026-08-31T17:31:53.147673+00:00,/games,1.3
400548337,2014,12,regular,2014-11-16T00:15:00.000Z,False,True,False,True,92746,3917,Sanford Stadium,61,Georgia,fbs,SEC,34,"[7, 10, 10, 7]",0.999323849230955,1964,2029,2,Auburn,fbs,SEC,7,"[7, 0, 0, 0]",0.0006761507690450363,1922,1857,3.3881846119,,,,CollegeFootballData.com API,2026-08-31T17:31:53.147673+00:00,/games,1.3
400547891,2014,12,regular,2014-11-16T00:30:00.000Z,False,True,False,True,52495,3646,Boone Pickens Stadium,197,Oklahoma State,fbs,Big 12,7,"[0, 0, 0, 7]",0.004965469584916746,1588,1542,251,Texas,fbs,Big 12,28,"[13, 6, 3, 6]",0.9950345304150833,1660,1706,3.2108198367,,,,CollegeFootballData.com API,2026-08-31T17:31:53.147673+00:00,/games,1.3
400548341,2014,12,regular,2014-11-16T00:30:00.000Z,False,True,False,True,104756,3795,Kyle Field,245,Texas A&M,fbs,SEC,27,"[3, 10, 7, 7]",0.013880843809399175,1691,1686,142,Missouri,fbs,SEC,34,"[3, 3, 28, 0]",0.9861191561906009,1793,1798,6.5541483535,,,,CollegeFootballData.com API,2026-08-31T17:31:53.147673+00:00,/games,1.3
400548449,2014,12,regular,2014-11-16T00:30:00.000Z,False,True,False,True,10289,3797,Ladd Peebles Stadium,6,South Alabama,fbs,Sun Belt,24,"[0, 10, 7, 7]",0.969340564409822,1324,1324,326,Texas State,fbs,Sun Belt,20,"[10, 7, 0, 3]",0.03065943559017803,1227,1227,7.72327502079999,,,,CollegeFootballData.com API,2026-08-31T17:31:53.147673+00:00,/games,1.3
400547712,2014,12,regular,2014-11-16T01:00:00.000Z,False,True,False,True,19463,3735,Gerald J. Ford Stadium,2567,SMU,fbs,American Athletic,13,"[0, 13, 0, 0]",0.2193038788053752,974,985,58,South Florida,fbs,American Athletic,14,"[0, 0, 0, 14]",0.7806961211946248,1254,1243,6.5230816153,,,,CollegeFootballData.com API,2026-08-31T17:31:53.147673+00:00,/games,1.3
400548336,2014,12,regular,2014-11-16T01:00:00.000Z,False,True,False,True,70165,3887,Razorback Stadium,8,Arkansas,fbs,SEC,17,"[3, 7, 0, 7]",0.9974587251483921,1676,1734,99,LSU,fbs,SEC,0,"[0, 0, 0, 0]",0.002541274851607933,1883,1825,3.09623447879999,,,,CollegeFootballData.com API,2026-08-31T17:31:53.147673+00:00,/games,1.3
400547770,2014,12,regular,2014-11-16T01:00:00.000Z,False,True,False,True,76530,3948,Hard Rock Stadium,2390,Miami,fbs,ACC,26,"[13, 10, 0, 3]",0.2458079573863805,1741,1753,52,Florida State,fbs,ACC,30,"[0, 10, 7, 13]",0.7541920426136195,2041,2029,6.8864376539,,,,CollegeFootballData.com API,2026-08-31T17:31:53.147673+00:00,/games,1.3
400547940,2014,12,regular,2014-11-16T01:00:00.000Z,False,True,False,True,51802,3665,SECU Stadium,120,Maryland,fbs,Big Ten,15,"[0, 7, 0, 8]",0.004294154251633738,1535,1521,127,Michigan State,fbs,Big Ten,37,"[6, 10, 7, 14]",0.9957058457483663,1933,1947,3.63737509879999,,,,CollegeFootballData.com API,2026-08-31T17:31:53.147673+00:00,/games,1.3
400548075,2014,12,regular,2014-11-16T03:00:00.000Z,False,True,False,True,24222,3946,Sun Bowl,2638,UTEP,fbs,Conference USA,35,"[14, 14, 7, 0]",0.9820884000121342,1267,1311,249,North Texas,fbs,Conference USA,17,"[0, 0, 3, 14]",0.017911599987865845,1305,1261,0.927122596799999,,,,CollegeFootballData.com API,2026-08-31T17:31:53.147673+00:00,/games,1.3
400548239,2014,12,regular,2014-11-16T03:15:00.000Z,False,True,False,True,27478,3653,Albertsons Stadium,68,Boise State,fbs,Mountain West,38,"[0, 10, 7, 21]",0.9662544040507848,1650,1649,21,San Diego State,fbs,Mountain West,29,"[10, 10, 3, 6]",0.033745595949215224,1415,1416,6.56784752739999,,,,CollegeFootballData.com API,2026-08-31T17:31:53.147673+00:00,/games,1.3
400548308,2014,12,regular,2014-11-16T03:45:00.000Z,False,True,False,True,40525,3893,Reser Stadium,204,Oregon State,fbs,Pac-12,35,"[14, 0, 7, 14]",0.3318818058005954,1455,1492,9,Arizona State,fbs,Pac-12,27,"[10, 14, 0, 3]",0.6681181941994045,1814,1777,7.05042088099999,,,,CollegeFootballData.com API,2026-08-31T17:31:53.147673+00:00,/games,1.3
400548158,2014,13,regular,2014-11-19T00:00:00.000Z,False,True,False,True,5571,3768,InfoCision Stadium,2006,Akron,fbs,Mid-American,30,"[10, 10, 7, 3]",0.9987359119993099,1158,1223,113,Massachusetts,fbs,Mid-American,6,"[0, 0, 6, 0]",0.0012640880006901112,1206,1141,2.0884584719,,,,CollegeFootballData.com API,2026-08-31T17:31:53.147673+00:00,/games,1.3
400548157,2014,13,regular,2014-11-19T01:00:00.000Z,False,True,False,True,15118,3876,Peden Stadium,195,Ohio,fbs,Mid-American,14,"[0, 7, 0, 7]",0.146982744416182,1232,1236,2459,Northern Illinois,fbs,Mid-American,21,"[0, 7, 7, 7]",0.853017255583818,1462,1458,5.85302046,,,,CollegeFootballData.com API,2026-08-31T17:31:53.147673+00:00,/games,1.3
400548159,2014,13,regular,2014-11-20T01:00:00.000Z,False,True,False,True,17486,3739,Glass Bowl,2649,Toledo,fbs,Mid-American,27,"[6, 7, 7, 7]",0.7890120327425973,1447,1456,189,Bowling Green,fbs,Mid-American,20,"[3, 7, 3, 7]",0.21098796725740265,1442,1433,6.63950671999999,,,,CollegeFootballData.com API,2026-08-31T17:31:53.147673+00:00,/games,1.3
400547893,2014,13,regular,2014-11-21T00:00:00.000Z,False,True,False,True,47683,3842,Milan Puskar Stadium,277,West Virginia,fbs,Big 12,20,"[0, 3, 7, 10]",0.15004472201739893,1636,1642,2306,Kansas State,fbs,Big 12,26,"[7, 10, 6, 3]",0.8499552779826011,1873,1867,5.33508442399999,,,,CollegeFootballData.com API,2026-08-31T17:31:53.147673+00:00,/games,1.3
400547760,2014,13,regular,2014-11-21T00:30:00.000Z,False,True,False,True,33941,3982,Wallace Wade Stadium,150,Duke,fbs,ACC,20,"[7, 0, 7, 6]",0.004084129895231538,1672,1587,153,North Carolina,fbs,ACC,45,"[21, 7, 10, 7]",0.9959158701047685,1533,1618,3.37664585639999,,,,CollegeFootballData.com API,2026-08-31T17:31:53.147673+00:00,/games,1.3
400550421,2014,13,regular,2014-11-21T02:30:00.000Z,False,True,False,True,12264,3644,Bobcat Stadium (TX),326,Texas State,fbs,Sun Belt,45,"[7, 21, 3, 14]",0.9963161619182573,1227,1302,2032,Arkansas State,fbs,Sun Belt,27,"[0, 14, 6, 7]",0.003683838081742663,1549,1474,4.4488526138,,,,CollegeFootballData.com API,2026-08-31T17:31:53.147673+00:00,/games,1.3
400548078,2014,13,regular,2014-11-22T01:00:00.000Z,False,True,False,True,18164,3895,Rice Stadium,242,Rice,fbs,Conference USA,31,"[0, 10, 14, 7]",0.9988979813195906,1474,1499,2638,UTEP,fbs,Conference USA,13,"[0, 3, 10, 0]",0.001102018680409378,1311,1286,2.9281692802,,,,CollegeFootballData.com API,2026-08-31T17:31:53.147673+00:00,/games,1.3
400548248,2014,13,regular,2014-11-22T02:30:00.000Z,False,True,False,True,0,3905,Maverik Stadium,328,Utah State,fbs,Mountain West,41,"[7, 7, 14, 13]",0.9988900498530757,1634,1685,23,San José State,fbs,Mountain West,7,"[0, 7, 0, 0]",0.0011099501469242767,1281,1230,2.93916064259999,,,,CollegeFootballData.com API,2026-08-31T17:31:53.147673+00:00,/games,1.3
400548243,2014,13,regular,2014-11-22T02:30:00.000Z,False,True,False,True,28626,3932,Qualcomm Stadium,21,San Diego State,fbs,Mountain West,30,"[10, 3, 10, 7]",0.9980338573625791,1416,1450,2005,Air Force,fbs,Mountain West,14,"[0, 14, 0, 0]",0.001966142637420898,1418,1384,4.9588504357,,,,CollegeFootballData.com API,2026-08-31T17:31:53.147673+00:00,/games,1.3
400547981,2014,13,regular,2014-11-22T17:00:00.000Z,False,True,False,True,30117,3907,Ross-Ade Stadium,2509,Purdue,fbs,Big Ten,14,"[0, 7, 0, 7]",0.038722389055417784,1325,1280,77,Northwestern,fbs,Big Ten,38,"[14, 10, 0, 14]",0.9612776109445822,1483,1528,2.5328127902,,,,CollegeFootballData.com API,2026-08-31T17:31:53.147673+00:00,/games,1.3
400547914,2014,13,regular,2014-11-22T17:00:00.000Z,False,True,False,True,35172,3832,"Memorial Stadium (Champaign, IL)",356,Illinois,fbs,Big Ten,16,"[0, 7, 3, 6]",0.5682947391701666,1305,1309,213,Penn State,fbs,Big Ten,14,"[7, 0, 0, 7]",0.4317052608298334,1606,1602,8.4906013603,,,,CollegeFootballData.com API,2026-08-31T17:31:53.147673+00:00,/games,1.3
400547999,2014,13,regular,2014-11-22T17:00:00.000Z,False,True,False,True,70902,3936,Spartan Stadium,127,Michigan State,fbs,Big Ten,45,"[14, 21, 0, 10]",0.9999933262494436,1947,2006,164,Rutgers,fbs,Big Ten,3,"[0, 0, 3, 0]",6.6737505564073984e-06,1460,1401,0.4695424005,,,,CollegeFootballData.com API,2026-08-31T17:31:53.147673+00:00,/games,1.3
400548082,2014,13,regular,2014-11-22T17:00:00.000Z,False,True,False,True,28355,3803,Legion Field,5,UAB,fbs,Conference USA,18,"[3, 3, 6, 6]",0.025527572746006227,1297,1324,276,Marshall,fbs,Conference USA,23,"[7, 10, 0, 6]",0.9744724272539937,1881,1854,4.5298722837,,,,CollegeFootballData.com API,2026-08-31T17:31:53.147673+00:00,/games,1.3
400548083,2014,13,regular,2014-11-22T17:00:00.000Z,False,True,False,True,12518,3796,Houchens Industries-L.T. Smith Stadium,98,Western Kentucky,fbs,Conference USA,45,"[14, 14, 7, 10]",0.9999946086029062,1427,1514,2636,UTSA,fbs,Conference USA,7,"[0, 0, 0, 7]",5.391397093768013e-06,1264,1177,1.67408165579999,,,,CollegeFootballData.com API,2026-08-31T17:31:53.147673+00:00,/games,1.3
400547926,2014,13,regular,2014-11-22T17:00:00.000Z,False,True,False,True,101426,3861,Ohio Stadium,194,Ohio State,fbs,Big Ten,42,"[14, 0, 7, 21]",0.9407237547172715,2059,2035,84,Indiana,fbs,Big Ten,27,"[10, 3, 7, 7]",0.05927624528272846,1341,1365,3.0645721437,,,,CollegeFootballData.com API,2026-08-31T17:31:53.147673+00:00,/games,1.3
400548333,2014,13,regular,2014-11-22T17:00:00.000Z,False,True,False,False,78201,3994,Williams-Brice Stadium,2579,South Carolina,fbs,SEC,37,"[10, 7, 6, 14]",0.99997669594594,1740,1759,6,South Alabama,fbs,Sun Belt,12,"[3, 6, 0, 3]",2.3304054060035995e-05,1324,1305,1.21564117689999,,,,CollegeFootballData.com API,2026-08-31T17:31:53.147673+00:00,/games,1.3
400547966,2014,13,regular,2014-11-22T17:00:00.000Z,False,True,False,True,91186,3834,"Memorial Stadium (Lincoln, NE)",158,Nebraska,fbs,Big Ten,24,"[7, 14, 3, 0]",0.2690531777855245,1773,1762,135,Minnesota,fbs,Big Ten,28,"[7, 0, 14, 7]",0.7309468222144755,1710,1721,5.1840099992,,,,CollegeFootballData.com API,2026-08-31T17:31:53.147673+00:00,/games,1.3
400547714,2014,13,regular,2014-11-22T17:00:00.000Z,False,True,False,True,30920,3652,FBC Mortgage Stadium,2116,UCF,fbs,American Athletic,53,"[27, 10, 6, 10]",0.9995051160685392,1664,1713,2567,SMU,fbs,American Athletic,7,"[0, 7, 0, 0]",0.0004948839314607989,985,936,0.247998612,,,,CollegeFootballData.com API,2026-08-31T17:31:53.147673+00:00,/games,1.3
400548331,2014,13,regular,2014-11-22T17:00:00.000Z,False,True,False,False,92746,3917,Sanford Stadium,61,Georgia,fbs,SEC,55,"[24, 14, 17, 0]",0.9999915424658724,,,2127,Charleston Southern,fcs,Big South,9,"[0, 3, 0, 6]",8.457534127592758e-06,,,0.0200854872000004,,,,CollegeFootballData.com API,2026-08-31T17:31:53.147673+00:00,/games,1.3
400548460,2014,13,regular,2014-11-22T17:00:00.000Z,False,True,False,False,33793,3841,Michie Stadium,349,Army,fbs,FBS Independents,42,"[0, 14, 7, 21]",0.9893900484714018,,,2230,Fordham,fcs,Patriot,31,"[3, 7, 0, 21]",0.010609951528598227,,,3.5475598195,,,,CollegeFootballData.com API,2026-08-31T17:31:53.147673+00:00,/games,1.3
400547717,2014,13,regular,2014-11-22T17:00:00.000Z,False,True,False,True,23572,4728,TDECU Stadium,248,Houston,fbs,American Athletic,38,"[14, 0, 14, 10]",0.9264604523960205,1617,1604,202,Tulsa,fbs,American Athletic,28,"[0, 7, 14, 7]",0.07353954760397952,1159,1172,2.7479856232,,,,CollegeFootballData.com API,2026-08-31T17:31:53.147673+00:00,/games,1.3
400548330,2014,13,regular,2014-11-22T17:00:00.000Z,False,True,False,False,83399,3634,Ben Hill Griffin Stadium,57,Florida,fbs,SEC,52,"[17, 14, 7, 14]",0.9999851186224732,,,2198,Eastern Kentucky,fcs,OVC,3,"[3, 0, 0, 0]",1.4881377526809736e-05,,,0.325757516399999,,,,CollegeFootballData.com API,2026-08-31T17:31:53.147673+00:00,/games,1.3
400547828,2014,13,regular,2014-11-22T17:30:00.000Z,False,True,False,True,27820,3630,Allegacy Federal Credit Union Stadium,154,Wake Forest,fbs,ACC,6,"[0, 0, 0, 0, 3, 3]",0.4958590820141594,1246,1251,259,Virginia Tech,fbs,ACC,3,"[0, 0, 0, 0, 3, 0]",0.5041409179858406,1560,1555,9.6788158123,,,,CollegeFootballData.com API,2026-08-31T17:31:53.147673+00:00,/games,1.3
400548162,2014,13,regular,2014-11-22T18:00:00.000Z,False,True,False,True,17265,3786,Kelly/Shorts Stadium,2117,Central Michigan,fbs,Mid-American,20,"[14, 3, 0, 3]",0.007414139795226046,1393,1373,2711,Western Michigan,fbs,Mid-American,32,"[0, 22, 3, 7]",0.9925858602047739,1462,1482,5.1376686314,,,,CollegeFootballData.com API,2026-08-31T17:31:53.147673+00:00,/games,1.3
400548311,2014,13,regular,2014-11-22T18:00:00.000Z,False,True,False,True,51428,3947,Mountain America Stadium,9,Arizona State,fbs,Pac-12,52,"[0, 21, 7, 24]",0.9649664470658232,1777,1791,265,Washington State,fbs,Pac-12,31,"[7, 17, 0, 7]",0.03503355293417676,1409,1395,5.2049704036,,,,CollegeFootballData.com API,2026-08-31T17:31:53.147673+00:00,/games,1.3
400548081,2014,13,regular,2014-11-22T18:00:00.000Z,False,True,False,True,20118,3918,S.B. Ballard Stadium,295,Old Dominion,fbs,Conference USA,30,"[0, 14, 3, 7, 6]",,1176,1185,2348,Louisiana Tech,fbs,Conference USA,27,"[7, 17, 0, 0, 3]",,1698,1689,,,,,CollegeFootballData.com API,2026-08-31T17:31:53.147673+00:00,/games,1.3
400548245,2014,13,regular,2014-11-22T18:30:00.000Z,False,True,False,True,22131,3761,Sonny Lubick Field at Hughes Stadium,36,Colorado State,fbs,Mountain West,58,"[7, 30, 21, 0]",0.9998978289719375,1602,1667,167,New Mexico,fbs,Mountain West,20,"[0, 7, 6, 7]",0.00010217102806253653,1264,1199,0.4213860119,,,,CollegeFootballData.com API,2026-08-31T17:31:53.147673+00:00,/games,1.3
400547894,2014,13,regular,2014-11-22T18:30:00.000Z,False,True,False,True,84908,3835,"Memorial Stadium (Norman, OK)",201,Oklahoma,fbs,Big 12,44,"[10, 14, 17, 3]",0.9999947740660439,1852,1888,2305,Kansas,fbs,Big 12,7,"[0, 0, 7, 0]",5.225933956132245e-06,1284,1248,0.3125646111,,,,CollegeFootballData.com API,2026-08-31T17:31:53.147673+00:00,/games,1.3
400548450,2014,13,regular,2014-11-22T19:00:00.000Z,False,True,False,True,20638,3666,Cajun Field,309,Louisiana,fbs,Sun Belt,16,"[3, 10, 3, 0]",0.006352633880934519,1420,1374,2026,App State,fbs,Sun Belt,35,"[14, 0, 7, 14]",0.9936473661190655,1434,1480,5.9863689577,,,,CollegeFootballData.com API,2026-08-31T17:31:53.147673+00:00,/games,1.3
400548161,2014,13,regular,2014-11-22T19:00:00.000Z,False,True,False,True,5317,3919,Scheumann Stadium,2050,Ball State,fbs,Mid-American,45,"[14, 14, 7, 10]",0.9869871049201582,1382,1367,2199,Eastern Michigan,fbs,Mid-American,30,"[3, 0, 13, 14]",0.013012895079841824,803,818,0.874315285399998,,,,CollegeFootballData.com API,2026-08-31T17:31:53.147673+00:00,/games,1.3
400548463,2014,13,regular,2014-11-22T20:00:00.000Z,False,True,False,False,52123,3801,LaVell Edwards Stadium,252,BYU,fbs,FBS Independents,64,"[21, 30, 0, 13]",0.9999970175327935,,,2542,Savannah State,fcs,MEAC,0,"[0, 0, 0, 0]",2.9824672065359437e-06,,,0.00371095770000118,,,,CollegeFootballData.com API,2026-08-31T17:31:53.147673+00:00,/games,1.3
400547716,2014,13,regular,2014-11-22T20:30:00.000Z,False,True,False,True,48433,3699,Dowdy-Ficklen Stadium,151,East Carolina,fbs,American Athletic,34,"[10, 7, 3, 14]",0.995704492729558,1629,1659,2655,Tulane,fbs,American Athletic,6,"[0, 3, 0, 3]",0.004295507270442034,1239,1209,1.6437579954,,,,CollegeFootballData.com API,2026-08-31T17:31:53.147673+00:00,/games,1.3
400547738,2014,13,regular,2014-11-22T20:30:00.000Z,False,True,False,True,82300,3697,Doak Campbell Stadium,52,Florida State,fbs,ACC,20,"[7, 10, 0, 3]",0.9720487043007968,2029,2024,103,Boston College,fbs,ACC,17,"[3, 7, 7, 0]",0.027951295699203182,1500,1505,4.6756512895,,,,CollegeFootballData.com API,2026-08-31T17:31:53.147673+00:00,/games,1.3
400547934,2014,13,regular,2014-11-22T20:30:00.000Z,False,True,False,True,68610,3793,Kinnick Stadium,2294,Iowa,fbs,Big Ten,24,"[3, 0, 8, 13]",0.7763616945255437,1626,1645,275,Wisconsin,fbs,Big Ten,26,"[3, 13, 3, 7]",0.2236383054744563,2069,2050,4.2308314036,,,,CollegeFootballData.com API,2026-08-31T17:31:53.147673+00:00,/games,1.3
400548079,2014,13,regular,2014-11-22T20:30:00.000Z,False,True,False,True,14824,3825,DATCU Stadium,249,North Texas,fbs,Conference USA,17,"[14, 0, 3, 0]",0.9599370445126904,1261,1262,2229,Florida International,fbs,Conference USA,14,"[7, 7, 0, 0]",0.04006295548730965,1232,1231,6.38879998029999,,,,CollegeFootballData.com API,2026-08-31T17:31:53.147673+00:00,/games,1.3
400547784,2014,13,regular,2014-11-22T20:30:00.000Z,False,True,False,False,80795,3855,Notre Dame Stadium,87,Notre Dame,fbs,FBS Independents,28,"[3, 3, 14, 8]",0.22747350736683866,1723,1724,97,Louisville,fbs,ACC,31,"[14, 3, 7, 7]",0.7725264926331613,1814,1813,7.26844340519999,,,,CollegeFootballData.com API,2026-08-31T17:31:53.147673+00:00,/games,1.3
400548310,2014,13,regular,2014-11-22T20:30:00.000Z,False,True,False,True,45824,587,Rice-Eccles Stadium,254,Utah,fbs,Pac-12,10,"[0, 7, 3, 0]",0.0046087438171610795,1635,1556,12,Arizona,fbs,Pac-12,42,"[7, 14, 0, 21]",0.995391256182839,1726,1805,4.3590298692,,,,CollegeFootballData.com API,2026-08-31T17:31:53.147673+00:00,/games,1.3
400547941,2014,13,regular,2014-11-22T20:30:00.000Z,False,True,False,True,101717,3558,Michigan Stadium,130,Michigan,fbs,Big Ten,16,"[3, 6, 7, 0]",0.2642992840025407,1590,1571,120,Maryland,fbs,Big Ten,23,"[0, 9, 0, 14]",0.7357007159974593,1521,1540,5.6010929345,,,,CollegeFootballData.com API,2026-08-31T17:31:53.147673+00:00,/games,1.3
400548332,2014,13,regular,2014-11-22T20:30:00.000Z,False,True,False,True,0,3887,Razorback Stadium,8,Arkansas,fbs,SEC,30,"[17, 0, 10, 3]",0.9996838432670386,1734,1841,145,Ole Miss,fbs,SEC,0,"[0, 0, 0, 0]",0.00031615673296137015,1934,1827,2.463035797,,,,CollegeFootballData.com API,2026-08-31T17:31:53.147673+00:00,/games,1.3
400547895,2014,13,regular,2014-11-22T20:30:00.000Z,False,True,False,True,50877,3772,Jack Trice Stadium,66,Iowa State,fbs,Big 12,31,"[7, 10, 7, 7]",0.683251741262495,1321,1317,2641,Texas Tech,fbs,Big 12,34,"[14, 0, 13, 7]",0.316748258737505,1332,1336,8.0489645753,,,,CollegeFootballData.com API,2026-08-31T17:31:53.147673+00:00,/games,1.3
400547814,2014,13,regular,2014-11-22T20:30:00.000Z,False,True,False,True,32549,3752,Acrisure Stadium,221,Pittsburgh,fbs,ACC,30,"[7, 10, 3, 10]",0.9905984940375592,1438,1501,183,Syracuse,fbs,ACC,7,"[0, 0, 7, 0]",0.009401505962440826,1495,1432,2.62189629039999,,,,CollegeFootballData.com API,2026-08-31T17:31:53.147673+00:00,/games,1.3
400547749,2014,13,regular,2014-11-22T20:30:00.000Z,False,True,False,False,77693,3836,"Memorial Stadium (Clemson, SC)",228,Clemson,fbs,ACC,28,"[14, 14, 0, 0]",0.9997807710243194,1761,1746,2247,Georgia State,fbs,Sun Belt,0,"[0, 0, 0, 0]",0.00021922897568060762,890,905,0.174285628900001,,,,CollegeFootballData.com API,2026-08-31T17:31:53.147673+00:00,/games,1.3
400547718,2014,13,regular,2014-11-22T21:00:00.000Z,False,True,False,True,34635,3805,Simmons Bank Liberty Stadium,235,Memphis,fbs,American Athletic,31,"[14, 7, 7, 3]",0.9816162428480313,1610,1604,58,South Florida,fbs,American Athletic,20,"[3, 10, 0, 7]",0.018383757151968716,1243,1249,1.49925133179999,,,,CollegeFootballData.com API,2026-08-31T17:31:53.147673+00:00,/games,1.3
400548452,2014,13,regular,2014-11-22T21:00:00.000Z,False,True,False,True,6011,3601,Aggie Memorial Stadium,166,New Mexico State,fbs,Sun Belt,17,"[0, 17, 0, 0]",0.016767927222904058,931,927,2433,UL Monroe,fbs,Sun Belt,30,"[10, 10, 7, 3]",0.9832320727770959,1208,1212,5.2101602782,,,,CollegeFootballData.com API,2026-08-31T17:31:53.147673+00:00,/games,1.3
400548315,2014,13,regular,2014-11-22T21:00:00.000Z,False,True,False,True,56483,3831,California Memorial Stadium,25,California,fbs,Pac-12,17,"[0, 7, 3, 7]",0.011129749491342489,1384,1370,24,Stanford,fbs,Pac-12,38,"[10, 14, 7, 7]",0.9888702505086575,1764,1778,2.33058081,,,,CollegeFootballData.com API,2026-08-31T17:31:53.147673+00:00,/games,1.3
400548328,2014,13,regular,2014-11-22T21:00:00.000Z,False,True,False,False,101325,3657,Bryant-Denny Stadium,333,Alabama,fbs,SEC,48,"[10, 28, 10, 0]",0.9999266370866643,,,2717,Western Carolina,fcs,Southern,14,"[7, 7, 0, 0]",7.33629133357061e-05,,,0.0869697458000005,,,,CollegeFootballData.com API,2026-08-31T17:31:53.147673+00:00,/games,1.3
400548313,2014,13,regular,2014-11-22T21:30:00.000Z,False,True,False,True,55891,3626,Autzen Stadium,2483,Oregon,fbs,Pac-12,44,"[13, 17, 14, 0]",0.9999747492437966,2005,2018,38,Colorado,fbs,Pac-12,10,"[0, 3, 7, 0]",2.5250756203409885e-05,1288,1275,0.243426391,,,,CollegeFootballData.com API,2026-08-31T17:31:53.147673+00:00,/games,1.3
400548080,2014,13,regular,2014-11-23T00:00:00.000Z,False,True,False,True,12243,3725,"Johnny ""Red"" Floyd Stadium",2393,Middle Tennessee,fbs,Conference USA,35,"[7, 7, 7, 14]",,1315,1313,2226,Florida Atlantic,fbs,Conference USA,34,"[17, 0, 10, 7]",,1221,1223,,,,,CollegeFootballData.com API,2026-08-31T17:31:53.147673+00:00,/games,1.3
400548329,2014,13,regular,2014-11-23T00:00:00.000Z,False,True,False,False,87451,3785,Jordan-Hare Stadium,2,Auburn,fbs,SEC,31,"[0, 17, 7, 7]",0.9993314891816396,,,2535,Samford,fcs,Southern,7,"[0, 7, 0, 0]",0.0006685108183603905,,,0.637606545499999,,,,CollegeFootballData.com API,2026-08-31T17:31:53.147673+00:00,/games,1.3
400547793,2014,13,regular,2014-11-23T00:00:00.000Z,False,True,False,True,39112,3923,Scott Stadium,258,Virginia,fbs,ACC,30,"[0, 13, 7, 10]",0.9869927944340935,1419,1492,2390,Miami,fbs,ACC,13,"[7, 0, 0, 6]",0.01300720556590651,1753,1680,4.3885792767,,,,CollegeFootballData.com API,2026-08-31T17:31:53.147673+00:00,/games,1.3
400548335,2014,13,regular,2014-11-23T00:30:00.000Z,False,True,False,True,60493,3693,Davis Wade Stadium,344,Mississippi State,fbs,SEC,51,"[13, 24, 7, 7]",0.9999973608831129,1892,1975,238,Vanderbilt,fbs,SEC,0,"[0, 0, 0, 0]",2.6391168871375825e-06,1369,1286,0.3479067777,,,,CollegeFootballData.com API,2026-08-31T17:31:53.147673+00:00,/games,1.3
400547896,2014,13,regular,2014-11-23T00:30:00.000Z,False,True,False,True,47179,4727,McLane Stadium,239,Baylor,fbs,Big 12,49,"[21, 7, 7, 14]",0.9976080563109588,2075,2074,197,Oklahoma State,fbs,Big 12,28,"[7, 7, 0, 14]",0.002391943689041165,1542,1543,0.7213272996,,,,CollegeFootballData.com API,2026-08-31T17:31:53.147673+00:00,/games,1.3
400548334,2014,13,regular,2014-11-23T00:30:00.000Z,False,True,False,True,95821,3853,Neyland Stadium,2633,Tennessee,fbs,SEC,21,"[3, 10, 0, 8]",0.028075335447265353,1637,1634,142,Missouri,fbs,SEC,29,"[7, 6, 3, 13]",0.9719246645527346,1798,1801,7.0981194599,,,,CollegeFootballData.com API,2026-08-31T17:31:53.147673+00:00,/games,1.3
400548312,2014,13,regular,2014-11-23T01:00:00.000Z,False,True,False,True,82431,1056,Rose Bowl,26,UCLA,fbs,Pac-12,38,"[14, 10, 14, 0]",0.9997458197559679,1782,1826,30,USC,fbs,Pac-12,20,"[7, 7, 0, 6]",0.0002541802440321206,1822,1778,3.3251970949,,,,CollegeFootballData.com API,2026-08-31T17:31:53.147673+00:00,/games,1.3
400547715,2014,13,regular,2014-11-23T01:00:00.000Z,False,True,False,True,24012,3892,Pratt & Whitney Stadium,41,UConn,fbs,American Athletic,0,"[0, 0, 0, 0]",,1291,1209,2132,Cincinnati,fbs,American Athletic,41,"[7, 20, 14, 0]",,1591,1673,,,,,CollegeFootballData.com API,2026-08-31T17:31:53.147673+00:00,/games,1.3
400548244,2014,13,regular,2014-11-23T03:15:00.000Z,False,True,False,True,15821,3984,War Memorial Stadium,2751,Wyoming,fbs,Mountain West,14,"[0, 7, 0, 7]",0.0037215585757152786,1300,1198,68,Boise State,fbs,Mountain West,63,"[14, 14, 28, 7]",0.9962784414242847,1649,1751,1.20695321099999,,,,CollegeFootballData.com API,2026-08-31T17:31:53.147673+00:00,/games,1.3
400548246,2014,13,regular,2014-11-23T03:30:00.000Z,False,True,False,True,21446,3816,Mackay Stadium,2440,Nevada,fbs,Mountain West,20,"[7, 13, 0, 0]",0.008023727079204335,1503,1430,278,Fresno State,fbs,Mountain West,40,"[7, 21, 10, 2]",0.9919762729207957,1318,1391,4.9513484386,,,,CollegeFootballData.com API,2026-08-31T17:31:53.147673+00:00,/games,1.3
400548314,2014,13,regular,2014-11-23T03:30:00.000Z,False,True,False,True,65036,3765,Husky Stadium,264,Washington,fbs,Pac-12,37,"[14, 3, 6, 14]",0.9990182143228055,1663,1704,204,Oregon State,fbs,Pac-12,13,"[0, 7, 6, 0]",0.0009817856771945355,1492,1451,2.5652384645,,,,CollegeFootballData.com API,2026-08-31T17:31:53.147673+00:00,/games,1.3
400548247,2014,13,regular,2014-11-23T04:00:00.000Z,False,True,False,True,25604,3610,Aloha Stadium,62,Hawai'i,fbs,Mountain West,37,"[7, 7, 7, 16]",0.9336275437994623,1275,1274,2439,UNLV,fbs,Mountain West,35,"[14, 0, 0, 21]",0.06637245620053767,1121,1122,9.3971661182,,,,CollegeFootballData.com API,2026-08-31T17:31:53.147673+00:00,/games,1.3
400548164,2014,14,regular,2014-11-26T00:00:00.000Z,False,True,False,True,11956,3996,Yager Stadium,193,Miami (OH),fbs,Mid-American,21,"[7, 14, 0, 0]",0.7426023084037652,1071,1076,195,Ohio,fbs,Mid-American,24,"[0, 7, 7, 10]",0.2573976915962348,1236,1231,6.9422923175,,,,CollegeFootballData.com API,2026-08-31T17:31:53.147673+00:00,/games,1.3
400547897,2014,14,regular,2014-11-28T00:30:00.000Z,False,True,False,True,96496,3910,DKR-Texas Memorial Stadium,251,Texas,fbs,Big 12,10,"[0, 3, 0, 7]",0.009715585284032414,1706,1629,2628,TCU,fbs,Big 12,48,"[13, 7, 0, 28]",0.9902844147159676,1967,2044,2.3020959529,,,,CollegeFootballData.com API,2026-08-31T17:31:53.147673+00:00,/games,1.3
400548327,2014,14,regular,2014-11-28T00:30:00.000Z,False,True,False,True,105829,3795,Kyle Field,245,Texas A&M,fbs,SEC,17,"[7, 0, 0, 10]",0.01206565837200928,1686,1685,99,LSU,fbs,SEC,23,"[0, 17, 3, 3]",0.9879343416279908,1825,1826,4.8823594305,,,,CollegeFootballData.com API,2026-08-31T17:31:53.147673+00:00,/games,1.3
400548167,2014,14,regular,2014-11-28T16:00:00.000Z,False,True,False,True,11195,3980,Waldo Stadium,2711,Western Michigan,fbs,Mid-American,21,"[16, 5, 0, 0]",0.04190344038689682,1482,1459,2459,Northern Illinois,fbs,Mid-American,31,"[7, 3, 7, 14]",0.9580965596131031,1458,1481,6.4395340388,,,,CollegeFootballData.com API,2026-08-31T17:31:53.147673+00:00,/games,1.3
400547721,2014,14,regular,2014-11-28T17:00:00.000Z,False,True,False,True,15446,3735,Gerald J. Ford Stadium,2567,SMU,fbs,American Athletic,9,"[0, 9, 0, 0]",0.003648536159019159,936,938,248,Houston,fbs,American Athletic,35,"[7, 0, 21, 7]",0.9963514638409808,1604,1602,2.05137208539999,,,,CollegeFootballData.com API,2026-08-31T17:31:53.147673+00:00,/games,1.3
400548084,2014,14,regular,2014-11-28T17:00:00.000Z,False,True,False,True,23576,3775,Joan C. Edwards Stadium,276,Marshall,fbs,Conference USA,66,"[21, 21, 7, 10, 7]",0.2635627584119034,1854,1835,98,Western Kentucky,fbs,Conference USA,67,"[28, 21, 0, 10, 8]",0.7364372415880966,1514,1533,8.9167939734,,,,CollegeFootballData.com API,2026-08-31T17:31:53.147673+00:00,/games,1.3
400547935,2014,14,regular,2014-11-28T17:00:00.000Z,False,True,False,True,66897,3793,Kinnick Stadium,2294,Iowa,fbs,Big Ten,34,"[0, 10, 14, 7, 3]",0.1014620665061975,1645,1647,158,Nebraska,fbs,Big Ten,37,"[0, 7, 7, 17, 6]",0.8985379334938025,1762,1760,9.1641798171,,,,CollegeFootballData.com API,2026-08-31T17:31:53.147673+00:00,/games,1.3
400547719,2014,14,regular,2014-11-28T17:00:00.000Z,False,True,False,True,36963,3886,Raymond James Stadium,58,South Florida,fbs,American Athletic,0,"[0, 0, 0, 0]",0.005484788763658552,1249,1254,2116,UCF,fbs,American Athletic,16,"[0, 14, 2, 0]",0.9945152112363415,1713,1708,2.7728246559,,,,CollegeFootballData.com API,2026-08-31T17:31:53.147673+00:00,/games,1.3
400548168,2014,14,regular,2014-11-28T18:00:00.000Z,False,True,False,True,15226,3912,Rynearson Stadium,2199,Eastern Michigan,fbs,Mid-American,16,"[0, 9, 7, 0]",0.004017116143665429,818,791,2649,Toledo,fbs,Mid-American,52,"[21, 21, 10, 0]",0.9959828838563346,1456,1483,0.470960995899999,,,,CollegeFootballData.com API,2026-08-31T17:31:53.147673+00:00,/games,1.3
400548166,2014,14,regular,2014-11-28T18:00:00.000Z,False,True,False,True,13417,3985,Warren McGuirk Alumni Stadium,113,Massachusetts,fbs,Mid-American,21,"[0, 0, 7, 14]",0.036506538842500484,1141,1110,2084,Buffalo,fbs,Mid-American,41,"[0, 13, 21, 7]",0.9634934611574996,1322,1353,2.7270074692,,,,CollegeFootballData.com API,2026-08-31T17:31:53.147673+00:00,/games,1.3
400548165,2014,14,regular,2014-11-28T18:00:00.000Z,False,True,False,True,8534,3700,Doyt L. Perry Stadium,189,Bowling Green,fbs,Mid-American,24,"[21, 0, 3, 0]",0.03350192217850615,1433,1385,2050,Ball State,fbs,Mid-American,41,"[7, 17, 10, 7]",0.9664980778214939,1367,1415,4.5480902751,,,,CollegeFootballData.com API,2026-08-31T17:31:53.147673+00:00,/games,1.3
400548163,2014,14,regular,2014-11-28T18:00:00.000Z,False,True,False,True,5118,3696,Dix Stadium,2309,Kent State,fbs,Mid-American,27,"[13, 0, 7, 7]",0.9702538642466159,1157,1159,2006,Akron,fbs,Mid-American,24,"[7, 0, 10, 7]",0.02974613575338414,1223,1221,8.5499108429,,,,CollegeFootballData.com API,2026-08-31T17:31:53.147673+00:00,/games,1.3
400548325,2014,14,regular,2014-11-28T19:30:00.000Z,False,True,False,True,71168,3838,Memorial Stadium,142,Missouri,fbs,SEC,21,"[0, 6, 0, 15]",0.5365347554865868,1801,1813,8,Arkansas,fbs,SEC,14,"[7, 7, 0, 0]",0.4634652445134132,1841,1829,6.7363909187,,,,CollegeFootballData.com API,2026-08-31T17:31:53.147673+00:00,/games,1.3
400548453,2014,14,regular,2014-11-28T20:00:00.000Z,False,True,False,False,14571,3797,Ladd Peebles Stadium,6,South Alabama,fbs,Sun Belt,40,"[17, 0, 3, 20]",0.053810879337972635,1305,1318,2426,Navy,fbs,FBS Independents,42,"[7, 14, 14, 7]",0.9461891206620273,1602,1589,5.0219050389,,,,CollegeFootballData.com API,2026-08-31T17:31:53.147673+00:00,/games,1.3
400548317,2014,14,regular,2014-11-28T20:30:00.000Z,False,True,False,True,70658,1056,Rose Bowl,26,UCLA,fbs,Pac-12,10,"[7, 3, 0, 0]",0.004002215611101176,1826,1767,24,Stanford,fbs,Pac-12,31,"[7, 14, 7, 3]",0.9959977843888989,1778,1837,2.9645304804,,,,CollegeFootballData.com API,2026-08-31T17:31:53.147673+00:00,/games,1.3
400548249,2014,14,regular,2014-11-28T20:30:00.000Z,False,True,False,True,32650,3713,Falcon Stadium,2005,Air Force,fbs,Mountain West,27,"[7, 10, 7, 3]",0.835618789989429,1384,1389,36,Colorado State,fbs,Mountain West,24,"[10, 0, 7, 7]",0.16438121001057104,1667,1662,9.610429809,,,,CollegeFootballData.com API,2026-08-31T17:31:53.147673+00:00,/games,1.3
400548316,2014,14,regular,2014-11-28T20:30:00.000Z,False,True,False,True,56083,3619,Arizona Stadium,12,Arizona,fbs,Pac-12,42,"[14, 7, 14, 7]",0.9329453713380027,1805,1814,9,Arizona State,fbs,Pac-12,35,"[7, 14, 0, 14]",0.0670546286619973,1791,1782,6.0239380514,,,,CollegeFootballData.com API,2026-08-31T17:31:53.147673+00:00,/games,1.3
400547824,2014,14,regular,2014-11-29T01:00:00.000Z,False,True,False,True,60431,3799,Lane Stadium,259,Virginia Tech,fbs,ACC,24,"[3, 7, 7, 7]",0.8688067990055229,1555,1556,258,Virginia,fbs,ACC,20,"[3, 10, 0, 7]",0.13119320099447707,1492,1491,10.2287780342,,,,CollegeFootballData.com API,2026-08-31T17:31:53.147673+00:00,/games,1.3
400547720,2014,14,regular,2014-11-29T01:30:00.000Z,False,True,False,True,15126,3674,Chapman Stadium,202,Tulsa,fbs,American Athletic,32,"[14, 0, 11, 7]",0.00472863947771719,1172,1177,151,East Carolina,fbs,American Athletic,49,"[14, 7, 14, 14]",0.9952713605222828,1659,1654,3.4885497984,,,,CollegeFootballData.com API,2026-08-31T17:31:53.147673+00:00,/games,1.3
400548088,2014,14,regular,2014-11-29T17:00:00.000Z,False,True,False,True,24012,3604,Alamodome,2636,UTSA,fbs,Conference USA,34,"[7, 13, 7, 7]",0.9956861134641434,1177,1191,249,North Texas,fbs,Conference USA,27,"[3, 9, 7, 8]",0.004313886535856626,1262,1248,6.87866041819999,,,,CollegeFootballData.com API,2026-08-31T17:31:53.147673+00:00,/games,1.3
400547951,2014,14,regular,2014-11-29T17:00:00.000Z,False,True,False,True,108610,3861,Ohio Stadium,194,Ohio State,fbs,Big Ten,42,"[7, 7, 14, 14]",0.8691864420578481,2035,2027,130,Michigan,fbs,Big Ten,28,"[7, 7, 7, 7]",0.13081355794215188,1571,1579,3.2622351416,,,,CollegeFootballData.com API,2026-08-31T17:31:53.147673+00:00,/games,1.3
400547722,2014,14,regular,2014-11-29T17:00:00.000Z,False,True,False,True,21255,3806,Lincoln Financial Field,218,Temple,fbs,American Athletic,6,"[3, 0, 3, 0]",0.30821339381709734,1494,1492,2132,Cincinnati,fbs,American Athletic,14,"[0, 14, 0, 0]",0.6917866061829027,1673,1675,5.2744807009,,,,CollegeFootballData.com API,2026-08-31T17:31:53.147673+00:00,/games,1.3
400547779,2014,14,regular,2014-11-29T17:00:00.000Z,False,True,False,False,92746,3917,Sanford Stadium,61,Georgia,fbs,SEC,24,"[7, 0, 7, 10, 0]",0.8062893302794977,2029,2004,59,Georgia Tech,fbs,ACC,30,"[0, 7, 7, 10, 6]",0.19371066972050233,1847,1872,6.8798935782,,,,CollegeFootballData.com API,2026-08-31T17:31:53.147673+00:00,/games,1.3
400547750,2014,14,regular,2014-11-29T17:00:00.000Z,False,True,False,False,82720,3836,"Memorial Stadium (Clemson, SC)",228,Clemson,fbs,ACC,35,"[7, 14, 7, 7]",0.9966521178292073,1746,1788,2579,South Carolina,fbs,SEC,17,"[7, 3, 0, 7]",0.0033478821707927375,1759,1717,3.4187810864,,,,CollegeFootballData.com API,2026-08-31T17:31:53.147673+00:00,/games,1.3
400547898,2014,14,regular,2014-11-29T17:00:00.000Z,False,True,False,True,50059,3772,Jack Trice Stadium,66,Iowa State,fbs,Big 12,24,"[14, 7, 3, 0]",0.01774878571187845,1317,1317,277,West Virginia,fbs,Big 12,37,"[7, 20, 0, 10]",0.9822512142881216,1642,1642,5.68769103279999,,,,CollegeFootballData.com API,2026-08-31T17:31:53.147673+00:00,/games,1.3
400548085,2014,14,regular,2014-11-29T17:00:00.000Z,False,True,False,True,9566,3715,FAU Stadium,2226,Florida Atlantic,fbs,Conference USA,28,"[14, 7, 0, 7]",0.11677056677033557,1223,1216,295,Old Dominion,fbs,Conference USA,31,"[7, 14, 0, 10]",0.8832294332296644,1185,1192,9.06890079339999,,,,CollegeFootballData.com API,2026-08-31T17:31:53.147673+00:00,/games,1.3
400547915,2014,14,regular,2014-11-29T17:00:00.000Z,False,True,False,True,31137,3911,Ryan Field,77,Northwestern,fbs,Big Ten,33,"[0, 7, 10, 16]",0.013529000026589093,1528,1473,356,Illinois,fbs,Big Ten,47,"[13, 13, 7, 14]",0.9864709999734109,1309,1364,3.58873343999999,,,,CollegeFootballData.com API,2026-08-31T17:31:53.147673+00:00,/games,1.3
400547927,2014,14,regular,2014-11-29T17:00:00.000Z,False,True,False,True,40079,3830,"Memorial Stadium (Bloomington, IN)",84,Indiana,fbs,Big Ten,23,"[0, 0, 13, 10]",0.9420936217153822,1365,1370,2509,Purdue,fbs,Big Ten,16,"[0, 6, 7, 3]",0.057906378284617754,1280,1275,7.11822331009999,,,,CollegeFootballData.com API,2026-08-31T17:31:53.147673+00:00,/games,1.3
400548086,2014,14,regular,2014-11-29T17:00:00.000Z,False,True,False,True,18029,3776,Joe Aillet Stadium,2348,Louisiana Tech,fbs,Conference USA,76,"[21, 7, 28, 20]",0.9983680582461923,1689,1797,242,Rice,fbs,Conference USA,31,"[3, 14, 7, 7]",0.001631941753807653,1499,1391,2.56998324,,,,CollegeFootballData.com API,2026-08-31T17:31:53.147673+00:00,/games,1.3
400547785,2014,14,regular,2014-11-29T17:00:00.000Z,False,True,False,False,55118,3873,L&N Federal Credit Union Stadium,97,Louisville,fbs,ACC,44,"[0, 21, 7, 16]",0.9504508282555985,1813,1803,96,Kentucky,fbs,SEC,40,"[6, 14, 3, 17]",0.04954917174440154,1341,1351,8.9736333042,,,,CollegeFootballData.com API,2026-08-31T17:31:53.147673+00:00,/games,1.3
400547739,2014,14,regular,2014-11-29T17:30:00.000Z,False,True,False,True,30267,3615,"Alumni Stadium (Chestnut Hill, MA)",103,Boston College,fbs,ACC,28,"[7, 7, 7, 7]",0.9920218951667268,1505,1547,183,Syracuse,fbs,ACC,7,"[7, 0, 0, 0]",0.007978104833273214,1432,1390,2.9477031447,,,,CollegeFootballData.com API,2026-08-31T17:31:53.147673+00:00,/games,1.3
400548458,2014,14,regular,2014-11-29T17:30:00.000Z,False,True,False,True,12241,3975,Veterans Memorial Stadium (AL),2653,Troy,fbs,Sun Belt,23,"[2, 21, 0, 0]",0.09938000113928391,1082,1065,309,Louisiana,fbs,Sun Belt,42,"[7, 14, 14, 7]",0.9006199988607161,1374,1391,4.3972333257,,,,CollegeFootballData.com API,2026-08-31T17:31:53.147673+00:00,/games,1.3
400547801,2014,14,regular,2014-11-29T17:30:00.000Z,False,True,False,True,53000,3787,Kenan Stadium,153,North Carolina,fbs,ACC,7,"[0, 0, 0, 7]",0.0036361145009733086,1618,1517,152,NC State,fbs,ACC,35,"[7, 14, 7, 7]",0.9963638854990267,1444,1545,3.2124996402,,,,CollegeFootballData.com API,2026-08-31T17:31:53.147673+00:00,/games,1.3
400548319,2014,14,regular,2014-11-29T18:00:00.000Z,False,True,False,True,39155,3726,Folsom Field,38,Colorado,fbs,Pac-12,34,"[7, 17, 10, 0]",0.08952802132003783,1275,1286,254,Utah,fbs,Pac-12,38,"[3, 13, 15, 7]",0.9104719786799622,1556,1545,7.9013263577,,,,CollegeFootballData.com API,2026-08-31T17:31:53.147673+00:00,/games,1.3
400548456,2014,14,regular,2014-11-29T19:00:00.000Z,False,True,False,True,14312,3495,Georgia Dome,2247,Georgia State,fbs,Sun Belt,31,"[3, 0, 7, 21]",0.0047521690233374445,905,888,326,Texas State,fbs,Sun Belt,54,"[3, 24, 13, 14]",0.9952478309766626,1302,1319,1.99718817589999,,,,CollegeFootballData.com API,2026-08-31T17:31:53.147673+00:00,/games,1.3
400548454,2014,14,regular,2014-11-29T19:00:00.000Z,False,True,False,True,19721,3792,Kidd Brewer Stadium,2026,App State,fbs,Sun Belt,45,"[10, 14, 7, 14]",0.9945740677382662,1480,1475,70,Idaho,fbs,Sun Belt,28,"[9, 6, 0, 13]",0.0054259322617338235,996,1001,3.0141396357,,,,CollegeFootballData.com API,2026-08-31T17:31:53.147673+00:00,/games,1.3
400548253,2014,14,regular,2014-11-29T20:00:00.000Z,False,True,False,True,18489,3971,University Stadium (NM),167,New Mexico,fbs,Mountain West,36,"[14, 7, 15, 0]",0.08646517271830204,1199,1206,2751,Wyoming,fbs,Mountain West,30,"[10, 10, 10, 0]",0.913534827281698,1198,1191,5.5943780697,,,,CollegeFootballData.com API,2026-08-31T17:31:53.147673+00:00,/games,1.3
400548455,2014,14,regular,2014-11-29T20:00:00.000Z,False,True,False,True,21043,3625,Centennial Bank Stadium,2032,Arkansas State,fbs,Sun Belt,68,"[7, 20, 21, 20]",0.9987723121204357,1474,1501,166,New Mexico State,fbs,Sun Belt,35,"[7, 14, 7, 7]",0.0012276878795642876,927,900,1.6379344343,,,,CollegeFootballData.com API,2026-08-31T17:31:53.147673+00:00,/games,1.3
400547959,2014,14,regular,2014-11-29T20:30:00.000Z,False,True,False,True,99902,3632,Beaver Stadium,213,Penn State,fbs,Big Ten,10,"[0, 3, 7, 0]",0.012844412086233117,1602,1583,127,Michigan State,fbs,Big Ten,34,"[13, 0, 14, 7]",0.9871555879137669,2006,2025,2.2639241633,,,,CollegeFootballData.com API,2026-08-31T17:31:53.147673+00:00,/games,1.3
400547899,2014,14,regular,2014-11-29T20:30:00.000Z,False,True,True,True,54179,3687,AT&T Stadium,2641,Texas Tech,fbs,Big 12,46,"[0, 17, 10, 19]",0.5765142404800748,1336,1358,239,Baylor,fbs,Big 12,48,"[7, 21, 17, 3]",0.4234857595199252,2074,2052,3.1264465446,,,,CollegeFootballData.com API,2026-08-31T17:31:53.147673+00:00,/games,1.3
400547771,2014,14,regular,2014-11-29T20:30:00.000Z,False,True,False,False,82485,3697,Doak Campbell Stadium,52,Florida State,fbs,ACC,24,"[7, 14, 0, 3]",0.995189077162356,2024,2017,57,Florida,fbs,SEC,19,"[9, 7, 3, 0]",0.0048109228376439495,1721,1728,7.58785727629999,,,,CollegeFootballData.com API,2026-08-31T17:31:53.147673+00:00,/games,1.3
400548089,2014,14,regular,2014-11-29T20:30:00.000Z,False,True,False,True,17103,3815,M. M. Roberts Stadium,2572,Southern Miss,fbs,Conference USA,24,"[0, 7, 10, 7]",0.011038998743503359,1038,1015,5,UAB,fbs,Conference USA,45,"[14, 7, 14, 10]",0.9889610012564967,1324,1347,3.0590987069,,,,CollegeFootballData.com API,2026-08-31T17:31:53.147673+00:00,/games,1.3
400548318,2014,14,regular,2014-11-29T20:30:00.000Z,False,True,False,False,79586,477,Los Angeles Memorial Coliseum,30,USC,fbs,Pac-12,49,"[21, 14, 14, 0]",0.9994958017467235,1778,1869,87,Notre Dame,fbs,FBS Independents,14,"[0, 7, 7, 0]",0.0005041982532765221,1724,1633,1.3060045497,,,,CollegeFootballData.com API,2026-08-31T17:31:53.147673+00:00,/games,1.3
400548254,2014,14,regular,2014-11-29T20:30:00.000Z,False,True,False,True,24391,3932,Qualcomm Stadium,21,San Diego State,fbs,Mountain West,38,"[7, 14, 7, 10]",0.9998482529867717,1450,1507,23,San José State,fbs,Mountain West,7,"[0, 0, 0, 7]",0.0001517470132282872,1230,1173,1.0148307121,,,,CollegeFootballData.com API,2026-08-31T17:31:53.147673+00:00,/games,1.3
400547942,2014,14,regular,2014-11-29T20:30:00.000Z,False,True,False,True,36673,3665,SECU Stadium,120,Maryland,fbs,Big Ten,38,"[7, 28, 3, 0]",0.2834390626952959,1540,1527,164,Rutgers,fbs,Big Ten,41,"[3, 14, 14, 10]",0.7165609373047042,1401,1414,5.92394854519999,,,,CollegeFootballData.com API,2026-08-31T17:31:53.147673+00:00,/games,1.3
400547967,2014,14,regular,2014-11-29T20:30:00.000Z,False,True,False,True,80341,347,Camp Randall Stadium,275,Wisconsin,fbs,Big Ten,34,"[3, 10, 7, 14]",0.9970523699992337,2050,2045,135,Minnesota,fbs,Big Ten,24,"[14, 3, 0, 7]",0.002947630000766255,1721,1726,5.7767711801,,,,CollegeFootballData.com API,2026-08-31T17:31:53.147673+00:00,/games,1.3
400548324,2014,14,regular,2014-11-29T20:30:00.000Z,False,True,False,True,62058,3974,Vaught-Hemingway Stadium,145,Ole Miss,fbs,SEC,31,"[7, 0, 17, 7]",0.993298892619146,1827,1869,344,Mississippi State,fbs,SEC,17,"[0, 3, 7, 7]",0.0067011073808540544,1975,1933,5.9236975352,,,,CollegeFootballData.com API,2026-08-31T17:31:53.147673+00:00,/games,1.3
400548326,2014,14,regular,2014-11-29T21:00:00.000Z,False,True,False,True,40350,3973,FirstBank Stadium,238,Vanderbilt,fbs,SEC,17,"[0, 10, 7, 0]",0.15472929500073204,1286,1298,2633,Tennessee,fbs,SEC,24,"[10, 7, 7, 0]",0.8452707049992679,1634,1622,3.7764787599,,,,CollegeFootballData.com API,2026-08-31T17:31:53.147673+00:00,/games,1.3
400547723,2014,14,regular,2014-11-29T21:00:00.000Z,False,True,False,True,35102,3805,Simmons Bank Liberty Stadium,235,Memphis,fbs,American Athletic,41,"[6, 7, 21, 7]",0.9969942288645918,1604,1641,41,UConn,fbs,American Athletic,10,"[0, 3, 0, 7]",0.0030057711354082306,1209,1172,1.61958718369999,,,,CollegeFootballData.com API,2026-08-31T17:31:53.147673+00:00,/games,1.3
400547900,2014,14,regular,2014-11-29T21:00:00.000Z,False,True,False,True,53439,3636,Bill Snyder Family Stadium,2306,Kansas State,fbs,Big 12,51,"[17, 14, 14, 6]",0.9998779748549877,1867,1900,2305,Kansas,fbs,Big 12,13,"[0, 6, 7, 0]",0.00012202514501225004,1248,1215,0.2378853205,,,,CollegeFootballData.com API,2026-08-31T17:31:53.147673+00:00,/games,1.3
400548322,2014,14,regular,2014-11-29T21:30:00.000Z,False,True,False,False,47856,3831,California Memorial Stadium,25,California,fbs,Pac-12,35,"[7, 14, 7, 7]",0.37176992627034783,1370,1376,252,BYU,fbs,FBS Independents,42,"[14, 0, 14, 14]",0.6282300737296522,1623,1617,9.0425840457,,,,CollegeFootballData.com API,2026-08-31T17:31:53.147673+00:00,/games,1.3
400548457,2014,14,regular,2014-11-29T23:00:00.000Z,False,True,False,True,16283,3608,Allen E. Paulson Stadium,290,Georgia Southern,fbs,Sun Belt,22,"[3, 0, 6, 13]",0.941449561448115,1492,1486,2433,UL Monroe,fbs,Sun Belt,16,"[0, 7, 6, 3]",0.05855043855188502,1212,1218,7.2538651683,,,,CollegeFootballData.com API,2026-08-31T17:31:53.147673+00:00,/games,1.3
400548087,2014,14,regular,2014-11-30T00:00:00.000Z,False,True,False,True,27455,3946,Sun Bowl,2638,UTEP,fbs,Conference USA,24,"[3, 7, 7, 7]",0.6944321732096969,1286,1287,2393,Middle Tennessee,fbs,Conference USA,21,"[7, 7, 0, 7]",0.30556782679030314,1313,1312,6.8292844588,,,,CollegeFootballData.com API,2026-08-31T17:31:53.147673+00:00,/games,1.3
400547794,2014,14,regular,2014-11-30T00:00:00.000Z,False,True,False,True,61106,3948,Hard Rock Stadium,2390,Miami,fbs,ACC,23,"[3, 10, 10, 0]",0.038732993472599155,1680,1636,221,Pittsburgh,fbs,ACC,35,"[14, 7, 7, 7]",0.9612670065274008,1501,1545,5.0981895215,,,,CollegeFootballData.com API,2026-08-31T17:31:53.147673+00:00,/games,1.3
400548251,2014,14,regular,2014-11-30T00:00:00.000Z,False,True,False,True,32580,3660,Valley Children's Stadium,278,Fresno State,fbs,Mountain West,28,"[21, 7, 0, 0]",0.9020341885241405,1391,1394,62,Hawai'i,fbs,Mountain West,21,"[0, 0, 0, 21]",0.09796581147585948,1274,1271,1.34262440219999,,,,CollegeFootballData.com API,2026-08-31T17:31:53.147673+00:00,/games,1.3
400547761,2014,14,regular,2014-11-30T00:00:00.000Z,False,True,False,True,22247,3982,Wallace Wade Stadium,150,Duke,fbs,ACC,41,"[21, 6, 7, 7]",0.9756907645325349,1587,1601,154,Wake Forest,fbs,ACC,21,"[7, 7, 7, 0]",0.024309235467465107,1251,1237,1.3710428901,,,,CollegeFootballData.com API,2026-08-31T17:31:53.147673+00:00,/games,1.3
400548323,2014,14,regular,2014-11-30T00:45:00.000Z,False,True,False,True,101821,3657,Bryant-Denny Stadium,333,Alabama,fbs,SEC,55,"[14, 7, 13, 21]",0.991771948314252,2099,2101,2,Auburn,fbs,SEC,44,"[6, 20, 10, 8]",0.008228051685748028,1857,1855,6.4002251557,,,,CollegeFootballData.com API,2026-08-31T17:31:53.147673+00:00,/games,1.3
400548320,2014,14,regular,2014-11-30T01:00:00.000Z,False,True,False,True,45722,3893,Reser Stadium,204,Oregon State,fbs,Pac-12,19,"[0, 3, 7, 9]",0.0036759153664906816,1451,1438,2483,Oregon,fbs,Pac-12,47,"[9, 21, 10, 7]",0.9963240846335093,2018,2031,1.0037902976,,,,CollegeFootballData.com API,2026-08-31T17:31:53.147673+00:00,/games,1.3
400548250,2014,14,regular,2014-11-30T03:15:00.000Z,False,True,False,True,33940,3653,Albertsons Stadium,68,Boise State,fbs,Mountain West,50,"[20, 14, 0, 16]",0.9991564510367039,1751,1827,328,Utah State,fbs,Mountain West,19,"[9, 3, 0, 7]",0.0008435489632960813,1685,1609,1.32917376379999,,,,CollegeFootballData.com API,2026-08-31T17:31:53.147673+00:00,/games,1.3
400548252,2014,14,regular,2014-11-30T03:30:00.000Z,False,True,False,True,20151,3914,Sam Boyd Stadium,2439,UNLV,fbs,Mountain West,27,"[7, 10, 3, 7]",0.005953854834788662,1122,1099,2440,Nevada,fbs,Mountain West,49,"[7, 7, 21, 14]",0.9940461451652114,1430,1453,4.37980105139999,,,,CollegeFootballData.com API,2026-08-31T17:31:53.147673+00:00,/games,1.3
400548321,2014,14,regular,2014-11-30T03:30:00.000Z,False,True,False,True,32952,3820,Gesa Field,265,Washington State,fbs,Pac-12,13,"[0, 0, 0, 13]",0.07875087784273498,1395,1382,264,Washington,fbs,Pac-12,31,"[7, 7, 10, 7]",0.9212491221572651,1704,1717,2.8866599316,,,,CollegeFootballData.com API,2026-08-31T17:31:53.147673+00:00,/games,1.3
400547724,2014,15,regular,2014-12-05T00:30:00.000Z,False,True,False,True,41259,3699,Dowdy-Ficklen Stadium,151,East Carolina,fbs,American Athletic,30,"[6, 3, 0, 21]",0.32064528807275544,1654,1654,2116,UCF,fbs,American Athletic,32,"[6, 17, 3, 6]",0.6793547119272445,1708,1708,7.53333854219999,,,,CollegeFootballData.com API,2026-08-31T17:31:53.147673+00:00,/games,1.3
400609055,2014,15,regular,2014-12-06T00:00:00.000Z,False,True,True,True,15110,3727,Ford Field,189,Bowling Green,fbs,Mid-American,17,"[0, 10, 0, 7]",0.003910247883005801,1385,1308,2459,Northern Illinois,fbs,Mid-American,51,"[10, 10, 17, 14]",0.9960897521169942,1481,1558,3.5200268803,,,,CollegeFootballData.com API,2026-08-31T17:31:53.147673+00:00,/games,1.3
400609076,2014,15,regular,2014-12-06T02:20:00.000Z,False,True,True,True,45618,4738,Levi's Stadium,2483,Oregon,fbs,Pac-12,51,"[6, 17, 21, 7]",0.9999883924017346,2031,2119,12,Arizona,fbs,Pac-12,13,"[0, 0, 7, 6]",1.1607598265350738e-05,1814,1726,1.40556752609999,,,,CollegeFootballData.com API,2026-08-31T17:31:53.147673+00:00,/games,1.3
400547902,2014,15,regular,2014-12-06T17:00:00.000Z,False,True,False,True,45242,3616,Amon G. Carter Stadium,2628,TCU,fbs,Big 12,55,"[14, 3, 31, 7]",0.9999941384454925,2044,2105,66,Iowa State,fbs,Big 12,3,"[0, 3, 0, 0]",5.8615545075468845e-06,1317,1256,0.357181699799999,,,,CollegeFootballData.com API,2026-08-31T17:31:53.147673+00:00,/games,1.3
400609077,2014,15,regular,2014-12-06T17:00:00.000Z,False,True,False,True,23711,3775,Joan C. Edwards Stadium,276,Marshall,fbs,Conference USA,26,"[0, 13, 3, 10]",0.9904950512948262,1835,1835,2348,Louisiana Tech,fbs,Conference USA,23,"[10, 7, 6, 0]",0.009504948705173821,1797,1797,7.46079772649999,,,,CollegeFootballData.com API,2026-08-31T17:31:53.147673+00:00,/games,1.3
400547725,2014,15,regular,2014-12-06T17:00:00.000Z,False,True,False,True,24606,3874,Paul Brown Stadium,2132,Cincinnati,fbs,American Athletic,38,"[7, 14, 14, 3]",0.7699657204112424,1675,1680,248,Houston,fbs,American Athletic,31,"[7, 3, 7, 14]",0.23003427958875755,1602,1597,4.1665573557,,,,CollegeFootballData.com API,2026-08-31T17:31:53.147673+00:00,/games,1.3
400547726,2014,15,regular,2014-12-06T17:00:00.000Z,False,True,False,True,22921,3892,Pratt & Whitney Stadium,41,UConn,fbs,American Athletic,20,"[6, 14, 0, 0]",0.08754174347166886,1172,1139,2567,SMU,fbs,American Athletic,27,"[6, 0, 14, 7]",0.9124582565283311,938,971,5.7571455099,,,,CollegeFootballData.com API,2026-08-31T17:31:53.147673+00:00,/games,1.3
400547901,2014,15,regular,2014-12-06T20:30:00.000Z,False,True,False,True,85312,3835,"Memorial Stadium (Norman, OK)",201,Oklahoma,fbs,Big 12,35,"[7, 21, 0, 7, 0]",0.8477524723497698,1888,1860,197,Oklahoma State,fbs,Big 12,38,"[7, 7, 0, 21, 3]",0.1522475276502302,1543,1571,3.1539257814,,,,CollegeFootballData.com API,2026-08-31T17:31:53.147673+00:00,/games,1.3
400609098,2014,15,regular,2014-12-06T21:00:00.000Z,False,True,True,True,73526,3495,Georgia Dome,142,Missouri,fbs,SEC,13,"[0, 3, 10, 0]",0.00508000539551743,1813,1775,333,Alabama,fbs,SEC,42,"[7, 14, 0, 21]",0.9949199946044825,2101,2139,3.7166914292,,,,CollegeFootballData.com API,2026-08-31T17:31:53.147673+00:00,/games,1.3
400547727,2014,15,regular,2014-12-07T00:30:00.000Z,False,True,False,True,20612,4729,Yulman Stadium,2655,Tulane,fbs,American Athletic,3,"[3, 0, 0, 0]",0.2717984093634703,1209,1217,218,Temple,fbs,American Athletic,10,"[0, 3, 0, 7]",0.7282015906365298,1492,1484,8.0267953129,,,,CollegeFootballData.com API,2026-08-31T17:31:53.147673+00:00,/games,1.3
400547903,2014,15,regular,2014-12-07T00:45:00.000Z,False,True,False,True,47934,4727,McLane Stadium,239,Baylor,fbs,Big 12,38,"[14, 10, 14, 0]",0.9154414201013212,2052,2061,2306,Kansas State,fbs,Big 12,27,"[0, 14, 6, 7]",0.08455857989867877,1900,1891,3.1034717779,,,,CollegeFootballData.com API,2026-08-31T17:31:53.147673+00:00,/games,1.3
400608167,2014,15,regular,2014-12-07T01:00:00.000Z,False,True,True,True,64808,3628,Bank of America Stadium,59,Georgia Tech,fbs,ACC,35,"[14, 7, 7, 7]",0.6899744279559122,1872,1877,52,Florida State,fbs,ACC,37,"[7, 21, 3, 6]",0.31002557204408776,2017,2012,5.7672104624,,,,CollegeFootballData.com API,2026-08-31T17:31:53.147673+00:00,/games,1.3
400609096,2014,15,regular,2014-12-07T01:17:00.000Z,False,True,True,True,60229,3812,Lucas Oil Stadium,194,Ohio State,fbs,Big Ten,59,"[14, 24, 7, 14]",0.9999970036914057,2027,2232,275,Wisconsin,fbs,Big Ten,0,"[0, 0, 0, 0]",2.996308594349628e-06,2045,1840,1.4594103584,,,,CollegeFootballData.com API,2026-08-31T17:31:53.147673+00:00,/games,1.3
400609154,2014,15,regular,2014-12-07T03:00:00.000Z,False,True,False,True,26101,3653,Albertsons Stadium,68,Boise State,fbs,Mountain West,28,"[14, 7, 7, 0]",0.9984632251269484,1827,1821,278,Fresno State,fbs,Mountain West,14,"[0, 0, 7, 7]",0.001536774873051594,1394,1400,1.04924333289999,,,,CollegeFootballData.com API,2026-08-31T17:31:53.147673+00:00,/games,1.3
400548461,2014,16,regular,2014-12-13T20:00:00.000Z,False,True,True,False,70935,3814,M&T Bank Stadium,349,Army,fbs,FBS Independents,10,"[7, 0, 0, 3]",0.156451961135,1166,1185,2426,Navy,fbs,FBS Independents,17,"[0, 7, 3, 7]",0.843548038865,1589,1570,3.1551529468,,,,CollegeFootballData.com API,2026-08-31T17:31:53.147673+00:00,/games,1.3
400610197,2014,1,postseason,2014-12-20T16:00:00.000Z,False,True,True,False,34014,3493,Caesars Superdome,309,Louisiana,fbs,Sun Belt,16,"[10, 0, 0, 6]",0.9983619603674718,1391,1430,2440,Nevada,fbs,Mountain West,3,"[0, 3, 0, 0]",0.0016380396325281765,1453,1414,3.555212062,,R+L CARRIERS NEW ORLEANS BOWL,,CollegeFootballData.com API,2026-08-31T17:31:53.147673+00:00,/games,1.3
400610202,2014,1,postseason,2014-12-20T19:20:00.000Z,False,True,True,False,28725,3971,University Stadium (NM),2638,UTEP,fbs,Conference USA,6,"[3, 0, 0, 3]",0.017114165609636585,1287,1288,328,Utah State,fbs,Mountain West,21,"[7, 0, 7, 7]",0.9828858343903634,1609,1608,3.6212674601,,GILDAN NEW MEXICO BOWL,,CollegeFootballData.com API,2026-08-31T17:31:53.147673+00:00,/games,1.3
400610221,2014,1,postseason,2014-12-20T20:30:00.000Z,False,True,True,False,33067,3914,Sam Boyd Stadium,36,Colorado State,fbs,Mountain West,10,"[10, 0, 0, 0]",0.0040576393764886485,1662,1552,254,Utah,fbs,Pac-12,45,"[21, 3, 7, 14]",0.9959423606235114,1545,1655,2.65549961019999,,ROYAL PURPLE LAS VEGAS BOWL,,CollegeFootballData.com API,2026-08-31T17:31:53.147673+00:00,/games,1.3
400610198,2014,1,postseason,2014-12-20T22:45:00.000Z,False,True,True,False,18223,3653,Albertsons Stadium,2005,Air Force,fbs,Mountain West,38,"[6, 14, 3, 15]",0.9987232869827992,1389,1432,2711,Western Michigan,fbs,Mid-American,24,"[3, 7, 0, 14]",0.0012767130172007812,1459,1416,4.66885517989999,,FAMOUS IDAHO POTATO BOWL,,CollegeFootballData.com API,2026-08-31T17:31:53.147673+00:00,/games,1.3
400610201,2014,1,postseason,2014-12-21T02:15:00.000Z,False,True,True,False,20256,3689,Cramton Bowl,189,Bowling Green,fbs,Mid-American,33,"[14, 6, 7, 6]",0.37476995815901526,1308,1319,6,South Alabama,fbs,Sun Belt,28,"[7, 0, 7, 14]",0.6252300418409847,1318,1307,6.61492901319999,,RAYCOM MEDIA CAMELLIA BOWL,,CollegeFootballData.com API,2026-08-31T17:31:53.147673+00:00,/games,1.3
400610225,2014,1,postseason,2014-12-22T19:00:00.000Z,False,True,True,False,20761,4223,Marlins Park,235,Memphis,fbs,American Athletic,55,"[17, 7, 14, 7, 3, 7]",0.9781554167033657,1641,1655,252,BYU,fbs,FBS Independents,48,"[14, 14, 0, 17, 3, 0]",0.0218445832966343,1617,1603,11.1147347548999,,MIAMI BEACH BOWL,,CollegeFootballData.com API,2026-08-31T17:31:53.147673+00:00,/games,1.3
400610203,2014,1,postseason,2014-12-23T23:00:00.000Z,False,True,True,False,29419,3715,FAU Stadium,2459,Northern Illinois,fbs,Mid-American,23,"[7, 6, 7, 3]",0.006363530860429406,1558,1519,276,Marshall,fbs,Conference USA,52,"[14, 10, 14, 14]",0.9936364691395706,1835,1874,2.9817527232,,BOCA RATON BOWL,,CollegeFootballData.com API,2026-08-31T17:31:53.147673+00:00,/games,1.3
400610199,2014,1,postseason,2014-12-24T02:30:00.000Z,False,True,True,False,33077,3932,Qualcomm Stadium,21,San Diego State,fbs,Mountain West,16,"[10, 3, 3, 0]",0.15898638617190824,1507,1509,2426,Navy,fbs,FBS Independents,17,"[7, 0, 7, 3]",0.8410136138280917,1570,1568,7.83369672299999,,SAN DIEGO COUNTY CREDIT UNION POINSETTIA BOWL,,CollegeFootballData.com API,2026-08-31T17:31:53.147673+00:00,/games,1.3
400610205,2014,1,postseason,2014-12-24T17:00:00.000Z,False,True,True,False,13667,4779,Thomas A. Robinson National Stadium,98,Western Kentucky,fbs,Conference USA,49,"[21, 21, 7, 0]",0.9370711093034169,1533,1531,2117,Central Michigan,fbs,Mid-American,48,"[7, 7, 0, 34]",0.06292889069658314,1373,1375,2.93001288679999,,POPEYES BAHAMAS BOWL,,CollegeFootballData.com API,2026-08-31T17:31:53.147673+00:00,/games,1.3
400610204,2014,1,postseason,2014-12-25T01:00:00.000Z,False,True,True,False,25365,3610,Aloha Stadium,242,Rice,fbs,Conference USA,30,"[16, 0, 7, 7]",0.9999862758562261,1391,1460,278,Fresno State,fbs,Mountain West,6,"[3, 3, 0, 0]",1.3724143773874431e-05,1400,1331,4.7822766875,,HAWAI'I BOWL,,CollegeFootballData.com API,2026-08-31T17:31:53.147673+00:00,/games,1.3
400610222,2014,1,postseason,2014-12-26T18:00:00.000Z,False,True,True,False,31297,499,Cotton Bowl,2348,Louisiana Tech,fbs,Conference USA,35,"[14, 7, 0, 14]",0.9705491231134874,1797,1802,356,Illinois,fbs,Big Ten,18,"[3, 6, 6, 3]",0.0294508768865126,1364,1359,5.33535303839999,,ZAXBY'S HEART OF DALLAS BOWL,,CollegeFootballData.com API,2026-08-31T17:31:53.147673+00:00,/games,1.3
400610212,2014,1,postseason,2014-12-26T21:30:00.000Z,False,True,True,False,23876,3727,Ford Field,153,North Carolina,fbs,ACC,21,"[0, 0, 7, 14]",0.007004774534716425,1517,1466,164,Rutgers,fbs,Big Ten,40,"[7, 16, 7, 10]",0.9929952254652836,1414,1465,2.5213016542,,QUICK LANE BOWL,,CollegeFootballData.com API,2026-08-31T17:31:53.147673+00:00,/games,1.3
400610209,2014,1,postseason,2014-12-27T01:00:00.000Z,False,True,True,False,26675,4113,Tropicana Field,2116,UCF,fbs,American Athletic,27,"[3, 7, 3, 14]",0.020128936372972868,1708,1689,152,NC State,fbs,ACC,34,"[7, 10, 14, 3]",0.9798710636270271,1545,1564,4.1733287177,,BITCOIN ST. PETERSBURG BOWL,,CollegeFootballData.com API,2026-08-31T17:31:53.147673+00:00,/games,1.3
400610207,2014,1,postseason,2014-12-27T18:00:00.000Z,False,True,True,False,34277,3852,Navy-Marine Corps Memorial Stadium,259,Virginia Tech,fbs,ACC,33,"[7, 6, 14, 6]",0.6402665516916987,1556,1611,2132,Cincinnati,fbs,American Athletic,17,"[7, 3, 0, 7]",0.35973344830830134,1680,1625,4.1565899108,,MILITARY BOWL PRESENTED BY NORTHROP GRUMMAN,,CollegeFootballData.com API,2026-08-31T17:31:53.147673+00:00,/games,1.3
400610211,2014,1,postseason,2014-12-27T19:00:00.000Z,False,True,True,False,47809,3946,Sun Bowl,150,Duke,fbs,ACC,31,"[3, 14, 0, 14]",0.025609881435696858,1601,1608,9,Arizona State,fbs,Pac-12,36,"[10, 10, 10, 6]",0.9743901185643031,1782,1775,5.0064762602,,HYUNDAI SUN BOWL,,CollegeFootballData.com API,2026-08-31T17:31:53.147673+00:00,/games,1.3
400610216,2014,1,postseason,2014-12-27T20:30:00.000Z,False,True,True,False,38242,3766,Independence Stadium,2579,South Carolina,fbs,SEC,24,"[0, 17, 0, 7]",0.23723684737994835,1717,1719,2390,Miami,fbs,ACC,21,"[3, 3, 8, 7]",0.7627631526200517,1636,1634,6.29898046109999,,DUCK COMMANDER INDEPENDENCE BOWL,,CollegeFootballData.com API,2026-08-31T17:31:53.147673+00:00,/games,1.3
400610210,2014,1,postseason,2014-12-27T21:30:00.000Z,False,True,True,False,49012,4102,Yankee Stadium,213,Penn State,fbs,Big Ten,31,"[7, 0, 7, 10, 7]",0.31068692080400734,1583,1584,103,Boston College,fbs,ACC,30,"[7, 0, 14, 3, 6]",0.6893130791959927,1547,1546,8.14397747869999,,NEW ERA PINSTRIPE BOWL,,CollegeFootballData.com API,2026-08-31T17:31:53.147673+00:00,/games,1.3
400610220,2014,1,postseason,2014-12-28T01:00:00.000Z,False,True,True,False,55789,3932,Qualcomm Stadium,30,USC,fbs,Pac-12,45,"[10, 14, 21, 0]",0.23418293930197076,1869,1870,158,Nebraska,fbs,Big Ten,42,"[17, 0, 17, 8]",0.7658170606980292,1760,1759,6.7624605922,,NATIONAL UNIVERSITY HOLIDAY BOWL,,CollegeFootballData.com API,2026-08-31T17:31:53.147673+00:00,/games,1.3
400610226,2014,1,postseason,2014-12-29T19:00:00.000Z,False,True,True,False,51282,3805,Simmons Bank Liberty Stadium,277,West Virginia,fbs,Big 12,37,"[20, 7, 3, 7]",0.04875854306733801,1642,1635,245,Texas A&M,fbs,SEC,45,"[14, 14, 17, 0]",0.9512414569326619,1685,1692,5.97484982,,AUTOZONE LIBERTY BOWL,,CollegeFootballData.com API,2026-08-31T17:31:53.147673+00:00,/games,1.3
400610208,2014,1,postseason,2014-12-29T22:30:00.000Z,False,True,True,False,40071,4013,Camping World Stadium,228,Clemson,fbs,ACC,40,"[17, 10, 13, 0]",0.9999366872842128,1788,1902,201,Oklahoma,fbs,Big 12,6,"[0, 0, 0, 6]",6.331271578718933e-05,1860,1746,1.8495965326,,RUSSELL ATHLETIC BOWL,,CollegeFootballData.com API,2026-08-31T17:31:53.147673+00:00,/games,1.3
400610223,2014,1,postseason,2014-12-30T02:00:00.000Z,False,True,True,False,71115,3891,NRG Stadium,251,Texas,fbs,Big 12,7,"[0, 7, 0, 0]",0.16875049035210957,1629,1596,8,Arkansas,fbs,SEC,31,"[3, 21, 0, 7]",0.8312495096478905,1829,1862,2.3012044679,,ADVOCARE V100 TEXAS BOWL,,CollegeFootballData.com API,2026-08-31T17:31:53.147673+00:00,/games,1.3
400610214,2014,1,postseason,2014-12-30T20:00:00.000Z,False,True,True,False,60149,3810,Nissan Stadium,99,LSU,fbs,SEC,28,"[7, 7, 14, 0]",0.2419071861598968,1826,1816,87,Notre Dame,fbs,FBS Independents,31,"[7, 14, 7, 3]",0.7580928138401032,1633,1643,8.3834236565,,FRANKLIN AMERICAN MORTGAGE MUSIC CITY BOWL,,CollegeFootballData.com API,2026-08-31T17:31:53.147673+00:00,/games,1.3
400610215,2014,1,postseason,2014-12-30T23:30:00.000Z,False,True,True,False,45671,3628,Bank of America Stadium,97,Louisville,fbs,ACC,14,"[7, 0, 7, 0]",0.008388582677222799,1803,1773,61,Georgia,fbs,SEC,37,"[7, 13, 7, 10]",0.9916114173227772,2004,2034,3.5816900663,,BELK BOWL,,CollegeFootballData.com API,2026-08-31T17:31:53.147673+00:00,/games,1.3
400610206,2014,1,postseason,2014-12-31T03:00:00.000Z,False,True,True,False,34780,4738,Levi's Stadium,24,Stanford,fbs,Pac-12,45,"[7, 21, 7, 10]",0.9985838290238348,1837,1871,120,Maryland,fbs,Big Ten,21,"[0, 7, 0, 14]",0.0014161709761651986,1527,1493,1.06212826759999,,FOSTER FARMS BOWL,,CollegeFootballData.com API,2026-08-31T17:31:53.147673+00:00,/games,1.3
400610182,2014,1,postseason,2014-12-31T17:30:00.000Z,False,True,True,False,65706,3495,Georgia Dome,2628,TCU,fbs,Big 12,42,"[14, 14, 14, 0]",0.9999843207305315,2105,2194,145,Ole Miss,fbs,SEC,3,"[0, 0, 0, 3]",1.567926946854925e-05,1869,1780,1.7093956095,,CHICK-FIL-A PEACH BOWL,,CollegeFootballData.com API,2026-08-31T17:31:53.147673+00:00,/games,1.3
400610181,2014,1,postseason,2014-12-31T21:00:00.000Z,False,True,True,False,66896,3970,State Farm Stadium,12,Arizona,fbs,Pac-12,30,"[7, 10, 10, 3]",0.2639174699307187,1726,1723,68,Boise State,fbs,Mountain West,38,"[21, 10, 7, 0]",0.7360825300692813,1821,1824,5.89878451809999,,,,CollegeFootballData.com API,2026-08-31T17:31:53.147673+00:00,/games,1.3
400610180,2014,1,postseason,2015-01-01T01:00:00.000Z,False,True,True,False,58211,3948,Hard Rock Stadium,59,Georgia Tech,fbs,ACC,49,"[14, 7, 21, 7]",0.659458642499321,1877,1921,344,Mississippi State,fbs,SEC,34,"[0, 20, 0, 14]",0.34054135750067904,1933,1889,4.86054315979999,,,,CollegeFootballData.com API,2026-08-31T17:31:53.147673+00:00,/games,1.3
400610219,2014,1,postseason,2015-01-01T17:00:00.000Z,False,True,True,False,44023,3886,Raymond James Stadium,275,Wisconsin,fbs,Big Ten,34,"[7, 0, 14, 10, 3]",0.48416209687919015,1840,1847,2,Auburn,fbs,SEC,31,"[7, 7, 3, 14, 0]",0.5158379031208098,1855,1848,8.0987867862,,OUTBACK BOWL,,CollegeFootballData.com API,2026-08-31T17:31:53.147673+00:00,/games,1.3
400610179,2014,1,postseason,2015-01-01T17:30:00.000Z,False,True,True,False,71464,3687,AT&T Stadium,239,Baylor,fbs,Big 12,41,"[14, 10, 17, 0]",0.46305155899135114,2061,2061,127,Michigan State,fbs,Big Ten,42,"[14, 0, 7, 21]",0.5369484410086489,2025,2025,5.6019883933,,GOODYEAR COTTON BOWL CLASSIC,,CollegeFootballData.com API,2026-08-31T17:31:53.147673+00:00,/games,1.3
400610217,2014,1,postseason,2015-01-01T18:00:00.000Z,False,True,True,False,48624,4013,Camping World Stadium,135,Minnesota,fbs,Big Ten,17,"[7, 0, 10, 0]",0.0826860633962507,1726,1700,142,Missouri,fbs,SEC,33,"[0, 10, 9, 14]",0.9173139366037493,1775,1801,5.3452549916,,BUFFALO WILD WINGS CITRUS BOWL,,CollegeFootballData.com API,2026-08-31T17:31:53.147673+00:00,/games,1.3
400610177,2014,1,postseason,2015-01-01T22:10:00.000Z,False,True,True,False,91322,1056,Rose Bowl,52,Florida State,fbs,ACC,20,"[3, 10, 7, 0]",0.07053274470516194,2012,1919,2483,Oregon,fbs,Pac-12,59,"[8, 10, 27, 14]",0.9294672552948381,2119,2212,3.67331723409999,,ROSE BOWL GAME PRES. BY NORTHWESTERN MUTUAL - SEMIFINAL,"{'competition': 'cfp', 'format': 'four_team', 'round': 'semifinal', 'roundName': 'Semifinal', 'bracketSlot': 'SF1', 'homeSeed': 3, 'awaySeed': 2, 'bowlName': 'Rose Bowl'}",CollegeFootballData.com API,2026-08-31T17:31:53.147673+00:00,/games,1.3
400610178,2014,1,postseason,2015-01-02T02:00:00.000Z,False,True,True,False,74682,3493,Caesars Superdome,194,Ohio State,fbs,Big Ten,42,"[6, 14, 14, 8]",0.8536216382793911,2232,2241,333,Alabama,fbs,SEC,35,"[14, 7, 7, 7]",0.14637836172060892,2139,2130,8.2308922188,,ALLSTATE SUGAR BOWL - SEMIFINAL,"{'competition': 'cfp', 'format': 'four_team', 'round': 'semifinal', 'roundName': 'Semifinal', 'bracketSlot': 'SF2', 'homeSeed': 4, 'awaySeed': 1, 'bowlName': 'Sugar Bowl'}",CollegeFootballData.com API,2026-08-31T17:31:53.147673+00:00,/games,1.3
400610213,2014,1,postseason,2015-01-02T17:00:00.000Z,False,True,True,False,37888,3616,Amon G. Carter Stadium,221,Pittsburgh,fbs,ACC,34,"[0, 17, 7, 10]",0.14848011033613598,1545,1547,248,Houston,fbs,American Athletic,35,"[0, 6, 0, 29]",0.851519889663864,1597,1595,4.782390723,,LOCKHEED MARTIN ARMED FORCES BOWL,,CollegeFootballData.com API,2026-08-31T17:31:53.147673+00:00,/games,1.3
400610224,2014,1,postseason,2015-01-02T20:20:00.000Z,False,True,True,False,56310,3712,EverBank Stadium,2633,Tennessee,fbs,SEC,45,"[21, 14, 7, 3]",0.998889195461666,1622,1670,2294,Iowa,fbs,Big Ten,28,"[0, 7, 0, 21]",0.0011108045383340093,1647,1599,1.37858494779999,,TAXSLAYER BOWL,,CollegeFootballData.com API,2026-08-31T17:31:53.147673+00:00,/games,1.3
400610218,2014,1,postseason,2015-01-02T23:45:00.000Z,False,True,True,False,60517,3604,Alamodome,26,UCLA,fbs,Pac-12,40,"[17, 14, 3, 6]",0.9703495415489302,1767,1785,2306,Kansas State,fbs,Big 12,35,"[0, 6, 15, 14]",0.02965045845106984,1891,1873,3.5589499842,,VALERO ALAMO BOWL,,CollegeFootballData.com API,2026-08-31T17:31:53.147673+00:00,/games,1.3
400610227,2014,1,postseason,2015-01-03T03:25:00.000Z,False,True,True,False,35409,3947,Mountain America Stadium,197,Oklahoma State,fbs,Big 12,30,"[14, 10, 3, 3]",0.9011419392595603,1571,1601,264,Washington,fbs,Pac-12,22,"[0, 0, 14, 8]",0.09885806074043968,1717,1687,3.894038692,,TICKETCITY CACTUS BOWL,,CollegeFootballData.com API,2026-08-31T17:31:53.147673+00:00,/games,1.3
400610228,2014,1,postseason,2015-01-03T17:00:00.000Z,False,True,True,False,30083,3803,Legion Field,57,Florida,fbs,SEC,28,"[7, 14, 7, 0]",0.36543506429666095,1728,1741,151,East Carolina,fbs,American Athletic,20,"[7, 0, 10, 3]",0.634564935703339,1654,1641,5.3071633873,,BIRMINGHAM BOWL,,CollegeFootballData.com API,2026-08-31T17:31:53.147673+00:00,/games,1.3
400610200,2014,1,postseason,2015-01-05T02:00:00.000Z,False,True,True,False,36811,3797,Ladd Peebles Stadium,2032,Arkansas State,fbs,Sun Belt,44,"[14, 3, 14, 13]",0.005458207272431997,1501,1460,2649,Toledo,fbs,Mid-American,63,"[21, 14, 7, 21]",0.994541792727568,1483,1524,3.6469477657,,GODADDY BOWL,,CollegeFootballData.com API,2026-08-31T17:31:53.147673+00:00,/games,1.3
400610325,2014,1,postseason,2015-01-13T01:30:00.000Z,False,True,True,False,85689,3687,AT&T Stadium,194,Ohio State,fbs,Big Ten,42,"[14, 7, 7, 14]",0.9939249679459836,2241,2299,2483,Oregon,fbs,Pac-12,20,"[7, 3, 10, 0]",0.006075032054016383,2212,2154,6.8309746513,,CFP NATIONAL CHAMPIONSHIP GAME PRES. BY AT&T,"{'competition': 'cfp', 'format': 'four_team', 'round': 'championship', 'roundName': 'National Championship', 'bracketSlot': 'CH', 'homeSeed': 4, 'awaySeed': 2, 'bowlName': None}",CollegeFootballData.com API,2026-08-31T17:31:53.147673+00:00,/games,1.3
