id,season,week,seasonType,startDate,startTimeTBD,completed,neutralSite,conferenceGame,attendance,venueId,venue,homeId,homeTeam,homeClassification,homeConference,homePoints,homeLineScores,homePostgameWinProbability,homePregameElo,homePostgameElo,awayId,awayTeam,awayClassification,awayConference,awayPoints,awayLineScores,awayPostgameWinProbability,awayPregameElo,awayPostgameElo,excitementIndex,highlights,notes,playoff,_source,_retrieval_date,_endpoint,_schema_version
401282714,2021,1,regular,2021-08-28T17:20:00.000Z,False,True,False,True,41064,3832,"Memorial Stadium (Champaign, IL)",356,Illinois,fbs,Big Ten,30,"[2, 14, 14, 0]",0.4056606386617034,1392,1411,158,Nebraska,fbs,Big Ten,22,"[0, 9, 7, 6]",0.5943393613382966,1503,1484,5.4859812562,,,,CollegeFootballData.com API,2026-08-31T17:36:52.108062+00:00,/games,1.3
401286187,2021,1,regular,2021-08-28T18:00:00.000Z,False,True,False,False,26043,3660,Valley Children's Stadium,278,Fresno State,fbs,Mountain West,45,"[7, 24, 7, 7]",0.9989676192140482,1465,1566,41,UConn,fbs,FBS Independents,0,"[0, 0, 0, 0]",0.001032380785951803,1223,1122,1.5355562765,,,,CollegeFootballData.com API,2026-08-31T17:36:52.108062+00:00,/games,1.3
401309833,2021,1,regular,2021-08-28T19:30:00.000Z,False,True,False,False,32982,1056,Rose Bowl,26,UCLA,fbs,Pac-12,44,"[24, 7, 13, 0]",0.998923796291393,1517,1605,62,Hawai'i,fbs,Mountain West,10,"[3, 0, 7, 0]",0.0010762037086069487,1466,1378,1.3911846797,,,,CollegeFootballData.com API,2026-08-31T17:36:52.108062+00:00,/games,1.3
401282049,2021,1,regular,2021-08-29T01:30:00.000Z,False,True,False,False,19034,3601,Aggie Memorial Stadium,166,New Mexico State,fbs,FBS Independents,3,"[0, 3, 0, 0]",0.0003672266073629033,1261,1182,2638,UTEP,fbs,Conference USA,30,"[17, 3, 10, 0]",0.9996327733926371,1222,1301,1.7024199439,,,,CollegeFootballData.com API,2026-08-31T17:36:52.108062+00:00,/games,1.3
401310693,2021,1,regular,2021-08-29T02:00:00.000Z,False,True,False,False,16204,3935,CEFCU Stadium,23,San José State,fbs,Mountain West,45,"[21, 17, 7, 0]",0.9989556844495414,,,253,Southern Utah,fcs,Big Sky,14,"[0, 14, 0, 0]",0.0010443155504585855,,,1.2255180894,,,,CollegeFootballData.com API,2026-08-31T17:36:52.108062+00:00,/games,1.3
401282050,2021,1,regular,2021-09-01T23:30:00.000Z,False,True,True,False,9122,3689,Cramton Bowl,55,Jacksonville State,fcs,AWC,0,"[0, 0, 0, 0]",0.0003023172538635826,,,5,UAB,fbs,Conference USA,31,"[0, 10, 14, 7]",0.9996976827461365,,,2.1316123178,,Montgomery Kickoff,,CollegeFootballData.com API,2026-08-31T17:36:52.108062+00:00,/games,1.3
401328545,2021,1,regular,2021-09-02T23:00:00.000Z,False,True,False,False,16236,3654,Brooks Stadium (SC),324,Coastal Carolina,fbs,Sun Belt,52,"[7, 24, 14, 7]",0.9989646936333476,,,2643,The Citadel,fcs,Southern,14,"[0, 0, 7, 7]",0.0010353063666523887,,,1.189259394,,,,CollegeFootballData.com API,2026-08-31T17:36:52.108062+00:00,/games,1.3
401300995,2021,1,regular,2021-09-02T23:00:00.000Z,False,True,False,False,43928,3652,FBC Mortgage Stadium,2116,UCF,fbs,American Athletic,36,"[0, 14, 14, 8]",0.9342124591737911,1648,1651,68,Boise State,fbs,Mountain West,31,"[14, 10, 0, 7]",0.06578754082620886,1602,1599,10.2014008911,,,,CollegeFootballData.com API,2026-08-31T17:36:52.108062+00:00,/games,1.3
401309540,2021,1,regular,2021-09-02T23:00:00.000Z,False,True,False,False,13149,3919,Scheumann Stadium,2050,Ball State,fbs,Mid-American,31,"[7, 0, 14, 10]",0.9215833962326455,,,2710,Western Illinois,fcs,MVFC,21,"[0, 7, 7, 7]",0.07841660376735449,,,2.0262390412,,,,CollegeFootballData.com API,2026-08-31T17:36:52.108062+00:00,/games,1.3
401309542,2021,1,regular,2021-09-02T23:00:00.000Z,False,True,False,False,17521,3965,UB Stadium,2084,Buffalo,fbs,Mid-American,69,"[14, 24, 21, 10]",0.9983755574946217,,,2681,Wagner,fcs,NEC,7,"[0, 0, 0, 7]",0.0016244425053782985,,,1.0306190592,,,,CollegeFootballData.com API,2026-08-31T17:36:52.108062+00:00,/games,1.3
401282607,2021,1,regular,2021-09-02T23:30:00.000Z,False,True,False,False,52633,3670,Carter-Finley Stadium,152,NC State,fbs,ACC,45,"[10, 14, 14, 7]",0.9987026978526787,1460,1565,58,South Florida,fbs,American Athletic,0,"[0, 0, 0, 0]",0.0012973021473212665,1251,1146,1.7199176694,,,,CollegeFootballData.com API,2026-08-31T17:36:52.108062+00:00,/games,1.3
401300993,2021,1,regular,2021-09-02T23:30:00.000Z,False,True,False,False,36752,3792,Kidd Brewer Stadium,2026,App State,fbs,Sun Belt,33,"[14, 6, 7, 6]",0.9981479820345208,1659,1666,151,East Carolina,fbs,American Athletic,19,"[6, 0, 3, 10]",0.0018520179654791802,1403,1396,3.0846558976,,,,CollegeFootballData.com API,2026-08-31T17:36:52.108062+00:00,/games,1.3
401300994,2021,1,regular,2021-09-02T23:30:00.000Z,False,True,False,False,15085,3674,Chapman Stadium,202,Tulsa,fbs,American Athletic,17,"[3, 7, 7, 0]",0.48190183055823815,,,302,UC Davis,fcs,Big Sky,19,"[7, 3, 3, 6]",0.5180981694417619,,,6.1233812195,,,,CollegeFootballData.com API,2026-08-31T17:36:52.108062+00:00,/games,1.3
401309834,2021,1,regular,2021-09-02T23:30:00.000Z,False,True,False,False,51511,587,Rice-Eccles Stadium,254,Utah,fbs,Pac-12,40,"[13, 6, 7, 14]",0.9832270850528867,,,2692,Weber State,fcs,Big Sky,17,"[7, 0, 3, 7]",0.016772914947113304,,,1.7192597055,,,,CollegeFootballData.com API,2026-08-31T17:36:52.108062+00:00,/games,1.3
401282180,2021,1,regular,2021-09-03T00:00:00.000Z,False,True,False,False,16236,3796,Houchens Industries-L.T. Smith Stadium,98,Western Kentucky,fbs,Conference USA,59,"[7, 21, 17, 14]",0.9974874797982355,,,2630,UT Martin,fcs,OVC,21,"[7, 7, 0, 7]",0.002512520201764512,,,3.4696869058,,,,CollegeFootballData.com API,2026-08-31T17:36:52.108062+00:00,/games,1.3
401282789,2021,1,regular,2021-09-03T00:00:00.000Z,False,True,False,True,50805,3953,Huntington Bank Stadium,135,Minnesota,fbs,Big Ten,31,"[0, 14, 7, 10]",0.170686074828574,1585,1582,194,Ohio State,fbs,Big Ten,45,"[7, 3, 21, 14]",0.829313925171426,1905,1908,4.281207226,,,,CollegeFootballData.com API,2026-08-31T17:36:52.108062+00:00,/games,1.3
401310696,2021,1,regular,2021-09-03T00:00:00.000Z,False,True,False,False,15908,3971,University Stadium (NM),167,New Mexico,fbs,Mountain West,27,"[14, 7, 3, 3]",0.9700928934278247,,,2277,Houston Christian,fcs,Southland,17,"[0, 10, 0, 7]",0.029907106572175324,,,2.230787703,,,,CollegeFootballData.com API,2026-08-31T17:36:52.108062+00:00,/games,1.3
401281952,2021,1,regular,2021-09-03T00:00:00.000Z,False,True,False,False,84314,3853,Neyland Stadium,2633,Tennessee,fbs,SEC,38,"[14, 0, 14, 10]",0.9851715866948813,1489,1524,189,Bowling Green,fbs,Mid-American,6,"[0, 6, 0, 0]",0.014828413305118748,1041,1006,1.2554934078,,,,CollegeFootballData.com API,2026-08-31T17:36:52.108062+00:00,/games,1.3
401282051,2021,1,regular,2021-09-03T00:05:00.000Z,False,True,False,False,0,218,FIU Stadium,2229,Florida International,fbs,Conference USA,48,"[21, 7, 10, 10]",,,,2341,Long Island University,fcs,NEC,10,"[0, 10, 0, 0]",,,,1.825485544,,,,CollegeFootballData.com API,2026-08-31T17:36:52.108062+00:00,/games,1.3
401310694,2021,1,regular,2021-09-03T02:00:00.000Z,False,True,False,False,21970,6501,Allegiant Stadium,2439,UNLV,fbs,Mountain West,33,"[0, 6, 0, 14, 7, 6]",0.07179342211021605,,,331,Eastern Washington,fcs,Big Sky,35,"[0, 3, 17, 0, 7, 8]",0.9282065778897839,,,6.630977027,,,,CollegeFootballData.com API,2026-08-31T17:36:52.108062+00:00,/games,1.3
401309835,2021,1,regular,2021-09-03T02:30:00.000Z,False,True,False,False,44456,3947,Mountain America Stadium,9,Arizona State,fbs,Pac-12,41,"[13, 15, 6, 7]",0.9989417266712739,,,253,Southern Utah,fcs,Big Sky,14,"[7, 0, 7, 0]",0.0010582733287261004,,,1.1008051137,,,,CollegeFootballData.com API,2026-08-31T17:36:52.108062+00:00,/games,1.3
401309937,2021,1,regular,2021-09-03T22:00:00.000Z,False,True,False,True,65632,3799,Lane Stadium,259,Virginia Tech,fbs,ACC,17,"[7, 7, 0, 3]",0.9657623026389909,1535,1556,153,North Carolina,fbs,ACC,10,"[0, 0, 7, 3]",0.03423769736100912,1725,1704,6.1739447701,,,,CollegeFootballData.com API,2026-08-31T17:36:52.108062+00:00,/games,1.3
401309541,2021,1,regular,2021-09-03T23:00:00.000Z,False,True,False,False,16461,3912,Rynearson Stadium,2199,Eastern Michigan,fbs,Mid-American,35,"[14, 14, 7, 0]",0.9856200622735365,,,2598,Saint Francis,fcs,NEC,15,"[0, 7, 0, 8]",0.01437993772646351,,,1.3276499065,,,,CollegeFootballData.com API,2026-08-31T17:36:52.108062+00:00,/games,1.3
401282608,2021,1,regular,2021-09-03T23:00:00.000Z,False,True,False,False,25673,3630,Allegacy Federal Credit Union Stadium,154,Wake Forest,fbs,ACC,42,"[14, 14, 7, 7]",0.8721964954093154,1519,1580,295,Old Dominion,fbs,Conference USA,10,"[3, 0, 0, 7]",0.12780350459068457,1303,1242,1.2683700521,,,,CollegeFootballData.com API,2026-08-31T17:36:52.108062+00:00,/games,1.3
401282052,2021,1,regular,2021-09-03T23:00:00.000Z,False,True,False,False,14125,4418,Jerry Richardson Stadium,2429,Charlotte,fbs,Conference USA,31,"[7, 3, 7, 14]",0.3802794763077427,1366,1366,150,Duke,fbs,ACC,28,"[0, 14, 0, 14]",0.6197205236922573,1295,1295,9.9391115015,,,,CollegeFootballData.com API,2026-08-31T17:36:52.108062+00:00,/games,1.3
401287888,2021,1,regular,2021-09-04T00:00:00.000Z,False,True,False,False,26103,3833,Memorial Stadium,2305,Kansas,fbs,Big 12,17,"[0, 7, 3, 7]",0.3566755518023538,,,233,South Dakota,fcs,MVFC,14,"[0, 0, 7, 7]",0.6433244481976462,,,6.3957990631,,,,CollegeFootballData.com API,2026-08-31T17:36:52.108062+00:00,/games,1.3
401309836,2021,1,regular,2021-09-04T01:00:00.000Z,False,True,False,False,44153,3726,Folsom Field,38,Colorado,fbs,Pac-12,35,"[0, 14, 7, 14]",0.9986483170794433,,,2458,Northern Colorado,fcs,Big Sky,7,"[0, 0, 7, 0]",0.0013516829205566516,,,1.3054248484,,,,CollegeFootballData.com API,2026-08-31T17:36:52.108062+00:00,/games,1.3
401310695,2021,1,regular,2021-09-04T01:00:00.000Z,False,True,False,False,32327,5388,Canvas Stadium,36,Colorado State,fbs,Mountain West,23,"[0, 10, 0, 13]",0.15750183681437618,,,2571,South Dakota State,fcs,MVFC,42,"[7, 14, 14, 7]",0.8424981631856239,,,3.4830932001,,,,CollegeFootballData.com API,2026-08-31T17:36:52.108062+00:00,/games,1.3
401282782,2021,1,regular,2021-09-04T01:00:00.000Z,False,True,False,True,34248,3911,Ryan Field,77,Northwestern,fbs,Big Ten,21,"[0, 7, 0, 14]",0.008688733173155496,1639,1574,127,Michigan State,fbs,Big Ten,38,"[14, 7, 7, 10]",0.9913112668268445,1424,1489,3.3080173367,,,,CollegeFootballData.com API,2026-08-31T17:36:52.108062+00:00,/games,1.3
401282609,2021,1,regular,2021-09-04T16:00:00.000Z,False,True,False,False,28991,3615,"Alumni Stadium (Chestnut Hill, MA)",103,Boston College,fbs,ACC,51,"[7, 20, 3, 21]",0.9989204847197184,,,2142,Colgate,fcs,Patriot,0,"[0, 0, 0, 0]",0.0010795152802816066,,,1.0793145235,,,,CollegeFootballData.com API,2026-08-31T17:36:52.108062+00:00,/games,1.3
401309601,2021,1,regular,2021-09-04T16:00:00.000Z,False,True,False,False,18280,4246,Center Parc Stadium,2247,Georgia State,fbs,Sun Belt,10,"[0, 7, 3, 0]",0.011110718672779117,1410,1334,349,Army,fbs,FBS Independents,43,"[14, 13, 6, 10]",0.9888892813272209,1549,1625,2.2807184063,,,,CollegeFootballData.com API,2026-08-31T17:36:52.108062+00:00,/games,1.3
401282815,2021,1,regular,2021-09-04T16:00:00.000Z,False,True,False,True,76832,347,Camp Randall Stadium,275,Wisconsin,fbs,Big Ten,10,"[0, 0, 7, 3]",0.8185644967745165,1745,1728,213,Penn State,fbs,Big Ten,16,"[0, 0, 7, 9]",0.18143550322548352,1668,1685,8.6262290777,,,,CollegeFootballData.com API,2026-08-31T17:36:52.108062+00:00,/games,1.3
401327913,2021,1,regular,2021-09-04T16:00:00.000Z,False,True,False,False,85938,3834,"Memorial Stadium (Lincoln, NE)",158,Nebraska,fbs,Big Ten,52,"[7, 17, 14, 14]",0.9028727534360819,,,2230,Fordham,fcs,Patriot,7,"[0, 7, 0, 0]",0.09712724656391813,,,1.3091986595,,,,CollegeFootballData.com API,2026-08-31T17:36:52.108062+00:00,/games,1.3
401287894,2021,1,regular,2021-09-04T16:00:00.000Z,False,True,False,False,42206,3835,"Memorial Stadium (Norman, OK)",201,Oklahoma,fbs,Big 12,40,"[14, 23, 3, 0]",0.021390135630190765,1875,1869,2655,Tulane,fbs,American Athletic,35,"[14, 0, 8, 13]",0.9786098643698092,1597,1603,2.1698702327,,,,CollegeFootballData.com API,2026-08-31T17:36:52.108062+00:00,/games,1.3
401282772,2021,1,regular,2021-09-04T16:00:00.000Z,False,True,False,False,109295,3558,Michigan Stadium,130,Michigan,fbs,Big Ten,47,"[10, 17, 6, 14]",0.9986865417930266,1591,1672,2711,Western Michigan,fbs,Mid-American,14,"[7, 0, 0, 7]",0.0013134582069733725,1510,1429,2.3235980123,,,,CollegeFootballData.com API,2026-08-31T17:36:52.108062+00:00,/games,1.3
401286188,2021,1,regular,2021-09-04T16:00:00.000Z,False,True,False,False,18782,3892,Pratt & Whitney Stadium,41,UConn,fbs,FBS Independents,28,"[14, 7, 7, 0]",0.02503652197942647,,,107,Holy Cross,fcs,Patriot,38,"[7, 17, 7, 7]",0.9749634780205735,,,6.4352510272,,,,CollegeFootballData.com API,2026-08-31T17:36:52.108062+00:00,/games,1.3
401287889,2021,1,regular,2021-09-04T16:00:00.000Z,False,True,True,False,28668,3687,AT&T Stadium,2306,Kansas State,fbs,Big 12,24,"[7, 7, 0, 10]",0.9885480025786976,1447,1497,24,Stanford,fbs,Pac-12,7,"[0, 0, 0, 7]",0.011451997421302429,1491,1441,3.0408518701,,,,CollegeFootballData.com API,2026-08-31T17:36:52.108062+00:00,/games,1.3
401282822,2021,1,regular,2021-09-04T16:00:00.000Z,False,True,False,False,52519,6577,SHI Stadium,164,Rutgers,fbs,Big Ten,61,"[12, 14, 14, 21]",0.9876925847980061,1393,1523,218,Temple,fbs,American Athletic,14,"[0, 7, 7, 0]",0.012307415201993854,1304,1174,2.508015306,,,,CollegeFootballData.com API,2026-08-31T17:36:52.108062+00:00,/games,1.3
401281947,2021,1,regular,2021-09-04T16:00:00.000Z,False,True,False,False,47693,3683,Kroger Field,96,Kentucky,fbs,SEC,45,"[14, 14, 3, 14]",0.9989399455856591,1550,1593,2433,UL Monroe,fbs,Sun Belt,10,"[7, 0, 0, 3]",0.0010600544143408719,1101,1058,1.5118704405,,,,CollegeFootballData.com API,2026-08-31T17:36:52.108062+00:00,/games,1.3
401281943,2021,1,regular,2021-09-04T18:00:00.000Z,False,True,False,False,64065,3887,Razorback Stadium,8,Arkansas,fbs,SEC,38,"[7, 0, 10, 21]",0.9906022601032428,1417,1470,242,Rice,fbs,Conference USA,17,"[0, 10, 7, 0]",0.009397739896757185,1447,1394,2.100219017,,,,CollegeFootballData.com API,2026-08-31T17:36:52.108062+00:00,/games,1.3
401310861,2021,1,regular,2021-09-04T18:00:00.000Z,False,True,False,False,30012,3713,Falcon Stadium,2005,Air Force,fbs,Mountain West,35,"[14, 14, 0, 7]",0.9963247284759654,,,322,Lafayette,fcs,Patriot,14,"[0, 7, 7, 0]",0.0036752715240345735,,,1.2850081005,,,,CollegeFootballData.com API,2026-08-31T17:36:52.108062+00:00,/games,1.3
401309838,2021,1,regular,2021-09-04T18:00:00.000Z,False,True,False,False,43276,3626,Autzen Stadium,2483,Oregon,fbs,Pac-12,31,"[14, 7, 0, 10]",0.6554397056353632,1698,1700,278,Fresno State,fbs,Mountain West,24,"[0, 13, 8, 3]",0.34456029436463675,1566,1564,6.5519471201,,,,CollegeFootballData.com API,2026-08-31T17:36:52.108062+00:00,/games,1.3
401282174,2021,1,regular,2021-09-04T19:30:00.000Z,False,True,False,False,30131,3852,Navy-Marine Corps Memorial Stadium,2426,Navy,fbs,American Athletic,7,"[0, 0, 0, 7]",0.0015932988484657657,1380,1275,276,Marshall,fbs,Conference USA,49,"[14, 7, 7, 21]",0.9984067011515342,1535,1640,2.1046809431,,,,CollegeFootballData.com API,2026-08-31T17:36:52.108062+00:00,/games,1.3
401300996,2021,1,regular,2021-09-04T19:30:00.000Z,False,True,False,False,37978,3854,Nippert Stadium,2132,Cincinnati,fbs,American Athletic,49,"[21, 14, 0, 14]",0.9989680828534763,1784,1837,193,Miami (OH),fbs,Mid-American,14,"[0, 0, 0, 14]",0.001031917146523731,1426,1373,1.2835892447,,,,CollegeFootballData.com API,2026-08-31T17:36:52.108062+00:00,/games,1.3
401282723,2021,1,regular,2021-09-04T19:30:00.000Z,False,True,False,True,68166,3793,Kinnick Stadium,2294,Iowa,fbs,Big Ten,34,"[14, 17, 0, 3]",0.9979199925443467,1805,1860,84,Indiana,fbs,Big Ten,6,"[3, 0, 3, 0]",0.0020800074556532877,1650,1595,2.2651769074,,,,CollegeFootballData.com API,2026-08-31T17:36:52.108062+00:00,/games,1.3
401281942,2021,1,regular,2021-09-04T19:30:00.000Z,False,True,True,False,71829,5348,Mercedes-Benz Stadium,2390,Miami,fbs,ACC,13,"[0, 3, 10, 0]",0.01176962249522609,1607,1585,333,Alabama,fbs,SEC,44,"[10, 17, 14, 3]",0.9882303775047739,2099,2121,0.7900699466,,,,CollegeFootballData.com API,2026-08-31T17:36:52.108062+00:00,/games,1.3
401282764,2021,1,regular,2021-09-04T19:30:00.000Z,False,True,False,False,43811,3665,SECU Stadium,120,Maryland,fbs,Big Ten,30,"[17, 3, 0, 10]",0.98110910610178,1380,1396,277,West Virginia,fbs,Big 12,24,"[14, 7, 0, 3]",0.018890893898219963,1549,1533,8.6806655519,,,,CollegeFootballData.com API,2026-08-31T17:36:52.108062+00:00,/games,1.3
401282612,2021,1,regular,2021-09-04T20:00:00.000Z,False,True,False,False,41486,3752,Acrisure Stadium,221,Pittsburgh,fbs,ACC,51,"[13, 10, 14, 14]",0.9988486164510799,1543,1609,113,Massachusetts,fbs,FBS Independents,7,"[0, 0, 0, 7]",0.0011513835489200819,1061,995,1.1508209908,,,,CollegeFootballData.com API,2026-08-31T17:36:52.108062+00:00,/games,1.3
401281949,2021,1,regular,2021-09-04T20:00:00.000Z,False,True,False,False,44669,3693,Davis Wade Stadium,344,Mississippi State,fbs,SEC,35,"[14, 0, 0, 21]",0.5783879057964902,1513,1508,2348,Louisiana Tech,fbs,Conference USA,34,"[7, 14, 10, 3]",0.42161209420350976,1337,1342,6.8510707457,,,,CollegeFootballData.com API,2026-08-31T17:36:52.108062+00:00,/games,1.3
401281950,2021,1,regular,2021-09-04T20:00:00.000Z,False,True,False,False,46237,3838,Memorial Stadium,142,Missouri,fbs,SEC,34,"[7, 10, 7, 10]",0.5274031244762054,1503,1515,2117,Central Michigan,fbs,Mid-American,24,"[7, 7, 0, 10]",0.4725968755237946,1438,1426,6.5597184067,,,,CollegeFootballData.com API,2026-08-31T17:36:52.108062+00:00,/games,1.3
401310697,2021,1,regular,2021-09-04T20:00:00.000Z,False,True,False,False,27007,3984,War Memorial Stadium,2751,Wyoming,fbs,Mountain West,19,"[0, 3, 0, 16]",0.9891546913521992,,,147,Montana State,fcs,Big Sky,16,"[7, 0, 0, 9]",0.010845308647800755,,,11.2612057931,,,,CollegeFootballData.com API,2026-08-31T17:36:52.108062+00:00,/games,1.3
401287892,2021,1,regular,2021-09-04T20:30:00.000Z,False,True,False,False,91113,3910,DKR-Texas Memorial Stadium,251,Texas,fbs,Big 12,38,"[7, 7, 14, 10]",0.9787923181246069,1767,1801,309,Louisiana,fbs,Sun Belt,18,"[3, 3, 6, 6]",0.021207681875393125,1645,1611,3.8381599324,,,,CollegeFootballData.com API,2026-08-31T17:36:52.108062+00:00,/games,1.3
401287887,2021,1,regular,2021-09-04T20:30:00.000Z,False,True,False,False,61500,3772,Jack Trice Stadium,66,Iowa State,fbs,Big 12,16,"[3, 10, 0, 3]",0.8786943269118912,,,2460,Northern Iowa,fcs,MVFC,10,"[7, 3, 0, 0]",0.1213056730881088,,,3.4750110544,,,,CollegeFootballData.com API,2026-08-31T17:36:52.108062+00:00,/games,1.3
401309842,2021,1,regular,2021-09-04T21:00:00.000Z,False,True,False,False,54398,477,Los Angeles Memorial Coliseum,30,USC,fbs,Pac-12,30,"[10, 3, 0, 17]",0.9727789437560149,1628,1672,23,San José State,fbs,Mountain West,7,"[0, 0, 7, 0]",0.027221056243985076,1513,1469,2.9096683291,,,,CollegeFootballData.com API,2026-08-31T17:36:52.108062+00:00,/games,1.3
401286294,2021,1,regular,2021-09-04T22:00:00.000Z,False,True,False,False,15834,3992,Williams Stadium (VA),2335,Liberty,fbs,FBS Independents,48,"[14, 6, 14, 14]",0.9975063541111128,,,2097,Campbell,fcs,Big South,7,"[0, 7, 0, 0]",0.0024936458888872304,,,1.8277711552,,,,CollegeFootballData.com API,2026-08-31T17:36:52.108062+00:00,/games,1.3
401309600,2021,1,regular,2021-09-04T22:00:00.000Z,False,True,False,False,15089,3608,Allen E. Paulson Stadium,290,Georgia Southern,fbs,Sun Belt,30,"[3, 17, 0, 10]",0.9840057645094854,,,2241,Gardner-Webb,fcs,Big South,25,"[6, 0, 6, 13]",0.015994235490514597,,,6.2367293608,,,,CollegeFootballData.com API,2026-08-31T17:36:52.108062+00:00,/games,1.3
401300998,2021,1,regular,2021-09-04T23:00:00.000Z,False,True,False,False,23373,3735,Gerald J. Ford Stadium,2567,SMU,fbs,American Athletic,56,"[7, 28, 14, 7]",0.9989704496065108,,,2000,Abilene Christian,fcs,Western Athletic,9,"[0, 3, 6, 0]",0.0010295503934891759,,,1.219540259,,,,CollegeFootballData.com API,2026-08-31T17:36:52.108062+00:00,/games,1.3
401287893,2021,1,regular,2021-09-04T23:00:00.000Z,False,True,False,False,26573,3644,Bobcat Stadium (TX),326,Texas State,fbs,Sun Belt,20,"[3, 7, 3, 7]",0.027570083271535584,1269,1271,239,Baylor,fbs,Big 12,29,"[7, 7, 10, 5]",0.9724299167284645,1525,1523,3.4324554132,,,,CollegeFootballData.com API,2026-08-31T17:36:52.108062+00:00,/games,1.3
401309543,2021,1,regular,2021-09-04T23:00:00.000Z,False,True,False,False,21783,3739,Glass Bowl,2649,Toledo,fbs,Mid-American,49,"[14, 14, 14, 7]",0.9989709925009136,,,2450,Norfolk State,fcs,MEAC,10,"[7, 0, 0, 3]",0.0010290074990864095,,,1.0562631389,,,,CollegeFootballData.com API,2026-08-31T17:36:52.108062+00:00,/games,1.3
401281951,2021,1,regular,2021-09-04T23:00:00.000Z,False,True,False,False,64868,3994,Williams-Brice Stadium,2579,South Carolina,fbs,SEC,46,"[15, 14, 3, 14]",0.9986969045846604,,,2197,Eastern Illinois,fcs,OVC,0,"[0, 0, 0, 0]",0.0013030954153395724,,,1.1743357656,,,,CollegeFootballData.com API,2026-08-31T17:36:52.108062+00:00,/games,1.3
401287886,2021,1,regular,2021-09-04T23:00:00.000Z,False,True,True,False,43478,3891,NRG Stadium,248,Houston,fbs,American Athletic,21,"[14, 7, 0, 0]",0.011056395958785482,1495,1457,2641,Texas Tech,fbs,Big 12,38,"[0, 7, 17, 14]",0.9889436040412145,1455,1493,6.4519450646,,,,CollegeFootballData.com API,2026-08-31T17:36:52.108062+00:00,/games,1.3
401309602,2021,1,regular,2021-09-04T23:00:00.000Z,False,True,False,False,22399,3975,Veterans Memorial Stadium (AL),2653,Troy,fbs,Sun Belt,55,"[14, 20, 14, 7]",0.9985643385639026,,,2582,Southern,fcs,SWAC,3,"[0, 3, 0, 0]",0.001435661436097413,,,1.2421414423,,,,CollegeFootballData.com API,2026-08-31T17:36:52.108062+00:00,/games,1.3
401281944,2021,1,regular,2021-09-04T23:00:00.000Z,False,True,False,False,83821,3785,Jordan-Hare Stadium,2,Auburn,fbs,SEC,60,"[13, 24, 16, 7]",0.9989678214762067,1665,1740,2006,Akron,fbs,Mid-American,10,"[0, 0, 0, 10]",0.0010321785237933367,1103,1028,1.1278404344,,,,CollegeFootballData.com API,2026-08-31T17:36:52.108062+00:00,/games,1.3
401287890,2021,1,regular,2021-09-04T23:00:00.000Z,False,True,False,False,50807,3646,Boone Pickens Stadium,197,Oklahoma State,fbs,Big 12,23,"[6, 14, 0, 3]",0.866842312600251,,,2623,Missouri State,fcs,MVFC,16,"[0, 3, 6, 7]",0.13315768739974898,,,5.7464549428,,,,CollegeFootballData.com API,2026-08-31T17:36:52.108062+00:00,/games,1.3
401309598,2021,1,regular,2021-09-04T23:00:00.000Z,False,True,False,False,15662,3625,Centennial Bank Stadium,2032,Arkansas State,fbs,Sun Belt,40,"[3, 3, 14, 20]",0.9863754340969222,,,2110,Central Arkansas,fcs,AWC,21,"[7, 0, 7, 7]",0.013624565903077812,,,5.4186020668,,,,CollegeFootballData.com API,2026-08-31T17:36:52.108062+00:00,/games,1.3
401300997,2021,1,regular,2021-09-04T23:00:00.000Z,False,True,False,False,30263,3805,Simmons Bank Liberty Stadium,235,Memphis,fbs,American Athletic,42,"[10, 19, 6, 7]",0.9898961142112114,,,2447,Nicholls,fcs,Southland,17,"[7, 0, 7, 3]",0.010103885788788625,,,2.028721361,,,,CollegeFootballData.com API,2026-08-31T17:36:52.108062+00:00,/games,1.3
401282819,2021,1,regular,2021-09-04T23:00:00.000Z,False,True,False,False,53656,3907,Ross-Ade Stadium,2509,Purdue,fbs,Big Ten,30,"[7, 6, 3, 14]",0.5320373839543777,1470,1483,204,Oregon State,fbs,Pac-12,21,"[7, 0, 0, 14]",0.4679626160456223,1449,1436,7.886416644,,,,CollegeFootballData.com API,2026-08-31T17:36:52.108062+00:00,/games,1.3
401282611,2021,1,regular,2021-09-04T23:00:00.000Z,False,True,False,False,23904,3876,Peden Stadium,195,Ohio,fbs,Mid-American,9,"[0, 6, 0, 3]",0.021214293907006652,1564,1489,183,Syracuse,fbs,ACC,29,"[9, 3, 10, 7]",0.9787857060929933,1358,1433,3.0122099543,,,,CollegeFootballData.com API,2026-08-31T17:36:52.108062+00:00,/games,1.3
401282173,2021,1,regular,2021-09-04T23:00:00.000Z,False,True,False,False,15017,3725,"Johnny ""Red"" Floyd Stadium",2393,Middle Tennessee,fbs,Conference USA,50,"[0, 21, 7, 22]",0.9860596661263433,,,2405,Monmouth,fcs,Big South,15,"[0, 7, 8, 0]",0.013940333873656674,,,4.1027032088,,,,CollegeFootballData.com API,2026-08-31T17:36:52.108062+00:00,/games,1.3
401282613,2021,1,regular,2021-09-04T23:30:00.000Z,False,True,False,False,42982,3923,Scott Stadium,258,Virginia,fbs,ACC,43,"[3, 14, 12, 14]",0.9973676494447083,,,2729,William & Mary,fcs,CAA,0,"[0, 0, 0, 0]",0.0026323505552916515,,,1.462120935,,,,CollegeFootballData.com API,2026-08-31T17:36:52.108062+00:00,/games,1.3
401281946,2021,1,regular,2021-09-04T23:30:00.000Z,False,True,True,False,74187,3628,Bank of America Stadium,228,Clemson,fbs,ACC,3,"[0, 0, 0, 3]",0.0021786791632543196,1942,1924,61,Georgia,fbs,SEC,10,"[0, 7, 3, 0]",0.9978213208367457,1800,1818,6.2345959402,,,,CollegeFootballData.com API,2026-08-31T17:36:52.108062+00:00,/games,1.3
401281945,2021,1,regular,2021-09-04T23:30:00.000Z,False,True,False,False,86840,3634,Ben Hill Griffin Stadium,57,Florida,fbs,SEC,35,"[14, 0, 7, 14]",0.9918960232991294,1700,1730,2226,Florida Atlantic,fbs,Conference USA,14,"[0, 0, 0, 14]",0.008103976700870597,1505,1475,1.5270157343,,,,CollegeFootballData.com API,2026-08-31T17:36:52.108062+00:00,/games,1.3
401282610,2021,1,regular,2021-09-04T23:30:00.000Z,False,True,False,False,33651,721,Bobby Dodd Stadium,59,Georgia Tech,fbs,ACC,21,"[0, 7, 0, 14]",0.07482592799614185,1370,1366,2459,Northern Illinois,fbs,Mid-American,22,"[7, 7, 0, 8]",0.9251740720038582,1304,1308,7.729743213,,,,CollegeFootballData.com API,2026-08-31T17:36:52.108062+00:00,/games,1.3
401282175,2021,1,regular,2021-09-04T23:30:00.000Z,False,True,False,False,18716,3825,DATCU Stadium,249,North Texas,fbs,Conference USA,44,"[7, 17, 17, 3]",0.9983080868428317,,,2466,Northwestern State,fcs,Southland,14,"[0, 14, 0, 0]",0.0016919131571683232,,,2.5549712982,,,,CollegeFootballData.com API,2026-08-31T17:36:52.108062+00:00,/games,1.3
401282179,2021,1,regular,2021-09-04T23:30:00.000Z,False,True,False,False,33906,3832,"Memorial Stadium (Champaign, IL)",356,Illinois,fbs,Big Ten,30,"[0, 14, 3, 13]",0.07725225121139008,1411,1400,2636,UTSA,fbs,Conference USA,37,"[7, 13, 3, 14]",0.9227477487886099,1445,1456,6.8133547384,,,,CollegeFootballData.com API,2026-08-31T17:36:52.108062+00:00,/games,1.3
401309839,2021,1,regular,2021-09-05T00:00:00.000Z,False,True,False,False,64053,3765,Husky Stadium,264,Washington,fbs,Pac-12,7,"[7, 0, 0, 0]",0.1349379696271513,,,149,Montana,fcs,Big Sky,13,"[3, 0, 0, 10]",0.8650620303728487,,,4.4790919129,,,,CollegeFootballData.com API,2026-08-31T17:36:52.108062+00:00,/games,1.3
401287891,2021,1,regular,2021-09-05T00:00:00.000Z,False,True,False,False,35377,3616,Amon G. Carter Stadium,2628,TCU,fbs,Big 12,45,"[21, 14, 3, 7]",0.9989678282960271,,,2184,Duquesne,fcs,NEC,3,"[0, 0, 3, 0]",0.0010321717039728506,,,1.0543226137,,,,CollegeFootballData.com API,2026-08-31T17:36:52.108062+00:00,/games,1.3
401282177,2021,1,regular,2021-09-05T00:00:00.000Z,False,True,False,False,20156,6526,Hancock Whitney Stadium,6,South Alabama,fbs,Sun Belt,31,"[0, 14, 10, 7]",0.95949849704833,1266,1337,2572,Southern Miss,fbs,Conference USA,7,"[7, 0, 0, 0]",0.04050150295166999,1360,1289,21.5355699358,,,,CollegeFootballData.com API,2026-08-31T17:36:52.108062+00:00,/games,1.3
401282054,2021,1,regular,2021-09-05T00:00:00.000Z,False,True,False,False,22029,3973,FirstBank Stadium,238,Vanderbilt,fbs,SEC,3,"[3, 0, 0, 0]",0.02135820893632496,,,2193,East Tennessee State,fcs,Southern,23,"[0, 10, 3, 10]",0.978641791063675,,,4.0593518165,,,,CollegeFootballData.com API,2026-08-31T17:36:52.108062+00:00,/games,1.3
401282053,2021,1,regular,2021-09-05T00:00:00.000Z,False,True,False,False,97339,3795,Kyle Field,245,Texas A&M,fbs,SEC,41,"[10, 0, 17, 14]",0.998324813334281,1745,1792,2309,Kent State,fbs,Mid-American,10,"[3, 0, 0, 7]",0.0016751866657189751,1441,1394,1.8129877546,,,,CollegeFootballData.com API,2026-08-31T17:36:52.108062+00:00,/games,1.3
401281948,2021,1,regular,2021-09-05T00:30:00.000Z,False,True,False,False,68123,1056,Rose Bowl,26,UCLA,fbs,Pac-12,38,"[0, 14, 10, 14]",0.991959168531607,1605,1630,99,LSU,fbs,SEC,27,"[0, 10, 10, 7]",0.008040831468392962,1671,1646,6.7822278147,,,,CollegeFootballData.com API,2026-08-31T17:36:52.108062+00:00,/games,1.3
401282178,2021,1,regular,2021-09-05T01:00:00.000Z,False,True,False,False,14554,3946,Sun Bowl,2638,UTEP,fbs,Conference USA,38,"[10, 0, 7, 21]",0.9708432634648745,,,2065,Bethune-Cookman,fcs,SWAC,28,"[0, 0, 14, 14]",0.029156736535125516,,,3.874066424,,,,CollegeFootballData.com API,2026-08-31T17:36:52.108062+00:00,/games,1.3
401309841,2021,1,regular,2021-09-05T02:30:00.000Z,False,True,True,False,54541,6501,Allegiant Stadium,12,Arizona,fbs,Pac-12,16,"[0, 3, 10, 3]",0.06720718622641986,1278,1304,252,BYU,fbs,FBS Independents,24,"[0, 14, 7, 3]",0.9327928137735801,1837,1811,3.0368743338,,,,CollegeFootballData.com API,2026-08-31T17:36:52.108062+00:00,/games,1.3
401309837,2021,1,regular,2021-09-05T02:30:00.000Z,False,True,False,False,35117,3831,California Memorial Stadium,25,California,fbs,Pac-12,17,"[14, 0, 0, 3]",0.28564618713586803,1461,1454,2440,Nevada,fbs,Mountain West,22,"[0, 13, 9, 0]",0.714353812864132,1488,1495,6.3284486527,,,,CollegeFootballData.com API,2026-08-31T17:36:52.108062+00:00,/games,1.3
401310699,2021,1,regular,2021-09-05T02:30:00.000Z,False,True,False,False,10116,3932,Qualcomm Stadium,21,San Diego State,fbs,Mountain West,28,"[0, 0, 21, 7]",0.9506216485313049,1578,1582,166,New Mexico State,fbs,FBS Independents,10,"[3, 7, 0, 0]",0.04937835146869507,1182,1178,1.553380121,,,,CollegeFootballData.com API,2026-08-31T17:36:52.108062+00:00,/games,1.3
401309840,2021,1,regular,2021-09-05T03:00:00.000Z,False,True,False,False,24944,3820,Gesa Field,265,Washington State,fbs,Pac-12,23,"[0, 6, 14, 3]",0.09297959482925705,1511,1494,328,Utah State,fbs,Mountain West,26,"[3, 2, 6, 15]",0.9070204051707429,1319,1336,6.8600084415,,,,CollegeFootballData.com API,2026-08-31T17:36:52.108062+00:00,/games,1.3
401310698,2021,1,regular,2021-09-05T03:59:00.000Z,False,True,False,False,0,7220,Clarence T.C. Ching Athletics Complex,62,Hawai'i,fbs,Mountain West,49,"[28, 7, 7, 7]",0.9951229641671065,,,2502,Portland State,fcs,Big Sky,35,"[0, 7, 21, 7]",0.0048770358328934504,,,2.6064418345,,,,CollegeFootballData.com API,2026-08-31T17:36:52.108062+00:00,/games,1.3
401282614,2021,1,regular,2021-09-05T23:30:00.000Z,False,True,False,True,68316,3697,Doak Campbell Stadium,52,Florida State,fbs,ACC,38,"[7, 7, 6, 18, 0]",0.5529294591295038,1355,1374,87,Notre Dame,fbs,FBS Independents,41,"[7, 10, 21, 0, 3]",0.44707054087049625,1783,1764,7.4132284343,,,,CollegeFootballData.com API,2026-08-31T17:36:52.108062+00:00,/games,1.3
401282055,2021,1,regular,2021-09-07T00:00:00.000Z,False,True,True,False,30709,5348,Mercedes-Benz Stadium,145,Ole Miss,fbs,SEC,43,"[9, 17, 3, 14]",0.959034350255497,1576,1626,97,Louisville,fbs,ACC,24,"[0, 0, 10, 14]",0.04096564974450303,1559,1509,4.6236823229,,,,CollegeFootballData.com API,2026-08-31T17:36:52.108062+00:00,/games,1.3
401287896,2021,2,regular,2021-09-10T23:30:00.000Z,False,True,False,False,17697,3654,Brooks Stadium (SC),324,Coastal Carolina,fbs,Sun Belt,49,"[7, 21, 7, 14]",0.9989309281917668,1636,1655,2305,Kansas,fbs,Big 12,22,"[9, 6, 7, 0]",0.0010690718082332351,1161,1142,2.1471409745,,,,CollegeFootballData.com API,2026-08-31T17:36:52.108062+00:00,/games,1.3
401282616,2021,2,regular,2021-09-11T00:00:00.000Z,False,True,False,False,18091,3982,Wallace Wade Stadium,150,Duke,fbs,ACC,45,"[0, 21, 21, 3]",0.9927292037932525,,,2448,North Carolina A&T,fcs,Big South,17,"[7, 7, 3, 0]",0.007270796206747532,,,2.7705153657,,,,CollegeFootballData.com API,2026-08-31T17:36:52.108062+00:00,/games,1.3
401282191,2021,2,regular,2021-09-11T01:30:00.000Z,False,True,False,False,35518,3653,Albertsons Stadium,68,Boise State,fbs,Mountain West,54,"[10, 31, 10, 3]",0.998830383494713,1599,1679,2638,UTEP,fbs,Conference USA,13,"[3, 10, 0, 0]",0.0011696165052870189,1301,1221,1.4886012117,,,,CollegeFootballData.com API,2026-08-31T17:36:52.108062+00:00,/games,1.3
401310701,2021,2,regular,2021-09-11T02:20:00.000Z,False,True,False,False,18124,3905,Maverik Stadium,328,Utah State,fbs,Mountain West,48,"[7, 13, 7, 21]",0.9841041425688247,,,155,North Dakota,fcs,MVFC,24,"[21, 0, 3, 0]",0.015895857431175275,,,7.1404332369,,,,CollegeFootballData.com API,2026-08-31T17:36:52.108062+00:00,/games,1.3
401282624,2021,2,regular,2021-09-11T15:00:00.000Z,False,True,False,False,36036,3923,Scott Stadium,258,Virginia,fbs,ACC,42,"[14, 7, 14, 7]",0.9983079298681485,1509,1569,356,Illinois,fbs,Big Ten,14,"[0, 7, 7, 0]",0.0016920701318514642,1400,1340,2.3757711906,,,,CollegeFootballData.com API,2026-08-31T17:36:52.108062+00:00,/games,1.3
401282193,2021,2,regular,2021-09-11T15:30:00.000Z,False,True,False,False,25989,3841,Michie Stadium,349,Army,fbs,FBS Independents,38,"[0, 21, 7, 10]",0.9926715903278026,1625,1623,98,Western Kentucky,fbs,Conference USA,35,"[0, 14, 0, 21]",0.007328409672197389,1399,1401,3.7649948148,,,,CollegeFootballData.com API,2026-08-31T17:36:52.108062+00:00,/games,1.3
401309545,2021,2,regular,2021-09-11T15:30:00.000Z,False,True,False,False,16785,3696,Dix Stadium,2309,Kent State,fbs,Mid-American,60,"[22, 17, 14, 7]",0.9989615281210144,,,2678,VMI,fcs,Southern,10,"[0, 0, 3, 7]",0.0010384718789856473,,,1.4477296926,,,,CollegeFootballData.com API,2026-08-31T17:36:52.108062+00:00,/games,1.3
401282625,2021,2,regular,2021-09-11T16:00:00.000Z,False,True,False,False,21896,3630,Allegacy Federal Credit Union Stadium,154,Wake Forest,fbs,ACC,41,"[7, 17, 17, 0]",0.9942322572304846,,,2450,Norfolk State,fcs,MEAC,16,"[3, 6, 0, 7]",0.005767742769515416,,,1.2411626599,,,,CollegeFootballData.com API,2026-08-31T17:36:52.108062+00:00,/games,1.3
401282809,2021,2,regular,2021-09-11T16:00:00.000Z,False,True,False,False,100482,3861,Ohio Stadium,194,Ohio State,fbs,Big Ten,28,"[0, 7, 7, 14]",0.21123350369086538,1908,1878,2483,Oregon,fbs,Pac-12,35,"[0, 14, 14, 7]",0.7887664963091346,1700,1730,7.2987843752,,,,CollegeFootballData.com API,2026-08-31T17:36:52.108062+00:00,/games,1.3
401282058,2021,2,regular,2021-09-11T16:00:00.000Z,False,True,False,False,82745,3785,Jordan-Hare Stadium,2,Auburn,fbs,SEC,62,"[6, 14, 35, 7]",0.9987917273925835,,,2011,Alabama State,fcs,SWAC,0,"[0, 0, 0, 0]",0.0012082726074165162,,,1.0631171177,,,,CollegeFootballData.com API,2026-08-31T17:36:52.108062+00:00,/games,1.3
401282618,2021,2,regular,2021-09-11T16:00:00.000Z,False,True,False,False,35195,721,Bobby Dodd Stadium,59,Georgia Tech,fbs,ACC,45,"[14, 10, 7, 14]",0.992537025526418,,,338,Kennesaw State,fcs,Big South,17,"[0, 3, 0, 14]",0.007462974473582018,,,2.7576325546,,,,CollegeFootballData.com API,2026-08-31T17:36:52.108062+00:00,/games,1.3
401287899,2021,2,regular,2021-09-11T16:00:00.000Z,False,True,False,False,52127,3646,Boone Pickens Stadium,197,Oklahoma State,fbs,Big 12,28,"[0, 7, 0, 21]",0.24334540455091583,1661,1661,202,Tulsa,fbs,American Athletic,23,"[0, 7, 7, 9]",0.7566545954490842,1525,1525,7.4554893227,,,,CollegeFootballData.com API,2026-08-31T17:36:52.108062+00:00,/games,1.3
401282790,2021,2,regular,2021-09-11T16:00:00.000Z,False,True,False,False,43372,3953,Huntington Bank Stadium,135,Minnesota,fbs,Big Ten,31,"[7, 14, 0, 10]",0.8186668702475108,1582,1579,193,Miami (OH),fbs,Mid-American,26,"[0, 3, 10, 13]",0.18133312975248916,1373,1376,2.9544898026,,,,CollegeFootballData.com API,2026-08-31T17:36:52.108062+00:00,/games,1.3
401282783,2021,2,regular,2021-09-11T16:00:00.000Z,False,True,False,False,70103,3936,Spartan Stadium,127,Michigan State,fbs,Big Ten,42,"[14, 21, 7, 0]",0.9989014610748778,,,2754,Youngstown State,fcs,MVFC,14,"[0, 7, 7, 0]",0.0010985389251222388,,,1.2550972948,,,,CollegeFootballData.com API,2026-08-31T17:36:52.108062+00:00,/games,1.3
401282066,2021,2,regular,2021-09-11T16:00:00.000Z,False,True,False,False,82203,3853,Neyland Stadium,2633,Tennessee,fbs,SEC,34,"[10, 10, 7, 7]",0.07913920512014705,1524,1517,221,Pittsburgh,fbs,ACC,41,"[0, 27, 7, 7]",0.920860794879853,1609,1616,6.0922022394,,,,CollegeFootballData.com API,2026-08-31T17:36:52.108062+00:00,/games,1.3
401282065,2021,2,regular,2021-09-11T16:00:00.000Z,False,True,False,False,40816,3699,Dowdy-Ficklen Stadium,151,East Carolina,fbs,American Athletic,17,"[7, 7, 0, 3]",0.012832709442353393,1396,1391,2579,South Carolina,fbs,SEC,20,"[0, 7, 7, 6]",0.9871672905576466,1390,1395,7.8725658663,,,,CollegeFootballData.com API,2026-08-31T17:36:52.108062+00:00,/games,1.3
401282804,2021,2,regular,2021-09-11T16:00:00.000Z,False,True,False,False,26181,3911,Ryan Field,77,Northwestern,fbs,Big Ten,24,"[14, 0, 3, 7]",0.993594946190737,,,282,Indiana State,fcs,MVFC,6,"[0, 0, 0, 6]",0.006405053809263039,,,1.4572920635,,,,CollegeFootballData.com API,2026-08-31T17:36:52.108062+00:00,/games,1.3
401301000,2021,2,regular,2021-09-11T17:00:00.000Z,False,True,False,False,2100,3803,Legion Field,2655,Tulane,fbs,American Athletic,69,"[17, 35, 7, 10]",0.9989713520341198,,,2415,Morgan State,fcs,MEAC,20,"[0, 7, 7, 6]",0.0010286479658802028,,,1.026608413,,"Game moved to Birmingham, AL",,CollegeFootballData.com API,2026-08-31T17:36:52.108062+00:00,/games,1.3
401282059,2021,2,regular,2021-09-11T17:00:00.000Z,False,True,False,False,64692,3886,Raymond James Stadium,58,South Florida,fbs,American Athletic,20,"[3, 0, 10, 7]",0.0016706773665262384,1146,1149,57,Florida,fbs,SEC,42,"[14, 21, 0, 7]",0.9983293226334737,1730,1727,0.4033483785,,,,CollegeFootballData.com API,2026-08-31T17:36:52.108062+00:00,/games,1.3
401309547,2021,2,regular,2021-09-11T17:30:00.000Z,False,True,False,False,11334,3764,Huskie Stadium,2459,Northern Illinois,fbs,Mid-American,43,"[3, 7, 12, 21]",0.1897932658289689,1308,1313,2751,Wyoming,fbs,Mountain West,50,"[14, 14, 14, 8]",0.8102067341710311,1556,1551,5.3868263212,,,,CollegeFootballData.com API,2026-08-31T17:36:52.108062+00:00,/games,1.3
401282622,2021,2,regular,2021-09-11T18:00:00.000Z,False,True,False,False,31941,1964,JMA Wireless Dome,183,Syracuse,fbs,ACC,7,"[0, 0, 7, 0]",0.27540536649440855,1433,1420,164,Rutgers,fbs,Big Ten,17,"[0, 0, 14, 3]",0.7245946335055915,1523,1536,6.3385906592,,,,CollegeFootballData.com API,2026-08-31T17:36:52.108062+00:00,/games,1.3
401309753,2021,2,regular,2021-09-11T18:00:00.000Z,False,True,False,False,19411,3876,Peden Stadium,195,Ohio,fbs,Mid-American,26,"[13, 0, 0, 13]",0.15885248417645007,,,2184,Duquesne,fcs,NEC,28,"[8, 3, 7, 10]",0.84114751582355,,,4.6146237525,,,,CollegeFootballData.com API,2026-08-31T17:36:52.108062+00:00,/games,1.3
401282186,2021,2,regular,2021-09-11T18:00:00.000Z,False,True,False,False,53680,3799,Lane Stadium,259,Virginia Tech,fbs,ACC,35,"[7, 7, 14, 7]",0.9911811600176595,1556,1581,2393,Middle Tennessee,fbs,Conference USA,14,"[0, 7, 0, 7]",0.008818839982340454,1315,1290,2.2872050097,,,,CollegeFootballData.com API,2026-08-31T17:36:52.108062+00:00,/games,1.3
401282705,2021,2,regular,2021-09-11T18:30:00.000Z,False,True,False,False,62009,3855,Notre Dame Stadium,87,Notre Dame,fbs,FBS Independents,32,"[7, 7, 0, 18]",0.9796794676792114,1764,1761,2649,Toledo,fbs,Mid-American,29,"[6, 10, 0, 13]",0.020320532320788565,1443,1446,8.626931184,,,,CollegeFootballData.com API,2026-08-31T17:36:52.108062+00:00,/games,1.3
401282820,2021,2,regular,2021-09-11T19:00:00.000Z,False,True,False,False,14187,3892,Pratt & Whitney Stadium,41,UConn,fbs,FBS Independents,0,"[0, 0, 0, 0]",0.009278131669969427,1122,1022,2509,Purdue,fbs,Big Ten,49,"[7, 28, 14, 0]",0.9907218683300306,1483,1583,0.3149764627,,,,CollegeFootballData.com API,2026-08-31T17:36:52.108062+00:00,/games,1.3
401309548,2021,2,regular,2021-09-11T19:00:00.000Z,False,True,False,False,16128,3786,Kelly/Shorts Stadium,2117,Central Michigan,fbs,Mid-American,45,"[7, 21, 14, 3]",0.9989104463891854,,,2523,Robert Morris,fcs,Big South,0,"[0, 0, 0, 0]",0.001089553610814642,,,1.2704829062,,,,CollegeFootballData.com API,2026-08-31T17:36:52.108062+00:00,/games,1.3
401282060,2021,2,regular,2021-09-11T19:30:00.000Z,False,True,False,False,92746,3917,Sanford Stadium,61,Georgia,fbs,SEC,56,"[21, 14, 14, 7]",0.99896789008304,1818,1925,5,UAB,fbs,Conference USA,7,"[0, 0, 0, 7]",0.0010321099169600112,1521,1414,1.1687303041,,,,CollegeFootballData.com API,2026-08-31T17:36:52.108062+00:00,/games,1.3
401282623,2021,2,regular,2021-09-11T19:30:00.000Z,False,True,False,False,12118,3985,Warren McGuirk Alumni Stadium,113,Massachusetts,fbs,FBS Independents,28,"[0, 0, 21, 7]",0.020809936106262205,995,1002,103,Boston College,fbs,ACC,45,"[14, 0, 21, 10]",0.9791900638937377,1503,1496,0.316378231,,,,CollegeFootballData.com API,2026-08-31T17:36:52.108062+00:00,/games,1.3
401301002,2021,2,regular,2021-09-11T19:30:00.000Z,False,True,False,False,33498,3854,Nippert Stadium,2132,Cincinnati,fbs,American Athletic,42,"[0, 7, 14, 21]",0.9971587274278503,,,93,Murray State,fcs,OVC,7,"[0, 7, 0, 0]",0.0028412725721497223,,,1.9521256785,,,,CollegeFootballData.com API,2026-08-31T17:36:52.108062+00:00,/games,1.3
401282183,2021,2,regular,2021-09-11T19:30:00.000Z,False,True,False,False,17736,3715,FAU Stadium,2226,Florida Atlantic,fbs,Conference USA,38,"[0, 10, 21, 7]",0.9941169020645797,1475,1575,290,Georgia Southern,fbs,Sun Belt,6,"[6, 0, 0, 0]",0.005883097935420301,1570,1470,7.6947115532,,,,CollegeFootballData.com API,2026-08-31T17:36:52.108062+00:00,/games,1.3
401287900,2021,2,regular,2021-09-11T19:30:00.000Z,False,True,False,False,38631,3616,Amon G. Carter Stadium,2628,TCU,fbs,Big 12,34,"[0, 14, 7, 13]",0.6350529571912614,1646,1644,25,California,fbs,Pac-12,32,"[6, 13, 0, 13]",0.3649470428087386,1454,1456,7.1298486584,,,,CollegeFootballData.com API,2026-08-31T17:36:52.108062+00:00,/games,1.3
401282067,2021,2,regular,2021-09-11T19:30:00.000Z,False,True,True,False,61203,3937,Sports Authority Field at Mile High,38,Colorado,fbs,Pac-12,7,"[7, 0, 0, 0]",0.3986214723016046,1446,1460,245,Texas A&M,fbs,SEC,10,"[0, 3, 0, 7]",0.6013785276983954,1792,1778,7.0790369363,,,,CollegeFootballData.com API,2026-08-31T17:36:52.108062+00:00,/games,1.3
401300999,2021,2,regular,2021-09-11T19:30:00.000Z,False,True,False,False,14474,3768,InfoCision Stadium,2006,Akron,fbs,Mid-American,24,"[14, 3, 0, 7]",0.11679704782291656,1028,991,218,Temple,fbs,American Athletic,45,"[7, 17, 14, 7]",0.8832029521770834,1174,1211,5.2082840812,,,,CollegeFootballData.com API,2026-08-31T17:36:52.108062+00:00,/games,1.3
401282816,2021,2,regular,2021-09-11T19:30:00.000Z,False,True,False,False,105323,3632,Beaver Stadium,213,Penn State,fbs,Big Ten,44,"[14, 10, 10, 10]",0.9988939394254455,1685,1753,2050,Ball State,fbs,Mid-American,13,"[0, 6, 0, 7]",0.0011060605745545349,1559,1491,1.6287441625,,,,CollegeFootballData.com API,2026-08-31T17:36:52.108062+00:00,/games,1.3
401301004,2021,2,regular,2021-09-11T19:30:00.000Z,False,True,False,False,36997,3852,Navy-Marine Corps Memorial Stadium,2426,Navy,fbs,American Athletic,3,"[0, 3, 0, 0]",0.006043513995885056,1275,1260,2005,Air Force,fbs,Mountain West,23,"[0, 7, 7, 9]",0.9939564860041149,1617,1632,4.1511892395,,,,CollegeFootballData.com API,2026-08-31T17:36:52.108062+00:00,/games,1.3
401282797,2021,2,regular,2021-09-11T19:30:00.000Z,False,True,False,False,85663,3834,"Memorial Stadium (Lincoln, NE)",158,Nebraska,fbs,Big Ten,28,"[0, 14, 0, 14]",0.9980612461107806,1484,1567,2084,Buffalo,fbs,Mid-American,3,"[0, 0, 3, 0]",0.00193875388921938,1645,1562,3.9170465075,,,,CollegeFootballData.com API,2026-08-31T17:36:52.108062+00:00,/games,1.3
401282056,2021,2,regular,2021-09-11T20:00:00.000Z,False,True,False,False,95396,3657,Bryant-Denny Stadium,333,Alabama,fbs,SEC,48,"[14, 17, 14, 3]",0.9943970698559972,,,2382,Mercer,fcs,Southern,14,"[0, 0, 7, 7]",0.005602930144002816,,,3.0100388599,,,,CollegeFootballData.com API,2026-08-31T17:36:52.108062+00:00,/games,1.3
401309546,2021,2,regular,2021-09-11T20:00:00.000Z,False,True,False,False,15105,3700,Doyt L. Perry Stadium,189,Bowling Green,fbs,Mid-American,19,"[8, 0, 11, 0]",0.04640212967849188,1006,1020,6,South Alabama,fbs,Sun Belt,22,"[0, 6, 6, 10]",0.9535978703215081,1337,1323,11.9347855815,,,,CollegeFootballData.com API,2026-08-31T17:36:52.108062+00:00,/games,1.3
401282754,2021,2,regular,2021-09-11T20:30:00.000Z,False,True,False,False,61500,3772,Jack Trice Stadium,66,Iowa State,fbs,Big 12,17,"[3, 7, 0, 7]",0.9097418331054149,1791,1776,2294,Iowa,fbs,Big Ten,27,"[0, 14, 10, 3]",0.0902581668945851,1860,1875,5.1571036,,,,CollegeFootballData.com API,2026-08-31T17:36:52.108062+00:00,/games,1.3
401282615,2021,2,regular,2021-09-11T21:00:00.000Z,False,True,False,False,78609,3836,"Memorial Stadium (Clemson, SC)",228,Clemson,fbs,ACC,49,"[28, 7, 14, 0]",0.998709846189589,,,2569,South Carolina State,fcs,MEAC,3,"[0, 3, 0, 0]",0.0012901538104109767,,,1.0166671518,,,,CollegeFootballData.com API,2026-08-31T17:36:52.108062+00:00,/games,1.3
401309544,2021,2,regular,2021-09-11T21:00:00.000Z,False,True,False,False,18122,3980,Waldo Stadium,2711,Western Michigan,fbs,Mid-American,28,"[7, 7, 14, 0]",0.998810948590836,,,2287,Illinois State,fcs,MVFC,0,"[0, 0, 0, 0]",0.0011890514091640325,,,2.3814390193,,,,CollegeFootballData.com API,2026-08-31T17:36:52.108062+00:00,/games,1.3
401287902,2021,2,regular,2021-09-11T21:00:00.000Z,False,True,False,False,50911,3842,Milan Puskar Stadium,277,West Virginia,fbs,Big 12,66,"[21, 17, 21, 7]",0.9989495872307357,,,2341,Long Island University,fcs,NEC,0,"[0, 0, 0, 0]",0.0010504127692643195,,,1.8176027425,,,,CollegeFootballData.com API,2026-08-31T17:36:52.108062+00:00,/games,1.3
401309845,2021,2,regular,2021-09-11T22:00:00.000Z,False,True,False,False,22651,3820,Gesa Field,265,Washington State,fbs,Pac-12,44,"[7, 23, 7, 7]",0.9973292828211433,,,2502,Portland State,fcs,Big Sky,24,"[0, 10, 0, 14]",0.0026707171788566963,,,1.4363309935,,,,CollegeFootballData.com API,2026-08-31T17:36:52.108062+00:00,/games,1.3
401282181,2021,2,regular,2021-09-11T22:00:00.000Z,False,True,False,False,12274,4418,Jerry Richardson Stadium,2429,Charlotte,fbs,Conference USA,38,"[14, 14, 7, 3]",0.9984758817443485,,,2241,Gardner-Webb,fcs,Big South,10,"[3, 7, 0, 0]",0.0015241182556514632,,,3.9054224092,,,,CollegeFootballData.com API,2026-08-31T17:36:52.108062+00:00,/games,1.3
401282192,2021,2,regular,2021-09-11T22:00:00.000Z,False,True,False,False,16229,3604,Alamodome,2636,UTSA,fbs,Conference USA,54,"[13, 21, 10, 10]",0.9987679721335753,,,2320,Lamar,fcs,Western Athletic,0,"[0, 0, 0, 0]",0.0012320278664247342,,,1.0809029117,,,,CollegeFootballData.com API,2026-08-31T17:36:52.108062+00:00,/games,1.3
401282189,2021,2,regular,2021-09-11T22:30:00.000Z,False,True,False,False,26253,3895,Rice Stadium,242,Rice,fbs,Conference USA,7,"[0, 7, 0, 0]",0.032113282419194686,1394,1293,248,Houston,fbs,American Athletic,44,"[17, 0, 14, 13]",0.9678867175808054,1457,1558,2.3712953303,,,,CollegeFootballData.com API,2026-08-31T17:36:52.108062+00:00,/games,1.3
401301001,2021,2,regular,2021-09-11T22:30:00.000Z,False,True,False,False,38443,3652,FBC Mortgage Stadium,2116,UCF,fbs,American Athletic,63,"[14, 21, 21, 7]",0.9988453187413823,,,2065,Bethune-Cookman,fcs,SWAC,14,"[7, 0, 7, 0]",0.001154681258617729,,,3.5180385122,,,,CollegeFootballData.com API,2026-08-31T17:36:52.108062+00:00,/games,1.3
401282185,2021,2,regular,2021-09-11T22:30:00.000Z,False,True,False,False,24521,3775,Joan C. Edwards Stadium,276,Marshall,fbs,Conference USA,44,"[6, 24, 7, 7]",0.9989288317312901,,,2428,North Carolina Central,fcs,MEAC,10,"[0, 7, 0, 3]",0.001071168268709899,,,1.1339690495,,,,CollegeFootballData.com API,2026-08-31T17:36:52.108062+00:00,/games,1.3
401282187,2021,2,regular,2021-09-11T23:00:00.000Z,False,True,False,False,29121,3735,Gerald J. Ford Stadium,2567,SMU,fbs,American Athletic,35,"[0, 7, 14, 14]",0.9596508371557692,1521,1553,249,North Texas,fbs,Conference USA,12,"[3, 3, 6, 0]",0.040349162844230846,1295,1263,4.6630358259,,,,CollegeFootballData.com API,2026-08-31T17:36:52.108062+00:00,/games,1.3
401282825,2021,2,regular,2021-09-11T23:00:00.000Z,False,True,False,False,70967,347,Camp Randall Stadium,275,Wisconsin,fbs,Big Ten,34,"[7, 17, 3, 7]",0.9988541426849734,1728,1763,2199,Eastern Michigan,fbs,Mid-American,7,"[0, 0, 0, 7]",0.0011458573150265883,1421,1386,1.3524508262,,,,CollegeFootballData.com API,2026-08-31T17:36:52.108062+00:00,/games,1.3
401287898,2021,2,regular,2021-09-11T23:00:00.000Z,False,True,False,False,83538,3835,"Memorial Stadium (Norman, OK)",201,Oklahoma,fbs,Big 12,76,"[17, 28, 17, 14]",0.9989708731507992,,,2717,Western Carolina,fcs,Southern,0,"[0, 0, 0, 0]",0.0010291268492007566,,,1.0138333727,,,,CollegeFootballData.com API,2026-08-31T17:36:52.108062+00:00,/games,1.3
401282190,2021,2,regular,2021-09-11T23:00:00.000Z,False,True,False,False,25235,3815,M. M. Roberts Stadium,2572,Southern Miss,fbs,Conference USA,37,"[7, 3, 10, 17]",0.998412742078796,,,2755,Grambling,fcs,SWAC,0,"[0, 0, 0, 0]",0.001587257921203955,,,2.0182904884,,,,CollegeFootballData.com API,2026-08-31T17:36:52.108062+00:00,/games,1.3
401282188,2021,2,regular,2021-09-11T23:00:00.000Z,False,True,False,False,18363,3918,S.B. Ballard Stadium,295,Old Dominion,fbs,Conference USA,47,"[10, 24, 7, 6]",0.9989211459043732,,,2261,Hampton,fcs,Big South,7,"[0, 0, 7, 0]",0.0010788540956268022,,,1.4693626691,,,,CollegeFootballData.com API,2026-08-31T17:36:52.108062+00:00,/games,1.3
401309603,2021,2,regular,2021-09-11T23:00:00.000Z,False,True,False,False,25417,3666,Cajun Field,309,Louisiana,fbs,Sun Belt,27,"[10, 7, 7, 3]",0.22914501320872416,,,2447,Nicholls,fcs,Southland,24,"[7, 3, 0, 14]",0.7708549867912758,,,6.061608631,,,,CollegeFootballData.com API,2026-08-31T17:36:52.108062+00:00,/games,1.3
401310700,2021,2,regular,2021-09-11T23:00:00.000Z,False,True,False,False,28470,3971,University Stadium (NM),167,New Mexico,fbs,Mountain West,34,"[14, 10, 3, 7]",0.9929580140410769,1309,1315,166,New Mexico State,fbs,FBS Independents,25,"[3, 17, 2, 3]",0.007041985958923136,1178,1172,4.6941968723,,,,CollegeFootballData.com API,2026-08-31T17:36:52.108062+00:00,/games,1.3
401282064,2021,2,regular,2021-09-11T23:00:00.000Z,False,True,False,False,45834,3693,Davis Wade Stadium,344,Mississippi State,fbs,SEC,24,"[7, 7, 7, 3]",0.831655272999292,1508,1541,152,NC State,fbs,ACC,10,"[0, 3, 0, 7]",0.16834472700070802,1565,1532,5.0970888546,,,,CollegeFootballData.com API,2026-08-31T17:36:52.108062+00:00,/games,1.3
401287901,2021,2,regular,2021-09-11T23:00:00.000Z,False,True,False,False,55271,3784,Jones AT&T Stadium,2641,Texas Tech,fbs,Big 12,28,"[7, 0, 14, 7]",0.9986928221220094,,,2617,Stephen F. Austin,fcs,Western Athletic,22,"[7, 6, 0, 9]",0.0013071778779906174,,,3.7452917238,,,,CollegeFootballData.com API,2026-08-31T17:36:52.108062+00:00,/games,1.3
401282620,2021,2,regular,2021-09-11T23:00:00.000Z,False,True,False,False,45877,3948,Hard Rock Stadium,2390,Miami,fbs,ACC,25,"[9, 3, 7, 6]",0.23876087138026417,1585,1587,2026,App State,fbs,Sun Belt,23,"[7, 7, 3, 6]",0.7612391286197359,1666,1664,8.3823846573,,,,CollegeFootballData.com API,2026-08-31T17:36:52.108062+00:00,/games,1.3
401282057,2021,2,regular,2021-09-11T23:00:00.000Z,False,True,False,False,74531,3887,Razorback Stadium,8,Arkansas,fbs,SEC,40,"[3, 13, 17, 7]",0.9954931311599973,1470,1550,251,Texas,fbs,Big 12,21,"[0, 0, 7, 14]",0.004506868840002731,1801,1721,4.4176009688,,,,CollegeFootballData.com API,2026-08-31T17:36:52.108062+00:00,/games,1.3
401282184,2021,2,regular,2021-09-11T23:00:00.000Z,False,True,False,False,15328,3776,Joe Aillet Stadium,2348,Louisiana Tech,fbs,Conference USA,45,"[14, 10, 14, 7]",0.5636743369079058,,,2545,SE Louisiana,fcs,Southland,42,"[7, 14, 14, 7]",0.4363256630920942,,,8.92742876,,,,CollegeFootballData.com API,2026-08-31T17:36:52.108062+00:00,/games,1.3
401287897,2021,2,regular,2021-09-11T23:00:00.000Z,False,True,False,False,47628,3636,Bill Snyder Family Stadium,2306,Kansas State,fbs,Big 12,31,"[14, 7, 3, 7]",0.8494661537184468,,,79,Southern Illinois,fcs,MVFC,23,"[0, 23, 0, 0]",0.1505338462815532,,,5.2029723788,,,,CollegeFootballData.com API,2026-08-31T17:36:52.108062+00:00,/games,1.3
401286295,2021,2,regular,2021-09-11T23:00:00.000Z,False,True,False,False,24714,3975,Veterans Memorial Stadium (AL),2653,Troy,fbs,Sun Belt,13,"[7, 0, 0, 6]",0.2975421184501993,1461,1454,2335,Liberty,fbs,FBS Independents,21,"[7, 7, 0, 7]",0.7024578815498007,1563,1570,4.2552751072,,,,CollegeFootballData.com API,2026-08-31T17:36:52.108062+00:00,/games,1.3
401282619,2021,2,regular,2021-09-11T23:00:00.000Z,False,True,False,False,39673,3873,L&N Federal Credit Union Stadium,97,Louisville,fbs,ACC,30,"[7, 13, 7, 3]",0.9983814632287676,,,2198,Eastern Kentucky,fcs,AWC,3,"[0, 3, 0, 0]",0.0016185367712323595,,,1.4813125262,,,,CollegeFootballData.com API,2026-08-31T17:36:52.108062+00:00,/games,1.3
401282182,2021,2,regular,2021-09-11T23:00:00.000Z,False,True,False,False,0,218,FIU Stadium,2229,Florida International,fbs,Conference USA,17,"[0, 7, 10, 0, 0]",0.34556347272529353,1375,1356,326,Texas State,fbs,Sun Belt,23,"[7, 3, 0, 7, 6]",0.6544365272747065,1271,1290,8.9715160123,,,,CollegeFootballData.com API,2026-08-31T17:36:52.108062+00:00,/games,1.3
401301003,2021,2,regular,2021-09-11T23:00:00.000Z,False,True,False,False,19501,3625,Centennial Bank Stadium,2032,Arkansas State,fbs,Sun Belt,50,"[10, 13, 7, 20]",0.04411071293996945,1370,1374,235,Memphis,fbs,American Athletic,55,"[20, 14, 7, 14]",0.9558892870600305,1555,1551,5.0877763648,,,,CollegeFootballData.com API,2026-08-31T17:36:52.108062+00:00,/games,1.3
401287895,2021,2,regular,2021-09-11T23:00:00.000Z,False,True,False,False,42461,4727,McLane Stadium,239,Baylor,fbs,Big 12,66,"[21, 21, 10, 14]",0.9989676887948008,,,2640,Texas Southern,fcs,SWAC,7,"[0, 0, 0, 7]",0.001032311205199199,,,1.0158781498,,,,CollegeFootballData.com API,2026-08-31T17:36:52.108062+00:00,/games,1.3
401286207,2021,2,regular,2021-09-11T23:30:00.000Z,False,True,False,False,31612,3665,SECU Stadium,120,Maryland,fbs,Big Ten,62,"[14, 24, 14, 10]",0.9989677121613245,,,47,Howard,fcs,MEAC,0,"[0, 0, 0, 0]",0.001032287838675483,,,1.0236919642,,,,CollegeFootballData.com API,2026-08-31T17:36:52.108062+00:00,/games,1.3
401282724,2021,2,regular,2021-09-11T23:30:00.000Z,False,True,False,False,47417,3830,"Memorial Stadium (Bloomington, IN)",84,Indiana,fbs,Big Ten,56,"[21, 14, 7, 14]",0.9952010076801227,,,70,Idaho,fcs,Big Sky,14,"[0, 7, 7, 0]",0.004798992319877349,,,2.4728031113,,,,CollegeFootballData.com API,2026-08-31T17:36:52.108062+00:00,/games,1.3
401282621,2021,2,regular,2021-09-11T23:30:00.000Z,False,True,False,False,50500,3787,Kenan Stadium,153,North Carolina,fbs,ACC,59,"[14, 10, 21, 14]",0.9989455678555142,1704,1778,2247,Georgia State,fbs,Sun Belt,17,"[3, 7, 0, 7]",0.0010544321444857507,1334,1260,1.5304805937,,,,CollegeFootballData.com API,2026-08-31T17:36:52.108062+00:00,/games,1.3
401282063,2021,2,regular,2021-09-11T23:30:00.000Z,False,True,False,False,47848,3974,Vaught-Hemingway Stadium,145,Ole Miss,fbs,SEC,54,"[14, 23, 14, 3]",0.9985983530842338,,,2046,Austin Peay,fcs,OVC,17,"[0, 7, 3, 7]",0.0014016469157661637,,,1.1488860244,,,,CollegeFootballData.com API,2026-08-31T17:36:52.108062+00:00,/games,1.3
401282061,2021,2,regular,2021-09-11T23:30:00.000Z,False,True,False,True,58437,3683,Kroger Field,96,Kentucky,fbs,SEC,35,"[14, 7, 7, 7]",0.9560275774032121,1593,1598,142,Missouri,fbs,SEC,28,"[7, 7, 7, 7]",0.04397242259678791,1515,1510,6.811757252,,,,CollegeFootballData.com API,2026-08-31T17:36:52.108062+00:00,/games,1.3
401282773,2021,2,regular,2021-09-12T00:00:00.000Z,False,True,False,False,108345,3558,Michigan Stadium,130,Michigan,fbs,Big Ten,31,"[3, 7, 7, 14]",0.9455900372577407,1672,1719,264,Washington,fbs,Pac-12,10,"[0, 0, 3, 7]",0.05440996274225929,1649,1602,4.3582700835,,,,CollegeFootballData.com API,2026-08-31T17:36:52.108062+00:00,/games,1.3
401282062,2021,2,regular,2021-09-12T00:00:00.000Z,False,True,False,False,94220,3958,Tiger Stadium (LA),99,LSU,fbs,SEC,34,"[7, 10, 7, 10]",0.9761320959749997,,,2377,McNeese,fcs,Southland,7,"[0, 0, 0, 7]",0.023867904025000275,,,1.2250572005,,,,CollegeFootballData.com API,2026-08-31T17:36:52.108062+00:00,/games,1.3
401282617,2021,2,regular,2021-09-12T00:00:00.000Z,False,True,False,False,60198,3697,Doak Campbell Stadium,52,Florida State,fbs,ACC,17,"[0, 14, 3, 0]",0.836328128110319,,,55,Jacksonville State,fcs,AWC,20,"[0, 7, 0, 13]",0.16367187188968102,,,3.9694084863,,,,CollegeFootballData.com API,2026-08-31T17:36:52.108062+00:00,/games,1.3
401309846,2021,2,regular,2021-09-12T02:00:00.000Z,False,True,False,False,39097,3619,Arizona Stadium,12,Arizona,fbs,Pac-12,14,"[7, 0, 0, 7]",0.00034403586386788166,1304,1272,21,San Diego State,fbs,Mountain West,38,"[21, 14, 3, 0]",0.9996559641361321,1582,1614,2.0154068493,,,,CollegeFootballData.com API,2026-08-31T17:36:52.108062+00:00,/games,1.3
401282068,2021,2,regular,2021-09-12T02:00:00.000Z,False,True,False,False,27233,5388,Canvas Stadium,36,Colorado State,fbs,Mountain West,21,"[7, 7, 0, 7]",0.917241584168473,1396,1381,238,Vanderbilt,fbs,SEC,24,"[0, 7, 14, 3]",0.08275841583152699,1225,1240,8.5955597163,,,,CollegeFootballData.com API,2026-08-31T17:36:52.108062+00:00,/games,1.3
401310702,2021,2,regular,2021-09-12T02:00:00.000Z,False,True,False,False,30119,3660,Valley Children's Stadium,278,Fresno State,fbs,Mountain West,63,"[7, 28, 21, 7]",0.9989667580197714,,,13,Cal Poly,fcs,Big Sky,10,"[0, 10, 0, 0]",0.001033241980228583,,,1.3014350338,,,,CollegeFootballData.com API,2026-08-31T17:36:52.108062+00:00,/games,1.3
401309848,2021,2,regular,2021-09-12T02:15:00.000Z,False,True,False,False,63470,3801,LaVell Edwards Stadium,252,BYU,fbs,FBS Independents,26,"[3, 13, 7, 3]",0.9636150849182138,1811,1814,254,Utah,fbs,Pac-12,17,"[0, 7, 0, 10]",0.03638491508178621,1639,1636,5.9353452245,,,,CollegeFootballData.com API,2026-08-31T17:36:52.108062+00:00,/games,1.3
401309843,2021,2,regular,2021-09-12T02:30:00.000Z,False,True,False,True,56945,477,Los Angeles Memorial Coliseum,30,USC,fbs,Pac-12,28,"[0, 10, 3, 15]",0.009713439887453743,1672,1616,24,Stanford,fbs,Pac-12,42,"[7, 14, 14, 7]",0.9902865601125462,1441,1497,3.501533379,,,,CollegeFootballData.com API,2026-08-31T17:36:52.108062+00:00,/games,1.3
401310703,2021,2,regular,2021-09-12T02:30:00.000Z,False,True,False,False,23965,3816,Mackay Stadium,2440,Nevada,fbs,Mountain West,49,"[14, 7, 7, 21]",0.9363518217521619,,,304,Idaho State,fcs,Big Sky,10,"[7, 0, 3, 0]",0.06364817824783808,,,1.5567142788,,,,CollegeFootballData.com API,2026-08-31T17:36:52.108062+00:00,/games,1.3
401309847,2021,2,regular,2021-09-12T02:30:00.000Z,False,True,False,False,42918,3947,Mountain America Stadium,9,Arizona State,fbs,Pac-12,37,"[0, 14, 7, 16]",0.9953800710178231,1643,1670,2439,UNLV,fbs,Mountain West,10,"[3, 7, 0, 0]",0.004619928982176891,1256,1229,2.0889907332,,,,CollegeFootballData.com API,2026-08-31T17:36:52.108062+00:00,/games,1.3
401309844,2021,2,regular,2021-09-12T03:00:00.000Z,False,True,False,False,27701,3893,Reser Stadium,204,Oregon State,fbs,Pac-12,45,"[21, 3, 7, 14]",0.9983514539328309,1436,1471,62,Hawai'i,fbs,Mountain West,27,"[0, 7, 13, 7]",0.001648546067169132,1378,1343,2.6448394939,,,,CollegeFootballData.com API,2026-08-31T17:36:52.108062+00:00,/games,1.3
401309606,2021,3,regular,2021-09-17T00:00:00.000Z,False,True,False,False,17709,3666,Cajun Field,309,Louisiana,fbs,Sun Belt,49,"[7, 14, 7, 21]",0.9974353768568665,1611,1693,195,Ohio,fbs,Mid-American,14,"[0, 7, 7, 0]",0.0025646231431335487,1489,1407,3.4183850843,,,,CollegeFootballData.com API,2026-08-31T17:36:52.108062+00:00,/games,1.3
401282626,2021,3,regular,2021-09-17T23:30:00.000Z,False,True,False,False,39022,3873,L&N Federal Credit Union Stadium,97,Louisville,fbs,ACC,42,"[7, 14, 7, 14]",0.9312927726491425,1509,1527,2116,UCF,fbs,American Athletic,35,"[7, 7, 7, 14]",0.06870722735085755,1651,1633,9.9801202841,,,,CollegeFootballData.com API,2026-08-31T17:36:52.108062+00:00,/games,1.3
401282715,2021,3,regular,2021-09-18T01:00:00.000Z,False,True,False,True,37168,3832,"Memorial Stadium (Champaign, IL)",356,Illinois,fbs,Big Ten,17,"[0, 3, 7, 7]",0.20808998344600016,1340,1339,120,Maryland,fbs,Big Ten,20,"[0, 3, 7, 10]",0.7919100165539998,1396,1397,7.0158796456,,,,CollegeFootballData.com API,2026-08-31T17:36:52.108062+00:00,/games,1.3
401282629,2021,3,regular,2021-09-18T16:00:00.000Z,False,True,False,False,46427,3948,Hard Rock Stadium,2390,Miami,fbs,ACC,17,"[0, 7, 7, 3]",0.09319091380596703,1587,1522,127,Michigan State,fbs,Big Ten,38,"[0, 10, 7, 21]",0.906809086194033,1489,1554,7.3476411531,,,,CollegeFootballData.com API,2026-08-31T17:36:52.108062+00:00,/games,1.3
401309552,2021,3,regular,2021-09-18T16:00:00.000Z,False,True,False,False,16739,3965,UB Stadium,2084,Buffalo,fbs,Mid-American,25,"[14, 0, 3, 8]",0.4134328443139034,1562,1563,324,Coastal Carolina,fbs,Sun Belt,28,"[7, 7, 7, 7]",0.5865671556860965,1655,1654,3.7731121888,,,,CollegeFootballData.com API,2026-08-31T17:36:52.108062+00:00,/games,1.3
401282633,2021,3,regular,2021-09-18T16:00:00.000Z,False,True,False,False,30156,1964,JMA Wireless Dome,183,Syracuse,fbs,ACC,62,"[21, 24, 10, 7]",0.9989650869352081,,,399,UAlbany,fcs,CAA,24,"[10, 0, 0, 14]",0.0010349130647918647,,,1.4271645067,,,,CollegeFootballData.com API,2026-08-31T17:36:52.108062+00:00,/games,1.3
401282077,2021,3,regular,2021-09-18T16:00:00.000Z,False,True,False,False,46598,3838,Memorial Stadium,142,Missouri,fbs,SEC,59,"[21, 17, 14, 7]",0.9989509240737584,,,2546,Southeast Missouri State,fcs,OVC,28,"[0, 0, 7, 21]",0.0010490759262415938,,,1.0728838108,,,,CollegeFootballData.com API,2026-08-31T17:36:52.108062+00:00,/games,1.3
401286189,2021,3,regular,2021-09-18T16:00:00.000Z,False,True,False,False,25030,3841,Michie Stadium,349,Army,fbs,FBS Independents,52,"[14, 28, 7, 3]",0.9989711765646919,1623,1639,41,UConn,fbs,FBS Independents,21,"[0, 0, 14, 7]",0.0010288234353080794,1022,1006,1.10463255,,,,CollegeFootballData.com API,2026-08-31T17:36:52.108062+00:00,/games,1.3
401282725,2021,3,regular,2021-09-18T16:00:00.000Z,False,True,False,False,52656,3830,"Memorial Stadium (Bloomington, IN)",84,Indiana,fbs,Big Ten,24,"[7, 7, 10, 0]",0.4289517215136619,1595,1586,2132,Cincinnati,fbs,American Athletic,38,"[0, 10, 13, 15]",0.5710482784863381,1837,1846,8.340686385,,,,CollegeFootballData.com API,2026-08-31T17:36:52.108062+00:00,/games,1.3
401282636,2021,3,regular,2021-09-18T16:00:00.000Z,False,True,False,False,60022,3842,Milan Puskar Stadium,277,West Virginia,fbs,Big 12,27,"[14, 10, 3, 0]",0.7937210317854441,1533,1543,259,Virginia Tech,fbs,ACC,21,"[7, 0, 7, 7]",0.20627896821455594,1581,1571,5.6257652258,,,,CollegeFootballData.com API,2026-08-31T17:36:52.108062+00:00,/games,1.3
401282078,2021,3,regular,2021-09-18T16:00:00.000Z,False,True,False,False,80053,3853,Neyland Stadium,2633,Tennessee,fbs,SEC,56,"[14, 14, 21, 7]",0.9989121700970693,,,2635,Tennessee Tech,fcs,OVC,0,"[0, 0, 0, 0]",0.0010878299029306593,,,1.1452675831,,,,CollegeFootballData.com API,2026-08-31T17:36:52.108062+00:00,/games,1.3
401282798,2021,3,regular,2021-09-18T16:00:00.000Z,False,True,False,False,84659,3835,"Memorial Stadium (Norman, OK)",201,Oklahoma,fbs,Big 12,23,"[7, 0, 9, 7]",0.8841760709558041,1869,1863,158,Nebraska,fbs,Big Ten,16,"[3, 0, 6, 7]",0.11582392904419592,1567,1573,3.456702838,,,,CollegeFootballData.com API,2026-08-31T17:36:52.108062+00:00,/games,1.3
401282774,2021,3,regular,2021-09-18T16:00:00.000Z,False,True,False,False,106263,3558,Michigan Stadium,130,Michigan,fbs,Big Ten,63,"[14, 21, 28, 0]",0.9989692404903753,1719,1824,2459,Northern Illinois,fbs,Mid-American,10,"[3, 0, 0, 7]",0.0010307595096247235,1313,1208,1.2500713654,,,,CollegeFootballData.com API,2026-08-31T17:36:52.108062+00:00,/games,1.3
401282073,2021,3,regular,2021-09-18T16:00:00.000Z,False,True,False,False,55214,3683,Kroger Field,96,Kentucky,fbs,SEC,28,"[7, 7, 0, 14]",0.7848254627055959,,,236,Chattanooga,fcs,Southern,23,"[7, 3, 3, 10]",0.21517453729440406,,,2.6337286864,,,,CollegeFootballData.com API,2026-08-31T17:36:52.108062+00:00,/games,1.3
401282634,2021,3,regular,2021-09-18T16:00:00.000Z,False,True,False,False,25290,3806,Lincoln Financial Field,218,Temple,fbs,American Athletic,3,"[0, 0, 0, 3]",0.002395402310071948,1211,1177,103,Boston College,fbs,ACC,28,"[14, 7, 0, 7]",0.997604597689928,1496,1530,1.3586991974,,,,CollegeFootballData.com API,2026-08-31T17:36:52.108062+00:00,/games,1.3
401282632,2021,3,regular,2021-09-18T16:00:00.000Z,False,True,False,False,40581,3752,Acrisure Stadium,221,Pittsburgh,fbs,ACC,41,"[7, 20, 7, 7]",0.374556899313238,1616,1600,2711,Western Michigan,fbs,Mid-American,44,"[14, 13, 7, 10]",0.625443100686762,1429,1445,7.8326092215,,,,CollegeFootballData.com API,2026-08-31T17:36:52.108062+00:00,/games,1.3
401282079,2021,3,regular,2021-09-18T16:00:00.000Z,False,True,False,False,84748,3795,Kyle Field,245,Texas A&M,fbs,SEC,34,"[14, 10, 10, 0]",0.9987741892689648,1778,1817,167,New Mexico,fbs,Mountain West,0,"[0, 0, 0, 0]",0.0012258107310352262,1315,1276,1.2311782825,,,,CollegeFootballData.com API,2026-08-31T17:36:52.108062+00:00,/games,1.3
401282791,2021,3,regular,2021-09-18T17:00:00.000Z,False,True,False,False,47482,3726,Folsom Field,38,Colorado,fbs,Pac-12,0,"[0, 0, 0, 0]",0.00035156387279022957,1460,1391,135,Minnesota,fbs,Big Ten,30,"[0, 13, 7, 10]",0.9996484361272098,1579,1648,3.2549984073,,,,CollegeFootballData.com API,2026-08-31T17:36:52.108062+00:00,/games,1.3
401287905,2021,3,regular,2021-09-18T18:00:00.000Z,False,True,False,False,48768,3636,Bill Snyder Family Stadium,2306,Kansas State,fbs,Big 12,38,"[7, 10, 0, 21]",0.9964166804341599,1497,1547,2440,Nevada,fbs,Mountain West,17,"[7, 0, 10, 0]",0.0035833195658401262,1495,1445,6.0859602642,,,,CollegeFootballData.com API,2026-08-31T17:36:52.108062+00:00,/games,1.3
401282706,2021,3,regular,2021-09-18T18:30:00.000Z,False,True,False,False,74341,3855,Notre Dame Stadium,87,Notre Dame,fbs,FBS Independents,27,"[0, 10, 7, 10]",0.9199757981032983,1761,1774,2509,Purdue,fbs,Big Ten,13,"[3, 0, 10, 0]",0.08002420189670167,1583,1570,5.898481592,,,,CollegeFootballData.com API,2026-08-31T17:36:52.108062+00:00,/games,1.3
401308843,2021,3,regular,2021-09-18T19:30:00.000Z,False,True,False,False,12036,3996,Yager Stadium,193,Miami (OH),fbs,Mid-American,42,"[7, 14, 14, 7]",0.9989458765649915,,,2341,Long Island University,fcs,NEC,7,"[0, 7, 0, 0]",0.001054123435008547,,,3.6461537147,,,,CollegeFootballData.com API,2026-08-31T17:36:52.108062+00:00,/games,1.3
401282823,2021,3,regular,2021-09-18T19:30:00.000Z,False,True,False,False,40129,6577,SHI Stadium,164,Rutgers,fbs,Big Ten,45,"[7, 28, 3, 7]",0.9988595655102287,,,48,Delaware,fcs,CAA,13,"[0, 10, 3, 0]",0.0011404344897713026,,,1.7532712673,,,,CollegeFootballData.com API,2026-08-31T17:36:52.108062+00:00,/games,1.3
401282071,2021,3,regular,2021-09-18T19:30:00.000Z,False,True,False,True,90887,3634,Ben Hill Griffin Stadium,57,Florida,fbs,SEC,29,"[3, 6, 14, 6]",0.9060914927181443,1727,1744,333,Alabama,fbs,SEC,31,"[21, 0, 7, 3]",0.09390850728185574,2121,2104,3.4162258227,,,,CollegeFootballData.com API,2026-08-31T17:36:52.108062+00:00,/games,1.3
401309550,2021,3,regular,2021-09-18T19:30:00.000Z,False,True,False,False,8779,3768,InfoCision Stadium,2006,Akron,fbs,Mid-American,35,"[7, 7, 0, 21]",0.9985628219373249,,,2803,Bryant,fcs,NEC,14,"[0, 7, 7, 0]",0.0014371780626750708,,,3.8544544461,,,,CollegeFootballData.com API,2026-08-31T17:36:52.108062+00:00,/games,1.3
401309852,2021,3,regular,2021-09-18T19:30:00.000Z,False,True,False,True,24714,3820,Gesa Field,265,Washington State,fbs,Pac-12,14,"[7, 7, 0, 0]",0.06623903501741096,1494,1422,30,USC,fbs,Pac-12,45,"[0, 7, 28, 10]",0.9337609649825891,1616,1688,4.2804375816,,,,CollegeFootballData.com API,2026-08-31T17:36:52.108062+00:00,/games,1.3
401287904,2021,3,regular,2021-09-18T19:30:00.000Z,False,True,False,True,23218,3833,Memorial Stadium,2305,Kansas,fbs,Big 12,7,"[0, 7, 0, 0]",0.0006539056099944478,1142,1080,239,Baylor,fbs,Big 12,45,"[7, 7, 14, 17]",0.9993460943900055,1523,1585,1.2840553146,,,,CollegeFootballData.com API,2026-08-31T17:36:52.108062+00:00,/games,1.3
401282627,2021,3,regular,2021-09-18T19:30:00.000Z,False,True,False,True,81500,3836,"Memorial Stadium (Clemson, SC)",228,Clemson,fbs,ACC,14,"[7, 0, 0, 7]",0.8685482644286222,1924,1907,59,Georgia Tech,fbs,ACC,8,"[0, 3, 0, 5]",0.1314517355713778,1366,1383,2.9601614398,,,,CollegeFootballData.com API,2026-08-31T17:36:52.108062+00:00,/games,1.3
401309604,2021,3,regular,2021-09-18T19:30:00.000Z,False,True,False,False,30224,3792,Kidd Brewer Stadium,2026,App State,fbs,Sun Belt,44,"[7, 6, 14, 17]",0.9986606864455454,,,2210,Elon,fcs,CAA,10,"[3, 0, 7, 0]",0.001339313554454602,,,1.5400381175,,,,CollegeFootballData.com API,2026-08-31T17:36:52.108062+00:00,/games,1.3
401282199,2021,3,regular,2021-09-18T19:30:00.000Z,False,True,False,False,15326,3776,Joe Aillet Stadium,2348,Louisiana Tech,fbs,Conference USA,37,"[7, 7, 14, 9]",0.22023968792969092,1342,1350,2567,SMU,fbs,American Athletic,39,"[7, 9, 17, 6]",0.779760312070309,1553,1545,6.899708838,,,,CollegeFootballData.com API,2026-08-31T17:36:52.108062+00:00,/games,1.3
401282755,2021,3,regular,2021-09-18T19:30:00.000Z,False,True,False,False,61932,3793,Kinnick Stadium,2294,Iowa,fbs,Big Ten,30,"[9, 7, 7, 7]",0.9630722937250964,1875,1883,2309,Kent State,fbs,Mid-American,7,"[7, 0, 0, 0]",0.036927706274903604,1394,1386,2.6884018765,,,,CollegeFootballData.com API,2026-08-31T17:36:52.108062+00:00,/games,1.3
401282810,2021,3,regular,2021-09-18T19:30:00.000Z,False,True,False,False,76540,3861,Ohio Stadium,194,Ohio State,fbs,Big Ten,41,"[3, 10, 14, 14]",0.995106056612964,1878,1893,202,Tulsa,fbs,American Athletic,20,"[3, 3, 7, 7]",0.0048939433870359705,1525,1510,3.3347230045,,,,CollegeFootballData.com API,2026-08-31T17:36:52.108062+00:00,/games,1.3
401286300,2021,3,regular,2021-09-18T19:30:00.000Z,False,True,False,False,7012,3985,Warren McGuirk Alumni Stadium,113,Massachusetts,fbs,FBS Independents,28,"[0, 7, 7, 14]",0.13147798171994665,1002,1005,2199,Eastern Michigan,fbs,Mid-American,42,"[14, 7, 7, 14]",0.8685220182800534,1386,1383,1.1321431928,,,,CollegeFootballData.com API,2026-08-31T17:36:52.108062+00:00,/games,1.3
401282635,2021,3,regular,2021-09-18T19:30:00.000Z,False,True,False,True,29564,3630,Allegacy Federal Credit Union Stadium,154,Wake Forest,fbs,ACC,35,"[14, 13, 8, 0]",0.8437648221368156,1580,1609,52,Florida State,fbs,ACC,14,"[7, 7, 0, 0]",0.15623517786318442,1374,1345,3.55177049,,,,CollegeFootballData.com API,2026-08-31T17:36:52.108062+00:00,/games,1.3
401309851,2021,3,regular,2021-09-18T19:30:00.000Z,False,True,False,False,26797,3893,Reser Stadium,204,Oregon State,fbs,Pac-12,42,"[14, 14, 14, 0]",0.9989623769093368,,,70,Idaho,fcs,Big Sky,0,"[0, 0, 0, 0]",0.0010376230906632422,,,2.7877840566,,,,CollegeFootballData.com API,2026-08-31T17:36:52.108062+00:00,/games,1.3
401282076,2021,3,regular,2021-09-18T20:00:00.000Z,False,True,False,False,43461,3805,Simmons Bank Liberty Stadium,235,Memphis,fbs,American Athletic,31,"[7, 0, 7, 17]",0.7318299384334592,1551,1552,344,Mississippi State,fbs,SEC,29,"[3, 14, 0, 12]",0.2681700615665408,1541,1540,7.6360535476,,,,CollegeFootballData.com API,2026-08-31T17:36:52.108062+00:00,/games,1.3
401282069,2021,3,regular,2021-09-18T20:00:00.000Z,False,True,False,False,66311,3887,Razorback Stadium,8,Arkansas,fbs,SEC,45,"[14, 10, 14, 7]",0.9989422470739954,1550,1638,290,Georgia Southern,fbs,Sun Belt,10,"[0, 10, 0, 0]",0.0010577529260046292,1470,1382,1.5697772035,,,,CollegeFootballData.com API,2026-08-31T17:36:52.108062+00:00,/games,1.3
401309849,2021,3,regular,2021-09-18T20:00:00.000Z,False,True,False,False,31982,3831,California Memorial Stadium,25,California,fbs,Pac-12,42,"[14, 7, 14, 7]",0.9949309348600811,,,16,Sacramento State,fcs,Big Sky,30,"[6, 0, 14, 10]",0.0050690651399188935,,,1.792109178,,,,CollegeFootballData.com API,2026-08-31T17:36:52.108062+00:00,/games,1.3
401282628,2021,3,regular,2021-09-18T20:00:00.000Z,False,True,False,False,12323,3982,Wallace Wade Stadium,150,Duke,fbs,ACC,30,"[21, 9, 0, 0]",0.8582077289286176,1295,1322,77,Northwestern,fbs,Big Ten,23,"[0, 7, 13, 3]",0.14179227107138237,1574,1547,5.8211581255,,,,CollegeFootballData.com API,2026-08-31T17:36:52.108062+00:00,/games,1.3
401309553,2021,3,regular,2021-09-18T20:00:00.000Z,False,True,False,False,21365,3739,Glass Bowl,2649,Toledo,fbs,Mid-American,6,"[0, 3, 3, 0]",0.02944485905032435,1446,1401,36,Colorado State,fbs,Mountain West,22,"[3, 0, 10, 9]",0.9705551409496757,1381,1426,6.646956065,,,,CollegeFootballData.com API,2026-08-31T17:36:52.108062+00:00,/games,1.3
401309549,2021,3,regular,2021-09-18T20:00:00.000Z,False,True,False,False,23467,3984,War Memorial Stadium,2751,Wyoming,fbs,Mountain West,45,"[10, 21, 0, 14]",0.9989378518175727,1551,1634,2050,Ball State,fbs,Mid-American,12,"[0, 0, 6, 6]",0.001062148182427336,1491,1408,2.6328189491,,,,CollegeFootballData.com API,2026-08-31T17:36:52.108062+00:00,/games,1.3
401309605,2021,3,regular,2021-09-18T20:15:00.000Z,False,True,False,False,58772,3765,Husky Stadium,264,Washington,fbs,Pac-12,52,"[14, 14, 7, 17]",0.9989012067551714,1602,1719,2032,Arkansas State,fbs,Sun Belt,3,"[0, 0, 3, 0]",0.0010987932448286442,1374,1257,1.5731711918,,,,CollegeFootballData.com API,2026-08-31T17:36:52.108062+00:00,/games,1.3
401309551,2021,3,regular,2021-09-18T21:00:00.000Z,False,True,False,False,20097,3700,Doyt L. Perry Stadium,189,Bowling Green,fbs,Mid-American,27,"[7, 3, 10, 7]",0.993686854728616,,,93,Murray State,fcs,OVC,10,"[0, 10, 0, 0]",0.006313145271384046,,,8.1192527417,,,,CollegeFootballData.com API,2026-08-31T17:36:52.108062+00:00,/games,1.3
401282201,2021,3,regular,2021-09-18T22:00:00.000Z,False,True,False,False,18471,3992,Williams Stadium (VA),2335,Liberty,fbs,FBS Independents,45,"[14, 14, 14, 3]",0.9985631494678922,1570,1606,295,Old Dominion,fbs,Conference USA,17,"[3, 14, 0, 0]",0.0014368505321078473,1242,1206,1.9978668959,,,,CollegeFootballData.com API,2026-08-31T17:36:52.108062+00:00,/games,1.3
401282200,2021,3,regular,2021-09-18T22:00:00.000Z,False,True,False,False,24833,3775,Joan C. Edwards Stadium,276,Marshall,fbs,Conference USA,38,"[10, 14, 14, 0]",0.7020194223486429,1640,1616,151,East Carolina,fbs,American Athletic,42,"[7, 14, 0, 21]",0.2979805776513571,1391,1415,5.5814840235,,,,CollegeFootballData.com API,2026-08-31T17:36:52.108062+00:00,/games,1.3
401282198,2021,3,regular,2021-09-18T22:00:00.000Z,False,True,False,False,17132,3715,FAU Stadium,2226,Florida Atlantic,fbs,Conference USA,45,"[7, 7, 14, 17]",0.9984994745617529,,,2230,Fordham,fcs,Patriot,14,"[0, 7, 0, 7]",0.00150052543824708,,,1.7729632986,,,,CollegeFootballData.com API,2026-08-31T17:36:52.108062+00:00,/games,1.3
401282194,2021,3,regular,2021-09-18T22:00:00.000Z,False,True,False,True,16202,3604,Alamodome,2636,UTSA,fbs,Conference USA,27,"[7, 3, 7, 10]",0.998020600971937,1456,1470,2393,Middle Tennessee,fbs,Conference USA,13,"[0, 0, 0, 13]",0.001979399028062989,1290,1276,6.1194542798,,,,CollegeFootballData.com API,2026-08-31T17:36:52.108062+00:00,/games,1.3
401301005,2021,3,regular,2021-09-18T23:00:00.000Z,False,True,False,False,22998,4728,TDECU Stadium,248,Houston,fbs,American Athletic,45,"[7, 14, 21, 3]",0.9989437753650022,,,2755,Grambling,fcs,SWAC,0,"[0, 0, 0, 0]",0.001056224634997771,,,1.1502516285,,,,CollegeFootballData.com API,2026-08-31T17:36:52.108062+00:00,/games,1.3
401282197,2021,3,regular,2021-09-18T23:00:00.000Z,False,True,False,False,50118,3784,Jones AT&T Stadium,2641,Texas Tech,fbs,Big 12,54,"[7, 28, 9, 10]",0.9989492630252097,1493,1566,2229,Florida International,fbs,Conference USA,21,"[7, 7, 7, 0]",0.0010507369747903006,1356,1283,2.5410941775,,,,CollegeFootballData.com API,2026-08-31T17:36:52.108062+00:00,/games,1.3
401309856,2021,3,regular,2021-09-18T23:00:00.000Z,False,True,False,False,11090,3932,Qualcomm Stadium,21,San Diego State,fbs,Mountain West,33,"[3, 7, 14, 0, 7, 0, 2]",0.9216440673239854,1614,1615,254,Utah,fbs,Pac-12,31,"[7, 3, 0, 14, 7, 0, 0]",0.0783559326760146,1636,1635,6.3394762272,,,,CollegeFootballData.com API,2026-08-31T17:36:52.108062+00:00,/games,1.3
401282203,2021,3,regular,2021-09-18T23:00:00.000Z,False,True,False,False,24242,3815,M. M. Roberts Stadium,2572,Southern Miss,fbs,Conference USA,9,"[3, 0, 0, 6]",0.3289107002090751,1289,1278,2653,Troy,fbs,Sun Belt,21,"[0, 0, 14, 7]",0.6710892997909249,1454,1465,6.6099955328,,,,CollegeFootballData.com API,2026-08-31T17:36:52.108062+00:00,/games,1.3
401301006,2021,3,regular,2021-09-18T23:00:00.000Z,False,True,False,False,29475,3886,Raymond James Stadium,58,South Florida,fbs,American Athletic,38,"[10, 14, 7, 7]",0.9297513470938749,,,50,Florida A&M,fcs,SWAC,17,"[3, 0, 7, 7]",0.07024865290612514,,,2.3850992281,,,,CollegeFootballData.com API,2026-08-31T17:36:52.108062+00:00,/games,1.3
401282072,2021,3,regular,2021-09-18T23:00:00.000Z,False,True,False,True,92746,3917,Sanford Stadium,61,Georgia,fbs,SEC,40,"[14, 12, 14, 0]",0.9987035189662309,1925,1938,2579,South Carolina,fbs,SEC,13,"[6, 0, 0, 7]",0.0012964810337691146,1395,1382,1.2249767464,,,,CollegeFootballData.com API,2026-08-31T17:36:52.108062+00:00,/games,1.3
401282196,2021,3,regular,2021-09-18T23:00:00.000Z,False,True,False,False,12978,4246,Center Parc Stadium,2247,Georgia State,fbs,Sun Belt,20,"[0, 7, 6, 7]",0.9982152819740747,1260,1288,2429,Charlotte,fbs,Conference USA,9,"[0, 7, 2, 0]",0.0017847180259252804,1366,1338,6.2939104622,,,,CollegeFootballData.com API,2026-08-31T17:36:52.108062+00:00,/games,1.3
401309609,2021,3,regular,2021-09-18T23:00:00.000Z,False,True,False,False,16107,3644,Bobcat Stadium (TX),326,Texas State,fbs,Sun Belt,34,"[7, 10, 7, 10]",0.37183796109931644,,,2916,Incarnate Word,fcs,Southland,42,"[14, 0, 14, 14]",0.6281620389006836,,,8.3299501678,,,,CollegeFootballData.com API,2026-08-31T17:36:52.108062+00:00,/games,1.3
401282630,2021,3,regular,2021-09-18T23:30:00.000Z,False,True,False,False,56919,3670,Carter-Finley Stadium,152,NC State,fbs,ACC,45,"[10, 28, 7, 0]",0.9989468290230552,,,231,Furman,fcs,Southern,7,"[0, 0, 7, 0]",0.001053170976944795,,,1.321633163,,,,CollegeFootballData.com API,2026-08-31T17:36:52.108062+00:00,/games,1.3
401282195,2021,3,regular,2021-09-18T23:30:00.000Z,False,True,False,True,17731,3825,DATCU Stadium,249,North Texas,fbs,Conference USA,6,"[0, 0, 0, 6]",0.0005323562662224771,1263,1185,5,UAB,fbs,Conference USA,40,"[17, 13, 3, 7]",0.9994676437337775,1414,1492,1.2930480605,,,,CollegeFootballData.com API,2026-08-31T17:36:52.108062+00:00,/games,1.3
401282074,2021,3,regular,2021-09-18T23:30:00.000Z,False,True,False,False,92547,3958,Tiger Stadium (LA),99,LSU,fbs,SEC,49,"[21, 14, 7, 7]",0.9988894418156266,1646,1694,2117,Central Michigan,fbs,Mid-American,21,"[7, 0, 7, 7]",0.0011105581843734447,1426,1378,1.5319482834,,,,CollegeFootballData.com API,2026-08-31T17:36:52.108062+00:00,/games,1.3
401282070,2021,3,regular,2021-09-18T23:30:00.000Z,False,True,False,False,109958,3632,Beaver Stadium,213,Penn State,fbs,Big Ten,28,"[7, 7, 7, 7]",0.9535593003507998,1753,1764,2,Auburn,fbs,SEC,20,"[3, 7, 7, 3]",0.04644069964920017,1740,1729,6.3874205952,,,,CollegeFootballData.com API,2026-08-31T17:36:52.108062+00:00,/games,1.3
401310704,2021,3,regular,2021-09-18T23:30:00.000Z,False,True,False,True,20264,3713,Falcon Stadium,2005,Air Force,fbs,Mountain West,45,"[10, 14, 14, 7]",0.9505641237446633,1632,1604,328,Utah State,fbs,Mountain West,49,"[7, 6, 21, 15]",0.04943587625533674,1336,1364,6.8554144202,,,,CollegeFootballData.com API,2026-08-31T17:36:52.108062+00:00,/games,1.3
401282631,2021,3,regular,2021-09-18T23:30:00.000Z,False,True,False,True,50500,3787,Kenan Stadium,153,North Carolina,fbs,ACC,59,"[21, 3, 21, 14]",0.9977447992110386,1778,1804,258,Virginia,fbs,ACC,39,"[7, 21, 3, 8]",0.0022552007889613535,1569,1543,4.3088617534,,,,CollegeFootballData.com API,2026-08-31T17:36:52.108062+00:00,/games,1.3
401309850,2021,3,regular,2021-09-18T23:30:00.000Z,False,True,False,False,42782,3626,Autzen Stadium,2483,Oregon,fbs,Pac-12,48,"[10, 7, 14, 17]",0.9312612379070335,,,2619,Stony Brook,fcs,CAA,7,"[7, 0, 0, 0]",0.06873876209296648,,,1.1834544558,,,,CollegeFootballData.com API,2026-08-31T17:36:52.108062+00:00,/games,1.3
401282075,2021,3,regular,2021-09-19T00:00:00.000Z,False,True,False,False,54198,3974,Vaught-Hemingway Stadium,145,Ole Miss,fbs,SEC,61,"[19, 21, 21, 0]",0.9985658076126345,1626,1739,2655,Tulane,fbs,American Athletic,21,"[7, 14, 0, 0]",0.0014341923873655293,1603,1490,2.111620761,,,,CollegeFootballData.com API,2026-08-31T17:36:52.108062+00:00,/games,1.3
401309608,2021,3,regular,2021-09-19T00:00:00.000Z,False,True,False,False,15204,6526,Hancock Whitney Stadium,6,South Alabama,fbs,Sun Belt,28,"[7, 0, 21, 0]",0.9958865342492281,,,2016,Alcorn State,fcs,SWAC,21,"[0, 14, 0, 7]",0.004113465750771872,,,4.8675835799,,,,CollegeFootballData.com API,2026-08-31T17:36:52.108062+00:00,/games,1.3
401309607,2021,3,regular,2021-09-19T00:00:00.000Z,False,True,False,False,21720,3817,Malone Stadium,2433,UL Monroe,fbs,Sun Belt,12,"[3, 0, 3, 6]",0.6699304224637153,,,2296,Jackson State,fcs,SWAC,7,"[0, 7, 0, 0]",0.33006957753628474,,,7.9911902847,,,,CollegeFootballData.com API,2026-08-31T17:36:52.108062+00:00,/games,1.3
401282080,2021,3,regular,2021-09-19T00:00:00.000Z,False,True,False,False,21124,3973,FirstBank Stadium,238,Vanderbilt,fbs,SEC,23,"[7, 7, 3, 6]",0.08377614240729747,1240,1222,24,Stanford,fbs,Pac-12,41,"[14, 13, 7, 7]",0.9162238575927025,1497,1515,2.7884728327,,,,CollegeFootballData.com API,2026-08-31T17:36:52.108062+00:00,/games,1.3
401282202,2021,3,regular,2021-09-19T00:00:00.000Z,False,True,False,False,91979,3910,DKR-Texas Memorial Stadium,251,Texas,fbs,Big 12,58,"[16, 28, 14, 0]",0.9989601962987479,1721,1840,242,Rice,fbs,Conference USA,0,"[0, 0, 0, 0]",0.0010398037012521177,1293,1174,1.2588635656,,,,CollegeFootballData.com API,2026-08-31T17:36:52.108062+00:00,/games,1.3
401319455,2021,3,regular,2021-09-19T00:00:00.000Z,False,True,False,False,11823,3601,Aggie Memorial Stadium,166,New Mexico State,fbs,FBS Independents,43,"[15, 21, 7, 0]",0.9868500462238133,,,2569,South Carolina State,fcs,MEAC,35,"[0, 13, 7, 15]",0.013149953776186663,,,2.67347658,,,,CollegeFootballData.com API,2026-08-31T17:36:52.108062+00:00,/games,1.3
401287903,2021,3,regular,2021-09-19T01:00:00.000Z,False,True,False,False,36702,3653,Albertsons Stadium,68,Boise State,fbs,Mountain West,20,"[10, 10, 0, 0]",0.2050464433097894,1679,1677,197,Oklahoma State,fbs,Big 12,21,"[7, 14, 0, 0]",0.7949535566902106,1661,1663,7.6308643831,,,,CollegeFootballData.com API,2026-08-31T17:36:52.108062+00:00,/games,1.3
401309853,2021,3,regular,2021-09-19T02:00:00.000Z,False,True,False,False,33481,3619,Arizona Stadium,12,Arizona,fbs,Pac-12,19,"[10, 3, 0, 6]",0.07631660870481848,,,2464,Northern Arizona,fcs,Big Sky,21,"[0, 7, 7, 7]",0.9236833912951815,,,4.4182849243,,,,CollegeFootballData.com API,2026-08-31T17:36:52.108062+00:00,/games,1.3
401309854,2021,3,regular,2021-09-19T02:15:00.000Z,False,True,False,False,61570,3801,LaVell Edwards Stadium,252,BYU,fbs,FBS Independents,27,"[7, 14, 0, 6]",0.5848847370647765,1814,1821,9,Arizona State,fbs,Pac-12,17,"[7, 0, 10, 0]",0.4151152629352235,1670,1663,7.7324002023,,,,CollegeFootballData.com API,2026-08-31T17:36:52.108062+00:00,/games,1.3
401287906,2021,3,regular,2021-09-19T02:30:00.000Z,False,True,False,False,35193,6501,Allegiant Stadium,2439,UNLV,fbs,Mountain West,3,"[0, 0, 3, 0]",0.00030931638457745215,1229,1166,66,Iowa State,fbs,Big 12,48,"[7, 17, 14, 10]",0.9996906836154226,1776,1839,0.3035672363,,,,CollegeFootballData.com API,2026-08-31T17:36:52.108062+00:00,/games,1.3
401309855,2021,3,regular,2021-09-19T02:45:00.000Z,False,True,False,False,50698,1056,Rose Bowl,26,UCLA,fbs,Pac-12,37,"[7, 3, 7, 20]",0.8080706704032627,1630,1621,278,Fresno State,fbs,Mountain West,40,"[6, 17, 3, 14]",0.19192932959673725,1564,1573,8.9393902279,,,,CollegeFootballData.com API,2026-08-31T17:36:52.108062+00:00,/games,1.3
401310705,2021,3,regular,2021-09-19T04:30:00.000Z,False,True,False,True,0,3610,Aloha Stadium,62,Hawai'i,fbs,Mountain West,13,"[7, 0, 6, 0]",0.8601066155683939,1343,1345,23,San José State,fbs,Mountain West,17,"[0, 14, 0, 3]",0.13989338443160615,1469,1467,8.0175688258,,,,CollegeFootballData.com API,2026-08-31T17:36:52.108062+00:00,/games,1.3
401282208,2021,4,regular,2021-09-23T23:30:00.000Z,False,True,False,False,28377,3792,Kidd Brewer Stadium,2026,App State,fbs,Sun Belt,31,"[7, 14, 0, 10]",0.9448823057115732,1664,1663,276,Marshall,fbs,Conference USA,30,"[6, 14, 10, 0]",0.05511769428842683,1616,1617,9.0095008013,,,,CollegeFootballData.com API,2026-08-31T17:36:52.108062+00:00,/games,1.3
401282204,2021,4,regular,2021-09-24T22:30:00.000Z,False,True,False,True,11076,4418,Jerry Richardson Stadium,2429,Charlotte,fbs,Conference USA,42,"[14, 0, 14, 14]",0.9394171190407301,1338,1338,2393,Middle Tennessee,fbs,Conference USA,39,"[7, 10, 7, 15]",0.06058288095926989,1276,1276,7.6733507814,,,,CollegeFootballData.com API,2026-08-31T17:36:52.108062+00:00,/games,1.3
401282638,2021,4,regular,2021-09-24T23:00:00.000Z,False,True,False,True,38699,3923,Scott Stadium,258,Virginia,fbs,ACC,17,"[0, 3, 14, 0]",0.006987301531118002,1543,1500,154,Wake Forest,fbs,ACC,37,"[10, 10, 14, 3]",0.993012698468882,1609,1652,3.8999700831,,,,CollegeFootballData.com API,2026-08-31T17:36:52.108062+00:00,/games,1.3
401282637,2021,4,regular,2021-09-25T00:00:00.000Z,False,True,False,False,29942,1964,JMA Wireless Dome,183,Syracuse,fbs,ACC,24,"[0, 14, 7, 3]",0.6736686611654593,1420,1424,2335,Liberty,fbs,FBS Independents,21,"[0, 7, 7, 7]",0.3263313388345407,1606,1602,7.4917686881,,,,CollegeFootballData.com API,2026-08-31T17:36:52.108062+00:00,/games,1.3
401310707,2021,4,regular,2021-09-25T02:00:00.000Z,False,True,False,True,35093,3660,Valley Children's Stadium,278,Fresno State,fbs,Mountain West,38,"[0, 9, 13, 16]",0.5822204615869597,1573,1562,2439,UNLV,fbs,Mountain West,30,"[14, 0, 7, 9]",0.4177795384130403,1166,1177,5.9288735319,,,,CollegeFootballData.com API,2026-08-31T17:36:52.108062+00:00,/games,1.3
401301010,2021,4,regular,2021-09-25T16:00:00.000Z,False,True,False,False,20179,3806,Lincoln Financial Field,218,Temple,fbs,American Athletic,41,"[0, 17, 17, 7]",0.9379131583503107,,,2681,Wagner,fcs,NEC,7,"[7, 0, 0, 0]",0.06208684164968925,,,1.801719037,,,,CollegeFootballData.com API,2026-08-31T17:36:52.108062+00:00,/games,1.3
401310706,2021,4,regular,2021-09-25T16:00:00.000Z,False,True,False,True,23715,3905,Maverik Stadium,328,Utah State,fbs,Mountain West,3,"[0, 0, 0, 3]",0.5359773320224592,1364,1336,68,Boise State,fbs,Mountain West,27,"[10, 0, 7, 10]",0.46402266797754077,1677,1705,3.5000257535,,,,CollegeFootballData.com API,2026-08-31T17:36:52.108062+00:00,/games,1.3
401282086,2021,4,regular,2021-09-25T16:00:00.000Z,False,True,False,False,44500,3615,"Alumni Stadium (Chestnut Hill, MA)",103,Boston College,fbs,ACC,41,"[7, 10, 10, 7, 7]",0.8200237598572858,1530,1538,142,Missouri,fbs,SEC,34,"[14, 3, 0, 17, 0]",0.17997624014271418,1510,1502,7.8927897972,,,,CollegeFootballData.com API,2026-08-31T17:36:52.108062+00:00,/games,1.3
401282088,2021,4,regular,2021-09-25T16:00:00.000Z,False,True,False,True,32178,3973,FirstBank Stadium,238,Vanderbilt,fbs,SEC,0,"[0, 0, 0, 0]",0.0006707942974411079,1222,1127,61,Georgia,fbs,SEC,62,"[35, 3, 17, 7]",0.9993292057025589,1938,2033,0.0957362632,,,,CollegeFootballData.com API,2026-08-31T17:36:52.108062+00:00,/games,1.3
401282792,2021,4,regular,2021-09-25T16:00:00.000Z,False,True,False,False,46236,3953,Huntington Bank Stadium,135,Minnesota,fbs,Big Ten,10,"[3, 0, 7, 0]",0.973079227044645,1648,1592,189,Bowling Green,fbs,Mid-American,14,"[0, 7, 7, 0]",0.026920772955355,1020,1076,5.5798755418,,,,CollegeFootballData.com API,2026-08-31T17:36:52.108062+00:00,/games,1.3
401287911,2021,4,regular,2021-09-25T16:00:00.000Z,False,True,False,True,98349,3910,DKR-Texas Memorial Stadium,251,Texas,fbs,Big 12,70,"[14, 28, 21, 7]",0.9984813447638374,1840,1903,2641,Texas Tech,fbs,Big 12,35,"[0, 14, 14, 7]",0.0015186552361625694,1566,1503,2.1369984713,,,,CollegeFootballData.com API,2026-08-31T17:36:52.108062+00:00,/games,1.3
401282644,2021,4,regular,2021-09-25T16:00:00.000Z,False,True,False,False,41048,3752,Acrisure Stadium,221,Pittsburgh,fbs,ACC,77,"[28, 21, 21, 7]",0.9989707126072923,,,160,New Hampshire,fcs,CAA,7,"[0, 7, 0, 0]",0.0010292873927076895,,,1.1215734532,,,,CollegeFootballData.com API,2026-08-31T17:36:52.108062+00:00,/games,1.3
401282206,2021,4,regular,2021-09-25T16:00:00.000Z,False,True,False,False,18382,3786,Kelly/Shorts Stadium,2117,Central Michigan,fbs,Mid-American,31,"[0, 10, 0, 21]",0.8390915938691985,1378,1378,2229,Florida International,fbs,Conference USA,27,"[0, 14, 13, 0]",0.16090840613080148,1283,1283,8.2725584647,,,,CollegeFootballData.com API,2026-08-31T17:36:52.108062+00:00,/games,1.3
401282645,2021,4,regular,2021-09-25T16:00:00.000Z,False,True,False,False,53174,3799,Lane Stadium,259,Virginia Tech,fbs,ACC,21,"[7, 7, 7, 0]",0.8886659478411177,,,257,Richmond,fcs,CAA,10,"[0, 7, 3, 0]",0.11133405215888226,,,1.9821349308,,,,CollegeFootballData.com API,2026-08-31T17:36:52.108062+00:00,/games,1.3
401308834,2021,4,regular,2021-09-25T16:00:00.000Z,False,True,False,False,24045,3841,Michie Stadium,349,Army,fbs,FBS Independents,23,"[7, 10, 0, 6]",0.9991230964660645,1639,1651,193,Miami (OH),fbs,Mid-American,10,"[0, 3, 0, 7]",0.0008769035339355469,1376,1364,3.2152306590209054,,,,CollegeFootballData.com API,2026-08-31T17:36:52.108062+00:00,/games,1.3
401282817,2021,4,regular,2021-09-25T16:00:00.000Z,False,True,False,False,105790,3632,Beaver Stadium,213,Penn State,fbs,Big Ten,38,"[7, 10, 14, 7]",0.9969426573281517,,,222,Villanova,fcs,CAA,17,"[3, 0, 0, 14]",0.0030573426718483177,,,1.3791573966,,,,CollegeFootballData.com API,2026-08-31T17:36:52.108062+00:00,/games,1.3
401282085,2021,4,regular,2021-09-25T16:00:00.000Z,False,True,False,True,50298,3693,Davis Wade Stadium,344,Mississippi State,fbs,SEC,25,"[0, 3, 7, 15]",0.39703886258729965,1540,1545,99,LSU,fbs,SEC,28,"[7, 0, 14, 7]",0.6029611374127004,1694,1689,3.8898453696,,,,CollegeFootballData.com API,2026-08-31T17:36:52.108062+00:00,/games,1.3
401282707,2021,4,regular,2021-09-25T16:00:00.000Z,False,True,True,False,59571,3933,Soldier Field,275,Wisconsin,fbs,Big Ten,13,"[3, 0, 7, 3]",0.0015410953153109721,1763,1696,87,Notre Dame,fbs,FBS Independents,41,"[0, 10, 0, 31]",0.998458904684689,1774,1841,7.3659447226,,,,CollegeFootballData.com API,2026-08-31T17:36:52.108062+00:00,/games,1.3
401287910,2021,4,regular,2021-09-25T16:00:00.000Z,False,True,False,False,46672,3616,Amon G. Carter Stadium,2628,TCU,fbs,Big 12,34,"[14, 7, 6, 7]",0.3200208458824503,1644,1620,2567,SMU,fbs,American Athletic,42,"[14, 7, 14, 7]",0.6799791541175497,1545,1569,4.8492886382,,,,CollegeFootballData.com API,2026-08-31T17:36:52.108062+00:00,/games,1.3
401282805,2021,4,regular,2021-09-25T16:00:00.000Z,False,True,False,False,27129,3911,Ryan Field,77,Northwestern,fbs,Big Ten,35,"[14, 3, 0, 18]",0.9690248829548078,1547,1607,195,Ohio,fbs,Mid-American,6,"[0, 0, 0, 6]",0.03097511704519218,1407,1347,2.5943181061,,,,CollegeFootballData.com API,2026-08-31T17:36:52.108062+00:00,/games,1.3
401282642,2021,4,regular,2021-09-25T16:30:00.000Z,False,True,False,False,44019,3948,Hard Rock Stadium,2390,Miami,fbs,ACC,69,"[21, 28, 13, 7]",0.9989707852384381,,,2115,Central Connecticut,fcs,NEC,0,"[0, 0, 0, 0]",0.0010292147615619252,,,1.0144103923,,,,CollegeFootballData.com API,2026-08-31T17:36:52.108062+00:00,/games,1.3
401286301,2021,4,regular,2021-09-25T17:00:00.000Z,False,True,False,False,15261,3654,Brooks Stadium (SC),324,Coastal Carolina,fbs,Sun Belt,53,"[13, 23, 14, 3]",0.9989683453651663,1654,1718,113,Massachusetts,fbs,FBS Independents,3,"[0, 0, 0, 3]",0.0010316546348336786,1005,941,1.050490396,,,,CollegeFootballData.com API,2026-08-31T17:36:52.108062+00:00,/games,1.3
401309555,2021,4,regular,2021-09-25T18:00:00.000Z,False,True,False,True,14902,3919,Scheumann Stadium,2050,Ball State,fbs,Mid-American,12,"[6, 3, 0, 3]",0.03367440832645279,1408,1387,2649,Toledo,fbs,Mid-American,22,"[7, 7, 0, 8]",0.9663255916735473,1401,1422,5.0530445799,,,,CollegeFootballData.com API,2026-08-31T17:36:52.108062+00:00,/games,1.3
401309554,2021,4,regular,2021-09-25T18:00:00.000Z,False,True,False,False,12317,3980,Waldo Stadium,2711,Western Michigan,fbs,Mid-American,23,"[13, 7, 0, 3]",0.9925308015118646,1445,1494,23,San José State,fbs,Mountain West,3,"[3, 0, 0, 0]",0.007469198488135431,1467,1418,3.6461899613,,,,CollegeFootballData.com API,2026-08-31T17:36:52.108062+00:00,/games,1.3
401309557,2021,4,regular,2021-09-25T18:00:00.000Z,False,True,False,False,14253,3912,Rynearson Stadium,2199,Eastern Michigan,fbs,Mid-American,59,"[14, 14, 10, 21]",0.8256668062546255,1383,1479,326,Texas State,fbs,Sun Belt,21,"[7, 7, 7, 0]",0.17433319374537448,1290,1194,3.3938470769,,,,CollegeFootballData.com API,2026-08-31T17:36:52.108062+00:00,/games,1.3
401309556,2021,4,regular,2021-09-25T18:30:00.000Z,False,True,False,False,10076,3764,Huskie Stadium,2459,Northern Illinois,fbs,Mid-American,41,"[7, 14, 3, 17]",0.9986100993745762,,,311,Maine,fcs,CAA,14,"[7, 7, 0, 0]",0.0013899006254237678,,,2.5079978727,,,,CollegeFootballData.com API,2026-08-31T17:36:52.108062+00:00,/games,1.3
401309861,2021,4,regular,2021-09-25T18:30:00.000Z,False,True,False,True,51483,587,Rice-Eccles Stadium,254,Utah,fbs,Pac-12,24,"[0, 7, 3, 14]",0.9891237546551545,1635,1639,265,Washington State,fbs,Pac-12,13,"[0, 6, 7, 0]",0.010876245344845548,1422,1418,7.5520226172,,,,CollegeFootballData.com API,2026-08-31T17:36:52.108062+00:00,/games,1.3
401282640,2021,4,regular,2021-09-25T19:30:00.000Z,False,True,False,True,50964,3697,Doak Campbell Stadium,52,Florida State,fbs,ACC,23,"[0, 13, 7, 3]",0.14549801044957514,1345,1344,97,Louisville,fbs,ACC,31,"[17, 14, 0, 0]",0.8545019895504249,1527,1528,5.3926495683,,,,CollegeFootballData.com API,2026-08-31T17:36:52.108062+00:00,/games,1.3
401282756,2021,4,regular,2021-09-25T19:30:00.000Z,False,True,False,False,65456,3793,Kinnick Stadium,2294,Iowa,fbs,Big Ten,24,"[0, 7, 14, 3]",0.6938751267374744,1883,1870,36,Colorado State,fbs,Mountain West,14,"[0, 14, 0, 0]",0.3061248732625256,1426,1439,4.2693765059,,,,CollegeFootballData.com API,2026-08-31T17:36:52.108062+00:00,/games,1.3
401310709,2021,4,regular,2021-09-25T19:30:00.000Z,False,True,False,False,7619,538,StubHub Center,21,San Diego State,fbs,Mountain West,48,"[7, 14, 24, 3]",0.9891003734438111,,,119,Towson,fcs,CAA,21,"[7, 7, 0, 7]",0.010899626556188924,,,2.3941133025,,,,CollegeFootballData.com API,2026-08-31T17:36:52.108062+00:00,/games,1.3
401282765,2021,4,regular,2021-09-25T19:30:00.000Z,False,True,False,False,30117,3665,SECU Stadium,120,Maryland,fbs,Big Ten,37,"[7, 17, 13, 0]",0.9907361200387593,1397,1446,2309,Kent State,fbs,Mid-American,16,"[6, 3, 0, 7]",0.009263879961240673,1386,1337,3.1014081536,,,,CollegeFootballData.com API,2026-08-31T17:36:52.108062+00:00,/games,1.3
401282643,2021,4,regular,2021-09-25T19:30:00.000Z,False,True,False,True,56919,3670,Carter-Finley Stadium,152,NC State,fbs,ACC,27,"[7, 0, 7, 0, 7, 6]",0.9162988391281424,1532,1560,228,Clemson,fbs,ACC,21,"[7, 0, 0, 7, 7, 0]",0.08370116087185764,1907,1879,9.1422053589,,,,CollegeFootballData.com API,2026-08-31T17:36:52.108062+00:00,/games,1.3
401282775,2021,4,regular,2021-09-25T19:30:00.000Z,False,True,False,True,106943,3558,Michigan Stadium,130,Michigan,fbs,Big Ten,20,"[7, 13, 0, 0]",0.7924969986805936,1824,1818,164,Rutgers,fbs,Big Ten,13,"[3, 0, 7, 3]",0.20750300131940635,1536,1542,2.6069787937,,,,CollegeFootballData.com API,2026-08-31T17:36:52.108062+00:00,/games,1.3
401287907,2021,4,regular,2021-09-25T19:30:00.000Z,False,True,False,True,42539,4727,McLane Stadium,239,Baylor,fbs,Big 12,31,"[7, 14, 7, 3]",0.4572757242458242,1585,1589,66,Iowa State,fbs,Big 12,29,"[7, 6, 10, 6]",0.5427242757541758,1839,1835,7.8711453453,,,,CollegeFootballData.com API,2026-08-31T17:36:52.108062+00:00,/games,1.3
401282716,2021,4,regular,2021-09-25T19:30:00.000Z,False,True,False,True,52840,3907,Ross-Ade Stadium,2509,Purdue,fbs,Big Ten,13,"[6, 0, 0, 7]",0.34384471111218234,1570,1566,356,Illinois,fbs,Big Ten,9,"[0, 3, 3, 3]",0.6561552888878177,1339,1343,7.4139739419,,,,CollegeFootballData.com API,2026-08-31T17:36:52.108062+00:00,/games,1.3
401286190,2021,4,regular,2021-09-25T19:30:00.000Z,False,True,False,False,12538,3892,Pratt & Whitney Stadium,41,UConn,fbs,FBS Independents,22,"[10, 3, 0, 9]",0.0050646438192653905,1006,1033,2751,Wyoming,fbs,Mountain West,24,"[0, 3, 7, 14]",0.9949353561807346,1634,1607,6.6449123773,,,,CollegeFootballData.com API,2026-08-31T17:36:52.108062+00:00,/games,1.3
401282082,2021,4,regular,2021-09-25T19:30:00.000Z,False,True,True,True,57992,3687,AT&T Stadium,8,Arkansas,fbs,SEC,20,"[10, 7, 0, 3]",0.9712754474500134,1638,1677,245,Texas A&M,fbs,SEC,10,"[0, 3, 7, 0]",0.028724552549986626,1817,1778,6.1824871596,,,,CollegeFootballData.com API,2026-08-31T17:36:52.108062+00:00,/games,1.3
401282213,2021,4,regular,2021-09-25T19:30:00.000Z,False,True,False,False,29264,3805,Simmons Bank Liberty Stadium,235,Memphis,fbs,American Athletic,28,"[21, 0, 7, 0]",0.3493169928218137,1552,1542,2636,UTSA,fbs,Conference USA,31,"[0, 7, 7, 17]",0.6506830071781863,1470,1480,5.8208667569,,,,CollegeFootballData.com API,2026-08-31T17:36:52.108062+00:00,/games,1.3
401282083,2021,4,regular,2021-09-25T20:00:00.000Z,False,True,False,False,86650,3785,Jordan-Hare Stadium,2,Auburn,fbs,SEC,34,"[6, 6, 7, 15]",0.40138164916743807,1729,1717,2247,Georgia State,fbs,Sun Belt,24,"[3, 21, 0, 0]",0.598618350832562,1288,1300,8.9922260238,,,,CollegeFootballData.com API,2026-08-31T17:36:52.108062+00:00,/games,1.3
401282639,2021,4,regular,2021-09-25T20:00:00.000Z,False,True,False,False,19128,3982,Wallace Wade Stadium,150,Duke,fbs,ACC,52,"[7, 14, 21, 10]",0.9938414082407916,1322,1342,2305,Kansas,fbs,Big 12,33,"[3, 21, 3, 6]",0.006158591759208409,1080,1060,4.255881958,,,,CollegeFootballData.com API,2026-08-31T17:36:52.108062+00:00,/games,1.3
401301011,2021,4,regular,2021-09-25T21:00:00.000Z,False,True,False,False,14881,3674,Chapman Stadium,202,Tulsa,fbs,American Athletic,41,"[7, 17, 14, 3]",0.9987132814921362,1510,1506,2032,Arkansas State,fbs,Sun Belt,34,"[14, 0, 17, 3]",0.001286718507863771,1257,1261,4.4930064604,,,,CollegeFootballData.com API,2026-08-31T17:36:52.108062+00:00,/games,1.3
401282209,2021,4,regular,2021-09-25T22:00:00.000Z,False,True,False,False,18197,3918,S.B. Ballard Stadium,295,Old Dominion,fbs,Conference USA,34,"[7, 0, 14, 13]",0.18629258873309712,1206,1221,2084,Buffalo,fbs,Mid-American,35,"[7, 28, 0, 0]",0.8137074112669029,1563,1548,3.6618346635,,,,CollegeFootballData.com API,2026-08-31T17:36:52.108062+00:00,/games,1.3
401309610,2021,4,regular,2021-09-25T22:00:00.000Z,False,True,False,True,17522,3608,Allen E. Paulson Stadium,290,Georgia Southern,fbs,Sun Belt,20,"[7, 6, 0, 7]",0.8436728887663706,1382,1390,309,Louisiana,fbs,Sun Belt,28,"[0, 14, 14, 0]",0.1563271112336294,1693,1685,5.2103432115,,,,CollegeFootballData.com API,2026-08-31T17:36:52.108062+00:00,/games,1.3
401309858,2021,4,regular,2021-09-25T22:00:00.000Z,False,True,False,True,47236,3940,Stanford Stadium,24,Stanford,fbs,Pac-12,24,"[0, 7, 7, 10]",0.061677289505365225,1515,1501,26,UCLA,fbs,Pac-12,35,"[14, 7, 0, 14]",0.9383227104946348,1621,1635,4.6617783538,,,,CollegeFootballData.com API,2026-08-31T17:36:52.108062+00:00,/games,1.3
401301007,2021,4,regular,2021-09-25T22:00:00.000Z,False,True,False,False,39218,3699,Dowdy-Ficklen Stadium,151,East Carolina,fbs,American Athletic,31,"[0, 24, 7, 0]",0.6873836201852881,,,2127,Charleston Southern,fcs,Big South,28,"[14, 0, 0, 14]",0.3126163798147119,,,4.1800401793,,,,CollegeFootballData.com API,2026-08-31T17:36:52.108062+00:00,/games,1.3
401282210,2021,4,regular,2021-09-25T22:30:00.000Z,False,True,False,False,18326,3895,Rice Stadium,242,Rice,fbs,Conference USA,48,"[14, 6, 14, 14]",0.998597911054858,,,2640,Texas Southern,fcs,SWAC,34,"[0, 6, 7, 21]",0.0014020889451420437,,,1.3332837833,,,,CollegeFootballData.com API,2026-08-31T17:36:52.108062+00:00,/games,1.3
401287909,2021,4,regular,2021-09-25T23:00:00.000Z,False,True,False,True,51444,3646,Boone Pickens Stadium,197,Oklahoma State,fbs,Big 12,31,"[21, 10, 0, 0]",0.9985239986154201,1663,1674,2306,Kansas State,fbs,Big 12,20,"[10, 3, 7, 0]",0.001476001384579928,1547,1536,3.8913089536,,,,CollegeFootballData.com API,2026-08-31T17:36:52.108062+00:00,/games,1.3
401301008,2021,4,regular,2021-09-25T23:00:00.000Z,False,True,False,True,25054,4728,TDECU Stadium,248,Houston,fbs,American Athletic,28,"[7, 0, 7, 14]",0.3984583730564756,1558,1553,2426,Navy,fbs,American Athletic,20,"[7, 10, 0, 3]",0.6015416269435244,1260,1265,5.8404560381,,,,CollegeFootballData.com API,2026-08-31T17:36:52.108062+00:00,/games,1.3
401282087,2021,4,regular,2021-09-25T23:00:00.000Z,False,True,False,True,77559,3994,Williams-Brice Stadium,2579,South Carolina,fbs,SEC,10,"[0, 0, 7, 3]",0.01531369838006672,1382,1387,96,Kentucky,fbs,SEC,16,"[7, 3, 3, 3]",0.9846863016199333,1598,1593,4.3963875698,,,,CollegeFootballData.com API,2026-08-31T17:36:52.108062+00:00,/games,1.3
401282084,2021,4,regular,2021-09-25T23:00:00.000Z,False,True,False,True,88478,3634,Ben Hill Griffin Stadium,57,Florida,fbs,SEC,38,"[10, 7, 14, 7]",0.9859202968686468,1744,1779,2633,Tennessee,fbs,SEC,14,"[7, 7, 0, 0]",0.014079703131353205,1517,1482,3.2571202096,,,,CollegeFootballData.com API,2026-08-31T17:36:52.108062+00:00,/games,1.3
401282205,2021,4,regular,2021-09-25T23:00:00.000Z,False,True,False,True,15488,3776,Joe Aillet Stadium,2348,Louisiana Tech,fbs,Conference USA,24,"[14, 10, 0, 0]",0.9681127939701637,1350,1351,249,North Texas,fbs,Conference USA,17,"[0, 7, 0, 10]",0.0318872060298363,1185,1184,2.9133501204,,,,CollegeFootballData.com API,2026-08-31T17:36:52.108062+00:00,/games,1.3
401282784,2021,4,regular,2021-09-25T23:00:00.000Z,False,True,False,True,70332,3936,Spartan Stadium,127,Michigan State,fbs,Big Ten,23,"[0, 13, 0, 7, 3]",0.1725612912658724,1554,1555,158,Nebraska,fbs,Big Ten,20,"[0, 10, 3, 7, 0]",0.8274387087341276,1573,1572,7.7644115173,,,,CollegeFootballData.com API,2026-08-31T17:36:52.108062+00:00,/games,1.3
401282641,2021,4,regular,2021-09-25T23:30:00.000Z,False,True,True,True,37450,5348,Mercedes-Benz Stadium,59,Georgia Tech,fbs,ACC,45,"[0, 13, 14, 18]",0.9509619811089448,1383,1503,153,North Carolina,fbs,ACC,22,"[7, 0, 7, 8]",0.04903801889105519,1804,1684,4.7503368373,,,,CollegeFootballData.com API,2026-08-31T17:36:52.108062+00:00,/games,1.3
401287908,2021,4,regular,2021-09-25T23:30:00.000Z,False,True,False,True,84353,3835,"Memorial Stadium (Norman, OK)",201,Oklahoma,fbs,Big 12,16,"[7, 0, 3, 6]",0.6021140856342391,1863,1860,277,West Virginia,fbs,Big 12,13,"[7, 3, 3, 0]",0.39788591436576093,1543,1546,7.1796801835,,,,CollegeFootballData.com API,2026-08-31T17:36:52.108062+00:00,/games,1.3
401282811,2021,4,regular,2021-09-25T23:30:00.000Z,False,True,False,False,95178,3861,Ohio Stadium,194,Ohio State,fbs,Big Ten,59,"[14, 24, 14, 7]",0.9989673355701963,1893,1934,2006,Akron,fbs,Mid-American,7,"[7, 0, 0, 0]",0.0010326644298036536,991,950,1.0709452293,,,,CollegeFootballData.com API,2026-08-31T17:36:52.108062+00:00,/games,1.3
401282081,2021,4,regular,2021-09-25T23:30:00.000Z,False,True,False,False,100077,3657,Bryant-Denny Stadium,333,Alabama,fbs,SEC,63,"[21, 21, 7, 14]",0.9989619365205381,2104,2145,2572,Southern Miss,fbs,Conference USA,14,"[0, 7, 0, 7]",0.0010380634794618926,1278,1237,1.0194790572,,,,CollegeFootballData.com API,2026-08-31T17:36:52.108062+00:00,/games,1.3
401282211,2021,4,regular,2021-09-26T00:00:00.000Z,False,True,False,False,16023,4729,Yulman Stadium,2655,Tulane,fbs,American Athletic,21,"[0, 14, 0, 7]",0.00851014872713156,1490,1477,5,UAB,fbs,Conference USA,28,"[7, 14, 7, 0]",0.9914898512728685,1492,1505,4.2344703382,,,,CollegeFootballData.com API,2026-08-31T17:36:52.108062+00:00,/games,1.3
401310708,2021,4,regular,2021-09-26T00:00:00.000Z,False,True,False,False,13932,3601,Aggie Memorial Stadium,166,New Mexico State,fbs,FBS Independents,21,"[3, 10, 0, 8]",0.07909513102412,1172,1140,62,Hawai'i,fbs,Mountain West,41,"[10, 7, 7, 17]",0.92090486897588,1345,1377,2.882577855,,,,CollegeFootballData.com API,2026-08-31T17:36:52.108062+00:00,/games,1.3
401282207,2021,4,regular,2021-09-26T00:00:00.000Z,False,True,False,False,19763,3713,Falcon Stadium,2005,Air Force,fbs,Mountain West,31,"[14, 10, 7, 0]",0.9988887562345365,1604,1660,2226,Florida Atlantic,fbs,Conference USA,7,"[0, 7, 0, 0]",0.0011112437654634544,1575,1519,2.7473663087,,,,CollegeFootballData.com API,2026-08-31T17:36:52.108062+00:00,/games,1.3
401309611,2021,4,regular,2021-09-26T00:00:00.000Z,False,True,False,True,12766,3817,Malone Stadium,2433,UL Monroe,fbs,Sun Belt,29,"[7, 3, 10, 9]",0.9613760621642796,1058,1122,2653,Troy,fbs,Sun Belt,16,"[0, 3, 7, 6]",0.03862393783572038,1465,1401,7.5853818781,,,,CollegeFootballData.com API,2026-08-31T17:36:52.108062+00:00,/games,1.3
401282214,2021,4,regular,2021-09-26T00:00:00.000Z,False,True,False,False,25171,3796,Houchens Industries-L.T. Smith Stadium,98,Western Kentucky,fbs,Conference USA,31,"[0, 14, 10, 7]",0.422418804306853,1401,1408,84,Indiana,fbs,Big Ten,33,"[14, 9, 3, 7]",0.5775811956931469,1586,1579,5.678666353,,,,CollegeFootballData.com API,2026-08-31T17:36:52.108062+00:00,/games,1.3
401282212,2021,4,regular,2021-09-26T01:00:00.000Z,False,True,False,False,15069,3946,Sun Bowl,2638,UTEP,fbs,Conference USA,20,"[0, 3, 14, 3]",0.9622501430474736,1221,1234,167,New Mexico,fbs,Mountain West,13,"[7, 6, 0, 0]",0.03774985695252642,1276,1263,7.7032124705,,,,CollegeFootballData.com API,2026-08-31T17:36:52.108062+00:00,/games,1.3
401309857,2021,4,regular,2021-09-26T01:30:00.000Z,False,True,False,True,60104,3765,Husky Stadium,264,Washington,fbs,Pac-12,31,"[7, 14, 3, 0, 7]",0.1840809652530979,1719,1714,25,California,fbs,Pac-12,24,"[7, 3, 7, 7, 0]",0.8159190347469021,1456,1461,5.4341076311,,,,CollegeFootballData.com API,2026-08-31T17:36:52.108062+00:00,/games,1.3
401301009,2021,4,regular,2021-09-26T02:15:00.000Z,False,True,False,False,60217,3801,LaVell Edwards Stadium,252,BYU,fbs,FBS Independents,35,"[21, 7, 7, 0]",0.9714415774101886,1821,1797,58,South Florida,fbs,American Athletic,27,"[0, 6, 14, 7]",0.02855842258981145,1149,1173,1.4459709621,,,,CollegeFootballData.com API,2026-08-31T17:36:52.108062+00:00,/games,1.3
401309860,2021,4,regular,2021-09-26T02:30:00.000Z,False,True,False,True,51564,477,Los Angeles Memorial Coliseum,30,USC,fbs,Pac-12,27,"[7, 10, 0, 10]",0.0010242255307041515,1688,1619,204,Oregon State,fbs,Pac-12,45,"[7, 14, 14, 10]",0.9989757744692959,1471,1540,4.2554256937,,,,CollegeFootballData.com API,2026-08-31T17:36:52.108062+00:00,/games,1.3
401309859,2021,4,regular,2021-09-26T02:30:00.000Z,False,True,False,True,50024,3626,Autzen Stadium,2483,Oregon,fbs,Pac-12,41,"[17, 7, 0, 17]",0.983302501043421,1730,1738,12,Arizona,fbs,Pac-12,19,"[7, 3, 9, 0]",0.016697498956579016,1272,1264,1.8494574125,,,,CollegeFootballData.com API,2026-08-31T17:36:52.108062+00:00,/games,1.3
401309862,2021,4,regular,2021-09-26T02:30:00.000Z,False,True,False,True,44803,3947,Mountain America Stadium,9,Arizona State,fbs,Pac-12,35,"[7, 7, 7, 14]",0.9977307555891679,1663,1688,38,Colorado,fbs,Pac-12,13,"[0, 3, 7, 3]",0.002269244410832094,1391,1366,2.9006721867,,,,CollegeFootballData.com API,2026-08-31T17:36:52.108062+00:00,/games,1.3
401282646,2021,5,regular,2021-09-30T23:30:00.000Z,False,True,False,True,37269,3948,Hard Rock Stadium,2390,Miami,fbs,ACC,28,"[0, 7, 14, 7]",0.6691124002678612,1522,1518,258,Virginia,fbs,ACC,30,"[9, 7, 11, 3]",0.33088759973213877,1500,1504,9.0540811574,,,,CollegeFootballData.com API,2026-08-31T17:36:52.108062+00:00,/games,1.3
401301012,2021,5,regular,2021-10-01T23:30:00.000Z,False,True,False,True,15890,3674,Chapman Stadium,202,Tulsa,fbs,American Athletic,10,"[0, 3, 0, 7]",0.00035744721010905623,1506,1410,248,Houston,fbs,American Athletic,45,"[14, 14, 7, 10]",0.9996425527898909,1553,1649,2.4084553392,,,,CollegeFootballData.com API,2026-08-31T17:36:52.108062+00:00,/games,1.3
401282759,2021,5,regular,2021-10-02T00:00:00.000Z,False,True,False,True,45527,3665,SECU Stadium,120,Maryland,fbs,Big Ten,14,"[7, 0, 7, 0]",0.003434591901699626,1446,1392,2294,Iowa,fbs,Big Ten,51,"[3, 31, 10, 7]",0.9965654080983004,1870,1924,2.2667319582,,,,CollegeFootballData.com API,2026-08-31T17:36:52.108062+00:00,/games,1.3
401309912,2021,5,regular,2021-10-02T01:00:00.000Z,False,True,False,False,25240,3905,Maverik Stadium,328,Utah State,fbs,Mountain West,20,"[3, 10, 0, 7]",,1336,1345,252,BYU,fbs,FBS Independents,34,"[10, 14, 0, 10]",,1797,1788,,,,,CollegeFootballData.com API,2026-08-31T17:36:52.108062+00:00,/games,1.3
401282219,2021,5,regular,2021-10-02T16:00:00.000Z,False,True,False,False,30559,3832,"Memorial Stadium (Champaign, IL)",356,Illinois,fbs,Big Ten,24,"[3, 7, 14, 0]",0.8701153552156602,1343,1360,2429,Charlotte,fbs,Conference USA,14,"[7, 7, 0, 0]",0.1298846447843398,1338,1321,5.1556097789,,,,CollegeFootballData.com API,2026-08-31T17:36:52.108062+00:00,/games,1.3
401286302,2021,5,regular,2021-10-02T16:00:00.000Z,False,True,False,False,9456,3985,Warren McGuirk Alumni Stadium,113,Massachusetts,fbs,FBS Independents,7,"[0, 0, 0, 7]",0.0010340841158497692,941,891,2649,Toledo,fbs,Mid-American,45,"[7, 24, 7, 7]",0.9989659158841502,1422,1472,0.7495902708,,,,CollegeFootballData.com API,2026-08-31T17:36:52.108062+00:00,/games,1.3
401309561,2021,5,regular,2021-10-02T16:00:00.000Z,False,True,False,True,17344,3965,UB Stadium,2084,Buffalo,fbs,Mid-American,17,"[7, 0, 3, 7]",0.12440258698980175,1548,1531,2711,Western Michigan,fbs,Mid-American,24,"[7, 0, 0, 17]",0.8755974130101982,1494,1511,6.3293775282,,,,CollegeFootballData.com API,2026-08-31T17:36:52.108062+00:00,/games,1.3
401282093,2021,5,regular,2021-10-02T16:00:00.000Z,False,True,False,True,45655,3838,Memorial Stadium,142,Missouri,fbs,SEC,24,"[3, 7, 7, 7]",0.002471259949529597,1502,1386,2633,Tennessee,fbs,SEC,62,"[28, 17, 10, 7]",0.9975287400504704,1482,1598,2.2811504911,,,,CollegeFootballData.com API,2026-08-31T17:36:52.108062+00:00,/games,1.3
401282650,2021,5,regular,2021-10-02T16:00:00.000Z,False,True,False,True,45812,3787,Kenan Stadium,153,North Carolina,fbs,ACC,38,"[7, 17, 0, 14]",0.9539413509556036,1684,1727,150,Duke,fbs,ACC,7,"[0, 0, 7, 0]",0.04605864904439638,1342,1299,2.3328798602,,,,CollegeFootballData.com API,2026-08-31T17:36:52.108062+00:00,/games,1.3
401282090,2021,5,regular,2021-10-02T16:00:00.000Z,False,True,False,True,92746,3917,Sanford Stadium,61,Georgia,fbs,SEC,37,"[21, 3, 3, 10]",0.9967981788460936,2033,2093,8,Arkansas,fbs,SEC,0,"[0, 0, 0, 0]",0.0032018211539064367,1677,1617,1.4536321771,,,,CollegeFootballData.com API,2026-08-31T17:36:52.108062+00:00,/games,1.3
401282649,2021,5,regular,2021-10-02T16:00:00.000Z,False,True,False,True,36383,721,Bobby Dodd Stadium,59,Georgia Tech,fbs,ACC,21,"[7, 7, 7, 0]",0.002367706889362115,1503,1428,221,Pittsburgh,fbs,ACC,52,"[21, 21, 7, 3]",0.9976322931106378,1600,1675,2.3181245749,,,,CollegeFootballData.com API,2026-08-31T17:36:52.108062+00:00,/games,1.3
401282793,2021,5,regular,2021-10-02T16:00:00.000Z,False,True,False,True,51111,3907,Ross-Ade Stadium,2509,Purdue,fbs,Big Ten,13,"[3, 10, 0, 0]",0.18318041776084265,1566,1555,135,Minnesota,fbs,Big Ten,20,"[7, 3, 7, 3]",0.8168195822391573,1592,1603,6.7703138899,,,,CollegeFootballData.com API,2026-08-31T17:36:52.108062+00:00,/games,1.3
401282776,2021,5,regular,2021-10-02T16:00:00.000Z,False,True,False,True,74855,347,Camp Randall Stadium,275,Wisconsin,fbs,Big Ten,17,"[0, 10, 0, 7]",0.021225100517174095,1696,1656,130,Michigan,fbs,Big Ten,38,"[7, 6, 7, 18]",0.9787748994828259,1818,1858,4.8650723402,,,,CollegeFootballData.com API,2026-08-31T17:36:52.108062+00:00,/games,1.3
401287915,2021,5,regular,2021-10-02T16:00:00.000Z,False,True,False,True,43337,3616,Amon G. Carter Stadium,2628,TCU,fbs,Big 12,27,"[14, 3, 3, 7]",0.621344416790432,1620,1630,251,Texas,fbs,Big 12,32,"[13, 10, 3, 6]",0.37865558320956805,1903,1893,5.1592407041,,,,CollegeFootballData.com API,2026-08-31T17:36:52.108062+00:00,/games,1.3
401301015,2021,5,regular,2021-10-02T16:00:00.000Z,False,True,False,True,28573,3806,Lincoln Financial Field,218,Temple,fbs,American Athletic,34,"[0, 17, 7, 10]",0.2365354869231561,1177,1183,235,Memphis,fbs,American Athletic,31,"[3, 14, 6, 8]",0.7634645130768439,1542,1536,6.978512674,,,,CollegeFootballData.com API,2026-08-31T17:36:52.108062+00:00,/games,1.3
401282651,2021,5,regular,2021-10-02T16:30:00.000Z,False,True,False,True,29077,3630,Allegacy Federal Credit Union Stadium,154,Wake Forest,fbs,ACC,37,"[10, 10, 7, 10]",0.12965082700770714,1652,1651,97,Louisville,fbs,ACC,34,"[10, 7, 0, 17]",0.8703491729922929,1528,1529,9.4462232449,,,,CollegeFootballData.com API,2026-08-31T17:36:52.108062+00:00,/games,1.3
401309612,2021,5,regular,2021-10-02T18:00:00.000Z,False,True,False,True,14258,4246,Center Parc Stadium,2247,Georgia State,fbs,Sun Belt,16,"[0, 6, 3, 7]",0.006633971273268061,1300,1263,2026,App State,fbs,Sun Belt,45,"[7, 7, 17, 14]",0.993366028726732,1663,1700,3.0113824964,,,,CollegeFootballData.com API,2026-08-31T17:36:52.108062+00:00,/games,1.3
401309867,2021,5,regular,2021-10-02T18:00:00.000Z,False,True,False,True,48197,3726,Folsom Field,38,Colorado,fbs,Pac-12,14,"[0, 7, 7, 0]",0.023939964767165926,1366,1334,30,USC,fbs,Pac-12,37,"[10, 10, 10, 7]",0.976060035232834,1619,1651,2.447931068,,,,CollegeFootballData.com API,2026-08-31T17:36:52.108062+00:00,/games,1.3
401309558,2021,5,regular,2021-10-02T18:30:00.000Z,False,True,False,True,10034,3764,Huskie Stadium,2459,Northern Illinois,fbs,Mid-American,27,"[10, 7, 7, 3]",0.9152145393508863,1208,1234,2199,Eastern Michigan,fbs,Mid-American,20,"[0, 3, 14, 3]",0.08478546064911374,1479,1453,5.3377850201,,,,CollegeFootballData.com API,2026-08-31T17:36:52.108062+00:00,/games,1.3
401282708,2021,5,regular,2021-10-02T18:30:00.000Z,False,True,False,False,77622,3855,Notre Dame Stadium,87,Notre Dame,fbs,FBS Independents,13,"[0, 0, 7, 6]",0.011267716903231263,1841,1818,2132,Cincinnati,fbs,American Athletic,24,"[0, 17, 0, 7]",0.9887322830967687,1846,1869,4.6197497629,,,,CollegeFootballData.com API,2026-08-31T17:36:52.108062+00:00,/games,1.3
401309614,2021,5,regular,2021-10-02T18:30:00.000Z,False,True,False,True,18674,3654,Brooks Stadium (SC),324,Coastal Carolina,fbs,Sun Belt,59,"[14, 24, 0, 21]",0.9989712358065195,1718,1798,2433,UL Monroe,fbs,Sun Belt,6,"[3, 0, 3, 0]",0.0010287641934805247,1122,1042,1.1510154812,,,,CollegeFootballData.com API,2026-08-31T17:36:52.108062+00:00,/games,1.3
401309560,2021,5,regular,2021-10-02T19:30:00.000Z,False,True,False,True,12616,3768,InfoCision Stadium,2006,Akron,fbs,Mid-American,17,"[0, 10, 7, 0]",0.029675547033548355,950,925,195,Ohio,fbs,Mid-American,34,"[3, 7, 7, 17]",0.9703244529664516,1347,1372,8.661386960112784,,,,CollegeFootballData.com API,2026-08-31T17:36:52.108062+00:00,/games,1.3
401309562,2021,5,regular,2021-10-02T19:30:00.000Z,False,True,False,True,20537,3696,Dix Stadium,2309,Kent State,fbs,Mid-American,27,"[10, 3, 7, 7]",0.9628286492697296,1337,1333,189,Bowling Green,fbs,Mid-American,20,"[3, 3, 14, 0]",0.03717135073027045,1076,1080,7.1668925804,,,,CollegeFootballData.com API,2026-08-31T17:36:52.108062+00:00,/games,1.3
401309864,2021,5,regular,2021-10-02T19:30:00.000Z,False,True,False,True,31610,3940,Stanford Stadium,24,Stanford,fbs,Pac-12,31,"[10, 7, 0, 7, 7]",0.3711344724381349,1501,1525,2483,Oregon,fbs,Pac-12,24,"[0, 7, 10, 7, 0]",0.6288655275618651,1738,1714,8.1868955646,,,,CollegeFootballData.com API,2026-08-31T17:36:52.108062+00:00,/games,1.3
401282094,2021,5,regular,2021-10-02T19:30:00.000Z,False,True,False,False,60866,3994,Williams-Brice Stadium,2579,South Carolina,fbs,SEC,23,"[3, 14, 3, 3]",0.9505848910904777,1387,1402,2653,Troy,fbs,Sun Belt,14,"[0, 7, 7, 0]",0.049415108909522276,1401,1386,6.3694581087,,,,CollegeFootballData.com API,2026-08-31T17:36:52.108062+00:00,/games,1.3
401282648,2021,5,regular,2021-10-02T19:30:00.000Z,False,True,False,True,56609,3697,Doak Campbell Stadium,52,Florida State,fbs,ACC,33,"[3, 13, 7, 10]",0.5289024581275171,1344,1346,183,Syracuse,fbs,ACC,30,"[0, 13, 7, 10]",0.4710975418724829,1424,1422,7.590259471,,,,CollegeFootballData.com API,2026-08-31T17:36:52.108062+00:00,/games,1.3
401301013,2021,5,regular,2021-10-02T19:30:00.000Z,False,True,False,True,30871,3852,Navy-Marine Corps Memorial Stadium,2426,Navy,fbs,American Athletic,34,"[7, 10, 0, 17]",0.9248266464382906,1265,1280,2116,UCF,fbs,American Athletic,30,"[13, 10, 7, 0]",0.0751733535617094,1633,1618,5.0356368944,,,,CollegeFootballData.com API,2026-08-31T17:36:52.108062+00:00,/games,1.3
401310711,2021,5,regular,2021-10-02T19:30:00.000Z,False,True,False,True,37426,3653,Albertsons Stadium,68,Boise State,fbs,Mountain West,31,"[14, 7, 3, 7]",0.5711973760853407,1705,1660,2440,Nevada,fbs,Mountain West,41,"[10, 10, 18, 3]",0.4288026239146593,1445,1490,6.214016572,,,,CollegeFootballData.com API,2026-08-31T17:36:52.108062+00:00,/games,1.3
401282089,2021,5,regular,2021-10-02T19:30:00.000Z,False,True,False,True,100077,3657,Bryant-Denny Stadium,333,Alabama,fbs,SEC,42,"[7, 21, 7, 7]",0.99561684084897,2145,2155,145,Ole Miss,fbs,SEC,21,"[0, 0, 7, 14]",0.004383159151030047,1739,1729,2.0841496692,,,,CollegeFootballData.com API,2026-08-31T17:36:52.108062+00:00,/games,1.3
401282813,2021,5,regular,2021-10-02T19:30:00.000Z,False,True,False,True,51006,6577,SHI Stadium,164,Rutgers,fbs,Big Ten,13,"[6, 0, 0, 7]",0.0003179884238329459,1542,1478,194,Ohio State,fbs,Big Ten,52,"[24, 21, 7, 0]",0.9996820115761671,1934,1998,0.7307612307,,,,CollegeFootballData.com API,2026-08-31T17:36:52.108062+00:00,/games,1.3
401301014,2021,5,regular,2021-10-02T19:30:00.000Z,False,True,False,True,33475,3699,Dowdy-Ficklen Stadium,151,East Carolina,fbs,American Athletic,52,"[17, 14, 0, 21]",0.992160839721907,1415,1479,2655,Tulane,fbs,American Athletic,29,"[0, 7, 16, 6]",0.00783916027809295,1477,1413,4.3973079002,,,,CollegeFootballData.com API,2026-08-31T17:36:52.108062+00:00,/games,1.3
401282215,2021,5,regular,2021-10-02T19:30:00.000Z,False,True,False,True,24726,3715,FAU Stadium,2226,Florida Atlantic,fbs,Conference USA,58,"[7, 27, 10, 14]",0.998880490155735,1519,1593,2229,Florida International,fbs,Conference USA,21,"[7, 14, 0, 0]",0.0011195098442650098,1283,1209,3.2921791413,,,,CollegeFootballData.com API,2026-08-31T17:36:52.108062+00:00,/games,1.3
401308835,2021,5,regular,2021-10-02T19:30:00.000Z,False,True,False,True,15065,3996,Yager Stadium,193,Miami (OH),fbs,Mid-American,28,"[14, 0, 0, 14]",0.9864682244224011,1371,1391,2117,Central Michigan,fbs,Mid-American,17,"[0, 7, 3, 7]",0.013531775577598881,1378,1358,7.7067243306,,,,CollegeFootballData.com API,2026-08-31T17:36:52.108062+00:00,/games,1.3
401287916,2021,5,regular,2021-10-02T19:30:00.000Z,False,True,False,True,54090,3842,Milan Puskar Stadium,277,West Virginia,fbs,Big 12,20,"[0, 0, 17, 3]",0.8435770575190449,1546,1539,2641,Texas Tech,fbs,Big 12,23,"[14, 3, 0, 6]",0.15642294248095512,1503,1510,7.472327173,,,,CollegeFootballData.com API,2026-08-31T17:36:52.108062+00:00,/games,1.3
401287913,2021,5,regular,2021-10-02T19:30:00.000Z,False,True,False,True,47690,3636,Bill Snyder Family Stadium,2306,Kansas State,fbs,Big 12,31,"[7, 3, 7, 14]",0.1440314908423117,1536,1548,201,Oklahoma,fbs,Big 12,37,"[3, 10, 14, 10]",0.8559685091576883,1860,1848,4.3206202313,,,,CollegeFootballData.com API,2026-08-31T17:36:52.108062+00:00,/games,1.3
401309613,2021,5,regular,2021-10-02T20:00:00.000Z,False,True,False,True,16377,3608,Allen E. Paulson Stadium,290,Georgia Southern,fbs,Sun Belt,59,"[10, 21, 14, 14]",0.9988960490496276,1390,1442,2032,Arkansas State,fbs,Sun Belt,33,"[3, 16, 0, 14]",0.001103950950372412,1261,1209,4.5314399115,,,,CollegeFootballData.com API,2026-08-31T17:36:52.108062+00:00,/games,1.3
401301016,2021,5,regular,2021-10-02T20:00:00.000Z,False,True,False,True,23355,3735,Gerald J. Ford Stadium,2567,SMU,fbs,American Athletic,41,"[10, 7, 10, 14]",0.7216699562827772,1569,1587,58,South Florida,fbs,American Athletic,17,"[0, 3, 14, 0]",0.2783300437172228,1173,1155,2.0083850669,,,,CollegeFootballData.com API,2026-08-31T17:36:52.108062+00:00,/games,1.3
401309559,2021,5,regular,2021-10-02T21:00:00.000Z,False,True,False,False,13713,3919,Scheumann Stadium,2050,Ball State,fbs,Mid-American,28,"[21, 0, 0, 7]",0.20195172720341434,1387,1432,349,Army,fbs,FBS Independents,16,"[0, 14, 0, 2]",0.7980482727965856,1644,1599,6.3937807536,,,,CollegeFootballData.com API,2026-08-31T17:36:52.108062+00:00,/games,1.3
401309863,2021,5,regular,2021-10-02T21:30:00.000Z,False,True,False,True,40286,3831,California Memorial Stadium,25,California,fbs,Pac-12,6,"[6, 0, 0, 0]",0.05852760699421022,1461,1422,265,Washington State,fbs,Pac-12,21,"[14, 0, 7, 0]",0.9414723930057898,1418,1457,3.8281796315,,,,CollegeFootballData.com API,2026-08-31T17:36:52.108062+00:00,/games,1.3
401282222,2021,5,regular,2021-10-02T22:00:00.000Z,False,True,False,False,20154,3604,Alamodome,2636,UTSA,fbs,Conference USA,24,"[7, 10, 7, 0]",0.9718031148815659,1480,1474,2439,UNLV,fbs,Mountain West,17,"[7, 3, 0, 7]",0.0281968851184341,1177,1183,3.4227300064,,,,CollegeFootballData.com API,2026-08-31T17:36:52.108062+00:00,/games,1.3
401282091,2021,5,regular,2021-10-02T22:00:00.000Z,False,True,False,True,61632,3683,Kroger Field,96,Kentucky,fbs,SEC,20,"[7, 0, 6, 7]",0.40205891072620975,1593,1614,57,Florida,fbs,SEC,13,"[7, 3, 0, 3]",0.5979410892737902,1779,1758,6.2597301901,,,,CollegeFootballData.com API,2026-08-31T17:36:52.108062+00:00,/games,1.3
401282220,2021,5,regular,2021-10-02T22:00:00.000Z,False,True,False,False,51064,3670,Carter-Finley Stadium,152,NC State,fbs,ACC,34,"[7, 6, 14, 7]",0.3997403005091003,1560,1558,2348,Louisiana Tech,fbs,Conference USA,27,"[0, 10, 3, 14]",0.6002596994908997,1351,1353,4.2891146749,,,,CollegeFootballData.com API,2026-08-31T17:36:52.108062+00:00,/games,1.3
401310710,2021,5,regular,2021-10-02T22:30:00.000Z,False,True,False,True,13158,3971,University Stadium (NM),167,New Mexico,fbs,Mountain West,10,"[0, 0, 7, 3]",0.00038136352826177825,1263,1233,2005,Air Force,fbs,Mountain West,38,"[7, 17, 7, 7]",0.9996186364717382,1660,1690,1.4424247186,,,,CollegeFootballData.com API,2026-08-31T17:36:52.108062+00:00,/games,1.3
401282218,2021,5,regular,2021-10-02T22:30:00.000Z,False,True,False,True,16031,3895,Rice Stadium,242,Rice,fbs,Conference USA,24,"[7, 3, 14, 0]",0.9640740957732671,1174,1182,2572,Southern Miss,fbs,Conference USA,19,"[7, 0, 7, 5]",0.03592590422673292,1237,1229,4.3531448497,,,,CollegeFootballData.com API,2026-08-31T17:36:52.108062+00:00,/games,1.3
401282095,2021,5,regular,2021-10-02T23:00:00.000Z,False,True,False,True,87973,3795,Kyle Field,245,Texas A&M,fbs,SEC,22,"[7, 6, 6, 3]",0.9139431605143233,1778,1755,344,Mississippi State,fbs,SEC,26,"[10, 7, 7, 2]",0.08605683948567666,1545,1568,7.0865273027,,,,CollegeFootballData.com API,2026-08-31T17:36:52.108062+00:00,/games,1.3
401287914,2021,5,regular,2021-10-02T23:00:00.000Z,False,True,False,True,52144,3646,Boone Pickens Stadium,197,Oklahoma State,fbs,Big 12,24,"[7, 7, 0, 10]",0.9903879868728721,1674,1685,239,Baylor,fbs,Big 12,14,"[0, 0, 7, 7]",0.009612013127127894,1589,1578,6.4970925231,,,,CollegeFootballData.com API,2026-08-31T17:36:52.108062+00:00,/games,1.3
401287912,2021,5,regular,2021-10-02T23:00:00.000Z,False,True,False,True,60446,3772,Jack Trice Stadium,66,Iowa State,fbs,Big 12,59,"[28, 10, 14, 7]",0.9988367963884472,1835,1890,2305,Kansas,fbs,Big 12,7,"[0, 0, 7, 0]",0.0011632036115527544,1060,1005,1.2457069369,,,,CollegeFootballData.com API,2026-08-31T17:36:52.108062+00:00,/games,1.3
401282221,2021,5,regular,2021-10-02T23:00:00.000Z,False,True,False,False,37167,3803,Legion Field,5,UAB,fbs,Conference USA,12,"[3, 0, 0, 9]",0.007554169744253159,1505,1443,2335,Liberty,fbs,FBS Independents,36,"[0, 3, 21, 12]",0.9924458302557468,1602,1664,3.913611335684677,,,,CollegeFootballData.com API,2026-08-31T17:36:52.108062+00:00,/games,1.3
401282216,2021,5,regular,2021-10-02T23:00:00.000Z,False,True,False,True,15806,3725,"Johnny ""Red"" Floyd Stadium",2393,Middle Tennessee,fbs,Conference USA,34,"[7, 21, 6, 0]",0.6861320682596628,1276,1302,276,Marshall,fbs,Conference USA,28,"[0, 14, 0, 14]",0.3138679317403372,1617,1591,6.5529785259,,,,CollegeFootballData.com API,2026-08-31T17:36:52.108062+00:00,/games,1.3
401282729,2021,5,regular,2021-10-02T23:30:00.000Z,False,True,False,True,105951,3632,Beaver Stadium,213,Penn State,fbs,Big Ten,24,"[7, 7, 7, 3]",0.9972744451214196,1764,1804,84,Indiana,fbs,Big Ten,0,"[0, 0, 0, 0]",0.002725554878580394,1579,1539,2.7048201066,,,,CollegeFootballData.com API,2026-08-31T17:36:52.108062+00:00,/games,1.3
401282096,2021,5,regular,2021-10-02T23:30:00.000Z,False,True,False,False,21218,3973,FirstBank Stadium,238,Vanderbilt,fbs,SEC,30,"[3, 14, 0, 13]",0.5373038771558272,1127,1126,41,UConn,fbs,FBS Independents,28,"[6, 10, 0, 12]",0.46269612284417283,1033,1034,7.2449485127,,,,CollegeFootballData.com API,2026-08-31T17:36:52.108062+00:00,/games,1.3
401282647,2021,5,regular,2021-10-02T23:30:00.000Z,False,True,False,True,79159,3836,"Memorial Stadium (Clemson, SC)",228,Clemson,fbs,ACC,19,"[7, 6, 3, 3]",0.8656710274655488,1879,1871,103,Boston College,fbs,ACC,13,"[3, 3, 7, 0]",0.1343289725344512,1538,1546,6.0991604034,,,,CollegeFootballData.com API,2026-08-31T17:36:52.108062+00:00,/games,1.3
401282800,2021,5,regular,2021-10-02T23:30:00.000Z,False,True,False,True,87364,3834,"Memorial Stadium (Lincoln, NE)",158,Nebraska,fbs,Big Ten,56,"[21, 14, 14, 7]",0.9989177820717844,1572,1729,77,Northwestern,fbs,Big Ten,7,"[7, 0, 0, 0]",0.001082217928215612,1607,1450,1.9282612405,,,,CollegeFootballData.com API,2026-08-31T17:36:52.108062+00:00,/games,1.3
401282223,2021,5,regular,2021-10-02T23:30:00.000Z,False,True,False,False,70075,3936,Spartan Stadium,127,Michigan State,fbs,Big Ten,48,"[21, 21, 3, 3]",0.9618066270269452,1555,1579,98,Western Kentucky,fbs,Conference USA,31,"[10, 6, 0, 15]",0.03819337297305481,1408,1384,4.3013056422,,,,CollegeFootballData.com API,2026-08-31T17:36:52.108062+00:00,/games,1.3
401309615,2021,5,regular,2021-10-03T00:00:00.000Z,False,True,False,True,16764,6526,Hancock Whitney Stadium,6,South Alabama,fbs,Sun Belt,18,"[0, 6, 6, 6]",0.7358332587418409,1323,1339,309,Louisiana,fbs,Sun Belt,20,"[14, 6, 0, 0]",0.2641667412581591,1685,1669,3.8788483966,,,,CollegeFootballData.com API,2026-08-31T17:36:52.108062+00:00,/games,1.3
401282092,2021,5,regular,2021-10-03T01:00:00.000Z,False,True,False,True,97717,3958,Tiger Stadium (LA),99,LSU,fbs,SEC,19,"[7, 6, 6, 0]",0.010626458550626,1689,1682,2,Auburn,fbs,SEC,24,"[0, 10, 0, 14]",0.989373541449374,1717,1724,7.7992403507,,,,CollegeFootballData.com API,2026-08-31T17:36:52.108062+00:00,/games,1.3
401282217,2021,5,regular,2021-10-03T01:00:00.000Z,False,True,False,True,11025,3946,Sun Bowl,2638,UTEP,fbs,Conference USA,28,"[3, 14, 3, 8]",0.941009992339343,1234,1243,295,Old Dominion,fbs,Conference USA,21,"[0, 7, 14, 0]",0.058990007660656985,1221,1212,9.5733982479,,,,CollegeFootballData.com API,2026-08-31T17:36:52.108062+00:00,/games,1.3
401309865,2021,5,regular,2021-10-03T01:00:00.000Z,False,True,False,True,33733,3893,Reser Stadium,204,Oregon State,fbs,Pac-12,27,"[0, 14, 3, 10]",0.6975527450531033,1540,1543,264,Washington,fbs,Pac-12,24,"[7, 3, 0, 14]",0.3024472549468967,1714,1711,6.9144887772,,,,CollegeFootballData.com API,2026-08-31T17:36:52.108062+00:00,/games,1.3
401309866,2021,5,regular,2021-10-03T02:30:00.000Z,False,True,False,True,40522,1056,Rose Bowl,26,UCLA,fbs,Pac-12,23,"[3, 20, 0, 0]",0.07308499843357069,1635,1594,9,Arizona State,fbs,Pac-12,42,"[3, 21, 8, 10]",0.9269150015664294,1688,1729,4.7297631605,,,,CollegeFootballData.com API,2026-08-31T17:36:52.108062+00:00,/games,1.3
401310713,2021,5,regular,2021-10-03T02:30:00.000Z,False,True,False,False,15803,3935,CEFCU Stadium,23,San José State,fbs,Mountain West,37,"[7, 17, 6, 7]",0.9972059265126236,1418,1412,166,New Mexico State,fbs,FBS Independents,31,"[0, 14, 7, 10]",0.0027940734873763695,1140,1146,3.0398042869,,,,CollegeFootballData.com API,2026-08-31T17:36:52.108062+00:00,/games,1.3
401310712,2021,5,regular,2021-10-03T03:00:00.000Z,False,True,False,True,0,3610,Aloha Stadium,62,Hawai'i,fbs,Mountain West,27,"[10, 0, 0, 17]",0.8194453729462006,1377,1381,278,Fresno State,fbs,Mountain West,24,"[7, 7, 10, 0]",0.18055462705379943,1562,1558,7.5461072911,,,,CollegeFootballData.com API,2026-08-31T17:36:52.108062+00:00,/games,1.3
401309616,2021,6,regular,2021-10-07T23:30:00.000Z,False,True,False,True,12086,3625,Centennial Bank Stadium,2032,Arkansas State,fbs,Sun Belt,20,"[0, 0, 14, 6]",0.00040401096457012554,1209,1188,324,Coastal Carolina,fbs,Sun Belt,52,"[10, 14, 14, 14]",0.9995959890354299,1798,1819,1.242314131,,,,CollegeFootballData.com API,2026-08-31T17:36:52.108062+00:00,/games,1.3
401301017,2021,6,regular,2021-10-07T23:30:00.000Z,False,True,False,True,15026,4729,Yulman Stadium,2655,Tulane,fbs,American Athletic,22,"[0, 15, 7, 0]",0.030576657336118335,1413,1393,248,Houston,fbs,American Athletic,40,"[14, 3, 9, 14]",0.9694233426638816,1649,1669,5.5784886733,,,,CollegeFootballData.com API,2026-08-31T17:36:52.108062+00:00,/games,1.3
401282224,2021,6,regular,2021-10-08T23:00:00.000Z,False,True,False,True,0,218,FIU Stadium,2229,Florida International,fbs,Conference USA,33,"[3, 3, 7, 20]",0.6672464838756126,1209,1193,2429,Charlotte,fbs,Conference USA,45,"[7, 10, 14, 14]",0.3327535161243874,1321,1337,3.4271013897,,,,CollegeFootballData.com API,2026-08-31T17:36:52.108062+00:00,/games,1.3
401301018,2021,6,regular,2021-10-08T23:00:00.000Z,False,True,False,True,37978,3854,Nippert Stadium,2132,Cincinnati,fbs,American Athletic,52,"[10, 7, 28, 7]",0.998885487640678,1869,1926,218,Temple,fbs,American Athletic,3,"[0, 3, 0, 0]",0.0011145123593220285,1183,1126,1.3933597198,,,,CollegeFootballData.com API,2026-08-31T17:36:52.108062+00:00,/games,1.3
401309868,2021,6,regular,2021-10-09T02:30:00.000Z,False,True,False,True,46192,3947,Mountain America Stadium,9,Arizona State,fbs,Pac-12,28,"[14, 7, 7, 0]",0.9972869632190652,1729,1750,24,Stanford,fbs,Pac-12,10,"[7, 0, 3, 0]",0.002713036780934819,1525,1504,2.7216925355,,,,CollegeFootballData.com API,2026-08-31T17:36:52.108062+00:00,/games,1.3
401309566,2021,6,regular,2021-10-09T16:00:00.000Z,False,True,False,True,17797,3700,Doyt L. Perry Stadium,189,Bowling Green,fbs,Mid-American,20,"[10, 3, 0, 7]",0.014027478451851663,1080,1031,2006,Akron,fbs,Mid-American,35,"[0, 7, 21, 7]",0.9859725215481483,948,997,3.2061854391,,,,CollegeFootballData.com API,2026-08-31T17:36:52.108062+00:00,/games,1.3
401287918,2021,6,regular,2021-10-09T16:00:00.000Z,False,True,True,True,92100,499,Cotton Bowl,251,Texas,fbs,Big 12,48,"[28, 10, 3, 7]",0.27290235358227766,1893,1882,201,Oklahoma,fbs,Big 12,55,"[7, 13, 10, 25]",0.7270976464177223,1848,1859,6.0953596015,,,,CollegeFootballData.com API,2026-08-31T17:36:52.108062+00:00,/games,1.3
401282100,2021,6,regular,2021-10-09T16:00:00.000Z,False,True,False,True,60256,3974,Vaught-Hemingway Stadium,145,Ole Miss,fbs,SEC,52,"[0, 21, 10, 21]",0.5202214104666337,1729,1726,8,Arkansas,fbs,SEC,51,"[7, 7, 17, 20]",0.4797785895333663,1617,1620,9.334089117,,,,CollegeFootballData.com API,2026-08-31T17:36:52.108062+00:00,/games,1.3
401287917,2021,6,regular,2021-10-09T16:00:00.000Z,False,True,False,True,43569,4727,McLane Stadium,239,Baylor,fbs,Big 12,45,"[21, 7, 14, 3]",0.9987225996754864,1578,1637,277,West Virginia,fbs,Big 12,20,"[7, 3, 3, 7]",0.0012774003245136223,1539,1480,3.4155493392,,,,CollegeFootballData.com API,2026-08-31T17:36:52.108062+00:00,/games,1.3
401282788,2021,6,regular,2021-10-09T16:00:00.000Z,False,True,False,True,41117,6577,SHI Stadium,164,Rutgers,fbs,Big Ten,13,"[7, 6, 0, 0]",0.002773573149260911,1478,1445,127,Michigan State,fbs,Big Ten,31,"[7, 14, 7, 3]",0.997226426850739,1579,1612,3.8196324755,,,,CollegeFootballData.com API,2026-08-31T17:36:52.108062+00:00,/games,1.3
401282769,2021,6,regular,2021-10-09T16:00:00.000Z,False,True,False,True,99277,3861,Ohio Stadium,194,Ohio State,fbs,Big Ten,66,"[14, 21, 21, 10]",0.9989523264764565,1998,2064,120,Maryland,fbs,Big Ten,17,"[3, 7, 7, 0]",0.001047673523543513,1392,1326,1.7521417108,,,,CollegeFootballData.com API,2026-08-31T17:36:52.108062+00:00,/games,1.3
401282102,2021,6,regular,2021-10-09T16:00:00.000Z,False,True,False,True,89437,3853,Neyland Stadium,2633,Tennessee,fbs,SEC,45,"[28, 10, 0, 7]",0.9807145530256597,1598,1639,2579,South Carolina,fbs,SEC,20,"[0, 7, 7, 6]",0.019285446974340315,1402,1361,1.9873458282,,,,CollegeFootballData.com API,2026-08-31T17:36:52.108062+00:00,/games,1.3
401309564,2021,6,regular,2021-10-09T16:00:00.000Z,False,True,False,True,21284,3739,Glass Bowl,2649,Toledo,fbs,Mid-American,20,"[0, 14, 0, 6]",0.06624334240028952,1472,1455,2459,Northern Illinois,fbs,Mid-American,22,"[3, 13, 0, 6]",0.9337566575997105,1234,1251,9.1098998336,,,,CollegeFootballData.com API,2026-08-31T17:36:52.108062+00:00,/games,1.3
401282098,2021,6,regular,2021-10-09T16:00:00.000Z,False,True,False,True,86258,3634,Ben Hill Griffin Stadium,57,Florida,fbs,SEC,42,"[14, 7, 21, 0]",0.9989178795685235,1758,1801,238,Vanderbilt,fbs,SEC,0,"[0, 0, 0, 0]",0.0010821204314764854,1126,1083,1.1034981467,,,,CollegeFootballData.com API,2026-08-31T17:36:52.108062+00:00,/games,1.3
401282652,2021,6,regular,2021-10-09T16:30:00.000Z,False,True,False,True,11849,3982,Wallace Wade Stadium,150,Duke,fbs,ACC,27,"[7, 7, 3, 10]",0.5147661910248471,1299,1301,59,Georgia Tech,fbs,ACC,31,"[14, 3, 7, 7]",0.4852338089751529,1428,1426,7.4957351685,,,,CollegeFootballData.com API,2026-08-31T17:36:52.108062+00:00,/games,1.3
401282226,2021,6,regular,2021-10-09T18:00:00.000Z,False,True,False,True,24172,3775,Joan C. Edwards Stadium,276,Marshall,fbs,Conference USA,20,"[3, 3, 0, 7, 7]",0.4220313861079617,1591,1581,295,Old Dominion,fbs,Conference USA,13,"[7, 3, 0, 3, 0]",0.5779686138920384,1212,1222,11.1852168736,,,,CollegeFootballData.com API,2026-08-31T17:36:52.108062+00:00,/games,1.3
401282653,2021,6,regular,2021-10-09T19:00:00.000Z,False,True,False,True,40320,3873,L&N Federal Credit Union Stadium,97,Louisville,fbs,ACC,33,"[10, 0, 20, 3]",0.9764398342280716,1529,1527,258,Virginia,fbs,ACC,34,"[10, 3, 0, 21]",0.023560165771928432,1504,1506,7.2306225446,,,,CollegeFootballData.com API,2026-08-31T17:36:52.108062+00:00,/games,1.3
401282225,2021,6,regular,2021-10-09T19:30:00.000Z,False,True,False,True,25191,3803,Legion Field,5,UAB,fbs,Conference USA,31,"[14, 10, 7, 0]",0.9915883341220858,1453,1504,2226,Florida Atlantic,fbs,Conference USA,14,"[7, 7, 0, 0]",0.008411665877914198,1593,1542,5.1245385451,,,,CollegeFootballData.com API,2026-08-31T17:36:52.108062+00:00,/games,1.3
401282655,2021,6,regular,2021-10-09T19:30:00.000Z,False,True,False,True,38554,1964,JMA Wireless Dome,183,Syracuse,fbs,ACC,37,"[7, 14, 6, 7, 3]",0.8606956823541411,1422,1431,154,Wake Forest,fbs,ACC,40,"[3, 14, 9, 8, 6]",0.13930431764585893,1651,1642,9.522064687,,,,CollegeFootballData.com API,2026-08-31T17:36:52.108062+00:00,/games,1.3
401301021,2021,6,regular,2021-10-09T19:30:00.000Z,False,True,False,True,28563,3852,Navy-Marine Corps Memorial Stadium,2426,Navy,fbs,American Athletic,24,"[7, 14, 3, 0]",0.8756012962811153,1280,1289,2567,SMU,fbs,American Athletic,31,"[7, 14, 3, 7]",0.12439870371888473,1587,1578,5.796293743,,,,CollegeFootballData.com API,2026-08-31T17:36:52.108062+00:00,/games,1.3
401310715,2021,6,regular,2021-10-09T19:30:00.000Z,False,True,False,True,34780,5388,Canvas Stadium,36,Colorado State,fbs,Mountain West,32,"[10, 6, 10, 6]",0.9852688999943016,1439,1477,23,San José State,fbs,Mountain West,14,"[0, 7, 0, 7]",0.014731100005698439,1412,1374,4.1517101027,,,,CollegeFootballData.com API,2026-08-31T17:36:52.108062+00:00,/games,1.3
401286191,2021,6,regular,2021-10-09T19:30:00.000Z,False,True,False,False,12765,3985,Warren McGuirk Alumni Stadium,113,Massachusetts,fbs,FBS Independents,27,"[7, 0, 3, 17]",0.9528749496089132,891,932,41,UConn,fbs,FBS Independents,13,"[10, 0, 0, 3]",0.04712505039108683,1034,993,6.6273794845,,,,CollegeFootballData.com API,2026-08-31T17:36:52.108062+00:00,/games,1.3
401309567,2021,6,regular,2021-10-09T19:30:00.000Z,False,True,False,True,20928,3876,Peden Stadium,195,Ohio,fbs,Mid-American,27,"[3, 7, 9, 8]",0.41915921864481875,1349,1345,2117,Central Michigan,fbs,Mid-American,30,"[7, 6, 7, 10]",0.5808407813551812,1358,1362,5.5264321557,,,,CollegeFootballData.com API,2026-08-31T17:36:52.108062+00:00,/games,1.3
401282654,2021,6,regular,2021-10-09T19:30:00.000Z,False,True,False,True,44805,3787,Kenan Stadium,153,North Carolina,fbs,ACC,25,"[10, 0, 7, 8]",0.01655138596242857,1727,1669,52,Florida State,fbs,ACC,35,"[0, 21, 14, 0]",0.9834486140375714,1346,1404,3.7208123967,,,,CollegeFootballData.com API,2026-08-31T17:36:52.108062+00:00,/games,1.3
401282718,2021,6,regular,2021-10-09T19:30:00.000Z,False,True,False,True,40168,3832,"Memorial Stadium (Champaign, IL)",356,Illinois,fbs,Big Ten,0,"[0, 0, 0, 0]",0.000299236852721188,1360,1330,275,Wisconsin,fbs,Big Ten,24,"[3, 7, 14, 0]",0.9997007631472788,1656,1686,2.420652833,,,,CollegeFootballData.com API,2026-08-31T17:36:52.108062+00:00,/games,1.3
401282229,2021,6,regular,2021-10-09T19:30:00.000Z,False,True,False,False,19935,3992,Williams Stadium (VA),2335,Liberty,fbs,FBS Independents,41,"[14, 10, 10, 7]",0.9981017515275286,1654,1688,2393,Middle Tennessee,fbs,Conference USA,13,"[0, 7, 6, 0]",0.0018982484724714421,1302,1268,3.0742987469,,,,CollegeFootballData.com API,2026-08-31T17:36:52.108062+00:00,/games,1.3
401309913,2021,6,regular,2021-10-09T19:30:00.000Z,False,True,False,False,63470,3801,LaVell Edwards Stadium,252,BYU,fbs,FBS Independents,17,"[10, 0, 0, 7]",0.2674465340315301,1788,1759,68,Boise State,fbs,Mountain West,26,"[3, 17, 3, 3]",0.7325534659684698,1660,1689,5.4331593583,,,,CollegeFootballData.com API,2026-08-31T17:36:52.108062+00:00,/games,1.3
401308836,2021,6,regular,2021-10-09T19:30:00.000Z,False,True,False,True,15664,3912,Rynearson Stadium,2199,Eastern Michigan,fbs,Mid-American,13,"[0, 10, 3, 0]",0.369284521458219,1453,1452,193,Miami (OH),fbs,Mid-American,12,"[6, 0, 3, 3]",0.630715478541781,1391,1392,7.2548530405,,,,CollegeFootballData.com API,2026-08-31T17:36:52.108062+00:00,/games,1.3
401309563,2021,6,regular,2021-10-09T19:30:00.000Z,False,True,False,True,11403,3980,Waldo Stadium,2711,Western Michigan,fbs,Mid-American,20,"[14, 3, 3, 0]",0.2940511027710468,1511,1434,2050,Ball State,fbs,Mid-American,45,"[7, 10, 7, 21]",0.7059488972289532,1432,1509,4.2980111939,,,,CollegeFootballData.com API,2026-08-31T17:36:52.108062+00:00,/games,1.3
401282097,2021,6,regular,2021-10-09T19:30:00.000Z,False,True,False,True,87451,3785,Jordan-Hare Stadium,2,Auburn,fbs,SEC,10,"[3, 0, 7, 0]",0.000613922384620801,1724,1702,61,Georgia,fbs,SEC,34,"[3, 14, 7, 10]",0.9993860776153792,2093,2115,2.2811119847,,,,CollegeFootballData.com API,2026-08-31T17:36:52.108062+00:00,/games,1.3
401282758,2021,6,regular,2021-10-09T20:00:00.000Z,False,True,False,True,69250,3793,Kinnick Stadium,2294,Iowa,fbs,Big Ten,23,"[3, 7, 3, 10]",0.5876162476393878,1924,1923,213,Penn State,fbs,Big Ten,20,"[14, 3, 3, 0]",0.4123837523606122,1804,1805,7.7291962656,,,,CollegeFootballData.com API,2026-08-31T17:36:52.108062+00:00,/games,1.3
401282101,2021,6,regular,2021-10-09T20:00:00.000Z,False,True,False,False,46985,3838,Memorial Stadium,142,Missouri,fbs,SEC,48,"[14, 17, 0, 17]",0.27316561505275616,1386,1395,249,North Texas,fbs,Conference USA,35,"[0, 7, 7, 21]",0.7268343849472438,1184,1175,2.041524156,,,,CollegeFootballData.com API,2026-08-31T17:36:52.108062+00:00,/games,1.3
401309869,2021,6,regular,2021-10-09T20:00:00.000Z,False,True,False,True,24157,3820,Gesa Field,265,Washington State,fbs,Pac-12,31,"[0, 3, 14, 14]",0.3407975316720104,1457,1472,204,Oregon State,fbs,Pac-12,24,"[0, 10, 7, 7]",0.6592024683279896,1543,1528,7.4713007504,,,,CollegeFootballData.com API,2026-08-31T17:36:52.108062+00:00,/games,1.3
401301019,2021,6,regular,2021-10-09T22:00:00.000Z,False,True,False,True,41649,3652,FBC Mortgage Stadium,2116,UCF,fbs,American Athletic,20,"[0, 3, 7, 10]",0.30675425906450077,1618,1617,151,East Carolina,fbs,American Athletic,16,"[0, 3, 10, 3]",0.6932457409354993,1479,1480,10.0323081917,,,,CollegeFootballData.com API,2026-08-31T17:36:52.108062+00:00,/games,1.3
401282227,2021,6,regular,2021-10-09T23:00:00.000Z,False,True,False,True,26049,3815,M. M. Roberts Stadium,2572,Southern Miss,fbs,Conference USA,13,"[7, 0, 0, 6]",0.0077826282049754695,1229,1201,2638,UTEP,fbs,Conference USA,26,"[7, 7, 7, 5]",0.9922173717950246,1243,1271,4.0369271996,,,,CollegeFootballData.com API,2026-08-31T17:36:52.108062+00:00,/games,1.3
401309565,2021,6,regular,2021-10-09T23:00:00.000Z,False,True,False,True,12105,3696,Dix Stadium,2309,Kent State,fbs,Mid-American,48,"[14, 17, 3, 14]",0.9967289259291753,1333,1365,2084,Buffalo,fbs,Mid-American,38,"[0, 10, 28, 0]",0.00327107407082472,1531,1499,6.3070674271,,,,CollegeFootballData.com API,2026-08-31T17:36:52.108062+00:00,/games,1.3
401282228,2021,6,regular,2021-10-09T23:00:00.000Z,False,True,False,True,15243,3796,Houchens Industries-L.T. Smith Stadium,98,Western Kentucky,fbs,Conference USA,46,"[10, 14, 13, 9]",0.24098041777499932,1384,1380,2636,UTSA,fbs,Conference USA,52,"[14, 14, 14, 10]",0.7590195822250007,1474,1478,7.1636987181,,,,CollegeFootballData.com API,2026-08-31T17:36:52.108062+00:00,/games,1.3
401309619,2021,6,regular,2021-10-09T23:00:00.000Z,False,True,False,True,16223,3644,Bobcat Stadium (TX),326,Texas State,fbs,Sun Belt,33,"[7, 0, 3, 14, 7, 0, 0, 2]",0.12124069551071395,1194,1196,6,South Alabama,fbs,Sun Belt,31,"[0, 17, 0, 7, 7, 0, 0, 0]",0.8787593044892861,1339,1337,6.510622158,,,,CollegeFootballData.com API,2026-08-31T17:36:52.108062+00:00,/games,1.3
401310714,2021,6,regular,2021-10-09T23:00:00.000Z,False,True,False,True,24832,3713,Falcon Stadium,2005,Air Force,fbs,Mountain West,24,"[7, 7, 7, 3]",0.9891950006349045,1690,1701,2751,Wyoming,fbs,Mountain West,14,"[0, 14, 0, 0]",0.010804999365095491,1607,1596,5.1389984788,,,,CollegeFootballData.com API,2026-08-31T17:36:52.108062+00:00,/games,1.3
401309617,2021,6,regular,2021-10-09T23:00:00.000Z,False,True,False,True,25424,3975,Veterans Memorial Stadium (AL),2653,Troy,fbs,Sun Belt,27,"[10, 7, 7, 3]",0.9144225865198332,1386,1388,290,Georgia Southern,fbs,Sun Belt,24,"[0, 3, 15, 6]",0.08557741348016679,1442,1440,6.8043654742,,,,CollegeFootballData.com API,2026-08-31T17:36:52.108062+00:00,/games,1.3
401287919,2021,6,regular,2021-10-09T23:00:00.000Z,False,True,False,True,55821,3784,Jones AT&T Stadium,2641,Texas Tech,fbs,Big 12,31,"[7, 3, 14, 7]",0.0033942848019587577,1510,1470,2628,TCU,fbs,Big 12,52,"[14, 21, 10, 7]",0.9966057151980412,1630,1670,2.1307996775,,,,CollegeFootballData.com API,2026-08-31T17:36:52.108062+00:00,/games,1.3
401282099,2021,6,regular,2021-10-09T23:30:00.000Z,False,True,False,True,61690,3683,Kroger Field,96,Kentucky,fbs,SEC,42,"[7, 7, 14, 14]",0.3756642938710676,1614,1671,99,LSU,fbs,SEC,21,"[0, 0, 7, 14]",0.6243357061289324,1682,1625,3.1627484081,,,,CollegeFootballData.com API,2026-08-31T17:36:52.108062+00:00,/games,1.3
401282778,2021,6,regular,2021-10-09T23:30:00.000Z,False,True,False,True,87380,3834,"Memorial Stadium (Lincoln, NE)",158,Nebraska,fbs,Big Ten,29,"[0, 0, 22, 7]",0.6191691078606149,1729,1732,130,Michigan,fbs,Big Ten,32,"[0, 13, 6, 13]",0.38083089213938515,1858,1855,7.0428017524,,,,CollegeFootballData.com API,2026-08-31T17:36:52.108062+00:00,/games,1.3
401282656,2021,6,regular,2021-10-09T23:30:00.000Z,False,True,False,True,65632,3799,Lane Stadium,259,Virginia Tech,fbs,ACC,29,"[7, 6, 9, 7]",0.2271490718862215,1571,1581,87,Notre Dame,fbs,FBS Independents,32,"[0, 14, 7, 11]",0.7728509281137785,1818,1808,8.6103996338,,,,CollegeFootballData.com API,2026-08-31T17:36:52.108062+00:00,/games,1.3
401309618,2021,6,regular,2021-10-10T00:00:00.000Z,False,True,False,True,9913,3817,Malone Stadium,2433,UL Monroe,fbs,Sun Belt,21,"[7, 0, 7, 7]",0.008310159951610368,1042,973,2247,Georgia State,fbs,Sun Belt,55,"[7, 21, 14, 13]",0.9916898400483897,1263,1332,2.3629657865,,,,CollegeFootballData.com API,2026-08-31T17:36:52.108062+00:00,/games,1.3
401282103,2021,6,regular,2021-10-10T00:00:00.000Z,False,True,False,True,106815,3795,Kyle Field,245,Texas A&M,fbs,SEC,41,"[17, 7, 7, 10]",0.9016155918734152,1755,1762,333,Alabama,fbs,SEC,38,"[7, 3, 14, 14]",0.09838440812658478,2155,2148,9.4116739478,,,,CollegeFootballData.com API,2026-08-31T17:36:52.108062+00:00,/games,1.3
401309871,2021,6,regular,2021-10-10T00:00:00.000Z,False,True,False,True,54088,477,Los Angeles Memorial Coliseum,30,USC,fbs,Pac-12,26,"[3, 7, 0, 16]",0.0022071004114349547,1651,1612,254,Utah,fbs,Pac-12,42,"[7, 14, 14, 7]",0.9977928995885651,1639,1678,3.2112074453,,,,CollegeFootballData.com API,2026-08-31T17:36:52.108062+00:00,/games,1.3
401301020,2021,6,regular,2021-10-10T01:00:00.000Z,False,True,False,True,17593,3674,Chapman Stadium,202,Tulsa,fbs,American Athletic,35,"[7, 7, 7, 14]",0.7748555249593779,1410,1424,235,Memphis,fbs,American Athletic,29,"[0, 13, 0, 16]",0.22514447504062207,1536,1522,7.6601214186,,,,CollegeFootballData.com API,2026-08-31T17:36:52.108062+00:00,/games,1.3
401310716,2021,6,regular,2021-10-10T01:00:00.000Z,False,True,False,True,8387,3932,Qualcomm Stadium,21,San Diego State,fbs,Mountain West,31,"[7, 10, 7, 7]",0.9983015124618968,1615,1635,167,New Mexico,fbs,Mountain West,7,"[0, 0, 7, 0]",0.0016984875381031994,1233,1213,2.0854509496,,,,CollegeFootballData.com API,2026-08-31T17:36:52.108062+00:00,/games,1.3
401309870,2021,6,regular,2021-10-10T02:30:00.000Z,False,True,False,True,43258,3619,Arizona Stadium,12,Arizona,fbs,Pac-12,16,"[3, 10, 3, 0]",0.05510587039775942,1264,1253,26,UCLA,fbs,Pac-12,34,"[7, 7, 10, 10]",0.9448941296022406,1594,1605,4.1581773702,,,,CollegeFootballData.com API,2026-08-31T17:36:52.108062+00:00,/games,1.3
401310717,2021,6,regular,2021-10-10T02:30:00.000Z,False,True,False,False,21448,3816,Mackay Stadium,2440,Nevada,fbs,Mountain West,55,"[3, 28, 21, 3]",0.9984452438732763,1490,1522,166,New Mexico State,fbs,FBS Independents,28,"[7, 0, 0, 21]",0.001554756126723733,1146,1114,2.058167011,,,,CollegeFootballData.com API,2026-08-31T17:36:52.108062+00:00,/games,1.3
401309620,2021,7,regular,2021-10-12T23:30:00.000Z,False,True,False,True,20066,3666,Cajun Field,309,Louisiana,fbs,Sun Belt,41,"[20, 0, 7, 14]",0.997473074233091,1669,1746,2026,App State,fbs,Sun Belt,13,"[3, 3, 7, 0]",0.0025269257669090495,1700,1623,3.6971683812,,,,CollegeFootballData.com API,2026-08-31T17:36:52.108062+00:00,/games,1.3
401309621,2021,7,regular,2021-10-14T23:30:00.000Z,False,True,False,True,16089,6526,Hancock Whitney Stadium,6,South Alabama,fbs,Sun Belt,41,"[10, 21, 7, 3]",0.9986178357296778,1337,1420,290,Georgia Southern,fbs,Sun Belt,14,"[0, 8, 3, 3]",0.001382164270322228,1440,1357,2.8366580045,,,,CollegeFootballData.com API,2026-08-31T17:36:52.108062+00:00,/games,1.3
401301022,2021,7,regular,2021-10-14T23:30:00.000Z,False,True,False,True,30042,3805,Simmons Bank Liberty Stadium,235,Memphis,fbs,American Athletic,35,"[14, 14, 7, 0]",0.9987206978213142,1522,1540,2426,Navy,fbs,American Athletic,17,"[7, 3, 7, 0]",0.0012793021786857706,1289,1271,2.7306502518,,,,CollegeFootballData.com API,2026-08-31T17:36:52.108062+00:00,/games,1.3
401282231,2021,7,regular,2021-10-15T23:00:00.000Z,False,True,False,True,13123,3825,DATCU Stadium,249,North Texas,fbs,Conference USA,21,"[0, 7, 0, 14]",0.0025297597831865633,1175,1146,276,Marshall,fbs,Conference USA,49,"[14, 28, 0, 7]",0.9974702402168134,1581,1610,1.4166189486,,,,CollegeFootballData.com API,2026-08-31T17:36:52.108062+00:00,/games,1.3
401282657,2021,7,regular,2021-10-15T23:00:00.000Z,False,True,False,True,36670,1964,JMA Wireless Dome,183,Syracuse,fbs,ACC,14,"[0, 7, 0, 7]",0.2256216645052141,1431,1451,228,Clemson,fbs,ACC,17,"[0, 14, 0, 3]",0.774378335494786,1871,1851,6.2955512182,,,,CollegeFootballData.com API,2026-08-31T17:36:52.108062+00:00,/games,1.3
401309872,2021,7,regular,2021-10-16T02:30:00.000Z,False,True,False,True,50008,3626,Autzen Stadium,2483,Oregon,fbs,Pac-12,24,"[3, 7, 0, 14]",0.9894934687473904,1714,1708,25,California,fbs,Pac-12,17,"[7, 0, 3, 7]",0.010506531252609586,1422,1428,7.7028562278,,,,CollegeFootballData.com API,2026-08-31T17:36:52.108062+00:00,/games,1.3
401310723,2021,7,regular,2021-10-16T02:30:00.000Z,False,True,False,True,17177,3935,CEFCU Stadium,23,San José State,fbs,Mountain West,13,"[0, 3, 0, 3, 7, 0]",0.8741875417214481,1374,1382,21,San Diego State,fbs,Mountain West,19,"[0, 6, 0, 0, 7, 6]",0.12581245827855192,1635,1627,9.1400228741,,,,CollegeFootballData.com API,2026-08-31T17:36:52.108062+00:00,/games,1.3
401282104,2021,7,regular,2021-10-16T16:00:00.000Z,False,True,False,True,73370,3887,Razorback Stadium,8,Arkansas,fbs,SEC,23,"[3, 7, 13, 0]",0.18553406215960874,1620,1593,2,Auburn,fbs,SEC,38,"[7, 7, 14, 10]",0.8144659378403912,1702,1729,5.7992253658,,,,CollegeFootballData.com API,2026-08-31T17:36:52.108062+00:00,/games,1.3
401282796,2021,7,regular,2021-10-16T16:00:00.000Z,False,True,False,True,45436,3953,Huntington Bank Stadium,135,Minnesota,fbs,Big Ten,30,"[7, 14, 0, 9]",0.9468666287247013,1603,1620,158,Nebraska,fbs,Big Ten,23,"[3, 6, 7, 7]",0.05313337127529871,1732,1715,6.6463118152,,,,CollegeFootballData.com API,2026-08-31T17:36:52.108062+00:00,/games,1.3
401301023,2021,7,regular,2021-10-16T16:00:00.000Z,False,True,False,True,37978,3854,Nippert Stadium,2132,Cincinnati,fbs,American Athletic,56,"[14, 21, 7, 14]",0.9988487066288972,1926,1985,2116,UCF,fbs,American Athletic,21,"[0, 7, 7, 7]",0.0011512933711027573,1617,1558,1.4004829573,,,,CollegeFootballData.com API,2026-08-31T17:36:52.108062+00:00,/games,1.3
401282106,2021,7,regular,2021-10-16T16:00:00.000Z,False,True,False,True,96012,3958,Tiger Stadium (LA),99,LSU,fbs,SEC,49,"[0, 21, 14, 14]",0.9292461175829552,1625,1645,57,Florida,fbs,SEC,42,"[6, 7, 22, 7]",0.07075388241704483,1801,1781,8.7258743796,,,,CollegeFootballData.com API,2026-08-31T17:36:52.108062+00:00,/games,1.3
401286192,2021,7,regular,2021-10-16T16:00:00.000Z,False,True,False,False,18596,3892,Pratt & Whitney Stadium,41,UConn,fbs,FBS Independents,21,"[0, 14, 7, 0]",0.9510533469699503,839,,43,Yale,fcs,Ivy,15,"[0, 0, 9, 6]",0.04894665303004975,1789,,6.1518311727,,,,CollegeFootballData.com API,2026-08-31T17:36:52.108062+00:00,/games,1.3
401301024,2021,7,regular,2021-10-16T16:00:00.000Z,False,True,False,True,21767,3886,Raymond James Stadium,58,South Florida,fbs,American Athletic,31,"[3, 21, 7, 0]",0.07997658785686938,1155,1166,202,Tulsa,fbs,American Athletic,32,"[3, 17, 0, 12]",0.9200234121431307,1424,1413,8.0074469452,,,,CollegeFootballData.com API,2026-08-31T17:36:52.108062+00:00,/games,1.3
401282731,2021,7,regular,2021-10-16T16:00:00.000Z,False,True,False,True,50571,3830,"Memorial Stadium (Bloomington, IN)",84,Indiana,fbs,Big Ten,15,"[3, 6, 0, 6]",0.15408285545785594,1539,1536,127,Michigan State,fbs,Big Ten,20,"[7, 0, 10, 3]",0.8459171445421441,1612,1615,7.5792353673,,,,CollegeFootballData.com API,2026-08-31T17:36:52.108062+00:00,/games,1.3
401282108,2021,7,regular,2021-10-16T16:00:00.000Z,False,True,False,True,48139,3838,Memorial Stadium,142,Missouri,fbs,SEC,14,"[0, 7, 7, 0]",0.005334182031169008,1395,1380,245,Texas A&M,fbs,SEC,35,"[21, 7, 7, 0]",0.994665817968831,1762,1777,1.5958424141,,,,CollegeFootballData.com API,2026-08-31T17:36:52.108062+00:00,/games,1.3
401287924,2021,7,regular,2021-10-16T16:00:00.000Z,False,True,False,True,99916,3910,DKR-Texas Memorial Stadium,251,Texas,fbs,Big 12,24,"[10, 7, 7, 0]",0.0961250311554613,1882,1849,197,Oklahoma State,fbs,Big 12,32,"[3, 10, 3, 16]",0.9038749688445387,1685,1718,7.0624581421,,,,CollegeFootballData.com API,2026-08-31T17:36:52.108062+00:00,/games,1.3
401309571,2021,7,regular,2021-10-16T16:00:00.000Z,False,True,False,True,12909,3965,UB Stadium,2084,Buffalo,fbs,Mid-American,27,"[0, 10, 0, 17]",0.3698500115983186,1499,1495,195,Ohio,fbs,Mid-American,26,"[21, 0, 5, 0]",0.6301499884016815,1345,1349,6.2381138434,,,,CollegeFootballData.com API,2026-08-31T17:36:52.108062+00:00,/games,1.3
401282807,2021,7,regular,2021-10-16T16:00:00.000Z,False,True,False,True,30218,3911,Ryan Field,77,Northwestern,fbs,Big Ten,21,"[7, 7, 0, 7]",0.9405532770773629,1450,1478,164,Rutgers,fbs,Big Ten,7,"[0, 7, 0, 0]",0.059446722922637085,1445,1417,7.4213927062,,,,CollegeFootballData.com API,2026-08-31T17:36:52.108062+00:00,/games,1.3
401282660,2021,7,regular,2021-10-16T16:30:00.000Z,False,True,False,True,38489,3923,Scott Stadium,258,Virginia,fbs,ACC,48,"[10, 24, 7, 7]",0.9911729913548747,1506,1622,150,Duke,fbs,ACC,0,"[0, 0, 0, 0]",0.008827008645125312,1301,1185,2.3852995333,,,,CollegeFootballData.com API,2026-08-31T17:36:52.108062+00:00,/games,1.3
401309568,2021,7,regular,2021-10-16T18:00:00.000Z,False,True,False,True,15258,3912,Rynearson Stadium,2199,Eastern Michigan,fbs,Mid-American,31,"[0, 14, 3, 14]",0.21570469616003665,1452,1443,2050,Ball State,fbs,Mid-American,38,"[14, 3, 7, 14]",0.7842953038399634,1509,1518,5.0732067465,,,,CollegeFootballData.com API,2026-08-31T17:36:52.108062+00:00,/games,1.3
401308837,2021,7,regular,2021-10-16T18:30:00.000Z,False,True,False,True,11042,3996,Yager Stadium,193,Miami (OH),fbs,Mid-American,34,"[14, 7, 13, 0]",0.9974843827747114,1392,1387,2006,Akron,fbs,Mid-American,21,"[0, 7, 0, 14]",0.002515617225288591,997,1002,1.8152862871,,,,CollegeFootballData.com API,2026-08-31T17:36:52.108062+00:00,/games,1.3
401309622,2021,7,regular,2021-10-16T19:00:00.000Z,False,True,False,True,15083,3644,Bobcat Stadium (TX),326,Texas State,fbs,Sun Belt,28,"[7, 7, 14, 0]",0.188117074545859,1196,1203,2653,Troy,fbs,Sun Belt,31,"[10, 7, 7, 7]",0.811882925454141,1388,1381,6.7975575549,,,,CollegeFootballData.com API,2026-08-31T17:36:52.108062+00:00,/games,1.3
401310721,2021,7,regular,2021-10-16T19:30:00.000Z,False,True,False,True,20002,3984,War Memorial Stadium,2751,Wyoming,fbs,Mountain West,0,"[0, 0, 0, 0]",0.08523565367235093,1596,1551,278,Fresno State,fbs,Mountain West,17,"[7, 0, 7, 3]",0.914764346327649,1558,1603,4.3549098989,,,,CollegeFootballData.com API,2026-08-31T17:36:52.108062+00:00,/games,1.3
401309875,2021,7,regular,2021-10-16T19:30:00.000Z,False,True,False,True,49806,3726,Folsom Field,38,Colorado,fbs,Pac-12,34,"[3, 3, 21, 7]",0.998774716805628,1334,1418,12,Arizona,fbs,Pac-12,0,"[0, 0, 0, 0]",0.0012252831943719844,1253,1169,4.2891313958,,,,CollegeFootballData.com API,2026-08-31T17:36:52.108062+00:00,/games,1.3
401282105,2021,7,regular,2021-10-16T19:30:00.000Z,False,True,False,True,92746,3917,Sanford Stadium,61,Georgia,fbs,SEC,30,"[0, 14, 10, 6]",0.9986784656131316,2115,2114,96,Kentucky,fbs,SEC,13,"[0, 7, 0, 6]",0.0013215343868684393,1671,1672,2.0607480725,,,,CollegeFootballData.com API,2026-08-31T17:36:52.108062+00:00,/games,1.3
401282659,2021,7,regular,2021-10-16T19:30:00.000Z,False,True,False,True,50500,3787,Kenan Stadium,153,North Carolina,fbs,ACC,45,"[14, 17, 7, 7]",0.3539206218747657,1669,1668,2390,Miami,fbs,ACC,42,"[10, 7, 17, 8]",0.6460793781252343,1518,1519,6.639349896,,,,CollegeFootballData.com API,2026-08-31T17:36:52.108062+00:00,/games,1.3
401287920,2021,7,regular,2021-10-16T19:30:00.000Z,False,True,False,False,48016,4727,McLane Stadium,239,Baylor,fbs,Big 12,38,"[3, 14, 14, 7]",0.9476124015269484,1637,1676,252,BYU,fbs,FBS Independents,24,"[0, 7, 7, 10]",0.05238759847305163,1759,1720,4.4643908307,,,,CollegeFootballData.com API,2026-08-31T17:36:52.108062+00:00,/games,1.3
401282661,2021,7,regular,2021-10-16T19:30:00.000Z,False,True,False,True,58314,3799,Lane Stadium,259,Virginia Tech,fbs,ACC,7,"[0, 0, 7, 0]",0.0044378137334978056,1581,1538,221,Pittsburgh,fbs,ACC,28,"[7, 14, 7, 0]",0.9955621862665022,1675,1718,2.6589940622,,,,CollegeFootballData.com API,2026-08-31T17:36:52.108062+00:00,/games,1.3
401282232,2021,7,regular,2021-10-16T19:30:00.000Z,False,True,False,True,16418,3918,S.B. Ballard Stadium,295,Old Dominion,fbs,Conference USA,20,"[0, 3, 3, 14]",0.6925373231277137,1222,1180,98,Western Kentucky,fbs,Conference USA,43,"[14, 16, 3, 10]",0.30746267687228634,1380,1422,1.924766935,,,,CollegeFootballData.com API,2026-08-31T17:36:52.108062+00:00,/games,1.3
401309569,2021,7,regular,2021-10-16T19:30:00.000Z,False,True,False,True,20112,3786,Kelly/Shorts Stadium,2117,Central Michigan,fbs,Mid-American,26,"[7, 10, 3, 3, 3]",0.6514744216278493,1362,1364,2649,Toledo,fbs,Mid-American,23,"[0, 3, 7, 13, 0]",0.3485255783721507,1455,1453,6.8338062758,,,,CollegeFootballData.com API,2026-08-31T17:36:52.108062+00:00,/games,1.3
401282760,2021,7,regular,2021-10-16T19:30:00.000Z,False,True,False,True,69250,3793,Kinnick Stadium,2294,Iowa,fbs,Big Ten,7,"[0, 7, 0, 0]",0.004002859927676153,1923,1839,2509,Purdue,fbs,Big Ten,24,"[7, 7, 3, 7]",0.9959971400723239,1555,1639,4.2920154204,,,,CollegeFootballData.com API,2026-08-31T17:36:52.108062+00:00,/games,1.3
401309570,2021,7,regular,2021-10-16T19:30:00.000Z,False,True,False,True,7854,3764,Huskie Stadium,2459,Northern Illinois,fbs,Mid-American,34,"[0, 21, 10, 3]",0.9500991263212916,1251,1250,189,Bowling Green,fbs,Mid-American,26,"[7, 6, 3, 10]",0.049900873678708435,1031,1032,3.8684281706,,,,CollegeFootballData.com API,2026-08-31T17:36:52.108062+00:00,/games,1.3
401282234,2021,7,regular,2021-10-16T19:30:00.000Z,False,True,False,True,21514,3815,M. M. Roberts Stadium,2572,Southern Miss,fbs,Conference USA,0,"[0, 0, 0, 0]",0.0005657989525417545,1201,1142,5,UAB,fbs,Conference USA,34,"[3, 28, 3, 0]",0.9994342010474583,1504,1563,1.1242229032,,,,CollegeFootballData.com API,2026-08-31T17:36:52.108062+00:00,/games,1.3
401309572,2021,7,regular,2021-10-16T19:30:00.000Z,False,True,False,True,18716,3980,Waldo Stadium,2711,Western Michigan,fbs,Mid-American,64,"[17, 6, 27, 14]",0.998903950777084,1434,1516,2309,Kent State,fbs,Mid-American,31,"[7, 10, 6, 8]",0.0010960492229159513,1365,1283,3.6575506056,,,,CollegeFootballData.com API,2026-08-31T17:36:52.108062+00:00,/games,1.3
401287921,2021,7,regular,2021-10-16T20:00:00.000Z,False,True,False,True,25106,3833,Memorial Stadium,2305,Kansas,fbs,Big 12,14,"[0, 0, 0, 14]",0.0024131462084026564,1005,984,2641,Texas Tech,fbs,Big 12,41,"[7, 17, 14, 3]",0.9975868537915974,1470,1491,0.8895833064,,,,CollegeFootballData.com API,2026-08-31T17:36:52.108062+00:00,/games,1.3
401282109,2021,7,regular,2021-10-16T20:00:00.000Z,False,True,False,True,64695,3994,Williams-Brice Stadium,2579,South Carolina,fbs,SEC,21,"[14, 0, 0, 7]",0.9566834774001841,1361,1353,238,Vanderbilt,fbs,SEC,20,"[3, 7, 7, 3]",0.04331652259981589,1083,1091,6.1895715511,,,,CollegeFootballData.com API,2026-08-31T17:36:52.108062+00:00,/games,1.3
401282233,2021,7,regular,2021-10-16T22:00:00.000Z,False,True,False,True,27515,3604,Alamodome,2636,UTSA,fbs,Conference USA,45,"[17, 14, 14, 0]",0.9989337682111462,1478,1571,242,Rice,fbs,Conference USA,0,"[0, 0, 0, 0]",0.0010662317888537887,1182,1089,1.3436677,,,,CollegeFootballData.com API,2026-08-31T17:36:52.108062+00:00,/games,1.3
401310719,2021,7,regular,2021-10-16T23:00:00.000Z,False,True,False,True,15403,3971,University Stadium (NM),167,New Mexico,fbs,Mountain West,7,"[0, 7, 0, 0]",0.00034208072310770146,1213,1165,36,Colorado State,fbs,Mountain West,36,"[7, 6, 10, 13]",0.9996579192768923,1477,1525,2.5145565682,,,,CollegeFootballData.com API,2026-08-31T17:36:52.108062+00:00,/games,1.3
401282107,2021,7,regular,2021-10-16T23:00:00.000Z,False,True,False,True,53796,3693,Davis Wade Stadium,344,Mississippi State,fbs,SEC,9,"[3, 3, 3, 0]",0.0003816120427455928,1568,1524,333,Alabama,fbs,SEC,49,"[14, 7, 14, 14]",0.9996183879572544,2148,2192,1.5153267073,,,,CollegeFootballData.com API,2026-08-31T17:36:52.108062+00:00,/games,1.3
401286296,2021,7,regular,2021-10-16T23:00:00.000Z,False,True,False,False,11546,3817,Malone Stadium,2433,UL Monroe,fbs,Sun Belt,31,"[0, 0, 28, 3]",0.4473098390087096,973,985,2335,Liberty,fbs,FBS Independents,28,"[0, 14, 0, 14]",0.5526901609912904,1688,1676,6.0156297832,,,,CollegeFootballData.com API,2026-08-31T17:36:52.108062+00:00,/games,1.3
401310720,2021,7,regular,2021-10-16T23:00:00.000Z,False,True,False,True,21322,6501,Allegiant Stadium,2439,UNLV,fbs,Mountain West,24,"[17, 0, 7, 0]",0.12458832048485903,1183,1187,328,Utah State,fbs,Mountain West,28,"[7, 7, 7, 7]",0.875411679515141,1345,1341,9.10098955,,,,CollegeFootballData.com API,2026-08-31T17:36:52.108062+00:00,/games,1.3
401287922,2021,7,regular,2021-10-16T23:30:00.000Z,False,True,False,True,48363,3636,Bill Snyder Family Stadium,2306,Kansas State,fbs,Big 12,20,"[7, 0, 0, 13]",0.29945583348641686,1548,1549,66,Iowa State,fbs,Big 12,33,"[10, 10, 7, 6]",0.7005441665135832,1890,1889,2.4668380829,,,,CollegeFootballData.com API,2026-08-31T17:36:52.108062+00:00,/games,1.3
401287923,2021,7,regular,2021-10-16T23:30:00.000Z,False,True,False,True,84391,3835,"Memorial Stadium (Norman, OK)",201,Oklahoma,fbs,Big 12,52,"[14, 10, 21, 7]",0.8417097191779118,1859,1889,2628,TCU,fbs,Big 12,31,"[7, 7, 10, 7]",0.15829028082208818,1670,1640,3.6475643075,,,,CollegeFootballData.com API,2026-08-31T17:36:52.108062+00:00,/games,1.3
401282658,2021,7,regular,2021-10-16T23:30:00.000Z,False,True,False,True,40349,3615,"Alumni Stadium (Chestnut Hill, MA)",103,Boston College,fbs,ACC,7,"[7, 0, 0, 0]",0.001644517893214328,1546,1477,152,NC State,fbs,ACC,33,"[7, 3, 21, 2]",0.9983554821067857,1558,1627,3.3967373169,,,,CollegeFootballData.com API,2026-08-31T17:36:52.108062+00:00,/games,1.3
401309873,2021,7,regular,2021-10-16T23:30:00.000Z,False,True,False,True,26171,3820,Gesa Field,265,Washington State,fbs,Pac-12,34,"[0, 20, 7, 7]",0.5822673179067756,1472,1473,24,Stanford,fbs,Pac-12,31,"[13, 3, 0, 15]",0.41773268209322445,1504,1503,8.9727995391,,,,CollegeFootballData.com API,2026-08-31T17:36:52.108062+00:00,/games,1.3
401282110,2021,7,regular,2021-10-16T23:30:00.000Z,False,True,False,True,102455,3853,Neyland Stadium,2633,Tennessee,fbs,SEC,26,"[9, 3, 7, 7]",0.323582120360855,1639,1636,145,Ole Miss,fbs,SEC,31,"[10, 14, 7, 0]",0.676417879639145,1726,1729,5.9950361844,,,,CollegeFootballData.com API,2026-08-31T17:36:52.108062+00:00,/games,1.3
401282826,2021,7,regular,2021-10-17T00:00:00.000Z,False,True,False,False,76314,347,Camp Randall Stadium,275,Wisconsin,fbs,Big Ten,20,"[0, 13, 0, 7]",0.6019602850022837,1686,1689,349,Army,fbs,FBS Independents,14,"[0, 0, 0, 14]",0.3980397149977163,1599,1596,3.0416957142,,,,CollegeFootballData.com API,2026-08-31T17:36:52.108062+00:00,/games,1.3
401309874,2021,7,regular,2021-10-17T00:30:00.000Z,False,True,False,True,62266,3765,Husky Stadium,264,Washington,fbs,Pac-12,17,"[3, 7, 7, 0]",0.12122641460256124,1711,1689,26,UCLA,fbs,Pac-12,24,"[7, 10, 0, 7]",0.8787735853974388,1605,1627,6.5911047598,,,,CollegeFootballData.com API,2026-08-31T17:36:52.108062+00:00,/games,1.3
401282230,2021,7,regular,2021-10-17T01:00:00.000Z,False,True,False,True,18468,3946,Sun Bowl,2638,UTEP,fbs,Conference USA,19,"[14, 2, 3, 0]",0.9960604883097404,1271,1313,2348,Louisiana Tech,fbs,Conference USA,3,"[0, 3, 0, 0]",0.003939511690259634,1353,1311,5.1448560205,,,,CollegeFootballData.com API,2026-08-31T17:36:52.108062+00:00,/games,1.3
401310718,2021,7,regular,2021-10-17T01:00:00.000Z,False,True,False,True,34446,3653,Albertsons Stadium,68,Boise State,fbs,Mountain West,17,"[7, 7, 0, 3]",0.08401914276674138,1689,1677,2005,Air Force,fbs,Mountain West,24,"[7, 14, 0, 3]",0.9159808572332586,1701,1713,5.1575668815,,,,CollegeFootballData.com API,2026-08-31T17:36:52.108062+00:00,/games,1.3
401309876,2021,7,regular,2021-10-17T02:00:00.000Z,False,True,False,True,51724,587,Rice-Eccles Stadium,254,Utah,fbs,Pac-12,35,"[7, 0, 14, 14]",0.8442317860645163,1678,1713,9,Arizona State,fbs,Pac-12,21,"[7, 14, 0, 0]",0.15576821393548368,1750,1715,7.4339197666,,,,CollegeFootballData.com API,2026-08-31T17:36:52.108062+00:00,/games,1.3
401310722,2021,7,regular,2021-10-17T02:30:00.000Z,False,True,False,True,22098,3816,Mackay Stadium,2440,Nevada,fbs,Mountain West,34,"[3, 17, 14, 0]",0.8082375147652784,1522,1546,62,Hawai'i,fbs,Mountain West,17,"[7, 10, 0, 0]",0.1917624852347216,1381,1357,5.2032937845,,,,CollegeFootballData.com API,2026-08-31T17:36:52.108062+00:00,/games,1.3
401309623,2021,8,regular,2021-10-20T23:30:00.000Z,False,True,False,True,31061,3792,Kidd Brewer Stadium,2026,App State,fbs,Sun Belt,30,"[0, 14, 13, 3]",0.9497975989055126,1623,1627,324,Coastal Carolina,fbs,Sun Belt,27,"[14, 6, 7, 0]",0.05020240109448737,1819,1815,8.9135728768,,,,CollegeFootballData.com API,2026-08-31T17:36:52.108062+00:00,/games,1.3
401301025,2021,8,regular,2021-10-21T23:30:00.000Z,False,True,False,True,22843,3735,Gerald J. Ford Stadium,2567,SMU,fbs,American Athletic,55,"[17, 14, 7, 17]",0.958881101167633,1578,1633,2655,Tulane,fbs,American Athletic,26,"[7, 0, 12, 7]",0.04111889883236697,1393,1338,2.1986259959,,,,CollegeFootballData.com API,2026-08-31T17:36:52.108062+00:00,/games,1.3
401282235,2021,8,regular,2021-10-21T23:30:00.000Z,False,True,False,True,13017,4418,Jerry Richardson Stadium,2429,Charlotte,fbs,Conference USA,9,"[3, 6, 0, 0]",0.0006545579876121961,1337,1282,2226,Florida Atlantic,fbs,Conference USA,38,"[0, 7, 21, 10]",0.9993454420123878,1542,1597,3.2193506679,,,,CollegeFootballData.com API,2026-08-31T17:36:52.108062+00:00,/games,1.3
401309624,2021,8,regular,2021-10-21T23:30:00.000Z,False,True,False,True,7138,3625,Centennial Bank Stadium,2032,Arkansas State,fbs,Sun Belt,27,"[0, 10, 17, 0]",0.12339269288965475,1188,1211,309,Louisiana,fbs,Sun Belt,28,"[0, 14, 14, 0]",0.8766073071103453,1746,1723,6.5742348512,,,,CollegeFootballData.com API,2026-08-31T17:36:52.108062+00:00,/games,1.3
401310729,2021,8,regular,2021-10-22T03:00:00.000Z,False,True,False,True,19318,6501,Allegiant Stadium,2439,UNLV,fbs,Mountain West,20,"[7, 10, 3, 0]",0.3899827214580763,1187,1188,23,San José State,fbs,Mountain West,27,"[3, 10, 0, 14]",0.6100172785419238,1382,1381,6.871612884,,,,CollegeFootballData.com API,2026-08-31T17:36:52.108062+00:00,/games,1.3
401282239,2021,8,regular,2021-10-22T22:00:00.000Z,False,True,False,False,10698,3892,Pratt & Whitney Stadium,41,UConn,fbs,FBS Independents,13,"[0, 13, 0, 0]",0.006485201270829827,993,940,2393,Middle Tennessee,fbs,Conference USA,44,"[3, 21, 10, 10]",0.9935147987291701,1268,1321,2.7005899251,,,,CollegeFootballData.com API,2026-08-31T17:36:52.108062+00:00,/games,1.3
401301026,2021,8,regular,2021-10-22T23:00:00.000Z,False,True,False,True,39328,3652,FBC Mortgage Stadium,2116,UCF,fbs,American Athletic,24,"[14, 0, 7, 3]",0.977137529592229,1558,1594,235,Memphis,fbs,American Athletic,7,"[0, 7, 0, 0]",0.022862470407771007,1540,1504,5.2469783204,,,,CollegeFootballData.com API,2026-08-31T17:36:52.108062+00:00,/games,1.3
401310725,2021,8,regular,2021-10-23T01:30:00.000Z,False,True,False,True,21423,3905,Maverik Stadium,328,Utah State,fbs,Mountain West,26,"[0, 20, 3, 3]",0.016432568358697566,1341,1344,36,Colorado State,fbs,Mountain West,24,"[0, 14, 0, 10]",0.9835674316413024,1525,1522,8.1319900603,,,,CollegeFootballData.com API,2026-08-31T17:36:52.108062+00:00,/games,1.3
401309877,2021,8,regular,2021-10-23T02:30:00.000Z,False,True,False,True,30880,3619,Arizona Stadium,12,Arizona,fbs,Pac-12,16,"[3, 10, 3, 0]",0.25357744846580754,1169,1193,264,Washington,fbs,Pac-12,21,"[0, 0, 7, 14]",0.7464225515341925,1689,1665,6.6531670546,,,,CollegeFootballData.com API,2026-08-31T17:36:52.108062+00:00,/games,1.3
401309577,2021,8,regular,2021-10-23T16:00:00.000Z,False,True,False,True,15232,3786,Kelly/Shorts Stadium,2117,Central Michigan,fbs,Mid-American,38,"[14, 14, 7, 3]",0.22452634309549613,1364,1357,2459,Northern Illinois,fbs,Mid-American,39,"[7, 11, 11, 10]",0.7754736569045039,1250,1257,6.7312973762,,,,CollegeFootballData.com API,2026-08-31T17:36:52.108062+00:00,/games,1.3
401287926,2021,8,regular,2021-10-23T16:00:00.000Z,False,True,False,True,26321,3833,Memorial Stadium,2305,Kansas,fbs,Big 12,23,"[7, 3, 7, 6]",0.6878301377377819,984,1027,201,Oklahoma,fbs,Big 12,35,"[0, 0, 14, 21]",0.3121698622622181,1889,1846,3.3692095383,,,,CollegeFootballData.com API,2026-08-31T17:36:52.108062+00:00,/games,1.3
401282662,2021,8,regular,2021-10-23T16:00:00.000Z,False,True,False,False,38019,3841,Michie Stadium,349,Army,fbs,FBS Independents,56,"[7, 14, 14, 21]",0.3849670597526737,1596,1568,154,Wake Forest,fbs,ACC,70,"[14, 14, 21, 21]",0.6150329402473262,1642,1670,4.75174259,,,,CollegeFootballData.com API,2026-08-31T17:36:52.108062+00:00,/games,1.3
401282112,2021,8,regular,2021-10-23T16:00:00.000Z,False,True,False,False,42576,3983,War Memorial Stadium (AR),8,Arkansas,fbs,SEC,45,"[17, 28, 0, 0]",0.9989692597539457,1487,,2029,Arkansas-Pine Bluff,fcs,SWAC,3,"[0, 0, 0, 3]",0.001030740246054318,,,1.0202739602,,,,CollegeFootballData.com API,2026-08-31T17:36:52.108062+00:00,/games,1.3
401282779,2021,8,regular,2021-10-23T16:00:00.000Z,False,True,False,True,109449,3558,Michigan Stadium,130,Michigan,fbs,Big Ten,33,"[0, 10, 17, 6]",0.9949600962622914,1855,1881,77,Northwestern,fbs,Big Ten,7,"[0, 7, 0, 0]",0.005039903737708573,1478,1452,2.6260127674,,,,CollegeFootballData.com API,2026-08-31T17:36:52.108062+00:00,/games,1.3
401287928,2021,8,regular,2021-10-23T16:00:00.000Z,False,True,False,True,52874,3784,Jones AT&T Stadium,2641,Texas Tech,fbs,Big 12,24,"[14, 10, 0, 0]",0.14947148079898337,1491,1493,2306,Kansas State,fbs,Big 12,25,"[0, 10, 9, 6]",0.8505285192010166,1549,1547,6.2399888332,,,,CollegeFootballData.com API,2026-08-31T17:36:52.108062+00:00,/games,1.3
401309574,2021,8,regular,2021-10-23T16:00:00.000Z,False,True,False,True,10875,3700,Doyt L. Perry Stadium,189,Bowling Green,fbs,Mid-American,24,"[3, 7, 7, 7]",0.10808265746263532,1032,995,2199,Eastern Michigan,fbs,Mid-American,55,"[0, 24, 21, 10]",0.8919173425373647,1443,1480,4.3215701316,,,,CollegeFootballData.com API,2026-08-31T17:36:52.108062+00:00,/games,1.3
401282717,2021,8,regular,2021-10-23T16:00:00.000Z,False,True,False,True,105001,3632,Beaver Stadium,213,Penn State,fbs,Big Ten,18,"[7, 3, 0, 0, 3, 3, 0, 0, 0, 0, 0, 2, 0]",0.30362293124198914,1805,1773,356,Illinois,fbs,Big Ten,20,"[0, 7, 0, 3, 3, 3, 0, 0, 0, 0, 0, 2, 2]",0.6963770687580109,1330,1362,8.768579004601676,,,,CollegeFootballData.com API,2026-08-31T17:36:52.108062+00:00,/games,1.3
401301027,2021,8,regular,2021-10-23T16:00:00.000Z,False,True,False,True,32004,3852,Navy-Marine Corps Memorial Stadium,2426,Navy,fbs,American Athletic,20,"[7, 3, 0, 10]",0.9049746954767878,1271,1305,2132,Cincinnati,fbs,American Athletic,27,"[7, 6, 14, 0]",0.09502530452321223,1985,1951,2.2083581872,,,,CollegeFootballData.com API,2026-08-31T17:36:52.108062+00:00,/games,1.3
401282663,2021,8,regular,2021-10-23T16:00:00.000Z,False,True,False,False,51915,3697,Doak Campbell Stadium,52,Florida State,fbs,ACC,59,"[10, 28, 14, 7]",0.9989702540550277,1404,1510,113,Massachusetts,fbs,FBS Independents,3,"[3, 0, 0, 0]",0.0010297459449722934,932,826,1.1887942535,,,,CollegeFootballData.com API,2026-08-31T17:36:52.108062+00:00,/games,1.3
401282668,2021,8,regular,2021-10-23T16:30:00.000Z,False,True,False,True,57941,3799,Lane Stadium,259,Virginia Tech,fbs,ACC,36,"[7, 12, 7, 10]",0.18230084778387762,1538,1523,183,Syracuse,fbs,ACC,41,"[7, 6, 7, 21]",0.8176991522161223,1451,1466,8.7743228526,,,,CollegeFootballData.com API,2026-08-31T17:36:52.108062+00:00,/games,1.3
401309576,2021,8,regular,2021-10-23T17:00:00.000Z,False,True,False,True,15854,3876,Peden Stadium,195,Ohio,fbs,Mid-American,27,"[0, 7, 10, 10]",0.2360794161529581,1349,1331,2309,Kent State,fbs,Mid-American,34,"[10, 7, 14, 3]",0.7639205838470419,1283,1301,3.1099028245,,,,CollegeFootballData.com API,2026-08-31T17:36:52.108062+00:00,/games,1.3
401309625,2021,8,regular,2021-10-23T18:00:00.000Z,False,True,False,True,16779,4246,Center Parc Stadium,2247,Georgia State,fbs,Sun Belt,28,"[7, 7, 7, 7]",0.9984422122108868,1332,1344,326,Texas State,fbs,Sun Belt,16,"[6, 7, 3, 0]",0.0015577877891131964,1203,1191,5.8562180554,,,,CollegeFootballData.com API,2026-08-31T17:36:52.108062+00:00,/games,1.3
401282821,2021,8,regular,2021-10-23T19:00:00.000Z,False,True,False,True,61320,3907,Ross-Ade Stadium,2509,Purdue,fbs,Big Ten,13,"[0, 13, 0, 0]",0.0017049781461671786,1639,1603,275,Wisconsin,fbs,Big Ten,30,"[7, 6, 7, 10]",0.9982950218538328,1689,1725,5.1773956729,,,,CollegeFootballData.com API,2026-08-31T17:36:52.108062+00:00,/games,1.3
401309573,2021,8,regular,2021-10-23T19:30:00.000Z,False,True,False,True,19906,3739,Glass Bowl,2649,Toledo,fbs,Mid-American,34,"[3, 10, 21, 0]",0.3368712937350724,1453,1503,2711,Western Michigan,fbs,Mid-American,15,"[0, 15, 0, 0]",0.6631287062649276,1516,1466,6.9043377046,,,,CollegeFootballData.com API,2026-08-31T17:36:52.108062+00:00,/games,1.3
401309879,2021,8,regular,2021-10-23T19:30:00.000Z,False,True,False,True,55675,1056,Rose Bowl,26,UCLA,fbs,Pac-12,31,"[14, 3, 0, 14]",0.20357873596317672,1627,1627,2483,Oregon,fbs,Pac-12,34,"[0, 14, 13, 7]",0.7964212640368233,1708,1708,6.9736299747,,,,CollegeFootballData.com API,2026-08-31T17:36:52.108062+00:00,/games,1.3
401282666,2021,8,regular,2021-10-23T19:30:00.000Z,False,True,False,True,60594,3752,Acrisure Stadium,221,Pittsburgh,fbs,ACC,27,"[0, 14, 10, 3]",0.9925478137986448,1718,1745,228,Clemson,fbs,ACC,17,"[7, 0, 3, 7]",0.007452186201355238,1851,1824,5.5694081411,,,,CollegeFootballData.com API,2026-08-31T17:36:52.108062+00:00,/games,1.3
401309878,2021,8,regular,2021-10-23T19:30:00.000Z,False,True,False,True,36264,3831,California Memorial Stadium,25,California,fbs,Pac-12,26,"[10, 13, 0, 3]",0.9981541906748116,1428,1483,38,Colorado,fbs,Pac-12,3,"[0, 3, 0, 0]",0.0018458093251884078,1418,1363,2.91116033,,,,CollegeFootballData.com API,2026-08-31T17:36:52.108062+00:00,/games,1.3
401309881,2021,8,regular,2021-10-23T19:30:00.000Z,False,True,False,False,22541,3820,Gesa Field,265,Washington State,fbs,Pac-12,19,"[7, 0, 6, 6]",0.20559772892449193,1473,1483,252,BYU,fbs,FBS Independents,21,"[7, 0, 7, 7]",0.7944022710755081,1720,1710,6.0618153518,,,,CollegeFootballData.com API,2026-08-31T17:36:52.108062+00:00,/games,1.3
401309575,2021,8,regular,2021-10-23T19:30:00.000Z,False,True,False,True,8635,3768,InfoCision Stadium,2006,Akron,fbs,Mid-American,10,"[0, 10, 0, 0]",0.002560715142021322,1002,962,2084,Buffalo,fbs,Mid-American,45,"[3, 21, 21, 0]",0.9974392848579787,1495,1535,2.8452599933,,,,CollegeFootballData.com API,2026-08-31T17:36:52.108062+00:00,/games,1.3
401282238,2021,8,regular,2021-10-23T19:30:00.000Z,False,True,False,True,24845,3803,Legion Field,5,UAB,fbs,Conference USA,24,"[14, 0, 7, 3]",0.07813931646953669,1563,1512,242,Rice,fbs,Conference USA,30,"[13, 7, 7, 3]",0.9218606835304634,1089,1140,6.1982481331,,,,CollegeFootballData.com API,2026-08-31T17:36:52.108062+00:00,/games,1.3
401282767,2021,8,regular,2021-10-23T19:30:00.000Z,False,True,False,True,41011,3953,Huntington Bank Stadium,135,Minnesota,fbs,Big Ten,34,"[3, 14, 14, 3]",0.9972468696773125,1620,1633,120,Maryland,fbs,Big Ten,16,"[3, 7, 0, 6]",0.002753130322687536,1326,1313,3.623004306,,,,CollegeFootballData.com API,2026-08-31T17:36:52.108062+00:00,/games,1.3
401282113,2021,8,regular,2021-10-23T19:30:00.000Z,False,True,False,True,64523,3974,Vaught-Hemingway Stadium,145,Ole Miss,fbs,SEC,31,"[0, 17, 14, 0]",0.989152544365456,1729,1750,99,LSU,fbs,SEC,17,"[7, 0, 0, 10]",0.010847455634544034,1645,1624,4.3426280082,,,,CollegeFootballData.com API,2026-08-31T17:36:52.108062+00:00,/games,1.3
401287925,2021,8,regular,2021-10-23T19:30:00.000Z,False,True,False,True,61500,3772,Jack Trice Stadium,66,Iowa State,fbs,Big 12,24,"[0, 7, 10, 7]",0.5826386252466993,1889,1888,197,Oklahoma State,fbs,Big 12,21,"[7, 7, 0, 7]",0.4173613747533007,1718,1719,7.2341507969,,,,CollegeFootballData.com API,2026-08-31T17:36:52.108062+00:00,/games,1.3
401308838,2021,8,regular,2021-10-23T19:30:00.000Z,False,True,False,True,15703,3919,Scheumann Stadium,2050,Ball State,fbs,Mid-American,17,"[7, 3, 7, 0]",0.13852831264986729,1518,1494,193,Miami (OH),fbs,Mid-American,24,"[10, 6, 0, 8]",0.8614716873501327,1387,1411,6.4766604305,,,,CollegeFootballData.com API,2026-08-31T17:36:52.108062+00:00,/games,1.3
401310726,2021,8,regular,2021-10-23T19:30:00.000Z,False,True,False,True,20133,3984,War Memorial Stadium,2751,Wyoming,fbs,Mountain West,3,"[0, 3, 0, 0]",0.09929674488785338,1551,1488,167,New Mexico,fbs,Mountain West,14,"[7, 7, 0, 0]",0.9007032551121467,1165,1228,4.2527245055,,,,CollegeFootballData.com API,2026-08-31T17:36:52.108062+00:00,/games,1.3
401282240,2021,8,regular,2021-10-23T20:00:00.000Z,False,True,False,False,13454,3825,DATCU Stadium,249,North Texas,fbs,Conference USA,26,"[7, 13, 6, 0]",0.8629645204868701,1146,1168,2335,Liberty,fbs,FBS Independents,35,"[0, 14, 14, 7]",0.1370354795131299,1676,1654,6.8486683451,,,,CollegeFootballData.com API,2026-08-31T17:36:52.108062+00:00,/games,1.3
401282664,2021,8,regular,2021-10-23T20:00:00.000Z,False,True,False,True,38202,3873,L&N Federal Credit Union Stadium,97,Louisville,fbs,ACC,28,"[7, 14, 0, 7]",0.9955202745154547,1527,1551,103,Boston College,fbs,ACC,14,"[7, 0, 0, 7]",0.004479725484545338,1477,1453,5.0311725099,,,,CollegeFootballData.com API,2026-08-31T17:36:52.108062+00:00,/games,1.3
401282115,2021,8,regular,2021-10-23T20:00:00.000Z,False,True,False,True,22036,3973,FirstBank Stadium,238,Vanderbilt,fbs,SEC,6,"[0, 3, 3, 0]",0.0008640815463000523,1091,1032,344,Mississippi State,fbs,SEC,45,"[10, 14, 7, 14]",0.9991359184537,1524,1583,0.909854739,,,,CollegeFootballData.com API,2026-08-31T17:36:52.108062+00:00,/games,1.3
401301028,2021,8,regular,2021-10-23T20:00:00.000Z,False,True,False,True,22925,4728,TDECU Stadium,248,Houston,fbs,American Athletic,31,"[17, 7, 0, 0, 7]",0.819781282987423,1669,1668,151,East Carolina,fbs,American Athletic,24,"[10, 0, 0, 14, 0]",0.18021871701257697,1480,1481,5.5653066364,,,,CollegeFootballData.com API,2026-08-31T17:36:52.108062+00:00,/games,1.3
401309626,2021,8,regular,2021-10-23T23:00:00.000Z,False,True,False,True,11723,3817,Malone Stadium,2433,UL Monroe,fbs,Sun Belt,41,"[7, 17, 14, 3]",0.9374852918691341,985,1038,6,South Alabama,fbs,Sun Belt,31,"[7, 10, 14, 0]",0.0625147081308659,1420,1367,7.1162931172,,,,CollegeFootballData.com API,2026-08-31T17:36:52.108062+00:00,/games,1.3
401282237,2021,8,regular,2021-10-23T23:00:00.000Z,False,True,False,True,18314,3776,Joe Aillet Stadium,2348,Louisiana Tech,fbs,Conference USA,16,"[10, 0, 0, 6]",0.09721864492585454,1311,1262,2636,UTSA,fbs,Conference USA,45,"[7, 14, 7, 17]",0.9027813550741455,1571,1620,4.2193509911,,,,CollegeFootballData.com API,2026-08-31T17:36:52.108062+00:00,/games,1.3
401301029,2021,8,regular,2021-10-23T23:00:00.000Z,False,True,False,True,25430,3886,Raymond James Stadium,58,South Florida,fbs,American Athletic,34,"[0, 17, 10, 7]",0.9933447200346393,1166,1209,218,Temple,fbs,American Athletic,14,"[0, 7, 7, 0]",0.00665527996536075,1126,1083,4.7740653875,,,,CollegeFootballData.com API,2026-08-31T17:36:52.108062+00:00,/games,1.3
401310727,2021,8,regular,2021-10-23T23:00:00.000Z,False,True,False,True,33012,3660,Valley Children's Stadium,278,Fresno State,fbs,Mountain West,34,"[7, 7, 14, 6]",0.9384728482420202,1603,1603,2440,Nevada,fbs,Mountain West,32,"[3, 7, 6, 16]",0.06152715175797985,1546,1546,6.7370315124,,,,CollegeFootballData.com API,2026-08-31T17:36:52.108062+00:00,/games,1.3
401282236,2021,8,regular,2021-10-23T23:00:00.000Z,False,True,False,True,,218,FIU Stadium,2229,Florida International,fbs,Conference USA,19,"[6, 6, 0, 7]",0.006508560910879603,1193,1180,98,Western Kentucky,fbs,Conference USA,34,"[0, 17, 7, 10]",0.9934914390891204,1422,1435,2.9601173491,,,,CollegeFootballData.com API,2026-08-31T17:36:52.108062+00:00,/games,1.3
401282111,2021,8,regular,2021-10-23T23:00:00.000Z,False,True,False,True,100077,3657,Bryant-Denny Stadium,333,Alabama,fbs,SEC,52,"[7, 14, 3, 28]",0.961805654085494,2192,2205,2633,Tennessee,fbs,SEC,24,"[14, 0, 3, 7]",0.03819434591450599,1636,1623,3.1607376367,,,,CollegeFootballData.com API,2026-08-31T17:36:52.108062+00:00,/games,1.3
401310724,2021,8,regular,2021-10-23T23:00:00.000Z,False,True,False,True,23887,3713,Falcon Stadium,2005,Air Force,fbs,Mountain West,14,"[0, 0, 7, 7]",0.10499565457059629,1713,1696,21,San Diego State,fbs,Mountain West,20,"[3, 10, 7, 0]",0.8950043454294037,1627,1644,3.6617319097,,,,CollegeFootballData.com API,2026-08-31T17:36:52.108062+00:00,/games,1.3
401282665,2021,8,regular,2021-10-23T23:30:00.000Z,False,True,False,True,43293,3948,Hard Rock Stadium,2390,Miami,fbs,ACC,31,"[7, 7, 10, 7]",0.9561199270838975,1519,1523,152,NC State,fbs,ACC,30,"[3, 14, 3, 10]",0.04388007291610252,1627,1623,9.4725405277,,,,CollegeFootballData.com API,2026-08-31T17:36:52.108062+00:00,/games,1.3
401282114,2021,8,regular,2021-10-23T23:30:00.000Z,False,True,False,True,103889,3795,Kyle Field,245,Texas A&M,fbs,SEC,44,"[14, 17, 10, 3]",0.9989496145901994,1777,1809,2579,South Carolina,fbs,SEC,14,"[0, 0, 0, 14]",0.001050385409800625,1353,1321,1.5508861793,,,,CollegeFootballData.com API,2026-08-31T17:36:52.108062+00:00,/games,1.3
401282667,2021,8,regular,2021-10-23T23:30:00.000Z,False,True,False,True,45837,3923,Scott Stadium,258,Virginia,fbs,ACC,48,"[7, 17, 17, 7]",0.636134927355761,1622,1622,59,Georgia Tech,fbs,ACC,40,"[13, 3, 8, 16]",0.36386507264423895,1426,1426,5.1359328809,,,,CollegeFootballData.com API,2026-08-31T17:36:52.108062+00:00,/games,1.3
401287927,2021,8,regular,2021-10-23T23:30:00.000Z,False,True,False,True,37288,3616,Amon G. Carter Stadium,2628,TCU,fbs,Big 12,17,"[7, 10, 0, 0]",0.3906441222458969,1640,1598,277,West Virginia,fbs,Big 12,29,"[10, 10, 3, 6]",0.609355877754103,1480,1522,5.0941138333,,,,CollegeFootballData.com API,2026-08-31T17:36:52.108062+00:00,/games,1.3
401309880,2021,8,regular,2021-10-23T23:30:00.000Z,False,True,False,True,30203,3893,Reser Stadium,204,Oregon State,fbs,Pac-12,42,"[7, 7, 21, 7]",0.9978303783390486,1528,1552,254,Utah,fbs,Pac-12,34,"[14, 10, 7, 3]",0.0021696216609513597,1713,1689,6.3929032757,,,,CollegeFootballData.com API,2026-08-31T17:36:52.108062+00:00,/games,1.3
401282730,2021,8,regular,2021-10-23T23:30:00.000Z,False,True,False,True,52656,3830,"Memorial Stadium (Bloomington, IN)",84,Indiana,fbs,Big Ten,7,"[7, 0, 0, 0]",0.0005939635349262742,1536,1464,194,Ohio State,fbs,Big Ten,54,"[14, 30, 7, 3]",0.9994060364650738,2064,2136,0.9087959757,,,,CollegeFootballData.com API,2026-08-31T17:36:52.108062+00:00,/games,1.3
401282709,2021,8,regular,2021-10-23T23:30:00.000Z,False,True,False,False,77622,3855,Notre Dame Stadium,87,Notre Dame,fbs,FBS Independents,31,"[7, 10, 7, 7]",0.7149282179184083,1808,1822,30,USC,fbs,Pac-12,16,"[0, 3, 0, 13]",0.2850717820815917,1612,1598,3.604643767,,,,CollegeFootballData.com API,2026-08-31T17:36:52.108062+00:00,/games,1.3
401310728,2021,8,regular,2021-10-24T03:59:00.000Z,False,True,False,False,1000,3610,Aloha Stadium,62,Hawai'i,fbs,Mountain West,48,"[10, 14, 10, 14]",0.9985409972739256,1357,1365,166,New Mexico State,fbs,FBS Independents,34,"[3, 10, 14, 7]",0.0014590027260743543,1114,1106,6.1741005628,,,,CollegeFootballData.com API,2026-08-31T17:36:52.108062+00:00,/games,1.3
401309627,2021,9,regular,2021-10-28T23:30:00.000Z,False,True,False,True,11689,3654,Brooks Stadium (SC),324,Coastal Carolina,fbs,Sun Belt,35,"[7, 14, 7, 7]",0.9825322503776655,1815,1802,2653,Troy,fbs,Sun Belt,28,"[7, 7, 7, 7]",0.01746774962233455,1381,1394,3.9655412136,,,,CollegeFootballData.com API,2026-08-31T17:36:52.108062+00:00,/games,1.3
401301033,2021,9,regular,2021-10-28T23:30:00.000Z,False,True,False,True,32015,3699,Dowdy-Ficklen Stadium,151,East Carolina,fbs,American Athletic,29,"[0, 6, 13, 10]",0.9863533574763914,1481,1489,58,South Florida,fbs,American Athletic,14,"[0, 14, 0, 0]",0.013646642523608588,1209,1201,5.9623778473,,,,CollegeFootballData.com API,2026-08-31T17:36:52.108062+00:00,/games,1.3
401301030,2021,9,regular,2021-10-29T23:30:00.000Z,False,True,False,True,16279,3674,Chapman Stadium,202,Tulsa,fbs,American Athletic,17,"[0, 3, 7, 7]",0.32986136982435,1413,1402,2426,Navy,fbs,American Athletic,20,"[0, 3, 7, 10]",0.67013863017565,1305,1316,6.5335968215,,,,CollegeFootballData.com API,2026-08-31T17:36:52.108062+00:00,/games,1.3
401310734,2021,9,regular,2021-10-30T02:00:00.000Z,False,True,False,True,28960,3816,Mackay Stadium,2440,Nevada,fbs,Mountain West,51,"[10, 10, 21, 10]",0.9986366940885147,1546,1587,2439,UNLV,fbs,Mountain West,20,"[0, 0, 7, 13]",0.0013633059114852575,1188,1147,1.5457942282,,,,CollegeFootballData.com API,2026-08-31T17:36:52.108062+00:00,/games,1.3
401301032,2021,9,regular,2021-10-30T16:00:00.000Z,False,True,False,True,17012,4729,Yulman Stadium,2655,Tulane,fbs,American Athletic,12,"[0, 12, 0, 0]",0.24896310859678583,1338,1350,2132,Cincinnati,fbs,American Athletic,31,"[7, 7, 7, 10]",0.7510368914032142,1951,1939,1.9410871972,,,,CollegeFootballData.com API,2026-08-31T17:36:52.108062+00:00,/games,1.3
401282777,2021,9,regular,2021-10-30T16:00:00.000Z,False,True,False,True,76549,3936,Spartan Stadium,127,Michigan State,fbs,Big Ten,37,"[0, 14, 8, 15]",0.3008895173657764,1615,1626,130,Michigan,fbs,Big Ten,33,"[10, 13, 7, 3]",0.6991104826342236,1881,1870,5.5224247016,,,,CollegeFootballData.com API,2026-08-31T17:36:52.108062+00:00,/games,1.3
401287929,2021,9,regular,2021-10-30T16:00:00.000Z,False,True,False,True,45834,4727,McLane Stadium,239,Baylor,fbs,Big 12,31,"[10, 0, 7, 14]",0.9231873320054271,1676,1696,251,Texas,fbs,Big 12,24,"[14, 0, 7, 3]",0.07681266799457287,1849,1829,7.6426472659,,,,CollegeFootballData.com API,2026-08-31T17:36:52.108062+00:00,/games,1.3
401286297,2021,9,regular,2021-10-30T16:00:00.000Z,False,True,False,False,16577,3992,Williams Stadium (VA),2335,Liberty,fbs,FBS Independents,62,"[21, 20, 7, 14]",0.9989159404929038,1654,1684,113,Massachusetts,fbs,FBS Independents,17,"[3, 0, 7, 7]",0.0010840595070962245,826,796,1.1666881388,,,,CollegeFootballData.com API,2026-08-31T17:36:52.108062+00:00,/games,1.3
401309631,2021,9,regular,2021-10-30T16:00:00.000Z,False,True,False,True,28794,3666,Cajun Field,309,Louisiana,fbs,Sun Belt,45,"[0, 17, 18, 10]",0.9968133455736466,1723,1786,326,Texas State,fbs,Sun Belt,0,"[0, 0, 0, 0]",0.0031866544263533525,1191,1128,2.8272419204,,,,CollegeFootballData.com API,2026-08-31T17:36:52.108062+00:00,/games,1.3
401309578,2021,9,regular,2021-10-30T16:00:00.000Z,False,True,False,True,13163,3965,UB Stadium,2084,Buffalo,fbs,Mid-American,44,"[0, 10, 13, 21]",0.1474989777748643,1535,1450,189,Bowling Green,fbs,Mid-American,56,"[14, 14, 0, 28]",0.8525010222251357,995,1080,9.8500770027,,,,CollegeFootballData.com API,2026-08-31T17:36:52.108062+00:00,/games,1.3
401282763,2021,9,regular,2021-10-30T16:00:00.000Z,False,True,False,True,74209,347,Camp Randall Stadium,275,Wisconsin,fbs,Big Ten,27,"[7, 13, 0, 7]",0.9681606753898192,1725,1784,2294,Iowa,fbs,Big Ten,7,"[0, 0, 7, 0]",0.0318393246101808,1839,1780,3.3409361528,,,,CollegeFootballData.com API,2026-08-31T17:36:52.108062+00:00,/games,1.3
401282674,2021,9,regular,2021-10-30T16:00:00.000Z,False,True,False,True,46977,3752,Acrisure Stadium,221,Pittsburgh,fbs,ACC,34,"[10, 7, 14, 3]",0.28119161769121603,1745,1723,2390,Miami,fbs,ACC,38,"[21, 10, 7, 0]",0.718808382308784,1523,1545,8.0552297977,,,,CollegeFootballData.com API,2026-08-31T17:36:52.108062+00:00,/games,1.3
401282719,2021,9,regular,2021-10-30T16:00:00.000Z,False,True,False,True,36942,3832,"Memorial Stadium (Champaign, IL)",356,Illinois,fbs,Big Ten,14,"[0, 14, 0, 0]",0.8190875585359639,1362,1355,164,Rutgers,fbs,Big Ten,20,"[7, 3, 0, 10]",0.18091244146403607,1417,1424,6.3118475972,,,,CollegeFootballData.com API,2026-08-31T17:36:52.108062+00:00,/games,1.3
401282671,2021,9,regular,2021-10-30T16:00:00.000Z,False,True,False,True,35543,721,Bobby Dodd Stadium,59,Georgia Tech,fbs,ACC,17,"[7, 0, 10, 0]",0.051098676067007597,1426,1416,259,Virginia Tech,fbs,ACC,26,"[14, 6, 3, 3]",0.9489013239329924,1523,1533,4.9990953509,,,,CollegeFootballData.com API,2026-08-31T17:36:52.108062+00:00,/games,1.3
401301031,2021,9,regular,2021-10-30T16:00:00.000Z,False,True,False,True,19595,3806,Lincoln Financial Field,218,Temple,fbs,American Athletic,7,"[0, 0, 0, 7]",0.0017846524052108558,1083,1025,2116,UCF,fbs,American Athletic,49,"[7, 14, 21, 7]",0.9982153475947891,1594,1652,1.9411013629,,,,CollegeFootballData.com API,2026-08-31T17:36:52.108062+00:00,/games,1.3
401282726,2021,9,regular,2021-10-30T16:00:00.000Z,False,True,False,True,32308,3665,SECU Stadium,120,Maryland,fbs,Big Ten,38,"[14, 0, 14, 10]",0.35860401927675845,1313,1316,84,Indiana,fbs,Big Ten,35,"[0, 10, 7, 18]",0.6413959807232416,1464,1461,6.7346657879,,,,CollegeFootballData.com API,2026-08-31T17:36:52.108062+00:00,/games,1.3
401282246,2021,9,regular,2021-10-30T18:00:00.000Z,False,True,False,True,17354,3895,Rice Stadium,242,Rice,fbs,Conference USA,24,"[0, 3, 7, 14, 0]",0.48643551652443234,1140,1131,249,North Texas,fbs,Conference USA,30,"[3, 7, 7, 7, 6]",0.5135644834755677,1168,1177,7.5481047701,,,,CollegeFootballData.com API,2026-08-31T17:36:52.108062+00:00,/games,1.3
401287933,2021,9,regular,2021-10-30T18:00:00.000Z,False,True,False,True,45613,3842,Milan Puskar Stadium,277,West Virginia,fbs,Big 12,38,"[14, 3, 7, 14]",0.4917630901490544,1522,1554,66,Iowa State,fbs,Big 12,31,"[14, 3, 14, 0]",0.5082369098509456,1888,1856,7.4738565839,,,,CollegeFootballData.com API,2026-08-31T17:36:52.108062+00:00,/games,1.3
401309885,2021,9,regular,2021-10-30T19:00:00.000Z,False,True,False,True,46136,3947,Mountain America Stadium,9,Arizona State,fbs,Pac-12,21,"[0, 7, 0, 14]",0.721314882455514,1715,1662,265,Washington State,fbs,Pac-12,34,"[14, 14, 0, 6]",0.278685117544486,1483,1536,3.4620375989,,,,CollegeFootballData.com API,2026-08-31T17:36:52.108062+00:00,/games,1.3
401310731,2021,9,regular,2021-10-30T19:00:00.000Z,False,True,False,True,19219,3905,Maverik Stadium,328,Utah State,fbs,Mountain West,51,"[14, 6, 21, 10]",0.9943700182003272,1344,1393,62,Hawai'i,fbs,Mountain West,31,"[0, 10, 15, 6]",0.0056299817996727786,1365,1316,3.6855198282,,,,CollegeFootballData.com API,2026-08-31T17:36:52.108062+00:00,/games,1.3
401282119,2021,9,regular,2021-10-30T19:00:00.000Z,False,True,False,True,19821,3973,FirstBank Stadium,238,Vanderbilt,fbs,SEC,28,"[7, 7, 7, 7]",0.14539739025386886,1032,1041,142,Missouri,fbs,SEC,37,"[10, 7, 7, 13]",0.8546026097461311,1380,1371,4.4765713922,,,,CollegeFootballData.com API,2026-08-31T17:36:52.108062+00:00,/games,1.3
401282801,2021,9,regular,2021-10-30T19:30:00.000Z,False,True,False,True,85902,3834,"Memorial Stadium (Lincoln, NE)",158,Nebraska,fbs,Big Ten,23,"[7, 10, 0, 6]",0.5561261904646079,1715,1698,2509,Purdue,fbs,Big Ten,28,"[0, 14, 7, 7]",0.4438738095353921,1603,1620,5.8997441826,,,,CollegeFootballData.com API,2026-08-31T17:36:52.108062+00:00,/games,1.3
401309884,2021,9,regular,2021-10-30T19:30:00.000Z,False,True,False,True,51449,3626,Autzen Stadium,2483,Oregon,fbs,Pac-12,52,"[14, 17, 14, 7]",0.9953055370483943,1708,1729,38,Colorado,fbs,Pac-12,29,"[0, 14, 0, 15]",0.0046944629516056935,1363,1342,1.445354145,,,,CollegeFootballData.com API,2026-08-31T17:36:52.108062+00:00,/games,1.3
401282242,2021,9,regular,2021-10-30T19:30:00.000Z,False,True,False,True,18466,3775,Joan C. Edwards Stadium,276,Marshall,fbs,Conference USA,38,"[3, 21, 7, 7]",0.9987050770756362,1610,1664,2229,Florida International,fbs,Conference USA,0,"[0, 0, 0, 0]",0.0012949229243638394,1180,1126,2.5366014564,,,,CollegeFootballData.com API,2026-08-31T17:36:52.108062+00:00,/games,1.3
401287931,2021,9,regular,2021-10-30T19:30:00.000Z,False,True,False,True,82732,3835,"Memorial Stadium (Norman, OK)",201,Oklahoma,fbs,Big 12,52,"[14, 14, 10, 14]",0.8959566892893864,1846,1888,2641,Texas Tech,fbs,Big 12,21,"[7, 0, 7, 7]",0.10404331071061357,1493,1451,1.9457612116,,,,CollegeFootballData.com API,2026-08-31T17:36:52.108062+00:00,/games,1.3
401309628,2021,9,regular,2021-10-30T19:30:00.000Z,False,True,False,True,29321,3792,Kidd Brewer Stadium,2026,App State,fbs,Sun Belt,59,"[21, 28, 3, 7]",0.9989628253329227,1627,1645,2433,UL Monroe,fbs,Sun Belt,28,"[0, 7, 14, 7]",0.0010371746670773119,1038,1020,1.3123299098,,,,CollegeFootballData.com API,2026-08-31T17:36:52.108062+00:00,/games,1.3
401282244,2021,9,regular,2021-10-30T19:30:00.000Z,False,True,False,True,13309,3918,S.B. Ballard Stadium,295,Old Dominion,fbs,Conference USA,23,"[0, 10, 7, 6]",0.8454064205104647,1180,1182,2348,Louisiana Tech,fbs,Conference USA,20,"[0, 10, 3, 7]",0.15459357948953534,1262,1260,9.0253007111,,,,CollegeFootballData.com API,2026-08-31T17:36:52.108062+00:00,/games,1.3
401282117,2021,9,regular,2021-10-30T19:30:00.000Z,False,True,True,True,76141,3712,EverBank Stadium,57,Florida,fbs,SEC,7,"[0, 0, 0, 7]",0.0028900442474029003,1781,1753,61,Georgia,fbs,SEC,34,"[0, 24, 3, 7]",0.9971099557525971,2114,2142,1.7321145395,,,,CollegeFootballData.com API,2026-08-31T17:36:52.108062+00:00,/games,1.3
401282245,2021,9,regular,2021-10-30T19:30:00.000Z,False,True,False,True,10721,3725,"Johnny ""Red"" Floyd Stadium",2393,Middle Tennessee,fbs,Conference USA,35,"[14, 7, 14, 0]",0.9976249450691963,1321,1364,2572,Southern Miss,fbs,Conference USA,10,"[7, 0, 3, 0]",0.0023750549308036994,1142,1099,3.7101437535,,,,CollegeFootballData.com API,2026-08-31T17:36:52.108062+00:00,/games,1.3
401282675,2021,9,regular,2021-10-30T19:30:00.000Z,False,True,False,True,32022,1964,JMA Wireless Dome,183,Syracuse,fbs,ACC,21,"[0, 0, 21, 0]",0.9928024145021426,1466,1496,103,Boston College,fbs,ACC,6,"[0, 3, 3, 0]",0.007197585497857428,1453,1423,5.9260954264,,,,CollegeFootballData.com API,2026-08-31T17:36:52.108062+00:00,/games,1.3
401282670,2021,9,regular,2021-10-30T19:30:00.000Z,False,True,False,True,79097,3836,"Memorial Stadium (Clemson, SC)",228,Clemson,fbs,ACC,30,"[3, 14, 0, 13]",0.90434098800105,1824,1820,52,Florida State,fbs,ACC,20,"[6, 7, 0, 7]",0.09565901199895,1510,1514,8.5617085101,,,,CollegeFootballData.com API,2026-08-31T17:36:52.108062+00:00,/games,1.3
401287930,2021,9,regular,2021-10-30T19:30:00.000Z,False,True,False,True,44339,3636,Bill Snyder Family Stadium,2306,Kansas State,fbs,Big 12,31,"[7, 14, 0, 10]",0.9986124533158204,1547,1596,2628,TCU,fbs,Big 12,12,"[0, 5, 0, 7]",0.0013875466841796191,1598,1549,4.2753860441,,,,CollegeFootballData.com API,2026-08-31T17:36:52.108062+00:00,/games,1.3
401282795,2021,9,regular,2021-10-30T19:30:00.000Z,False,True,False,True,28158,3911,Ryan Field,77,Northwestern,fbs,Big Ten,14,"[0, 7, 0, 7]",0.0007444871382042141,1452,1400,135,Minnesota,fbs,Big Ten,41,"[13, 7, 0, 21]",0.9992555128617958,1633,1685,2.2305834277,,,,CollegeFootballData.com API,2026-08-31T17:36:52.108062+00:00,/games,1.3
401282241,2021,9,regular,2021-10-30T20:00:00.000Z,False,True,False,True,16763,3796,Houchens Industries-L.T. Smith Stadium,98,Western Kentucky,fbs,Conference USA,45,"[14, 14, 7, 10]",0.9835012322654401,1435,1503,2429,Charlotte,fbs,Conference USA,13,"[3, 10, 0, 0]",0.016498767734559938,1282,1214,2.0570824467,,,,CollegeFootballData.com API,2026-08-31T17:36:52.108062+00:00,/games,1.3
401282676,2021,9,regular,2021-10-30T20:00:00.000Z,False,True,False,True,31613,3630,Allegacy Federal Credit Union Stadium,154,Wake Forest,fbs,ACC,45,"[14, 14, 10, 7]",0.9987812774654949,1670,1718,150,Duke,fbs,ACC,7,"[0, 0, 0, 7]",0.0012187225345050567,1185,1137,1.7509914414,,,,CollegeFootballData.com API,2026-08-31T17:36:52.108062+00:00,/games,1.3
401310732,2021,9,regular,2021-10-30T20:00:00.000Z,False,True,False,True,13042,3935,CEFCU Stadium,23,San José State,fbs,Mountain West,27,"[0, 17, 10, 0]",0.7988702394686953,1381,1394,2751,Wyoming,fbs,Mountain West,21,"[0, 7, 7, 7]",0.2011297605313047,1488,1475,5.2703326043,,,,CollegeFootballData.com API,2026-08-31T17:36:52.108062+00:00,/games,1.3
401309629,2021,9,regular,2021-10-30T21:00:00.000Z,False,True,False,True,15043,6526,Hancock Whitney Stadium,6,South Alabama,fbs,Sun Belt,31,"[14, 14, 0, 3]",0.9956776106498375,1367,1392,2032,Arkansas State,fbs,Sun Belt,13,"[0, 7, 3, 3]",0.004322389350162492,1211,1186,2.5424386483,,,,CollegeFootballData.com API,2026-08-31T17:36:52.108062+00:00,/games,1.3
401309630,2021,9,regular,2021-10-30T22:00:00.000Z,False,True,False,True,17843,3608,Allen E. Paulson Stadium,290,Georgia Southern,fbs,Sun Belt,14,"[0, 7, 0, 7]",0.37513232812149255,1357,1343,2247,Georgia State,fbs,Sun Belt,21,"[0, 0, 7, 14]",0.6248676718785074,1344,1358,7.3126667436,,,,CollegeFootballData.com API,2026-08-31T17:36:52.108062+00:00,/games,1.3
401282243,2021,9,regular,2021-10-30T22:00:00.000Z,False,True,False,True,16432,3715,FAU Stadium,2226,Florida Atlantic,fbs,Conference USA,28,"[7, 7, 7, 7]",0.7920389536401549,1597,1594,2638,UTEP,fbs,Conference USA,25,"[3, 7, 0, 15]",0.20796104635984514,1313,1316,4.2784716187,,,,CollegeFootballData.com API,2026-08-31T17:36:52.108062+00:00,/games,1.3
401309886,2021,9,regular,2021-10-30T23:00:00.000Z,False,True,False,True,52435,477,Los Angeles Memorial Coliseum,30,USC,fbs,Pac-12,41,"[14, 21, 3, 3]",0.5156561860596481,1598,1587,12,Arizona,fbs,Pac-12,34,"[7, 7, 7, 13]",0.48434381394035186,1193,1204,3.1725935566,,,,CollegeFootballData.com API,2026-08-31T17:36:52.108062+00:00,/games,1.3
401301034,2021,9,regular,2021-10-30T23:00:00.000Z,False,True,False,True,25676,4728,TDECU Stadium,248,Houston,fbs,American Athletic,44,"[17, 6, 7, 14]",0.9178430904821112,1668,1676,2567,SMU,fbs,American Athletic,37,"[7, 13, 14, 3]",0.08215690951788879,1633,1625,8.8039168417,,,,CollegeFootballData.com API,2026-08-31T17:36:52.108062+00:00,/games,1.3
401309882,2021,9,regular,2021-10-30T23:00:00.000Z,False,True,False,True,38572,3831,California Memorial Stadium,25,California,fbs,Pac-12,39,"[10, 7, 14, 8]",0.9213037770957544,1483,1517,204,Oregon State,fbs,Pac-12,25,"[0, 10, 7, 8]",0.0786962229042456,1552,1518,5.3183390393,,,,CollegeFootballData.com API,2026-08-31T17:36:52.108062+00:00,/games,1.3
401287932,2021,9,regular,2021-10-30T23:00:00.000Z,False,True,False,True,55026,3646,Boone Pickens Stadium,197,Oklahoma State,fbs,Big 12,55,"[17, 21, 7, 10]",0.9989036116219258,1719,1784,2305,Kansas,fbs,Big 12,3,"[0, 0, 3, 0]",0.0010963883780742423,1027,962,1.2613259732,,,,CollegeFootballData.com API,2026-08-31T17:36:52.108062+00:00,/games,1.3
401282116,2021,9,regular,2021-10-30T23:00:00.000Z,False,True,False,True,87451,3785,Jordan-Hare Stadium,2,Auburn,fbs,SEC,31,"[14, 14, 0, 3]",0.987732450504013,1729,1750,145,Ole Miss,fbs,SEC,20,"[3, 14, 3, 0]",0.012267549495986962,1750,1729,5.7372660406,,,,CollegeFootballData.com API,2026-08-31T17:36:52.108062+00:00,/games,1.3
401282118,2021,9,regular,2021-10-30T23:00:00.000Z,False,True,False,True,49487,3693,Davis Wade Stadium,344,Mississippi State,fbs,SEC,31,"[0, 14, 17, 0]",0.997519847479229,1583,1619,96,Kentucky,fbs,SEC,17,"[7, 3, 0, 7]",0.0024801525207710506,1672,1636,4.492131733,,,,CollegeFootballData.com API,2026-08-31T17:36:52.108062+00:00,/games,1.3
401310730,2021,9,regular,2021-10-30T23:00:00.000Z,False,True,False,True,25221,5388,Canvas Stadium,36,Colorado State,fbs,Mountain West,19,"[13, 3, 3, 0]",0.14910836760878274,1522,1517,68,Boise State,fbs,Mountain West,28,"[0, 7, 14, 7]",0.8508916323912172,1677,1682,7.2676600894,,,,CollegeFootballData.com API,2026-08-31T17:36:52.108062+00:00,/games,1.3
401282673,2021,9,regular,2021-10-30T23:30:00.000Z,False,True,False,True,71018,3855,Notre Dame Stadium,87,Notre Dame,fbs,FBS Independents,44,"[7, 10, 14, 13]",0.7962471195384543,1822,1828,153,North Carolina,fbs,ACC,34,"[0, 13, 14, 7]",0.20375288046154572,1668,1662,6.3614984681,,,,CollegeFootballData.com API,2026-08-31T17:36:52.108062+00:00,/games,1.3
401282672,2021,9,regular,2021-10-30T23:30:00.000Z,False,True,False,True,53123,3670,Carter-Finley Stadium,152,NC State,fbs,ACC,28,"[7, 0, 0, 21]",0.6998332326842784,1623,1648,97,Louisville,fbs,ACC,13,"[7, 0, 3, 3]",0.30016676731572156,1551,1526,7.0492604412,,,,CollegeFootballData.com API,2026-08-31T17:36:52.108062+00:00,/games,1.3
401282814,2021,9,regular,2021-10-30T23:30:00.000Z,False,True,False,True,102951,3861,Ohio Stadium,194,Ohio State,fbs,Big Ten,33,"[3, 14, 10, 6]",0.6700447517628687,2136,2128,213,Penn State,fbs,Big Ten,24,"[7, 3, 14, 0]",0.3299552482371313,1773,1781,6.2116509375,,,,CollegeFootballData.com API,2026-08-31T17:36:52.108062+00:00,/games,1.3
401309887,2021,9,regular,2021-10-31T02:00:00.000Z,False,True,False,True,51922,587,Rice-Eccles Stadium,254,Utah,fbs,Pac-12,44,"[7, 21, 0, 16]",0.9835205623936212,1689,1729,26,UCLA,fbs,Pac-12,24,"[3, 7, 7, 7]",0.01647943760637882,1627,1587,3.2963335784,,,,CollegeFootballData.com API,2026-08-31T17:36:52.108062+00:00,/games,1.3
401282669,2021,9,regular,2021-10-31T02:15:00.000Z,False,True,False,False,57685,3801,LaVell Edwards Stadium,252,BYU,fbs,FBS Independents,66,"[21, 17, 7, 21]",0.8391584893377563,1710,1739,258,Virginia,fbs,ACC,49,"[7, 35, 7, 0]",0.16084151066224373,1622,1593,6.3467429843,,,,CollegeFootballData.com API,2026-08-31T17:36:52.108062+00:00,/games,1.3
401309883,2021,9,regular,2021-10-31T02:30:00.000Z,False,True,False,True,28014,3940,Stanford Stadium,24,Stanford,fbs,Pac-12,13,"[3, 0, 0, 10]",0.05198809053454979,1503,1502,264,Washington,fbs,Pac-12,20,"[0, 9, 3, 8]",0.9480119094654502,1665,1666,6.1400109823,,,,CollegeFootballData.com API,2026-08-31T17:36:52.108062+00:00,/games,1.3
401310733,2021,9,regular,2021-10-31T02:30:00.000Z,False,True,False,True,11034,3932,Qualcomm Stadium,21,San Diego State,fbs,Mountain West,20,"[0, 7, 6, 7]",0.35646705545566637,1644,1620,278,Fresno State,fbs,Mountain West,30,"[7, 13, 3, 7]",0.6435329445443336,1603,1627,3.6697396931,,,,CollegeFootballData.com API,2026-08-31T17:36:52.108062+00:00,/games,1.3
401309579,2021,10,regular,2021-11-02T23:00:00.000Z,False,True,False,True,7683,3768,InfoCision Stadium,2006,Akron,fbs,Mid-American,25,"[3, 7, 0, 15]",0.5353655459404059,962,986,2050,Ball State,fbs,Mid-American,31,"[7, 14, 7, 3]",0.46463445405959414,1494,1470,3.0709352165,,,,CollegeFootballData.com API,2026-08-31T17:36:52.108062+00:00,/games,1.3
401309580,2021,10,regular,2021-11-02T23:30:00.000Z,False,True,False,True,14997,3739,Glass Bowl,2649,Toledo,fbs,Mid-American,49,"[14, 14, 8, 13]",0.9972535972825914,1503,1497,2199,Eastern Michigan,fbs,Mid-American,52,"[14, 10, 21, 7]",0.002746402717408558,1480,1486,6.6910554518,,,,CollegeFootballData.com API,2026-08-31T17:36:52.108062+00:00,/games,1.3
401308839,2021,10,regular,2021-11-02T23:30:00.000Z,False,True,False,True,15940,3876,Peden Stadium,195,Ohio,fbs,Mid-American,35,"[7, 7, 14, 7]",0.35547877664823646,1331,1333,193,Miami (OH),fbs,Mid-American,33,"[0, 0, 13, 20]",0.6445212233517635,1411,1409,5.3454024469,,,,CollegeFootballData.com API,2026-08-31T17:36:52.108062+00:00,/games,1.3
401309582,2021,10,regular,2021-11-03T23:00:00.000Z,False,True,False,True,6076,3696,Dix Stadium,2309,Kent State,fbs,Mid-American,52,"[0, 31, 14, 7]",0.7467958095127297,1301,1304,2459,Northern Illinois,fbs,Mid-American,47,"[7, 14, 6, 20]",0.2532041904872703,1257,1254,6.7358126342,,,,CollegeFootballData.com API,2026-08-31T17:36:52.108062+00:00,/games,1.3
401309581,2021,10,regular,2021-11-03T23:00:00.000Z,False,True,False,True,13137,3980,Waldo Stadium,2711,Western Michigan,fbs,Mid-American,30,"[7, 7, 10, 6]",0.17628428419887515,1466,1429,2117,Central Michigan,fbs,Mid-American,42,"[0, 21, 7, 14]",0.8237157158011248,1357,1394,5.2706611572,,,,CollegeFootballData.com API,2026-08-31T17:36:52.108062+00:00,/games,1.3
401309632,2021,10,regular,2021-11-04T23:30:00.000Z,False,True,False,True,16007,3666,Cajun Field,309,Louisiana,fbs,Sun Belt,21,"[0, 0, 7, 14]",0.38136970022640115,1786,1777,2247,Georgia State,fbs,Sun Belt,17,"[3, 0, 7, 7]",0.6186302997735988,1358,1367,9.1432850343,,,,CollegeFootballData.com API,2026-08-31T17:36:52.108062+00:00,/games,1.3
401282677,2021,10,regular,2021-11-05T23:30:00.000Z,False,True,False,True,35637,3615,"Alumni Stadium (Chestnut Hill, MA)",103,Boston College,fbs,ACC,17,"[7, 3, 7, 0]",0.9853210844312293,1423,1461,259,Virginia Tech,fbs,ACC,3,"[0, 0, 3, 0]",0.014678915568770656,1533,1495,3.8000128382,,,,CollegeFootballData.com API,2026-08-31T17:36:52.108062+00:00,/games,1.3
401309888,2021,10,regular,2021-11-06T02:30:00.000Z,False,True,False,True,26410,3940,Stanford Stadium,24,Stanford,fbs,Pac-12,7,"[0, 0, 7, 0]",0.0005004726397449324,1502,1396,254,Utah,fbs,Pac-12,52,"[14, 24, 0, 14]",0.999499527360255,1729,1835,0.8878191062,,,,CollegeFootballData.com API,2026-08-31T17:36:52.108062+00:00,/games,1.3
401310253,2021,10,regular,2021-11-06T15:30:00.000Z,False,True,True,False,32537,4258,Dignity Health Sports Park,2005,Air Force,fbs,Mountain West,14,"[0, 0, 3, 11, 0]",0.29629597737002233,1696,1679,349,Army,fbs,FBS Independents,21,"[0, 0, 14, 0, 7]",0.7037040226299777,1568,1585,7.2492655665,,,,CollegeFootballData.com API,2026-08-31T17:36:52.108062+00:00,/games,1.3
401282799,2021,10,regular,2021-11-06T16:00:00.000Z,False,True,False,True,84426,3834,"Memorial Stadium (Lincoln, NE)",158,Nebraska,fbs,Big Ten,17,"[0, 10, 7, 0]",0.5133905953827564,1698,1713,194,Ohio State,fbs,Big Ten,26,"[0, 17, 6, 3]",0.48660940461724356,2128,2113,4.3260895161,,,,CollegeFootballData.com API,2026-08-31T17:36:52.108062+00:00,/games,1.3
401287935,2021,10,regular,2021-11-06T16:00:00.000Z,False,True,False,True,30611,3833,Memorial Stadium,2305,Kansas,fbs,Big 12,10,"[3, 0, 7, 0]",0.03314564620218108,962,963,2306,Kansas State,fbs,Big 12,35,"[14, 7, 7, 7]",0.9668543537978189,1596,1595,1.0136881342,,,,CollegeFootballData.com API,2026-08-31T17:36:52.108062+00:00,/games,1.3
401282682,2021,10,regular,2021-11-06T16:00:00.000Z,False,True,False,True,50500,3787,Kenan Stadium,153,North Carolina,fbs,ACC,58,"[14, 10, 10, 24]",0.9253171771116299,1662,1664,154,Wake Forest,fbs,ACC,55,"[10, 21, 17, 7]",0.07468282288837014,1718,1716,8.6570603111,,,,CollegeFootballData.com API,2026-08-31T17:36:52.108062+00:00,/games,1.3
401282678,2021,10,regular,2021-11-06T16:00:00.000Z,False,True,False,True,20693,3982,Wallace Wade Stadium,150,Duke,fbs,ACC,29,"[12, 7, 3, 7]",0.016349314262467215,1137,1133,221,Pittsburgh,fbs,ACC,54,"[7, 23, 14, 10]",0.9836506857375328,1723,1727,3.1574934335,,,,CollegeFootballData.com API,2026-08-31T17:36:52.108062+00:00,/games,1.3
401301039,2021,10,regular,2021-11-06T16:00:00.000Z,False,True,False,True,30191,3805,Simmons Bank Liberty Stadium,235,Memphis,fbs,American Athletic,28,"[0, 7, 14, 7]",0.774978167388441,1504,1507,2567,SMU,fbs,American Athletic,25,"[0, 10, 0, 15]",0.22502183261155895,1625,1622,8.4035544764,,,,CollegeFootballData.com API,2026-08-31T17:36:52.108062+00:00,/games,1.3
401282250,2021,10,regular,2021-11-06T16:00:00.000Z,False,True,False,True,21261,7221,Protective Stadium,5,UAB,fbs,Conference USA,52,"[7, 17, 7, 21]",0.9824818854643973,1512,1519,2348,Louisiana Tech,fbs,Conference USA,38,"[7, 14, 0, 17]",0.017518114535602702,1260,1253,5.8691139984,,,,CollegeFootballData.com API,2026-08-31T17:36:52.108062+00:00,/games,1.3
401282122,2021,10,regular,2021-11-06T16:00:00.000Z,False,True,False,True,92746,3917,Sanford Stadium,61,Georgia,fbs,SEC,43,"[7, 19, 14, 3]",0.9989497252110141,2142,2157,142,Missouri,fbs,SEC,6,"[3, 0, 0, 3]",0.0010502747889858943,1371,1356,1.1801331376,,,,CollegeFootballData.com API,2026-08-31T17:36:52.108062+00:00,/games,1.3
401282124,2021,10,regular,2021-11-06T16:00:00.000Z,False,True,False,False,53235,3974,Vaught-Hemingway Stadium,145,Ole Miss,fbs,SEC,27,"[10, 14, 3, 0]",0.9776854303830357,1729,1751,2335,Liberty,fbs,FBS Independents,14,"[0, 0, 14, 0]",0.02231456961696432,1684,1662,2.7056254919,,,,CollegeFootballData.com API,2026-08-31T17:36:52.108062+00:00,/games,1.3
401282720,2021,10,regular,2021-11-06T16:00:00.000Z,False,True,False,True,46382,3953,Huntington Bank Stadium,135,Minnesota,fbs,Big Ten,6,"[0, 0, 0, 6]",0.009632760988014365,1685,1640,356,Illinois,fbs,Big Ten,14,"[7, 7, 0, 0]",0.9903672390119856,1355,1400,3.8878685981,,,,CollegeFootballData.com API,2026-08-31T17:36:52.108062+00:00,/games,1.3
401282681,2021,10,regular,2021-11-06T16:30:00.000Z,False,True,False,True,48161,3948,Hard Rock Stadium,2390,Miami,fbs,ACC,33,"[14, 3, 7, 9]",0.9333244601456782,1545,1544,59,Georgia Tech,fbs,ACC,30,"[7, 14, 7, 2]",0.06667553985432184,1416,1417,8.4040682465,,,,CollegeFootballData.com API,2026-08-31T17:36:52.108062+00:00,/games,1.3
401309633,2021,10,regular,2021-11-06T18:00:00.000Z,False,True,False,True,9762,3625,Centennial Bank Stadium,2032,Arkansas State,fbs,Sun Belt,14,"[0, 14, 0, 0]",0.0005081391745865649,1186,1145,2026,App State,fbs,Sun Belt,48,"[14, 10, 14, 10]",0.9994918608254134,1645,1686,1.4925044466,,,,CollegeFootballData.com API,2026-08-31T17:36:52.108062+00:00,/games,1.3
401309889,2021,10,regular,2021-11-06T19:00:00.000Z,False,True,False,True,30677,3619,Arizona Stadium,12,Arizona,fbs,Pac-12,10,"[0, 0, 3, 7]",0.9675105402357709,1204,1233,25,California,fbs,Pac-12,3,"[0, 0, 3, 0]",0.03248945976422912,1517,1488,8.2938743015,,,,CollegeFootballData.com API,2026-08-31T17:36:52.108062+00:00,/games,1.3
401282252,2021,10,regular,2021-11-06T19:00:00.000Z,False,True,False,True,22478,3815,M. M. Roberts Stadium,2572,Southern Miss,fbs,Conference USA,14,"[14, 0, 0, 0]",0.0006177701564908673,1099,1045,249,North Texas,fbs,Conference USA,38,"[0, 7, 21, 10]",0.9993822298435091,1177,1231,5.1639796074,,,,CollegeFootballData.com API,2026-08-31T17:36:52.108062+00:00,/games,1.3
401309635,2021,10,regular,2021-11-06T19:00:00.000Z,False,True,False,True,16237,3644,Bobcat Stadium (TX),326,Texas State,fbs,Sun Belt,27,"[10, 10, 0, 7]",0.6605094592407448,1128,1133,2433,UL Monroe,fbs,Sun Belt,19,"[6, 10, 3, 0]",0.3394905407592552,1020,1015,9.8604054683,,,,CollegeFootballData.com API,2026-08-31T17:36:52.108062+00:00,/games,1.3
401301035,2021,10,regular,2021-11-06T19:00:00.000Z,False,True,False,True,32817,3699,Dowdy-Ficklen Stadium,151,East Carolina,fbs,American Athletic,45,"[7, 14, 14, 10]",0.9988991895645519,1489,1551,218,Temple,fbs,American Athletic,3,"[0, 0, 0, 3]",0.0011008104354480741,1025,963,2.2319548154,,,,CollegeFootballData.com API,2026-08-31T17:36:52.108062+00:00,/games,1.3
401309914,2021,10,regular,2021-11-06T19:30:00.000Z,False,True,False,False,63470,3801,LaVell Edwards Stadium,252,BYU,fbs,FBS Independents,59,"[21, 21, 7, 10]",0.9988784141093129,1863,,304,Idaho State,fcs,Big Sky,14,"[0, 7, 7, 0]",0.0011215858906871157,1003,,1.1804140681,,,,CollegeFootballData.com API,2026-08-31T17:36:52.108062+00:00,/games,1.3
401301037,2021,10,regular,2021-11-06T19:30:00.000Z,False,True,False,True,37978,3854,Nippert Stadium,2132,Cincinnati,fbs,American Athletic,28,"[14, 0, 14, 0]",0.7959859456467897,1939,1921,202,Tulsa,fbs,American Athletic,20,"[0, 12, 0, 8]",0.2040140543532103,1402,1420,2.9792665423,,,,CollegeFootballData.com API,2026-08-31T17:36:52.108062+00:00,/games,1.3
401286303,2021,10,regular,2021-11-06T19:30:00.000Z,False,True,False,False,7284,3985,Warren McGuirk Alumni Stadium,113,Massachusetts,fbs,FBS Independents,22,"[6, 10, 0, 6]",0.09067980363720375,528,,227,Rhode Island,fcs,CAA,35,"[7, 14, 14, 0]",0.9093201963627963,,,4.4949370259,,,,CollegeFootballData.com API,2026-08-31T17:36:52.108062+00:00,/games,1.3
401282787,2021,10,regular,2021-11-06T19:30:00.000Z,False,True,False,True,57748,3907,Ross-Ade Stadium,2509,Purdue,fbs,Big Ten,40,"[7, 14, 10, 9]",0.5894776602056844,1620,1640,127,Michigan State,fbs,Big Ten,29,"[7, 7, 7, 8]",0.4105223397943156,1626,1606,5.8218648508,,,,CollegeFootballData.com API,2026-08-31T17:36:52.108062+00:00,/games,1.3
401282126,2021,10,regular,2021-11-06T19:30:00.000Z,False,True,False,True,109835,3795,Kyle Field,245,Texas A&M,fbs,SEC,20,"[3, 0, 3, 14]",0.9475780167370786,1809,1841,2,Auburn,fbs,SEC,3,"[3, 0, 0, 0]",0.05242198326292136,1750,1718,6.2472843462,,,,CollegeFootballData.com API,2026-08-31T17:36:52.108062+00:00,/games,1.3
401287937,2021,10,regular,2021-11-06T19:30:00.000Z,False,True,False,True,50109,3842,Milan Puskar Stadium,277,West Virginia,fbs,Big 12,3,"[3, 0, 0, 0]",0.018099771548321965,1554,1525,197,Oklahoma State,fbs,Big 12,24,"[0, 10, 7, 7]",0.981900228451678,1784,1813,3.9292540084,,,,CollegeFootballData.com API,2026-08-31T17:36:52.108062+00:00,/games,1.3
401287936,2021,10,regular,2021-11-06T19:30:00.000Z,False,True,False,True,40338,3616,Amon G. Carter Stadium,2628,TCU,fbs,Big 12,30,"[7, 9, 7, 7]",0.8137268898406657,1549,1551,239,Baylor,fbs,Big 12,28,"[7, 7, 7, 7]",0.18627311015933434,1696,1694,9.1180076602,,,,CollegeFootballData.com API,2026-08-31T17:36:52.108062+00:00,/games,1.3
401310736,2021,10,regular,2021-11-06T19:30:00.000Z,False,True,False,True,24926,3984,War Memorial Stadium,2751,Wyoming,fbs,Mountain West,31,"[7, 10, 7, 7]",0.9132536148694428,1475,1507,36,Colorado State,fbs,Mountain West,17,"[7, 3, 0, 7]",0.08674638513055721,1517,1485,5.8307538363,,,,CollegeFootballData.com API,2026-08-31T17:36:52.108062+00:00,/games,1.3
401282824,2021,10,regular,2021-11-06T19:30:00.000Z,False,True,False,True,40280,6577,SHI Stadium,164,Rutgers,fbs,Big Ten,3,"[3, 0, 0, 0]",0.00035610265458996395,1424,1323,275,Wisconsin,fbs,Big Ten,52,"[7, 24, 21, 0]",0.99964389734541,1784,1885,1.3482405763,,,,CollegeFootballData.com API,2026-08-31T17:36:52.108062+00:00,/games,1.3
401282247,2021,10,regular,2021-11-06T19:30:00.000Z,False,True,False,True,16050,4418,Jerry Richardson Stadium,2429,Charlotte,fbs,Conference USA,31,"[7, 7, 0, 10, 7]",0.40411491946592343,1214,1219,242,Rice,fbs,Conference USA,24,"[0, 7, 10, 7, 0]",0.5958850805340765,1131,1126,6.0600383733,,,,CollegeFootballData.com API,2026-08-31T17:36:52.108062+00:00,/games,1.3
401282251,2021,10,regular,2021-11-06T19:30:00.000Z,False,True,False,True,15022,3796,Houchens Industries-L.T. Smith Stadium,98,Western Kentucky,fbs,Conference USA,48,"[21, 10, 17, 0]",0.9408445683662221,1503,1557,2393,Middle Tennessee,fbs,Conference USA,21,"[7, 7, 0, 7]",0.0591554316337779,1364,1310,2.2115484649,,,,CollegeFootballData.com API,2026-08-31T17:36:52.108062+00:00,/games,1.3
401282710,2021,10,regular,2021-11-06T19:30:00.000Z,False,True,False,False,77096,3855,Notre Dame Stadium,87,Notre Dame,fbs,FBS Independents,34,"[0, 17, 0, 17]",0.922760269671486,1828,1845,2426,Navy,fbs,American Athletic,6,"[3, 0, 3, 0]",0.07723973032851394,1316,1299,2.7668990252,,,,CollegeFootballData.com API,2026-08-31T17:36:52.108062+00:00,/games,1.3
401282768,2021,10,regular,2021-11-06T19:30:00.000Z,False,True,False,True,46924,3665,SECU Stadium,120,Maryland,fbs,Big Ten,14,"[0, 6, 0, 8]",0.06735766684508174,1316,1319,213,Penn State,fbs,Big Ten,31,"[7, 0, 7, 17]",0.9326423331549183,1781,1778,5.4300885016,,,,CollegeFootballData.com API,2026-08-31T17:36:52.108062+00:00,/games,1.3
401309636,2021,10,regular,2021-11-06T19:30:00.000Z,False,True,False,True,26211,3975,Veterans Memorial Stadium (AL),2653,Troy,fbs,Sun Belt,31,"[10, 21, 0, 0]",0.9191464911162268,1394,1403,6,South Alabama,fbs,Sun Belt,24,"[7, 7, 7, 3]",0.08085350888377318,1392,1383,5.1082283266,,,,CollegeFootballData.com API,2026-08-31T17:36:52.108062+00:00,/games,1.3
401310738,2021,10,regular,2021-11-06T20:00:00.000Z,False,True,False,False,7802,3601,Aggie Memorial Stadium,166,New Mexico State,fbs,FBS Independents,13,"[10, 3, 0, 0]",0.0030069439050059554,1106,1081,328,Utah State,fbs,Mountain West,35,"[0, 7, 21, 7]",0.996993056094994,1393,1418,4.2766557741,,,,CollegeFootballData.com API,2026-08-31T17:36:52.108062+00:00,/games,1.3
401282679,2021,10,regular,2021-11-06T20:00:00.000Z,False,True,False,True,50835,3697,Doak Campbell Stadium,52,Florida State,fbs,ACC,14,"[0, 0, 14, 0]",0.0026636046043567296,1514,1495,152,NC State,fbs,ACC,28,"[7, 7, 7, 7]",0.9973363953956432,1648,1667,4.1148713946,,,,CollegeFootballData.com API,2026-08-31T17:36:52.108062+00:00,/games,1.3
401301036,2021,10,regular,2021-11-06T20:00:00.000Z,False,True,False,True,41030,3652,FBC Mortgage Stadium,2116,UCF,fbs,American Athletic,14,"[7, 0, 0, 7]",0.8207068053227737,1652,1646,2655,Tulane,fbs,American Athletic,10,"[0, 0, 10, 0]",0.17929319467722626,1350,1356,6.5665991162,,,,CollegeFootballData.com API,2026-08-31T17:36:52.108062+00:00,/games,1.3
401282121,2021,10,regular,2021-11-06T20:00:00.000Z,False,True,False,True,68818,3887,Razorback Stadium,8,Arkansas,fbs,SEC,31,"[10, 3, 3, 15]",0.648424678938801,1593,1594,344,Mississippi State,fbs,SEC,28,"[0, 7, 7, 14]",0.35157532106119904,1619,1618,6.9763589203,,,,CollegeFootballData.com API,2026-08-31T17:36:52.108062+00:00,/games,1.3
401309634,2021,10,regular,2021-11-06T22:00:00.000Z,False,True,False,True,12875,3608,Allen E. Paulson Stadium,290,Georgia Southern,fbs,Sun Belt,8,"[0, 0, 0, 8]",0.16359013080396728,1343,1339,324,Coastal Carolina,fbs,Sun Belt,28,"[0, 21, 7, 0]",0.8364098691960327,1802,1806,1.786808356,,,,CollegeFootballData.com API,2026-08-31T17:36:52.108062+00:00,/games,1.3
401282249,2021,10,regular,2021-11-06T22:00:00.000Z,False,True,False,True,21803,3715,FAU Stadium,2226,Florida Atlantic,fbs,Conference USA,13,"[10, 3, 0, 0]",0.766218688071092,1594,1566,276,Marshall,fbs,Conference USA,28,"[7, 14, 7, 0]",0.23378131192890805,1664,1692,12.0955461038,,,,CollegeFootballData.com API,2026-08-31T17:36:52.108062+00:00,/games,1.3
401282248,2021,10,regular,2021-11-06T23:00:00.000Z,False,True,False,True,,218,FIU Stadium,2229,Florida International,fbs,Conference USA,24,"[10, 0, 7, 7]",0.02484207403093874,1126,1072,295,Old Dominion,fbs,Conference USA,47,"[24, 0, 6, 17]",0.9751579259690613,1182,1236,3.8195166454,,,,CollegeFootballData.com API,2026-08-31T17:36:52.108062+00:00,/games,1.3
401309891,2021,10,regular,2021-11-06T23:00:00.000Z,False,True,False,True,47984,3726,Folsom Field,38,Colorado,fbs,Pac-12,37,"[10, 3, 7, 7, 10]",0.7487219374032021,1342,1345,204,Oregon State,fbs,Pac-12,34,"[0, 10, 7, 10, 7]",0.25127806259679786,1518,1515,9.3640672117,,,,CollegeFootballData.com API,2026-08-31T17:36:52.108062+00:00,/games,1.3
401282123,2021,10,regular,2021-11-06T23:00:00.000Z,False,True,False,True,61690,3683,Kroger Field,96,Kentucky,fbs,SEC,42,"[7, 14, 14, 7]",0.21207967822832413,1636,1631,2633,Tennessee,fbs,SEC,45,"[14, 10, 14, 7]",0.7879203217716759,1623,1628,8.068972155,,,,CollegeFootballData.com API,2026-08-31T17:36:52.108062+00:00,/games,1.3
401282757,2021,10,regular,2021-11-06T23:00:00.000Z,False,True,False,True,38141,3911,Ryan Field,77,Northwestern,fbs,Big Ten,12,"[0, 3, 3, 6]",0.24338315099218175,1400,1416,2294,Iowa,fbs,Big Ten,17,"[7, 7, 3, 0]",0.7566168490078182,1780,1764,3.6925539078,,,,CollegeFootballData.com API,2026-08-31T17:36:52.108062+00:00,/games,1.3
401282120,2021,10,regular,2021-11-06T23:00:00.000Z,False,True,False,True,100077,3657,Bryant-Denny Stadium,333,Alabama,fbs,SEC,20,"[0, 14, 6, 0]",0.5969592340136527,2205,2187,99,LSU,fbs,SEC,14,"[7, 0, 7, 0]",0.4030407659863473,1624,1642,3.6203234682,,,,CollegeFootballData.com API,2026-08-31T17:36:52.108062+00:00,/games,1.3
401310737,2021,10,regular,2021-11-06T23:00:00.000Z,False,True,False,True,14007,3971,University Stadium (NM),167,New Mexico,fbs,Mountain West,17,"[7, 10, 0, 0]",0.3597993725778223,1228,1188,2439,UNLV,fbs,Mountain West,31,"[7, 14, 3, 7]",0.6402006274221776,1147,1187,4.5353848595,,,,CollegeFootballData.com API,2026-08-31T17:36:52.108062+00:00,/games,1.3
401310735,2021,10,regular,2021-11-06T23:00:00.000Z,False,True,False,True,41031,3660,Valley Children's Stadium,278,Fresno State,fbs,Mountain West,14,"[0, 7, 0, 7]",0.01443967428411754,1627,1563,68,Boise State,fbs,Mountain West,40,"[10, 6, 7, 17]",0.9855603257158825,1682,1746,4.1637696664,,,,CollegeFootballData.com API,2026-08-31T17:36:52.108062+00:00,/games,1.3
401309890,2021,10,regular,2021-11-06T23:30:00.000Z,False,True,False,True,63193,3765,Husky Stadium,264,Washington,fbs,Pac-12,16,"[9, 0, 0, 7]",0.000738146058943038,1666,1651,2483,Oregon,fbs,Pac-12,26,"[3, 7, 7, 9]",0.9992618539410569,1729,1744,4.4872826898,,,,CollegeFootballData.com API,2026-08-31T17:36:52.108062+00:00,/games,1.3
401287934,2021,10,regular,2021-11-06T23:30:00.000Z,False,True,False,True,61500,3772,Jack Trice Stadium,66,Iowa State,fbs,Big 12,30,"[3, 0, 21, 6]",0.9825384939950557,1856,1909,251,Texas,fbs,Big 12,7,"[0, 7, 0, 0]",0.017461506004944338,1829,1776,7.2161938554,,,,CollegeFootballData.com API,2026-08-31T17:36:52.108062+00:00,/games,1.3
401282125,2021,10,regular,2021-11-06T23:30:00.000Z,False,True,False,True,70131,3994,Williams-Brice Stadium,2579,South Carolina,fbs,SEC,40,"[10, 20, 10, 0]",0.9907988835977395,1321,1432,57,Florida,fbs,SEC,17,"[7, 3, 0, 7]",0.009201116402260512,1753,1642,4.2431672828,,,,CollegeFootballData.com API,2026-08-31T17:36:52.108062+00:00,/games,1.3
401301038,2021,10,regular,2021-11-06T23:30:00.000Z,False,True,False,True,28667,3886,Raymond James Stadium,58,South Florida,fbs,American Athletic,42,"[14, 14, 7, 7]",0.0030464817826774938,1201,1215,248,Houston,fbs,American Athletic,54,"[9, 17, 21, 7]",0.9969535182173225,1676,1662,5.0226218441,,,,CollegeFootballData.com API,2026-08-31T17:36:52.108062+00:00,/games,1.3
401282727,2021,10,regular,2021-11-06T23:30:00.000Z,False,True,False,True,109890,3558,Michigan Stadium,130,Michigan,fbs,Big Ten,29,"[3, 14, 6, 6]",0.9949387756865409,1870,1882,84,Indiana,fbs,Big Ten,7,"[0, 7, 0, 0]",0.005061224313459123,1461,1449,2.3116094875,,,,CollegeFootballData.com API,2026-08-31T17:36:52.108062+00:00,/games,1.3
401282680,2021,10,regular,2021-11-06T23:30:00.000Z,False,True,False,True,51729,3873,L&N Federal Credit Union Stadium,97,Louisville,fbs,ACC,24,"[14, 3, 7, 0]",0.7695318377174097,1526,1536,228,Clemson,fbs,ACC,30,"[7, 10, 0, 13]",0.23046816228259026,1820,1810,7.4943106163,,,,CollegeFootballData.com API,2026-08-31T17:36:52.108062+00:00,/games,1.3
401310740,2021,10,regular,2021-11-07T02:00:00.000Z,False,True,False,True,17770,3816,Mackay Stadium,2440,Nevada,fbs,Mountain West,27,"[7, 0, 10, 10]",0.28297089224673394,1587,1586,23,San José State,fbs,Mountain West,24,"[7, 0, 7, 10]",0.717029107753266,1394,1395,8.3141665013,,,,CollegeFootballData.com API,2026-08-31T17:36:52.108062+00:00,/games,1.3
401282253,2021,10,regular,2021-11-07T02:15:00.000Z,False,True,False,True,31658,3946,Sun Bowl,2638,UTEP,fbs,Conference USA,23,"[6, 3, 7, 7]",0.1837359316278912,1316,1295,2636,UTSA,fbs,Conference USA,44,"[16, 14, 7, 7]",0.8162640683721087,1620,1641,1.9523581112,,,,CollegeFootballData.com API,2026-08-31T17:36:52.108062+00:00,/games,1.3
401309892,2021,10,regular,2021-11-07T02:30:00.000Z,False,True,False,True,53926,3947,Mountain America Stadium,9,Arizona State,fbs,Pac-12,31,"[7, 7, 3, 14]",0.9981628255487168,1662,1687,30,USC,fbs,Pac-12,16,"[0, 10, 6, 0]",0.0018371744512831745,1587,1562,6.8926293201,,,,CollegeFootballData.com API,2026-08-31T17:36:52.108062+00:00,/games,1.3
401310739,2021,10,regular,2021-11-07T03:00:00.000Z,False,True,False,True,6239,7220,Clarence T.C. Ching Athletics Complex,62,Hawai'i,fbs,Mountain West,10,"[7, 0, 0, 3]",0.023644021281582762,1316,1325,21,San Diego State,fbs,Mountain West,17,"[7, 7, 0, 3]",0.9763559787184173,1620,1611,4.4309027199,,,,CollegeFootballData.com API,2026-08-31T17:36:52.108062+00:00,/games,1.3
401308840,2021,11,regular,2021-11-10T00:00:00.000Z,False,True,False,True,10069,3996,Yager Stadium,193,Miami (OH),fbs,Mid-American,45,"[10, 14, 14, 7]",0.9975492560069285,1409,1484,2084,Buffalo,fbs,Mid-American,18,"[7, 3, 0, 8]",0.002450743993071547,1450,1375,3.4034775129,,,,CollegeFootballData.com API,2026-08-31T17:36:52.108062+00:00,/games,1.3
401309584,2021,11,regular,2021-11-10T00:00:00.000Z,False,True,False,True,8443,3980,Waldo Stadium,2711,Western Michigan,fbs,Mid-American,45,"[7, 17, 7, 14]",0.9979770912588009,1429,1418,2006,Akron,fbs,Mid-American,40,"[7, 7, 10, 16]",0.0020229087411991475,986,997,4.498832763,,,,CollegeFootballData.com API,2026-08-31T17:36:52.108062+00:00,/games,1.3
401309583,2021,11,regular,2021-11-10T01:00:00.000Z,False,True,False,True,13636,3912,Rynearson Stadium,2199,Eastern Michigan,fbs,Mid-American,26,"[7, 6, 7, 6]",0.009288718735822425,1486,1457,195,Ohio,fbs,Mid-American,34,"[14, 6, 7, 7]",0.9907112812641776,1333,1362,5.0326889284,,,,CollegeFootballData.com API,2026-08-31T17:36:52.108062+00:00,/games,1.3
401309585,2021,11,regular,2021-11-11T00:00:00.000Z,False,True,False,True,18349,3700,Doyt L. Perry Stadium,189,Bowling Green,fbs,Mid-American,17,"[7, 3, 0, 7]",0.00031309261433119063,1080,1040,2649,Toledo,fbs,Mid-American,49,"[14, 21, 7, 7]",0.9996869073856688,1497,1537,2.0257558905,,,,CollegeFootballData.com API,2026-08-31T17:36:52.108062+00:00,/games,1.3
401309587,2021,11,regular,2021-11-11T00:00:00.000Z,False,True,False,True,7894,3764,Huskie Stadium,2459,Northern Illinois,fbs,Mid-American,30,"[0, 17, 3, 10]",0.860103355650031,1254,1261,2050,Ball State,fbs,Mid-American,29,"[10, 7, 9, 3]",0.13989664434996896,1470,1463,7.5474072993,,,,CollegeFootballData.com API,2026-08-31T17:36:52.108062+00:00,/games,1.3
401309586,2021,11,regular,2021-11-11T01:00:00.000Z,False,True,False,True,9213,3786,Kelly/Shorts Stadium,2117,Central Michigan,fbs,Mid-American,54,"[0, 26, 14, 14]",0.8592090620636396,1394,1444,2309,Kent State,fbs,Mid-American,30,"[14, 3, 13, 0]",0.14079093793636044,1304,1254,5.255057321,,,,CollegeFootballData.com API,2026-08-31T17:36:52.108062+00:00,/games,1.3
401282683,2021,11,regular,2021-11-12T00:30:00.000Z,False,True,False,True,41687,3752,Acrisure Stadium,221,Pittsburgh,fbs,ACC,30,"[17, 6, 0, 0, 7]",0.5666459302840484,1727,1733,153,North Carolina,fbs,ACC,23,"[0, 7, 6, 10, 0]",0.4333540697159516,1664,1658,5.0917952946,,,,CollegeFootballData.com API,2026-08-31T17:36:52.108062+00:00,/games,1.3
401301040,2021,11,regular,2021-11-12T23:00:00.000Z,False,True,False,True,30780,3886,Raymond James Stadium,58,South Florida,fbs,American Athletic,28,"[7, 0, 14, 7]",0.14092166511950188,1215,1238,2132,Cincinnati,fbs,American Athletic,45,"[7, 17, 7, 14]",0.8590783348804981,1921,1898,2.1550605524,,,,CollegeFootballData.com API,2026-08-31T17:36:52.108062+00:00,/games,1.3
401310742,2021,11,regular,2021-11-13T02:00:00.000Z,False,True,False,True,35454,3653,Albertsons Stadium,68,Boise State,fbs,Mountain West,23,"[7, 3, 3, 10]",0.5276219910358638,1746,1747,2751,Wyoming,fbs,Mountain West,13,"[0, 7, 0, 6]",0.4723780089641362,1507,1506,3.8980187049,,,,CollegeFootballData.com API,2026-08-31T17:36:52.108062+00:00,/games,1.3
401282127,2021,11,regular,2021-11-13T17:00:00.000Z,False,True,False,False,97011,3657,Bryant-Denny Stadium,333,Alabama,fbs,SEC,59,"[14, 35, 0, 10]",0.9989705564645348,2187,2216,166,New Mexico State,fbs,FBS Independents,3,"[3, 0, 0, 0]",0.001029443535465191,1081,1052,1.0446547507,,,,CollegeFootballData.com API,2026-08-31T17:36:52.108062+00:00,/games,1.3
401287939,2021,11,regular,2021-11-13T17:00:00.000Z,False,True,False,True,43932,3636,Bill Snyder Family Stadium,2306,Kansas State,fbs,Big 12,34,"[14, 3, 7, 10]",0.9291757852616055,1595,1626,277,West Virginia,fbs,Big 12,17,"[0, 3, 7, 7]",0.07082421473839451,1525,1494,3.421870983,,,,CollegeFootballData.com API,2026-08-31T17:36:52.108062+00:00,/games,1.3
401287938,2021,11,regular,2021-11-13T17:00:00.000Z,False,True,False,True,46782,4727,McLane Stadium,239,Baylor,fbs,Big 12,27,"[0, 7, 3, 17]",0.8145319338888897,1694,1737,201,Oklahoma,fbs,Big 12,14,"[0, 7, 0, 7]",0.18546806611111033,1888,1845,11.8280055206,,,,CollegeFootballData.com API,2026-08-31T17:36:52.108062+00:00,/games,1.3
401282806,2021,11,regular,2021-11-13T17:00:00.000Z,False,True,False,True,73194,347,Camp Randall Stadium,275,Wisconsin,fbs,Big Ten,35,"[0, 21, 14, 0]",0.9989342399895513,1885,1907,77,Northwestern,fbs,Big Ten,7,"[0, 0, 0, 7]",0.0010657600104486686,1416,1394,1.7345704148,,,,CollegeFootballData.com API,2026-08-31T17:36:52.108062+00:00,/games,1.3
401301041,2021,11,regular,2021-11-13T17:00:00.000Z,False,True,False,True,23175,3735,Gerald J. Ford Stadium,2567,SMU,fbs,American Athletic,55,"[21, 17, 7, 10]",0.9931469403760727,1622,1695,2116,UCF,fbs,American Athletic,28,"[14, 0, 7, 7]",0.006853059623927349,1646,1573,3.8403056811,,,,CollegeFootballData.com API,2026-08-31T17:36:52.108062+00:00,/games,1.3
401282728,2021,11,regular,2021-11-13T17:00:00.000Z,False,True,False,True,40171,3830,"Memorial Stadium (Bloomington, IN)",84,Indiana,fbs,Big Ten,3,"[0, 3, 0, 0]",0.0395829779333589,1449,1328,164,Rutgers,fbs,Big Ten,38,"[14, 3, 14, 7]",0.9604170220666411,1323,1444,3.2728002094,,,,CollegeFootballData.com API,2026-08-31T17:36:52.108062+00:00,/games,1.3
401301043,2021,11,regular,2021-11-13T17:00:00.000Z,False,True,False,True,18440,3806,Lincoln Financial Field,218,Temple,fbs,American Athletic,8,"[0, 0, 0, 8]",0.0010921034634481044,963,961,248,Houston,fbs,American Athletic,37,"[7, 3, 14, 13]",0.9989078965365519,1662,1664,0.989805498,,,,CollegeFootballData.com API,2026-08-31T17:36:52.108062+00:00,/games,1.3
401310254,2021,11,regular,2021-11-13T17:00:00.000Z,False,True,False,False,26887,3841,Michie Stadium,349,Army,fbs,FBS Independents,63,"[21, 21, 7, 14]",0.9989701231409008,1659,,2083,Bucknell,fcs,Patriot,10,"[0, 0, 10, 0]",0.0010298768590991658,969,,1.0133323322,,,,CollegeFootballData.com API,2026-08-31T17:36:52.108062+00:00,/games,1.3
401282780,2021,11,regular,2021-11-13T17:00:00.000Z,False,True,False,True,109534,3632,Beaver Stadium,213,Penn State,fbs,Big Ten,17,"[3, 3, 0, 11]",0.022336180096646296,1778,1778,130,Michigan,fbs,Big Ten,21,"[0, 7, 7, 7]",0.9776638199033537,1882,1882,7.2039600905,,,,CollegeFootballData.com API,2026-08-31T17:36:52.108062+00:00,/games,1.3
401282684,2021,11,regular,2021-11-13T17:00:00.000Z,False,True,False,False,77522,3836,"Memorial Stadium (Clemson, SC)",228,Clemson,fbs,ACC,44,"[10, 20, 7, 7]",0.9972851019612098,1810,1815,41,UConn,fbs,FBS Independents,7,"[7, 0, 0, 0]",0.0027148980387902144,940,935,1.2899831397,,,,CollegeFootballData.com API,2026-08-31T17:36:52.108062+00:00,/games,1.3
401286304,2021,11,regular,2021-11-13T17:00:00.000Z,False,True,False,False,5331,3985,Warren McGuirk Alumni Stadium,113,Massachusetts,fbs,FBS Independents,10,"[10, 0, 0, 0]",0.010150952797646553,528,,311,Maine,fcs,CAA,35,"[0, 14, 7, 14]",0.9898490472023534,1441,,3.9107750961,,,,CollegeFootballData.com API,2026-08-31T17:36:52.108062+00:00,/games,1.3
401282129,2021,11,regular,2021-11-13T17:00:00.000Z,False,True,False,False,70098,3634,Ben Hill Griffin Stadium,57,Florida,fbs,SEC,70,"[14, 21, 21, 14]",0.9989313224362278,1775,,2535,Samford,fcs,Southern,52,"[21, 21, 0, 10]",0.001068677563772158,1066,,3.2634611337,,,,CollegeFootballData.com API,2026-08-31T17:36:52.108062+00:00,/games,1.3
401282687,2021,11,regular,2021-11-13T17:00:00.000Z,False,True,False,True,43797,3873,L&N Federal Credit Union Stadium,97,Louisville,fbs,ACC,41,"[14, 21, 3, 3]",0.998922545960125,1536,1640,183,Syracuse,fbs,ACC,3,"[3, 0, 0, 0]",0.0010774540398750254,1496,1392,2.5119668725,,,,CollegeFootballData.com API,2026-08-31T17:36:52.108062+00:00,/games,1.3
401301042,2021,11,regular,2021-11-13T17:00:00.000Z,False,True,False,True,28431,3805,Simmons Bank Liberty Stadium,235,Memphis,fbs,American Athletic,29,"[7, 6, 7, 3, 6]",0.2901785201165451,1507,1508,151,East Carolina,fbs,American Athletic,30,"[7, 9, 0, 7, 7]",0.7098214798834549,1551,1550,8.2913852327,,,,CollegeFootballData.com API,2026-08-31T17:36:52.108062+00:00,/games,1.3
401282128,2021,11,regular,2021-11-13T17:00:00.000Z,False,True,False,True,87451,3785,Jordan-Hare Stadium,2,Auburn,fbs,SEC,34,"[14, 14, 0, 6]",0.4110819307658846,1718,1691,344,Mississippi State,fbs,SEC,43,"[3, 7, 13, 20]",0.5889180692341154,1618,1645,4.2064484362,,,,CollegeFootballData.com API,2026-08-31T17:36:52.108062+00:00,/games,1.3
401282259,2021,11,regular,2021-11-13T19:00:00.000Z,False,True,False,True,17883,3895,Rice Stadium,242,Rice,fbs,Conference USA,21,"[0, 0, 7, 14]",0.01274189410378844,1126,1117,98,Western Kentucky,fbs,Conference USA,42,"[7, 21, 0, 14]",0.9872581058962115,1557,1566,2.4426803356,,,,CollegeFootballData.com API,2026-08-31T17:36:52.108062+00:00,/games,1.3
401309896,2021,11,regular,2021-11-13T19:00:00.000Z,False,True,False,True,32008,3619,Arizona Stadium,12,Arizona,fbs,Pac-12,29,"[14, 3, 3, 9]",0.012053379946207709,1233,1259,254,Utah,fbs,Pac-12,38,"[7, 14, 10, 7]",0.9879466200537923,1835,1809,3.1357472609,,,,CollegeFootballData.com API,2026-08-31T17:36:52.108062+00:00,/games,1.3
401309639,2021,11,regular,2021-11-13T19:00:00.000Z,False,True,False,True,16744,3654,Brooks Stadium (SC),324,Coastal Carolina,fbs,Sun Belt,40,"[14, 9, 3, 14]",0.32412629968889894,1806,1776,2247,Georgia State,fbs,Sun Belt,42,"[14, 14, 0, 14]",0.675873700311101,1367,1397,6.1133857367,,,,CollegeFootballData.com API,2026-08-31T17:36:52.108062+00:00,/games,1.3
401309637,2021,11,regular,2021-11-13T19:30:00.000Z,False,True,False,True,29348,3792,Kidd Brewer Stadium,2026,App State,fbs,Sun Belt,31,"[14, 0, 3, 14]",0.994499976896241,1686,1714,6,South Alabama,fbs,Sun Belt,7,"[0, 7, 0, 0]",0.005500023103758966,1383,1355,2.7903358118,,,,CollegeFootballData.com API,2026-08-31T17:36:52.108062+00:00,/games,1.3
401309640,2021,11,regular,2021-11-13T20:00:00.000Z,False,True,False,True,15896,3644,Bobcat Stadium (TX),326,Texas State,fbs,Sun Belt,30,"[0, 17, 7, 6]",0.11538523930608176,1133,1133,290,Georgia Southern,fbs,Sun Belt,38,"[3, 14, 14, 7]",0.8846147606939182,1339,1339,7.8792694731,,,,CollegeFootballData.com API,2026-08-31T17:36:52.108062+00:00,/games,1.3
401282255,2021,11,regular,2021-11-13T20:30:00.000Z,False,True,False,True,10606,3725,"Johnny ""Red"" Floyd Stadium",2393,Middle Tennessee,fbs,Conference USA,50,"[7, 27, 9, 7]",0.9983117954703544,1310,1394,2229,Florida International,fbs,Conference USA,10,"[3, 0, 0, 7]",0.001688204529645576,1072,988,2.0124593381,,,,CollegeFootballData.com API,2026-08-31T17:36:52.108062+00:00,/games,1.3
401282260,2021,11,regular,2021-11-13T20:30:00.000Z,False,True,False,True,30105,3604,Alamodome,2636,UTSA,fbs,Conference USA,27,"[0, 10, 7, 10]",0.08726680007136163,1641,1620,2572,Southern Miss,fbs,Conference USA,17,"[0, 10, 7, 0]",0.9127331999286383,1045,1066,4.6786428668,,,,CollegeFootballData.com API,2026-08-31T17:36:52.108062+00:00,/games,1.3
401282254,2021,11,regular,2021-11-13T20:30:00.000Z,False,True,False,True,14068,3776,Joe Aillet Stadium,2348,Louisiana Tech,fbs,Conference USA,42,"[7, 7, 14, 14]",0.9724147708834032,1253,1268,2429,Charlotte,fbs,Conference USA,32,"[0, 7, 10, 15]",0.027585229116596777,1219,1204,4.4871439456,,,,CollegeFootballData.com API,2026-08-31T17:36:52.108062+00:00,/games,1.3
401309641,2021,11,regular,2021-11-13T20:30:00.000Z,False,True,False,True,24738,3975,Veterans Memorial Stadium (AL),2653,Troy,fbs,Sun Belt,21,"[10, 3, 0, 8]",0.184423112443366,1403,1405,309,Louisiana,fbs,Sun Belt,35,"[14, 0, 14, 7]",0.815576887556634,1777,1775,4.8827313593,,,,CollegeFootballData.com API,2026-08-31T17:36:52.108062+00:00,/games,1.3
401282812,2021,11,regular,2021-11-13T20:30:00.000Z,False,True,False,True,101009,3861,Ohio Stadium,194,Ohio State,fbs,Big Ten,59,"[21, 24, 7, 7]",0.9951596257391611,2113,2134,2509,Purdue,fbs,Big Ten,31,"[7, 10, 14, 0]",0.004840374260838942,1640,1619,1.6801395501,,,,CollegeFootballData.com API,2026-08-31T17:36:52.108062+00:00,/games,1.3
401282685,2021,11,regular,2021-11-13T20:30:00.000Z,False,True,False,True,71917,3697,Doak Campbell Stadium,52,Florida State,fbs,ACC,31,"[14, 6, 0, 11]",0.9071973864290689,1495,1497,2390,Miami,fbs,ACC,28,"[0, 7, 7, 14]",0.09280261357093111,1544,1542,7.3491366213,,,,CollegeFootballData.com API,2026-08-31T17:36:52.108062+00:00,/games,1.3
401282256,2021,11,regular,2021-11-13T20:30:00.000Z,False,True,False,True,13634,3918,S.B. Ballard Stadium,295,Old Dominion,fbs,Conference USA,30,"[2, 9, 6, 13]",0.4847231541744178,1236,1296,2226,Florida Atlantic,fbs,Conference USA,16,"[3, 0, 7, 6]",0.5152768458255822,1566,1506,7.3135289584,,,,CollegeFootballData.com API,2026-08-31T17:36:52.108062+00:00,/games,1.3
401282133,2021,11,regular,2021-11-13T20:30:00.000Z,False,True,False,True,100074,3853,Neyland Stadium,2633,Tennessee,fbs,SEC,17,"[10, 0, 0, 7]",0.02825733791249739,1628,1621,61,Georgia,fbs,SEC,41,"[7, 17, 3, 14]",0.9717426620875026,2157,2164,2.2533105767,,,,CollegeFootballData.com API,2026-08-31T17:36:52.108062+00:00,/games,1.3
401282762,2021,11,regular,2021-11-13T20:30:00.000Z,False,True,False,True,69250,3793,Kinnick Stadium,2294,Iowa,fbs,Big Ten,27,"[3, 7, 7, 10]",0.6018732149899791,1764,1764,135,Minnesota,fbs,Big Ten,22,"[3, 10, 3, 6]",0.39812678501002086,1640,1640,8.0009274033,,,,CollegeFootballData.com API,2026-08-31T17:36:52.108062+00:00,/games,1.3
401282257,2021,11,regular,2021-11-13T20:30:00.000Z,False,True,False,True,19329,3775,Joan C. Edwards Stadium,276,Marshall,fbs,Conference USA,14,"[0, 7, 7, 0]",0.002671173248510929,1692,1665,5,UAB,fbs,Conference USA,21,"[14, 0, 7, 0]",0.997328826751489,1519,1546,5.9010105885,,,,CollegeFootballData.com API,2026-08-31T17:36:52.108062+00:00,/games,1.3
401282686,2021,11,regular,2021-11-13T20:30:00.000Z,False,True,False,True,31511,721,Bobby Dodd Stadium,59,Georgia Tech,fbs,ACC,30,"[14, 7, 3, 6]",0.0027022869489537423,1417,1397,103,Boston College,fbs,ACC,41,"[7, 21, 0, 13]",0.9972977130510463,1461,1481,5.6296930762,,,,CollegeFootballData.com API,2026-08-31T17:36:52.108062+00:00,/games,1.3
401287942,2021,11,regular,2021-11-13T20:30:00.000Z,False,True,False,True,47158,3784,Jones AT&T Stadium,2641,Texas Tech,fbs,Big 12,41,"[14, 17, 0, 10]",0.8476720304747583,1451,1459,66,Iowa State,fbs,Big 12,38,"[7, 7, 7, 17]",0.15232796952524175,1909,1901,6.999129831,,,,CollegeFootballData.com API,2026-08-31T17:36:52.108062+00:00,/games,1.3
401282689,2021,11,regular,2021-11-13T20:30:00.000Z,False,True,False,True,56730,3799,Lane Stadium,259,Virginia Tech,fbs,ACC,48,"[7, 10, 10, 21]",0.9989480475567387,1495,1536,150,Duke,fbs,ACC,17,"[0, 3, 7, 7]",0.0010519524432612837,1133,1092,2.5121688269,,,,CollegeFootballData.com API,2026-08-31T17:36:52.108062+00:00,/games,1.3
401282258,2021,11,regular,2021-11-13T21:00:00.000Z,False,True,False,True,20056,3825,DATCU Stadium,249,North Texas,fbs,Conference USA,20,"[0, 3, 14, 3]",0.5946110777813078,1231,1233,2638,UTEP,fbs,Conference USA,17,"[0, 7, 0, 10]",0.40538892221869216,1295,1293,6.244490488,,,,CollegeFootballData.com API,2026-08-31T17:36:52.108062+00:00,/games,1.3
401282132,2021,11,regular,2021-11-13T21:00:00.000Z,False,True,False,True,44092,3838,Memorial Stadium,142,Missouri,fbs,SEC,31,"[0, 17, 7, 7]",0.8981463790134644,1356,1358,2579,South Carolina,fbs,SEC,28,"[7, 7, 0, 14]",0.10185362098653561,1432,1430,6.705839534,,,,CollegeFootballData.com API,2026-08-31T17:36:52.108062+00:00,/games,1.3
401301044,2021,11,regular,2021-11-13T21:00:00.000Z,False,True,False,True,22784,4729,Yulman Stadium,2655,Tulane,fbs,American Athletic,13,"[0, 3, 0, 10, 0]",0.11513900817455508,1356,1348,202,Tulsa,fbs,American Athletic,20,"[10, 3, 0, 0, 7]",0.8848609918254449,1420,1428,5.8299856043,,,,CollegeFootballData.com API,2026-08-31T17:36:52.108062+00:00,/games,1.3
401282771,2021,11,regular,2021-11-13T21:00:00.000Z,False,True,False,True,67437,3936,Spartan Stadium,127,Michigan State,fbs,Big Ten,40,"[13, 14, 7, 6]",0.9939252772722169,1606,1622,120,Maryland,fbs,Big Ten,21,"[7, 7, 7, 0]",0.006074722727783088,1319,1303,3.1245939607,,,,CollegeFootballData.com API,2026-08-31T17:36:52.108062+00:00,/games,1.3
401310745,2021,11,regular,2021-11-13T21:00:00.000Z,False,True,False,True,19623,6501,Allegiant Stadium,2439,UNLV,fbs,Mountain West,27,"[7, 3, 10, 7]",0.9450122879311292,1187,1228,62,Hawai'i,fbs,Mountain West,13,"[10, 0, 0, 3]",0.054987712068870764,1325,1284,5.1664410829,,,,CollegeFootballData.com API,2026-08-31T17:36:52.108062+00:00,/games,1.3
401309638,2021,11,regular,2021-11-13T22:00:00.000Z,False,True,False,True,12010,3817,Malone Stadium,2433,UL Monroe,fbs,Sun Belt,24,"[0, 7, 17, 0]",0.14060026790568458,1015,1018,2032,Arkansas State,fbs,Sun Belt,27,"[7, 3, 7, 10]",0.8593997320943154,1145,1142,9.2674009651,,,,CollegeFootballData.com API,2026-08-31T17:36:52.108062+00:00,/games,1.3
401309894,2021,11,regular,2021-11-13T22:30:00.000Z,False,True,False,True,35129,3893,Reser Stadium,204,Oregon State,fbs,Pac-12,35,"[7, 7, 14, 7]",0.99883821339818,1515,1552,24,Stanford,fbs,Pac-12,14,"[0, 0, 7, 7]",0.0011617866018199807,1396,1359,2.6304581879,,,,CollegeFootballData.com API,2026-08-31T17:36:52.108062+00:00,/games,1.3
401309897,2021,11,regular,2021-11-14T00:00:00.000Z,False,True,False,True,57858,3765,Husky Stadium,264,Washington,fbs,Pac-12,30,"[14, 3, 7, 6]",0.06081408181403219,1651,1645,9,Arizona State,fbs,Pac-12,35,"[0, 7, 7, 21]",0.9391859181859679,1687,1693,7.3319492266,,,,CollegeFootballData.com API,2026-08-31T17:36:52.108062+00:00,/games,1.3
401310743,2021,11,regular,2021-11-14T00:00:00.000Z,False,True,False,True,35020,3660,Valley Children's Stadium,278,Fresno State,fbs,Mountain West,34,"[7, 17, 10, 0]",0.9906418549163415,1563,1591,167,New Mexico,fbs,Mountain West,7,"[0, 0, 7, 0]",0.009358145083658509,1188,1160,1.3971745487,,,,CollegeFootballData.com API,2026-08-31T17:36:52.108062+00:00,/games,1.3
401282134,2021,11,regular,2021-11-14T00:00:00.000Z,False,True,False,True,25798,3973,FirstBank Stadium,238,Vanderbilt,fbs,SEC,17,"[3, 0, 8, 6]",0.005216896969370836,1041,1055,96,Kentucky,fbs,SEC,34,"[7, 24, 0, 3]",0.9947831030306291,1631,1617,0.9696859589,,,,CollegeFootballData.com API,2026-08-31T17:36:52.108062+00:00,/games,1.3
401282131,2021,11,regular,2021-11-14T00:00:00.000Z,False,True,False,True,64425,3974,Vaught-Hemingway Stadium,145,Ole Miss,fbs,SEC,29,"[10, 5, 0, 14]",0.9287116247044894,1751,1775,245,Texas A&M,fbs,SEC,19,"[0, 0, 10, 9]",0.07128837529551058,1841,1817,7.3014649193,,,,CollegeFootballData.com API,2026-08-31T17:36:52.108062+00:00,/games,1.3
401310741,2021,11,regular,2021-11-14T00:00:00.000Z,False,True,False,True,25550,5388,Canvas Stadium,36,Colorado State,fbs,Mountain West,21,"[7, 7, 7, 0]",0.03416958856386876,1485,1471,2005,Air Force,fbs,Mountain West,35,"[21, 0, 14, 0]",0.9658304114361312,1679,1693,3.6457038442,,,,CollegeFootballData.com API,2026-08-31T17:36:52.108062+00:00,/games,1.3
401282690,2021,11,regular,2021-11-14T00:30:00.000Z,False,True,False,True,34503,3630,Allegacy Federal Credit Union Stadium,154,Wake Forest,fbs,ACC,45,"[7, 17, 7, 14]",0.7641203909547901,1716,1716,152,NC State,fbs,ACC,42,"[6, 14, 7, 15]",0.23587960904520988,1667,1667,9.9160874185,,,,CollegeFootballData.com API,2026-08-31T17:36:52.108062+00:00,/games,1.3
401287941,2021,11,regular,2021-11-14T00:30:00.000Z,False,True,False,True,95202,3910,DKR-Texas Memorial Stadium,251,Texas,fbs,Big 12,56,"[0, 14, 21, 14, 7]",0.5086446007784885,1776,1725,2305,Kansas,fbs,Big 12,57,"[14, 21, 7, 7, 8]",0.4913553992215115,963,1014,7.8443712134,,,,CollegeFootballData.com API,2026-08-31T17:36:52.108062+00:00,/games,1.3
401282130,2021,11,regular,2021-11-14T00:30:00.000Z,False,True,False,True,98772,3958,Tiger Stadium (LA),99,LSU,fbs,SEC,13,"[3, 7, 0, 3, 0]",0.5903180702192392,1642,1635,8,Arkansas,fbs,SEC,16,"[3, 0, 10, 0, 3]",0.4096819297807608,1594,1601,8.378251731,,,,CollegeFootballData.com API,2026-08-31T17:36:52.108062+00:00,/games,1.3
401282688,2021,11,regular,2021-11-14T00:30:00.000Z,False,True,False,True,48584,3923,Scott Stadium,258,Virginia,fbs,ACC,3,"[0, 0, 0, 3]",0.0010075301661583635,1593,1555,87,Notre Dame,fbs,FBS Independents,28,"[7, 14, 7, 0]",0.9989924698338416,1845,1883,1.5614001025,,,,CollegeFootballData.com API,2026-08-31T17:36:52.108062+00:00,/games,1.3
401287940,2021,11,regular,2021-11-14T01:00:00.000Z,False,True,False,True,54549,3646,Boone Pickens Stadium,197,Oklahoma State,fbs,Big 12,63,"[7, 21, 14, 21]",0.9989097250319154,1813,1914,2628,TCU,fbs,Big 12,17,"[3, 0, 0, 14]",0.0010902749680845591,1551,1450,2.4802551326,,,,CollegeFootballData.com API,2026-08-31T17:36:52.108062+00:00,/games,1.3
401309898,2021,11,regular,2021-11-14T02:00:00.000Z,False,True,False,True,36573,1056,Rose Bowl,26,UCLA,fbs,Pac-12,44,"[0, 10, 20, 14]",0.9927957669274105,1587,1621,38,Colorado,fbs,Pac-12,20,"[7, 13, 0, 0]",0.00720423307258955,1345,1311,5.7243558308,,,,CollegeFootballData.com API,2026-08-31T17:36:52.108062+00:00,/games,1.3
401309895,2021,11,regular,2021-11-14T03:30:00.000Z,False,True,False,True,52327,3626,Autzen Stadium,2483,Oregon,fbs,Pac-12,38,"[14, 0, 10, 14]",0.9719138523913942,1744,1755,265,Washington State,fbs,Pac-12,24,"[0, 14, 0, 10]",0.028086147608605838,1536,1525,3.4012266156,,,,CollegeFootballData.com API,2026-08-31T17:36:52.108062+00:00,/games,1.3
401310744,2021,11,regular,2021-11-14T03:30:00.000Z,False,True,False,True,15135,3935,CEFCU Stadium,23,San José State,fbs,Mountain West,17,"[7, 7, 3, 0]",0.0650408659659443,1395,1310,328,Utah State,fbs,Mountain West,48,"[0, 24, 7, 17]",0.9349591340340557,1418,1503,4.4602248086,,,,CollegeFootballData.com API,2026-08-31T17:36:52.108062+00:00,/games,1.3
401310746,2021,11,regular,2021-11-14T03:30:00.000Z,False,True,False,True,11821,538,StubHub Center,21,San Diego State,fbs,Mountain West,23,"[7, 3, 7, 6]",0.7434162778904846,1611,1611,2440,Nevada,fbs,Mountain West,21,"[0, 7, 7, 7]",0.2565837221095154,1586,1586,8.2472228852,,,,CollegeFootballData.com API,2026-08-31T17:36:52.108062+00:00,/games,1.3
401309589,2021,12,regular,2021-11-17T00:00:00.000Z,False,True,False,True,9716,3876,Peden Stadium,195,Ohio,fbs,Mid-American,23,"[0, 6, 3, 14]",0.21152301418625294,1362,1351,2649,Toledo,fbs,Mid-American,35,"[0, 14, 14, 7]",0.788476985813747,1537,1548,2.6260139609,,,,CollegeFootballData.com API,2026-08-31T17:36:52.108062+00:00,/games,1.3
401309588,2021,12,regular,2021-11-17T00:30:00.000Z,False,True,False,True,15272,3912,Rynearson Stadium,2199,Eastern Michigan,fbs,Mid-American,22,"[0, 6, 10, 6]",0.20041206734531797,1457,1457,2711,Western Michigan,fbs,Mid-American,21,"[0, 7, 14, 0]",0.799587932654682,1418,1418,7.2573889423,,,,CollegeFootballData.com API,2026-08-31T17:36:52.108062+00:00,/games,1.3
401308841,2021,12,regular,2021-11-17T01:00:00.000Z,False,True,False,True,10269,3996,Yager Stadium,193,Miami (OH),fbs,Mid-American,34,"[6, 14, 14, 0]",0.9979366506276969,1484,1506,189,Bowling Green,fbs,Mid-American,7,"[7, 0, 0, 0]",0.002063349372303125,1040,1018,2.8674178159,,,,CollegeFootballData.com API,2026-08-31T17:36:52.108062+00:00,/games,1.3
401309590,2021,12,regular,2021-11-18T00:00:00.000Z,False,True,False,True,13097,3965,UB Stadium,2084,Buffalo,fbs,Mid-American,27,"[3, 7, 7, 10, 0]",0.3356138693665142,1375,1355,2459,Northern Illinois,fbs,Mid-American,33,"[0, 10, 14, 3, 6]",0.6643861306334857,1261,1281,7.641153381,,,,CollegeFootballData.com API,2026-08-31T17:36:52.108062+00:00,/games,1.3
401309591,2021,12,regular,2021-11-18T00:00:00.000Z,False,True,False,True,5602,3919,Scheumann Stadium,2050,Ball State,fbs,Mid-American,17,"[7, 10, 0, 0]",0.003312837378898651,1463,1410,2117,Central Michigan,fbs,Mid-American,37,"[7, 21, 6, 3]",0.9966871626211014,1444,1497,4.8859766502,,,,CollegeFootballData.com API,2026-08-31T17:36:52.108062+00:00,/games,1.3
401282691,2021,12,regular,2021-11-19T00:30:00.000Z,False,True,False,True,8493,3982,Wallace Wade Stadium,150,Duke,fbs,ACC,22,"[3, 6, 7, 6]",0.0003622927212812566,1092,1044,97,Louisville,fbs,ACC,62,"[14, 21, 13, 14]",0.9996377072787187,1640,1688,0.9965323219,,,,CollegeFootballData.com API,2026-08-31T17:36:52.108062+00:00,/games,1.3
401282264,2021,12,regular,2021-11-20T01:00:00.000Z,False,True,False,True,10410,3776,Joe Aillet Stadium,2348,Louisiana Tech,fbs,Conference USA,19,"[3, 6, 0, 10]",0.04284270601741487,1268,1208,2572,Southern Miss,fbs,Conference USA,35,"[7, 14, 0, 14]",0.9571572939825851,1066,1126,4.1411040578,,,,CollegeFootballData.com API,2026-08-31T17:36:52.108062+00:00,/games,1.3
401309899,2021,12,regular,2021-11-20T02:00:00.000Z,False,True,False,True,22541,3820,Gesa Field,265,Washington State,fbs,Pac-12,44,"[7, 14, 16, 7]",0.9971555066223639,1525,1562,12,Arizona,fbs,Pac-12,18,"[0, 7, 3, 8]",0.002844493377636148,1259,1222,2.5790562066,,,,CollegeFootballData.com API,2026-08-31T17:36:52.108062+00:00,/games,1.3
401310747,2021,12,regular,2021-11-20T02:00:00.000Z,False,True,False,True,15206,3816,Mackay Stadium,2440,Nevada,fbs,Mountain West,39,"[3, 0, 7, 14, 7, 8, 0]",0.013027001518356677,1586,1589,2005,Air Force,fbs,Mountain West,41,"[0, 17, 7, 0, 7, 8, 2]",0.9869729984816433,1693,1690,5.4111243422,,,,CollegeFootballData.com API,2026-08-31T17:36:52.108062+00:00,/games,1.3
401301045,2021,12,regular,2021-11-20T02:00:00.000Z,False,True,False,True,28712,4728,TDECU Stadium,248,Houston,fbs,American Athletic,31,"[0, 21, 0, 10]",0.994816282287817,1664,1689,235,Memphis,fbs,American Athletic,13,"[0, 3, 7, 3]",0.005183717712182956,1508,1483,4.1700563783,,,,CollegeFootballData.com API,2026-08-31T17:36:52.108062+00:00,/games,1.3
401310751,2021,12,regular,2021-11-20T04:30:00.000Z,False,True,False,True,16713,6501,Allegiant Stadium,2439,UNLV,fbs,Mountain West,20,"[3, 7, 10, 0]",0.4972244575035094,1228,1241,21,San Diego State,fbs,Mountain West,28,"[7, 14, 0, 7]",0.5027755424964906,1611,1598,5.2790192288,,,,CollegeFootballData.com API,2026-08-31T17:36:52.108062+00:00,/games,1.3
401287947,2021,12,regular,2021-11-20T17:00:00.000Z,False,True,False,True,48755,3842,Milan Puskar Stadium,277,West Virginia,fbs,Big 12,31,"[7, 14, 7, 3]",0.7060377706207912,1494,1521,251,Texas,fbs,Big 12,23,"[0, 10, 7, 6]",0.2939622293792088,1725,1698,6.2774514699,,,,CollegeFootballData.com API,2026-08-31T17:36:52.108062+00:00,/games,1.3
401287944,2021,12,regular,2021-11-20T17:00:00.000Z,False,True,False,True,82685,3835,"Memorial Stadium (Norman, OK)",201,Oklahoma,fbs,Big 12,28,"[7, 7, 7, 7]",0.9560667615500273,1845,1858,66,Iowa State,fbs,Big 12,21,"[7, 0, 0, 14]",0.043933238449972656,1901,1888,9.1145890519,,,,CollegeFootballData.com API,2026-08-31T17:36:52.108062+00:00,/games,1.3
401282144,2021,12,regular,2021-11-20T17:00:00.000Z,False,True,False,False,98251,3795,Kyle Field,245,Texas A&M,fbs,SEC,52,"[21, 17, 7, 7]",0.9989578914444031,1931,,2504,Prairie View A&M,fcs,SWAC,3,"[0, 0, 3, 0]",0.0010421085555969434,1170,,1.0434972674,,,,CollegeFootballData.com API,2026-08-31T17:36:52.108062+00:00,/games,1.3
401282692,2021,12,regular,2021-11-20T17:00:00.000Z,False,True,False,True,33363,3615,"Alumni Stadium (Chestnut Hill, MA)",103,Boston College,fbs,ACC,23,"[0, 3, 7, 13]",0.2975023469572593,1481,1477,52,Florida State,fbs,ACC,26,"[7, 12, 7, 0]",0.7024976530427407,1497,1501,5.6677825964,,,,CollegeFootballData.com API,2026-08-31T17:36:52.108062+00:00,/games,1.3
401301048,2021,12,regular,2021-11-20T17:00:00.000Z,False,True,False,True,14496,4729,Yulman Stadium,2655,Tulane,fbs,American Athletic,45,"[28, 7, 7, 3]",0.9989261968961369,1348,1418,58,South Florida,fbs,American Athletic,14,"[7, 0, 0, 7]",0.001073803103863069,1238,1168,2.5084909185,,,,CollegeFootballData.com API,2026-08-31T17:36:52.108062+00:00,/games,1.3
401309592,2021,12,regular,2021-11-20T17:00:00.000Z,False,True,False,True,8879,3768,InfoCision Stadium,2006,Akron,fbs,Mid-American,0,"[0, 0, 0, 0]",0.0003770176162666847,997,919,2309,Kent State,fbs,Mid-American,38,"[7, 22, 3, 6]",0.9996229823837333,1254,1332,1.2255467992,,,,CollegeFootballData.com API,2026-08-31T17:36:52.108062+00:00,/games,1.3
401282263,2021,12,regular,2021-11-20T17:00:00.000Z,False,True,False,True,10477,3796,Houchens Industries-L.T. Smith Stadium,98,Western Kentucky,fbs,Conference USA,52,"[14, 17, 7, 14]",0.9988560160307087,1566,1656,2226,Florida Atlantic,fbs,Conference USA,17,"[3, 7, 7, 0]",0.0011439839692912734,1506,1416,2.9253761848,,,,CollegeFootballData.com API,2026-08-31T17:36:52.108062+00:00,/games,1.3
401282693,2021,12,regular,2021-11-20T17:00:00.000Z,False,True,False,True,81048,3836,"Memorial Stadium (Clemson, SC)",228,Clemson,fbs,ACC,48,"[10, 7, 21, 10]",0.9964739399577456,1815,1855,154,Wake Forest,fbs,ACC,27,"[0, 10, 3, 14]",0.0035260600422544197,1716,1676,4.9272070636,,,,CollegeFootballData.com API,2026-08-31T17:36:52.108062+00:00,/games,1.3
401282137,2021,12,regular,2021-11-20T17:00:00.000Z,False,True,False,False,47749,3683,Kroger Field,96,Kentucky,fbs,SEC,56,"[21, 14, 14, 7]",0.9989538083971602,1617,1662,166,New Mexico State,fbs,FBS Independents,16,"[7, 9, 0, 0]",0.0010461916028398077,1052,1007,1.3366477779,,,,CollegeFootballData.com API,2026-08-31T17:36:52.108062+00:00,/games,1.3
401282696,2021,12,regular,2021-11-20T17:00:00.000Z,False,True,False,False,43011,3787,Kenan Stadium,153,North Carolina,fbs,ACC,34,"[10, 10, 14, 0]",0.41105873750989086,1736,,2747,Wofford,fcs,Southern,14,"[0, 7, 0, 7]",0.5889412624901091,933,,1.2329848981,,,,CollegeFootballData.com API,2026-08-31T17:36:52.108062+00:00,/games,1.3
401286305,2021,12,regular,2021-11-20T17:00:00.000Z,False,True,False,False,23610,3841,Michie Stadium,349,Army,fbs,FBS Independents,33,"[8, 11, 0, 14]",0.8648890578096329,1585,1557,113,Massachusetts,fbs,FBS Independents,17,"[3, 7, 0, 7]",0.13511094219036712,796,824,1.9097377974,,,,CollegeFootballData.com API,2026-08-31T17:36:52.108062+00:00,/games,1.3
401282140,2021,12,regular,2021-11-20T17:00:00.000Z,False,True,False,False,46770,3693,Davis Wade Stadium,344,Mississippi State,fbs,SEC,55,"[21, 14, 14, 6]",0.9989625968353143,1624,,2634,Tennessee State,fcs,OVC,10,"[0, 0, 0, 10]",0.0010374031646857018,1654,,1.0318699499,,,,CollegeFootballData.com API,2026-08-31T17:36:52.108062+00:00,/games,1.3
401282808,2021,12,regular,2021-11-20T17:00:00.000Z,False,True,True,True,31500,4250,Wrigley Field,77,Northwestern,fbs,Big Ten,14,"[0, 7, 7, 0]",0.12791005845120074,1394,1380,2509,Purdue,fbs,Big Ten,32,"[0, 13, 13, 6]",0.8720899415487993,1619,1633,2.5721214389,,,,CollegeFootballData.com API,2026-08-31T17:36:52.108062+00:00,/games,1.3
401282136,2021,12,regular,2021-11-20T17:00:00.000Z,False,True,False,False,92746,3917,Sanford Stadium,61,Georgia,fbs,SEC,56,"[28, 21, 7, 0]",0.9989689771011806,2415,,2127,Charleston Southern,fcs,Big South,7,"[0, 0, 7, 0]",0.0010310228988194003,,,1.0191479567,,,,CollegeFootballData.com API,2026-08-31T17:36:52.108062+00:00,/games,1.3
401282818,2021,12,regular,2021-11-20T17:00:00.000Z,False,True,False,True,106038,3632,Beaver Stadium,213,Penn State,fbs,Big Ten,28,"[0, 7, 14, 7]",0.9966336671925602,1778,1813,164,Rutgers,fbs,Big Ten,0,"[0, 0, 0, 0]",0.003366332807439809,1444,1409,3.7147514069,,,,CollegeFootballData.com API,2026-08-31T17:36:52.108062+00:00,/games,1.3
401282786,2021,12,regular,2021-11-20T17:00:00.000Z,False,True,False,True,101858,3861,Ohio Stadium,194,Ohio State,fbs,Big Ten,56,"[21, 28, 0, 7]",0.9989693900331295,2134,2212,127,Michigan State,fbs,Big Ten,7,"[0, 0, 0, 7]",0.0010306099668705437,1622,1544,1.4222408455,,,,CollegeFootballData.com API,2026-08-31T17:36:52.108062+00:00,/games,1.3
401309644,2021,12,regular,2021-11-20T18:00:00.000Z,False,True,False,True,10386,3654,Brooks Stadium (SC),324,Coastal Carolina,fbs,Sun Belt,35,"[7, 7, 14, 7]",0.9986535208510816,1776,1756,326,Texas State,fbs,Sun Belt,21,"[0, 14, 7, 0]",0.0013464791489183892,1133,1153,2.669302441,,,,CollegeFootballData.com API,2026-08-31T17:36:52.108062+00:00,/games,1.3
401282721,2021,12,regular,2021-11-20T19:00:00.000Z,False,True,False,True,64132,3793,Kinnick Stadium,2294,Iowa,fbs,Big Ten,33,"[7, 10, 3, 13]",0.9241862753760651,1764,1757,356,Illinois,fbs,Big Ten,23,"[10, 3, 3, 7]",0.07581372462393487,1400,1407,5.8203565533,,,,CollegeFootballData.com API,2026-08-31T17:36:52.108062+00:00,/games,1.3
401309643,2021,12,regular,2021-11-20T19:00:00.000Z,False,True,False,True,14273,4246,Center Parc Stadium,2247,Georgia State,fbs,Sun Belt,28,"[7, 7, 0, 14]",0.9988976755108503,1397,1394,2032,Arkansas State,fbs,Sun Belt,20,"[3, 10, 0, 7]",0.0011023244891497086,1142,1145,5.772662204,,,,CollegeFootballData.com API,2026-08-31T17:36:52.108062+00:00,/games,1.3
401282697,2021,12,regular,2021-11-20T19:30:00.000Z,False,True,False,True,70011,3855,Notre Dame Stadium,87,Notre Dame,fbs,FBS Independents,55,"[24, 21, 10, 0]",0.9989677324080912,1883,1984,59,Georgia Tech,fbs,ACC,0,"[0, 0, 0, 0]",0.0010322675919087754,1397,1296,1.4554111747,,,,CollegeFootballData.com API,2026-08-31T17:36:52.108062+00:00,/games,1.3
401309903,2021,12,regular,2021-11-20T20:00:00.000Z,False,True,False,True,41284,3726,Folsom Field,38,Colorado,fbs,Pac-12,20,"[10, 0, 0, 10]",0.021484802260371673,1311,1317,264,Washington,fbs,Pac-12,17,"[0, 10, 0, 7]",0.9785151977396284,1645,1639,8.0370746547,,,,CollegeFootballData.com API,2026-08-31T17:36:52.108062+00:00,/games,1.3
401282261,2021,12,regular,2021-11-20T20:30:00.000Z,False,True,False,True,13211,4418,Jerry Richardson Stadium,2429,Charlotte,fbs,Conference USA,28,"[7, 7, 0, 14]",0.003861782630602269,1204,1198,276,Marshall,fbs,Conference USA,49,"[7, 14, 21, 7]",0.9961382173693978,1665,1671,2.5459016145,,,,CollegeFootballData.com API,2026-08-31T17:36:52.108062+00:00,/games,1.3
401282698,2021,12,regular,2021-11-20T20:30:00.000Z,False,True,False,True,45183,3752,Acrisure Stadium,221,Pittsburgh,fbs,ACC,48,"[0, 24, 10, 14]",0.6435892116419213,1733,1738,258,Virginia,fbs,ACC,38,"[7, 14, 10, 7]",0.3564107883580787,1555,1550,7.6429317075,,,,CollegeFootballData.com API,2026-08-31T17:36:52.108062+00:00,/games,1.3
401309642,2021,12,regular,2021-11-20T20:30:00.000Z,False,True,False,True,18523,3975,Veterans Memorial Stadium (AL),2653,Troy,fbs,Sun Belt,7,"[7, 0, 0, 0]",0.0013820218584249839,1405,1334,2026,App State,fbs,Sun Belt,45,"[3, 7, 21, 14]",0.998617978141575,1714,1785,3.6445938579,,,,CollegeFootballData.com API,2026-08-31T17:36:52.108062+00:00,/games,1.3
401282770,2021,12,regular,2021-11-20T20:30:00.000Z,False,True,False,True,36181,3665,SECU Stadium,120,Maryland,fbs,Big Ten,18,"[0, 3, 15, 0]",0.03694571302309361,1303,1256,130,Michigan,fbs,Big Ten,59,"[14, 10, 28, 7]",0.9630542869769064,1882,1929,1.7315975385,,,,CollegeFootballData.com API,2026-08-31T17:36:52.108062+00:00,/games,1.3
401301046,2021,12,regular,2021-11-20T20:30:00.000Z,False,True,False,True,37978,3854,Nippert Stadium,2132,Cincinnati,fbs,American Athletic,48,"[14, 13, 14, 7]",0.9988656419109403,1898,1967,2567,SMU,fbs,American Athletic,14,"[0, 0, 0, 14]",0.001134358089059706,1695,1626,1.9223581033,,,,CollegeFootballData.com API,2026-08-31T17:36:52.108062+00:00,/games,1.3
401282267,2021,12,regular,2021-11-20T20:30:00.000Z,False,True,False,True,35147,3604,Alamodome,2636,UTSA,fbs,Conference USA,34,"[7, 10, 10, 7]",0.07412052235819128,1620,1620,5,UAB,fbs,Conference USA,31,"[14, 10, 0, 7]",0.9258794776418087,1546,1546,8.8800141808,,,,CollegeFootballData.com API,2026-08-31T17:36:52.108062+00:00,/games,1.3
401282265,2021,12,regular,2021-11-20T20:30:00.000Z,False,True,False,True,9606,3725,"Johnny ""Red"" Floyd Stadium",2393,Middle Tennessee,fbs,Conference USA,17,"[7, 3, 0, 7]",0.08564295121754183,1394,1373,295,Old Dominion,fbs,Conference USA,24,"[7, 3, 0, 14]",0.9143570487824582,1296,1317,6.1154312485,,,,CollegeFootballData.com API,2026-08-31T17:36:52.108062+00:00,/games,1.3
401282135,2021,12,regular,2021-11-20T20:30:00.000Z,False,True,False,True,98323,3657,Bryant-Denny Stadium,333,Alabama,fbs,SEC,42,"[3, 21, 10, 8]",0.39890708128945584,2216,2195,8,Arkansas,fbs,SEC,35,"[0, 14, 7, 14]",0.6010929187105442,1601,1622,3.1859708742,,,,CollegeFootballData.com API,2026-08-31T17:36:52.108062+00:00,/games,1.3
401282803,2021,12,regular,2021-11-20T20:30:00.000Z,False,True,False,True,67888,347,Camp Randall Stadium,275,Wisconsin,fbs,Big Ten,35,"[14, 0, 14, 7]",0.5896946746497642,1907,1906,158,Nebraska,fbs,Big Ten,28,"[7, 7, 7, 7]",0.4103053253502358,1713,1714,5.8069435353,,,,CollegeFootballData.com API,2026-08-31T17:36:52.108062+00:00,/games,1.3
401301047,2021,12,regular,2021-11-20T20:30:00.000Z,False,True,False,True,28001,3852,Navy-Marine Corps Memorial Stadium,2426,Navy,fbs,American Athletic,35,"[7, 14, 0, 14]",0.9964256003741846,1299,1309,151,East Carolina,fbs,American Athletic,38,"[14, 10, 0, 14]",0.0035743996258154054,1550,1540,6.871417313,,,,CollegeFootballData.com API,2026-08-31T17:36:52.108062+00:00,/games,1.3
401282732,2021,12,regular,2021-11-20T20:30:00.000Z,False,True,False,True,38079,3830,"Memorial Stadium (Bloomington, IN)",84,Indiana,fbs,Big Ten,14,"[7, 0, 0, 7]",0.002243844287313869,1328,1308,135,Minnesota,fbs,Big Ten,35,"[0, 21, 7, 7]",0.9977561557126862,1640,1660,2.8552870781,,,,CollegeFootballData.com API,2026-08-31T17:36:52.108062+00:00,/games,1.3
401286293,2021,12,regular,2021-11-20T21:00:00.000Z,False,True,False,False,37454,3652,FBC Mortgage Stadium,2116,UCF,fbs,American Athletic,49,"[21, 14, 0, 14]",0.9987616768868779,1573,1588,41,UConn,fbs,FBS Independents,17,"[0, 14, 0, 3]",0.0012383231131221084,935,920,1.2364318178,,,,CollegeFootballData.com API,2026-08-31T17:36:52.108062+00:00,/games,1.3
401309904,2021,12,regular,2021-11-20T21:00:00.000Z,False,True,False,True,68152,477,Los Angeles Memorial Coliseum,30,USC,fbs,Pac-12,33,"[10, 7, 9, 7]",0.0004791306436055732,1562,1489,26,UCLA,fbs,Pac-12,62,"[7, 21, 14, 20]",0.9995208693563944,1621,1694,3.9833536607,,,,CollegeFootballData.com API,2026-08-31T17:36:52.108062+00:00,/games,1.3
401282266,2021,12,regular,2021-11-20T21:00:00.000Z,False,True,False,True,10097,3946,Sun Bowl,2638,UTEP,fbs,Conference USA,38,"[7, 7, 10, 14]",0.9964240184228681,1293,1298,242,Rice,fbs,Conference USA,28,"[0, 21, 0, 7]",0.0035759815771319037,1117,1112,6.3173280136,,,,CollegeFootballData.com API,2026-08-31T17:36:52.108062+00:00,/games,1.3
401286298,2021,12,regular,2021-11-20T21:00:00.000Z,False,True,False,False,15564,3992,Williams Stadium (VA),2335,Liberty,fbs,FBS Independents,14,"[0, 7, 7, 0]",0.15437319183312642,1662,1599,309,Louisiana,fbs,Sun Belt,42,"[7, 14, 7, 14]",0.8456268081668736,1775,1838,4.2989969498,,,,CollegeFootballData.com API,2026-08-31T17:36:52.108062+00:00,/games,1.3
401282141,2021,12,regular,2021-11-20T21:00:00.000Z,False,True,False,True,47818,3838,Memorial Stadium,142,Missouri,fbs,SEC,24,"[3, 6, 0, 7, 8]",0.24475131364735478,1358,1366,57,Florida,fbs,SEC,23,"[3, 3, 7, 3, 7]",0.7552486863526452,1642,1634,7.7351866518,,,,CollegeFootballData.com API,2026-08-31T17:36:52.108062+00:00,/games,1.3
401301049,2021,12,regular,2021-11-20T21:00:00.000Z,False,True,False,True,16731,3674,Chapman Stadium,202,Tulsa,fbs,American Athletic,44,"[10, 17, 7, 10]",0.9950085031563294,1428,1466,218,Temple,fbs,American Athletic,10,"[0, 0, 10, 0]",0.0049914968436706175,961,923,1.661373056,,,,CollegeFootballData.com API,2026-08-31T17:36:52.108062+00:00,/games,1.3
401282695,2021,12,regular,2021-11-20T21:00:00.000Z,False,True,False,True,54083,3670,Carter-Finley Stadium,152,NC State,fbs,ACC,41,"[0, 28, 10, 3]",0.9981430375288067,1667,1697,183,Syracuse,fbs,ACC,17,"[0, 7, 3, 7]",0.0018569624711932686,1392,1362,3.198611212,,,,CollegeFootballData.com API,2026-08-31T17:36:52.108062+00:00,/games,1.3
401309645,2021,12,regular,2021-11-20T21:00:00.000Z,False,True,False,False,20862,3608,Allen E. Paulson Stadium,290,Georgia Southern,fbs,Sun Belt,17,"[3, 14, 0, 0]",0.19235205281882747,1339,1337,252,BYU,fbs,FBS Independents,34,"[7, 13, 7, 7]",0.8076479471811725,1739,1741,2.2723867509,,,,CollegeFootballData.com API,2026-08-31T17:36:52.108062+00:00,/games,1.3
401287945,2021,12,regular,2021-11-20T21:00:00.000Z,False,True,False,True,35061,3616,Amon G. Carter Stadium,2628,TCU,fbs,Big 12,31,"[7, 0, 14, 10]",0.8938647303382394,1450,1446,2305,Kansas,fbs,Big 12,28,"[7, 7, 0, 14]",0.10613526966176057,1014,1018,5.8152357562,,,,CollegeFootballData.com API,2026-08-31T17:36:52.108062+00:00,/games,1.3
401287943,2021,12,regular,2021-11-20T22:30:00.000Z,False,True,False,True,43857,3636,Bill Snyder Family Stadium,2306,Kansas State,fbs,Big 12,10,"[0, 7, 3, 0]",0.003365769809276169,1626,1615,239,Baylor,fbs,Big 12,20,"[7, 10, 0, 3]",0.9966342301907238,1737,1748,4.5342410436,,,,CollegeFootballData.com API,2026-08-31T17:36:52.108062+00:00,/games,1.3
401282262,2021,12,regular,2021-11-21T00:00:00.000Z,False,True,False,True,,218,FIU Stadium,2229,Florida International,fbs,Conference USA,7,"[0, 0, 7, 0]",0.0003448929807611429,988,895,249,North Texas,fbs,Conference USA,49,"[7, 28, 14, 0]",0.9996551070192389,1233,1326,2.3979852748,,,,CollegeFootballData.com API,2026-08-31T17:36:52.108062+00:00,/games,1.3
401309900,2021,12,regular,2021-11-21T00:00:00.000Z,False,True,False,True,49265,3940,Stanford Stadium,24,Stanford,fbs,Pac-12,11,"[0, 3, 0, 8]",0.0007104891320489283,1359,1291,25,California,fbs,Pac-12,41,"[0, 14, 13, 14]",0.999289510867951,1488,1556,2.9179195999,,,,CollegeFootballData.com API,2026-08-31T17:36:52.108062+00:00,/games,1.3
401282142,2021,12,regular,2021-11-21T00:00:00.000Z,False,True,False,True,70299,3994,Williams-Brice Stadium,2579,South Carolina,fbs,SEC,21,"[0, 14, 7, 0]",0.8329181260559283,1430,1441,2,Auburn,fbs,SEC,17,"[14, 0, 3, 0]",0.1670818739440717,1691,1680,6.340137481,,,,CollegeFootballData.com API,2026-08-31T17:36:52.108062+00:00,/games,1.3
401282694,2021,12,regular,2021-11-21T00:30:00.000Z,False,True,False,True,40839,3948,Hard Rock Stadium,2390,Miami,fbs,ACC,38,"[14, 14, 3, 7]",0.6225100519705646,1542,1564,259,Virginia Tech,fbs,ACC,26,"[3, 10, 13, 0]",0.37748994802943536,1536,1514,4.414136346,,,,CollegeFootballData.com API,2026-08-31T17:36:52.108062+00:00,/games,1.3
401282143,2021,12,regular,2021-11-21T00:30:00.000Z,False,True,False,False,75203,3853,Neyland Stadium,2633,Tennessee,fbs,SEC,60,"[14, 21, 14, 11]",0.9989318534888139,1621,1722,6,South Alabama,fbs,Sun Belt,14,"[0, 7, 0, 7]",0.001068146511186141,1355,1254,2.0352088452,,,,CollegeFootballData.com API,2026-08-31T17:36:52.108062+00:00,/games,1.3
401309901,2021,12,regular,2021-11-21T00:30:00.000Z,False,True,False,True,52724,587,Rice-Eccles Stadium,254,Utah,fbs,Pac-12,38,"[7, 21, 7, 3]",0.9984361696504774,1809,1886,2483,Oregon,fbs,Pac-12,7,"[0, 0, 7, 0]",0.0015638303495225658,1755,1678,2.7875572201,,,,CollegeFootballData.com API,2026-08-31T17:36:52.108062+00:00,/games,1.3
401282139,2021,12,regular,2021-11-21T00:30:00.000Z,False,True,False,True,50819,3974,Vaught-Hemingway Stadium,145,Ole Miss,fbs,SEC,31,"[10, 14, 0, 7]",0.9832501466667735,1775,1750,238,Vanderbilt,fbs,SEC,17,"[3, 6, 0, 8]",0.01674985333322654,1055,1080,1.442240433,,,,CollegeFootballData.com API,2026-08-31T17:36:52.108062+00:00,/games,1.3
401287946,2021,12,regular,2021-11-21T01:00:00.000Z,False,True,False,True,53169,3784,Jones AT&T Stadium,2641,Texas Tech,fbs,Big 12,0,"[0, 0, 0, 0]",0.00039305863984650006,1459,1448,197,Oklahoma State,fbs,Big 12,23,"[3, 10, 3, 7]",0.9996069413601535,1914,1925,3.1160564115,,,,CollegeFootballData.com API,2026-08-31T17:36:52.108062+00:00,/games,1.3
401310750,2021,12,regular,2021-11-21T01:00:00.000Z,False,True,False,True,20547,3905,Maverik Stadium,328,Utah State,fbs,Mountain West,17,"[14, 3, 0, 0]",0.0009056383126558736,1503,1430,2751,Wyoming,fbs,Mountain West,44,"[14, 10, 17, 3]",0.9990943616873441,1506,1579,4.3679166232,,,,CollegeFootballData.com API,2026-08-31T17:36:52.108062+00:00,/games,1.3
401310748,2021,12,regular,2021-11-21T02:00:00.000Z,False,True,False,True,28542,3653,Albertsons Stadium,68,Boise State,fbs,Mountain West,37,"[10, 14, 6, 7]",0.9988893371708678,1747,1781,167,New Mexico,fbs,Mountain West,0,"[0, 0, 0, 0]",0.0011106628291321918,1160,1126,1.2509257306,,,,CollegeFootballData.com API,2026-08-31T17:36:52.108062+00:00,/games,1.3
401282138,2021,12,regular,2021-11-21T02:00:00.000Z,False,True,False,False,92790,3958,Tiger Stadium (LA),99,LSU,fbs,SEC,27,"[7, 10, 7, 3]",0.9430587549096592,1635,1615,2433,UL Monroe,fbs,Sun Belt,14,"[0, 7, 0, 7]",0.05694124509034082,1018,1038,1.746173246,,,,CollegeFootballData.com API,2026-08-31T17:36:52.108062+00:00,/games,1.3
401309902,2021,12,regular,2021-11-21T03:30:00.000Z,False,True,False,True,29579,3893,Reser Stadium,204,Oregon State,fbs,Pac-12,24,"[3, 14, 0, 7]",0.9575003951364864,1552,1593,9,Arizona State,fbs,Pac-12,10,"[0, 0, 3, 7]",0.04249960486351356,1693,1652,4.0799373057,,,,CollegeFootballData.com API,2026-08-31T17:36:52.108062+00:00,/games,1.3
401310749,2021,12,regular,2021-11-21T04:00:00.000Z,False,True,False,True,6575,7220,Clarence T.C. Ching Athletics Complex,62,Hawai'i,fbs,Mountain West,50,"[9, 20, 7, 14]",0.47660744725741866,1284,1297,36,Colorado State,fbs,Mountain West,45,"[7, 3, 7, 28]",0.5233925527425813,1471,1458,6.5289247005,,,,CollegeFootballData.com API,2026-08-31T17:36:52.108062+00:00,/games,1.3
401309594,2021,13,regular,2021-11-24T00:00:00.000Z,False,True,False,True,7156,3764,Huskie Stadium,2459,Northern Illinois,fbs,Mid-American,21,"[0, 7, 0, 14]",0.0019037318370353584,1281,1243,2711,Western Michigan,fbs,Mid-American,42,"[7, 21, 7, 7]",0.9980962681629646,1418,1456,2.1988005073,,,,CollegeFootballData.com API,2026-08-31T17:36:52.108062+00:00,/games,1.3
401309593,2021,13,regular,2021-11-24T00:00:00.000Z,False,True,False,True,6112,3919,Scheumann Stadium,2050,Ball State,fbs,Mid-American,20,"[14, 3, 3, 0]",0.786549597275991,1410,1442,2084,Buffalo,fbs,Mid-American,3,"[0, 3, 0, 0]",0.21345040272400895,1355,1323,3.1174621652,,,,CollegeFootballData.com API,2026-08-31T17:36:52.108062+00:00,/games,1.3
401310757,2021,13,regular,2021-11-25T20:30:00.000Z,False,True,False,True,15323,3935,CEFCU Stadium,23,San José State,fbs,Mountain West,9,"[3, 6, 0, 0]",0.011258789217398781,1310,1258,278,Fresno State,fbs,Mountain West,40,"[7, 16, 10, 7]",0.9887412107826012,1591,1643,2.596575638,,,,CollegeFootballData.com API,2026-08-31T17:36:52.108062+00:00,/games,1.3
401282151,2021,13,regular,2021-11-26T00:30:00.000Z,False,True,False,True,55601,3693,Davis Wade Stadium,344,Mississippi State,fbs,SEC,21,"[6, 0, 0, 15]",0.012408877481942759,1645,1633,145,Ole Miss,fbs,SEC,31,"[3, 7, 7, 14]",0.9875911225180573,1750,1762,4.9582122607,,,,CollegeFootballData.com API,2026-08-31T17:36:52.108062+00:00,/games,1.3
401309596,2021,13,regular,2021-11-26T17:00:00.000Z,False,True,False,True,9339,3700,Doyt L. Perry Stadium,189,Bowling Green,fbs,Mid-American,21,"[3, 7, 3, 8]",0.847685428231774,1018,1066,195,Ohio,fbs,Mid-American,10,"[0, 10, 0, 0]",0.15231457176822605,1351,1303,7.2949097601,,,,CollegeFootballData.com API,2026-08-31T17:36:52.108062+00:00,/games,1.3
401310753,2021,13,regular,2021-11-26T17:00:00.000Z,False,True,False,True,11886,538,StubHub Center,21,San Diego State,fbs,Mountain West,27,"[3, 10, 14, 0]",0.9243132724977056,1598,1633,68,Boise State,fbs,Mountain West,16,"[7, 9, 0, 0]",0.07568672750229444,1781,1746,6.3869904661,,,,CollegeFootballData.com API,2026-08-31T17:36:52.108062+00:00,/games,1.3
401309595,2021,13,regular,2021-11-26T17:00:00.000Z,False,True,False,True,7708,3786,Kelly/Shorts Stadium,2117,Central Michigan,fbs,Mid-American,31,"[7, 3, 7, 14]",0.9394488236117833,1497,1543,2199,Eastern Michigan,fbs,Mid-American,10,"[0, 3, 7, 0]",0.06055117638821672,1457,1411,4.3416538914,,,,CollegeFootballData.com API,2026-08-31T17:36:52.108062+00:00,/games,1.3
401287952,2021,13,regular,2021-11-26T17:00:00.000Z,False,True,False,True,75072,3910,DKR-Texas Memorial Stadium,251,Texas,fbs,Big 12,22,"[7, 9, 3, 3]",0.929360760822042,1698,1700,2306,Kansas State,fbs,Big 12,17,"[7, 10, 0, 0]",0.070639239177958,1615,1613,6.4383544917,,,,CollegeFootballData.com API,2026-08-31T17:36:52.108062+00:00,/games,1.3
401310755,2021,13,regular,2021-11-26T18:00:00.000Z,False,True,False,True,11046,3971,University Stadium (NM),167,New Mexico,fbs,Mountain West,10,"[0, 0, 3, 7]",0.007853609274365427,1126,1094,328,Utah State,fbs,Mountain West,35,"[7, 21, 7, 0]",0.9921463907256346,1430,1462,1.0980386596,,,,CollegeFootballData.com API,2026-08-31T17:36:52.108062+00:00,/games,1.3
401282761,2021,13,regular,2021-11-26T18:30:00.000Z,False,True,False,True,86541,3834,"Memorial Stadium (Lincoln, NE)",158,Nebraska,fbs,Big Ten,21,"[7, 7, 7, 0]",0.9664082066890526,1714,1704,2294,Iowa,fbs,Big Ten,28,"[0, 6, 3, 19]",0.033591793310947415,1757,1767,6.9102261287,,,,CollegeFootballData.com API,2026-08-31T17:36:52.108062+00:00,/games,1.3
401282274,2021,13,regular,2021-11-26T19:00:00.000Z,False,True,False,True,19683,7221,Protective Stadium,5,UAB,fbs,Conference USA,42,"[7, 7, 14, 14]",0.9747261271443417,1546,1561,2638,UTEP,fbs,Conference USA,25,"[7, 10, 8, 0]",0.025273872855658297,1298,1283,5.3843505999,,,,CollegeFootballData.com API,2026-08-31T17:36:52.108062+00:00,/games,1.3
401310752,2021,13,regular,2021-11-26T20:30:00.000Z,False,True,False,True,18226,3713,Falcon Stadium,2005,Air Force,fbs,Mountain West,48,"[14, 10, 17, 7]",,1690,1730,2439,UNLV,fbs,Mountain West,14,"[0, 0, 7, 7]",,1241,1201,1.6187969336,,,,CollegeFootballData.com API,2026-08-31T17:36:52.108062+00:00,/games,1.3
401301051,2021,13,regular,2021-11-26T20:30:00.000Z,False,True,False,True,38014,3699,Dowdy-Ficklen Stadium,151,East Carolina,fbs,American Athletic,13,"[3, 0, 3, 7]",0.10615648494645666,1540,1528,2132,Cincinnati,fbs,American Athletic,35,"[0, 21, 0, 14]",0.8938435150535433,1967,1979,2.3315876937,,,,CollegeFootballData.com API,2026-08-31T17:36:52.108062+00:00,/games,1.3
401301050,2021,13,regular,2021-11-26T20:30:00.000Z,False,True,False,True,41157,3652,FBC Mortgage Stadium,2116,UCF,fbs,American Athletic,17,"[7, 7, 0, 3]",0.18708310773900527,1588,1580,58,South Florida,fbs,American Athletic,13,"[7, 0, 6, 0]",0.8129168922609947,1168,1176,6.052207462,,,,CollegeFootballData.com API,2026-08-31T17:36:52.108062+00:00,/games,1.3
401282145,2021,13,regular,2021-11-26T20:30:00.000Z,False,True,False,True,67320,3983,War Memorial Stadium (AR),8,Arkansas,fbs,SEC,34,"[3, 7, 14, 10]",0.9979633233597248,1622,1636,142,Missouri,fbs,SEC,17,"[0, 6, 3, 8]",0.0020366766402751812,1366,1352,3.2828928745,,,,CollegeFootballData.com API,2026-08-31T17:36:52.108062+00:00,/games,1.3
401309648,2021,13,regular,2021-11-26T20:30:00.000Z,False,True,False,True,13242,6526,Hancock Whitney Stadium,6,South Alabama,fbs,Sun Belt,21,"[7, 3, 0, 11, 0]",0.0636614772217934,1254,1277,324,Coastal Carolina,fbs,Sun Belt,27,"[0, 0, 7, 14, 6]",0.9363385227782066,1756,1733,7.5102320614,,,,CollegeFootballData.com API,2026-08-31T17:36:52.108062+00:00,/games,1.3
401309906,2021,13,regular,2021-11-26T21:00:00.000Z,False,True,False,True,51538,587,Rice-Eccles Stadium,254,Utah,fbs,Pac-12,28,"[0, 14, 14, 0]",0.9983692587696791,1886,1872,38,Colorado,fbs,Pac-12,13,"[3, 3, 7, 0]",0.0016307412303209201,1317,1331,2.4881272799,,,,CollegeFootballData.com API,2026-08-31T17:36:52.108062+00:00,/games,1.3
401287949,2021,13,regular,2021-11-26T21:30:00.000Z,False,True,False,True,57775,3772,Jack Trice Stadium,66,Iowa State,fbs,Big 12,48,"[3, 14, 10, 21]",0.9962145824544255,1888,1929,2628,TCU,fbs,Big 12,14,"[0, 7, 0, 7]",0.0037854175455744876,1446,1405,4.0382518333,,,,CollegeFootballData.com API,2026-08-31T17:36:52.108062+00:00,/games,1.3
401282699,2021,13,regular,2021-11-27T00:00:00.000Z,False,True,False,True,56919,3670,Carter-Finley Stadium,152,NC State,fbs,ACC,34,"[14, 0, 7, 13]",0.563466075141599,1697,1699,153,North Carolina,fbs,ACC,30,"[0, 10, 14, 6]",0.43653392485840103,1658,1656,6.8901899305,,,,CollegeFootballData.com API,2026-08-31T17:36:52.108062+00:00,/games,1.3
401309905,2021,13,regular,2021-11-27T01:00:00.000Z,False,True,False,True,68077,3765,Husky Stadium,264,Washington,fbs,Pac-12,13,"[0, 7, 0, 6]",0.006499248415444437,1639,1555,265,Washington State,fbs,Pac-12,40,"[10, 3, 10, 17]",0.9935007515845555,1562,1646,2.9981733675,,,,CollegeFootballData.com API,2026-08-31T17:36:52.108062+00:00,/games,1.3
401282781,2021,13,regular,2021-11-27T17:00:00.000Z,False,True,False,True,111156,3558,Michigan Stadium,130,Michigan,fbs,Big Ten,42,"[7, 7, 14, 14]",0.9914165448534882,1929,1988,194,Ohio State,fbs,Big Ten,27,"[3, 10, 0, 14]",0.00858345514651182,2212,2153,6.627975598,,,,CollegeFootballData.com API,2026-08-31T17:36:52.108062+00:00,/games,1.3
401282700,2021,13,regular,2021-11-27T17:00:00.000Z,False,True,False,True,25854,3615,"Alumni Stadium (Chestnut Hill, MA)",103,Boston College,fbs,ACC,10,"[7, 3, 0, 0]",0.14296058875229195,1477,1415,154,Wake Forest,fbs,ACC,41,"[14, 10, 10, 7]",0.857039411247708,1676,1738,2.3900245014,,,,CollegeFootballData.com API,2026-08-31T17:36:52.108062+00:00,/games,1.3
401308842,2021,13,regular,2021-11-27T17:00:00.000Z,False,True,False,True,8387,3696,Dix Stadium,2309,Kent State,fbs,Mid-American,48,"[7, 10, 14, 10, 7]",0.9940932879964512,1332,1338,193,Miami (OH),fbs,Mid-American,47,"[6, 10, 7, 18, 6]",0.005906712003548753,1506,1500,8.0921495408,,,,CollegeFootballData.com API,2026-08-31T17:36:52.108062+00:00,/games,1.3
401286299,2021,13,regular,2021-11-27T17:00:00.000Z,False,True,False,False,19269,3992,Williams Stadium (VA),2335,Liberty,fbs,FBS Independents,16,"[0, 3, 13, 0]",0.00043441884686173975,1599,1560,349,Army,fbs,FBS Independents,31,"[10, 14, 7, 0]",0.9995655811531382,1557,1596,1.960206197,,,,CollegeFootballData.com API,2026-08-31T17:36:52.108062+00:00,/games,1.3
401282766,2021,13,regular,2021-11-27T17:00:00.000Z,False,True,False,True,42729,6577,SHI Stadium,164,Rutgers,fbs,Big Ten,16,"[2, 0, 14, 0]",0.0007222775972836532,1409,1326,120,Maryland,fbs,Big Ten,40,"[13, 7, 6, 14]",0.9992777224027164,1256,1339,2.8410743091,,,,CollegeFootballData.com API,2026-08-31T17:36:52.108062+00:00,/games,1.3
401282148,2021,13,regular,2021-11-27T17:00:00.000Z,False,True,False,False,52806,721,Bobby Dodd Stadium,59,Georgia Tech,fbs,ACC,0,"[0, 0, 0, 0]",0.00037847849885042393,1296,1270,61,Georgia,fbs,SEC,45,"[10, 14, 14, 7]",0.9996215215011496,2164,2190,0.1845171244,,,,CollegeFootballData.com API,2026-08-31T17:36:52.108062+00:00,/games,1.3
401282147,2021,13,regular,2021-11-27T17:00:00.000Z,False,True,False,False,88491,3634,Ben Hill Griffin Stadium,57,Florida,fbs,SEC,24,"[7, 0, 10, 7]",0.9140205627656977,1634,1633,52,Florida State,fbs,ACC,21,"[0, 7, 0, 14]",0.08597943723430235,1501,1502,6.1888577233,,,,CollegeFootballData.com API,2026-08-31T17:36:52.108062+00:00,/games,1.3
401301052,2021,13,regular,2021-11-27T17:00:00.000Z,False,True,False,False,12685,3892,Pratt & Whitney Stadium,41,UConn,fbs,FBS Independents,17,"[0, 10, 0, 7]",0.002022341819905155,920,926,248,Houston,fbs,American Athletic,45,"[7, 14, 17, 7]",0.9979776581800949,1689,1683,0.7243008375,,,,CollegeFootballData.com API,2026-08-31T17:36:52.108062+00:00,/games,1.3
401301054,2021,13,regular,2021-11-27T17:00:00.000Z,False,True,False,True,16708,3806,Lincoln Financial Field,218,Temple,fbs,American Athletic,14,"[0, 7, 7, 0]",0.007820446765355905,923,902,2426,Navy,fbs,American Athletic,38,"[7, 10, 7, 14]",0.9921795532346441,1309,1330,2.5156756585,,,,CollegeFootballData.com API,2026-08-31T17:36:52.108062+00:00,/games,1.3
401309597,2021,13,regular,2021-11-27T17:00:00.000Z,False,True,False,True,11282,3739,Glass Bowl,2649,Toledo,fbs,Mid-American,49,"[7, 14, 14, 14]",0.9954120586564491,1548,1572,2006,Akron,fbs,Mid-American,14,"[0, 7, 0, 7]",0.004587941343550894,919,895,1.6023583066,,,,CollegeFootballData.com API,2026-08-31T17:36:52.108062+00:00,/games,1.3
401287948,2021,13,regular,2021-11-27T17:00:00.000Z,False,True,False,True,43901,4727,McLane Stadium,239,Baylor,fbs,Big 12,27,"[10, 7, 0, 10]",0.23879572650314698,1748,1745,2641,Texas Tech,fbs,Big 12,24,"[3, 7, 0, 14]",0.761204273496853,1448,1451,4.7686563724,,,,CollegeFootballData.com API,2026-08-31T17:36:52.108062+00:00,/games,1.3
401282701,2021,13,regular,2021-11-27T17:30:00.000Z,False,True,False,True,17391,3982,Wallace Wade Stadium,150,Duke,fbs,ACC,10,"[10, 0, 0, 0]",0.0013864685771058465,1044,1002,2390,Miami,fbs,ACC,47,"[10, 20, 17, 0]",0.9986135314228941,1564,1606,1.5412921962,,,,CollegeFootballData.com API,2026-08-31T17:36:52.108062+00:00,/games,1.3
401282271,2021,13,regular,2021-11-27T18:00:00.000Z,False,True,False,True,15832,3895,Rice Stadium,242,Rice,fbs,Conference USA,35,"[7, 7, 7, 14]",0.9177397164475101,1112,1118,2348,Louisiana Tech,fbs,Conference USA,31,"[10, 0, 14, 7]",0.08226028355248993,1208,1202,8.5320853631,,,,CollegeFootballData.com API,2026-08-31T17:36:52.108062+00:00,/games,1.3
401309647,2021,13,regular,2021-11-27T19:00:00.000Z,False,True,False,True,3116,3625,Centennial Bank Stadium,2032,Arkansas State,fbs,Sun Belt,22,"[7, 3, 3, 9]",0.9143057480443916,1145,1143,326,Texas State,fbs,Sun Belt,24,"[14, 3, 7, 0]",0.08569425195560842,1153,1155,7.6002947691,,,,CollegeFootballData.com API,2026-08-31T17:36:52.108062+00:00,/games,1.3
401282268,2021,13,regular,2021-11-27T19:00:00.000Z,False,True,False,True,15874,3918,S.B. Ballard Stadium,295,Old Dominion,fbs,Conference USA,56,"[14, 14, 7, 21]",0.997069801432853,1317,1357,2429,Charlotte,fbs,Conference USA,34,"[0, 14, 14, 6]",0.0029301985671470465,1198,1158,4.8658435836,,,,CollegeFootballData.com API,2026-08-31T17:36:52.108062+00:00,/games,1.3
401309649,2021,13,regular,2021-11-27T19:00:00.000Z,False,True,False,True,13875,4246,Center Parc Stadium,2247,Georgia State,fbs,Sun Belt,37,"[7, 10, 13, 7]",0.9934212297656602,1394,1457,2653,Troy,fbs,Sun Belt,10,"[0, 3, 0, 7]",0.006578770234339837,1334,1271,4.0997671354,,,,CollegeFootballData.com API,2026-08-31T17:36:52.108062+00:00,/games,1.3
401282273,2021,13,regular,2021-11-27T19:00:00.000Z,False,True,False,True,16933,3825,DATCU Stadium,249,North Texas,fbs,Conference USA,45,"[17, 14, 14, 0]",0.9842593548155959,1326,1414,2636,UTSA,fbs,Conference USA,23,"[3, 10, 0, 10]",0.0157406451844041,1620,1532,4.3807088649,,,,CollegeFootballData.com API,2026-08-31T17:36:52.108062+00:00,/games,1.3
401309646,2021,13,regular,2021-11-27T19:30:00.000Z,False,True,False,True,28005,3792,Kidd Brewer Stadium,2026,App State,fbs,Sun Belt,27,"[7, 0, 10, 10]",0.9754365642253895,1785,1799,290,Georgia Southern,fbs,Sun Belt,3,"[0, 0, 3, 0]",0.02456343577461051,1337,1323,2.4343316417,,,,CollegeFootballData.com API,2026-08-31T17:36:52.108062+00:00,/games,1.3
401282269,2021,13,regular,2021-11-27T20:00:00.000Z,False,True,False,True,20041,3815,M. M. Roberts Stadium,2572,Southern Miss,fbs,Conference USA,37,"[21, 0, 3, 13]",0.9948918891017148,1126,1150,2229,Florida International,fbs,Conference USA,17,"[7, 7, 3, 0]",0.005108110898285223,895,871,2.8845994155,,,,CollegeFootballData.com API,2026-08-31T17:36:52.108062+00:00,/games,1.3
401310756,2021,13,regular,2021-11-27T20:00:00.000Z,False,True,False,True,14213,3984,War Memorial Stadium,2751,Wyoming,fbs,Mountain West,14,"[0, 7, 7, 0]",0.011956144709145565,1579,1478,62,Hawai'i,fbs,Mountain West,38,"[14, 17, 0, 7]",0.9880438552908545,1297,1398,3.2111118223,,,,CollegeFootballData.com API,2026-08-31T17:36:52.108062+00:00,/games,1.3
401286306,2021,13,regular,2021-11-27T20:00:00.000Z,False,True,False,False,6632,3601,Aggie Memorial Stadium,166,New Mexico State,fbs,FBS Independents,44,"[7, 20, 7, 10]",0.9969659914080812,1007,1027,113,Massachusetts,fbs,FBS Independents,27,"[0, 13, 14, 0]",0.003034008591918824,824,804,4.5267363715,,,,CollegeFootballData.com API,2026-08-31T17:36:52.108062+00:00,/games,1.3
401282785,2021,13,regular,2021-11-27T20:30:00.000Z,False,True,False,True,66312,3936,Spartan Stadium,127,Michigan State,fbs,Big Ten,30,"[14, 3, 6, 7]",0.7797528149962317,1544,1549,213,Penn State,fbs,Big Ten,27,"[7, 7, 6, 7]",0.22024718500376828,1813,1808,8.0748855915,,,,CollegeFootballData.com API,2026-08-31T17:36:52.108062+00:00,/games,1.3
401282146,2021,13,regular,2021-11-27T20:30:00.000Z,False,True,False,True,87451,3785,Jordan-Hare Stadium,2,Auburn,fbs,SEC,22,"[0, 7, 3, 0, 7, 3, 2, 0]",0.15923061217548962,1680,1702,333,Alabama,fbs,SEC,24,"[0, 0, 0, 10, 7, 3, 2, 2]",0.8407693878245104,2195,2173,8.375244469,,,,CollegeFootballData.com API,2026-08-31T17:36:52.108062+00:00,/games,1.3
401309908,2021,13,regular,2021-11-27T20:30:00.000Z,False,True,False,True,56408,3626,Autzen Stadium,2483,Oregon,fbs,Pac-12,38,"[14, 10, 0, 14]",0.9934080976466638,1678,1687,204,Oregon State,fbs,Pac-12,29,"[3, 0, 6, 20]",0.0065919023533361765,1593,1584,2.5637623432,,,,CollegeFootballData.com API,2026-08-31T17:36:52.108062+00:00,/games,1.3
401282272,2021,13,regular,2021-11-27T20:30:00.000Z,False,True,False,True,19134,3775,Joan C. Edwards Stadium,276,Marshall,fbs,Conference USA,21,"[7, 7, 0, 7]",0.5986316176260722,1671,1578,98,Western Kentucky,fbs,Conference USA,53,"[0, 6, 23, 24]",0.4013683823739278,1656,1749,4.8809594002,,,,CollegeFootballData.com API,2026-08-31T17:36:52.108062+00:00,/games,1.3
401282753,2021,13,regular,2021-11-27T20:30:00.000Z,False,True,False,True,61320,3907,Ross-Ade Stadium,2509,Purdue,fbs,Big Ten,44,"[7, 10, 14, 13]",0.9977254660164309,1633,1696,84,Indiana,fbs,Big Ten,7,"[7, 0, 0, 0]",0.002274533983569138,1308,1245,3.3631641012,,,,CollegeFootballData.com API,2026-08-31T17:36:52.108062+00:00,/games,1.3
401282722,2021,13,regular,2021-11-27T20:30:00.000Z,False,True,False,True,27624,3832,"Memorial Stadium (Champaign, IL)",356,Illinois,fbs,Big Ten,47,"[14, 23, 3, 7]",0.9981781990226082,1407,1495,77,Northwestern,fbs,Big Ten,14,"[0, 7, 0, 7]",0.0018218009773918187,1380,1292,2.2555247553,,,,CollegeFootballData.com API,2026-08-31T17:36:52.108062+00:00,/games,1.3
401282153,2021,13,regular,2021-11-27T20:45:00.000Z,False,True,False,True,77349,3853,Neyland Stadium,2633,Tennessee,fbs,SEC,45,"[7, 17, 14, 7]",0.9924295346377561,1722,1718,238,Vanderbilt,fbs,SEC,21,"[0, 7, 6, 8]",0.007570465362243928,1080,1084,2.0288513153,,,,CollegeFootballData.com API,2026-08-31T17:36:52.108062+00:00,/games,1.3
401282703,2021,13,regular,2021-11-27T20:45:00.000Z,False,True,False,True,46445,3923,Scott Stadium,258,Virginia,fbs,ACC,24,"[14, 7, 3, 0]",0.049795304282607006,1550,1539,259,Virginia Tech,fbs,ACC,29,"[7, 10, 7, 5]",0.950204695717393,1514,1525,7.3573046319,,,,CollegeFootballData.com API,2026-08-31T17:36:52.108062+00:00,/games,1.3
401309650,2021,13,regular,2021-11-27T21:00:00.000Z,False,True,False,True,18447,3666,Cajun Field,309,Louisiana,fbs,Sun Belt,21,"[14, 0, 7, 0]",0.9280384057025696,1838,1815,2433,UL Monroe,fbs,Sun Belt,16,"[3, 7, 0, 6]",0.07196159429743043,1038,1061,2.978754596,,,,CollegeFootballData.com API,2026-08-31T17:36:52.108062+00:00,/games,1.3
401282794,2021,13,regular,2021-11-27T21:00:00.000Z,False,True,False,True,49736,3953,Huntington Bank Stadium,135,Minnesota,fbs,Big Ten,23,"[3, 3, 14, 3]",0.9695646025379385,1660,1696,275,Wisconsin,fbs,Big Ten,13,"[0, 10, 3, 0]",0.030435397462061475,1906,1870,6.0790342686,,,,CollegeFootballData.com API,2026-08-31T17:36:52.108062+00:00,/games,1.3
401301055,2021,13,regular,2021-11-27T21:00:00.000Z,False,True,False,True,17158,3735,Gerald J. Ford Stadium,2567,SMU,fbs,American Athletic,31,"[10, 7, 0, 14]",0.3322704790615723,1626,1611,202,Tulsa,fbs,American Athletic,34,"[0, 14, 14, 6]",0.6677295209384277,1466,1481,5.698602517,,,,CollegeFootballData.com API,2026-08-31T17:36:52.108062+00:00,/games,1.3
401309909,2021,13,regular,2021-11-27T21:00:00.000Z,False,True,False,True,52305,3947,Mountain America Stadium,9,Arizona State,fbs,Pac-12,38,"[7, 7, 17, 7]",0.9944042602686312,1652,1665,12,Arizona,fbs,Pac-12,15,"[3, 6, 6, 0]",0.005595739731368843,1222,1209,2.7647488445,,,,CollegeFootballData.com API,2026-08-31T17:36:52.108062+00:00,/games,1.3
401282270,2021,13,regular,2021-11-28T00:00:00.000Z,False,True,False,True,15127,3715,FAU Stadium,2226,Florida Atlantic,fbs,Conference USA,17,"[7, 7, 3, 0]",0.3014764200011608,1416,1391,2393,Middle Tennessee,fbs,Conference USA,27,"[0, 3, 7, 17]",0.6985235799988392,1373,1398,8.7362921675,,,,CollegeFootballData.com API,2026-08-31T17:36:52.108062+00:00,/games,1.3
401282150,2021,13,regular,2021-11-28T00:00:00.000Z,False,True,False,True,91595,3958,Tiger Stadium (LA),99,LSU,fbs,SEC,27,"[3, 14, 3, 7]",0.417819870610484,1615,1619,245,Texas A&M,fbs,SEC,24,"[0, 7, 3, 14]",0.582180129389516,1817,1813,7.70562312,,,,CollegeFootballData.com API,2026-08-31T17:36:52.108062+00:00,/games,1.3
401287950,2021,13,regular,2021-11-28T00:00:00.000Z,False,True,False,True,23117,3833,Memorial Stadium,2305,Kansas,fbs,Big 12,28,"[6, 7, 8, 7]",0.016287446970450016,1018,1041,277,West Virginia,fbs,Big 12,34,"[7, 14, 10, 3]",0.98371255302955,1521,1498,3.2956570845,,,,CollegeFootballData.com API,2026-08-31T17:36:52.108062+00:00,/games,1.3
401282149,2021,13,regular,2021-11-28T00:30:00.000Z,False,True,False,False,55018,3873,L&N Federal Credit Union Stadium,97,Louisville,fbs,ACC,21,"[7, 0, 0, 14]",0.0016698514270626504,1688,1597,96,Kentucky,fbs,SEC,52,"[14, 10, 14, 14]",0.9983301485729373,1662,1753,2.2414880552,,,,CollegeFootballData.com API,2026-08-31T17:36:52.108062+00:00,/games,1.3
401282152,2021,13,regular,2021-11-28T00:30:00.000Z,False,True,False,False,79897,3994,Williams-Brice Stadium,2579,South Carolina,fbs,SEC,0,"[0, 0, 0, 0]",0.0013834248678719517,1441,1407,228,Clemson,fbs,ACC,30,"[10, 7, 3, 10]",0.9986165751321281,1855,1889,1.5515326774,,,,CollegeFootballData.com API,2026-08-31T17:36:52.108062+00:00,/games,1.3
401282702,2021,13,regular,2021-11-28T00:30:00.000Z,False,True,False,True,27939,1964,JMA Wireless Dome,183,Syracuse,fbs,ACC,14,"[7, 0, 7, 0]",0.3154034512013713,1362,1358,221,Pittsburgh,fbs,ACC,31,"[0, 14, 14, 3]",0.6845965487986287,1738,1742,3.048896128,,,,CollegeFootballData.com API,2026-08-31T17:36:52.108062+00:00,/games,1.3
401301053,2021,13,regular,2021-11-28T00:30:00.000Z,False,True,False,True,27416,3805,Simmons Bank Liberty Stadium,235,Memphis,fbs,American Athletic,33,"[7, 7, 6, 13]",0.28706198993277016,1483,1485,2655,Tulane,fbs,American Athletic,28,"[7, 7, 7, 7]",0.7129380100672298,1418,1416,6.5850291778,,,,CollegeFootballData.com API,2026-08-31T17:36:52.108062+00:00,/games,1.3
401287951,2021,13,regular,2021-11-28T00:30:00.000Z,False,True,False,True,54990,3646,Boone Pickens Stadium,197,Oklahoma State,fbs,Big 12,37,"[14, 10, 0, 13]",0.815414156194343,1925,1926,201,Oklahoma,fbs,Big 12,33,"[7, 17, 9, 0]",0.184585843805657,1858,1857,9.8776280577,,,,CollegeFootballData.com API,2026-08-31T17:36:52.108062+00:00,/games,1.3
401282711,2021,13,regular,2021-11-28T01:00:00.000Z,False,True,False,False,31571,3940,Stanford Stadium,24,Stanford,fbs,Pac-12,14,"[0, 0, 7, 7]",0.0014812860540064927,1291,1283,87,Notre Dame,fbs,FBS Independents,45,"[7, 17, 7, 14]",0.9985187139459935,1984,1992,0.951828166,,,,CollegeFootballData.com API,2026-08-31T17:36:52.108062+00:00,/games,1.3
401310754,2021,13,regular,2021-11-28T02:00:00.000Z,False,True,False,True,17465,5388,Canvas Stadium,36,Colorado State,fbs,Mountain West,10,"[0, 0, 7, 3]",0.02556234094875408,1458,1349,2440,Nevada,fbs,Mountain West,52,"[14, 17, 7, 14]",0.9744376590512459,1589,1698,1.6671269092,,,,CollegeFootballData.com API,2026-08-31T17:36:52.108062+00:00,/games,1.3
401309907,2021,13,regular,2021-11-28T03:30:00.000Z,False,True,False,True,36156,1056,Rose Bowl,26,UCLA,fbs,Pac-12,42,"[3, 14, 10, 15]",0.9987780915367862,1694,1751,25,California,fbs,Pac-12,14,"[0, 14, 0, 0]",0.0012219084632137944,1556,1499,4.9498066101,,,,CollegeFootballData.com API,2026-08-31T17:36:52.108062+00:00,/games,1.3
401309910,2021,13,regular,2021-11-28T03:30:00.000Z,False,True,False,False,55926,477,Los Angeles Memorial Coliseum,30,USC,fbs,Pac-12,31,"[3, 10, 10, 8]",0.3224807728924258,1489,1498,252,BYU,fbs,FBS Independents,35,"[7, 14, 7, 7]",0.6775192271075742,1741,1732,6.6662166572,,,,CollegeFootballData.com API,2026-08-31T17:36:52.108062+00:00,/games,1.3
401282156,2021,14,regular,2021-12-04T00:00:00.000Z,False,True,False,True,41148,3604,Alamodome,2636,UTSA,fbs,Conference USA,49,"[14, 14, 14, 7]",0.9795138744556344,1532,1558,98,Western Kentucky,fbs,Conference USA,41,"[10, 3, 13, 15]",0.020486125544365574,1749,1723,5.6738624869,,,,CollegeFootballData.com API,2026-08-31T17:36:52.108062+00:00,/games,1.3
401331159,2021,14,regular,2021-12-04T01:00:00.000Z,False,True,True,True,56511,6501,Allegiant Stadium,254,Utah,fbs,Pac-12,38,"[14, 9, 8, 7]",0.9988119969078025,1872,1931,2483,Oregon,fbs,Pac-12,10,"[0, 0, 3, 7]",0.001188003092197465,1687,1628,2.7434982186,,,,CollegeFootballData.com API,2026-08-31T17:36:52.108062+00:00,/games,1.3
401287953,2021,14,regular,2021-12-04T17:00:00.000Z,False,True,True,True,65771,3687,AT&T Stadium,197,Oklahoma State,fbs,Big 12,16,"[3, 3, 7, 3]",0.31166518060339576,1926,1911,239,Baylor,fbs,Big 12,21,"[7, 14, 0, 0]",0.6883348193966042,1745,1760,7.0437056417,,,,CollegeFootballData.com API,2026-08-31T17:36:52.108062+00:00,/games,1.3
401331160,2021,14,regular,2021-12-04T17:00:00.000Z,False,True,True,True,10317,3727,Ford Field,2459,Northern Illinois,fbs,Mid-American,41,"[10, 7, 7, 17]",0.9940299265908592,1243,1302,2309,Kent State,fbs,Mid-American,23,"[0, 0, 10, 13]",0.005970073409140797,1338,1279,3.7654646313,,,,CollegeFootballData.com API,2026-08-31T17:36:52.108062+00:00,/games,1.3
401310676,2021,14,regular,2021-12-04T20:00:00.000Z,False,True,False,True,13445,538,StubHub Center,21,San Diego State,fbs,Mountain West,13,"[0, 3, 3, 7]",0.010354690684971206,1633,1513,328,Utah State,fbs,Mountain West,46,"[0, 14, 15, 17]",0.9896453093150288,1462,1582,3.2453784023,,,,CollegeFootballData.com API,2026-08-31T17:36:52.108062+00:00,/games,1.3
401331161,2021,14,regular,2021-12-04T20:30:00.000Z,False,True,False,True,31014,3666,Cajun Field,309,Louisiana,fbs,Sun Belt,24,"[7, 10, 0, 7]",0.5186948560689267,1815,1826,2026,App State,fbs,Sun Belt,16,"[0, 7, 3, 6]",0.48130514393107326,1799,1788,7.040911049,,,,CollegeFootballData.com API,2026-08-31T17:36:52.108062+00:00,/games,1.3
401331162,2021,14,regular,2021-12-04T21:00:00.000Z,False,True,False,True,37978,3854,Nippert Stadium,2132,Cincinnati,fbs,American Athletic,35,"[14, 0, 21, 0]",0.9969632287706862,1979,1985,248,Houston,fbs,American Athletic,20,"[10, 3, 0, 7]",0.003036771229313784,1683,1677,3.5451208839,,,,CollegeFootballData.com API,2026-08-31T17:36:52.108062+00:00,/games,1.3
401282154,2021,14,regular,2021-12-04T21:00:00.000Z,False,True,True,True,78030,5348,Mercedes-Benz Stadium,333,Alabama,fbs,SEC,41,"[0, 24, 7, 10]",0.9948329932117118,2173,2220,61,Georgia,fbs,SEC,24,"[3, 14, 0, 7]",0.0051670067882881865,2190,2143,5.6619496584,,,,CollegeFootballData.com API,2026-08-31T17:36:52.108062+00:00,/games,1.3
401331163,2021,14,regular,2021-12-05T01:00:00.000Z,False,True,True,True,57856,3628,Bank of America Stadium,154,Wake Forest,fbs,ACC,21,"[21, 0, 0, 0]",0.05443647664081269,1738,1683,221,Pittsburgh,fbs,ACC,45,"[14, 10, 7, 14]",0.9455635233591873,1742,1797,6.4624828214,,,,CollegeFootballData.com API,2026-08-31T17:36:52.108062+00:00,/games,1.3
401331447,2021,14,regular,2021-12-05T01:00:00.000Z,False,True,True,True,67183,3812,Lucas Oil Stadium,2294,Iowa,fbs,Big Ten,3,"[3, 0, 0, 0]",0.06401742580999348,1767,1690,130,Michigan,fbs,Big Ten,42,"[14, 0, 7, 21]",0.9359825741900065,1988,2065,1.8737412549,,,,CollegeFootballData.com API,2026-08-31T17:36:52.108062+00:00,/games,1.3
401387250,2021,14,regular,2021-12-05T04:00:00.000Z,False,True,False,True,42076,3831,California Memorial Stadium,25,California,fbs,Pac-12,24,"[3, 14, 0, 7]",0.592766327837123,1499,1516,30,USC,fbs,Pac-12,14,"[0, 7, 0, 7]",0.407233672162877,1498,1481,8.950736471,,,,CollegeFootballData.com API,2026-08-31T17:36:52.108062+00:00,/games,1.3
401301056,2021,15,regular,2021-12-11T20:00:00.000Z,False,True,False,False,82282,3839,MetLife Stadium,349,Army,fbs,FBS Independents,13,"[10, 3, 0, 0]",0.0048364757378505045,1596,1571,2426,Navy,fbs,American Athletic,17,"[7, 0, 7, 3]",0.9951635242621495,1330,1355,6.7996656896,,,,CollegeFootballData.com API,2026-08-31T17:36:52.108062+00:00,/games,1.3
401331164,2021,1,postseason,2021-12-17T17:00:00.000Z,False,True,True,False,13596,4779,Thomas A. Robinson National Stadium,2649,Toledo,fbs,Mid-American,24,"[0, 17, 0, 7]",0.43270163157722225,1572,1552,2393,Middle Tennessee,fbs,Conference USA,31,"[7, 7, 0, 17]",0.5672983684227777,1398,1418,7.8572093107,,Bahamas Bowl,,CollegeFootballData.com API,2026-08-31T17:36:52.108062+00:00,/games,1.3
401331165,2021,1,postseason,2021-12-17T23:00:00.000Z,False,True,True,False,9784,5403,Orlando City Stadium,324,Coastal Carolina,fbs,Sun Belt,47,"[6, 13, 14, 14]",0.8083313904666299,1733,1721,2459,Northern Illinois,fbs,Mid-American,41,"[10, 14, 14, 3]",0.19166860953337006,1302,1314,7.583869592,,Tailgreeter Cure Bowl,,CollegeFootballData.com API,2026-08-31T17:36:52.108062+00:00,/games,1.3
401331166,2021,1,postseason,2021-12-18T16:00:00.000Z,False,True,True,False,15429,3715,FAU Stadium,2026,App State,fbs,Sun Belt,38,"[14, 10, 7, 7]",0.16576278804314748,1788,1735,98,Western Kentucky,fbs,Conference USA,59,"[14, 17, 21, 7]",0.8342372119568525,1723,1776,4.2970159401,,RoofClaim.com Boca Raton Bowl,,CollegeFootballData.com API,2026-08-31T17:36:52.108062+00:00,/games,1.3
401331167,2021,1,postseason,2021-12-18T19:15:00.000Z,False,True,True,False,16422,3971,University Stadium (NM),278,Fresno State,fbs,Mountain West,31,"[9, 10, 7, 5]",0.5181584665144832,1643,1636,2638,UTEP,fbs,Conference USA,24,"[7, 10, 0, 7]",0.48184153348551684,1283,1290,6.9275846856,,PUBG Mobile New Mexico Bowl,,CollegeFootballData.com API,2026-08-31T17:36:52.108062+00:00,/games,1.3
401331168,2021,1,postseason,2021-12-18T20:30:00.000Z,False,True,True,False,26276,3766,Independence Stadium,252,BYU,fbs,FBS Independents,28,"[0, 14, 7, 7]",0.4217449228014769,1732,1723,5,UAB,fbs,Conference USA,31,"[14, 7, 3, 7]",0.5782550771985231,1561,1570,6.9703952973,,Radiance Technologies Independence Bowl,,CollegeFootballData.com API,2026-08-31T17:36:52.108062+00:00,/games,1.3
401331169,2021,1,postseason,2021-12-18T22:45:00.000Z,False,True,True,False,15186,6526,Hancock Whitney Stadium,2335,Liberty,fbs,FBS Independents,56,"[13, 20, 16, 7]",0.9987682813076126,1560,1651,2199,Eastern Michigan,fbs,Mid-American,20,"[3, 7, 0, 10]",0.0012317186923873624,1411,1320,2.8223534632,,LendingTree Bowl,,CollegeFootballData.com API,2026-08-31T17:36:52.108062+00:00,/games,1.3
401331170,2021,1,postseason,2021-12-19T00:30:00.000Z,False,True,True,False,29896,7065,SoFi Stadium,204,Oregon State,fbs,Pac-12,13,"[7, 3, 0, 3]",0.5386192096427873,1584,1567,328,Utah State,fbs,Mountain West,24,"[0, 14, 10, 0]",0.4613807903572127,1582,1599,4.5851023654,,Jimmy Kimmel LA Bowl Presented by Stifel,,CollegeFootballData.com API,2026-08-31T17:36:52.108062+00:00,/games,1.3
401331171,2021,1,postseason,2021-12-19T02:15:00.000Z,False,True,True,False,21642,3493,Caesars Superdome,276,Marshall,fbs,Conference USA,21,"[7, 7, 7, 0]",0.06398013917708512,1578,1573,309,Louisiana,fbs,Sun Belt,36,"[10, 6, 0, 20]",0.9360198608229149,1826,1831,7.5280175748,,R+L Carriers New Orleans Bowl,,CollegeFootballData.com API,2026-08-31T17:36:52.108062+00:00,/games,1.3
401331172,2021,1,postseason,2021-12-20T19:30:00.000Z,False,True,True,False,6557,3654,Brooks Stadium (SC),202,Tulsa,fbs,American Athletic,30,"[14, 3, 6, 7]",0.9965912991103741,1481,1503,295,Old Dominion,fbs,Conference USA,17,"[7, 3, 0, 7]",0.0034087008896258597,1357,1335,4.5536972918,,Myrtle Beach Bowl Pres. by TaxAct,,CollegeFootballData.com API,2026-08-31T17:36:52.108062+00:00,/games,1.3
401331213,2021,1,postseason,2021-12-21T20:30:00.000Z,False,True,True,False,10217,3653,Albertsons Stadium,2751,Wyoming,fbs,Mountain West,52,"[7, 14, 14, 17]",0.970690534496188,1478,1496,2309,Kent State,fbs,Mid-American,38,"[14, 10, 0, 14]",0.02930946550381197,1279,1261,6.6208809889,,Famous Idaho Potato Bowl,,CollegeFootballData.com API,2026-08-31T17:36:52.108062+00:00,/games,1.3
401331214,2021,1,postseason,2021-12-22T00:30:00.000Z,False,True,True,False,15801,1400,Toyota Stadium,21,San Diego State,fbs,Mountain West,38,"[7, 10, 14, 7]",0.9946222819547579,1513,1553,2636,UTSA,fbs,Conference USA,24,"[14, 0, 10, 0]",0.005377718045242119,1558,1518,6.345878486,,Tropical Smoothie Cafe Frisco Bowl,,CollegeFootballData.com API,2026-08-31T17:36:52.108062+00:00,/games,1.3
401331215,2021,1,postseason,2021-12-23T01:00:00.000Z,False,True,True,False,34888,3616,Amon G. Carter Stadium,349,Army,fbs,FBS Independents,24,"[0, 7, 7, 10]",0.8999362362265682,1571,1567,142,Missouri,fbs,SEC,22,"[10, 6, 0, 6]",0.10006376377343185,1352,1356,6.6965650619,,Lockheed Martin Armed Forces Bowl,,CollegeFootballData.com API,2026-08-31T17:36:52.108062+00:00,/games,1.3
401391158,2021,1,postseason,2021-12-23T20:30:00.000Z,False,True,True,False,11721,1400,Toyota Stadium,193,Miami (OH),fbs,Mid-American,27,"[10, 10, 7, 0]",0.9461268237962576,1500,1525,249,North Texas,fbs,Conference USA,14,"[7, 7, 0, 0]",0.053873176203742434,1414,1389,5.0940611588,,Frisco Football Classic,,CollegeFootballData.com API,2026-08-31T17:36:52.108062+00:00,/games,1.3
401331216,2021,1,postseason,2021-12-24T00:00:00.000Z,False,True,True,False,63669,3886,Raymond James Stadium,57,Florida,fbs,SEC,17,"[7, 3, 7, 0]",0.025764698463511808,1633,1609,2116,UCF,fbs,American Athletic,29,"[0, 9, 17, 3]",0.9742353015364882,1580,1604,6.1173218485,,Union Home Mortgage Gasparilla Bowl,,CollegeFootballData.com API,2026-08-31T17:36:52.108062+00:00,/games,1.3
401331218,2021,1,postseason,2021-12-25T19:30:00.000Z,False,True,True,False,4200,3689,Cramton Bowl,2050,Ball State,fbs,Mid-American,20,"[7, 6, 0, 7]",0.00042317405126872826,1442,1365,2247,Georgia State,fbs,Sun Belt,51,"[14, 6, 28, 3]",0.9995768259487313,1457,1534,2.6363958151,,TaxAct Camellia Bowl,,CollegeFootballData.com API,2026-08-31T17:36:52.108062+00:00,/games,1.3
401331219,2021,1,postseason,2021-12-27T16:00:00.000Z,False,True,True,False,22321,3727,Ford Field,2440,Nevada,fbs,Mountain West,24,"[3, 7, 7, 7]",0.0006699431064436288,1698,1597,2711,Western Michigan,fbs,Mid-American,52,"[14, 17, 7, 14]",0.9993300568935564,1456,1557,2.8923915542,,Quick Lane Bowl,,CollegeFootballData.com API,2026-08-31T17:36:52.108062+00:00,/games,1.3
401331221,2021,1,postseason,2021-12-28T17:00:00.000Z,False,True,True,False,47100,7221,Protective Stadium,2,Auburn,fbs,SEC,13,"[0, 3, 10, 0]",0.2396996057001273,1702,1699,248,Houston,fbs,American Athletic,17,"[7, 3, 0, 7]",0.7603003942998727,1677,1680,6.7871683538,,TicketSmarter Birmingham Bowl,,CollegeFootballData.com API,2026-08-31T17:36:52.108062+00:00,/games,1.3
401331222,2021,1,postseason,2021-12-28T20:15:00.000Z,False,True,True,False,15251,3735,Gerald J. Ford Stadium,97,Louisville,fbs,ACC,28,"[0, 14, 7, 7]",0.1012413813805892,1597,1602,2005,Air Force,fbs,Mountain West,31,"[7, 21, 0, 3]",0.8987586186194108,1730,1725,4.5304030695,,SERVPRO First Responder Bowl,,CollegeFootballData.com API,2026-08-31T17:36:52.108062+00:00,/games,1.3
401331223,2021,1,postseason,2021-12-28T23:45:00.000Z,False,True,True,False,48615,3805,Simmons Bank Liberty Stadium,2641,Texas Tech,fbs,Big 12,34,"[10, 3, 14, 7]",0.9972796874101675,1451,1554,344,Mississippi State,fbs,SEC,7,"[0, 7, 0, 0]",0.0027203125898325187,1633,1530,5.7571994254,,AutoZone Liberty Bowl,,CollegeFootballData.com API,2026-08-31T17:36:52.108062+00:00,/games,1.3
401331224,2021,1,postseason,2021-12-29T03:15:00.000Z,False,True,True,False,21220,4251,Chase Field,135,Minnesota,fbs,Big Ten,18,"[0, 15, 3, 0]",0.9660722397696062,1696,1709,277,West Virginia,fbs,Big 12,6,"[0, 6, 0, 0]",0.03392776023039379,1498,1485,4.685221046,,Guaranteed Rate Bowl,,CollegeFootballData.com API,2026-08-31T17:36:52.108062+00:00,/games,1.3
401331226,2021,1,postseason,2021-12-29T19:15:00.000Z,False,True,True,False,29653,4102,Yankee Stadium,259,Virginia Tech,fbs,ACC,10,"[0, 10, 0, 0]",0.14193812193554886,1525,1369,120,Maryland,fbs,Big Ten,54,"[7, 17, 17, 13]",0.8580618780644511,1339,1495,2.479029705,,New Era Pinstripe Bowl,,CollegeFootballData.com API,2026-08-31T17:36:52.108062+00:00,/games,1.3
401331227,2021,1,postseason,2021-12-29T22:45:00.000Z,False,True,True,False,39051,4013,Camping World Stadium,66,Iowa State,fbs,Big 12,13,"[0, 3, 3, 7]",0.020642457112812863,1929,1919,228,Clemson,fbs,ACC,20,"[3, 3, 14, 0]",0.9793575428871871,1889,1899,3.9991278754,,Cheez-It Bowl,,CollegeFootballData.com API,2026-08-31T17:36:52.108062+00:00,/games,1.3
401331228,2021,1,postseason,2021-12-30T02:15:00.000Z,False,True,True,False,59121,3604,Alamodome,201,Oklahoma,fbs,Big 12,47,"[6, 24, 14, 3]",0.9684596238021757,1857,1874,2483,Oregon,fbs,Pac-12,32,"[3, 0, 22, 7]",0.03154037619782435,1628,1611,2.9207248482,,Valero Alamo Bowl,,CollegeFootballData.com API,2026-08-31T17:36:52.108062+00:00,/games,1.3
401331229,2021,1,postseason,2021-12-30T16:30:00.000Z,False,True,True,False,45520,3628,Bank of America Stadium,2579,South Carolina,fbs,SEC,38,"[18, 7, 7, 6]",0.9985881628212319,1407,1480,153,North Carolina,fbs,ACC,21,"[0, 13, 8, 0]",0.0014118371787681383,1656,1583,4.8218128119,,Duke's Mayo Bowl,,CollegeFootballData.com API,2026-08-31T17:36:52.108062+00:00,/games,1.3
401331230,2021,1,postseason,2021-12-30T20:00:00.000Z,False,True,True,False,69489,3810,Nissan Stadium,2509,Purdue,fbs,Big Ten,48,"[7, 16, 7, 15, 3]",0.16700838456715467,1696,1703,2633,Tennessee,fbs,SEC,45,"[21, 0, 10, 14, 0]",0.8329916154328454,1718,1711,10.8614391686,,TransPerfect Music City Bowl,,CollegeFootballData.com API,2026-08-31T17:36:52.108062+00:00,/games,1.3
401331231,2021,1,postseason,2021-12-31T00:00:00.000Z,False,True,True,False,41230,5348,Mercedes-Benz Stadium,127,Michigan State,fbs,Big Ten,31,"[10, 0, 0, 21]",0.8045232279525166,1549,1595,221,Pittsburgh,fbs,ACC,21,"[7, 7, 7, 0]",0.19547677204748337,1797,1751,8.0681753461,,Chick-fil-A Peach Bowl,,CollegeFootballData.com API,2026-08-31T17:36:52.108062+00:00,/games,1.3
401331232,2021,1,postseason,2021-12-31T03:30:00.000Z,False,True,True,False,32515,6501,Allegiant Stadium,9,Arizona State,fbs,Pac-12,13,"[3, 3, 7, 0]",0.022739343630421488,1665,1671,275,Wisconsin,fbs,Big Ten,20,"[14, 6, 0, 0]",0.9772606563695785,1870,1864,4.233270965,,SRS Distribution Las Vegas Bowl,,CollegeFootballData.com API,2026-08-31T17:36:52.108062+00:00,/games,1.3
401331233,2021,1,postseason,2021-12-31T16:00:00.000Z,False,True,True,False,28508,3712,EverBank Stadium,164,Rutgers,fbs,Big Ten,10,"[7, 3, 0, 0]",0.0026334731038236935,1326,1298,154,Wake Forest,fbs,ACC,38,"[14, 6, 3, 15]",0.9973665268961763,1683,1711,2.3813075248,,TaxSlayer Gator Bowl,,CollegeFootballData.com API,2026-08-31T17:36:52.108062+00:00,/games,1.3
401331654,2021,1,postseason,2021-12-31T17:00:00.000Z,False,True,True,False,34540,3946,Sun Bowl,2117,Central Michigan,fbs,Mid-American,24,"[13, 8, 0, 3]",0.9152536164011786,1543,1554,265,Washington State,fbs,Pac-12,21,"[0, 0, 14, 7]",0.08474638359882136,1646,1635,5.9894449375,,Tony the Tiger Sun Bowl,,CollegeFootballData.com API,2026-08-31T17:36:52.108062+00:00,/games,1.3
401331235,2021,1,postseason,2021-12-31T20:30:00.000Z,False,True,True,False,76313,3687,AT&T Stadium,333,Alabama,fbs,SEC,27,"[7, 10, 0, 10]",0.998210949020924,2220,2253,2132,Cincinnati,fbs,American Athletic,6,"[3, 0, 3, 0]",0.0017890509790760012,1985,1952,2.8253474098,,CFP Semifinal at the Goodyear Cotton Bowl Classic,"{'competition': 'cfp', 'format': 'four_team', 'round': 'semifinal', 'roundName': 'Semifinal', 'bracketSlot': 'SF1', 'homeSeed': 1, 'awaySeed': 4, 'bowlName': 'Cotton Bowl'}",CollegeFootballData.com API,2026-08-31T17:36:52.108062+00:00,/games,1.3
401331234,2021,1,postseason,2022-01-01T00:30:00.000Z,False,True,True,False,66839,3948,Hard Rock Stadium,130,Michigan,fbs,Big Ten,11,"[0, 3, 0, 8]",0.023924681337543042,2065,2022,61,Georgia,fbs,SEC,34,"[14, 13, 0, 7]",0.976075318662457,2143,2186,1.533453492,,CFP Semifinal at the Capital One Orange Bowl,"{'competition': 'cfp', 'format': 'four_team', 'round': 'semifinal', 'roundName': 'Semifinal', 'bracketSlot': 'SF2', 'homeSeed': 2, 'awaySeed': 3, 'bowlName': 'Orange Bowl'}",CollegeFootballData.com API,2026-08-31T17:36:52.108062+00:00,/games,1.3
401331236,2021,1,postseason,2022-01-01T17:00:00.000Z,False,True,True,False,46577,3886,Raymond James Stadium,8,Arkansas,fbs,SEC,24,"[7, 0, 17, 0]",0.960843919650376,1636,1689,213,Penn State,fbs,Big Ten,10,"[0, 10, 0, 0]",0.039156080349624034,1808,1755,5.9183635077,,Outback Bowl,,CollegeFootballData.com API,2026-08-31T17:36:52.108062+00:00,/games,1.3
401331238,2021,1,postseason,2022-01-01T18:00:00.000Z,False,True,True,False,49550,3970,State Farm Stadium,87,Notre Dame,fbs,FBS Independents,35,"[14, 14, 0, 7]",0.25404615176042056,1992,1990,197,Oklahoma State,fbs,Big 12,37,"[7, 7, 17, 6]",0.7459538482395794,1911,1913,7.6760143117,,PlayStation Fiesta Bowl,,CollegeFootballData.com API,2026-08-31T17:36:52.108062+00:00,/games,1.3
401331237,2021,1,postseason,2022-01-01T18:00:00.000Z,False,True,True,False,50769,4013,Camping World Stadium,96,Kentucky,fbs,SEC,20,"[7, 6, 0, 7]",0.7596255816066637,1753,1756,2294,Iowa,fbs,Big Ten,17,"[0, 3, 7, 7]",0.2403744183933363,1690,1687,7.0262554292,,Vrbo Citrus Bowl,,CollegeFootballData.com API,2026-08-31T17:36:52.108062+00:00,/games,1.3
401331239,2021,1,postseason,2022-01-01T22:00:00.000Z,False,True,True,False,87842,1056,Rose Bowl,194,Ohio State,fbs,Big Ten,48,"[0, 21, 10, 17]",0.6884253104932851,2153,2149,254,Utah,fbs,Pac-12,45,"[14, 21, 3, 7]",0.31157468950671485,1931,1935,6.2968968235,,Rose Bowl Game Pres. by Capital One Venture X,,CollegeFootballData.com API,2026-08-31T17:36:52.108062+00:00,/games,1.3
401331240,2021,1,postseason,2022-01-02T01:45:00.000Z,False,True,True,False,66479,3493,Caesars Superdome,145,Ole Miss,fbs,SEC,7,"[0, 0, 7, 0]",0.011813469081860577,1762,1737,239,Baylor,fbs,Big 12,21,"[0, 7, 0, 14]",0.9881865309181395,1760,1785,7.3226667005,,Allstate Sugar Bowl,,CollegeFootballData.com API,2026-08-31T17:36:52.108062+00:00,/games,1.3
401331241,2021,1,postseason,2022-01-05T02:00:00.000Z,False,True,True,False,52207,3891,NRG Stadium,2306,Kansas State,fbs,Big 12,42,"[7, 14, 7, 14]",0.31844952104089375,1613,1675,99,LSU,fbs,SEC,20,"[0, 7, 0, 13]",0.6815504789591063,1619,1557,2.3240780691,,TaxAct Texas Bowl,,CollegeFootballData.com API,2026-08-31T17:36:52.108062+00:00,/games,1.3
401331242,2021,1,postseason,2022-01-11T01:00:00.000Z,False,True,True,False,68311,3812,Lucas Oil Stadium,333,Alabama,fbs,SEC,18,"[3, 6, 0, 9]",0.014632152239612393,2253,2219,61,Georgia,fbs,SEC,33,"[0, 6, 7, 20]",0.9853678477603877,2186,2220,6.8587838101,,CFP National Championship pres. by AT&T,"{'competition': 'cfp', 'format': 'four_team', 'round': 'championship', 'roundName': 'National Championship', 'bracketSlot': 'CH', 'homeSeed': 1, 'awaySeed': 3, 'bowlName': None}",CollegeFootballData.com API,2026-08-31T17:36:52.108062+00:00,/games,1.3
