id,season,week,seasonType,startDate,startTimeTBD,completed,neutralSite,conferenceGame,attendance,venueId,venue,homeId,homeTeam,homeClassification,homeConference,homePoints,homeLineScores,homePostgameWinProbability,homePregameElo,homePostgameElo,awayId,awayTeam,awayClassification,awayConference,awayPoints,awayLineScores,awayPostgameWinProbability,awayPregameElo,awayPostgameElo,excitementIndex,highlights,notes,playoff,_source,_retrieval_date,_endpoint,_schema_version
401013357,2018,1,regular,2018-08-25T21:30:00.000Z,False,True,False,False,8684,3985,Warren McGuirk Alumni Stadium,113,Massachusetts,fbs,FBS Independents,63,"[21, 14, 21, 7]",0.9984542422162311,,,2184,Duquesne,fcs,NEC,15,"[3, 6, 0, 6]",0.001545757783768864,,,0.2139101303,https://www.youtube.com/watch?v=uwMMvX-tU_U,,,CollegeFootballData.com API,2026-08-31T17:34:18.724540+00:00,/games,1.3
401014972,2018,1,regular,2018-08-25T23:00:00.000Z,False,True,False,False,20050,3895,Rice Stadium,242,Rice,fbs,Conference USA,31,"[13, 6, 0, 12]",0.41611197976904707,,,2504,Prairie View A&M,fcs,SWAC,28,"[0, 21, 7, 0]",0.5838880202309529,,,5.6012773743,https://www.youtube.com/watch?v=z2VFteZqBBw,,,CollegeFootballData.com API,2026-08-31T17:34:18.724540+00:00,/games,1.3
401022510,2018,1,regular,2018-08-25T23:30:00.000Z,False,True,False,True,31007,5388,Canvas Stadium,36,Colorado State,fbs,Mountain West,34,"[7, 0, 13, 14]",0.3317397678892768,1529,1482,62,Hawai'i,fbs,Mountain West,43,"[10, 13, 14, 6]",0.6682602321107232,1217,1264,4.5649361931,https://www.youtube.com/watch?v=1FEy3ogBwpM,,,CollegeFootballData.com API,2026-08-31T17:34:18.724540+00:00,/games,1.3
401013437,2018,1,regular,2018-08-26T02:00:00.000Z,False,True,False,False,20322,3601,Aggie Memorial Stadium,166,New Mexico State,fbs,FBS Independents,7,"[0, 0, 0, 7]",0.00427210984632397,1339,1304,2751,Wyoming,fbs,Mountain West,29,"[9, 6, 7, 7]",0.995727890153676,1537,1572,2.7057118396,https://www.youtube.com/watch?v=S3V1Juvj160,,,CollegeFootballData.com API,2026-08-31T17:34:18.724540+00:00,/games,1.3
401020671,2018,1,regular,2018-08-30T23:00:00.000Z,False,True,False,False,9801,3919,Scheumann Stadium,2050,Ball State,fbs,Mid-American,42,"[7, 14, 14, 7]",0.9999720937904223,,,2115,Central Connecticut,fcs,NEC,6,"[0, 0, 0, 6]",2.7906209577710506e-05,,,0.760100617799999,,,,CollegeFootballData.com API,2026-08-31T17:34:18.724540+00:00,/games,1.3
401021651,2018,1,regular,2018-08-30T23:00:00.000Z,False,True,False,False,23088,4246,Center Parc Stadium,2247,Georgia State,fbs,Sun Belt,24,"[0, 14, 0, 10]",0.869590187971506,,,338,Kennesaw State,fcs,Big South,20,"[7, 7, 6, 0]",0.130409812028494,,,5.8512641491,https://www.youtube.com/watch?v=kUls9PpCkuc,,,CollegeFootballData.com API,2026-08-31T17:34:18.724540+00:00,/games,1.3
401019470,2018,1,regular,2018-08-30T23:00:00.000Z,False,True,False,True,23081,3892,Pratt & Whitney Stadium,41,UConn,fbs,American Athletic,17,"[0, 10, 0, 7]",0.004203463433869054,1241,1189,2116,UCF,fbs,American Athletic,56,"[14, 14, 14, 14]",0.995796536566131,1728,1780,0.830061928399999,https://www.youtube.com/watch?v=ZPI-FjeNw4A,,,CollegeFootballData.com API,2026-08-31T17:34:18.724540+00:00,/games,1.3
401013328,2018,1,regular,2018-08-30T23:00:00.000Z,False,True,False,False,41291,3953,Huntington Bank Stadium,135,Minnesota,fbs,Big Ten,48,"[7, 28, 3, 10]",0.9999638364577065,1499,1582,166,New Mexico State,fbs,FBS Independents,10,"[7, 3, 0, 0]",3.616354229352137e-05,1304,1221,3.06144440259999,https://www.youtube.com/watch?v=hpuPjxkqUWI,,,CollegeFootballData.com API,2026-08-31T17:34:18.724540+00:00,/games,1.3
401012675,2018,1,regular,2018-08-31T00:00:00.000Z,False,True,False,False,45988,587,Rice-Eccles Stadium,254,Utah,fbs,Pac-12,41,"[7, 10, 14, 10]",0.9997998688829266,,,2692,Weber State,fcs,Big Sky,10,"[10, 0, 0, 0]",0.0002001311170733988,,,0.922426719,https://www.youtube.com/watch?v=tJjO6_6SP2s,,,CollegeFootballData.com API,2026-08-31T17:34:18.724540+00:00,/games,1.3
401013086,2018,1,regular,2018-08-31T00:00:00.000Z,False,True,False,False,15478,4729,Yulman Stadium,2655,Tulane,fbs,American Athletic,17,"[0, 0, 14, 3, 0]",0.2196613212325033,1390,1393,154,Wake Forest,fbs,ACC,23,"[0, 7, 3, 7, 6]",0.7803386787674967,1591,1588,9.7884823983,https://www.youtube.com/watch?v=9Pgaey84Fhw,,,CollegeFootballData.com API,2026-08-31T17:34:18.724540+00:00,/games,1.3
401021655,2018,1,regular,2018-08-31T00:00:00.000Z,False,True,False,False,10137,3817,Malone Stadium,2433,UL Monroe,fbs,Sun Belt,34,"[7, 9, 10, 8]",0.5720859305615573,,,2545,SE Louisiana,fcs,Southland,31,"[14, 7, 0, 10]",0.4279140694384427,,,8.4160129207,,,,CollegeFootballData.com API,2026-08-31T17:34:18.724540+00:00,/games,1.3
401014979,2018,1,regular,2018-08-31T00:00:00.000Z,False,True,True,False,27124,3803,Legion Field,5,UAB,fbs,Conference USA,52,"[7, 21, 10, 14]",0.999997345694123,,,2542,Savannah State,fcs,MEAC,0,"[0, 0, 0, 0]",2.6543058769812333e-06,,,0.1406151783,https://www.youtube.com/watch?v=gKQoi3sPeic,,,CollegeFootballData.com API,2026-08-31T17:34:18.724540+00:00,/games,1.3
401013489,2018,1,regular,2018-08-31T00:00:00.000Z,False,True,False,False,50103,3646,Boone Pickens Stadium,197,Oklahoma State,fbs,Big 12,58,"[17, 14, 14, 13]",0.9992698560515085,,,2623,Missouri State,fcs,MVFC,17,"[0, 7, 10, 0]",0.0007301439484914685,,,0.0663753880999998,https://www.youtube.com/watch?v=qi5_zqyEvDs,,,CollegeFootballData.com API,2026-08-31T17:34:18.724540+00:00,/games,1.3
401013342,2018,1,regular,2018-08-31T00:00:00.000Z,False,True,False,True,47410,3907,Ross-Ade Stadium,2509,Purdue,fbs,Big Ten,27,"[14, 3, 7, 3]",0.15206580002046932,1555,1557,77,Northwestern,fbs,Big Ten,31,"[14, 17, 0, 0]",0.8479341999795307,1691,1689,6.6741715963,https://www.youtube.com/watch?v=6zZEHpc246A,,,CollegeFootballData.com API,2026-08-31T17:34:18.724540+00:00,/games,1.3
401012258,2018,1,regular,2018-08-31T00:30:00.000Z,False,True,False,False,95855,3795,Kyle Field,245,Texas A&M,fbs,SEC,59,"[7, 28, 17, 7]",0.9999928023514462,,,2466,Northwestern State,fcs,Southland,7,"[0, 0, 0, 7]",7.197648553836089e-06,,,0.0327134787999997,https://www.youtube.com/watch?v=Vk-bY7sQ4u8,,,CollegeFootballData.com API,2026-08-31T17:34:18.724540+00:00,/games,1.3
401022511,2018,1,regular,2018-08-31T02:00:00.000Z,False,True,False,False,12675,3935,CEFCU Stadium,23,San José State,fbs,Mountain West,38,"[14, 7, 10, 7]",0.2255818432658651,,,302,UC Davis,fcs,Big Sky,44,"[14, 21, 2, 7]",0.7744181567341348,,,5.5811874724,,,,CollegeFootballData.com API,2026-08-31T17:34:18.724540+00:00,/games,1.3
401020673,2018,1,regular,2018-08-31T22:00:00.000Z,False,True,False,False,20628,3980,Waldo Stadium,2711,Western Michigan,fbs,Mid-American,42,"[7, 0, 28, 7]",0.10069975562117696,1553,1502,183,Syracuse,fbs,ACC,55,"[24, 10, 14, 7]",0.899300244378823,1341,1392,2.7679697627,https://www.youtube.com/watch?v=9KWOUJL0s00,,,CollegeFootballData.com API,2026-08-31T17:34:18.724540+00:00,/games,1.3
401020672,2018,1,regular,2018-08-31T22:30:00.000Z,False,True,False,False,14357,3912,Rynearson Stadium,2199,Eastern Michigan,fbs,Mid-American,51,"[13, 17, 14, 7]",0.9995510164694754,,,2405,Monmouth,fcs,Big South,17,"[0, 3, 7, 7]",0.0004489835305245826,,,0.565053273800001,,,,CollegeFootballData.com API,2026-08-31T17:34:18.724540+00:00,/games,1.3
401013089,2018,1,regular,2018-08-31T23:00:00.000Z,False,True,False,False,26017,3982,Wallace Wade Stadium,150,Duke,fbs,ACC,34,"[3, 14, 7, 10]",0.9973846191967987,1594,1633,349,Army,fbs,FBS Independents,14,"[0, 0, 14, 0]",0.0026153808032013393,1522,1483,1.69744162409999,https://www.youtube.com/watch?v=MBbw4OTY-i4,,,CollegeFootballData.com API,2026-08-31T17:34:18.724540+00:00,/games,1.3
401012880,2018,1,regular,2018-08-31T23:00:00.000Z,False,True,False,False,73114,3936,Spartan Stadium,127,Michigan State,fbs,Big Ten,38,"[6, 14, 7, 11]",0.906183590742433,1623,1624,328,Utah State,fbs,Mountain West,31,"[7, 7, 10, 7]",0.09381640925756696,1475,1474,4.1366972475,https://www.youtube.com/watch?v=BtDvvMyLLAg,,,CollegeFootballData.com API,2026-08-31T17:34:18.724540+00:00,/games,1.3
401022512,2018,1,regular,2018-09-01T01:00:00.000Z,False,True,False,False,40913,3940,Stanford Stadium,24,Stanford,fbs,Pac-12,31,"[0, 9, 15, 7]",0.9937677403365777,1757,1789,21,San Diego State,fbs,Mountain West,10,"[7, 0, 3, 0]",0.006232259663422335,1584,1552,2.8895508744,https://www.youtube.com/watch?v=ZqxQVQVhqtE,,,CollegeFootballData.com API,2026-08-31T17:34:18.724540+00:00,/games,1.3
401022517,2018,1,regular,2018-09-01T01:00:00.000Z,False,True,False,False,17525,3816,Mackay Stadium,2440,Nevada,fbs,Mountain West,72,"[9, 21, 28, 14]",0.9999946772201084,,,2502,Portland State,fcs,Big Sky,19,"[9, 10, 0, 0]",5.322779891625551e-06,,,1.08662059399999,https://www.youtube.com/watch?v=eiXWWtKGd94,,,CollegeFootballData.com API,2026-08-31T17:34:18.724540+00:00,/games,1.3
401013354,2018,1,regular,2018-09-01T01:00:00.000Z,False,True,False,False,74145,347,Camp Randall Stadium,275,Wisconsin,fbs,Big Ten,34,"[7, 17, 3, 7]",0.9999658482595446,1852,1887,98,Western Kentucky,fbs,Conference USA,3,"[0, 0, 3, 0]",3.415174045540148e-05,1436,1401,0.2437023338,https://www.youtube.com/watch?v=OX6SNSLJTxs,,,CollegeFootballData.com API,2026-08-31T17:34:18.724540+00:00,/games,1.3
401012680,2018,1,regular,2018-09-01T01:30:00.000Z,False,True,True,False,70158,3937,Sports Authority Field at Mile High,36,Colorado State,fbs,Mountain West,13,"[7, 3, 0, 3]",0.003935607921436278,1482,1401,38,Colorado,fbs,Pac-12,45,"[21, 7, 17, 0]",0.9960643920785637,1495,1576,3.41109204,https://www.youtube.com/watch?v=IVggtfJsL8w,,,CollegeFootballData.com API,2026-08-31T17:34:18.724540+00:00,/games,1.3
401012872,2018,1,regular,2018-09-01T16:00:00.000Z,False,True,True,False,47641,3719,Northwest Stadium,120,Maryland,fbs,Big Ten,34,"[14, 10, 0, 10]",0.9131500976054453,1302,1336,251,Texas,fbs,Big 12,29,"[7, 15, 7, 0]",0.0868499023945547,1657,1623,9.13837292739999,https://www.youtube.com/watch?v=kD6TOpVQ5i0,,,CollegeFootballData.com API,2026-08-31T17:34:18.724540+00:00,/games,1.3
401014977,2018,1,regular,2018-09-01T16:00:00.000Z,False,True,False,False,26390,3895,Rice Stadium,242,Rice,fbs,Conference USA,27,"[7, 17, 3, 0]",0.05005196033053275,1164,1160,248,Houston,fbs,American Athletic,45,"[3, 14, 14, 14]",0.9499480396694673,1573,1577,3.9567502631,https://www.youtube.com/watch?v=G5fwDmKe9cg,,,CollegeFootballData.com API,2026-08-31T17:34:18.724540+00:00,/games,1.3
401012682,2018,1,regular,2018-09-01T16:00:00.000Z,False,True,False,False,102169,3861,Ohio Stadium,194,Ohio State,fbs,Big Ten,77,"[21, 21, 14, 21]",0.9999435276188426,1915,1963,204,Oregon State,fbs,Pac-12,31,"[7, 7, 17, 0]",5.647238115735753e-05,1229,1181,0.1409114981,https://www.youtube.com/watch?v=0SaqgglJe_E,,,CollegeFootballData.com API,2026-08-31T17:34:18.724540+00:00,/games,1.3
401012256,2018,1,regular,2018-09-01T16:00:00.000Z,False,True,False,False,75126,3994,Williams-Brice Stadium,2579,South Carolina,fbs,SEC,49,"[14, 14, 14, 7]",0.9999813927842912,1572,1634,324,Coastal Carolina,fbs,Sun Belt,15,"[0, 3, 3, 9]",1.8607215708787983e-05,1315,1253,0.182912192500001,https://www.youtube.com/watch?v=j1z8dudbN9Y,,,CollegeFootballData.com API,2026-08-31T17:34:18.724540+00:00,/games,1.3
401013072,2018,1,regular,2018-09-01T16:00:00.000Z,False,True,False,False,42219,3616,Amon G. Carter Stadium,2628,TCU,fbs,Big 12,55,"[17, 21, 17, 0]",0.9999921756502518,,,2582,Southern,fcs,SWAC,7,"[0, 7, 0, 0]",7.824349748219994e-06,,,0.0225499731999999,https://www.youtube.com/watch?v=FC5iJjIe1X0,,,CollegeFootballData.com API,2026-08-31T17:34:18.724540+00:00,/games,1.3
401012804,2018,1,regular,2018-09-01T16:00:00.000Z,False,True,False,False,31898,3832,"Memorial Stadium (Champaign, IL)",356,Illinois,fbs,Big Ten,31,"[3, 0, 21, 7]",0.8340153107033903,1305,1305,2309,Kent State,fbs,Mid-American,24,"[7, 10, 7, 0]",0.1659846892966097,1129,1129,6.71988011069999,https://www.youtube.com/watch?v=2uMx20-ZiOE,,,CollegeFootballData.com API,2026-08-31T17:34:18.724540+00:00,/games,1.3
401012820,2018,1,regular,2018-09-01T16:00:00.000Z,False,True,False,False,40124,3754,High Point Solutions Stadium,164,Rutgers,fbs,Big Ten,35,"[7, 14, 7, 7]",0.9992581309620951,1231,1292,326,Texas State,fbs,Sun Belt,7,"[0, 0, 7, 0]",0.000741869037904852,1131,1070,1.11697903199999,https://www.youtube.com/watch?v=lB6s-pGlo04,,,CollegeFootballData.com API,2026-08-31T17:34:18.724540+00:00,/games,1.3
401019473,2018,1,regular,2018-09-01T16:00:00.000Z,False,True,False,False,32357,3806,Lincoln Financial Field,218,Temple,fbs,American Athletic,17,"[3, 7, 7, 0]",0.08018018010651985,,,222,Villanova,fcs,CAA,19,"[13, 0, 0, 6]",0.9198198198934802,,,6.43306846939999,https://www.youtube.com/watch?v=2WuHl4W40Nw,,,CollegeFootballData.com API,2026-08-31T17:34:18.724540+00:00,/games,1.3
401013065,2018,1,regular,2018-09-01T16:00:00.000Z,False,True,False,False,86402,3835,"Memorial Stadium (Norman, OK)",201,Oklahoma,fbs,Big 12,63,"[28, 14, 14, 7]",0.9999928028169979,1875,1991,2226,Florida Atlantic,fbs,Conference USA,14,"[0, 0, 7, 7]",7.197183002127794e-06,1642,1526,0.451379604799999,https://www.youtube.com/watch?v=7oI3YL-nv_k,,,CollegeFootballData.com API,2026-08-31T17:34:18.724540+00:00,/games,1.3
401013091,2018,1,regular,2018-09-01T16:00:00.000Z,False,True,False,False,56073,3670,Carter-Finley Stadium,152,NC State,fbs,ACC,24,"[0, 17, 0, 7]",0.839090960760694,1632,1640,256,James Madison,fcs,CAA,13,"[7, 0, 3, 3]",0.160909039239306,1474,1466,3.8739046233,https://www.youtube.com/watch?v=hTluPNefjSQ,,,CollegeFootballData.com API,2026-08-31T17:34:18.724540+00:00,/games,1.3
401012253,2018,1,regular,2018-09-01T16:00:00.000Z,False,True,True,False,40333,3891,NRG Stadium,2641,Texas Tech,fbs,Big 12,27,"[7, 10, 10, 0]",0.007730744808323005,1518,1477,145,Ole Miss,fbs,SEC,47,"[24, 6, 7, 10]",0.992269255191677,1533,1574,3.6518173425,https://www.youtube.com/watch?v=aKDo9I4t61U,,,CollegeFootballData.com API,2026-08-31T17:34:18.724540+00:00,/games,1.3
401013088,2018,1,regular,2018-09-01T16:20:00.000Z,False,True,False,False,80048,3836,"Memorial Stadium (Clemson, SC)",228,Clemson,fbs,ACC,48,"[10, 17, 14, 7]",0.9999840784279569,,,231,Furman,fcs,Southern,7,"[0, 0, 0, 7]",1.59215720431094e-05,,,0.0250883832000001,https://www.youtube.com/watch?v=XA6HmGetYJs,,,CollegeFootballData.com API,2026-08-31T17:34:18.724540+00:00,/games,1.3
401013090,2018,1,regular,2018-09-01T16:30:00.000Z,False,True,False,False,39719,721,Bobby Dodd Stadium,59,Georgia Tech,fbs,ACC,41,"[7, 13, 21, 0]",0.9999959877845358,,,2016,Alcorn State,fcs,SWAC,0,"[0, 0, 0, 0]",4.01221546419972e-06,,,0.0701338293999992,https://www.youtube.com/watch?v=n2MfSy_7yOU,,,CollegeFootballData.com API,2026-08-31T17:34:18.724540+00:00,/games,1.3
401013087,2018,1,regular,2018-09-01T17:00:00.000Z,False,True,False,False,30112,3615,"Alumni Stadium (Chestnut Hill, MA)",103,Boston College,fbs,ACC,55,"[14, 34, 0, 7]",0.9998255691998653,1610,1675,113,Massachusetts,fbs,FBS Independents,21,"[7, 0, 0, 14]",0.00017443080013468393,1378,1313,0.6622090949,https://www.youtube.com/watch?v=Rtj-zNHEd0c,,,CollegeFootballData.com API,2026-08-31T17:34:18.724540+00:00,/games,1.3
401020675,2018,1,regular,2018-09-01T18:00:00.000Z,False,True,False,False,18275,3876,Peden Stadium,195,Ohio,fbs,Mid-American,38,"[3, 14, 14, 7]",0.4527258093446935,,,47,Howard,fcs,MEAC,32,"[10, 12, 7, 3]",0.5472741906553065,,,3.8302068262,,,,CollegeFootballData.com API,2026-08-31T17:34:18.724540+00:00,/games,1.3
401022514,2018,1,regular,2018-09-01T18:00:00.000Z,False,True,False,False,33415,3713,Falcon Stadium,2005,Air Force,fbs,Mountain West,38,"[14, 10, 0, 14]",0.9999947029448708,,,2619,Stony Brook,fcs,CAA,0,"[0, 0, 0, 0]",5.297055129194206e-06,,,0.8860730608,https://www.youtube.com/watch?v=gM086JZoh68,,,CollegeFootballData.com API,2026-08-31T17:34:18.724540+00:00,/games,1.3
401012257,2018,1,regular,2018-09-01T19:30:00.000Z,False,True,True,False,66793,3628,Bank of America Stadium,2633,Tennessee,fbs,SEC,14,"[0, 7, 7, 0]",0.004273317866598812,1411,1367,277,West Virginia,fbs,Big 12,40,"[10, 3, 20, 7]",0.9957266821334012,1568,1612,2.82384215719999,https://www.youtube.com/watch?v=wASVliw-Jrg,,,CollegeFootballData.com API,2026-08-31T17:34:18.724540+00:00,/games,1.3
401013349,2018,1,regular,2018-09-01T19:30:00.000Z,False,True,False,False,105232,3632,Beaver Stadium,213,Penn State,fbs,Big Ten,45,"[7, 3, 14, 14, 7]",0.980509601522245,1923,1918,2026,App State,fbs,Sun Belt,38,"[10, 0, 0, 28, 0]",0.019490398477755022,1652,1657,6.47689498139999,https://www.youtube.com/watch?v=aMSClbb0CXw,,,CollegeFootballData.com API,2026-08-31T17:34:18.724540+00:00,/games,1.3
401012251,2018,1,regular,2018-09-01T19:30:00.000Z,False,True,False,False,49138,3683,Kroger Field,96,Kentucky,fbs,SEC,35,"[7, 14, 7, 7]",0.9948967001914114,1453,1482,2117,Central Michigan,fbs,Mid-American,20,"[3, 17, 0, 0]",0.0051032998085885906,1424,1395,5.87733304869999,,,,CollegeFootballData.com API,2026-08-31T17:34:18.724540+00:00,/games,1.3
401012250,2018,1,regular,2018-09-01T19:30:00.000Z,False,True,False,False,92746,3917,Sanford Stadium,61,Georgia,fbs,SEC,45,"[17, 21, 7, 0]",0.999992203255419,,,2046,Austin Peay,fcs,OVC,0,"[0, 0, 0, 0]",7.796744580956805e-06,,,0.0234045444000003,https://www.youtube.com/watch?v=Os0jOlTmAP4,,,CollegeFootballData.com API,2026-08-31T17:34:18.724540+00:00,/games,1.3
401013092,2018,1,regular,2018-09-01T19:30:00.000Z,False,True,False,False,34486,3752,Acrisure Stadium,221,Pittsburgh,fbs,ACC,33,"[19, 14, 0, 0]",0.9997365885384938,,,399,UAlbany,fcs,CAA,7,"[7, 0, 0, 0]",0.0002634114615062133,,,0.2208688393,https://www.youtube.com/watch?v=PeUrYFpqo_A,,,CollegeFootballData.com API,2026-08-31T17:34:18.724540+00:00,/games,1.3
401012248,2018,1,regular,2018-09-01T19:30:00.000Z,False,True,True,False,70103,5348,Mercedes-Benz Stadium,2,Auburn,fbs,SEC,21,"[9, 6, 0, 6]",0.6081821946558714,1829,1840,264,Washington,fbs,Pac-12,16,"[3, 10, 0, 3]",0.3918178053441286,1839,1828,7.48070415839999,https://www.youtube.com/watch?v=9RBQOKEFC0c,,,CollegeFootballData.com API,2026-08-31T17:34:18.724540+00:00,/games,1.3
401012683,2018,1,regular,2018-09-01T19:30:00.000Z,False,True,False,False,24131,3984,War Memorial Stadium,2751,Wyoming,fbs,Mountain West,19,"[2, 14, 3, 0]",0.005358724710402157,1572,1513,265,Washington State,fbs,Pac-12,41,"[10, 3, 7, 21]",0.9946412752895979,1552,1611,7.1429531895,https://www.youtube.com/watch?v=TBzMy1k0cSA,,,CollegeFootballData.com API,2026-08-31T17:34:18.724540+00:00,/games,1.3
401012862,2018,1,regular,2018-09-01T19:40:00.000Z,False,True,False,False,67510,3793,Kinnick Stadium,2294,Iowa,fbs,Big Ten,33,"[0, 3, 14, 16]",0.9987837404630044,1712,1756,2459,Northern Illinois,fbs,Mid-American,7,"[0, 0, 0, 7]",0.0012162595369955564,1515,1471,3.0460114328,https://www.youtube.com/watch?v=mn8JsJKjexY,,,CollegeFootballData.com API,2026-08-31T17:34:18.724540+00:00,/games,1.3
401012247,2018,1,regular,2018-09-01T20:00:00.000Z,False,True,False,False,63342,3887,Razorback Stadium,8,Arkansas,fbs,SEC,55,"[10, 28, 10, 7]",0.9967431808920783,,,2197,Eastern Illinois,fcs,OVC,20,"[0, 6, 7, 7]",0.003256819107921749,,,0.179641016199999,https://www.youtube.com/watch?v=gJr3StoaNTM,,,CollegeFootballData.com API,2026-08-31T17:34:18.724540+00:00,/games,1.3
401012255,2018,1,regular,2018-09-01T20:00:00.000Z,False,True,False,False,44019,3838,Memorial Stadium,142,Missouri,fbs,SEC,51,"[14, 24, 10, 3]",0.995968150359603,,,2630,UT Martin,fcs,OVC,14,"[0, 7, 7, 0]",0.004031849640397045,,,0.0905773775999997,https://www.youtube.com/watch?v=VuzsUbOUlC0,,,CollegeFootballData.com API,2026-08-31T17:34:18.724540+00:00,/games,1.3
401012678,2018,1,regular,2018-09-01T20:00:00.000Z,False,True,False,False,58708,477,Los Angeles Memorial Coliseum,30,USC,fbs,Pac-12,43,"[6, 13, 0, 24]",0.9967409790322357,1713,1730,2439,UNLV,fbs,Mountain West,21,"[7, 7, 0, 7]",0.0032590209677643145,1350,1333,2.4032706517,https://www.youtube.com/watch?v=-YUtG0OfcLs,,,CollegeFootballData.com API,2026-08-31T17:34:18.724540+00:00,/games,1.3
401012684,2018,1,regular,2018-09-01T20:00:00.000Z,False,True,False,False,42168,3831,California Memorial Stadium,25,California,fbs,Pac-12,24,"[7, 10, 7, 0]",0.8968200177849878,1556,1560,153,North Carolina,fbs,ACC,17,"[0, 0, 3, 14]",0.10317998221501223,1461,1457,3.2874759002,https://www.youtube.com/watch?v=2FHV0wgV0CE,,,CollegeFootballData.com API,2026-08-31T17:34:18.724540+00:00,/games,1.3
401021656,2018,1,regular,2018-09-01T22:00:00.000Z,False,True,False,False,29612,3975,Veterans Memorial Stadium (AL),2653,Troy,fbs,Sun Belt,20,"[7, 0, 7, 6]",0.05923029255824867,1594,1496,68,Boise State,fbs,Mountain West,56,"[14, 21, 7, 14]",0.9407697074417514,1648,1746,2.27508502569999,https://www.youtube.com/watch?v=FRnrJ3x_Z0Y,,,CollegeFootballData.com API,2026-08-31T17:34:18.724540+00:00,/games,1.3
401014975,2018,1,regular,2018-09-01T22:00:00.000Z,False,True,False,False,15827,3996,Yager Stadium,193,Miami (OH),fbs,Mid-American,28,"[0, 7, 7, 14]",0.2914353097621623,1385,1379,276,Marshall,fbs,Conference USA,35,"[14, 7, 7, 7]",0.7085646902378377,1476,1482,5.2033164459,https://www.youtube.com/watch?v=5XJe-85pzBM,,,CollegeFootballData.com API,2026-08-31T17:34:18.724540+00:00,/games,1.3
401013448,2018,1,regular,2018-09-01T22:00:00.000Z,False,True,False,False,20425,3992,Williams Stadium (VA),2335,Liberty,fbs,FBS Independents,52,"[14, 0, 10, 28]",0.9998402730839259,1444,1541,295,Old Dominion,fbs,Conference USA,10,"[3, 7, 0, 0]",0.00015972691607413214,1251,1154,5.0482463785,,,,CollegeFootballData.com API,2026-08-31T17:34:18.724540+00:00,/games,1.3
401013094,2018,1,regular,2018-09-01T22:00:00.000Z,False,True,False,False,40524,3923,Scott Stadium,258,Virginia,fbs,ACC,42,"[14, 14, 7, 7]",0.99897198899527,,,257,Richmond,fcs,CAA,13,"[10, 0, 3, 0]",0.001028011004730045,,,1.87596885599999,https://www.youtube.com/watch?v=dm_U31yHgH0,,,CollegeFootballData.com API,2026-08-31T17:34:18.724540+00:00,/games,1.3
401021653,2018,1,regular,2018-09-01T22:00:00.000Z,False,True,False,False,15260,3608,Allen E. Paulson Stadium,290,Georgia Southern,fbs,Sun Belt,37,"[13, 3, 7, 14]",0.9987286659646343,,,2569,South Carolina State,fcs,MEAC,6,"[0, 0, 6, 0]",0.0012713340353657232,,,0.435713163799999,https://www.youtube.com/watch?v=gJt4PIvFsxE,,,CollegeFootballData.com API,2026-08-31T17:34:18.724540+00:00,/games,1.3
401019472,2018,1,regular,2018-09-01T22:00:00.000Z,False,True,False,False,31217,3886,Raymond James Stadium,58,South Florida,fbs,American Athletic,34,"[7, 17, 7, 3]",0.9999637417382397,,,2210,Elon,fcs,CAA,14,"[0, 0, 7, 7]",3.6258261760346855e-05,,,0.5439158967,https://www.youtube.com/watch?v=A_OJM2hCXbc,,,CollegeFootballData.com API,2026-08-31T17:34:18.724540+00:00,/games,1.3
401014973,2018,1,regular,2018-09-01T22:00:00.000Z,False,True,False,False,9240,4418,Jerry Richardson Stadium,2429,Charlotte,fbs,Conference USA,34,"[3, 10, 7, 14]",0.999984164464906,,,2230,Fordham,fcs,Patriot,10,"[0, 7, 3, 0]",1.5835535093988717e-05,,,2.6062499703,,,,CollegeFootballData.com API,2026-08-31T17:34:18.724540+00:00,/games,1.3
401020674,2018,1,regular,2018-09-01T22:00:00.000Z,False,True,False,False,17959,3965,UB Stadium,2084,Buffalo,fbs,Mid-American,48,"[20, 14, 14, 0]",0.9999142322720109,,,2169,Delaware State,fcs,MEAC,10,"[0, 3, 0, 7]",8.576772798907228e-05,,,1.62547624519999,,,,CollegeFootballData.com API,2026-08-31T17:34:18.724540+00:00,/games,1.3
401020676,2018,1,regular,2018-09-01T23:00:00.000Z,False,True,False,False,24136,3739,Glass Bowl,2649,Toledo,fbs,Mid-American,66,"[21, 21, 21, 3]",0.9999873144404265,,,2678,VMI,fcs,Southern,3,"[0, 3, 0, 0]",1.2685559573455407e-05,,,0.0266620140000006,,,,CollegeFootballData.com API,2026-08-31T17:34:18.724540+00:00,/games,1.3
401021652,2018,1,regular,2018-09-01T23:00:00.000Z,False,True,False,False,20184,3625,Centennial Bank Stadium,2032,Arkansas State,fbs,Sun Belt,48,"[7, 14, 27, 0]",0.998884580500493,,,2546,Southeast Missouri State,fcs,OVC,21,"[0, 14, 0, 7]",0.0011154194995069977,,,0.727200521,,,,CollegeFootballData.com API,2026-08-31T17:34:18.724540+00:00,/games,1.3
401013057,2018,1,regular,2018-09-01T23:00:00.000Z,False,True,False,False,50063,3636,Bill Snyder Family Stadium,2306,Kansas State,fbs,Big 12,27,"[3, 9, 0, 15]",0.5711801005392997,,,233,South Dakota,fcs,MVFC,24,"[10, 14, 0, 0]",0.4288198994607003,,,7.73617338379999,https://www.youtube.com/watch?v=gMbrkMbG29c,,,CollegeFootballData.com API,2026-08-31T17:34:18.724540+00:00,/games,1.3
401014978,2018,1,regular,2018-09-01T23:00:00.000Z,False,True,False,False,29176,3815,M. M. Roberts Stadium,2572,Southern Miss,fbs,Conference USA,55,"[14, 27, 7, 7]",0.9994952216812634,,,2296,Jackson State,fcs,SWAC,7,"[0, 0, 7, 0]",0.0005047783187366317,,,0.188652225199998,https://www.youtube.com/watch?v=c72cGNYWKhw,,,CollegeFootballData.com API,2026-08-31T17:34:18.724540+00:00,/games,1.3
401019474,2018,1,regular,2018-09-01T23:00:00.000Z,False,True,False,False,33697,3805,Simmons Bank Liberty Stadium,235,Memphis,fbs,American Athletic,66,"[28, 28, 0, 10]",0.9999958345824962,,,2382,Mercer,fcs,Southern,14,"[0, 0, 0, 14]",4.165417503809721e-06,,,1.0251003832,https://www.youtube.com/watch?v=YBrgW4EWIkQ,,,CollegeFootballData.com API,2026-08-31T17:34:18.724540+00:00,/games,1.3
401014974,2018,1,regular,2018-09-01T23:00:00.000Z,False,True,False,False,13457,3797,Ladd Peebles Stadium,6,South Alabama,fbs,Sun Belt,26,"[0, 7, 6, 13]",0.17346633829827812,1233,1245,2348,Louisiana Tech,fbs,Conference USA,30,"[7, 13, 3, 7]",0.8265336617017218,1537,1525,3.39524150609999,,,,CollegeFootballData.com API,2026-08-31T17:34:18.724540+00:00,/games,1.3
401019476,2018,1,regular,2018-09-01T23:00:00.000Z,False,True,False,False,18356,3674,Chapman Stadium,202,Tulsa,fbs,American Athletic,38,"[7, 14, 3, 14]",0.9977510896828313,,,2110,Central Arkansas,fcs,Southland,27,"[13, 0, 7, 7]",0.002248910317168673,,,6.0252868305,https://www.youtube.com/watch?v=vgHOuI_-Zz0,,,CollegeFootballData.com API,2026-08-31T17:34:18.724540+00:00,/games,1.3
401012851,2018,1,regular,2018-09-01T23:00:00.000Z,False,True,False,False,17082,218,FIU Stadium,2229,Florida International,fbs,Conference USA,28,"[7, 7, 7, 7]",0.08816900970878677,1377,1372,84,Indiana,fbs,Big Ten,38,"[14, 14, 7, 3]",0.9118309902912132,1559,1564,2.7499679181,https://www.youtube.com/watch?v=CLDKcBwCeEg,,,CollegeFootballData.com API,2026-08-31T17:34:18.724540+00:00,/games,1.3
401012679,2018,1,regular,2018-09-01T23:00:00.000Z,False,True,False,False,54116,1056,Rose Bowl,26,UCLA,fbs,Pac-12,17,"[10, 0, 7, 0]",0.2196041237734069,1471,1437,2132,Cincinnati,fbs,American Athletic,26,"[0, 17, 0, 9]",0.7803958762265931,1289,1323,8.7869201591,https://www.youtube.com/watch?v=zUuVo8okkTw,,,CollegeFootballData.com API,2026-08-31T17:34:18.724540+00:00,/games,1.3
401013048,2018,1,regular,2018-09-01T23:00:00.000Z,False,True,False,False,24305,3833,Memorial Stadium,2305,Kansas,fbs,Big 12,23,"[7, 3, 0, 10, 3]",0.15578688342620697,,,2447,Nicholls,fcs,Southland,26,"[7, 3, 7, 3, 6]",0.844213116573793,,,9.41128064859999,https://www.youtube.com/watch?v=sC1A1nORhXo,,,CollegeFootballData.com API,2026-08-31T17:34:18.724540+00:00,/games,1.3
401021654,2018,1,regular,2018-09-01T23:00:00.000Z,False,True,False,False,28866,3666,Cajun Field,309,Louisiana,fbs,Sun Belt,49,"[21, 14, 14, 0]",0.9997927217865997,,,2755,Grambling,fcs,SWAC,17,"[3, 7, 0, 7]",0.00020727821340027486,,,1.0627373025,,,,CollegeFootballData.com API,2026-08-31T17:34:18.724540+00:00,/games,1.3
401014976,2018,1,regular,2018-09-01T23:30:00.000Z,False,True,False,False,29519,3825,DATCU Stadium,249,North Texas,fbs,Conference USA,46,"[14, 6, 16, 10]",0.9987373302064423,1335,1397,2567,SMU,fbs,American Athletic,23,"[0, 0, 0, 23]",0.0012626697935577136,1388,1326,2.0082988577,https://www.youtube.com/watch?v=4zlLX9-1Sqc,,,CollegeFootballData.com API,2026-08-31T17:34:18.724540+00:00,/games,1.3
401014980,2018,1,regular,2018-09-01T23:30:00.000Z,False,True,False,False,17271,3946,Sun Bowl,2638,UTEP,fbs,Conference USA,10,"[0, 10, 0, 0]",0.006031035556264542,,,2464,Northern Arizona,fcs,Big Sky,30,"[10, 7, 13, 0]",0.9939689644437355,,,3.04488015159999,https://www.youtube.com/watch?v=2UMbpbcZuWY,,,CollegeFootballData.com API,2026-08-31T17:34:18.724540+00:00,/games,1.3
401012888,2018,1,regular,2018-09-01T23:30:00.000Z,False,True,False,False,77622,3855,Notre Dame Stadium,87,Notre Dame,fbs,FBS Independents,24,"[14, 7, 3, 0]",0.92783043145901,1723,1731,130,Michigan,fbs,Big Ten,17,"[0, 10, 0, 7]",0.07216956854098999,1701,1693,4.2446507286,https://www.youtube.com/watch?v=reeW5x_QkMU,,,CollegeFootballData.com API,2026-08-31T17:34:18.724540+00:00,/games,1.3
401012259,2018,1,regular,2018-09-01T23:30:00.000Z,False,True,False,False,25348,3973,FirstBank Stadium,238,Vanderbilt,fbs,SEC,35,"[7, 7, 7, 14]",0.9996203330946147,1414,1488,2393,Middle Tennessee,fbs,Conference USA,7,"[7, 0, 0, 0]",0.0003796669053852675,1421,1347,3.6034339205,,,,CollegeFootballData.com API,2026-08-31T17:34:18.724540+00:00,/games,1.3
401012254,2018,1,regular,2018-09-01T23:30:00.000Z,False,True,False,False,54289,3693,Davis Wade Stadium,344,Mississippi State,fbs,SEC,63,"[21, 14, 14, 14]",0.9999955955222241,,,2617,Stephen F. Austin,fcs,Southland,6,"[0, 3, 3, 0]",4.404477775943327e-06,,,0.0254067829000002,,,,CollegeFootballData.com API,2026-08-31T17:34:18.724540+00:00,/games,1.3
401012249,2018,1,regular,2018-09-01T23:30:00.000Z,False,True,False,False,81164,3634,Ben Hill Griffin Stadium,57,Florida,fbs,SEC,53,"[10, 28, 13, 2]",0.9998257838347568,,,2127,Charleston Southern,fcs,Big South,6,"[0, 0, 0, 6]",0.0001742161652431573,,,0.0448168873999993,https://www.youtube.com/watch?v=OqsR5HaF5Cg,,,CollegeFootballData.com API,2026-08-31T17:34:18.724540+00:00,/games,1.3
401012681,2018,1,regular,2018-09-02T00:00:00.000Z,False,True,False,False,50112,3626,Autzen Stadium,2483,Oregon,fbs,Pac-12,58,"[7, 30, 14, 7]",0.9998393673219237,1614,1665,189,Bowling Green,fbs,Mid-American,24,"[10, 7, 7, 0]",0.0001606326780763112,1266,1215,0.738405284700001,https://www.youtube.com/watch?v=ln8zA5g1xPo,,,CollegeFootballData.com API,2026-08-31T17:34:18.724540+00:00,/games,1.3
401022515,2018,1,regular,2018-09-02T00:00:00.000Z,False,True,False,False,18213,3971,University Stadium (NM),167,New Mexico,fbs,Mountain West,62,"[28, 7, 13, 14]",0.9991581186438564,,,2916,Incarnate Word,fcs,Southland,30,"[7, 9, 0, 14]",0.0008418813561436034,,,0.307032200699999,,,,CollegeFootballData.com API,2026-08-31T17:34:18.724540+00:00,/games,1.3
401012246,2018,1,regular,2018-09-02T00:00:00.000Z,False,True,True,False,57280,4013,Camping World Stadium,333,Alabama,fbs,SEC,51,"[14, 14, 16, 7]",0.9999255686466408,1986,2062,97,Louisville,fbs,ACC,14,"[0, 0, 7, 7]",7.443135335916118e-05,1701,1625,0.394188331699999,https://www.youtube.com/watch?v=blF1MPQ5aaw,,,CollegeFootballData.com API,2026-08-31T17:34:18.724540+00:00,/games,1.3
401013026,2018,1,regular,2018-09-02T00:00:00.000Z,False,True,False,False,45330,4727,McLane Stadium,239,Baylor,fbs,Big 12,55,"[17, 21, 10, 7]",0.9998295720824828,,,2000,Abilene Christian,fcs,Southland,27,"[7, 13, 7, 0]",0.00017042791751720188,,,0.146911048999999,https://www.youtube.com/watch?v=v1mQhDaVItY,,,CollegeFootballData.com API,2026-08-31T17:34:18.724540+00:00,/games,1.3
401022516,2018,1,regular,2018-09-02T02:00:00.000Z,False,True,False,False,31170,3660,Valley Children's Stadium,278,Fresno State,fbs,Mountain West,79,"[16, 28, 14, 21]",0.9995402711314478,,,70,Idaho,fcs,Big Sky,13,"[6, 0, 7, 0]",0.0004597288685521672,,,0.4491663395,https://www.youtube.com/watch?v=Ez5o-Ng2KMA,,,CollegeFootballData.com API,2026-08-31T17:34:18.724540+00:00,/games,1.3
401012677,2018,1,regular,2018-09-02T02:30:00.000Z,False,True,False,False,50188,3947,Mountain America Stadium,9,Arizona State,fbs,Pac-12,49,"[14, 14, 14, 7]",0.9999920070738963,1498,1612,2636,UTSA,fbs,Conference USA,7,"[0, 0, 0, 7]",7.992926103650433e-06,1429,1315,0.574617268999999,https://www.youtube.com/watch?v=0DqaoprezwQ,,,CollegeFootballData.com API,2026-08-31T17:34:18.724540+00:00,/games,1.3
401012676,2018,1,regular,2018-09-02T02:45:00.000Z,False,True,False,False,51002,3619,Arizona Stadium,12,Arizona,fbs,Pac-12,23,"[0, 10, 0, 13]",0.252378224443892,1513,1496,252,BYU,fbs,FBS Independents,28,"[0, 7, 21, 0]",0.747621775556108,1395,1412,5.07418613049999,https://www.youtube.com/watch?v=_no6VO2XeGI,,,CollegeFootballData.com API,2026-08-31T17:34:18.724540+00:00,/games,1.3
401019475,2018,1,regular,2018-09-02T03:00:00.000Z,False,True,False,False,29702,3610,Aloha Stadium,62,Hawai'i,fbs,Mountain West,59,"[14, 24, 0, 21]",0.9796414129712154,1264,1345,2426,Navy,fbs,American Athletic,41,"[0, 14, 14, 13]",0.02035858702878457,1633,1552,3.7631715548,https://www.youtube.com/watch?v=s880LSIAtMA,,,CollegeFootballData.com API,2026-08-31T17:34:18.724540+00:00,/games,1.3
401079833,2018,1,regular,2018-09-02T19:30:00.000Z,False,True,False,False,38640,3699,Dowdy-Ficklen Stadium,151,East Carolina,fbs,American Athletic,23,"[3, 14, 3, 3]",0.4801521413827188,,,2448,North Carolina A&T,fcs,MEAC,28,"[7, 7, 0, 14]",0.5198478586172812,,,6.9631012532,https://www.youtube.com/watch?v=6i-7cmf6uCU,,,CollegeFootballData.com API,2026-08-31T17:34:18.724540+00:00,/games,1.3
401013095,2018,1,regular,2018-09-02T23:30:00.000Z,False,True,True,False,68841,3687,AT&T Stadium,99,LSU,fbs,SEC,33,"[10, 17, 6, 0]",0.9559552996558128,1736,1774,2390,Miami,fbs,ACC,17,"[3, 0, 0, 14]",0.04404470034418717,1696,1658,3.8470693333,https://www.youtube.com/watch?v=SxZrYfJeEG8,,,CollegeFootballData.com API,2026-08-31T17:34:18.724540+00:00,/games,1.3
401013096,2018,1,regular,2018-09-04T00:00:00.000Z,False,True,False,True,75237,3697,Doak Campbell Stadium,52,Florida State,fbs,ACC,3,"[0, 3, 0, 0]",0.31246770456927847,1648,1604,259,Virginia Tech,fbs,ACC,24,"[10, 7, 0, 7]",0.6875322954307215,1731,1775,3.91834934429999,https://www.youtube.com/watch?v=xm_amg8qlrA,,,CollegeFootballData.com API,2026-08-31T17:34:18.724540+00:00,/games,1.3
401019477,2018,2,regular,2018-09-08T00:00:00.000Z,False,True,False,False,24216,3735,Gerald J. Ford Stadium,2567,SMU,fbs,American Athletic,12,"[9, 3, 0, 0]",0.004266430125617974,1326,1289,2628,TCU,fbs,Big 12,42,"[0, 14, 14, 14]",0.995733569874382,1711,1748,2.8092050501,https://www.youtube.com/watch?v=krYsA1p9pqg,,,CollegeFootballData.com API,2026-08-31T17:34:18.724540+00:00,/games,1.3
401012889,2018,2,regular,2018-09-08T16:00:00.000Z,False,True,False,False,110814,3558,Michigan Stadium,130,Michigan,fbs,Big Ten,49,"[21, 14, 7, 7]",0.9939549363538943,1693,1804,2711,Western Michigan,fbs,Mid-American,3,"[0, 0, 0, 3]",0.006045063646105686,1502,1391,0.298619872199999,https://www.youtube.com/watch?v=oD-2pdYHRu4,,,CollegeFootballData.com API,2026-08-31T17:34:18.724540+00:00,/games,1.3
401013108,2018,2,regular,2018-09-08T16:00:00.000Z,False,True,False,False,23619,3630,Allegacy Federal Credit Union Stadium,154,Wake Forest,fbs,ACC,51,"[14, 24, 3, 10]",0.997077165661241,,,119,Towson,fcs,CAA,20,"[14, 6, 0, 0]",0.0029228343387589506,,,0.352889389800001,https://www.youtube.com/watch?v=ajp8DweoVVc,,,CollegeFootballData.com API,2026-08-31T17:34:18.724540+00:00,/games,1.3
401013098,2018,2,regular,2018-09-08T16:00:00.000Z,False,True,False,False,40654,3911,Ryan Field,77,Northwestern,fbs,Big Ten,7,"[7, 0, 0, 0]",0.05628758324351462,1689,1651,150,Duke,fbs,ACC,21,"[0, 21, 0, 0]",0.9437124167564854,1633,1671,4.3072813421,https://www.youtube.com/watch?v=WDr4u5GsyQU,,,CollegeFootballData.com API,2026-08-31T17:34:18.724540+00:00,/games,1.3
401013355,2018,2,regular,2018-09-08T16:00:00.000Z,False,True,False,False,77003,347,Camp Randall Stadium,275,Wisconsin,fbs,Big Ten,45,"[3, 7, 14, 21]",0.9998599643223818,1887,1902,167,New Mexico,fbs,Mountain West,14,"[7, 0, 0, 7]",0.0001400356776182221,1272,1257,0.939574418799999,https://www.youtube.com/watch?v=0O4N79R4ZCs,,,CollegeFootballData.com API,2026-08-31T17:34:18.724540+00:00,/games,1.3
401013352,2018,2,regular,2018-09-08T16:00:00.000Z,False,True,False,False,47661,3907,Ross-Ade Stadium,2509,Purdue,fbs,Big Ten,19,"[6, 6, 0, 7]",0.4314817253888086,1557,1550,2199,Eastern Michigan,fbs,Mid-American,20,"[7, 3, 0, 10]",0.5685182746111914,1432,1439,7.69645279699999,https://www.youtube.com/watch?v=-h0zqWZV5To,,,CollegeFootballData.com API,2026-08-31T17:34:18.724540+00:00,/games,1.3
401012271,2018,2,regular,2018-09-08T16:00:00.000Z,False,True,False,False,25676,3973,FirstBank Stadium,238,Vanderbilt,fbs,SEC,41,"[0, 17, 17, 7]",0.9996956002890186,1488,1560,2440,Nevada,fbs,Mountain West,10,"[0, 10, 0, 0]",0.0003043997109813956,1391,1319,2.2605124985,https://www.youtube.com/watch?v=TDi0NLyhINc,,,CollegeFootballData.com API,2026-08-31T17:34:18.724540+00:00,/games,1.3
401012726,2018,2,regular,2018-09-08T16:00:00.000Z,False,True,False,False,32534,4728,TDECU Stadium,248,Houston,fbs,American Athletic,45,"[21, 10, 7, 7]",0.9991972922411786,1577,1637,12,Arizona,fbs,Pac-12,18,"[0, 0, 10, 8]",0.0008027077588214082,1496,1436,1.62062720129999,https://www.youtube.com/watch?v=9bCJHyJ6vP4,,,CollegeFootballData.com API,2026-08-31T17:34:18.724540+00:00,/games,1.3
401012266,2018,2,regular,2018-09-08T16:00:00.000Z,False,True,False,False,49784,3636,Bill Snyder Family Stadium,2306,Kansas State,fbs,Big 12,10,"[3, 0, 7, 0]",0.003886996594782742,1629,1582,344,Mississippi State,fbs,SEC,31,"[3, 14, 7, 7]",0.9961130034052172,1692,1739,2.34350567,https://www.youtube.com/watch?v=8XcHQiaUAd4,,,CollegeFootballData.com API,2026-08-31T17:34:18.724540+00:00,/games,1.3
401013100,2018,2,regular,2018-09-08T16:00:00.000Z,False,True,False,False,34182,3886,Raymond James Stadium,58,South Florida,fbs,American Athletic,49,"[14, 7, 7, 21]",0.3490768032986788,1652,1665,59,Georgia Tech,fbs,ACC,38,"[17, 0, 14, 7]",0.6509231967013211,1557,1544,7.6706269273,https://www.youtube.com/watch?v=Cwj6oqFP6-U,,,CollegeFootballData.com API,2026-08-31T17:34:18.724540+00:00,/games,1.3
401013367,2018,2,regular,2018-09-08T16:00:00.000Z,False,True,False,False,25133,3841,Michie Stadium,349,Army,fbs,FBS Independents,38,"[14, 3, 7, 14]",0.977350093034676,1483,1550,2335,Liberty,fbs,FBS Independents,14,"[0, 0, 14, 0]",0.022649906965323985,1541,1474,2.2292228244,https://www.youtube.com/watch?v=BpHOhN8wOU4,,,CollegeFootballData.com API,2026-08-31T17:34:18.724540+00:00,/games,1.3
401013104,2018,2,regular,2018-09-08T16:30:00.000Z,False,True,False,False,56017,3670,Carter-Finley Stadium,152,NC State,fbs,ACC,41,"[10, 10, 7, 14]",0.9997559354727164,1640,1695,2247,Georgia State,fbs,Sun Belt,7,"[7, 0, 0, 0]",0.00024406452728364947,1323,1268,3.38784482119999,https://www.youtube.com/watch?v=k7bQBit9Izo,,,CollegeFootballData.com API,2026-08-31T17:34:18.724540+00:00,/games,1.3
401013097,2018,2,regular,2018-09-08T17:00:00.000Z,False,True,False,False,40311,3615,"Alumni Stadium (Chestnut Hill, MA)",103,Boston College,fbs,ACC,62,"[21, 13, 14, 14]",0.9999985068566098,,,107,Holy Cross,fcs,Patriot,14,"[0, 0, 7, 7]",1.493143390152163e-06,,,1.1977079913,https://www.youtube.com/watch?v=-HMPtrtBkco,,,CollegeFootballData.com API,2026-08-31T17:34:18.724540+00:00,/games,1.3
401012728,2018,2,regular,2018-09-08T17:00:00.000Z,False,True,False,False,86402,3835,"Memorial Stadium (Norman, OK)",201,Oklahoma,fbs,Big 12,49,"[14, 7, 14, 14]",0.9978680204242373,1991,2004,26,UCLA,fbs,Pac-12,21,"[7, 0, 0, 14]",0.0021319795757627213,1437,1424,0.4505717245,https://www.youtube.com/watch?v=fw-ViOOYnsw,,,CollegeFootballData.com API,2026-08-31T17:34:18.724540+00:00,/games,1.3
401014983,2018,2,regular,2018-09-08T18:00:00.000Z,False,True,False,False,24101,3715,FAU Stadium,2226,Florida Atlantic,fbs,Conference USA,33,"[6, 13, 6, 8]",0.9977807034903159,1526,1531,2005,Air Force,fbs,Mountain West,26,"[0, 7, 13, 6]",0.00221929650968411,1448,1443,3.855394349,https://www.youtube.com/watch?v=vcDZC8qI3ok,,,CollegeFootballData.com API,2026-08-31T17:34:18.724540+00:00,/games,1.3
401013107,2018,2,regular,2018-09-08T18:00:00.000Z,False,True,False,False,65632,3799,Lane Stadium,259,Virginia Tech,fbs,ACC,62,"[17, 21, 17, 7]",0.9999082912239645,,,2729,William & Mary,fcs,CAA,17,"[0, 7, 7, 3]",9.170877603548178e-05,,,0.0607080864999993,https://www.youtube.com/watch?v=MMRd540f2v0,,,CollegeFootballData.com API,2026-08-31T17:34:18.724540+00:00,/games,1.3
401012731,2018,2,regular,2018-09-08T18:00:00.000Z,False,True,False,False,47210,3626,Autzen Stadium,2483,Oregon,fbs,Pac-12,62,"[14, 21, 14, 13]",0.9999626788086666,,,2502,Portland State,fcs,Big Sky,14,"[0, 7, 0, 7]",3.732119133337264e-05,,,0.019951039000001,https://www.youtube.com/watch?v=EtH5HUdwPQM,,,CollegeFootballData.com API,2026-08-31T17:34:18.724540+00:00,/games,1.3
401013049,2018,2,regular,2018-09-08T19:00:00.000Z,False,True,False,False,18127,3786,Kelly/Shorts Stadium,2117,Central Michigan,fbs,Mid-American,7,"[0, 0, 7, 0]",0.004369817133266403,1395,1301,2305,Kansas,fbs,Big 12,31,"[0, 7, 14, 10]",0.9956301828667335,1158,1252,3.6911757,https://www.youtube.com/watch?v=BROW_DUjF1M,,,CollegeFootballData.com API,2026-08-31T17:34:18.724540+00:00,/games,1.3
401020678,2018,2,regular,2018-09-08T19:30:00.000Z,False,True,False,False,18413,3768,InfoCision Stadium,2006,Akron,fbs,Mid-American,41,"[17, 10, 14, 0]",0.9999803911611608,,,2415,Morgan State,fcs,MEAC,7,"[0, 0, 0, 7]",1.9608838839224596e-05,,,0.0645155947000006,,,,CollegeFootballData.com API,2026-08-31T17:34:18.724540+00:00,/games,1.3
401020677,2018,2,regular,2018-09-08T19:30:00.000Z,False,True,False,False,15242,3696,Dix Stadium,2309,Kent State,fbs,Mid-American,54,"[16, 10, 21, 7]",0.999972863732392,,,47,Howard,fcs,MEAC,14,"[0, 0, 14, 0]",2.7136267607974496e-05,,,1.14803209649999,,,,CollegeFootballData.com API,2026-08-31T17:34:18.724540+00:00,/games,1.3
401019478,2018,2,regular,2018-09-08T19:30:00.000Z,False,True,False,False,25511,3806,Lincoln Financial Field,218,Temple,fbs,American Athletic,29,"[0, 7, 7, 15]",0.015724434545273093,1535,1508,2084,Buffalo,fbs,Mid-American,36,"[6, 6, 10, 14]",0.9842755654547269,1372,1399,7.1623006009,https://www.youtube.com/watch?v=A5KwKCg527U,,,CollegeFootballData.com API,2026-08-31T17:34:18.724540+00:00,/games,1.3
401013106,2018,2,regular,2018-09-08T19:30:00.000Z,False,True,False,False,29395,1964,JMA Wireless Dome,183,Syracuse,fbs,ACC,62,"[21, 24, 14, 3]",0.9994460959930831,,,2681,Wagner,fcs,NEC,10,"[7, 0, 0, 3]",0.0005539040069169054,,,2.1446403054,https://www.youtube.com/watch?v=xp7BARVq2ds,,,CollegeFootballData.com API,2026-08-31T17:34:18.724540+00:00,/games,1.3
401013377,2018,2,regular,2018-09-08T19:30:00.000Z,False,True,False,False,77622,3855,Notre Dame Stadium,87,Notre Dame,fbs,FBS Independents,24,"[7, 7, 10, 0]",0.9176144483232201,1731,1707,2050,Ball State,fbs,Mid-American,16,"[3, 3, 0, 10]",0.08238555167677986,1071,1095,1.00326135749999,https://www.youtube.com/watch?v=yzZV3ylUXdI,,,CollegeFootballData.com API,2026-08-31T17:34:18.724540+00:00,/games,1.3
401012729,2018,2,regular,2018-09-08T19:30:00.000Z,False,True,False,False,89853,3834,"Memorial Stadium (Lincoln, NE)",158,Nebraska,fbs,Big Ten,28,"[7, 14, 7, 0]",0.21502910266673658,1394,1398,38,Colorado,fbs,Pac-12,33,"[14, 3, 10, 6]",0.7849708973332634,1576,1572,10.3640151619,https://www.youtube.com/watch?v=kppmdIUtNTc,,,CollegeFootballData.com API,2026-08-31T17:34:18.724540+00:00,/games,1.3
401012268,2018,2,regular,2018-09-08T19:30:00.000Z,False,True,False,True,83140,3994,Williams-Brice Stadium,2579,South Carolina,fbs,SEC,17,"[7, 3, 0, 7]",0.003994865800882086,1634,1597,61,Georgia,fbs,SEC,41,"[17, 3, 21, 0]",0.996005134199118,1869,1906,2.4766224853,https://www.youtube.com/watch?v=6wNigfiSyLE,,,CollegeFootballData.com API,2026-08-31T17:34:18.724540+00:00,/games,1.3
401012260,2018,2,regular,2018-09-08T19:30:00.000Z,False,True,False,False,100495,3657,Bryant-Denny Stadium,333,Alabama,fbs,SEC,57,"[19, 21, 10, 7]",0.9999961416390943,2062,2145,2032,Arkansas State,fbs,Sun Belt,7,"[0, 0, 7, 0]",3.8583609056619395e-06,1564,1481,0.0495829549000008,https://www.youtube.com/watch?v=7OgV73h1Hro,,,CollegeFootballData.com API,2026-08-31T17:34:18.724540+00:00,/games,1.3
401012821,2018,2,regular,2018-09-08T19:30:00.000Z,False,True,False,True,93057,3861,Ohio Stadium,194,Ohio State,fbs,Big Ten,52,"[14, 21, 10, 7]",0.99998883138643,1963,2022,164,Rutgers,fbs,Big Ten,3,"[0, 0, 3, 0]",1.1168613569978447e-05,1292,1233,0.0770506892999985,https://www.youtube.com/watch?v=g2UyFwL8fMU,,,CollegeFootballData.com API,2026-08-31T17:34:18.724540+00:00,/games,1.3
401013103,2018,2,regular,2018-09-08T19:30:00.000Z,False,True,False,False,39298,3699,Dowdy-Ficklen Stadium,151,East Carolina,fbs,American Athletic,41,"[7, 14, 7, 13]",0.9775444737560506,1249,1326,153,North Carolina,fbs,ACC,19,"[6, 13, 0, 0]",0.02245552624394942,1457,1380,5.5180404258,https://www.youtube.com/watch?v=_OLfQMIbmVU,,,CollegeFootballData.com API,2026-08-31T17:34:18.724540+00:00,/games,1.3
401019479,2018,2,regular,2018-09-08T19:30:00.000Z,False,True,False,True,31762,3852,Navy-Marine Corps Memorial Stadium,2426,Navy,fbs,American Athletic,22,"[3, 6, 0, 13]",0.825793142104825,1552,1558,235,Memphis,fbs,American Athletic,21,"[0, 7, 14, 0]",0.17420685789517498,1723,1717,6.85829600029999,https://www.youtube.com/watch?v=MWzd7EMa7UE,,,CollegeFootballData.com API,2026-08-31T17:34:18.724540+00:00,/games,1.3
401012269,2018,2,regular,2018-09-08T20:00:00.000Z,False,True,False,False,96464,3853,Neyland Stadium,2633,Tennessee,fbs,SEC,59,"[10, 28, 7, 14]",0.9999878829674437,,,2193,East Tennessee State,fcs,Southern,3,"[0, 0, 3, 0]",1.211703255632468e-05,,,0.1151217697,,,,CollegeFootballData.com API,2026-08-31T17:34:18.724540+00:00,/games,1.3
401012265,2018,2,regular,2018-09-08T20:00:00.000Z,False,True,False,False,53339,3974,Vaught-Hemingway Stadium,145,Ole Miss,fbs,SEC,76,"[14, 21, 14, 27]",0.999900400643715,,,79,Southern Illinois,fcs,MVFC,41,"[21, 17, 3, 0]",9.959935628500727e-05,,,2.63810383949999,https://www.youtube.com/watch?v=6QTDbY0654M,,,CollegeFootballData.com API,2026-08-31T17:34:18.724540+00:00,/games,1.3
401013322,2018,2,regular,2018-09-08T20:00:00.000Z,False,True,False,False,52126,3784,Jones AT&T Stadium,2641,Texas Tech,fbs,Big 12,77,"[14, 28, 14, 21]",0.9999966542723153,,,2320,Lamar,fcs,Southland,0,"[0, 0, 0, 0]",3.3457276846782236e-06,,,0.0322535283999995,https://www.youtube.com/watch?v=XTAgcMEcG6c,,,CollegeFootballData.com API,2026-08-31T17:34:18.724540+00:00,/games,1.3
401012863,2018,2,regular,2018-09-08T21:00:00.000Z,False,True,False,False,69250,3793,Kinnick Stadium,2294,Iowa,fbs,Big Ten,13,"[0, 3, 3, 7]",0.9952481676263186,1756,1765,66,Iowa State,fbs,Big 12,3,"[3, 0, 0, 0]",0.004751832373681375,1645,1636,6.3845436425,https://www.youtube.com/watch?v=CNNIZEMRax4,,,CollegeFootballData.com API,2026-08-31T17:34:18.724540+00:00,/games,1.3
401012733,2018,2,regular,2018-09-08T21:00:00.000Z,False,True,False,False,68093,3765,Husky Stadium,264,Washington,fbs,Pac-12,45,"[10, 7, 7, 21]",0.9998398687581421,,,155,North Dakota,fcs,FCS Independents,3,"[0, 0, 3, 0]",0.00016013124185787486,,,2.94846703709999,https://www.youtube.com/watch?v=CArtNQOUENg,,,CollegeFootballData.com API,2026-08-31T17:34:18.724540+00:00,/games,1.3
401013326,2018,2,regular,2018-09-08T22:00:00.000Z,False,True,False,False,58446,3842,Milan Puskar Stadium,277,West Virginia,fbs,Big 12,52,"[7, 14, 21, 10]",0.9993122543916543,,,2754,Youngstown State,fcs,MVFC,17,"[0, 7, 10, 0]",0.0006877456083457245,,,0.358901970199999,https://www.youtube.com/watch?v=o8cXpP0ztj0,,,CollegeFootballData.com API,2026-08-31T17:34:18.724540+00:00,/games,1.3
401014981,2018,2,regular,2018-09-08T22:00:00.000Z,False,True,False,False,19151,4418,Jerry Richardson Stadium,2429,Charlotte,fbs,Conference USA,9,"[0, 9, 0, 0]",0.003927608611448457,1136,1097,2026,App State,fbs,Sun Belt,45,"[10, 14, 7, 14]",0.9960723913885515,1657,1696,1.5831381944,https://www.youtube.com/watch?v=0KszQdNG270,,,CollegeFootballData.com API,2026-08-31T17:34:18.724540+00:00,/games,1.3
401019481,2018,2,regular,2018-09-08T22:00:00.000Z,False,True,False,False,43269,3652,FBC Mortgage Stadium,2116,UCF,fbs,American Athletic,38,"[14, 10, 14, 0]",0.9999471502094014,,,2569,South Carolina State,fcs,MEAC,0,"[0, 0, 0, 0]",5.284979059860806e-05,,,2.29813866739999,https://www.youtube.com/watch?v=DA79sfBx3dc,,,CollegeFootballData.com API,2026-08-31T17:34:18.724540+00:00,/games,1.3
401012873,2018,2,regular,2018-09-08T22:00:00.000Z,False,True,False,False,16142,3700,Doyt L. Perry Stadium,189,Bowling Green,fbs,Mid-American,14,"[7, 7, 0, 0]",0.013964852575621998,1215,1143,120,Maryland,fbs,Big Ten,45,"[0, 10, 7, 28]",0.986035147424378,1336,1408,5.24462645589999,,,,CollegeFootballData.com API,2026-08-31T17:34:18.724540+00:00,/games,1.3
401013358,2018,2,regular,2018-09-08T22:00:00.000Z,False,True,False,False,15071,3608,Allen E. Paulson Stadium,290,Georgia Southern,fbs,Sun Belt,34,"[0, 17, 10, 7]",0.996164113981696,1364,1408,113,Massachusetts,fbs,FBS Independents,13,"[3, 7, 3, 0]",0.00383588601830398,1313,1269,3.4117826899,https://www.youtube.com/watch?v=FD_8nAdZTz8,,,CollegeFootballData.com API,2026-08-31T17:34:18.724540+00:00,/games,1.3
401013102,2018,2,regular,2018-09-08T22:00:00.000Z,False,True,False,False,60307,3948,Hard Rock Stadium,2390,Miami,fbs,ACC,77,"[7, 21, 21, 28]",0.999993286999605,,,2542,Savannah State,fcs,MEAC,0,"[0, 0, 0, 0]",6.7130003950088835e-06,,,0.00876329089999983,https://www.youtube.com/watch?v=oO-wcpPrv4Q,,,CollegeFootballData.com API,2026-08-31T17:34:18.724540+00:00,/games,1.3
401014985,2018,2,regular,2018-09-08T22:30:00.000Z,False,True,False,False,24304,3775,Joan C. Edwards Stadium,276,Marshall,fbs,Conference USA,32,"[13, 7, 7, 5]",0.9939108025346428,,,2198,Eastern Kentucky,fcs,OVC,16,"[0, 6, 7, 3]",0.006089197465357188,,,0.804064678899999,https://www.youtube.com/watch?v=TZ_b96gadGA,,,CollegeFootballData.com API,2026-08-31T17:34:18.724540+00:00,/games,1.3
401014990,2018,2,regular,2018-09-08T23:00:00.000Z,False,True,False,False,9776,3654,Brooks Stadium (SC),324,Coastal Carolina,fbs,Sun Belt,47,"[7, 13, 7, 20]",0.9861289022483334,1253,1324,5,UAB,fbs,Conference USA,24,"[14, 10, 0, 0]",0.013871097751666617,1382,1311,4.85853896549999,,,,CollegeFootballData.com API,2026-08-31T17:34:18.724540+00:00,/games,1.3
401014986,2018,2,regular,2018-09-08T23:00:00.000Z,False,True,False,False,16227,3725,"Johnny ""Red"" Floyd Stadium",2393,Middle Tennessee,fbs,Conference USA,61,"[14, 12, 21, 14]",0.9991248683280161,,,2630,UT Martin,fcs,OVC,37,"[7, 10, 7, 13]",0.0008751316719839419,,,2.07693861519999,https://www.youtube.com/watch?v=UH6mQsYkKDk,,,CollegeFootballData.com API,2026-08-31T17:34:18.724540+00:00,/games,1.3
401021658,2018,2,regular,2018-09-08T23:00:00.000Z,False,True,False,False,25767,3975,Veterans Memorial Stadium (AL),2653,Troy,fbs,Sun Belt,59,"[21, 17, 14, 7]",0.9999109556114794,,,50,Florida A&M,fcs,MEAC,7,"[0, 7, 0, 0]",8.904438852064267e-05,,,0.2367509016,https://www.youtube.com/watch?v=s-QNkYOnyos,,,CollegeFootballData.com API,2026-08-31T17:34:18.724540+00:00,/games,1.3
401012267,2018,2,regular,2018-09-08T23:00:00.000Z,False,True,False,False,50820,3838,Memorial Stadium,142,Missouri,fbs,SEC,40,"[3, 13, 14, 10]",0.9993931392682416,1612,1670,2751,Wyoming,fbs,Mountain West,13,"[0, 0, 10, 3]",0.0006068607317584185,1513,1455,1.19348563699999,https://www.youtube.com/watch?v=sogOsEv8Q5s,,,CollegeFootballData.com API,2026-08-31T17:34:18.724540+00:00,/games,1.3
401013027,2018,2,regular,2018-09-08T23:00:00.000Z,False,True,False,False,42071,3604,Alamodome,2636,UTSA,fbs,Conference USA,20,"[3, 10, 0, 7]",0.007851905753501042,1315,1286,239,Baylor,fbs,Big 12,37,"[10, 10, 7, 10]",0.992148094246499,1433,1462,2.738125481,https://www.youtube.com/watch?v=BWru436dAs0,,,CollegeFootballData.com API,2026-08-31T17:34:18.724540+00:00,/games,1.3
401012270,2018,2,regular,2018-09-08T23:00:00.000Z,False,True,False,False,104794,3795,Kyle Field,245,Texas A&M,fbs,SEC,26,"[3, 0, 10, 13]",0.9903228699256638,1609,1622,228,Clemson,fbs,ACC,28,"[7, 7, 14, 0]",0.009677130074336238,1907,1894,3.6700416206,https://www.youtube.com/watch?v=bUzDby59Z0c,,,CollegeFootballData.com API,2026-08-31T17:34:18.724540+00:00,/games,1.3
401021657,2018,2,regular,2018-09-08T23:00:00.000Z,False,True,False,False,15440,3644,Bobcat Stadium (TX),326,Texas State,fbs,Sun Belt,36,"[3, 13, 10, 10]",0.9972350917283954,,,2640,Texas Southern,fcs,SWAC,20,"[0, 0, 7, 13]",0.0027649082716045825,,,0.48629454,,,,CollegeFootballData.com API,2026-08-31T17:34:18.724540+00:00,/games,1.3
401014989,2018,2,regular,2018-09-08T23:00:00.000Z,False,True,False,False,19579,3815,M. M. Roberts Stadium,2572,Southern Miss,fbs,Conference USA,20,"[10, 7, 3, 0]",0.5777523689910429,1420,1412,2433,UL Monroe,fbs,Sun Belt,21,"[14, 0, 7, 0]",0.4222476310089571,1289,1297,8.9236472399,https://www.youtube.com/watch?v=jf6HwHeYVNQ,,,CollegeFootballData.com API,2026-08-31T17:34:18.724540+00:00,/games,1.3
401014984,2018,2,regular,2018-09-08T23:00:00.000Z,False,True,False,False,22926,3776,Joe Aillet Stadium,2348,Louisiana Tech,fbs,Conference USA,54,"[21, 10, 14, 9]",0.9998892596571122,,,2582,Southern,fcs,SWAC,17,"[7, 7, 3, 0]",0.0001107403428878273,,,0.2100437057,https://www.youtube.com/watch?v=jPZzB8UgcvM,,,CollegeFootballData.com API,2026-08-31T17:34:18.724540+00:00,/games,1.3
401013101,2018,2,regular,2018-09-08T23:00:00.000Z,False,True,False,False,44520,3873,L&N Federal Credit Union Stadium,97,Louisville,fbs,ACC,31,"[7, 0, 7, 17]",0.9997286074405909,,,282,Indiana State,fcs,MVFC,7,"[7, 0, 0, 0]",0.00027139255940911156,,,5.2958203533,https://www.youtube.com/watch?v=pAbBmL3StrM,,,CollegeFootballData.com API,2026-08-31T17:34:18.724540+00:00,/games,1.3
401012264,2018,2,regular,2018-09-08T23:00:00.000Z,False,True,False,False,96883,3958,Tiger Stadium (LA),99,LSU,fbs,SEC,31,"[14, 10, 0, 7]",0.999977913925825,,,2545,SE Louisiana,fcs,Southland,0,"[0, 0, 0, 0]",2.208607417497621e-05,,,0.115249000099999,https://www.youtube.com/watch?v=OOCt9c9OSDk,,,CollegeFootballData.com API,2026-08-31T17:34:18.724540+00:00,/games,1.3
401013099,2018,2,regular,2018-09-08T23:20:00.000Z,False,True,False,False,72239,3697,Doak Campbell Stadium,52,Florida State,fbs,ACC,36,"[7, 14, 0, 15]",0.9879371009038433,,,2535,Samford,fcs,Southern,26,"[16, 7, 0, 3]",0.012062899096156654,,,6.7700022543,https://www.youtube.com/watch?v=0l-7bbX8xxQ,,,CollegeFootballData.com API,2026-08-31T17:34:18.724540+00:00,/games,1.3
401012852,2018,2,regular,2018-09-08T23:30:00.000Z,False,True,False,False,35492,3830,"Memorial Stadium (Bloomington, IN)",84,Indiana,fbs,Big Ten,20,"[13, 7, 0, 0]",0.9346136298596897,1564,1562,258,Virginia,fbs,ACC,16,"[9, 0, 7, 0]",0.06538637014031035,1375,1377,5.7957513928,https://www.youtube.com/watch?v=FDMt0_C5tvQ,,,CollegeFootballData.com API,2026-08-31T17:34:18.724540+00:00,/games,1.3
401012805,2018,2,regular,2018-09-08T23:30:00.000Z,False,True,False,False,39252,3832,"Memorial Stadium (Champaign, IL)",356,Illinois,fbs,Big Ten,34,"[0, 14, 10, 10]",0.9892406337181363,,,2710,Western Illinois,fcs,MVFC,14,"[7, 0, 7, 0]",0.010759366281863691,,,3.974998034,https://www.youtube.com/watch?v=9U17TmqkqNw,,,CollegeFootballData.com API,2026-08-31T17:34:18.724540+00:00,/games,1.3
401012730,2018,2,regular,2018-09-08T23:30:00.000Z,False,True,False,False,16762,3764,Huskie Stadium,2459,Northern Illinois,fbs,Mid-American,6,"[3, 0, 0, 3]",0.03202605424476985,1471,1461,254,Utah,fbs,Pac-12,17,"[0, 0, 7, 10]",0.9679739457552301,1624,1634,6.58197409219999,https://www.youtube.com/watch?v=Dgzd9XfIzfc,,,CollegeFootballData.com API,2026-08-31T17:34:18.724540+00:00,/games,1.3
401014982,2018,2,regular,2018-09-08T23:30:00.000Z,False,True,False,True,19243,3918,S.B. Ballard Stadium,295,Old Dominion,fbs,Conference USA,20,"[7, 13, 0, 0]",0.16754823250311024,1154,1155,2229,Florida International,fbs,Conference USA,28,"[0, 14, 14, 0]",0.8324517674968898,1372,1371,6.9894945464,https://www.youtube.com/watch?v=k-KWuSaQ56c,,,CollegeFootballData.com API,2026-08-31T17:34:18.724540+00:00,/games,1.3
401014992,2018,2,regular,2018-09-08T23:30:00.000Z,False,True,False,False,15718,3796,Houchens Industries-L.T. Smith Stadium,98,Western Kentucky,fbs,Conference USA,28,"[21, 0, 0, 7]",0.2525345801642947,,,311,Maine,fcs,CAA,31,"[0, 14, 14, 3]",0.7474654198357054,,,6.3682250399,https://www.youtube.com/watch?v=ea9gJNLFOi4,,,CollegeFootballData.com API,2026-08-31T17:34:18.724540+00:00,/games,1.3
401012263,2018,2,regular,2018-09-08T23:30:00.000Z,False,True,False,True,80651,3634,Ben Hill Griffin Stadium,57,Florida,fbs,SEC,16,"[0, 10, 0, 6]",0.3381624952730392,1531,1503,96,Kentucky,fbs,SEC,27,"[7, 0, 14, 6]",0.6618375047269608,1482,1510,5.57340043039999,https://www.youtube.com/watch?v=d5XjeipY3MI,,,CollegeFootballData.com API,2026-08-31T17:34:18.724540+00:00,/games,1.3
401013329,2018,2,regular,2018-09-08T23:30:00.000Z,False,True,False,False,38280,3953,Huntington Bank Stadium,135,Minnesota,fbs,Big Ten,21,"[7, 3, 0, 11]",0.9774495351098001,1582,1588,278,Fresno State,fbs,Mountain West,14,"[0, 0, 7, 7]",0.02255046489019985,1519,1513,7.4405142218,https://www.youtube.com/watch?v=Ui3GiqjE4dM,,,CollegeFootballData.com API,2026-08-31T17:34:18.724540+00:00,/games,1.3
401012261,2018,2,regular,2018-09-08T23:30:00.000Z,False,True,False,False,31894,5388,Canvas Stadium,36,Colorado State,fbs,Mountain West,34,"[3, 6, 8, 17]",0.8267273040695382,1401,1414,8,Arkansas,fbs,SEC,27,"[7, 6, 14, 0]",0.1732726959304618,1461,1448,4.8656134387,https://www.youtube.com/watch?v=lqFMRZvoibc,,,CollegeFootballData.com API,2026-08-31T17:34:18.724540+00:00,/games,1.3
401012262,2018,2,regular,2018-09-08T23:30:00.000Z,False,True,False,False,84806,3785,Jordan-Hare Stadium,2,Auburn,fbs,SEC,63,"[21, 21, 7, 14]",0.999992715951554,,,2011,Alabama State,fcs,SWAC,9,"[0, 2, 7, 0]",7.284048445965752e-06,,,0.00744506210000028,https://www.youtube.com/watch?v=f5lRbyKIGy8,,,CollegeFootballData.com API,2026-08-31T17:34:18.724540+00:00,/games,1.3
401014987,2018,2,regular,2018-09-08T23:30:00.000Z,False,True,False,False,18538,3825,DATCU Stadium,249,North Texas,fbs,Conference USA,58,"[10, 31, 14, 3]",0.9994853263703609,,,2916,Incarnate Word,fcs,Southland,16,"[6, 0, 10, 0]",0.0005146736296390841,,,0.1022251338,https://www.youtube.com/watch?v=uINOWfYCtvM,,,CollegeFootballData.com API,2026-08-31T17:34:18.724540+00:00,/games,1.3
401019482,2018,2,regular,2018-09-09T00:00:00.000Z,False,True,False,False,16062,3874,Paul Brown Stadium,193,Miami (OH),fbs,Mid-American,0,"[0, 0, 0, 0]",0.004305537725206241,1379,1319,2132,Cincinnati,fbs,American Athletic,21,"[7, 0, 0, 14]",0.9956944622747937,1323,1383,4.0116960625,https://www.youtube.com/watch?v=WYfozCLK8Ro,,,CollegeFootballData.com API,2026-08-31T17:34:18.724540+00:00,/games,1.3
401013319,2018,2,regular,2018-09-09T00:00:00.000Z,False,True,False,False,90563,3910,DKR-Texas Memorial Stadium,251,Texas,fbs,Big 12,28,"[14, 7, 0, 7]",0.84514293449051,1623,1623,202,Tulsa,fbs,American Athletic,21,"[0, 0, 7, 14]",0.15485706550948997,1439,1439,1.2609870598,https://www.youtube.com/watch?v=XgN5ONYikOk,,,CollegeFootballData.com API,2026-08-31T17:34:18.724540+00:00,/games,1.3
401019480,2018,2,regular,2018-09-09T00:00:00.000Z,False,True,False,False,21092,4729,Yulman Stadium,2655,Tulane,fbs,American Athletic,42,"[7, 14, 7, 14]",0.9959205148297616,,,2447,Nicholls,fcs,Southland,17,"[3, 7, 0, 7]",0.004079485170238373,,,1.3223409863,https://www.youtube.com/watch?v=nlyMn3w2xw0,,,CollegeFootballData.com API,2026-08-31T17:34:18.724540+00:00,/games,1.3
401013105,2018,2,regular,2018-09-09T00:00:00.000Z,False,True,False,False,68400,3752,Acrisure Stadium,221,Pittsburgh,fbs,ACC,6,"[6, 0, 0, 0]",0.005152548630592263,1557,1470,213,Penn State,fbs,Big Ten,51,"[7, 7, 16, 21]",0.9948474513694078,1918,2005,2.8321925213,https://www.youtube.com/watch?v=zr9EtLsbOU4,,,CollegeFootballData.com API,2026-08-31T17:34:18.724540+00:00,/games,1.3
401012732,2018,2,regular,2018-09-09T00:00:00.000Z,False,True,False,False,36448,3893,Reser Stadium,204,Oregon State,fbs,Pac-12,48,"[17, 24, 0, 7]",0.9998748846077057,,,253,Southern Utah,fcs,Big Sky,25,"[0, 7, 9, 9]",0.00012511539229431712,,,1.0738034754,https://www.youtube.com/watch?v=A0ZY6Ek_FHE,,,CollegeFootballData.com API,2026-08-31T17:34:18.724540+00:00,/games,1.3
401013490,2018,2,regular,2018-09-09T00:00:00.000Z,False,True,False,False,53923,3646,Boone Pickens Stadium,197,Oklahoma State,fbs,Big 12,55,"[14, 17, 10, 14]",0.9998753775362492,1778,1832,6,South Alabama,fbs,Sun Belt,13,"[7, 6, 0, 0]",0.00012462246375077868,1245,1191,0.4953621408,https://www.youtube.com/watch?v=YfmtoK1n0dY,,,CollegeFootballData.com API,2026-08-31T17:34:18.724540+00:00,/games,1.3
401013438,2018,2,regular,2018-09-09T00:00:00.000Z,False,True,False,False,18223,3905,Maverik Stadium,328,Utah State,fbs,Mountain West,60,"[16, 17, 14, 13]",0.9998913753214086,1474,1580,166,New Mexico State,fbs,FBS Independents,13,"[7, 3, 3, 0]",0.0001086246785914069,1221,1115,3.381878971,https://www.youtube.com/watch?v=9vEgKg9HDpo,,,CollegeFootballData.com API,2026-08-31T17:34:18.724540+00:00,/games,1.3
401012736,2018,2,regular,2018-09-09T00:30:00.000Z,False,True,False,True,42856,3940,Stanford Stadium,24,Stanford,fbs,Pac-12,17,"[7, 7, 3, 0]",0.9899502830100785,1789,1812,30,USC,fbs,Pac-12,3,"[0, 0, 3, 0]",0.01004971698992152,1730,1707,3.05689213859999,https://www.youtube.com/watch?v=pGzCRX31aYE,,,CollegeFootballData.com API,2026-08-31T17:34:18.724540+00:00,/games,1.3
401022518,2018,2,regular,2018-09-09T01:00:00.000Z,False,True,False,False,45755,3932,Qualcomm Stadium,21,San Diego State,fbs,Mountain West,28,"[7, 6, 0, 15]",0.9970447430623294,,,16,Sacramento State,fcs,Big Sky,14,"[0, 7, 7, 0]",0.002955256937670625,,,3.65999084589999,https://www.youtube.com/watch?v=azU9gshDrdE,,,CollegeFootballData.com API,2026-08-31T17:34:18.724540+00:00,/games,1.3
401014991,2018,2,regular,2018-09-09T01:00:00.000Z,False,True,False,False,14122,3914,Sam Boyd Stadium,2439,UNLV,fbs,Mountain West,52,"[14, 24, 7, 7]",0.9987803010104858,1333,1378,2638,UTEP,fbs,Conference USA,24,"[10, 0, 7, 7]",0.0012196989895142396,1085,1040,0.519295717699999,https://www.youtube.com/watch?v=D0SE9ZmWKg8,,,CollegeFootballData.com API,2026-08-31T17:34:18.724540+00:00,/games,1.3
401019483,2018,2,regular,2018-09-09T02:15:00.000Z,False,True,False,False,34515,3653,Albertsons Stadium,68,Boise State,fbs,Mountain West,62,"[24, 17, 14, 7]",0.9999924855654084,1746,1837,41,UConn,fbs,American Athletic,7,"[0, 0, 7, 0]",7.514434591571195e-06,1189,1098,0.135972336399999,https://www.youtube.com/watch?v=7zzI_73rbqg,,,CollegeFootballData.com API,2026-08-31T17:34:18.724540+00:00,/games,1.3
401012735,2018,2,regular,2018-09-09T02:15:00.000Z,False,True,False,False,52602,3801,LaVell Edwards Stadium,252,BYU,fbs,FBS Independents,18,"[0, 3, 7, 8]",0.5301715309810047,1412,1416,25,California,fbs,Pac-12,21,"[7, 0, 7, 7]",0.46982846901899533,1560,1556,6.43988763869999,https://www.youtube.com/watch?v=U_y6zU0QH0E,,,CollegeFootballData.com API,2026-08-31T17:34:18.724540+00:00,/games,1.3
401012727,2018,2,regular,2018-09-09T02:45:00.000Z,False,True,False,False,53599,3947,Mountain America Stadium,9,Arizona State,fbs,Pac-12,16,"[0, 0, 3, 13]",0.6319057651595353,1612,1613,127,Michigan State,fbs,Big Ten,13,"[0, 3, 10, 0]",0.36809423484046466,1624,1623,7.8041556334,https://www.youtube.com/watch?v=U0MAqq6xIyQ,,,CollegeFootballData.com API,2026-08-31T17:34:18.724540+00:00,/games,1.3
401012734,2018,2,regular,2018-09-09T03:00:00.000Z,False,True,False,False,26141,3820,Gesa Field,265,Washington State,fbs,Pac-12,31,"[14, 10, 0, 7]",0.9999099457458428,1611,1629,23,San José State,fbs,Mountain West,0,"[0, 0, 0, 0]",9.005425415720136e-05,1025,1007,2.26738758229999,https://www.youtube.com/watch?v=bWqmfMIIzQc,,,CollegeFootballData.com API,2026-08-31T17:34:18.724540+00:00,/games,1.3
401014988,2018,2,regular,2018-09-09T03:59:00.000Z,False,True,False,False,23112,3610,Aloha Stadium,62,Hawai'i,fbs,Mountain West,43,"[14, 7, 7, 15]",0.99791824111909,1345,1358,242,Rice,fbs,Conference USA,29,"[7, 3, 3, 16]",0.0020817588809100007,1160,1147,2.64006380359999,https://www.youtube.com/watch?v=toDY7Vl1948,,,CollegeFootballData.com API,2026-08-31T17:34:18.724540+00:00,/games,1.3
401021659,2018,3,regular,2018-09-12T18:00:00.000Z,False,True,False,False,2047,3629,Barker-Lane Stadium,2097,Campbell,fcs,Big South,21,"[14, 7, 0, 0]",0.0049349960475365065,,,324,Coastal Carolina,fbs,Sun Belt,58,"[7, 17, 21, 13]",0.9950650039524634,,,3.82291452649999,,,,CollegeFootballData.com API,2026-08-31T17:34:18.724540+00:00,/games,1.3
401014993,2018,3,regular,2018-09-13T20:00:00.000Z,False,True,False,True,8204,4418,Jerry Richardson Stadium,2429,Charlotte,fbs,Conference USA,28,"[7, 6, 8, 7]",0.5240077923823323,1097,1099,295,Old Dominion,fbs,Conference USA,25,"[6, 6, 6, 7]",0.4759922076176677,1155,1153,6.14445908379999,https://www.youtube.com/watch?v=suwdJq_ZsHM,,,CollegeFootballData.com API,2026-08-31T17:34:18.724540+00:00,/games,1.3
401013109,2018,3,regular,2018-09-13T21:30:00.000Z,False,True,False,True,25309,3630,Allegacy Federal Credit Union Stadium,154,Wake Forest,fbs,ACC,34,"[7, 14, 3, 10]",0.013069324489829013,1588,1582,103,Boston College,fbs,ACC,41,"[7, 14, 7, 13]",0.986930675510171,1675,1681,7.3553324104,https://www.youtube.com/watch?v=4Gb-_xaLhx0,,,CollegeFootballData.com API,2026-08-31T17:34:18.724540+00:00,/games,1.3
401022519,2018,3,regular,2018-09-14T00:00:00.000Z,False,True,False,False,15011,3905,Maverik Stadium,328,Utah State,fbs,Mountain West,73,"[17, 28, 7, 21]",0.9999897456781152,,,2635,Tennessee Tech,fcs,OVC,12,"[3, 3, 3, 3]",1.0254321884839435e-05,,,2.0706915501,https://www.youtube.com/watch?v=q53_ZxmFHe0,,,CollegeFootballData.com API,2026-08-31T17:34:18.724540+00:00,/games,1.3
401019484,2018,3,regular,2018-09-14T23:00:00.000Z,False,True,False,False,27678,3805,Simmons Bank Liberty Stadium,235,Memphis,fbs,American Athletic,59,"[21, 17, 7, 14]",0.9999282828106126,1717,1766,2247,Georgia State,fbs,Sun Belt,22,"[3, 7, 6, 6]",7.171718938736582e-05,1268,1219,1.79951690409999,https://www.youtube.com/watch?v=X7ACGEoYqP0,,,CollegeFootballData.com API,2026-08-31T17:34:18.724540+00:00,/games,1.3
401013337,2018,3,regular,2018-09-15T16:00:00.000Z,False,True,False,False,89360,3834,"Memorial Stadium (Lincoln, NE)",158,Nebraska,fbs,Big Ten,19,"[0, 7, 6, 6]",0.7346344123710293,1398,1396,2653,Troy,fbs,Sun Belt,24,"[3, 14, 0, 7]",0.26536558762897067,1496,1498,6.8578474083,https://www.youtube.com/watch?v=YlyWRJDoZCc,,,CollegeFootballData.com API,2026-08-31T17:34:18.724540+00:00,/games,1.3
401013114,2018,3,regular,2018-09-15T16:00:00.000Z,False,True,False,False,28117,3739,Glass Bowl,2649,Toledo,fbs,Mid-American,24,"[0, 7, 14, 3]",0.005825014655642275,1564,1508,2390,Miami,fbs,ACC,49,"[7, 14, 14, 14]",0.9941749853443578,1658,1714,2.996293069,https://www.youtube.com/watch?v=1mLTxph9QZk,,,CollegeFootballData.com API,2026-08-31T17:34:18.724540+00:00,/games,1.3
401013368,2018,3,regular,2018-09-15T16:00:00.000Z,False,True,False,False,31133,3841,Michie Stadium,349,Army,fbs,FBS Independents,28,"[7, 14, 0, 7]",0.7754547496146278,1550,1549,62,Hawai'i,fbs,Mountain West,21,"[7, 7, 0, 7]",0.2245452503853722,1358,1359,4.1437546905,https://www.youtube.com/watch?v=8djNFZE0fUs,,,CollegeFootballData.com API,2026-08-31T17:34:18.724540+00:00,/games,1.3
401019486,2018,3,regular,2018-09-15T16:00:00.000Z,False,True,False,False,20691,3892,Pratt & Whitney Stadium,41,UConn,fbs,American Athletic,56,"[14, 28, 7, 7]",0.6475350109230772,,,227,Rhode Island,fcs,CAA,49,"[7, 21, 14, 7]",0.3524649890769228,,,6.833851047,https://www.youtube.com/watch?v=tPEx4yFOacg,,,CollegeFootballData.com API,2026-08-31T17:34:18.724540+00:00,/games,1.3
401012281,2018,3,regular,2018-09-15T16:00:00.000Z,False,True,False,False,87074,3853,Neyland Stadium,2633,Tennessee,fbs,SEC,24,"[3, 7, 7, 7]",0.9999811490020094,1367,1392,2638,UTEP,fbs,Conference USA,0,"[0, 0, 0, 0]",1.8850997990593754e-05,1040,1015,0.608792589699999,,,,CollegeFootballData.com API,2026-08-31T17:34:18.724540+00:00,/games,1.3
401012275,2018,3,regular,2018-09-15T16:00:00.000Z,False,True,False,False,92746,3917,Sanford Stadium,61,Georgia,fbs,SEC,49,"[14, 28, 7, 0]",0.9999971252794428,1906,1957,2393,Middle Tennessee,fbs,Conference USA,7,"[0, 7, 0, 0]",2.874720557155541e-06,1347,1296,0.106004841499999,https://www.youtube.com/watch?v=l6UA6s09rak,,,CollegeFootballData.com API,2026-08-31T17:34:18.724540+00:00,/games,1.3
401013039,2018,3,regular,2018-09-15T16:00:00.000Z,False,True,False,True,58479,3772,Jack Trice Stadium,66,Iowa State,fbs,Big 12,27,"[0, 10, 14, 3]",0.0961771637017528,1636,1645,201,Oklahoma,fbs,Big 12,37,"[10, 14, 10, 3]",0.9038228362982472,2004,1995,2.5015960861,https://www.youtube.com/watch?v=SoDvth_a7zM,,,CollegeFootballData.com API,2026-08-31T17:34:18.724540+00:00,/games,1.3
401012853,2018,3,regular,2018-09-15T16:00:00.000Z,False,True,False,False,40240,3830,"Memorial Stadium (Bloomington, IN)",84,Indiana,fbs,Big Ten,38,"[3, 21, 7, 7]",0.9981738501650501,1562,1584,2050,Ball State,fbs,Mid-American,10,"[3, 0, 7, 0]",0.0018261498349498861,1095,1073,1.5314964392,https://www.youtube.com/watch?v=v7--vEA4w0o,,,CollegeFootballData.com API,2026-08-31T17:34:18.724540+00:00,/games,1.3
401012276,2018,3,regular,2018-09-15T16:00:00.000Z,False,True,False,False,48217,3683,Kroger Field,96,Kentucky,fbs,SEC,48,"[7, 10, 17, 14]",0.9998722249301463,,,93,Murray State,fcs,OVC,10,"[0, 3, 0, 7]",0.00012777506985373055,,,0.1222032229,https://www.youtube.com/watch?v=MAE3DrBxK10,,,CollegeFootballData.com API,2026-08-31T17:34:18.724540+00:00,/games,1.3
401012874,2018,3,regular,2018-09-15T16:00:00.000Z,False,True,False,False,32057,3665,SECU Stadium,120,Maryland,fbs,Big Ten,14,"[0, 7, 0, 7]",0.004911626301326487,1408,1366,218,Temple,fbs,American Athletic,35,"[7, 14, 7, 7]",0.9950883736986735,1508,1550,4.1719259008,https://www.youtube.com/watch?v=hDMFNrKBw9U,,,CollegeFootballData.com API,2026-08-31T17:34:18.724540+00:00,/games,1.3
401013110,2018,3,regular,2018-09-15T16:00:00.000Z,False,True,False,False,79844,3836,"Memorial Stadium (Clemson, SC)",228,Clemson,fbs,ACC,38,"[0, 21, 3, 14]",0.999873443588694,1894,1922,290,Georgia Southern,fbs,Sun Belt,7,"[0, 0, 0, 7]",0.00012655641130598916,1408,1380,0.4785398876,https://www.youtube.com/watch?v=JURCkWr1H-E,,,CollegeFootballData.com API,2026-08-31T17:34:18.724540+00:00,/games,1.3
401013350,2018,3,regular,2018-09-15T16:00:00.000Z,False,True,False,False,106528,3632,Beaver Stadium,213,Penn State,fbs,Big Ten,63,"[21, 7, 21, 14]",0.9999815144966093,2005,2051,2309,Kent State,fbs,Mid-American,10,"[7, 3, 0, 0]",1.8485503390675007e-05,1129,1083,0.2596510173,https://www.youtube.com/watch?v=tNHvzmNaS0g,,,CollegeFootballData.com API,2026-08-31T17:34:18.724540+00:00,/games,1.3
401012822,2018,3,regular,2018-09-15T16:00:00.000Z,False,True,False,False,28044,3833,Memorial Stadium,2305,Kansas,fbs,Big 12,55,"[17, 14, 10, 14]",0.9998167692511746,1252,1370,164,Rutgers,fbs,Big Ten,14,"[7, 7, 0, 0]",0.00018323074882542478,1233,1115,3.01422411339999,https://www.youtube.com/watch?v=_KqOWC_pDWM,,,CollegeFootballData.com API,2026-08-31T17:34:18.724540+00:00,/games,1.3
401013111,2018,3,regular,2018-09-15T16:00:00.000Z,False,True,False,True,37457,1964,JMA Wireless Dome,183,Syracuse,fbs,ACC,30,"[3, 3, 14, 10]",0.9983857528040063,1392,1474,52,Florida State,fbs,ACC,7,"[0, 0, 0, 7]",0.0016142471959936788,1604,1522,4.9664108715,https://www.youtube.com/watch?v=a9FHZavyl_A,,,CollegeFootballData.com API,2026-08-31T17:34:18.724540+00:00,/games,1.3
401013112,2018,3,regular,2018-09-15T16:30:00.000Z,False,True,False,True,34284,3752,Acrisure Stadium,221,Pittsburgh,fbs,ACC,24,"[14, 7, 3, 0]",0.7793323324375505,1470,1478,59,Georgia Tech,fbs,ACC,19,"[0, 0, 6, 13]",0.2206676675624495,1544,1536,3.4328337534,https://www.youtube.com/watch?v=qZ6BOgPkjgw,,,CollegeFootballData.com API,2026-08-31T17:34:18.724540+00:00,/games,1.3
401014996,2018,3,regular,2018-09-15T17:00:00.000Z,False,True,False,False,21991,3803,Legion Field,5,UAB,fbs,Conference USA,31,"[7, 14, 3, 7]",0.7864080372320092,1311,1325,2655,Tulane,fbs,American Athletic,24,"[0, 7, 14, 3]",0.21359196276799075,1393,1379,7.5347517879,https://www.youtube.com/watch?v=lT4TSOg0dro,,,CollegeFootballData.com API,2026-08-31T17:34:18.724540+00:00,/games,1.3
401012747,2018,3,regular,2018-09-15T18:00:00.000Z,False,True,False,False,31772,3940,Stanford Stadium,24,Stanford,fbs,Pac-12,30,"[0, 17, 10, 3]",0.9993629174764351,,,302,UC Davis,fcs,Big Sky,10,"[3, 0, 0, 7]",0.0006370825235648692,,,0.752408816999999,https://www.youtube.com/watch?v=WpHClj9NuWc,,,CollegeFootballData.com API,2026-08-31T17:34:18.724540+00:00,/games,1.3
401012283,2018,3,regular,2018-09-15T18:30:00.000Z,False,True,False,False,77622,3855,Notre Dame Stadium,87,Notre Dame,fbs,FBS Independents,22,"[10, 6, 0, 6]",0.5957657567644127,1707,1706,238,Vanderbilt,fbs,SEC,17,"[0, 3, 7, 7]",0.4042342432355873,1560,1561,3.25975765599999,https://www.youtube.com/watch?v=_exLJHBsVk4,,,CollegeFootballData.com API,2026-08-31T17:34:18.724540+00:00,/games,1.3
401012806,2018,3,regular,2018-09-15T19:30:00.000Z,False,True,True,False,21725,3933,Soldier Field,356,Illinois,fbs,Big Ten,19,"[10, 6, 3, 0]",0.18620673707280944,1305,1321,58,South Florida,fbs,American Athletic,25,"[7, 0, 0, 18]",0.8137932629271906,1665,1649,9.9921384159,https://www.youtube.com/watch?v=Hu8a2MuuxxY,,,CollegeFootballData.com API,2026-08-31T17:34:18.724540+00:00,/games,1.3
401013491,2018,3,regular,2018-09-15T19:30:00.000Z,False,True,False,False,54974,3646,Boone Pickens Stadium,197,Oklahoma State,fbs,Big 12,44,"[0, 17, 17, 10]",0.9961428307500075,1832,1889,68,Boise State,fbs,Mountain West,21,"[0, 7, 14, 0]",0.003857169249992465,1837,1780,3.8396003224,https://www.youtube.com/watch?v=p7ecw-1qVck,,,CollegeFootballData.com API,2026-08-31T17:34:18.724540+00:00,/games,1.3
401012273,2018,3,regular,2018-09-15T19:30:00.000Z,False,True,False,True,86787,3785,Jordan-Hare Stadium,2,Auburn,fbs,SEC,21,"[0, 14, 7, 0]",0.8509868448404031,1840,1836,99,LSU,fbs,SEC,22,"[7, 3, 3, 9]",0.1490131551595969,1774,1778,5.6248333013,https://www.youtube.com/watch?v=4a3Vi6wx7Zc,,,CollegeFootballData.com API,2026-08-31T17:34:18.724540+00:00,/games,1.3
401012890,2018,3,regular,2018-09-15T19:30:00.000Z,False,True,False,False,110549,3558,Michigan Stadium,130,Michigan,fbs,Big Ten,45,"[0, 21, 14, 10]",0.9998670535619901,1804,1814,2567,SMU,fbs,American Athletic,20,"[0, 7, 6, 7]",0.00013294643800987327,1289,1279,0.4473367567,https://www.youtube.com/watch?v=xhpps2Q7hTE,,,CollegeFootballData.com API,2026-08-31T17:34:18.724540+00:00,/games,1.3
401013356,2018,3,regular,2018-09-15T19:30:00.000Z,False,True,False,False,80720,347,Camp Randall Stadium,275,Wisconsin,fbs,Big Ten,21,"[7, 7, 0, 7]",0.22606345440487938,1902,1864,252,BYU,fbs,FBS Independents,24,"[7, 7, 7, 3]",0.7739365455951206,1416,1454,7.2176817583,https://www.youtube.com/watch?v=f7O5AuMHCTs,,,CollegeFootballData.com API,2026-08-31T17:34:18.724540+00:00,/games,1.3
401013028,2018,3,regular,2018-09-15T19:30:00.000Z,False,True,False,False,40442,4727,McLane Stadium,239,Baylor,fbs,Big 12,27,"[0, 0, 13, 14]",0.029732606682141217,1462,1452,150,Duke,fbs,ACC,40,"[7, 16, 7, 10]",0.9702673933178588,1671,1681,3.9666049618,https://www.youtube.com/watch?v=9TSapB5Rw84,,,CollegeFootballData.com API,2026-08-31T17:34:18.724540+00:00,/games,1.3
401013330,2018,3,regular,2018-09-15T19:30:00.000Z,False,True,False,False,41162,3953,Huntington Bank Stadium,135,Minnesota,fbs,Big Ten,26,"[7, 12, 7, 0]",0.9970811157661886,1588,1616,193,Miami (OH),fbs,Mid-American,3,"[0, 3, 0, 0]",0.0029188842338113696,1319,1291,1.8250851484,https://www.youtube.com/watch?v=G1-3v_ZUC2k,,,CollegeFootballData.com API,2026-08-31T17:34:18.724540+00:00,/games,1.3
401019487,2018,3,regular,2018-09-15T19:30:00.000Z,False,True,False,False,30011,3852,Navy-Marine Corps Memorial Stadium,2426,Navy,fbs,American Athletic,51,"[21, 13, 14, 3]",0.999218941174587,,,2329,Lehigh,fcs,Patriot,21,"[7, 0, 0, 14]",0.0007810588254130169,,,0.170451444299999,https://www.youtube.com/watch?v=XAlG_YjX3zQ,,,CollegeFootballData.com API,2026-08-31T17:34:18.724540+00:00,/games,1.3
401020679,2018,3,regular,2018-09-15T19:30:00.000Z,False,True,False,True,12354,3764,Huskie Stadium,2459,Northern Illinois,fbs,Mid-American,24,"[0, 14, 7, 3]",0.7024558204300775,1461,1463,2117,Central Michigan,fbs,Mid-American,16,"[0, 3, 7, 6]",0.2975441795699225,1301,1299,5.3056811609,,,,CollegeFootballData.com API,2026-08-31T17:34:18.724540+00:00,/games,1.3
401020681,2018,3,regular,2018-09-15T20:00:00.000Z,False,True,False,False,17542,3700,Doyt L. Perry Stadium,189,Bowling Green,fbs,Mid-American,42,"[0, 28, 6, 8]",0.8231725876461327,,,2198,Eastern Kentucky,fcs,OVC,35,"[14, 7, 14, 0]",0.17682741235386734,,,6.8913898753,,,,CollegeFootballData.com API,2026-08-31T17:34:18.724540+00:00,/games,1.3
401012274,2018,3,regular,2018-09-15T20:00:00.000Z,False,True,False,False,80021,3634,Ben Hill Griffin Stadium,57,Florida,fbs,SEC,48,"[6, 21, 0, 21]",0.9988507722602936,1503,1600,36,Colorado State,fbs,Mountain West,10,"[0, 3, 7, 0]",0.0011492277397063821,1414,1317,0.870948281199999,https://www.youtube.com/watch?v=GIZvMrVMlEc,,,CollegeFootballData.com API,2026-08-31T17:34:18.724540+00:00,/games,1.3
401012272,2018,3,regular,2018-09-15T20:00:00.000Z,False,True,False,False,62355,3887,Razorback Stadium,8,Arkansas,fbs,SEC,17,"[0, 10, 0, 7]",0.0474997800806135,1448,1368,249,North Texas,fbs,Conference USA,44,"[17, 17, 3, 7]",0.9525002199193865,1397,1477,3.5529414126,https://www.youtube.com/watch?v=DG8z6d-D2qk,,,CollegeFootballData.com API,2026-08-31T17:34:18.724540+00:00,/games,1.3
401013058,2018,3,regular,2018-09-15T20:00:00.000Z,False,True,False,False,50618,3636,Bill Snyder Family Stadium,2306,Kansas State,fbs,Big 12,41,"[10, 17, 14, 0]",0.999522548049523,1582,1610,2636,UTSA,fbs,Conference USA,17,"[7, 0, 0, 10]",0.0004774519504769925,1286,1258,0.865108334,https://www.youtube.com/watch?v=ZT5L3v4kGvA,,,CollegeFootballData.com API,2026-08-31T17:34:18.724540+00:00,/games,1.3
401022520,2018,3,regular,2018-09-15T20:00:00.000Z,False,True,False,False,20293,3984,War Memorial Stadium,2751,Wyoming,fbs,Mountain West,17,"[0, 10, 0, 7]",0.6871784291781555,,,2747,Wofford,fcs,Southern,14,"[0, 7, 0, 7]",0.3128215708218445,,,7.2222822607,https://www.youtube.com/watch?v=kpjduMvm1fw,,,CollegeFootballData.com API,2026-08-31T17:34:18.724540+00:00,/games,1.3
401013323,2018,3,regular,2018-09-15T20:15:00.000Z,False,True,False,False,53484,3784,Jones AT&T Stadium,2641,Texas Tech,fbs,Big 12,63,"[14, 21, 14, 14]",0.9893486885148202,1477,1520,248,Houston,fbs,American Athletic,49,"[21, 7, 14, 7]",0.010651311485179837,1637,1594,7.1749250703,https://www.youtube.com/watch?v=0SG3Dwwsw7s,,,CollegeFootballData.com API,2026-08-31T17:34:18.724540+00:00,/games,1.3
401013117,2018,3,regular,2018-09-15T20:30:00.000Z,False,True,False,False,5438,3973,FirstBank Stadium,258,Virginia,fbs,ACC,45,"[21, 17, 0, 7]",0.9823703428078094,1377,1427,195,Ohio,fbs,Mid-American,31,"[7, 14, 7, 3]",0.017629657192190562,1606,1556,2.06216824439999,https://www.youtube.com/watch?v=zCglafdAYcc,,,CollegeFootballData.com API,2026-08-31T17:34:18.724540+00:00,/games,1.3
401012743,2018,3,regular,2018-09-15T21:00:00.000Z,False,True,False,False,50049,3626,Autzen Stadium,2483,Oregon,fbs,Pac-12,35,"[14, 7, 7, 7]",0.8845310349510671,1665,1643,23,San José State,fbs,Mountain West,22,"[0, 6, 6, 10]",0.11546896504893289,1007,1029,3.49255069809999,https://www.youtube.com/watch?v=ViXV4qGTZJ0,,,CollegeFootballData.com API,2026-08-31T17:34:18.724540+00:00,/games,1.3
401012741,2018,3,regular,2018-09-15T21:00:00.000Z,False,True,False,False,42360,3726,Folsom Field,38,Colorado,fbs,Pac-12,45,"[7, 21, 10, 7]",0.9998819037198516,,,160,New Hampshire,fcs,CAA,14,"[0, 0, 14, 0]",0.00011809628014836093,,,0.172482891799999,https://www.youtube.com/watch?v=v59QgTf9Ag8,,,CollegeFootballData.com API,2026-08-31T17:34:18.724540+00:00,/games,1.3
401012746,2018,3,regular,2018-09-15T22:00:00.000Z,False,True,False,False,37104,3831,California Memorial Stadium,25,California,fbs,Pac-12,45,"[7, 21, 3, 14]",0.9978958145792146,,,304,Idaho State,fcs,Big Sky,23,"[0, 3, 6, 14]",0.002104185420785387,,,0.231742642399999,https://www.youtube.com/watch?v=vda_kyO2chE,,,CollegeFootballData.com API,2026-08-31T17:34:18.724540+00:00,/games,1.3
401014994,2018,3,regular,2018-09-15T22:00:00.000Z,False,True,False,False,19017,3715,FAU Stadium,2226,Florida Atlantic,fbs,Conference USA,49,"[29, 7, 7, 6]",0.9939971827967342,,,2065,Bethune-Cookman,fcs,MEAC,28,"[0, 14, 7, 7]",0.006002817203265787,,,0.0940052443000005,https://www.youtube.com/watch?v=lc-9SCs8TIg,,,CollegeFootballData.com API,2026-08-31T17:34:18.724540+00:00,/games,1.3
401020682,2018,3,regular,2018-09-15T22:00:00.000Z,False,True,False,True,18384,3965,UB Stadium,2084,Buffalo,fbs,Mid-American,35,"[14, 14, 0, 7]",0.8286863566988312,1399,1411,2199,Eastern Michigan,fbs,Mid-American,28,"[0, 21, 0, 7]",0.17131364330116883,1439,1427,5.0388908423,,,,CollegeFootballData.com API,2026-08-31T17:34:18.724540+00:00,/games,1.3
401020680,2018,3,regular,2018-09-15T23:00:00.000Z,False,True,False,False,23244,3980,Waldo Stadium,2711,Western Michigan,fbs,Mid-American,68,"[14, 14, 16, 24]",0.9999959390314009,,,2169,Delaware State,fcs,MEAC,0,"[0, 0, 0, 0]",4.060968599062242e-06,,,0.0210968732999994,,,,CollegeFootballData.com API,2026-08-31T17:34:18.724540+00:00,/games,1.3
401012277,2018,3,regular,2018-09-15T23:00:00.000Z,False,True,False,True,62919,3974,Vaught-Hemingway Stadium,145,Ole Miss,fbs,SEC,7,"[7, 0, 0, 0]",0.003608650870909418,1574,1482,333,Alabama,fbs,SEC,62,"[28, 21, 10, 3]",0.9963913491290906,2145,2237,0.6678309688,https://www.youtube.com/watch?v=Mzb1vIUwnLI,,,CollegeFootballData.com API,2026-08-31T17:34:18.724540+00:00,/games,1.3
401012744,2018,3,regular,2018-09-15T23:00:00.000Z,False,True,False,False,20462,3816,Mackay Stadium,2440,Nevada,fbs,Mountain West,37,"[16, 14, 0, 7]",0.09010230560015994,1319,1318,204,Oregon State,fbs,Pac-12,35,"[7, 14, 0, 14]",0.90989769439984,1181,1182,7.0304446335,https://www.youtube.com/watch?v=X0Z1Oou-WN0,,,CollegeFootballData.com API,2026-08-31T17:34:18.724540+00:00,/games,1.3
401019488,2018,3,regular,2018-09-15T23:00:00.000Z,False,True,False,False,17349,3674,Chapman Stadium,202,Tulsa,fbs,American Athletic,20,"[7, 0, 3, 10]",0.179432741726197,1439,1424,2032,Arkansas State,fbs,Sun Belt,29,"[3, 10, 14, 2]",0.8205672582738031,1481,1496,5.4572031051,https://www.youtube.com/watch?v=Hp_Zf3UUcWw,,,CollegeFootballData.com API,2026-08-31T17:34:18.724540+00:00,/games,1.3
401019485,2018,3,regular,2018-09-15T23:00:00.000Z,False,True,False,False,28834,3854,Nippert Stadium,2132,Cincinnati,fbs,American Athletic,63,"[28, 14, 14, 7]",0.9999851237824487,,,2010,Alabama A&M,fcs,SWAC,7,"[0, 0, 7, 0]",1.4876217551251791e-05,,,1.09865811859999,https://www.youtube.com/watch?v=a02uTP-9HJI,,,CollegeFootballData.com API,2026-08-31T17:34:18.724540+00:00,/games,1.3
401021660,2018,3,regular,2018-09-15T23:00:00.000Z,False,True,False,True,16051,3797,Ladd Peebles Stadium,6,South Alabama,fbs,Sun Belt,41,"[3, 13, 7, 18]",0.9994888503298668,1191,1200,326,Texas State,fbs,Sun Belt,31,"[17, 7, 7, 0]",0.0005111496701332152,1070,1061,8.260643363,,,,CollegeFootballData.com API,2026-08-31T17:34:18.724540+00:00,/games,1.3
401013113,2018,3,regular,2018-09-15T23:30:00.000Z,False,True,False,False,54923,3873,L&N Federal Credit Union Stadium,97,Louisville,fbs,ACC,20,"[0, 3, 3, 14]",0.13543902531606686,1625,1623,98,Western Kentucky,fbs,Conference USA,17,"[7, 7, 0, 3]",0.8645609746839331,1401,1403,7.6755220001,https://www.youtube.com/watch?v=UeXp-8Ernbs,,,CollegeFootballData.com API,2026-08-31T17:34:18.724540+00:00,/games,1.3
401012282,2018,3,regular,2018-09-15T23:30:00.000Z,False,True,False,False,96727,3795,Kyle Field,245,Texas A&M,fbs,SEC,48,"[7, 17, 10, 14]",0.9985340835860327,1622,1689,2433,UL Monroe,fbs,Sun Belt,10,"[3, 7, 0, 0]",0.0014659164139673164,1297,1230,0.6407103117,https://www.youtube.com/watch?v=WfrVZgngjSM,,,CollegeFootballData.com API,2026-08-31T17:34:18.724540+00:00,/games,1.3
401012864,2018,3,regular,2018-09-15T23:30:00.000Z,False,True,False,False,69250,3793,Kinnick Stadium,2294,Iowa,fbs,Big Ten,38,"[7, 14, 17, 0]",0.9857811010448662,,,2460,Northern Iowa,fcs,MVFC,14,"[0, 0, 0, 14]",0.01421889895513384,,,0.741161001199999,https://www.youtube.com/watch?v=NrCO-lufPnM,,,CollegeFootballData.com API,2026-08-31T17:34:18.724540+00:00,/games,1.3
401012279,2018,3,regular,2018-09-15T23:30:00.000Z,False,True,False,False,48103,3907,Ross-Ade Stadium,2509,Purdue,fbs,Big Ten,37,"[7, 17, 3, 10]",0.5854557153951846,1550,1553,142,Missouri,fbs,SEC,40,"[13, 14, 10, 3]",0.4145442846048154,1670,1667,6.850051201,https://www.youtube.com/watch?v=6ERRzP4H8e4,,,CollegeFootballData.com API,2026-08-31T17:34:18.724540+00:00,/games,1.3
401013343,2018,3,regular,2018-09-15T23:30:00.000Z,False,True,False,False,40014,3911,Ryan Field,77,Northwestern,fbs,Big Ten,34,"[7, 14, 7, 6]",0.5229547169140032,1651,1613,2006,Akron,fbs,Mid-American,39,"[0, 3, 23, 13]",0.4770452830859968,1277,1315,3.64546925159999,https://www.youtube.com/watch?v=9gxvpzyJs-Y,,,CollegeFootballData.com API,2026-08-31T17:34:18.724540+00:00,/games,1.3
401012278,2018,3,regular,2018-09-15T23:30:00.000Z,False,True,False,False,56505,3693,Davis Wade Stadium,344,Mississippi State,fbs,SEC,56,"[14, 21, 14, 7]",0.9999876600341551,1739,1808,309,Louisiana,fbs,Sun Belt,10,"[3, 0, 0, 7]",1.233996584493191e-05,1231,1162,0.260244089699999,,,,CollegeFootballData.com API,2026-08-31T17:34:18.724540+00:00,/games,1.3
401013359,2018,3,regular,2018-09-15T23:30:00.000Z,False,True,False,False,14695,218,FIU Stadium,2229,Florida International,fbs,Conference USA,63,"[14, 28, 14, 7]",0.9994723301740579,1371,1470,113,Massachusetts,fbs,FBS Independents,24,"[7, 3, 14, 0]",0.0005276698259421009,1269,1170,1.62348275949999,https://www.youtube.com/watch?v=aJZZUFPjezQ,,,CollegeFootballData.com API,2026-08-31T17:34:18.724540+00:00,/games,1.3
401012745,2018,3,regular,2018-09-16T00:00:00.000Z,False,True,False,False,32952,3820,Gesa Field,265,Washington State,fbs,Pac-12,59,"[14, 14, 7, 24]",0.9998066702325269,,,331,Eastern Washington,fcs,Big Sky,24,"[0, 10, 14, 0]",0.00019332976747310493,,,1.14527819019999,https://www.youtube.com/watch?v=RVgX0FAUd_Q,,,CollegeFootballData.com API,2026-08-31T17:34:18.724540+00:00,/games,1.3
401013439,2018,3,regular,2018-09-16T00:00:00.000Z,False,True,False,False,20673,3601,Aggie Memorial Stadium,166,New Mexico State,fbs,FBS Independents,25,"[17, 0, 0, 8]",0.00800079672980207,1115,1089,167,New Mexico,fbs,Mountain West,42,"[7, 14, 7, 14]",0.991999203270198,1257,1283,6.6353501118,https://www.youtube.com/watch?v=7092tMOmIiQ,,,CollegeFootballData.com API,2026-08-31T17:34:18.724540+00:00,/games,1.3
401012739,2018,3,regular,2018-09-16T00:00:00.000Z,False,True,False,False,103507,3910,DKR-Texas Memorial Stadium,251,Texas,fbs,Big 12,37,"[3, 13, 21, 0]",0.9874860942903745,1623,1689,30,USC,fbs,Pac-12,14,"[14, 0, 0, 0]",0.012513905709625517,1707,1641,4.5854175055,https://www.youtube.com/watch?v=284DHEqHbjg,,,CollegeFootballData.com API,2026-08-31T17:34:18.724540+00:00,/games,1.3
401013074,2018,3,regular,2018-09-16T00:00:00.000Z,False,True,True,False,64362,3687,AT&T Stadium,2628,TCU,fbs,Big 12,28,"[7, 7, 14, 0]",0.04252627297648639,1748,1751,194,Ohio State,fbs,Big Ten,40,"[10, 3, 20, 7]",0.9574737270235136,2022,2019,5.67109957299999,https://www.youtube.com/watch?v=x3y7B_wVpcQ,,,CollegeFootballData.com API,2026-08-31T17:34:18.724540+00:00,/games,1.3
401022521,2018,3,regular,2018-09-16T02:00:00.000Z,False,True,False,False,14786,3914,Sam Boyd Stadium,2439,UNLV,fbs,Mountain West,46,"[20, 14, 0, 12]",0.9990437343880009,,,2504,Prairie View A&M,fcs,SWAC,17,"[0, 0, 14, 3]",0.0009562656119991297,,,0.259510046099999,https://www.youtube.com/watch?v=WItYQbCmp8U,,,CollegeFootballData.com API,2026-08-31T17:34:18.724540+00:00,/games,1.3
401012742,2018,3,regular,2018-09-16T02:10:00.000Z,False,True,False,True,47445,587,Rice-Eccles Stadium,254,Utah,fbs,Pac-12,7,"[7, 0, 0, 0]",0.010795521286242808,1634,1620,264,Washington,fbs,Pac-12,21,"[7, 7, 7, 0]",0.9892044787137572,1828,1842,4.1306736583,https://www.youtube.com/watch?v=x8ogLHZhEdY,,,CollegeFootballData.com API,2026-08-31T17:34:18.724540+00:00,/games,1.3
401012740,2018,3,regular,2018-09-16T02:30:00.000Z,False,True,False,False,60867,1056,Rose Bowl,26,UCLA,fbs,Pac-12,14,"[0, 7, 7, 0]",0.004934321819005667,1424,1371,278,Fresno State,fbs,Mountain West,38,"[13, 3, 15, 7]",0.9950656781809943,1513,1566,3.8357876685,https://www.youtube.com/watch?v=Z-CvN9yxkLE,,,CollegeFootballData.com API,2026-08-31T17:34:18.724540+00:00,/games,1.3
401012738,2018,3,regular,2018-09-16T02:30:00.000Z,False,True,False,False,34641,3932,Qualcomm Stadium,21,San Diego State,fbs,Mountain West,28,"[0, 14, 3, 11]",0.9086456205529538,1552,1565,9,Arizona State,fbs,Pac-12,21,"[7, 7, 0, 7]",0.09135437944704616,1613,1600,6.3698484899,https://www.youtube.com/watch?v=ge0p46CbiYM,,,CollegeFootballData.com API,2026-08-31T17:34:18.724540+00:00,/games,1.3
401012737,2018,3,regular,2018-09-16T03:00:00.000Z,False,True,False,False,41493,3619,Arizona Stadium,12,Arizona,fbs,Pac-12,62,"[7, 17, 24, 14]",0.9996655849905985,,,253,Southern Utah,fcs,Big Sky,31,"[0, 17, 0, 14]",0.0003344150094014564,,,1.0961854449,https://www.youtube.com/watch?v=c4EXqyccfiU,,,CollegeFootballData.com API,2026-08-31T17:34:18.724540+00:00,/games,1.3
401019489,2018,4,regular,2018-09-20T23:30:00.000Z,False,True,False,True,24217,3806,Lincoln Financial Field,218,Temple,fbs,American Athletic,31,"[7, 14, 7, 3]",0.9947939018669283,1550,1568,202,Tulsa,fbs,American Athletic,17,"[7, 3, 0, 7]",0.005206098133071713,1424,1406,3.8079649618,https://www.youtube.com/watch?v=ykdSq9gce6U,,,CollegeFootballData.com API,2026-08-31T17:34:18.724540+00:00,/games,1.3
401019490,2018,4,regular,2018-09-21T23:00:00.000Z,False,True,False,False,44257,3652,FBC Mortgage Stadium,2116,UCF,fbs,American Athletic,56,"[14, 7, 21, 14]",0.9975198761380998,1780,1802,2226,Florida Atlantic,fbs,Conference USA,36,"[7, 10, 6, 13]",0.0024801238619002186,1531,1509,4.1931432634,https://www.youtube.com/watch?v=YzdhfXzaek4,,,CollegeFootballData.com API,2026-08-31T17:34:18.724540+00:00,/games,1.3
401012807,2018,4,regular,2018-09-22T01:00:00.000Z,False,True,False,True,34704,3832,"Memorial Stadium (Champaign, IL)",356,Illinois,fbs,Big Ten,24,"[7, 10, 7, 0]",0.004102246543223602,1321,1296,213,Penn State,fbs,Big Ten,63,"[7, 14, 7, 35]",0.9958977534567764,2051,2076,1.9724307085,https://www.youtube.com/watch?v=vqWFJCK0dSw,,,CollegeFootballData.com API,2026-08-31T17:34:18.724540+00:00,/games,1.3
401012748,2018,4,regular,2018-09-22T02:30:00.000Z,False,True,False,True,52421,477,Los Angeles Memorial Coliseum,30,USC,fbs,Pac-12,39,"[7, 10, 7, 15]",0.19607581376038713,1641,1642,265,Washington State,fbs,Pac-12,36,"[3, 21, 6, 6]",0.8039241862396129,1629,1628,7.8060669902,https://www.youtube.com/watch?v=wFmp0uyfHH0,,,CollegeFootballData.com API,2026-08-31T17:34:18.724540+00:00,/games,1.3
401012875,2018,4,regular,2018-09-22T16:00:00.000Z,False,True,False,True,36211,3665,SECU Stadium,120,Maryland,fbs,Big Ten,42,"[14, 7, 14, 7]",0.999967983450756,1366,1476,135,Minnesota,fbs,Big Ten,13,"[0, 10, 3, 0]",3.201654924400721e-05,1616,1506,2.8142272641,https://www.youtube.com/watch?v=ovk0XR-bOXA,,,CollegeFootballData.com API,2026-08-31T17:34:18.724540+00:00,/games,1.3
401013119,2018,4,regular,2018-09-22T16:00:00.000Z,False,True,False,False,47119,3907,Ross-Ade Stadium,2509,Purdue,fbs,Big Ten,30,"[7, 16, 7, 0]",0.9985517211171462,1553,1603,103,Boston College,fbs,ACC,13,"[7, 0, 0, 6]",0.0014482788828538151,1681,1631,3.38818230569999,https://www.youtube.com/watch?v=HYC0HtC_MFw,,,CollegeFootballData.com API,2026-08-31T17:34:18.724540+00:00,/games,1.3
401019495,2018,4,regular,2018-09-22T16:00:00.000Z,False,True,False,True,17531,3735,Gerald J. Ford Stadium,2567,SMU,fbs,American Athletic,31,"[3, 7, 7, 6, 8]",0.42423976171108657,1279,1287,2426,Navy,fbs,American Athletic,30,"[0, 7, 7, 9, 7]",0.5757602382889134,1558,1550,10.0831168891,https://www.youtube.com/watch?v=MR0_e75EVPA,,,CollegeFootballData.com API,2026-08-31T17:34:18.724540+00:00,/games,1.3
401013040,2018,4,regular,2018-09-22T16:00:00.000Z,False,True,False,False,54028,3772,Jack Trice Stadium,66,Iowa State,fbs,Big 12,26,"[7, 10, 0, 9]",0.9689553922473277,1645,1645,2006,Akron,fbs,Mid-American,13,"[7, 3, 3, 0]",0.03104460775267226,1315,1315,2.5379046456,https://www.youtube.com/watch?v=LmJMD3pPlOQ,,,CollegeFootballData.com API,2026-08-31T17:34:18.724540+00:00,/games,1.3
401012823,2018,4,regular,2018-09-22T16:00:00.000Z,False,True,False,False,34574,3754,High Point Solutions Stadium,164,Rutgers,fbs,Big Ten,13,"[3, 3, 0, 7]",0.005259362412605572,1115,1071,2084,Buffalo,fbs,Mid-American,42,"[14, 21, 0, 7]",0.9947406375873944,1411,1455,2.6191774125,https://www.youtube.com/watch?v=APNoF086eJw,,,CollegeFootballData.com API,2026-08-31T17:34:18.724540+00:00,/games,1.3
401020685,2018,4,regular,2018-09-22T16:00:00.000Z,False,True,False,False,23675,3739,Glass Bowl,2649,Toledo,fbs,Mid-American,63,"[14, 21, 14, 14]",0.8816225644469975,1508,1533,2440,Nevada,fbs,Mountain West,44,"[7, 17, 14, 6]",0.11837743555300251,1318,1293,4.3685790561,https://www.youtube.com/watch?v=Txr3O_a7wMQ,,,CollegeFootballData.com API,2026-08-31T17:34:18.724540+00:00,/games,1.3
401013129,2018,4,regular,2018-09-22T16:00:00.000Z,False,True,False,False,31092,3630,Allegacy Federal Credit Union Stadium,154,Wake Forest,fbs,ACC,27,"[3, 10, 7, 7]",0.004312198810343406,1582,1517,87,Notre Dame,fbs,FBS Independents,56,"[7, 21, 21, 7]",0.9956878011896566,1706,1771,3.1095997743,https://www.youtube.com/watch?v=9R4EgpdG1cY,,,CollegeFootballData.com API,2026-08-31T17:34:18.724540+00:00,/games,1.3
401012891,2018,4,regular,2018-09-22T16:00:00.000Z,False,True,False,True,111037,3558,Michigan Stadium,130,Michigan,fbs,Big Ten,56,"[20, 19, 10, 7]",0.9999916898511467,1814,1894,158,Nebraska,fbs,Big Ten,10,"[0, 0, 3, 7]",8.310148853274413e-06,1396,1316,0.5878271411,https://www.youtube.com/watch?v=Oq2E5cKgAIw,,,CollegeFootballData.com API,2026-08-31T17:34:18.724540+00:00,/games,1.3
401012289,2018,4,regular,2018-09-22T16:00:00.000Z,False,True,False,True,58284,3838,Memorial Stadium,142,Missouri,fbs,SEC,29,"[7, 0, 15, 7]",0.018400833833278243,1667,1662,61,Georgia,fbs,SEC,43,"[7, 13, 13, 10]",0.9815991661667217,1957,1962,2.0124588833,https://www.youtube.com/watch?v=qqB5q2yCCjo,,,CollegeFootballData.com API,2026-08-31T17:34:18.724540+00:00,/games,1.3
401012288,2018,4,regular,2018-09-22T16:00:00.000Z,False,True,False,False,50417,3974,Vaught-Hemingway Stadium,145,Ole Miss,fbs,SEC,38,"[7, 0, 17, 14]",0.99552691840056,1482,1493,2309,Kent State,fbs,Mid-American,17,"[0, 7, 10, 0]",0.004473081599440043,1083,1072,1.8899890217,https://www.youtube.com/watch?v=yUXEGBnROOY,,,CollegeFootballData.com API,2026-08-31T17:34:18.724540+00:00,/games,1.3
401019491,2018,4,regular,2018-09-22T16:00:00.000Z,False,True,False,False,35220,3854,Nippert Stadium,2132,Cincinnati,fbs,American Athletic,34,"[0, 7, 14, 13]",0.8576021720061402,1383,1391,195,Ohio,fbs,Mid-American,30,"[14, 10, 3, 3]",0.1423978279938598,1556,1548,6.5328642884,https://www.youtube.com/watch?v=IAKBWVR-x9A,,,CollegeFootballData.com API,2026-08-31T17:34:18.724540+00:00,/games,1.3
401013125,2018,4,regular,2018-09-22T16:20:00.000Z,False,True,False,True,44168,3787,Kenan Stadium,153,North Carolina,fbs,ACC,38,"[7, 14, 17, 0]",0.986083588627209,1380,1382,221,Pittsburgh,fbs,ACC,35,"[7, 21, 0, 7]",0.013916411372790982,1478,1476,6.3263985373,https://www.youtube.com/watch?v=CEDncgKjwsY,,,CollegeFootballData.com API,2026-08-31T17:34:18.724540+00:00,/games,1.3
401013123,2018,4,regular,2018-09-22T16:30:00.000Z,False,True,False,True,34446,3923,Scott Stadium,258,Virginia,fbs,ACC,27,"[0, 6, 7, 14]",0.9999829928111773,1427,1510,97,Louisville,fbs,ACC,3,"[0, 0, 3, 0]",1.700718882269303e-05,1623,1540,3.10371741789999,https://www.youtube.com/watch?v=UJ_tfpCjsgg,,,CollegeFootballData.com API,2026-08-31T17:34:18.724540+00:00,/games,1.3
401020686,2018,4,regular,2018-09-22T18:00:00.000Z,False,True,False,False,15264,4246,Center Parc Stadium,2247,Georgia State,fbs,Sun Belt,15,"[0, 9, 6, 0]",0.01975159388219679,1219,1190,2711,Western Michigan,fbs,Mid-American,34,"[3, 17, 14, 0]",0.9802484061178032,1391,1420,3.59456618369999,,,,CollegeFootballData.com API,2026-08-31T17:34:18.724540+00:00,/games,1.3
401020811,2018,4,regular,2018-09-22T19:00:00.000Z,False,True,False,True,14380,3700,Doyt L. Perry Stadium,189,Bowling Green,fbs,Mid-American,23,"[0, 3, 0, 20]",0.023930348562306313,1143,1123,193,Miami (OH),fbs,Mid-American,38,"[7, 17, 7, 7]",0.9760696514376936,1291,1311,2.4425595412,,,,CollegeFootballData.com API,2026-08-31T17:34:18.724540+00:00,/games,1.3
401015000,2018,4,regular,2018-09-22T19:00:00.000Z,False,True,False,False,15873,3919,Scheumann Stadium,2050,Ball State,fbs,Mid-American,20,"[7, 3, 3, 7]",0.13452632018338717,1073,1082,98,Western Kentucky,fbs,Conference USA,28,"[0, 7, 7, 14]",0.8654736798166128,1403,1394,8.6206713484,,,,CollegeFootballData.com API,2026-08-31T17:34:18.724540+00:00,/games,1.3
401022523,2018,4,regular,2018-09-22T19:00:00.000Z,False,True,False,False,26259,5388,Canvas Stadium,36,Colorado State,fbs,Mountain West,19,"[6, 0, 7, 6]",0.017591918779186054,,,2287,Illinois State,fcs,MVFC,35,"[0, 14, 7, 14]",0.9824080812208139,,,4.9345660683,https://www.youtube.com/watch?v=9g3lf0sotaI,,,CollegeFootballData.com API,2026-08-31T17:34:18.724540+00:00,/games,1.3
401020684,2018,4,regular,2018-09-22T19:00:00.000Z,False,True,False,False,16474,3786,Kelly/Shorts Stadium,2117,Central Michigan,fbs,Mid-American,17,"[0, 10, 0, 7]",0.9834219490113358,,,311,Maine,fcs,CAA,5,"[0, 0, 3, 2]",0.01657805098866416,,,5.6299167251,,,,CollegeFootballData.com API,2026-08-31T17:34:18.724540+00:00,/games,1.3
401013346,2018,4,regular,2018-09-22T19:30:00.000Z,False,True,False,False,103336,3861,Ohio Stadium,194,Ohio State,fbs,Big Ten,49,"[21, 21, 0, 7]",0.9999912912648748,2019,2064,2655,Tulane,fbs,American Athletic,6,"[0, 6, 0, 0]",8.708735125151357e-06,1379,1334,0.0739407440000001,https://www.youtube.com/watch?v=BELaY5sIopw,,,CollegeFootballData.com API,2026-08-31T17:34:18.724540+00:00,/games,1.3
401013029,2018,4,regular,2018-09-22T19:30:00.000Z,False,True,False,True,36725,4727,McLane Stadium,239,Baylor,fbs,Big 12,26,"[7, 16, 3, 0]",0.9978940496937663,1452,1487,2305,Kansas,fbs,Big 12,7,"[0, 0, 7, 0]",0.002105950306233728,1370,1335,1.42449517959999,https://www.youtube.com/watch?v=xN09HMh76Bw,,,CollegeFootballData.com API,2026-08-31T17:34:18.724540+00:00,/games,1.3
401013128,2018,4,regular,2018-09-22T19:30:00.000Z,False,True,False,False,20532,3918,S.B. Ballard Stadium,295,Old Dominion,fbs,Conference USA,49,"[7, 7, 7, 28]",0.995360155641581,1153,1246,259,Virginia Tech,fbs,ACC,35,"[7, 7, 14, 7]",0.004639844358419021,1775,1682,5.54260456149999,https://www.youtube.com/watch?v=bTGlw3-A-AU,,,CollegeFootballData.com API,2026-08-31T17:34:18.724540+00:00,/games,1.3
401012284,2018,4,regular,2018-09-22T19:30:00.000Z,False,True,False,True,101821,3657,Bryant-Denny Stadium,333,Alabama,fbs,SEC,45,"[14, 17, 14, 0]",0.9997966460116232,2237,2237,245,Texas A&M,fbs,SEC,23,"[7, 6, 3, 7]",0.00020335398837678653,1689,1689,0.784546192599999,https://www.youtube.com/watch?v=eiSelw1eTP0,,,CollegeFootballData.com API,2026-08-31T17:34:18.724540+00:00,/games,1.3
401013121,2018,4,regular,2018-09-22T19:30:00.000Z,False,True,False,False,25132,3982,Wallace Wade Stadium,150,Duke,fbs,ACC,55,"[20, 7, 21, 7]",0.9995361480863282,,,2428,North Carolina Central,fcs,MEAC,13,"[7, 6, 0, 0]",0.00046385191367182,,,0.110603272099999,https://www.youtube.com/watch?v=0rs9ApMD-aU,,,CollegeFootballData.com API,2026-08-31T17:34:18.724540+00:00,/games,1.3
401013122,2018,4,regular,2018-09-22T19:30:00.000Z,False,True,False,False,65633,3697,Doak Campbell Stadium,52,Florida State,fbs,ACC,37,"[14, 6, 3, 14]",0.9972601548694882,1522,1557,2459,Northern Illinois,fbs,Mid-American,19,"[0, 7, 6, 6]",0.002739845130511842,1463,1428,2.2469512337,https://www.youtube.com/watch?v=o56LxauYIP0,,,CollegeFootballData.com API,2026-08-31T17:34:18.724540+00:00,/games,1.3
401021661,2018,4,regular,2018-09-22T19:30:00.000Z,False,True,False,False,21084,3792,Kidd Brewer Stadium,2026,App State,fbs,Sun Belt,72,"[28, 24, 14, 6]",0.9999914507300751,,,2241,Gardner-Webb,fcs,Big South,7,"[7, 0, 0, 0]",8.549269924884584e-06,,,0.0315855024000008,,,,CollegeFootballData.com API,2026-08-31T17:34:18.724540+00:00,/games,1.3
401013360,2018,4,regular,2018-09-22T19:30:00.000Z,False,True,False,False,10086,3985,Warren McGuirk Alumni Stadium,113,Massachusetts,fbs,FBS Independents,49,"[28, 7, 7, 7]",0.9735264478503104,1170,1203,2429,Charlotte,fbs,Conference USA,31,"[0, 10, 7, 14]",0.026473552149689605,1099,1066,0.764329590699999,,,,CollegeFootballData.com API,2026-08-31T17:34:18.724540+00:00,/games,1.3
401013059,2018,4,regular,2018-09-22T19:30:00.000Z,False,True,False,True,59245,3842,Milan Puskar Stadium,277,West Virginia,fbs,Big 12,35,"[7, 14, 14, 0]",0.9999003338405422,1612,1689,2306,Kansas State,fbs,Big 12,6,"[0, 0, 3, 3]",9.966615945777857e-05,1610,1533,1.27375211599999,https://www.youtube.com/watch?v=qaPfXXvTtfw,,,CollegeFootballData.com API,2026-08-31T17:34:18.724540+00:00,/games,1.3
401013124,2018,4,regular,2018-09-22T19:30:00.000Z,False,True,False,False,59814,3948,Hard Rock Stadium,2390,Miami,fbs,ACC,31,"[7, 17, 7, 0]",0.9987979747708796,1714,1722,2229,Florida International,fbs,Conference USA,17,"[0, 0, 0, 17]",0.0012020252291203848,1470,1462,0.555134273299999,https://www.youtube.com/watch?v=Z9J_FxU10_I,,,CollegeFootballData.com API,2026-08-31T17:34:18.724540+00:00,/games,1.3
401013120,2018,4,regular,2018-09-22T19:30:00.000Z,False,True,False,True,50595,721,Bobby Dodd Stadium,59,Georgia Tech,fbs,ACC,21,"[0, 7, 7, 7]",0.005367031011043861,1536,1504,228,Clemson,fbs,ACC,49,"[7, 21, 14, 7]",0.9946329689889561,1922,1954,1.2698030126,https://www.youtube.com/watch?v=zyzws-22dDg,,,CollegeFootballData.com API,2026-08-31T17:34:18.724540+00:00,/games,1.3
401012291,2018,4,regular,2018-09-22T20:00:00.000Z,False,True,False,True,26078,3973,FirstBank Stadium,238,Vanderbilt,fbs,SEC,14,"[0, 14, 0, 0]",0.011151932602963712,1561,1505,2579,South Carolina,fbs,SEC,37,"[10, 10, 10, 7]",0.9888480673970362,1597,1653,3.81093849959999,,,,CollegeFootballData.com API,2026-08-31T17:34:18.724540+00:00,/games,1.3
401013127,2018,4,regular,2018-09-22T20:00:00.000Z,False,True,False,False,36632,1964,JMA Wireless Dome,183,Syracuse,fbs,ACC,51,"[24, 7, 10, 10]",0.9984372669189228,1474,1511,41,UConn,fbs,American Athletic,21,"[7, 7, 0, 7]",0.0015627330810772389,1098,1061,0.4234107648,https://www.youtube.com/watch?v=bdHljFMhArE,,,CollegeFootballData.com API,2026-08-31T17:34:18.724540+00:00,/games,1.3
401012750,2018,4,regular,2018-09-22T20:00:00.000Z,False,True,False,True,33022,3893,Reser Stadium,204,Oregon State,fbs,Pac-12,14,"[7, 0, 0, 7]",0.004035867949070514,1182,1156,12,Arizona,fbs,Pac-12,35,"[7, 7, 7, 14]",0.9959641320509295,1436,1462,3.6175182846,https://www.youtube.com/watch?v=tYTPZb7IxRU,,,CollegeFootballData.com API,2026-08-31T17:34:18.724540+00:00,/games,1.3
401013075,2018,4,regular,2018-09-22T20:30:00.000Z,False,True,False,True,95124,3910,DKR-Texas Memorial Stadium,251,Texas,fbs,Big 12,31,"[7, 3, 14, 7]",0.939993532698864,1689,1726,2628,TCU,fbs,Big 12,16,"[6, 7, 3, 0]",0.06000646730113601,1751,1714,5.64739373169999,https://www.youtube.com/watch?v=kddMQwcHodk,,,CollegeFootballData.com API,2026-08-31T17:34:18.724540+00:00,/games,1.3
401013450,2018,4,regular,2018-09-22T22:00:00.000Z,False,True,False,False,14112,3992,Williams Stadium (VA),2335,Liberty,fbs,FBS Independents,7,"[0, 7, 0, 0]",0.0040100658729691485,1474,1354,249,North Texas,fbs,Conference USA,47,"[14, 7, 6, 20]",0.9959899341270309,1477,1597,2.3726533419,,,,CollegeFootballData.com API,2026-08-31T17:34:18.724540+00:00,/games,1.3
401016406,2018,4,regular,2018-09-22T22:00:00.000Z,False,True,False,False,53223,3801,LaVell Edwards Stadium,252,BYU,fbs,FBS Independents,30,"[0, 24, 6, 0]",0.9992611724262553,,,2377,McNeese,fcs,Southland,3,"[3, 0, 0, 0]",0.0007388275737446603,,,1.2207969001,https://www.youtube.com/watch?v=93lTcdTwvNc,,,CollegeFootballData.com API,2026-08-31T17:34:18.724540+00:00,/games,1.3
401013066,2018,4,regular,2018-09-22T23:00:00.000Z,False,True,False,False,87177,3835,"Memorial Stadium (Norman, OK)",201,Oklahoma,fbs,Big 12,28,"[14, 7, 0, 0, 7]",0.9530646069117866,1995,1982,349,Army,fbs,FBS Independents,21,"[7, 7, 7, 0, 0]",0.04693539308821337,1549,1562,3.01584221719999,https://www.youtube.com/watch?v=nqb8Tq3neNM,,,CollegeFootballData.com API,2026-08-31T17:34:18.724540+00:00,/games,1.3
401012286,2018,4,regular,2018-09-22T23:00:00.000Z,False,True,False,True,60037,3683,Kroger Field,96,Kentucky,fbs,SEC,28,"[0, 7, 7, 14]",0.9981954541882738,1510,1595,344,Mississippi State,fbs,SEC,7,"[0, 7, 0, 0]",0.001804545811726177,1808,1723,5.8518170864,https://www.youtube.com/watch?v=D2T5QdHWjww,,,CollegeFootballData.com API,2026-08-31T17:34:18.724540+00:00,/games,1.3
401021662,2018,4,regular,2018-09-22T23:00:00.000Z,False,True,False,False,18537,3625,Centennial Bank Stadium,2032,Arkansas State,fbs,Sun Belt,27,"[6, 7, 6, 8]",0.9684936606134307,1496,1499,2439,UNLV,fbs,Mountain West,20,"[7, 0, 13, 0]",0.031506339386569326,1378,1375,5.3725033256,https://www.youtube.com/watch?v=ZKn_UPbmVrI,,,CollegeFootballData.com API,2026-08-31T17:34:18.724540+00:00,/games,1.3
401012287,2018,4,regular,2018-09-22T23:00:00.000Z,False,True,False,False,102321,3958,Tiger Stadium (LA),99,LSU,fbs,SEC,38,"[7, 17, 0, 14]",0.9922875433602587,1778,1792,2348,Louisiana Tech,fbs,Conference USA,21,"[0, 7, 7, 7]",0.007712456639741294,1525,1511,2.33564987999999,https://www.youtube.com/watch?v=DoAV6IIUPdM,,,CollegeFootballData.com API,2026-08-31T17:34:18.724540+00:00,/games,1.3
401014999,2018,4,regular,2018-09-22T23:00:00.000Z,False,True,False,False,29205,3604,Alamodome,2636,UTSA,fbs,Conference USA,25,"[14, 3, 0, 8]",0.15601848650156727,1258,1255,326,Texas State,fbs,Sun Belt,21,"[7, 0, 7, 7]",0.8439815134984328,1061,1064,4.5897244439,https://www.youtube.com/watch?v=BNXAyTMY8ZA,,,CollegeFootballData.com API,2026-08-31T17:34:18.724540+00:00,/games,1.3
401021663,2018,4,regular,2018-09-22T23:00:00.000Z,False,True,False,True,17125,3666,Cajun Field,309,Louisiana,fbs,Sun Belt,28,"[7, 0, 14, 7]",0.056795713980719933,1162,1168,324,Coastal Carolina,fbs,Sun Belt,30,"[3, 13, 7, 7]",0.9432042860192801,1324,1318,6.6383952059,,,,CollegeFootballData.com API,2026-08-31T17:34:18.724540+00:00,/games,1.3
401013126,2018,4,regular,2018-09-22T23:00:00.000Z,False,True,False,False,32349,3775,Joan C. Edwards Stadium,276,Marshall,fbs,Conference USA,20,"[0, 7, 13, 0]",0.004188425729306863,1482,1463,152,NC State,fbs,ACC,37,"[3, 20, 14, 0]",0.9958115742706931,1695,1714,3.7684641234,https://www.youtube.com/watch?v=NkZ3ZhpN2ow,,,CollegeFootballData.com API,2026-08-31T17:34:18.724540+00:00,/games,1.3
401012290,2018,4,regular,2018-09-22T23:00:00.000Z,False,True,False,True,100027,3853,Neyland Stadium,2633,Tennessee,fbs,SEC,21,"[0, 3, 10, 8]",0.004373038915863029,1392,1346,57,Florida,fbs,SEC,47,"[14, 12, 7, 14]",0.995626961084137,1600,1646,1.9766089252,https://www.youtube.com/watch?v=hIE4hk6olYo,,,CollegeFootballData.com API,2026-08-31T17:34:18.724540+00:00,/games,1.3
401013324,2018,4,regular,2018-09-22T23:00:00.000Z,False,True,False,True,53166,3646,Boone Pickens Stadium,197,Oklahoma State,fbs,Big 12,17,"[10, 7, 0, 0]",0.011948295499200713,1889,1776,2641,Texas Tech,fbs,Big 12,41,"[7, 17, 10, 7]",0.9880517045007993,1520,1633,5.0046331384,https://www.youtube.com/watch?v=hQD1e8ma1ts,,,CollegeFootballData.com API,2026-08-31T17:34:18.724540+00:00,/games,1.3
401014998,2018,4,regular,2018-09-22T23:00:00.000Z,False,True,False,True,20159,3815,M. M. Roberts Stadium,2572,Southern Miss,fbs,Conference USA,40,"[10, 14, 10, 6]",0.9984137367642728,1412,1428,242,Rice,fbs,Conference USA,22,"[8, 7, 0, 7]",0.0015862632357271922,1147,1131,2.16034522099999,https://www.youtube.com/watch?v=TLpbPtch7f8,,,CollegeFootballData.com API,2026-08-31T17:34:18.724540+00:00,/games,1.3
401021664,2018,4,regular,2018-09-22T23:00:00.000Z,False,True,False,True,15722,3817,Malone Stadium,2433,UL Monroe,fbs,Sun Belt,27,"[7, 0, 7, 13]",0.03504234021474017,1230,1235,2653,Troy,fbs,Sun Belt,35,"[7, 28, 0, 0]",0.9649576597852598,1498,1493,3.6584195216,https://www.youtube.com/watch?v=bqokC_HUlco,,,CollegeFootballData.com API,2026-08-31T17:34:18.724540+00:00,/games,1.3
401012854,2018,4,regular,2018-09-22T23:30:00.000Z,False,True,False,True,45445,3830,"Memorial Stadium (Bloomington, IN)",84,Indiana,fbs,Big Ten,21,"[0, 7, 0, 14]",0.004466802543305354,1584,1556,127,Michigan State,fbs,Big Ten,35,"[14, 7, 7, 7]",0.9955331974566947,1623,1651,3.0982747115,https://www.youtube.com/watch?v=xdkzDbNdUJU,,,CollegeFootballData.com API,2026-08-31T17:34:18.724540+00:00,/games,1.3
401012285,2018,4,regular,2018-09-22T23:30:00.000Z,False,True,False,True,84188,3785,Jordan-Hare Stadium,2,Auburn,fbs,SEC,34,"[10, 7, 7, 10]",0.9950758994802047,1836,1866,8,Arkansas,fbs,SEC,3,"[0, 0, 3, 0]",0.004924100519795305,1368,1338,0.5858673459,https://www.youtube.com/watch?v=HmZiYphSrKQ,,,CollegeFootballData.com API,2026-08-31T17:34:18.724540+00:00,/games,1.3
401013440,2018,4,regular,2018-09-22T23:30:00.000Z,False,True,False,False,19412,3946,Sun Bowl,2638,UTEP,fbs,Conference USA,20,"[7, 3, 7, 3]",0.7888586235256428,1015,1008,166,New Mexico State,fbs,FBS Independents,27,"[10, 7, 7, 3]",0.21114137647435716,1089,1096,7.2514082203,https://www.youtube.com/watch?v=z_LPaZIP28o,,,CollegeFootballData.com API,2026-08-31T17:34:18.724540+00:00,/games,1.3
401019492,2018,4,regular,2018-09-23T00:00:00.000Z,False,True,False,True,34562,3886,Raymond James Stadium,58,South Florida,fbs,American Athletic,20,"[6, 7, 0, 7]",0.23118173591124272,1649,1642,151,East Carolina,fbs,American Athletic,13,"[7, 3, 3, 0]",0.7688182640887573,1326,1333,5.036690824,https://www.youtube.com/watch?v=dnc85YVfzZc,,,CollegeFootballData.com API,2026-08-31T17:34:18.724540+00:00,/games,1.3
401019493,2018,4,regular,2018-09-23T00:00:00.000Z,False,True,False,False,29970,4728,TDECU Stadium,248,Houston,fbs,American Athletic,70,"[14, 28, 7, 21]",0.9999910537184791,,,2640,Texas Southern,fcs,SWAC,14,"[0, 0, 7, 7]",8.946281520927357e-06,,,0.0140381943,https://www.youtube.com/watch?v=Zr9VOurWaD0,,,CollegeFootballData.com API,2026-08-31T17:34:18.724540+00:00,/games,1.3
401012749,2018,4,regular,2018-09-23T00:00:00.000Z,False,True,False,True,58453,3626,Autzen Stadium,2483,Oregon,fbs,Pac-12,31,"[7, 17, 0, 7, 0]",0.3444249095502546,1643,1643,24,Stanford,fbs,Pac-12,38,"[0, 7, 14, 10, 7]",0.6555750904497454,1812,1812,6.9266448158,https://www.youtube.com/watch?v=3f58bJ94Uy4,,,CollegeFootballData.com API,2026-08-31T17:34:18.724540+00:00,/games,1.3
401019494,2018,4,regular,2018-09-23T00:00:00.000Z,False,True,False,False,27765,3805,Simmons Bank Liberty Stadium,235,Memphis,fbs,American Athletic,52,"[7, 14, 10, 21]",0.9825545648018662,1766,1755,6,South Alabama,fbs,Sun Belt,35,"[7, 14, 6, 8]",0.017445435198133796,1200,1211,1.34751266189999,https://www.youtube.com/watch?v=N7QSDVcE7hk,,,CollegeFootballData.com API,2026-08-31T17:34:18.724540+00:00,/games,1.3
401012865,2018,4,regular,2018-09-23T00:35:00.000Z,False,True,False,True,69250,3793,Kinnick Stadium,2294,Iowa,fbs,Big Ten,17,"[0, 7, 10, 0]",0.11253616973697483,1765,1750,275,Wisconsin,fbs,Big Ten,28,"[0, 7, 7, 14]",0.8874638302630251,1864,1879,7.0778949261,https://www.youtube.com/watch?v=NmqGygT648U,,,CollegeFootballData.com API,2026-08-31T17:34:18.724540+00:00,/games,1.3
401012751,2018,4,regular,2018-09-23T02:30:00.000Z,False,True,False,True,71200,3765,Husky Stadium,264,Washington,fbs,Pac-12,27,"[14, 3, 3, 7]",0.9548847051764293,1842,1839,9,Arizona State,fbs,Pac-12,20,"[10, 0, 3, 7]",0.045115294823570684,1600,1603,2.9513545647,https://www.youtube.com/watch?v=TV6D6rMllOI,,,CollegeFootballData.com API,2026-08-31T17:34:18.724540+00:00,/games,1.3
401022522,2018,4,regular,2018-09-23T02:30:00.000Z,False,True,False,True,22720,3905,Maverik Stadium,328,Utah State,fbs,Mountain West,42,"[7, 14, 14, 7]",0.9956999100989126,1580,1587,2005,Air Force,fbs,Mountain West,32,"[0, 14, 3, 15]",0.004300089901087434,1443,1436,5.5963530745,https://www.youtube.com/watch?v=BXbSB_1vB-4,,,CollegeFootballData.com API,2026-08-31T17:34:18.724540+00:00,/games,1.3
401020683,2018,4,regular,2018-09-23T02:30:00.000Z,False,True,False,False,30898,3932,Qualcomm Stadium,21,San Diego State,fbs,Mountain West,23,"[3, 14, 0, 3, 3]",0.7644669990482419,1565,1564,2199,Eastern Michigan,fbs,Mid-American,20,"[3, 7, 7, 3, 0]",0.2355330009517581,1427,1428,7.0928898601,https://www.youtube.com/watch?v=D3Ogtqj_jyE,,,CollegeFootballData.com API,2026-08-31T17:34:18.724540+00:00,/games,1.3
401022524,2018,4,regular,2018-09-23T03:59:00.000Z,False,True,False,False,26175,3610,Aloha Stadium,62,Hawai'i,fbs,Mountain West,42,"[7, 14, 7, 14]",0.999487180994203,,,2184,Duquesne,fcs,NEC,21,"[14, 0, 0, 7]",0.0005128190057970272,,,0.6869265836,https://www.youtube.com/watch?v=DgYvpSQ2sAg,,,CollegeFootballData.com API,2026-08-31T17:34:18.724540+00:00,/games,1.3
401013466,2018,5,regular,2018-09-28T00:00:00.000Z,False,True,False,True,60843,3948,Hard Rock Stadium,2390,Miami,fbs,ACC,47,"[14, 19, 0, 14]",0.9996104349067599,1722,1784,153,North Carolina,fbs,ACC,10,"[10, 0, 0, 0]",0.00038956509324006294,1382,1320,1.0130315328,https://www.youtube.com/watch?v=eiEeUff9Mf8,,,CollegeFootballData.com API,2026-08-31T17:34:18.724540+00:00,/games,1.3
401019496,2018,5,regular,2018-09-29T00:00:00.000Z,False,True,False,True,16631,4729,Yulman Stadium,2655,Tulane,fbs,American Athletic,40,"[14, 3, 7, 16]",0.8932543612521293,1334,1413,235,Memphis,fbs,American Athletic,24,"[7, 0, 7, 10]",0.10674563874787069,1755,1676,5.8483945225,https://www.youtube.com/watch?v=y_0YutrmK94,,,CollegeFootballData.com API,2026-08-31T17:34:18.724540+00:00,/games,1.3
401012752,2018,5,regular,2018-09-29T01:00:00.000Z,False,True,False,True,46814,3726,Folsom Field,38,Colorado,fbs,Pac-12,38,"[7, 7, 14, 10]",0.9943221547559021,1572,1604,26,UCLA,fbs,Pac-12,16,"[10, 3, 3, 0]",0.005677845244097868,1371,1339,4.3013951807,https://www.youtube.com/watch?v=CHvVgHVvkwY,,,CollegeFootballData.com API,2026-08-31T17:34:18.724540+00:00,/games,1.3
401013130,2018,5,regular,2018-09-29T16:00:00.000Z,False,True,False,False,40111,3615,"Alumni Stadium (Chestnut Hill, MA)",103,Boston College,fbs,ACC,45,"[13, 18, 7, 7]",0.9778397194924888,1631,1644,218,Temple,fbs,American Athletic,35,"[14, 7, 7, 7]",0.022160280507511176,1568,1555,6.2946471165,https://www.youtube.com/watch?v=Q--RlKmbtg8,,,CollegeFootballData.com API,2026-08-31T17:34:18.724540+00:00,/games,1.3
401012293,2018,5,regular,2018-09-29T16:00:00.000Z,False,True,True,True,55383,3687,AT&T Stadium,245,Texas A&M,fbs,SEC,24,"[14, 3, 0, 7]",0.4916566744160995,1689,1682,8,Arkansas,fbs,SEC,17,"[0, 7, 3, 7]",0.5083433255839005,1338,1345,2.1901017813,https://www.youtube.com/watch?v=McrJnOYX4NM,,,CollegeFootballData.com API,2026-08-31T17:34:18.724540+00:00,/games,1.3
401013134,2018,5,regular,2018-09-29T16:00:00.000Z,False,True,False,False,40740,721,Bobby Dodd Stadium,59,Georgia Tech,fbs,ACC,63,"[14, 14, 21, 14]",0.9999422349804112,1504,1589,189,Bowling Green,fbs,Mid-American,17,"[3, 7, 7, 0]",5.7765019588762456e-05,1123,1038,0.531335673999999,https://www.youtube.com/watch?v=DlGpyXgXyMM,,,CollegeFootballData.com API,2026-08-31T17:34:18.724540+00:00,/games,1.3
401012881,2018,5,regular,2018-09-29T16:00:00.000Z,False,True,False,False,73752,3936,Spartan Stadium,127,Michigan State,fbs,Big Ten,31,"[0, 17, 14, 0]",0.9893782144613692,1651,1646,2117,Central Michigan,fbs,Mid-American,20,"[3, 0, 0, 17]",0.010621785538630801,1299,1304,3.1949065044,https://www.youtube.com/watch?v=FB3DYmuTtC0,,,CollegeFootballData.com API,2026-08-31T17:34:18.724540+00:00,/games,1.3
401012824,2018,5,regular,2018-09-29T16:00:00.000Z,False,True,False,True,32056,3754,High Point Solutions Stadium,164,Rutgers,fbs,Big Ten,17,"[7, 0, 0, 10]",0.027047571916142554,1071,1092,84,Indiana,fbs,Big Ten,24,"[7, 17, 0, 0]",0.9729524280838574,1556,1535,2.5959763933,https://www.youtube.com/watch?v=KcM81Hg1RK4,,,CollegeFootballData.com API,2026-08-31T17:34:18.724540+00:00,/games,1.3
401012292,2018,5,regular,2018-09-29T16:00:00.000Z,False,True,False,False,101471,3657,Bryant-Denny Stadium,333,Alabama,fbs,SEC,56,"[28, 21, 7, 0]",0.9999057311565286,2237,2235,309,Louisiana,fbs,Sun Belt,14,"[0, 0, 0, 14]",9.426884347141229e-05,1168,1170,0.0128811848999996,https://www.youtube.com/watch?v=CeIEwH5VRnc,,,CollegeFootballData.com API,2026-08-31T17:34:18.724540+00:00,/games,1.3
401013325,2018,5,regular,2018-09-29T16:00:00.000Z,False,True,False,True,55283,3784,Jones AT&T Stadium,2641,Texas Tech,fbs,Big 12,34,"[7, 3, 7, 17]",0.10299771076976925,1633,1622,277,West Virginia,fbs,Big 12,42,"[28, 7, 0, 7]",0.8970022892302307,1689,1700,3.1311461968,https://www.youtube.com/watch?v=Lg7VctCWhvA,,,CollegeFootballData.com API,2026-08-31T17:34:18.724540+00:00,/games,1.3
401013131,2018,5,regular,2018-09-29T16:00:00.000Z,False,True,False,True,80122,3836,"Memorial Stadium (Clemson, SC)",228,Clemson,fbs,ACC,27,"[7, 0, 6, 14]",0.9000093833310088,1954,1945,183,Syracuse,fbs,ACC,23,"[6, 10, 0, 7]",0.09999061666899123,1511,1520,8.74949007369999,https://www.youtube.com/watch?v=NOCfqUEl9Bk,,,CollegeFootballData.com API,2026-08-31T17:34:18.724540+00:00,/games,1.3
401013369,2018,5,regular,2018-09-29T16:00:00.000Z,False,True,False,False,23671,3965,UB Stadium,2084,Buffalo,fbs,Mid-American,13,"[7, 0, 6, 0]",0.0037164971675427362,1455,1388,349,Army,fbs,FBS Independents,42,"[7, 14, 7, 14]",0.9962835028324573,1562,1629,3.5050490921,https://www.youtube.com/watch?v=_Xj5knVyXJM,,,CollegeFootballData.com API,2026-08-31T17:34:18.724540+00:00,/games,1.3
401013050,2018,5,regular,2018-09-29T16:00:00.000Z,False,True,False,True,18364,3833,Memorial Stadium,2305,Kansas,fbs,Big 12,28,"[0, 7, 7, 14]",0.006920513091089972,1335,1330,197,Oklahoma State,fbs,Big 12,48,"[14, 10, 10, 14]",0.99307948690891,1776,1781,1.5145466877,https://www.youtube.com/watch?v=hxHyFEOfLfo,,,CollegeFootballData.com API,2026-08-31T17:34:18.724540+00:00,/games,1.3
401013135,2018,5,regular,2018-09-29T16:20:00.000Z,False,True,False,True,57600,3670,Carter-Finley Stadium,152,NC State,fbs,ACC,35,"[3, 17, 7, 8]",0.9977111139449818,1714,1725,258,Virginia,fbs,ACC,21,"[7, 0, 7, 7]",0.002288886055018202,1510,1499,3.3594175977,https://www.youtube.com/watch?v=QNb_A1mEaig,,,CollegeFootballData.com API,2026-08-31T17:34:18.724540+00:00,/games,1.3
401013361,2018,5,regular,2018-09-29T18:00:00.000Z,False,True,False,False,19056,3876,Peden Stadium,195,Ohio,fbs,Mid-American,58,"[14, 21, 17, 6]",0.9932651531036593,1548,1552,113,Massachusetts,fbs,FBS Independents,42,"[21, 7, 7, 7]",0.00673484689634074,1203,1199,3.265993475,,,,CollegeFootballData.com API,2026-08-31T17:34:18.724540+00:00,/games,1.3
401021668,2018,5,regular,2018-09-29T18:00:00.000Z,False,True,False,True,14368,4246,Center Parc Stadium,2247,Georgia State,fbs,Sun Belt,46,"[14, 16, 6, 10]",0.997682995371634,1190,1283,2433,UL Monroe,fbs,Sun Belt,14,"[7, 7, 0, 0]",0.0023170046283660373,1235,1142,2.7273269435,https://www.youtube.com/watch?v=TiuyWFDZftM,,,CollegeFootballData.com API,2026-08-31T17:34:18.724540+00:00,/games,1.3
401020687,2018,5,regular,2018-09-29T19:00:00.000Z,False,True,False,True,9367,3919,Scheumann Stadium,2050,Ball State,fbs,Mid-American,52,"[21, 14, 7, 10]",0.9911174080459816,1082,1154,2309,Kent State,fbs,Mid-American,24,"[7, 10, 7, 0]",0.008882591954018415,1072,1000,2.56983903899999,,,,CollegeFootballData.com API,2026-08-31T17:34:18.724540+00:00,/games,1.3
401012295,2018,5,regular,2018-09-29T19:30:00.000Z,False,True,False,True,92746,3917,Sanford Stadium,61,Georgia,fbs,SEC,38,"[7, 10, 7, 14]",0.9988046097921943,1962,1965,2633,Tennessee,fbs,SEC,12,"[0, 0, 6, 6]",0.00119539020780568,1346,1343,0.562100236699999,https://www.youtube.com/watch?v=Ya0indKPpD8,,,CollegeFootballData.com API,2026-08-31T17:34:18.724540+00:00,/games,1.3
401021665,2018,5,regular,2018-09-29T19:30:00.000Z,False,True,False,True,25862,3792,Kidd Brewer Stadium,2026,App State,fbs,Sun Belt,52,"[21, 21, 3, 7]",0.9998984881634495,1696,1765,6,South Alabama,fbs,Sun Belt,7,"[7, 0, 0, 0]",0.00010151183655049412,1211,1142,0.362924664199998,,,,CollegeFootballData.com API,2026-08-31T17:34:18.724540+00:00,/games,1.3
401013133,2018,5,regular,2018-09-29T19:30:00.000Z,False,True,False,True,52798,3873,L&N Federal Credit Union Stadium,97,Louisville,fbs,ACC,24,"[7, 14, 3, 0]",0.9037684292090867,1540,1535,52,Florida State,fbs,ACC,28,"[7, 0, 7, 14]",0.09623157079091327,1557,1562,7.6243795977,https://www.youtube.com/watch?v=xSdsiI1ltTw,,,CollegeFootballData.com API,2026-08-31T17:34:18.724540+00:00,/games,1.3
401013030,2018,5,regular,2018-09-29T19:30:00.000Z,False,True,False,True,86642,3835,"Memorial Stadium (Norman, OK)",201,Oklahoma,fbs,Big 12,66,"[14, 14, 21, 17]",0.9991355023904529,1982,2014,239,Baylor,fbs,Big 12,33,"[6, 3, 14, 10]",0.0008644976095470991,1487,1455,0.7668208953,https://www.youtube.com/watch?v=QQl5mOZvU7Q,,,CollegeFootballData.com API,2026-08-31T17:34:18.724540+00:00,/games,1.3
401013338,2018,5,regular,2018-09-29T19:30:00.000Z,False,True,False,True,88911,3834,"Memorial Stadium (Lincoln, NE)",158,Nebraska,fbs,Big Ten,28,"[7, 0, 14, 7]",0.3060729128692933,1316,1311,2509,Purdue,fbs,Big Ten,42,"[10, 10, 15, 7]",0.6939270871307067,1603,1608,4.038926769,https://www.youtube.com/watch?v=UuaSW0MaOf8,,,CollegeFootballData.com API,2026-08-31T17:34:18.724540+00:00,/games,1.3
401021667,2018,5,regular,2018-09-29T19:30:00.000Z,False,True,False,True,23810,3975,Veterans Memorial Stadium (AL),2653,Troy,fbs,Sun Belt,45,"[21, 3, 14, 7]",0.9998081903955843,1493,1534,324,Coastal Carolina,fbs,Sun Belt,21,"[0, 14, 7, 0]",0.0001918096044156714,1318,1277,1.54630668049999,,,,CollegeFootballData.com API,2026-08-31T17:34:18.724540+00:00,/games,1.3
401013137,2018,5,regular,2018-09-29T19:30:00.000Z,False,True,False,False,24519,3630,Allegacy Federal Credit Union Stadium,154,Wake Forest,fbs,ACC,56,"[21, 21, 14, 0]",0.9994733395271401,1517,1558,242,Rice,fbs,Conference USA,24,"[0, 3, 14, 7]",0.0005266604728598745,1131,1090,0.2461829917,https://www.youtube.com/watch?v=P1YNnAaxFc4,,,CollegeFootballData.com API,2026-08-31T17:34:18.724540+00:00,/games,1.3
401019497,2018,5,regular,2018-09-29T19:30:00.000Z,False,True,False,True,20322,3892,Pratt & Whitney Stadium,41,UConn,fbs,American Athletic,7,"[7, 0, 0, 0]",0.0035740502401057487,1061,980,2132,Cincinnati,fbs,American Athletic,49,"[7, 14, 21, 7]",0.9964259497598943,1391,1472,3.07347389649999,https://www.youtube.com/watch?v=emw0x2fbVOk,,,CollegeFootballData.com API,2026-08-31T17:34:18.724540+00:00,/games,1.3
401020750,2018,5,regular,2018-09-29T19:30:00.000Z,False,True,False,True,15012,3996,Yager Stadium,193,Miami (OH),fbs,Mid-American,39,"[17, 10, 6, 6]",0.020964336445446263,1311,1315,2711,Western Michigan,fbs,Mid-American,40,"[14, 0, 13, 13]",0.9790356635545537,1420,1416,7.3640642454,,,,CollegeFootballData.com API,2026-08-31T17:34:18.724540+00:00,/games,1.3
401015006,2018,5,regular,2018-09-29T19:30:00.000Z,False,True,False,False,35047,3699,Dowdy-Ficklen Stadium,151,East Carolina,fbs,American Athletic,37,"[14, 7, 7, 9]",0.9836400652254795,1333,1333,295,Old Dominion,fbs,Conference USA,35,"[14, 6, 7, 8]",0.016359934774520468,1246,1246,9.40276083359999,https://www.youtube.com/watch?v=q_R9O7kApcE,,,CollegeFootballData.com API,2026-08-31T17:34:18.724540+00:00,/games,1.3
401013060,2018,5,regular,2018-09-29T19:30:00.000Z,False,True,False,True,49916,3636,Bill Snyder Family Stadium,2306,Kansas State,fbs,Big 12,14,"[0, 0, 7, 7]",0.14654586165291109,1533,1537,251,Texas,fbs,Big 12,19,"[7, 12, 0, 0]",0.8534541383470889,1726,1722,2.5378066489,https://www.youtube.com/watch?v=MNaoQmeHPzk,,,CollegeFootballData.com API,2026-08-31T17:34:18.724540+00:00,/games,1.3
401013136,2018,5,regular,2018-09-29T19:30:00.000Z,False,True,False,False,44904,3652,FBC Mortgage Stadium,2116,UCF,fbs,American Athletic,45,"[14, 17, 7, 7]",0.9999934283564325,1802,1847,221,Pittsburgh,fbs,ACC,14,"[7, 0, 0, 7]",6.5716435675433615e-06,1476,1431,2.61194127249999,https://www.youtube.com/watch?v=qk-98NKKUQE,,,CollegeFootballData.com API,2026-08-31T17:34:18.724540+00:00,/games,1.3
401022525,2018,5,regular,2018-09-29T20:00:00.000Z,False,True,False,True,23707,3713,Falcon Stadium,2005,Air Force,fbs,Mountain West,25,"[0, 7, 10, 8]",0.13887224648860264,1436,1422,2440,Nevada,fbs,Mountain West,28,"[7, 14, 7, 0]",0.8611277535113974,1293,1307,6.3639229837,https://www.youtube.com/watch?v=7N0gIXx-7Rw,,,CollegeFootballData.com API,2026-08-31T17:34:18.724540+00:00,/games,1.3
401012299,2018,5,regular,2018-09-29T20:00:00.000Z,False,True,False,False,27340,3973,FirstBank Stadium,238,Vanderbilt,fbs,SEC,31,"[0, 10, 14, 7]",0.633311097214748,,,2634,Tennessee State,fcs,OVC,27,"[0, 13, 7, 7]",0.366688902785252,,,4.08248487899999,,,,CollegeFootballData.com API,2026-08-31T17:34:18.724540+00:00,/games,1.3
401012294,2018,5,regular,2018-09-29T20:00:00.000Z,False,True,False,False,83792,3785,Jordan-Hare Stadium,2,Auburn,fbs,SEC,24,"[7, 7, 7, 3]",0.9848566676941295,1866,1855,2572,Southern Miss,fbs,Conference USA,13,"[0, 3, 3, 7]",0.015143332305870505,1428,1439,1.8110201478,https://www.youtube.com/watch?v=0HHNyUFObJQ,,,CollegeFootballData.com API,2026-08-31T17:34:18.724540+00:00,/games,1.3
401012892,2018,5,regular,2018-09-29T20:47:00.000Z,False,True,False,True,47330,3911,Ryan Field,77,Northwestern,fbs,Big Ten,17,"[10, 7, 0, 0]",0.13386196794120345,1613,1625,130,Michigan,fbs,Big Ten,20,"[0, 7, 6, 7]",0.8661380320587966,1894,1882,7.81958186589999,https://www.youtube.com/watch?v=vQ7n7nGcTWE,,,CollegeFootballData.com API,2026-08-31T17:34:18.724540+00:00,/games,1.3
401021666,2018,5,regular,2018-09-29T22:00:00.000Z,False,True,False,True,17320,3608,Allen E. Paulson Stadium,290,Georgia Southern,fbs,Sun Belt,28,"[0, 7, 7, 14]",0.7015320732853909,1380,1397,2032,Arkansas State,fbs,Sun Belt,21,"[0, 3, 11, 7]",0.2984679267146091,1499,1482,8.1413134035,,,,CollegeFootballData.com API,2026-08-31T17:34:18.724540+00:00,/games,1.3
401020688,2018,5,regular,2018-09-29T22:00:00.000Z,False,True,False,True,14779,3912,Rynearson Stadium,2199,Eastern Michigan,fbs,Mid-American,23,"[10, 0, 0, 3, 7, 0, 3]",0.3144636686129141,1428,1424,2459,Northern Illinois,fbs,Mid-American,26,"[3, 10, 0, 0, 7, 0, 6]",0.6855363313870859,1428,1432,11.2485297029,,,,CollegeFootballData.com API,2026-08-31T17:34:18.724540+00:00,/games,1.3
401012756,2018,5,regular,2018-09-29T22:00:00.000Z,False,True,False,True,30088,3820,Gesa Field,265,Washington State,fbs,Pac-12,28,"[7, 14, 0, 7]",0.4163772821497872,1628,1631,254,Utah,fbs,Pac-12,24,"[14, 7, 3, 0]",0.5836227178502128,1620,1617,8.7168433222,https://www.youtube.com/watch?v=wqfmhA9y_sg,,,CollegeFootballData.com API,2026-08-31T17:34:18.724540+00:00,/games,1.3
401012298,2018,5,regular,2018-09-29T22:00:00.000Z,False,True,False,True,61406,3693,Davis Wade Stadium,344,Mississippi State,fbs,SEC,6,"[3, 3, 0, 0]",0.0758054370706376,1723,1704,57,Florida,fbs,SEC,13,"[0, 3, 7, 3]",0.9241945629293624,1646,1665,6.4786273616,https://www.youtube.com/watch?v=IqoOqjy0NQg,,,CollegeFootballData.com API,2026-08-31T17:34:18.724540+00:00,/games,1.3
401013451,2018,5,regular,2018-09-29T22:00:00.000Z,False,True,False,False,18804,3971,University Stadium (NM),167,New Mexico,fbs,Mountain West,43,"[7, 3, 13, 20]",0.056379214692574106,1283,1271,2335,Liberty,fbs,FBS Independents,52,"[21, 21, 0, 10]",0.9436207853074259,1354,1366,3.9310943909,,,,CollegeFootballData.com API,2026-08-31T17:34:18.724540+00:00,/games,1.3
401015003,2018,5,regular,2018-09-29T23:00:00.000Z,False,True,False,True,17299,3725,"Johnny ""Red"" Floyd Stadium",2393,Middle Tennessee,fbs,Conference USA,25,"[0, 10, 7, 8]",0.6722268445506313,1296,1303,2226,Florida Atlantic,fbs,Conference USA,24,"[14, 7, 3, 0]",0.3277731554493687,1509,1502,5.9109387589,https://www.youtube.com/watch?v=Z159JNZovAY,,,CollegeFootballData.com API,2026-08-31T17:34:18.724540+00:00,/games,1.3
401022526,2018,5,regular,2018-09-29T23:00:00.000Z,False,True,False,True,22271,3984,War Memorial Stadium,2751,Wyoming,fbs,Mountain West,14,"[0, 0, 7, 7]",0.0052530093198101015,1455,1439,68,Boise State,fbs,Mountain West,34,"[7, 17, 3, 7]",0.9947469906801899,1780,1796,1.5740124646,https://www.youtube.com/watch?v=1bKLY9XWX1s,,,CollegeFootballData.com API,2026-08-31T17:34:18.724540+00:00,/games,1.3
401013041,2018,5,regular,2018-09-29T23:00:00.000Z,False,True,False,True,42664,3616,Amon G. Carter Stadium,2628,TCU,fbs,Big 12,17,"[0, 7, 7, 3]",0.37131161211971897,1714,1714,66,Iowa State,fbs,Big 12,14,"[0, 7, 0, 7]",0.628688387880281,1645,1645,5.8340947183,https://www.youtube.com/watch?v=sGa_CObQc8k,,,CollegeFootballData.com API,2026-08-31T17:34:18.724540+00:00,/games,1.3
401015001,2018,5,regular,2018-09-29T23:00:00.000Z,False,True,False,True,25395,3803,Legion Field,5,UAB,fbs,Conference USA,28,"[14, 7, 0, 7]",0.9996782228411846,1325,1349,2429,Charlotte,fbs,Conference USA,7,"[0, 0, 0, 7]",0.00032177715881542834,1066,1042,0.809170964199999,https://www.youtube.com/watch?v=vMX1PAuGFNA,,,CollegeFootballData.com API,2026-08-31T17:34:18.724540+00:00,/games,1.3
401013132,2018,5,regular,2018-09-29T23:00:00.000Z,False,True,False,True,32177,3982,Wallace Wade Stadium,150,Duke,fbs,ACC,14,"[7, 0, 0, 7]",0.007102493258885129,1681,1640,259,Virginia Tech,fbs,ACC,31,"[3, 14, 7, 7]",0.9928975067411149,1682,1723,5.4748804044,https://www.youtube.com/watch?v=ACaWuVadBHo,,,CollegeFootballData.com API,2026-08-31T17:34:18.724540+00:00,/games,1.3
401022527,2018,5,regular,2018-09-29T23:00:00.000Z,False,True,False,True,16363,3935,CEFCU Stadium,23,San José State,fbs,Mountain West,41,"[0, 17, 7, 7, 7, 0, 0, 3, 0]",0.1467376343111466,1029,1043,62,Hawai'i,fbs,Mountain West,44,"[3, 7, 6, 15, 7, 0, 0, 3, 3]",0.8532623656888534,1359,1345,9.6856445084,https://www.youtube.com/watch?v=RJXq89ltyuE,,,CollegeFootballData.com API,2026-08-31T17:34:18.724540+00:00,/games,1.3
401015007,2018,5,regular,2018-09-29T23:00:00.000Z,False,True,False,True,20176,3604,Alamodome,2636,UTSA,fbs,Conference USA,30,"[7, 17, 0, 6]",0.9843096655417833,1255,1254,2638,UTEP,fbs,Conference USA,21,"[7, 0, 7, 7]",0.01569033445821666,1008,1009,3.5211812367,https://www.youtube.com/watch?v=a12271RPD-o,,,CollegeFootballData.com API,2026-08-31T17:34:18.724540+00:00,/games,1.3
401019498,2018,5,regular,2018-09-29T23:00:00.000Z,False,True,False,False,18983,3735,Gerald J. Ford Stadium,2567,SMU,fbs,American Athletic,63,"[21, 14, 14, 14]",0.9999330634871817,,,2277,Houston Christian,fcs,Southland,27,"[3, 7, 10, 7]",6.693651281830526e-05,,,0.0659160073999994,https://www.youtube.com/watch?v=g3bn5Jnn64w,,,CollegeFootballData.com API,2026-08-31T17:34:18.724540+00:00,/games,1.3
401013347,2018,5,regular,2018-09-29T23:30:00.000Z,False,True,False,True,110889,3632,Beaver Stadium,213,Penn State,fbs,Big Ten,26,"[3, 10, 0, 13]",0.8678004629426942,2076,2074,194,Ohio State,fbs,Big Ten,27,"[0, 7, 7, 13]",0.1321995370573058,2064,2066,9.7755051552,https://www.youtube.com/watch?v=M9SjFc1_7-w,,,CollegeFootballData.com API,2026-08-31T17:34:18.724540+00:00,/games,1.3
401015005,2018,5,regular,2018-09-29T23:30:00.000Z,False,True,False,True,20811,3796,Houchens Industries-L.T. Smith Stadium,98,Western Kentucky,fbs,Conference USA,17,"[3, 7, 0, 7]",0.03774723289832083,1394,1394,276,Marshall,fbs,Conference USA,20,"[7, 3, 0, 10]",0.9622527671016792,1463,1463,8.7286614784,https://www.youtube.com/watch?v=1gb8W-GOyG8,,,CollegeFootballData.com API,2026-08-31T17:34:18.724540+00:00,/games,1.3
401015002,2018,5,regular,2018-09-29T23:30:00.000Z,False,True,False,False,14937,218,FIU Stadium,2229,Florida International,fbs,Conference USA,55,"[17, 21, 17, 0]",0.9999758553125849,,,2029,Arkansas-Pine Bluff,fcs,SWAC,9,"[3, 0, 3, 3]",2.414468741507303e-05,,,0.0116158396999987,https://www.youtube.com/watch?v=pkkXWV6EODc,,,CollegeFootballData.com API,2026-08-31T17:34:18.724540+00:00,/games,1.3
401012296,2018,5,regular,2018-09-29T23:30:00.000Z,False,True,False,True,63081,3683,Kroger Field,96,Kentucky,fbs,SEC,24,"[3, 21, 0, 0]",0.9780703231921808,1595,1628,2579,South Carolina,fbs,SEC,10,"[3, 0, 7, 0]",0.02192967680781921,1653,1620,2.83045250889999,https://www.youtube.com/watch?v=46cLE3XV6x8,,,CollegeFootballData.com API,2026-08-31T17:34:18.724540+00:00,/games,1.3
401012758,2018,5,regular,2018-09-29T23:30:00.000Z,False,True,False,False,77622,3855,Notre Dame Stadium,87,Notre Dame,fbs,FBS Independents,38,"[14, 7, 3, 14]",0.9968984982519565,1771,1825,24,Stanford,fbs,Pac-12,17,"[7, 7, 3, 0]",0.003101501748043467,1812,1758,4.9391665543,https://www.youtube.com/watch?v=0eQdvUz4XPE,,,CollegeFootballData.com API,2026-08-31T17:34:18.724540+00:00,/games,1.3
401015004,2018,5,regular,2018-09-29T23:30:00.000Z,False,True,False,True,30105,3825,DATCU Stadium,249,North Texas,fbs,Conference USA,27,"[21, 0, 6, 0]",0.7414771121868613,1597,1589,2348,Louisiana Tech,fbs,Conference USA,29,"[6, 20, 3, 0]",0.2585228878131387,1511,1519,7.5574264145,,,,CollegeFootballData.com API,2026-08-31T17:34:18.724540+00:00,/games,1.3
401012755,2018,5,regular,2018-09-30T00:30:00.000Z,False,True,False,False,70155,3765,Husky Stadium,264,Washington,fbs,Pac-12,35,"[7, 14, 14, 0]",0.9999459078783174,1839,1869,252,BYU,fbs,FBS Independents,7,"[0, 0, 0, 7]",5.4092121682614014e-05,1454,1424,0.768311450499999,https://www.youtube.com/watch?v=BgZpJ5ufOV0,,,CollegeFootballData.com API,2026-08-31T17:34:18.724540+00:00,/games,1.3
401012297,2018,5,regular,2018-09-30T01:00:00.000Z,False,True,False,True,100224,3958,Tiger Stadium (LA),99,LSU,fbs,SEC,45,"[14, 14, 7, 10]",0.9997503607723073,1792,1834,145,Ole Miss,fbs,SEC,16,"[3, 3, 7, 3]",0.00024963922769272173,1493,1451,1.6521719239,https://www.youtube.com/watch?v=Y_Hyq0rt6W8,,,CollegeFootballData.com API,2026-08-31T17:34:18.724540+00:00,/games,1.3
401012754,2018,5,regular,2018-09-30T02:00:00.000Z,False,True,False,True,51447,3947,Mountain America Stadium,9,Arizona State,fbs,Pac-12,52,"[10, 21, 7, 14]",0.9963769621744885,1603,1627,204,Oregon State,fbs,Pac-12,24,"[0, 17, 7, 0]",0.0036230378255115436,1156,1132,0.911962290999999,https://www.youtube.com/watch?v=dpVIphxq9ho,,,CollegeFootballData.com API,2026-08-31T17:34:18.724540+00:00,/games,1.3
401012757,2018,5,regular,2018-09-30T02:30:00.000Z,False,True,False,True,43448,3831,California Memorial Stadium,25,California,fbs,Pac-12,24,"[3, 7, 7, 7]",0.08756272261512153,1556,1521,2483,Oregon,fbs,Pac-12,42,"[7, 21, 7, 7]",0.9124372773848785,1643,1678,3.0796572469,https://www.youtube.com/watch?v=q624Qc8ISAE,,,CollegeFootballData.com API,2026-08-31T17:34:18.724540+00:00,/games,1.3
401012753,2018,5,regular,2018-09-30T02:30:00.000Z,False,True,False,True,43573,3619,Arizona Stadium,12,Arizona,fbs,Pac-12,20,"[0, 0, 7, 13]",0.11161017257888071,1462,1467,30,USC,fbs,Pac-12,24,"[7, 10, 7, 0]",0.8883898274211193,1642,1637,3.2905808977,https://www.youtube.com/watch?v=GAut21dsS0k,,,CollegeFootballData.com API,2026-08-31T17:34:18.724540+00:00,/games,1.3
401020689,2018,5,regular,2018-09-30T02:30:00.000Z,False,True,False,False,33401,3660,Valley Children's Stadium,278,Fresno State,fbs,Mountain West,49,"[7, 21, 21, 0]",0.9995018995288081,1566,1616,2649,Toledo,fbs,Mid-American,27,"[7, 6, 0, 14]",0.0004981004711919201,1533,1483,2.2054180656,https://www.youtube.com/watch?v=_FwaKgQs6tw,,,CollegeFootballData.com API,2026-08-31T17:34:18.724540+00:00,/games,1.3
401021669,2018,6,regular,2018-10-04T23:30:00.000Z,False,True,False,True,22903,3975,Veterans Memorial Stadium (AL),2653,Troy,fbs,Sun Belt,37,"[14, 9, 0, 14]",0.9684557005083809,1534,1548,2247,Georgia State,fbs,Sun Belt,20,"[0, 3, 3, 14]",0.03154429949161908,1283,1269,1.67194876109999,https://www.youtube.com/watch?v=tX9V0OKKaho,,,CollegeFootballData.com API,2026-08-31T17:34:18.724540+00:00,/games,1.3
401019499,2018,6,regular,2018-10-05T00:00:00.000Z,False,True,False,True,29823,4728,TDECU Stadium,248,Houston,fbs,American Athletic,41,"[7, 10, 0, 24]",0.9869974844632289,1594,1609,202,Tulsa,fbs,American Athletic,26,"[13, 0, 10, 3]",0.01300251553677112,1406,1391,7.5858243964,https://www.youtube.com/watch?v=cO3Svnt7ZmQ,,,CollegeFootballData.com API,2026-08-31T17:34:18.724540+00:00,/games,1.3
401013138,2018,6,regular,2018-10-05T23:00:00.000Z,False,True,False,True,51658,3873,L&N Federal Credit Union Stadium,97,Louisville,fbs,ACC,31,"[0, 17, 0, 14]",0.013491303018327938,1535,1440,59,Georgia Tech,fbs,ACC,66,"[21, 10, 14, 21]",0.9865086969816721,1589,1684,1.5758055704,https://www.youtube.com/watch?v=7Ysdv1XOLc0,,,CollegeFootballData.com API,2026-08-31T17:34:18.724540+00:00,/games,1.3
401015010,2018,6,regular,2018-10-05T23:30:00.000Z,False,True,False,True,25979,3775,Joan C. Edwards Stadium,276,Marshall,fbs,Conference USA,24,"[3, 14, 0, 7]",0.10742918280933575,1463,1427,2393,Middle Tennessee,fbs,Conference USA,34,"[3, 7, 14, 10]",0.8925708171906642,1303,1339,5.3265704351,https://www.youtube.com/watch?v=k57JVPlvwOM,,,CollegeFootballData.com API,2026-08-31T17:34:18.724540+00:00,/games,1.3
401016407,2018,6,regular,2018-10-06T01:00:00.000Z,False,True,False,False,58087,3801,LaVell Edwards Stadium,252,BYU,fbs,FBS Independents,20,"[0, 7, 6, 7]",0.0038196775170947833,1424,1376,328,Utah State,fbs,Mountain West,45,"[14, 7, 14, 10]",0.9961803224829052,1587,1635,2.2802161615,https://www.youtube.com/watch?v=9yP3zCFqy20,,,CollegeFootballData.com API,2026-08-31T17:34:18.724540+00:00,/games,1.3
401013051,2018,6,regular,2018-10-06T16:00:00.000Z,False,True,False,True,57419,3842,Milan Puskar Stadium,277,West Virginia,fbs,Big 12,38,"[14, 7, 7, 10]",0.9971133816636314,1700,1702,2305,Kansas,fbs,Big 12,22,"[7, 0, 7, 8]",0.002886618336368607,1330,1328,0.7101148875,https://www.youtube.com/watch?v=ryev9CBmFNM,,,CollegeFootballData.com API,2026-08-31T17:34:18.724540+00:00,/games,1.3
401020753,2018,6,regular,2018-10-06T16:00:00.000Z,False,True,False,True,24282,3980,Waldo Stadium,2711,Western Michigan,fbs,Mid-American,27,"[7, 7, 0, 13]",0.9525124991859483,1416,1417,2199,Eastern Michigan,fbs,Mid-American,24,"[0, 10, 7, 7]",0.04748750081405173,1424,1423,6.95039500339999,,,,CollegeFootballData.com API,2026-08-31T17:34:18.724540+00:00,/games,1.3
401012300,2018,6,regular,2018-10-06T16:00:00.000Z,False,True,False,True,64974,3887,Razorback Stadium,8,Arkansas,fbs,SEC,31,"[7, 7, 3, 14]",0.007183195813564394,1345,1349,333,Alabama,fbs,SEC,65,"[21, 20, 7, 17]",0.9928168041864356,2235,2231,0.1588691855,https://www.youtube.com/watch?v=ZV-nIB-yZ_o,,,CollegeFootballData.com API,2026-08-31T17:34:18.724540+00:00,/games,1.3
401012808,2018,6,regular,2018-10-06T16:00:00.000Z,False,True,False,True,36702,3754,High Point Solutions Stadium,164,Rutgers,fbs,Big Ten,17,"[7, 7, 0, 3]",0.03972088176003246,1092,1061,356,Illinois,fbs,Big Ten,38,"[10, 14, 0, 14]",0.9602791182399676,1296,1327,3.5032495804,https://www.youtube.com/watch?v=UZ-1MeX0KOU,,,CollegeFootballData.com API,2026-08-31T17:34:18.724540+00:00,/games,1.3
401013067,2018,6,regular,2018-10-06T16:00:00.000Z,False,True,True,True,92300,499,Cotton Bowl,201,Oklahoma,fbs,Big 12,45,"[7, 10, 7, 21]",0.514549536686586,2014,1999,251,Texas,fbs,Big 12,48,"[10, 14, 21, 3]",0.485450463313414,1722,1737,5.28471819909999,https://www.youtube.com/watch?v=kHCIdaL_3JU,,,CollegeFootballData.com API,2026-08-31T17:34:18.724540+00:00,/games,1.3
401019501,2018,6,regular,2018-10-06T16:00:00.000Z,False,True,False,True,32200,3854,Nippert Stadium,2132,Cincinnati,fbs,American Athletic,37,"[3, 21, 6, 7]",0.9968837469096116,1472,1501,2655,Tulane,fbs,American Athletic,21,"[7, 7, 0, 7]",0.0031162530903884322,1413,1384,3.89072311519999,https://www.youtube.com/watch?v=_7VKsJWR-qA,,,CollegeFootballData.com API,2026-08-31T17:34:18.724540+00:00,/games,1.3
401012305,2018,6,regular,2018-10-06T16:00:00.000Z,False,True,False,True,73393,3994,Williams-Brice Stadium,2579,South Carolina,fbs,SEC,37,"[7, 7, 17, 6]",0.26523154245324704,1620,1621,142,Missouri,fbs,SEC,35,"[14, 9, 0, 12]",0.734768457546753,1662,1661,10.6570410724,https://www.youtube.com/watch?v=bvH7LG-vC48,,,CollegeFootballData.com API,2026-08-31T17:34:18.724540+00:00,/games,1.3
401019503,2018,6,regular,2018-10-06T16:00:00.000Z,False,True,False,True,26681,3806,Lincoln Financial Field,218,Temple,fbs,American Athletic,49,"[14, 21, 7, 7]",0.9999688551998022,1555,1651,151,East Carolina,fbs,American Athletic,6,"[0, 3, 0, 3]",3.114480019783539e-05,1333,1237,1.2775815441,https://www.youtube.com/watch?v=LzJ1LwI1a90,,,CollegeFootballData.com API,2026-08-31T17:34:18.724540+00:00,/games,1.3
401020752,2018,6,regular,2018-10-06T16:00:00.000Z,False,True,False,True,14044,3786,Kelly/Shorts Stadium,2117,Central Michigan,fbs,Mid-American,24,"[3, 0, 14, 7]",0.1343743651478586,1304,1290,2084,Buffalo,fbs,Mid-American,34,"[7, 10, 7, 10]",0.8656256348521414,1388,1402,3.7018056377,,,,CollegeFootballData.com API,2026-08-31T17:34:18.724540+00:00,/games,1.3
401012876,2018,6,regular,2018-10-06T16:00:00.000Z,False,True,False,True,109531,3558,Michigan Stadium,130,Michigan,fbs,Big Ten,42,"[3, 14, 10, 15]",0.9998524494542721,1882,1892,120,Maryland,fbs,Big Ten,21,"[7, 0, 0, 14]",0.0001475505457279036,1476,1466,2.1552756343,https://www.youtube.com/watch?v=hDC-stLFhPU,,,CollegeFootballData.com API,2026-08-31T17:34:18.724540+00:00,/games,1.3
401012882,2018,6,regular,2018-10-06T16:00:00.000Z,False,True,False,True,72850,3936,Spartan Stadium,127,Michigan State,fbs,Big Ten,19,"[3, 3, 13, 0]",0.14826837394145007,1646,1623,77,Northwestern,fbs,Big Ten,29,"[7, 7, 8, 7]",0.8517316260585499,1625,1648,8.5150324998,https://www.youtube.com/watch?v=dSpaYANce4Q,,,CollegeFootballData.com API,2026-08-31T17:34:18.724540+00:00,/games,1.3
401013142,2018,6,regular,2018-10-06T16:20:00.000Z,False,True,False,True,37100,3752,Acrisure Stadium,221,Pittsburgh,fbs,ACC,44,"[14, 6, 7, 10, 7]",0.22221259097679516,1431,1446,183,Syracuse,fbs,ACC,37,"[14, 3, 14, 6, 0]",0.7777874090232049,1520,1505,9.3973321166,https://www.youtube.com/watch?v=bzf10d2zwL4,,,CollegeFootballData.com API,2026-08-31T17:34:18.724540+00:00,/games,1.3
401013139,2018,6,regular,2018-10-06T16:30:00.000Z,False,True,False,True,57241,3670,Carter-Finley Stadium,152,NC State,fbs,ACC,28,"[7, 14, 7, 0]",0.881962106304812,1725,1727,103,Boston College,fbs,ACC,23,"[3, 0, 7, 13]",0.11803789369518802,1644,1642,2.80331567099999,https://www.youtube.com/watch?v=35S00Ugmb6E,,,CollegeFootballData.com API,2026-08-31T17:34:18.724540+00:00,/games,1.3
401020754,2018,6,regular,2018-10-06T19:00:00.000Z,False,True,False,True,7159,3919,Scheumann Stadium,2050,Ball State,fbs,Mid-American,16,"[0, 6, 3, 7]",0.3704694766728343,1154,1160,2459,Northern Illinois,fbs,Mid-American,24,"[7, 7, 7, 3]",0.6295305233271657,1432,1426,4.541391592,,,,CollegeFootballData.com API,2026-08-31T17:34:18.724540+00:00,/games,1.3
401020755,2018,6,regular,2018-10-06T19:30:00.000Z,False,True,False,True,20062,3696,Dix Stadium,2309,Kent State,fbs,Mid-American,26,"[14, 3, 6, 3]",0.18528352418554497,1000,1022,195,Ohio,fbs,Mid-American,27,"[7, 0, 7, 13]",0.814716475814455,1552,1530,7.2878740432,,,,CollegeFootballData.com API,2026-08-31T17:34:18.724540+00:00,/games,1.3
401021670,2018,6,regular,2018-10-06T19:30:00.000Z,False,True,False,True,17622,3608,Allen E. Paulson Stadium,290,Georgia Southern,fbs,Sun Belt,48,"[7, 10, 10, 21]",0.9998291292860936,1397,1462,6,South Alabama,fbs,Sun Belt,13,"[0, 6, 0, 7]",0.0001708707139064236,1142,1077,1.51372491589999,,,,CollegeFootballData.com API,2026-08-31T17:34:18.724540+00:00,/games,1.3
401013031,2018,6,regular,2018-10-06T19:30:00.000Z,False,True,False,True,36888,4727,McLane Stadium,239,Baylor,fbs,Big 12,37,"[3, 9, 8, 17]",0.8899815360825997,1455,1457,2306,Kansas State,fbs,Big 12,34,"[7, 7, 0, 20]",0.11001846391740033,1537,1535,9.0216110189,https://www.youtube.com/watch?v=zVjgd5SN8rw,,,CollegeFootballData.com API,2026-08-31T17:34:18.724540+00:00,/games,1.3
401013140,2018,6,regular,2018-10-06T19:30:00.000Z,False,True,False,True,31608,3630,Allegacy Federal Credit Union Stadium,154,Wake Forest,fbs,ACC,3,"[0, 0, 3, 0]",0.003596337596680975,1558,1423,228,Clemson,fbs,ACC,63,"[7, 21, 21, 14]",0.996403662403319,1945,2080,1.3715632456,https://www.youtube.com/watch?v=392JjyYYz_M,,,CollegeFootballData.com API,2026-08-31T17:34:18.724540+00:00,/games,1.3
401019504,2018,6,regular,2018-10-06T19:30:00.000Z,False,True,False,False,40175,3713,Falcon Stadium,2005,Air Force,fbs,Mountain West,35,"[0, 14, 14, 7]",0.9993270225150156,1422,1512,2426,Navy,fbs,American Athletic,7,"[0, 7, 0, 0]",0.000672977484984405,1550,1460,2.8173856983,https://www.youtube.com/watch?v=jReBgmbvrHc,,,CollegeFootballData.com API,2026-08-31T17:34:18.724540+00:00,/games,1.3
401013141,2018,6,regular,2018-10-06T19:30:00.000Z,False,True,False,True,65490,3948,Hard Rock Stadium,2390,Miami,fbs,ACC,28,"[0, 7, 14, 7]",0.8760653574174931,1784,1778,52,Florida State,fbs,ACC,27,"[7, 13, 7, 0]",0.12393464258250686,1562,1568,8.6892963347,https://www.youtube.com/watch?v=3IcdMAoMyW0,,,CollegeFootballData.com API,2026-08-31T17:34:18.724540+00:00,/games,1.3
401012301,2018,6,regular,2018-10-06T19:30:00.000Z,False,True,False,True,90283,3634,Ben Hill Griffin Stadium,57,Florida,fbs,SEC,27,"[0, 14, 0, 13]",0.5864549541833952,1665,1688,99,LSU,fbs,SEC,19,"[7, 3, 3, 6]",0.4135450458166048,1834,1811,9.065153927,https://www.youtube.com/watch?v=xuQGdwnzGe4,,,CollegeFootballData.com API,2026-08-31T17:34:18.724540+00:00,/games,1.3
401020812,2018,6,regular,2018-10-06T19:30:00.000Z,False,True,False,True,22437,3768,InfoCision Stadium,2006,Akron,fbs,Mid-American,17,"[0, 10, 7, 0]",0.005772338770164262,1315,1251,193,Miami (OH),fbs,Mid-American,41,"[0, 14, 10, 17]",0.9942276612298357,1315,1379,5.75946748019999,,,,CollegeFootballData.com API,2026-08-31T17:34:18.724540+00:00,/games,1.3
401013362,2018,6,regular,2018-10-06T19:30:00.000Z,False,True,False,False,7988,3985,Warren McGuirk Alumni Stadium,113,Massachusetts,fbs,FBS Independents,42,"[7, 7, 14, 14]",0.25769411779581874,1199,1203,58,South Florida,fbs,American Athletic,58,"[10, 10, 28, 10]",0.7423058822041813,1642,1638,3.4036034804,https://www.youtube.com/watch?v=a-QL55n8zW0,,,CollegeFootballData.com API,2026-08-31T17:34:18.724540+00:00,/games,1.3
401022528,2018,6,regular,2018-10-06T19:30:00.000Z,False,True,False,True,36679,3653,Albertsons Stadium,68,Boise State,fbs,Mountain West,13,"[7, 0, 0, 6]",0.2105671454943967,1796,1767,21,San Diego State,fbs,Mountain West,19,"[3, 10, 0, 6]",0.7894328545056033,1564,1593,6.6481429415,https://www.youtube.com/watch?v=5rQ-x4ivASs,,,CollegeFootballData.com API,2026-08-31T17:34:18.724540+00:00,/games,1.3
401012866,2018,6,regular,2018-10-06T19:30:00.000Z,False,True,False,True,48199,3953,Huntington Bank Stadium,135,Minnesota,fbs,Big Ten,31,"[7, 10, 7, 7]",0.05067541236333595,1506,1490,2294,Iowa,fbs,Big Ten,48,"[14, 14, 10, 10]",0.949324587636664,1750,1766,3.0156998914,https://www.youtube.com/watch?v=pgaW_EHCXFo,,,CollegeFootballData.com API,2026-08-31T17:34:18.724540+00:00,/games,1.3
401013042,2018,6,regular,2018-10-06T19:30:00.000Z,False,True,False,True,52995,3646,Boone Pickens Stadium,197,Oklahoma State,fbs,Big 12,42,"[7, 14, 7, 14]",0.6993086544191152,1781,1760,66,Iowa State,fbs,Big 12,48,"[9, 21, 10, 8]",0.30069134558088484,1645,1666,6.3545627362,https://www.youtube.com/watch?v=nRP2m4k-j_8,,,CollegeFootballData.com API,2026-08-31T17:34:18.724540+00:00,/games,1.3
401020751,2018,6,regular,2018-10-06T19:30:00.000Z,False,True,False,True,24685,3739,Glass Bowl,2649,Toledo,fbs,Mid-American,52,"[17, 7, 7, 21]",0.9967910703466375,1483,1480,189,Bowling Green,fbs,Mid-American,36,"[7, 14, 7, 8]",0.0032089296533625022,1038,1041,2.2676329364,,,,CollegeFootballData.com API,2026-08-31T17:34:18.724540+00:00,/games,1.3
401012303,2018,6,regular,2018-10-06T20:00:00.000Z,False,True,False,False,52875,3974,Vaught-Hemingway Stadium,145,Ole Miss,fbs,SEC,70,"[21, 28, 14, 7]",0.9999937807929035,1451,1556,2433,UL Monroe,fbs,Sun Belt,21,"[0, 7, 7, 7]",6.219207096536117e-06,1142,1037,0.3578465938,https://www.youtube.com/watch?v=quNP_mzRHMQ,,,CollegeFootballData.com API,2026-08-31T17:34:18.724540+00:00,/games,1.3
401012855,2018,6,regular,2018-10-06T20:00:00.000Z,False,True,False,True,104193,3861,Ohio Stadium,194,Ohio State,fbs,Big Ten,49,"[7, 21, 7, 14]",0.9988697528508192,2066,2070,84,Indiana,fbs,Big Ten,26,"[3, 17, 6, 0]",0.001130247149180752,1535,1531,2.4890731625,https://www.youtube.com/watch?v=2v8jDTTRdHQ,,,CollegeFootballData.com API,2026-08-31T17:34:18.724540+00:00,/games,1.3
401012761,2018,6,regular,2018-10-06T20:00:00.000Z,False,True,False,True,52681,3726,Folsom Field,38,Colorado,fbs,Pac-12,28,"[7, 7, 14, 0]",0.9809161406175212,1604,1615,9,Arizona State,fbs,Pac-12,21,"[7, 7, 7, 0]",0.019083859382478807,1627,1616,4.9940864747,,,,CollegeFootballData.com API,2026-08-31T17:34:18.724540+00:00,/games,1.3
401022530,2018,6,regular,2018-10-06T20:00:00.000Z,False,True,False,True,18949,3914,Sam Boyd Stadium,2439,UNLV,fbs,Mountain West,14,"[0, 0, 0, 14]",0.0056855736016203934,1375,1254,167,New Mexico,fbs,Mountain West,50,"[0, 29, 7, 14]",0.9943144263983796,1271,1392,2.75112322259999,https://www.youtube.com/watch?v=D0Abvx-plhM,,,CollegeFootballData.com API,2026-08-31T17:34:18.724540+00:00,/games,1.3
401015008,2018,6,regular,2018-10-06T21:00:00.000Z,False,True,False,True,18204,3715,FAU Stadium,2226,Florida Atlantic,fbs,Conference USA,52,"[6, 20, 6, 20]",0.9964590042128145,1502,1521,295,Old Dominion,fbs,Conference USA,33,"[0, 7, 14, 12]",0.0035409957871854747,1246,1227,2.19631142679999,https://www.youtube.com/watch?v=EQJgClc2dzs,,,CollegeFootballData.com API,2026-08-31T17:34:18.724540+00:00,/games,1.3
401015012,2018,6,regular,2018-10-06T23:00:00.000Z,False,True,False,True,19170,3895,Rice Stadium,242,Rice,fbs,Conference USA,3,"[0, 0, 3, 0]",0.010410396978975089,1090,1066,2636,UTSA,fbs,Conference USA,20,"[3, 10, 0, 7]",0.9895896030210249,1254,1278,4.860466331,https://www.youtube.com/watch?v=8PtA4Yp4NPI,,,CollegeFootballData.com API,2026-08-31T17:34:18.724540+00:00,/games,1.3
401019500,2018,6,regular,2018-10-06T23:00:00.000Z,False,True,False,True,40856,3652,FBC Mortgage Stadium,2116,UCF,fbs,American Athletic,48,"[21, 6, 7, 14]",0.9995864636113551,1847,1860,2567,SMU,fbs,American Athletic,20,"[3, 7, 3, 7]",0.0004135363886449417,1287,1274,2.6453593648,https://www.youtube.com/watch?v=RFD4tSXJ6GE,,,CollegeFootballData.com API,2026-08-31T17:34:18.724540+00:00,/games,1.3
401021671,2018,6,regular,2018-10-06T23:00:00.000Z,False,True,False,True,17062,3644,Bobcat Stadium (TX),326,Texas State,fbs,Sun Belt,27,"[0, 0, 13, 14]",0.011086365461366727,1064,1040,309,Louisiana,fbs,Sun Belt,42,"[7, 21, 7, 7]",0.9889136345386332,1170,1194,2.6357510953,,,,CollegeFootballData.com API,2026-08-31T17:34:18.724540+00:00,/games,1.3
401015009,2018,6,regular,2018-10-06T23:00:00.000Z,False,True,False,True,18983,3776,Joe Aillet Stadium,2348,Louisiana Tech,fbs,Conference USA,7,"[7, 0, 0, 0]",0.005576060381803136,1519,1445,5,UAB,fbs,Conference USA,28,"[0, 7, 7, 14]",0.9944239396181969,1349,1423,5.30492015969999,https://www.youtube.com/watch?v=wpKakHYkYB0,,,CollegeFootballData.com API,2026-08-31T17:34:18.724540+00:00,/games,1.3
401019502,2018,6,regular,2018-10-06T23:00:00.000Z,False,True,False,True,27581,3805,Simmons Bank Liberty Stadium,235,Memphis,fbs,American Athletic,55,"[13, 28, 7, 7]",0.9998984457114068,1676,1709,41,UConn,fbs,American Athletic,14,"[7, 7, 0, 0]",0.00010155428859315307,980,947,0.210308089799999,https://www.youtube.com/watch?v=xAXI557z0yk,,,CollegeFootballData.com API,2026-08-31T17:34:18.724540+00:00,/games,1.3
401012306,2018,6,regular,2018-10-06T23:00:00.000Z,False,True,False,True,99829,3795,Kyle Field,245,Texas A&M,fbs,SEC,20,"[0, 7, 0, 7, 6]",0.997968565040066,1682,1687,96,Kentucky,fbs,SEC,14,"[7, 0, 0, 7, 0]",0.0020314349599339643,1628,1623,7.9761689007,https://www.youtube.com/watch?v=ljM47GX3Sww,,,CollegeFootballData.com API,2026-08-31T17:34:18.724540+00:00,/games,1.3
401012304,2018,6,regular,2018-10-06T23:30:00.000Z,False,True,False,True,60635,3693,Davis Wade Stadium,344,Mississippi State,fbs,SEC,23,"[3, 10, 3, 7]",0.974489287128763,1704,1746,2,Auburn,fbs,SEC,9,"[3, 0, 3, 3]",0.025510712871236962,1855,1813,3.84347438749999,https://www.youtube.com/watch?v=6INnUYuGUQ4,,,CollegeFootballData.com API,2026-08-31T17:34:18.724540+00:00,/games,1.3
401015011,2018,6,regular,2018-10-06T23:30:00.000Z,False,True,False,True,12809,3946,Sun Bowl,2638,UTEP,fbs,Conference USA,24,"[3, 7, 0, 14]",0.21968296283149708,1009,1035,249,North Texas,fbs,Conference USA,27,"[7, 3, 10, 7]",0.7803170371685029,1589,1563,3.79158879469999,https://www.youtube.com/watch?v=OceVHYGUrEI,,,CollegeFootballData.com API,2026-08-31T17:34:18.724540+00:00,/games,1.3
401013339,2018,6,regular,2018-10-06T23:30:00.000Z,False,True,False,True,80051,347,Camp Randall Stadium,275,Wisconsin,fbs,Big Ten,41,"[3, 17, 14, 7]",0.928931457848204,1879,1868,158,Nebraska,fbs,Big Ten,24,"[0, 3, 14, 7]",0.07106854215179603,1311,1322,1.37522568639999,https://www.youtube.com/watch?v=tPR6PEqMga0,,,CollegeFootballData.com API,2026-08-31T17:34:18.724540+00:00,/games,1.3
401012760,2018,6,regular,2018-10-06T23:30:00.000Z,False,True,False,True,51123,1056,Rose Bowl,26,UCLA,fbs,Pac-12,24,"[0, 7, 3, 14]",0.4244048823643847,1339,1363,264,Washington,fbs,Pac-12,31,"[7, 17, 0, 7]",0.5755951176356153,1869,1845,3.0569754952,https://www.youtube.com/watch?v=RHGo-TTU0y0,,,CollegeFootballData.com API,2026-08-31T17:34:18.724540+00:00,/games,1.3
401012302,2018,6,regular,2018-10-06T23:30:00.000Z,False,True,False,True,92746,3917,Sanford Stadium,61,Georgia,fbs,SEC,41,"[7, 14, 17, 3]",0.9999072486716665,1965,1988,238,Vanderbilt,fbs,SEC,13,"[3, 3, 0, 7]",9.275132833352906e-05,1505,1482,0.929134153199999,https://www.youtube.com/watch?v=ekPZ_oCztqQ,,,CollegeFootballData.com API,2026-08-31T17:34:18.724540+00:00,/games,1.3
401013441,2018,6,regular,2018-10-07T00:00:00.000Z,False,True,False,False,8337,3601,Aggie Memorial Stadium,166,New Mexico State,fbs,FBS Independents,49,"[7, 14, 14, 14]",0.983460872885296,1096,1126,2335,Liberty,fbs,FBS Independents,41,"[7, 7, 14, 13]",0.016539127114703955,1366,1336,7.30751893599999,,,,CollegeFootballData.com API,2026-08-31T17:34:18.724540+00:00,/games,1.3
401013143,2018,6,regular,2018-10-07T00:00:00.000Z,False,True,False,False,65632,3799,Lane Stadium,259,Virginia Tech,fbs,ACC,23,"[3, 13, 0, 7]",0.15323146924251282,1723,1678,87,Notre Dame,fbs,FBS Independents,45,"[10, 7, 14, 14]",0.8467685307574871,1825,1870,4.0259113255,https://www.youtube.com/watch?v=T-bJ9jmRE6c,,,CollegeFootballData.com API,2026-08-31T17:34:18.724540+00:00,/games,1.3
401012762,2018,6,regular,2018-10-07T01:00:00.000Z,False,True,False,True,34429,3893,Reser Stadium,204,Oregon State,fbs,Pac-12,37,"[14, 10, 6, 7]",0.03150722733969841,1132,1134,265,Washington State,fbs,Pac-12,56,"[14, 14, 7, 21]",0.9684927726603016,1631,1629,2.7807751416,,,,CollegeFootballData.com API,2026-08-31T17:34:18.724540+00:00,/games,1.3
401012759,2018,6,regular,2018-10-07T02:00:00.000Z,False,True,False,True,44253,3619,Arizona Stadium,12,Arizona,fbs,Pac-12,24,"[10, 0, 7, 7]",0.6024140978390105,1467,1480,25,California,fbs,Pac-12,17,"[0, 14, 0, 3]",0.39758590216098955,1521,1508,8.658854798,https://www.youtube.com/watch?v=6tD4YkXl4qo,,,CollegeFootballData.com API,2026-08-31T17:34:18.724540+00:00,/games,1.3
401022532,2018,6,regular,2018-10-07T02:30:00.000Z,False,True,False,True,15367,3816,Mackay Stadium,2440,Nevada,fbs,Mountain West,3,"[0, 3, 0, 0]",0.01544590858455839,1307,1294,278,Fresno State,fbs,Mountain West,21,"[0, 7, 7, 7]",0.9845540914154416,1616,1629,2.6420232907,https://www.youtube.com/watch?v=N6NUed4ipzw,,,CollegeFootballData.com API,2026-08-31T17:34:18.724540+00:00,/games,1.3
401012763,2018,6,regular,2018-10-07T02:30:00.000Z,False,True,False,True,37244,3940,Stanford Stadium,24,Stanford,fbs,Pac-12,21,"[0, 7, 14, 0]",0.07459642412414616,1758,1694,254,Utah,fbs,Pac-12,40,"[7, 17, 3, 13]",0.9254035758758539,1617,1681,3.8368796361,https://www.youtube.com/watch?v=tYg6jUiES6I,,,CollegeFootballData.com API,2026-08-31T17:34:18.724540+00:00,/games,1.3
401022529,2018,6,regular,2018-10-07T02:30:00.000Z,False,True,False,True,13802,3935,CEFCU Stadium,23,San José State,fbs,Mountain West,30,"[0, 0, 30, 0]",0.015246978354646834,1043,1041,36,Colorado State,fbs,Mountain West,42,"[14, 14, 0, 14]",0.9847530216453532,1317,1319,5.20054050329999,https://www.youtube.com/watch?v=KaFP6nkqaGA,,,CollegeFootballData.com API,2026-08-31T17:34:18.724540+00:00,/games,1.3
401022531,2018,6,regular,2018-10-07T03:59:00.000Z,False,True,False,True,23907,3610,Aloha Stadium,62,Hawai'i,fbs,Mountain West,17,"[0, 3, 7, 7]",0.7440540033563771,1345,1351,2751,Wyoming,fbs,Mountain West,13,"[3, 0, 7, 3]",0.25594599664362294,1439,1433,6.7932107002,https://www.youtube.com/watch?v=oDVFnR8UBZo,,,CollegeFootballData.com API,2026-08-31T17:34:18.724540+00:00,/games,1.3
401021672,2018,7,regular,2018-10-10T00:00:00.000Z,False,True,False,True,21421,3625,Centennial Bank Stadium,2032,Arkansas State,fbs,Sun Belt,9,"[3, 6, 0, 0]",0.010846600752402654,1482,1445,2026,App State,fbs,Sun Belt,35,"[0, 21, 7, 7]",0.9891533992475974,1765,1802,3.628051873,https://www.youtube.com/watch?v=ywIJOFB4mDc,,,CollegeFootballData.com API,2026-08-31T17:34:18.724540+00:00,/games,1.3
401013076,2018,7,regular,2018-10-11T23:30:00.000Z,False,True,False,True,44387,3616,Amon G. Carter Stadium,2628,TCU,fbs,Big 12,14,"[0, 7, 0, 7]",0.6594621946211772,1714,1704,2641,Texas Tech,fbs,Big 12,17,"[3, 0, 7, 7]",0.34053780537882283,1622,1632,9.802518695,https://www.youtube.com/watch?v=zzRdv_pwusI,,,CollegeFootballData.com API,2026-08-31T17:34:18.724540+00:00,/games,1.3
401021673,2018,7,regular,2018-10-11T23:30:00.000Z,False,True,False,True,9545,3644,Bobcat Stadium (TX),326,Texas State,fbs,Sun Belt,13,"[0, 0, 7, 6]",0.7298203817739425,1040,1058,290,Georgia Southern,fbs,Sun Belt,15,"[0, 10, 5, 0]",0.2701796182260575,1462,1444,3.2794052513,,,,CollegeFootballData.com API,2026-08-31T17:34:18.724540+00:00,/games,1.3
401019505,2018,7,regular,2018-10-12T23:00:00.000Z,False,True,False,True,16142,3674,Chapman Stadium,202,Tulsa,fbs,American Athletic,24,"[7, 3, 14, 0]",0.321001276196458,1391,1401,58,South Florida,fbs,American Athletic,25,"[3, 0, 7, 15]",0.678998723803542,1638,1628,8.4184258652,https://www.youtube.com/watch?v=feDBnLNPisQ,,,CollegeFootballData.com API,2026-08-31T17:34:18.724540+00:00,/games,1.3
401022533,2018,7,regular,2018-10-13T01:00:00.000Z,False,True,False,True,25326,3932,Qualcomm Stadium,21,San Diego State,fbs,Mountain West,21,"[7, 7, 0, 7]",0.5692246946481205,1593,1594,2005,Air Force,fbs,Mountain West,17,"[2, 7, 0, 8]",0.43077530535187947,1512,1511,5.2243016353,https://www.youtube.com/watch?v=2-0pKBhYGDE,,,CollegeFootballData.com API,2026-08-31T17:34:18.724540+00:00,/games,1.3
401012764,2018,7,regular,2018-10-13T02:00:00.000Z,False,True,False,True,45862,587,Rice-Eccles Stadium,254,Utah,fbs,Pac-12,42,"[14, 14, 7, 7]",0.9999749680477652,1681,1743,12,Arizona,fbs,Pac-12,10,"[0, 0, 3, 7]",2.5031952234799704e-05,1480,1418,0.6630534464,https://www.youtube.com/watch?v=H88yow-Uz2E,,,CollegeFootballData.com API,2026-08-31T17:34:18.724540+00:00,/games,1.3
401013331,2018,7,regular,2018-10-13T16:00:00.000Z,False,True,False,True,100042,3861,Ohio Stadium,194,Ohio State,fbs,Big Ten,30,"[10, 7, 3, 10]",0.9260231071756091,2070,2057,135,Minnesota,fbs,Big Ten,14,"[7, 7, 0, 0]",0.0739768928243909,1490,1503,1.7288789398,https://www.youtube.com/watch?v=u3I9zS1452g,,,CollegeFootballData.com API,2026-08-31T17:34:18.724540+00:00,/games,1.3
401013061,2018,7,regular,2018-10-13T16:00:00.000Z,False,True,False,True,50245,3636,Bill Snyder Family Stadium,2306,Kansas State,fbs,Big 12,31,"[0, 3, 14, 14]",0.9982272306179882,1535,1603,197,Oklahoma State,fbs,Big 12,12,"[3, 3, 0, 6]",0.001772769382011763,1760,1692,6.0368025825,https://www.youtube.com/watch?v=jmkWAbKsTTk,,,CollegeFootballData.com API,2026-08-31T17:34:18.724540+00:00,/games,1.3
401020759,2018,7,regular,2018-10-13T16:00:00.000Z,False,True,False,True,17998,3912,Rynearson Stadium,2199,Eastern Michigan,fbs,Mid-American,28,"[21, 7, 0, 0]",0.9709744850719839,1423,1424,2649,Toledo,fbs,Mid-American,26,"[3, 0, 3, 20]",0.029025514928016083,1480,1479,3.4057041962,,,,CollegeFootballData.com API,2026-08-31T17:34:18.724540+00:00,/games,1.3
401012825,2018,7,regular,2018-10-13T16:00:00.000Z,False,True,False,True,32995,3665,SECU Stadium,120,Maryland,fbs,Big Ten,34,"[10, 14, 10, 0]",0.9999312965103822,1466,1491,164,Rutgers,fbs,Big Ten,7,"[0, 0, 0, 7]",6.870348961784956e-05,1061,1036,0.5387156133,https://www.youtube.com/watch?v=RnLR36pnou0,,,CollegeFootballData.com API,2026-08-31T17:34:18.724540+00:00,/games,1.3
401020756,2018,7,regular,2018-10-13T16:00:00.000Z,False,True,False,True,19506,3965,UB Stadium,2084,Buffalo,fbs,Mid-American,24,"[7, 3, 7, 7]",0.9992038786133096,1402,1428,2006,Akron,fbs,Mid-American,6,"[3, 3, 0, 0]",0.0007961213866903849,1251,1225,5.4635741083,,,,CollegeFootballData.com API,2026-08-31T17:34:18.724540+00:00,/games,1.3
401012312,2018,7,regular,2018-10-13T16:00:00.000Z,False,True,False,True,31118,3973,FirstBank Stadium,238,Vanderbilt,fbs,SEC,27,"[7, 14, 0, 6]",0.024734390189038693,1482,1479,57,Florida,fbs,SEC,37,"[0, 13, 7, 17]",0.9752656098109613,1688,1691,7.2398138039,https://www.youtube.com/watch?v=W4y0UiKGKT4,,,CollegeFootballData.com API,2026-08-31T17:34:18.724540+00:00,/games,1.3
401012856,2018,7,regular,2018-10-13T16:00:00.000Z,False,True,False,True,40512,3830,"Memorial Stadium (Bloomington, IN)",84,Indiana,fbs,Big Ten,16,"[3, 7, 6, 0]",0.036615299438039296,1531,1489,2294,Iowa,fbs,Big Ten,42,"[14, 7, 14, 7]",0.9633847005619607,1766,1808,3.0719745628,https://www.youtube.com/watch?v=xeytJ3nDU2U,,,CollegeFootballData.com API,2026-08-31T17:34:18.724540+00:00,/games,1.3
401013340,2018,7,regular,2018-10-13T16:00:00.000Z,False,True,False,True,47330,3911,Ryan Field,77,Northwestern,fbs,Big Ten,34,"[0, 14, 0, 17, 3]",0.44827765686052296,1648,1645,158,Nebraska,fbs,Big Ten,31,"[7, 6, 7, 11, 0]",0.5517223431394771,1322,1325,8.18252013329999,https://www.youtube.com/watch?v=t501p8KVRvE,,,CollegeFootballData.com API,2026-08-31T17:34:18.724540+00:00,/games,1.3
401012309,2018,7,regular,2018-10-13T16:00:00.000Z,False,True,False,True,84589,3785,Jordan-Hare Stadium,2,Auburn,fbs,SEC,24,"[10, 7, 0, 7]",0.5544032346624783,1813,1762,2633,Tennessee,fbs,SEC,30,"[3, 10, 14, 3]",0.4455967653375217,1343,1394,5.43202310779999,https://www.youtube.com/watch?v=A78kjpblBfE,,,CollegeFootballData.com API,2026-08-31T17:34:18.724540+00:00,/games,1.3
401013145,2018,7,regular,2018-10-13T16:20:00.000Z,False,True,False,True,41709,721,Bobby Dodd Stadium,59,Georgia Tech,fbs,ACC,14,"[0, 7, 0, 7]",0.0254984985715849,1684,1648,150,Duke,fbs,ACC,28,"[7, 0, 21, 0]",0.9745015014284151,1640,1676,5.773485186,https://www.youtube.com/watch?v=fl9bp_7vrH4,,,CollegeFootballData.com API,2026-08-31T17:34:18.724540+00:00,/games,1.3
401013144,2018,7,regular,2018-10-13T16:30:00.000Z,False,True,False,True,31478,3615,"Alumni Stadium (Chestnut Hill, MA)",103,Boston College,fbs,ACC,38,"[14, 10, 0, 14]",0.9899379933867205,1642,1663,97,Louisville,fbs,ACC,20,"[13, 7, 0, 0]",0.010062006613279495,1440,1419,4.2367518017,https://www.youtube.com/watch?v=Gumm7csAkko,,,CollegeFootballData.com API,2026-08-31T17:34:18.724540+00:00,/games,1.3
401015018,2018,7,regular,2018-10-13T17:00:00.000Z,False,True,False,True,18916,3895,Rice Stadium,242,Rice,fbs,Conference USA,0,"[0, 0, 0, 0]",0.003532454382605956,1066,988,5,UAB,fbs,Conference USA,42,"[14, 14, 14, 0]",0.996467545617394,1423,1501,0.5576414732,https://www.youtube.com/watch?v=Sm1zsnlIIPQ,,,CollegeFootballData.com API,2026-08-31T17:34:18.724540+00:00,/games,1.3
401013452,2018,7,regular,2018-10-13T18:00:00.000Z,False,True,False,False,17389,3992,Williams Stadium (VA),2335,Liberty,fbs,FBS Independents,22,"[0, 14, 0, 8]",0.5483899675354477,1336,1354,2653,Troy,fbs,Sun Belt,16,"[7, 3, 3, 3]",0.45161003246455234,1548,1530,8.1162251011,https://www.youtube.com/watch?v=tC5LVoZMze4,,,CollegeFootballData.com API,2026-08-31T17:34:18.724540+00:00,/games,1.3
401015017,2018,7,regular,2018-10-13T18:00:00.000Z,False,True,False,True,18252,3825,DATCU Stadium,249,North Texas,fbs,Conference USA,30,"[0, 10, 6, 14]",0.9979436730481918,1563,1606,2572,Southern Miss,fbs,Conference USA,7,"[0, 7, 0, 0]",0.0020563269518082405,1439,1396,5.7634081911,https://www.youtube.com/watch?v=D2-1rT8qr_Y,,,CollegeFootballData.com API,2026-08-31T17:34:18.724540+00:00,/games,1.3
401013148,2018,7,regular,2018-10-13T18:30:00.000Z,False,True,False,False,77622,3855,Notre Dame Stadium,87,Notre Dame,fbs,FBS Independents,19,"[0, 6, 6, 7]",0.9661277906146866,1870,1859,221,Pittsburgh,fbs,ACC,14,"[7, 0, 7, 0]",0.033872209385313434,1446,1457,7.2536238281,https://www.youtube.com/watch?v=Aij-ogHy23U,,,CollegeFootballData.com API,2026-08-31T17:34:18.724540+00:00,/games,1.3
401020810,2018,7,regular,2018-10-13T18:30:00.000Z,False,True,False,True,5003,3996,Yager Stadium,193,Miami (OH),fbs,Mid-American,31,"[0, 21, 10, 0]",0.9999469089612476,1379,1404,2309,Kent State,fbs,Mid-American,6,"[0, 0, 0, 6]",5.309103875239529e-05,1022,997,2.1074380642,,,,CollegeFootballData.com API,2026-08-31T17:34:18.724540+00:00,/games,1.3
401020760,2018,7,regular,2018-10-13T19:00:00.000Z,False,True,False,True,18551,3700,Doyt L. Perry Stadium,189,Bowling Green,fbs,Mid-American,35,"[7, 14, 7, 7]",0.07204218139654442,1041,1055,2711,Western Michigan,fbs,Mid-American,42,"[0, 7, 21, 14]",0.9279578186034556,1417,1403,9.3501526266,,,,CollegeFootballData.com API,2026-08-31T17:34:18.724540+00:00,/games,1.3
401020757,2018,7,regular,2018-10-13T19:00:00.000Z,False,True,False,True,10255,3786,Kelly/Shorts Stadium,2117,Central Michigan,fbs,Mid-American,23,"[3, 17, 0, 3]",0.19053293525827958,1290,1282,2050,Ball State,fbs,Mid-American,24,"[0, 7, 0, 17]",0.8094670647417204,1160,1168,7.24088621099999,,,,CollegeFootballData.com API,2026-08-31T17:34:18.724540+00:00,/games,1.3
401012310,2018,7,regular,2018-10-13T19:30:00.000Z,False,True,False,True,102321,3958,Tiger Stadium (LA),99,LSU,fbs,SEC,36,"[3, 13, 3, 17]",0.9958631558157164,1811,1877,61,Georgia,fbs,SEC,16,"[0, 0, 9, 7]",0.004136844184283617,1988,1922,4.3667907904,https://www.youtube.com/watch?v=8MlAI5DuaY0,,,CollegeFootballData.com API,2026-08-31T17:34:18.724540+00:00,/games,1.3
401019506,2018,7,regular,2018-10-13T19:30:00.000Z,False,True,False,True,38831,3805,Simmons Bank Liberty Stadium,235,Memphis,fbs,American Athletic,30,"[17, 13, 0, 0]",0.9835744545024594,1709,1715,2116,UCF,fbs,American Athletic,31,"[7, 10, 7, 7]",0.016425545497540606,1860,1854,8.55862922269999,https://www.youtube.com/watch?v=wRwS2jrPmO4,,,CollegeFootballData.com API,2026-08-31T17:34:18.724540+00:00,/games,1.3
401019508,2018,7,regular,2018-10-13T19:30:00.000Z,False,True,False,True,30106,3852,Navy-Marine Corps Memorial Stadium,2426,Navy,fbs,American Athletic,17,"[0, 10, 7, 0]",0.10317536988067058,1460,1461,218,Temple,fbs,American Athletic,24,"[0, 7, 10, 7]",0.8968246301193294,1651,1650,5.64959443469999,https://www.youtube.com/watch?v=iNAlyFy8nDU,,,CollegeFootballData.com API,2026-08-31T17:34:18.724540+00:00,/games,1.3
401012766,2018,7,regular,2018-10-13T19:30:00.000Z,False,True,False,True,58691,3626,Autzen Stadium,2483,Oregon,fbs,Pac-12,30,"[10, 7, 7, 0, 6]",0.32737484675173484,1678,1681,264,Washington,fbs,Pac-12,27,"[10, 7, 7, 0, 3]",0.6726251532482652,1845,1842,9.4859959482,https://www.youtube.com/watch?v=pepmwYm5H18,,,CollegeFootballData.com API,2026-08-31T17:34:18.724540+00:00,/games,1.3
401013370,2018,7,regular,2018-10-13T19:30:00.000Z,False,True,True,False,15627,4738,Levi's Stadium,23,San José State,fbs,Mountain West,3,"[3, 0, 0, 0]",0.0036361807521906077,1041,978,349,Army,fbs,FBS Independents,52,"[0, 14, 24, 14]",0.9963638192478094,1629,1692,2.2159399162,https://www.youtube.com/watch?v=q3_V-NR-R2g,,,CollegeFootballData.com API,2026-08-31T17:34:18.724540+00:00,/games,1.3
401012809,2018,7,regular,2018-10-13T19:30:00.000Z,False,True,False,True,41966,3832,"Memorial Stadium (Champaign, IL)",356,Illinois,fbs,Big Ten,7,"[7, 0, 0, 0]",0.00365543415807315,1327,1249,2509,Purdue,fbs,Big Ten,46,"[14, 15, 7, 10]",0.9963445658419269,1608,1686,2.3374350176,https://www.youtube.com/watch?v=udCYAKMHdhc,,,CollegeFootballData.com API,2026-08-31T17:34:18.724540+00:00,/games,1.3
401013032,2018,7,regular,2018-10-13T19:30:00.000Z,False,True,False,True,93882,3910,DKR-Texas Memorial Stadium,251,Texas,fbs,Big 12,23,"[3, 20, 0, 0]",0.6609488847057398,1737,1731,239,Baylor,fbs,Big 12,17,"[7, 3, 7, 0]",0.33905111529426024,1457,1463,4.662704152,https://www.youtube.com/watch?v=bM6qOqekj24,,,CollegeFootballData.com API,2026-08-31T17:34:18.724540+00:00,/games,1.3
401012311,2018,7,regular,2018-10-13T19:30:00.000Z,False,True,False,True,76871,3994,Williams-Brice Stadium,2579,South Carolina,fbs,SEC,23,"[0, 0, 16, 7]",0.07529578641213923,1621,1620,245,Texas A&M,fbs,SEC,26,"[3, 10, 3, 10]",0.9247042135878608,1687,1688,5.55712315439999,https://www.youtube.com/watch?v=bSoqzslaJ1U,,,CollegeFootballData.com API,2026-08-31T17:34:18.724540+00:00,/games,1.3
401015016,2018,7,regular,2018-10-13T19:30:00.000Z,False,True,False,True,20118,3918,S.B. Ballard Stadium,295,Old Dominion,fbs,Conference USA,20,"[0, 3, 7, 10]",0.08107182948832975,1227,1192,276,Marshall,fbs,Conference USA,42,"[0, 14, 7, 21]",0.9189281705116703,1427,1462,4.351997614,https://www.youtube.com/watch?v=kKgzV7tfxZc,,,CollegeFootballData.com API,2026-08-31T17:34:18.724540+00:00,/games,1.3
401012883,2018,7,regular,2018-10-13T19:30:00.000Z,False,True,False,True,106685,3632,Beaver Stadium,213,Penn State,fbs,Big Ten,17,"[7, 7, 0, 3]",0.2636994678044511,2074,2034,127,Michigan State,fbs,Big Ten,21,"[0, 7, 7, 7]",0.7363005321955489,1623,1663,7.1749069096,https://www.youtube.com/watch?v=P9kCiEF-v38,,,CollegeFootballData.com API,2026-08-31T17:34:18.724540+00:00,/games,1.3
401015013,2018,7,regular,2018-10-13T19:30:00.000Z,False,True,False,True,11610,4418,Jerry Richardson Stadium,2429,Charlotte,fbs,Conference USA,40,"[6, 3, 21, 10]",0.9987497127430056,1042,1154,98,Western Kentucky,fbs,Conference USA,14,"[7, 0, 0, 7]",0.0012502872569943868,1394,1282,3.5674772413,https://www.youtube.com/watch?v=PMXFLraCJrI,,,CollegeFootballData.com API,2026-08-31T17:34:18.724540+00:00,/games,1.3
401020758,2018,7,regular,2018-10-13T19:30:00.000Z,False,True,False,True,12138,3764,Huskie Stadium,2459,Northern Illinois,fbs,Mid-American,24,"[3, 6, 0, 15]",0.9736070480378103,1426,1428,195,Ohio,fbs,Mid-American,21,"[0, 7, 14, 0]",0.026392951962189715,1530,1528,7.3290538482,,,,CollegeFootballData.com API,2026-08-31T17:34:18.724540+00:00,/games,1.3
401022535,2018,7,regular,2018-10-13T20:00:00.000Z,False,True,False,True,36514,5388,Canvas Stadium,36,Colorado State,fbs,Mountain West,20,"[7, 7, 3, 3]",0.2504578590500571,1319,1321,167,New Mexico,fbs,Mountain West,18,"[0, 3, 8, 7]",0.749542140949943,1392,1390,7.6898462622,https://www.youtube.com/watch?v=TQ2gzXWLUmA,,,CollegeFootballData.com API,2026-08-31T17:34:18.724540+00:00,/games,1.3
401022536,2018,7,regular,2018-10-13T20:00:00.000Z,False,True,False,True,21212,3905,Maverik Stadium,328,Utah State,fbs,Mountain West,59,"[14, 28, 7, 10]",0.999240352995124,1635,1674,2439,UNLV,fbs,Mountain West,28,"[7, 0, 7, 14]",0.0007596470048759629,1254,1215,0.776032968899999,https://www.youtube.com/watch?v=GQ2oCIjtaZM,,,CollegeFootballData.com API,2026-08-31T17:34:18.724540+00:00,/games,1.3
401013442,2018,7,regular,2018-10-13T21:00:00.000Z,False,True,False,False,18131,3666,Cajun Field,309,Louisiana,fbs,Sun Belt,66,"[28, 17, 7, 14]",0.9983063510069449,1194,1259,166,New Mexico State,fbs,FBS Independents,38,"[14, 7, 10, 7]",0.0016936489930551302,1126,1061,2.58899975529999,,,,CollegeFootballData.com API,2026-08-31T17:34:18.724540+00:00,/games,1.3
401021675,2018,7,regular,2018-10-13T21:00:00.000Z,False,True,False,False,16231,3797,Ladd Peebles Stadium,6,South Alabama,fbs,Sun Belt,45,"[7, 21, 10, 7]",0.999,,,2011,Alabama State,fcs,SWAC,7,"[0, 7, 0, 0]",0.001,,,,,,,CollegeFootballData.com API,2026-08-31T17:34:18.724540+00:00,/games,1.3
401021674,2018,7,regular,2018-10-13T22:00:00.000Z,False,True,False,True,11506,3654,Brooks Stadium (SC),324,Coastal Carolina,fbs,Sun Belt,20,"[3, 10, 7, 0]",0.0057180788430275225,1277,1178,2433,UL Monroe,fbs,Sun Belt,45,"[14, 10, 7, 14]",0.9942819211569724,1037,1136,4.8840869444,,,,CollegeFootballData.com API,2026-08-31T17:34:18.724540+00:00,/games,1.3
401019507,2018,7,regular,2018-10-13T23:00:00.000Z,False,True,False,True,29851,3699,Dowdy-Ficklen Stadium,151,East Carolina,fbs,American Athletic,20,"[0, 3, 3, 14]",0.04131707762840113,1237,1220,248,Houston,fbs,American Athletic,42,"[14, 7, 7, 14]",0.9586829223715989,1609,1626,1.99979919909999,https://www.youtube.com/watch?v=BiveVBRuAWw,,,CollegeFootballData.com API,2026-08-31T17:34:18.724540+00:00,/games,1.3
401015015,2018,7,regular,2018-10-13T23:00:00.000Z,False,True,False,True,20057,3604,Alamodome,2636,UTSA,fbs,Conference USA,3,"[0, 0, 3, 0]",0.0229649192793391,1278,1222,2348,Louisiana Tech,fbs,Conference USA,31,"[7, 10, 7, 7]",0.9770350807206609,1445,1501,1.9829761615,https://www.youtube.com/watch?v=mGzhIyqJ4F4,,,CollegeFootballData.com API,2026-08-31T17:34:18.724540+00:00,/games,1.3
401013043,2018,7,regular,2018-10-13T23:00:00.000Z,False,True,False,True,56629,3772,Jack Trice Stadium,66,Iowa State,fbs,Big 12,30,"[13, 7, 0, 10]",0.999187851983968,1666,1704,277,West Virginia,fbs,Big 12,14,"[7, 7, 0, 0]",0.0008121480160320216,1702,1664,4.98691217579999,https://www.youtube.com/watch?v=Rxx4Srr8Mdc,,,CollegeFootballData.com API,2026-08-31T17:34:18.724540+00:00,/games,1.3
401012307,2018,7,regular,2018-10-13T23:00:00.000Z,False,True,False,True,101821,3657,Bryant-Denny Stadium,333,Alabama,fbs,SEC,39,"[13, 17, 2, 7]",0.9998791971534191,2231,2245,142,Missouri,fbs,SEC,10,"[10, 0, 0, 0]",0.00012080284658089191,1661,1647,0.253437744499999,https://www.youtube.com/watch?v=GaP68sfH6FE,,,CollegeFootballData.com API,2026-08-31T17:34:18.724540+00:00,/games,1.3
401012767,2018,7,regular,2018-10-13T23:00:00.000Z,False,True,False,True,45889,3831,California Memorial Stadium,25,California,fbs,Pac-12,7,"[0, 0, 7, 0]",0.006989616546530182,1508,1430,26,UCLA,fbs,Pac-12,37,"[7, 6, 7, 10]",0.9930103834534698,1363,1441,3.6164751524,https://www.youtube.com/watch?v=XiDkPmVTIMI,,,CollegeFootballData.com API,2026-08-31T17:34:18.724540+00:00,/games,1.3
401013146,2018,7,regular,2018-10-13T23:00:00.000Z,False,True,False,True,42393,3923,Scott Stadium,258,Virginia,fbs,ACC,16,"[0, 13, 0, 3]",0.31688052737389705,1499,1504,2390,Miami,fbs,ACC,13,"[0, 6, 0, 7]",0.683119472626103,1778,1773,6.2008402646,https://www.youtube.com/watch?v=kldESmvCV3I,,,CollegeFootballData.com API,2026-08-31T17:34:18.724540+00:00,/games,1.3
401013147,2018,7,regular,2018-10-13T23:00:00.000Z,False,True,False,True,50500,3787,Kenan Stadium,153,North Carolina,fbs,ACC,19,"[6, 3, 7, 3]",0.916259393128342,1320,1336,259,Virginia Tech,fbs,ACC,22,"[7, 0, 7, 8]",0.08374060687165796,1678,1662,9.5894782543,https://www.youtube.com/watch?v=_-m9hptJpQo,,,CollegeFootballData.com API,2026-08-31T17:34:18.724540+00:00,/games,1.3
401015014,2018,7,regular,2018-10-13T23:30:00.000Z,False,True,False,True,16002,218,FIU Stadium,2229,Florida International,fbs,Conference USA,24,"[3, 10, 0, 11]",0.970910641398792,1462,1461,2393,Middle Tennessee,fbs,Conference USA,21,"[0, 14, 7, 0]",0.029089358601207982,1339,1340,7.87896953559999,https://www.youtube.com/watch?v=ZiDoOiC3VRs,,,CollegeFootballData.com API,2026-08-31T17:34:18.724540+00:00,/games,1.3
401012893,2018,7,regular,2018-10-13T23:30:00.000Z,False,True,False,True,111360,3558,Michigan Stadium,130,Michigan,fbs,Big Ten,38,"[0, 13, 8, 17]",0.997157843195133,1892,1952,275,Wisconsin,fbs,Big Ten,13,"[0, 7, 0, 6]",0.002842156804866991,1868,1808,2.47517378049999,https://www.youtube.com/watch?v=mbskFTdOFNA,,,CollegeFootballData.com API,2026-08-31T17:34:18.724540+00:00,/games,1.3
401012308,2018,7,regular,2018-10-13T23:30:00.000Z,False,True,False,True,51438,3983,War Memorial Stadium (AR),8,Arkansas,fbs,SEC,33,"[17, 10, 6, 0]",0.15773051972862817,1349,1356,145,Ole Miss,fbs,SEC,37,"[3, 14, 7, 13]",0.8422694802713718,1556,1549,6.6819462776,https://www.youtube.com/watch?v=sbBgp_skiYk,,,CollegeFootballData.com API,2026-08-31T17:34:18.724540+00:00,/games,1.3
401016408,2018,7,regular,2018-10-14T02:15:00.000Z,False,True,False,False,52354,3801,LaVell Edwards Stadium,252,BYU,fbs,FBS Independents,49,"[14, 14, 7, 14]",0.9978157683814658,1376,1440,62,Hawai'i,fbs,Mountain West,23,"[0, 3, 14, 6]",0.0021842316185342048,1351,1287,1.08305180749999,,,,CollegeFootballData.com API,2026-08-31T17:34:18.724540+00:00,/games,1.3
401022534,2018,7,regular,2018-10-14T02:30:00.000Z,False,True,False,True,21431,3816,Mackay Stadium,2440,Nevada,fbs,Mountain West,27,"[10, 7, 10, 0]",0.3668614530884356,1294,1316,68,Boise State,fbs,Mountain West,31,"[7, 10, 14, 0]",0.6331385469115645,1767,1745,5.7103392925,https://www.youtube.com/watch?v=I0svtiiw75M,,,CollegeFootballData.com API,2026-08-31T17:34:18.724540+00:00,/games,1.3
401012765,2018,7,regular,2018-10-14T02:30:00.000Z,False,True,False,True,57615,477,Los Angeles Memorial Coliseum,30,USC,fbs,Pac-12,31,"[0, 21, 7, 3]",0.9890938296297245,1637,1655,38,Colorado,fbs,Pac-12,20,"[0, 7, 0, 13]",0.010906170370275525,1615,1597,4.21240427989999,https://www.youtube.com/watch?v=DAV2sWfiZN4,,,CollegeFootballData.com API,2026-08-31T17:34:18.724540+00:00,/games,1.3
401022537,2018,7,regular,2018-10-14T02:30:00.000Z,False,True,False,True,28501,3660,Valley Children's Stadium,278,Fresno State,fbs,Mountain West,27,"[6, 7, 14, 0]",0.9999008974942984,1629,1667,2751,Wyoming,fbs,Mountain West,3,"[3, 0, 0, 0]",9.910250570155377e-05,1433,1395,1.69753467349999,https://www.youtube.com/watch?v=PqM1Hx7SM8c,,,CollegeFootballData.com API,2026-08-31T17:34:18.724540+00:00,/games,1.3
401021676,2018,8,regular,2018-10-18T23:30:00.000Z,False,True,False,True,18176,3625,Centennial Bank Stadium,2032,Arkansas State,fbs,Sun Belt,51,"[20, 14, 7, 10]",0.9990586557660321,1445,1463,2247,Georgia State,fbs,Sun Belt,35,"[7, 0, 14, 14]",0.0009413442339678557,1269,1251,1.25949326709999,https://www.youtube.com/watch?v=_B-Uduzg6gU,,,CollegeFootballData.com API,2026-08-31T17:34:18.724540+00:00,/games,1.3
401012768,2018,8,regular,2018-10-19T01:00:00.000Z,False,True,False,True,42946,3947,Mountain America Stadium,9,Arizona State,fbs,Pac-12,13,"[3, 0, 3, 7]",0.3435551822900412,1616,1609,24,Stanford,fbs,Pac-12,20,"[0, 6, 14, 0]",0.6564448177099589,1694,1701,5.64151556399999,https://www.youtube.com/watch?v=6SfMS6ByW44,,,CollegeFootballData.com API,2026-08-31T17:34:18.724540+00:00,/games,1.3
401022538,2018,8,regular,2018-10-20T01:00:00.000Z,False,True,False,True,32299,3653,Albertsons Stadium,68,Boise State,fbs,Mountain West,56,"[21, 14, 7, 14]",0.9985460684832119,1745,1771,36,Colorado State,fbs,Mountain West,28,"[0, 7, 7, 14]",0.0014539315167880762,1321,1295,0.362656031999999,https://www.youtube.com/watch?v=_Pvq6l0LFF8,,,CollegeFootballData.com API,2026-08-31T17:34:18.724540+00:00,/games,1.3
401022539,2018,8,regular,2018-10-20T02:00:00.000Z,False,True,False,True,17881,3914,Sam Boyd Stadium,2439,UNLV,fbs,Mountain West,35,"[7, 14, 7, 7]",0.015825091500438555,1215,1225,2005,Air Force,fbs,Mountain West,41,"[3, 17, 21, 0]",0.9841749084995615,1511,1501,5.0791155769,https://www.youtube.com/watch?v=YfJTJ71WcKE,,,CollegeFootballData.com API,2026-08-31T17:34:18.724540+00:00,/games,1.3
401012316,2018,8,regular,2018-10-20T16:00:00.000Z,False,True,False,True,56885,3974,Vaught-Hemingway Stadium,145,Ole Miss,fbs,SEC,16,"[3, 3, 3, 7]",0.24468306626325603,1549,1535,2,Auburn,fbs,SEC,31,"[7, 3, 21, 0]",0.755316933736744,1762,1776,3.7824077271,https://www.youtube.com/watch?v=D_FSl0JuzE8,,,CollegeFootballData.com API,2026-08-31T17:34:18.724540+00:00,/games,1.3
401019510,2018,8,regular,2018-10-20T16:00:00.000Z,False,True,False,True,33026,3806,Lincoln Financial Field,218,Temple,fbs,American Athletic,24,"[10, 0, 0, 7, 7]",0.7666575678707426,1650,1651,2132,Cincinnati,fbs,American Athletic,17,"[7, 3, 7, 0, 0]",0.23334243212925743,1501,1500,8.5352290713,https://www.youtube.com/watch?v=D52ctQravE4,,,CollegeFootballData.com API,2026-08-31T17:34:18.724540+00:00,/games,1.3
401012884,2018,8,regular,2018-10-20T16:00:00.000Z,False,True,False,True,76131,3936,Spartan Stadium,127,Michigan State,fbs,Big Ten,7,"[0, 0, 7, 0]",0.007963792375884687,1663,1658,130,Michigan,fbs,Big Ten,21,"[0, 7, 7, 7]",0.9920362076241153,1952,1957,4.9480972354,https://www.youtube.com/watch?v=GZzaDc7RgEc,,,CollegeFootballData.com API,2026-08-31T17:34:18.724540+00:00,/games,1.3
401013068,2018,8,regular,2018-10-20T16:00:00.000Z,False,True,False,True,45055,3616,Amon G. Carter Stadium,2628,TCU,fbs,Big 12,27,"[7, 17, 3, 0]",0.0037649075476974174,1704,1671,201,Oklahoma,fbs,Big 12,52,"[14, 14, 10, 14]",0.9962350924523026,1999,2032,3.1517150663,https://www.youtube.com/watch?v=t7EXBP99AJQ,,,CollegeFootballData.com API,2026-08-31T17:34:18.724540+00:00,/games,1.3
401012313,2018,8,regular,2018-10-20T16:00:00.000Z,False,True,False,False,56691,3887,Razorback Stadium,8,Arkansas,fbs,SEC,23,"[0, 10, 10, 3]",0.9990879130024667,1356,1418,202,Tulsa,fbs,American Athletic,0,"[0, 0, 0, 0]",0.0009120869975333123,1401,1339,3.61049480499999,https://www.youtube.com/watch?v=Glv-cK2SNe8,,,CollegeFootballData.com API,2026-08-31T17:34:18.724540+00:00,/games,1.3
401012867,2018,8,regular,2018-10-20T16:00:00.000Z,False,True,False,True,69250,3793,Kinnick Stadium,2294,Iowa,fbs,Big Ten,23,"[3, 10, 10, 0]",0.9917022346716647,1808,1831,120,Maryland,fbs,Big Ten,0,"[0, 0, 0, 0]",0.00829776532833526,1491,1468,1.9420364253,https://www.youtube.com/watch?v=axtak3Dg5sg,,,CollegeFootballData.com API,2026-08-31T17:34:18.724540+00:00,/games,1.3
401013371,2018,8,regular,2018-10-20T16:00:00.000Z,False,True,False,False,38016,3841,Michie Stadium,349,Army,fbs,FBS Independents,31,"[7, 7, 7, 0, 3, 7]",0.18693616059702026,1692,1684,193,Miami (OH),fbs,Mid-American,30,"[0, 7, 0, 14, 3, 6]",0.8130638394029798,1404,1412,6.3071578189,https://www.youtube.com/watch?v=GWOn8gCmxzI,,,CollegeFootballData.com API,2026-08-31T17:34:18.724540+00:00,/games,1.3
401012846,2018,8,regular,2018-10-20T16:00:00.000Z,False,True,False,True,32514,3754,High Point Solutions Stadium,164,Rutgers,fbs,Big Ten,15,"[0, 12, 3, 0]",0.023408527121441435,1036,1064,77,Northwestern,fbs,Big Ten,18,"[7, 0, 3, 8]",0.9765914728785585,1645,1617,6.7457584737,https://www.youtube.com/watch?v=pr1DdqBAVqk,,,CollegeFootballData.com API,2026-08-31T17:34:18.724540+00:00,/games,1.3
401012810,2018,8,regular,2018-10-20T16:00:00.000Z,False,True,False,True,79736,347,Camp Randall Stadium,275,Wisconsin,fbs,Big Ten,49,"[14, 14, 14, 7]",0.9988392821051963,1808,1823,356,Illinois,fbs,Big Ten,20,"[0, 10, 7, 3]",0.0011607178948036534,1249,1234,0.5087955477,https://www.youtube.com/watch?v=TQmT46RjPew,,,CollegeFootballData.com API,2026-08-31T17:34:18.724540+00:00,/games,1.3
401020763,2018,8,regular,2018-10-20T16:00:00.000Z,False,True,False,True,18114,3739,Glass Bowl,2649,Toledo,fbs,Mid-American,17,"[7, 10, 0, 0]",0.029632284492907387,1479,1442,2084,Buffalo,fbs,Mid-American,31,"[0, 7, 10, 14]",0.9703677155070927,1428,1465,6.77240794269999,,,,CollegeFootballData.com API,2026-08-31T17:34:18.724540+00:00,/games,1.3
401013152,2018,8,regular,2018-10-20T16:20:00.000Z,False,True,False,True,35210,1964,JMA Wireless Dome,183,Syracuse,fbs,ACC,40,"[0, 13, 7, 7, 13]",0.8497142702257826,1505,1504,153,North Carolina,fbs,ACC,37,"[7, 0, 17, 3, 10]",0.1502857297742174,1336,1337,10.2853961526999,https://www.youtube.com/watch?v=eJPABEXXHs8,,,CollegeFootballData.com API,2026-08-31T17:34:18.724540+00:00,/games,1.3
401013150,2018,8,regular,2018-10-20T16:30:00.000Z,False,True,False,True,20277,3982,Wallace Wade Stadium,150,Duke,fbs,ACC,14,"[0, 0, 7, 7]",0.009895405413543243,1676,1626,258,Virginia,fbs,ACC,28,"[7, 7, 6, 8]",0.9901045945864567,1504,1554,4.9296381592,https://www.youtube.com/watch?v=ahdR1K-KTAk,,,CollegeFootballData.com API,2026-08-31T17:34:18.724540+00:00,/games,1.3
401020762,2018,8,regular,2018-10-20T18:00:00.000Z,False,True,False,True,19492,3876,Peden Stadium,195,Ohio,fbs,Mid-American,49,"[14, 21, 7, 7]",0.9999784720518924,1528,1568,189,Bowling Green,fbs,Mid-American,14,"[7, 7, 0, 0]",2.1527948107613604e-05,1055,1015,1.02842161629999,,,,CollegeFootballData.com API,2026-08-31T17:34:18.724540+00:00,/games,1.3
401013453,2018,8,regular,2018-10-20T18:00:00.000Z,False,True,False,False,16502,3992,Williams Stadium (VA),2335,Liberty,fbs,FBS Independents,48,"[7, 13, 14, 14]",0.8100713358133053,,,304,Idaho State,fcs,Big Sky,41,"[0, 17, 14, 10]",0.18992866418669474,,,7.71502618149999,https://www.youtube.com/watch?v=yuXKgHgrM4o,,,CollegeFootballData.com API,2026-08-31T17:34:18.724540+00:00,/games,1.3
401015021,2018,8,regular,2018-10-20T18:30:00.000Z,False,True,False,True,23825,3775,Joan C. Edwards Stadium,276,Marshall,fbs,Conference USA,31,"[0, 10, 14, 7]",0.9977977889101538,1462,1529,2226,Florida Atlantic,fbs,Conference USA,7,"[0, 7, 0, 0]",0.0022022110898461955,1521,1454,5.0617086853,https://www.youtube.com/watch?v=1HRvD8e15ow,,,CollegeFootballData.com API,2026-08-31T17:34:18.724540+00:00,/games,1.3
401022540,2018,8,regular,2018-10-20T18:30:00.000Z,False,True,False,True,18378,3984,War Memorial Stadium,2751,Wyoming,fbs,Mountain West,16,"[3, 0, 10, 3]",0.635522612363791,1395,1401,328,Utah State,fbs,Mountain West,24,"[7, 3, 14, 0]",0.36447738763620896,1674,1668,3.15519344089999,https://www.youtube.com/watch?v=-y8GiewR-8o,,,CollegeFootballData.com API,2026-08-31T17:34:18.724540+00:00,/games,1.3
401020764,2018,8,regular,2018-10-20T19:00:00.000Z,False,True,False,True,14022,3919,Scheumann Stadium,2050,Ball State,fbs,Mid-American,20,"[0, 6, 7, 7]",0.03706715033466106,1168,1139,2199,Eastern Michigan,fbs,Mid-American,42,"[7, 14, 14, 7]",0.962932849665339,1424,1453,3.1283754263,,,,CollegeFootballData.com API,2026-08-31T17:34:18.724540+00:00,/games,1.3
401015019,2018,8,regular,2018-10-20T19:00:00.000Z,False,True,False,True,13102,3725,"Johnny ""Red"" Floyd Stadium",2393,Middle Tennessee,fbs,Conference USA,21,"[0, 14, 0, 7]",0.14252815335165436,1340,1341,2429,Charlotte,fbs,Conference USA,13,"[6, 0, 0, 7]",0.8574718466483456,1154,1153,3.142734343,https://www.youtube.com/watch?v=aD-LWoKdqiA,,,CollegeFootballData.com API,2026-08-31T17:34:18.724540+00:00,/games,1.3
401020765,2018,8,regular,2018-10-20T19:00:00.000Z,False,True,False,True,10097,3786,Kelly/Shorts Stadium,2117,Central Michigan,fbs,Mid-American,10,"[0, 0, 10, 0]",0.004251732786397396,1282,1230,2711,Western Michigan,fbs,Mid-American,35,"[7, 14, 0, 14]",0.9957482672136027,1403,1455,3.1964072395,,,,CollegeFootballData.com API,2026-08-31T17:34:18.724540+00:00,/games,1.3
401013149,2018,8,regular,2018-10-20T19:30:00.000Z,False,True,False,True,81295,3836,"Memorial Stadium (Clemson, SC)",228,Clemson,fbs,ACC,41,"[14, 10, 7, 10]",0.9998818905944147,2080,2131,152,NC State,fbs,ACC,7,"[0, 0, 0, 7]",0.00011810940558532046,1727,1676,0.663559830300001,https://www.youtube.com/watch?v=Q9RHAvj9r1Y,,,CollegeFootballData.com API,2026-08-31T17:34:18.724540+00:00,/games,1.3
401015022,2018,8,regular,2018-10-20T19:30:00.000Z,False,True,False,True,18972,3776,Joe Aillet Stadium,2348,Louisiana Tech,fbs,Conference USA,31,"[14, 3, 7, 7]",0.6634534594093633,1501,1487,2638,UTEP,fbs,Conference USA,24,"[7, 0, 14, 3]",0.3365465405906367,1035,1049,3.34374502979999,https://www.youtube.com/watch?v=ZACtf5aZaQA,,,CollegeFootballData.com API,2026-08-31T17:34:18.724540+00:00,/games,1.3
401012772,2018,8,regular,2018-10-20T19:30:00.000Z,False,True,False,True,68798,3765,Husky Stadium,264,Washington,fbs,Pac-12,27,"[0, 14, 3, 10]",0.9945103869541911,1842,1850,38,Colorado,fbs,Pac-12,13,"[7, 6, 0, 0]",0.005489613045808861,1597,1589,3.9145637898,https://www.youtube.com/watch?v=LBdOWcuspTo,,,CollegeFootballData.com API,2026-08-31T17:34:18.724540+00:00,/games,1.3
401020761,2018,8,regular,2018-10-20T19:30:00.000Z,False,True,False,True,18774,3696,Dix Stadium,2309,Kent State,fbs,Mid-American,23,"[3, 7, 7, 0, 6]",0.8660037206314951,997,1006,2006,Akron,fbs,Mid-American,24,"[7, 3, 7, 0, 7]",0.1339962793685049,1225,1216,9.7527604401,,,,CollegeFootballData.com API,2026-08-31T17:34:18.724540+00:00,/games,1.3
401021677,2018,8,regular,2018-10-20T19:30:00.000Z,False,True,False,True,27082,3792,Kidd Brewer Stadium,2026,App State,fbs,Sun Belt,27,"[7, 10, 7, 3]",0.9819617260653051,1802,1784,309,Louisiana,fbs,Sun Belt,17,"[7, 3, 0, 7]",0.018038273934694926,1259,1277,1.7112087936,,,,CollegeFootballData.com API,2026-08-31T17:34:18.724540+00:00,/games,1.3
401013363,2018,8,regular,2018-10-20T19:30:00.000Z,False,True,False,False,11134,3985,Warren McGuirk Alumni Stadium,113,Massachusetts,fbs,FBS Independents,13,"[3, 3, 7, 0]",0.3337197673714363,1203,1177,324,Coastal Carolina,fbs,Sun Belt,24,"[3, 0, 14, 7]",0.6662802326285637,1178,1204,6.02746818919999,,,,CollegeFootballData.com API,2026-08-31T17:34:18.724540+00:00,/games,1.3
401019513,2018,8,regular,2018-10-20T19:30:00.000Z,False,True,False,True,13987,4729,Yulman Stadium,2655,Tulane,fbs,American Athletic,23,"[2, 7, 7, 7]",0.9312350259948132,1384,1370,2567,SMU,fbs,American Athletic,27,"[0, 7, 7, 13]",0.06876497400518677,1274,1288,9.50445576059999,https://www.youtube.com/watch?v=0kjB34DNC7k,,,CollegeFootballData.com API,2026-08-31T17:34:18.724540+00:00,/games,1.3
401013332,2018,8,regular,2018-10-20T19:30:00.000Z,False,True,False,True,89272,3834,"Memorial Stadium (Lincoln, NE)",158,Nebraska,fbs,Big Ten,53,"[14, 14, 8, 17]",0.9998610062323355,1325,1410,135,Minnesota,fbs,Big Ten,28,"[0, 8, 14, 6]",0.0001389937676644637,1503,1418,2.1205693723,https://www.youtube.com/watch?v=kh7klieOfx0,,,CollegeFootballData.com API,2026-08-31T17:34:18.724540+00:00,/games,1.3
401012857,2018,8,regular,2018-10-20T19:30:00.000Z,False,True,False,True,41553,3830,"Memorial Stadium (Bloomington, IN)",84,Indiana,fbs,Big Ten,28,"[14, 0, 7, 7]",0.33172365772740753,1489,1514,213,Penn State,fbs,Big Ten,33,"[7, 10, 9, 7]",0.6682763422725925,2034,2009,5.4363624152,https://www.youtube.com/watch?v=zUWaU4IuP50,,,CollegeFootballData.com API,2026-08-31T17:34:18.724540+00:00,/games,1.3
401013052,2018,8,regular,2018-10-20T19:30:00.000Z,False,True,False,True,54402,3784,Jones AT&T Stadium,2641,Texas Tech,fbs,Big 12,48,"[3, 21, 3, 21]",0.999214013432083,1632,1682,2305,Kansas,fbs,Big 12,16,"[3, 0, 6, 7]",0.000785986567916952,1328,1278,1.33767011419999,https://www.youtube.com/watch?v=sH_Z9MngduU,,,CollegeFootballData.com API,2026-08-31T17:34:18.724540+00:00,/games,1.3
401019512,2018,8,regular,2018-10-20T19:30:00.000Z,False,True,False,True,33924,3852,Navy-Marine Corps Memorial Stadium,2426,Navy,fbs,American Athletic,36,"[10, 14, 0, 12]",0.030961561176125158,1461,1447,248,Houston,fbs,American Athletic,49,"[7, 14, 14, 14]",0.9690384388238749,1626,1640,4.5207082635,https://www.youtube.com/watch?v=jA7w4Gl5cCc,,,CollegeFootballData.com API,2026-08-31T17:34:18.724540+00:00,/games,1.3
401012318,2018,8,regular,2018-10-20T19:30:00.000Z,False,True,False,True,97087,3853,Neyland Stadium,2633,Tennessee,fbs,SEC,21,"[0, 14, 7, 0]",0.0049853624687589805,1394,1387,333,Alabama,fbs,SEC,58,"[28, 14, 16, 0]",0.995014637531241,2245,2252,0.161148121599999,https://www.youtube.com/watch?v=UQ3G3SgfMvo,,,CollegeFootballData.com API,2026-08-31T17:34:18.724540+00:00,/games,1.3
401013151,2018,8,regular,2018-10-20T19:30:00.000Z,False,True,False,True,67274,3697,Doak Campbell Stadium,52,Florida State,fbs,ACC,38,"[7, 14, 10, 7]",0.9993698279580528,1568,1603,154,Wake Forest,fbs,ACC,17,"[10, 0, 0, 7]",0.0006301720419471524,1423,1388,3.80437476319999,https://www.youtube.com/watch?v=kZlvZAZlcBU,,,CollegeFootballData.com API,2026-08-31T17:34:18.724540+00:00,/games,1.3
401012771,2018,8,regular,2018-10-20T20:00:00.000Z,False,True,False,True,32390,3893,Reser Stadium,204,Oregon State,fbs,Pac-12,7,"[0, 0, 7, 0]",0.03903023506010118,1134,1048,25,California,fbs,Pac-12,49,"[7, 14, 7, 21]",0.9609697649398988,1430,1516,2.7745716624,https://www.youtube.com/watch?v=v6VmdeeDVBQ,,,CollegeFootballData.com API,2026-08-31T17:34:18.724540+00:00,/games,1.3
401012317,2018,8,regular,2018-10-20T20:00:00.000Z,False,True,False,False,52917,3838,Memorial Stadium,142,Missouri,fbs,SEC,65,"[21, 27, 14, 3]",0.999851006195844,1647,1744,235,Memphis,fbs,American Athletic,33,"[3, 17, 7, 6]",0.00014899380415600572,1715,1618,1.82309236179999,https://www.youtube.com/watch?v=12zy0FuPvV4,,,CollegeFootballData.com API,2026-08-31T17:34:18.724540+00:00,/games,1.3
401013443,2018,8,regular,2018-10-20T22:00:00.000Z,False,True,False,False,7300,3601,Aggie Memorial Stadium,166,New Mexico State,fbs,FBS Independents,31,"[14, 3, 7, 7]",0.02441357742778925,1061,1057,290,Georgia Southern,fbs,Sun Belt,48,"[10, 14, 21, 3]",0.9755864225722107,1444,1448,2.6690865997,,,,CollegeFootballData.com API,2026-08-31T17:34:18.724540+00:00,/games,1.3
401012315,2018,8,regular,2018-10-20T23:00:00.000Z,False,True,False,True,101340,3958,Tiger Stadium (LA),99,LSU,fbs,SEC,19,"[7, 3, 6, 3]",0.9736372836114624,1877,1899,344,Mississippi State,fbs,SEC,3,"[3, 0, 0, 0]",0.0263627163885376,1746,1724,3.9297046048,https://www.youtube.com/watch?v=sjaMXciZNvw,,,CollegeFootballData.com API,2026-08-31T17:34:18.724540+00:00,/games,1.3
401019509,2018,8,regular,2018-10-20T23:00:00.000Z,False,True,False,True,31159,3699,Dowdy-Ficklen Stadium,151,East Carolina,fbs,American Athletic,10,"[3, 0, 7, 0]",0.22618742386298543,1220,1216,2116,UCF,fbs,American Athletic,37,"[0, 20, 3, 14]",0.7738125761370146,1854,1858,2.45389853239999,https://www.youtube.com/watch?v=w3OmEtHI7AE,,,CollegeFootballData.com API,2026-08-31T17:34:18.724540+00:00,/games,1.3
401015025,2018,8,regular,2018-10-20T23:00:00.000Z,False,True,False,True,21259,3815,M. M. Roberts Stadium,2572,Southern Miss,fbs,Conference USA,27,"[6, 14, 7, 0]",0.9978393499628896,1396,1401,2636,UTSA,fbs,Conference USA,17,"[0, 3, 7, 7]",0.002160650037110412,1222,1217,2.275618474,https://www.youtube.com/watch?v=dd5gLWrfbfA,,,CollegeFootballData.com API,2026-08-31T17:34:18.724540+00:00,/games,1.3
401019511,2018,8,regular,2018-10-20T23:00:00.000Z,False,True,False,True,42127,3886,Raymond James Stadium,58,South Florida,fbs,American Athletic,38,"[0, 7, 17, 14]",0.886371592442308,1628,1603,41,UConn,fbs,American Athletic,30,"[7, 0, 7, 16]",0.11362840755769199,947,972,2.73688779249999,https://www.youtube.com/watch?v=hqFPxL4N5BA,,,CollegeFootballData.com API,2026-08-31T17:34:18.724540+00:00,/games,1.3
401021678,2018,8,regular,2018-10-20T23:00:00.000Z,False,True,False,True,13235,3817,Malone Stadium,2433,UL Monroe,fbs,Sun Belt,20,"[7, 10, 3, 0]",0.9295406879589796,1136,1139,326,Texas State,fbs,Sun Belt,14,"[7, 0, 0, 7]",0.0704593120410204,1058,1055,4.5260014459,https://www.youtube.com/watch?v=UyHfRyeejzM,,,CollegeFootballData.com API,2026-08-31T17:34:18.724540+00:00,/games,1.3
401022541,2018,8,regular,2018-10-20T23:30:00.000Z,False,True,False,True,16708,3971,University Stadium (NM),167,New Mexico,fbs,Mountain West,7,"[0, 7, 0, 0]",0.003877217689246758,1390,1337,278,Fresno State,fbs,Mountain West,38,"[10, 14, 14, 0]",0.9961227823107532,1667,1720,1.84057416729999,https://www.youtube.com/watch?v=zSaQHnP9Bv0,,,CollegeFootballData.com API,2026-08-31T17:34:18.724540+00:00,/games,1.3
401015024,2018,8,regular,2018-10-20T23:30:00.000Z,False,True,False,True,13269,3796,Houchens Industries-L.T. Smith Stadium,98,Western Kentucky,fbs,Conference USA,34,"[7, 17, 3, 7]",0.29189019647639475,1282,1272,295,Old Dominion,fbs,Conference USA,37,"[14, 3, 2, 18]",0.7081098035236053,1192,1202,7.4426750833,https://www.youtube.com/watch?v=ptjomEMRkDA,,,CollegeFootballData.com API,2026-08-31T17:34:18.724540+00:00,/games,1.3
401012314,2018,8,regular,2018-10-20T23:30:00.000Z,False,True,False,True,54269,3683,Kroger Field,96,Kentucky,fbs,SEC,14,"[0, 7, 0, 7]",0.7742772851294882,1623,1625,238,Vanderbilt,fbs,SEC,7,"[7, 0, 0, 0]",0.22572271487051176,1479,1477,5.702876224,https://www.youtube.com/watch?v=nBdy0K_ocn8,,,CollegeFootballData.com API,2026-08-31T17:34:18.724540+00:00,/games,1.3
401013348,2018,8,regular,2018-10-20T23:30:00.000Z,False,True,False,True,60716,3907,Ross-Ade Stadium,2509,Purdue,fbs,Big Ten,49,"[7, 7, 7, 28]",0.9969836830671865,1686,1814,194,Ohio State,fbs,Big Ten,20,"[0, 3, 3, 14]",0.0030163169328134565,2057,1929,4.9380762586,https://www.youtube.com/watch?v=ul-2GVDnDsg,,,CollegeFootballData.com API,2026-08-31T17:34:18.724540+00:00,/games,1.3
401015020,2018,8,regular,2018-10-20T23:30:00.000Z,False,True,False,True,13741,218,FIU Stadium,2229,Florida International,fbs,Conference USA,36,"[0, 16, 10, 10]",0.9967514020623426,1461,1461,242,Rice,fbs,Conference USA,17,"[7, 3, 7, 0]",0.003248597937657416,988,988,1.50637631609999,https://www.youtube.com/watch?v=v4fUUE9TFaM,,,CollegeFootballData.com API,2026-08-31T17:34:18.724540+00:00,/games,1.3
401012773,2018,8,regular,2018-10-20T23:30:00.000Z,False,True,False,True,33152,3820,Gesa Field,265,Washington State,fbs,Pac-12,34,"[7, 20, 0, 7]",0.9907010621709558,1629,1662,2483,Oregon,fbs,Pac-12,20,"[0, 0, 17, 3]",0.00929893782904423,1681,1648,2.18186320719999,https://www.youtube.com/watch?v=aNqkfJLBnVo,,,CollegeFootballData.com API,2026-08-31T17:34:18.724540+00:00,/games,1.3
401015023,2018,8,regular,2018-10-20T23:30:00.000Z,False,True,False,True,28014,3803,Legion Field,5,UAB,fbs,Conference USA,29,"[3, 7, 9, 10]",0.9646373033566008,1501,1520,249,North Texas,fbs,Conference USA,21,"[7, 14, 0, 0]",0.035362696643399194,1606,1587,6.49124592629999,https://www.youtube.com/watch?v=QkKrhXDi4ng,,,CollegeFootballData.com API,2026-08-31T17:34:18.724540+00:00,/games,1.3
401012770,2018,8,regular,2018-10-21T00:00:00.000Z,False,True,False,True,46405,587,Rice-Eccles Stadium,254,Utah,fbs,Pac-12,41,"[7, 13, 14, 7]",0.9977552567679521,1743,1761,30,USC,fbs,Pac-12,28,"[14, 0, 0, 14]",0.00224474323204793,1655,1637,3.76137878029999,https://www.youtube.com/watch?v=IKIdBbntq5g,,,CollegeFootballData.com API,2026-08-31T17:34:18.724540+00:00,/games,1.3
401012769,2018,8,regular,2018-10-21T02:30:00.000Z,False,True,False,True,54686,1056,Rose Bowl,26,UCLA,fbs,Pac-12,31,"[7, 10, 7, 7]",0.45944822222460047,1441,1441,12,Arizona,fbs,Pac-12,30,"[0, 7, 13, 10]",0.5405517777753995,1418,1418,7.15655095889999,https://www.youtube.com/watch?v=kjJKvIdlzYw,,,CollegeFootballData.com API,2026-08-31T17:34:18.724540+00:00,/games,1.3
401022543,2018,8,regular,2018-10-21T02:30:00.000Z,False,True,False,True,30451,3932,Qualcomm Stadium,21,San Diego State,fbs,Mountain West,16,"[0, 10, 3, 3]",0.8882209553552238,1594,1588,23,San José State,fbs,Mountain West,13,"[6, 0, 7, 0]",0.11177904464477617,978,984,6.68840536509999,https://www.youtube.com/watch?v=TzPi07q-h9Q,,,CollegeFootballData.com API,2026-08-31T17:34:18.724540+00:00,/games,1.3
401022542,2018,8,regular,2018-10-21T03:59:00.000Z,False,True,False,True,24475,3610,Aloha Stadium,62,Hawai'i,fbs,Mountain West,22,"[14, 0, 0, 8]",0.004209086642523135,1287,1246,2440,Nevada,fbs,Mountain West,40,"[10, 10, 6, 14]",0.9957909133574768,1316,1357,4.7280770317,https://www.youtube.com/watch?v=ht4el8xNdLw,,,CollegeFootballData.com API,2026-08-31T17:34:18.724540+00:00,/games,1.3
401021679,2018,9,regular,2018-10-24T00:00:00.000Z,False,True,False,True,25878,3797,Ladd Peebles Stadium,6,South Alabama,fbs,Sun Belt,17,"[7, 10, 0, 0]",0.006252994617709504,1077,1070,2653,Troy,fbs,Sun Belt,38,"[16, 15, 0, 7]",0.9937470053822905,1530,1537,2.3075315643,https://www.youtube.com/watch?v=I52NdCz7E-Q,,,CollegeFootballData.com API,2026-08-31T17:34:18.724540+00:00,/games,1.3
401020766,2018,9,regular,2018-10-25T23:00:00.000Z,False,True,False,True,13774,3876,Peden Stadium,195,Ohio,fbs,Mid-American,52,"[0, 31, 21, 0]",0.9984583735518489,1568,1622,2050,Ball State,fbs,Mid-American,14,"[7, 0, 0, 7]",0.0015416264481511455,1139,1085,2.1236366225,,,,CollegeFootballData.com API,2026-08-31T17:34:18.724540+00:00,/games,1.3
401013033,2018,9,regular,2018-10-25T23:00:00.000Z,False,True,False,True,53117,3842,Milan Puskar Stadium,277,West Virginia,fbs,Big 12,58,"[10, 31, 10, 7]",0.999776920249261,1664,1767,239,Baylor,fbs,Big 12,14,"[0, 0, 14, 0]",0.0002230797507389859,1463,1360,0.820455127199999,https://www.youtube.com/watch?v=3N3LdJIHu1s,,,CollegeFootballData.com API,2026-08-31T17:34:18.724540+00:00,/games,1.3
401020767,2018,9,regular,2018-10-25T23:00:00.000Z,False,True,False,True,11389,3980,Waldo Stadium,2711,Western Michigan,fbs,Mid-American,24,"[7, 10, 7, 0]",0.006218085844147594,1455,1380,2649,Toledo,fbs,Mid-American,51,"[14, 9, 21, 7]",0.9937819141558524,1442,1517,3.29637464,,,,CollegeFootballData.com API,2026-08-31T17:34:18.724540+00:00,/games,1.3
401013153,2018,9,regular,2018-10-25T23:30:00.000Z,False,True,False,True,65632,3799,Lane Stadium,259,Virginia Tech,fbs,ACC,28,"[14, 7, 0, 7]",0.011197658268772285,1662,1607,59,Georgia Tech,fbs,ACC,49,"[14, 14, 14, 7]",0.9888023417312277,1648,1703,3.0433625411,https://www.youtube.com/watch?v=hQDKg5zMiZc,,,CollegeFootballData.com API,2026-08-31T17:34:18.724540+00:00,/games,1.3
401021680,2018,9,regular,2018-10-25T23:30:00.000Z,False,True,False,True,19252,3608,Allen E. Paulson Stadium,290,Georgia Southern,fbs,Sun Belt,34,"[0, 17, 10, 7]",0.9929281107753489,1448,1533,2026,App State,fbs,Sun Belt,14,"[0, 7, 0, 7]",0.007071889224651073,1784,1699,4.5534471637,https://www.youtube.com/watch?v=HOaFPHzwI9M,,,CollegeFootballData.com API,2026-08-31T17:34:18.724540+00:00,/games,1.3
401015028,2018,9,regular,2018-10-26T22:30:00.000Z,False,True,False,True,14948,3715,FAU Stadium,2226,Florida Atlantic,fbs,Conference USA,13,"[10, 0, 3, 0]",0.3461119725250899,1454,1441,2348,Louisiana Tech,fbs,Conference USA,21,"[0, 14, 0, 7]",0.6538880274749101,1487,1500,6.8127395355,https://www.youtube.com/watch?v=YSns70ZFgJ8,,,CollegeFootballData.com API,2026-08-31T17:34:18.724540+00:00,/games,1.3
401013154,2018,9,regular,2018-10-26T23:00:00.000Z,False,True,False,True,44514,3615,"Alumni Stadium (Chestnut Hill, MA)",103,Boston College,fbs,ACC,27,"[14, 3, 10, 0]",0.9967700849548027,1663,1698,2390,Miami,fbs,ACC,14,"[7, 7, 0, 0]",0.003229915045197318,1773,1738,5.19898850479999,https://www.youtube.com/watch?v=z1zH2lnQjQY,,,CollegeFootballData.com API,2026-08-31T17:34:18.724540+00:00,/games,1.3
401012858,2018,9,regular,2018-10-27T00:00:00.000Z,False,True,False,True,33273,3953,Huntington Bank Stadium,135,Minnesota,fbs,Big Ten,38,"[7, 14, 10, 7]",0.9902555107945488,1418,1433,84,Indiana,fbs,Big Ten,31,"[6, 3, 0, 22]",0.009744489205451234,1514,1499,4.9835049701,https://www.youtube.com/watch?v=6zW27k693Xk,,,CollegeFootballData.com API,2026-08-31T17:34:18.724540+00:00,/games,1.3
401022546,2018,9,regular,2018-10-27T02:00:00.000Z,False,True,False,True,32125,5388,Canvas Stadium,36,Colorado State,fbs,Mountain West,21,"[0, 0, 7, 14]",0.09455699385704232,1295,1276,2751,Wyoming,fbs,Mountain West,34,"[0, 3, 21, 10]",0.9054430061429577,1401,1420,4.1433191682,https://www.youtube.com/watch?v=mkdJ787QR90,,,CollegeFootballData.com API,2026-08-31T17:34:18.724540+00:00,/games,1.3
401012774,2018,9,regular,2018-10-27T02:30:00.000Z,False,True,False,True,41848,1056,Rose Bowl,26,UCLA,fbs,Pac-12,10,"[7, 0, 3, 0]",0.005014195315683752,1441,1393,254,Utah,fbs,Pac-12,41,"[3, 14, 21, 3]",0.9949858046843163,1761,1809,2.67568629489999,https://www.youtube.com/watch?v=nM-eCJzlvl0,,,CollegeFootballData.com API,2026-08-31T17:34:18.724540+00:00,/games,1.3
401013155,2018,9,regular,2018-10-27T16:00:00.000Z,False,True,False,True,68403,3697,Doak Campbell Stadium,52,Florida State,fbs,ACC,10,"[0, 0, 3, 7]",0.003522290381917801,1603,1525,228,Clemson,fbs,ACC,59,"[0, 28, 24, 7]",0.9964777096180822,2131,2209,1.8566925777,https://www.youtube.com/watch?v=XcGlKsxFhLM,,,CollegeFootballData.com API,2026-08-31T17:34:18.724540+00:00,/games,1.3
401085385,2018,9,regular,2018-10-27T16:00:00.000Z,False,True,False,False,88735,3834,"Memorial Stadium (Lincoln, NE)",158,Nebraska,fbs,Big Ten,45,"[28, 10, 0, 7]",0.9999776433574723,,,2065,Bethune-Cookman,fcs,MEAC,9,"[3, 0, 0, 6]",2.2356642527698867e-05,,,0.0188837552000001,https://www.youtube.com/watch?v=nUQej9OPLT0,,,CollegeFootballData.com API,2026-08-31T17:34:18.724540+00:00,/games,1.3
401013372,2018,9,regular,2018-10-27T16:00:00.000Z,False,True,False,False,22627,3912,Rynearson Stadium,2199,Eastern Michigan,fbs,Mid-American,22,"[0, 0, 14, 8]",0.008030938059228103,1453,1440,349,Army,fbs,FBS Independents,37,"[3, 13, 7, 14]",0.991969061940772,1684,1697,3.88332435139999,https://www.youtube.com/watch?v=j_s6pQBv2AI,,,CollegeFootballData.com API,2026-08-31T17:34:18.724540+00:00,/games,1.3
401012319,2018,9,regular,2018-10-27T16:00:00.000Z,False,True,False,True,56251,3887,Razorback Stadium,8,Arkansas,fbs,SEC,31,"[7, 7, 3, 14]",0.3305555208876383,1418,1392,238,Vanderbilt,fbs,SEC,45,"[7, 14, 3, 21]",0.6694444791123617,1477,1503,5.12482585869999,,,,CollegeFootballData.com API,2026-08-31T17:34:18.724540+00:00,/games,1.3
401013364,2018,9,regular,2018-10-27T16:00:00.000Z,False,True,False,False,24150,3892,Pratt & Whitney Stadium,41,UConn,fbs,American Athletic,17,"[7, 0, 7, 3]",0.023539629537084952,972,977,113,Massachusetts,fbs,FBS Independents,22,"[3, 0, 6, 13]",0.976460370462915,1177,1172,5.51915472799999,,,,CollegeFootballData.com API,2026-08-31T17:34:18.724540+00:00,/games,1.3
401013157,2018,9,regular,2018-10-27T16:00:00.000Z,False,True,False,True,49603,3873,L&N Federal Credit Union Stadium,97,Louisville,fbs,ACC,35,"[7, 14, 14, 0]",0.0947542634273191,1419,1362,154,Wake Forest,fbs,ACC,56,"[21, 14, 21, 0]",0.9052457365726809,1388,1445,3.6301661925,https://www.youtube.com/watch?v=0_WZvYm4Itk,,,CollegeFootballData.com API,2026-08-31T17:34:18.724540+00:00,/games,1.3
401020768,2018,9,regular,2018-10-27T16:00:00.000Z,False,True,False,True,17582,3768,InfoCision Stadium,2006,Akron,fbs,Mid-American,17,"[7, 10, 0, 0]",0.9933841410257253,1216,1226,2117,Central Michigan,fbs,Mid-American,10,"[0, 0, 10, 0]",0.0066158589742747465,1230,1220,5.2601965381,,,,CollegeFootballData.com API,2026-08-31T17:34:18.724540+00:00,/games,1.3
401013044,2018,9,regular,2018-10-27T16:00:00.000Z,False,True,False,True,57908,3772,Jack Trice Stadium,66,Iowa State,fbs,Big 12,40,"[0, 14, 17, 9]",0.9959343481692394,1704,1717,2641,Texas Tech,fbs,Big 12,31,"[10, 7, 7, 7]",0.004065651830760575,1682,1669,9.7844731661,https://www.youtube.com/watch?v=fuPfqByGKbc,,,CollegeFootballData.com API,2026-08-31T17:34:18.724540+00:00,/games,1.3
401012885,2018,9,regular,2018-10-27T16:00:00.000Z,False,True,False,True,72657,3936,Spartan Stadium,127,Michigan State,fbs,Big Ten,23,"[6, 7, 3, 7]",0.4872022961884562,1658,1687,2509,Purdue,fbs,Big Ten,13,"[3, 3, 7, 0]",0.5127977038115439,1814,1785,7.7845100768,https://www.youtube.com/watch?v=e3SzumrCyl4,,,CollegeFootballData.com API,2026-08-31T17:34:18.724540+00:00,/games,1.3
401013344,2018,9,regular,2018-10-27T16:00:00.000Z,False,True,False,True,47330,3911,Ryan Field,77,Northwestern,fbs,Big Ten,31,"[7, 7, 10, 7]",0.9071351940069834,1617,1664,275,Wisconsin,fbs,Big Ten,17,"[7, 3, 0, 7]",0.09286480599301661,1823,1776,5.1716166135,https://www.youtube.com/watch?v=JYmm1geMbVE,,,CollegeFootballData.com API,2026-08-31T17:34:18.724540+00:00,/games,1.3
401013158,2018,9,regular,2018-10-27T16:20:00.000Z,False,True,False,True,43128,3923,Scott Stadium,258,Virginia,fbs,ACC,31,"[14, 3, 7, 7]",0.9824933819757071,1554,1556,153,North Carolina,fbs,ACC,21,"[7, 7, 0, 7]",0.017506618024292875,1337,1335,3.1977032415,https://www.youtube.com/watch?v=PIT7386ZjjY,,,CollegeFootballData.com API,2026-08-31T17:34:18.724540+00:00,/games,1.3
401021682,2018,9,regular,2018-10-27T18:00:00.000Z,False,True,False,True,15648,4246,Center Parc Stadium,2247,Georgia State,fbs,Sun Belt,34,"[7, 6, 21, 0]",0.30565102298282254,1251,1244,324,Coastal Carolina,fbs,Sun Belt,37,"[17, 3, 7, 10]",0.6943489770171775,1204,1211,7.2508542543,,,,CollegeFootballData.com API,2026-08-31T17:34:18.724540+00:00,/games,1.3
401015026,2018,9,regular,2018-10-27T18:00:00.000Z,False,True,False,True,8687,4418,Jerry Richardson Stadium,2429,Charlotte,fbs,Conference USA,20,"[14, 0, 3, 3]",0.9597277833526554,1153,1157,2572,Southern Miss,fbs,Conference USA,17,"[0, 0, 3, 14]",0.040272216647344594,1401,1397,4.8995630735,https://www.youtube.com/watch?v=sDdUWHXU-2U,,,CollegeFootballData.com API,2026-08-31T17:34:18.724540+00:00,/games,1.3
401012777,2018,9,regular,2018-10-27T19:00:00.000Z,False,True,False,True,48050,3726,Folsom Field,38,Colorado,fbs,Pac-12,34,"[7, 17, 7, 3, 0]",0.3557935185509054,1589,1527,204,Oregon State,fbs,Pac-12,41,"[0, 3, 7, 24, 7]",0.6442064814490946,1048,1110,3.4820160749,https://www.youtube.com/watch?v=gkMlS_chdYk,,,CollegeFootballData.com API,2026-08-31T17:34:18.724540+00:00,/games,1.3
401013053,2018,9,regular,2018-10-27T19:00:00.000Z,False,True,False,True,15069,3833,Memorial Stadium,2305,Kansas,fbs,Big 12,27,"[7, 0, 10, 10]",0.23992517263005503,1278,1289,2628,TCU,fbs,Big 12,26,"[0, 10, 7, 9]",0.7600748273699449,1671,1660,8.0615453124,https://www.youtube.com/watch?v=EERwn6vEqIE,,,CollegeFootballData.com API,2026-08-31T17:34:18.724540+00:00,/games,1.3
401015029,2018,9,regular,2018-10-27T19:30:00.000Z,False,True,False,True,19725,3918,S.B. Ballard Stadium,295,Old Dominion,fbs,Conference USA,17,"[7, 3, 7, 0]",0.018810892139917185,1202,1122,2393,Middle Tennessee,fbs,Conference USA,51,"[17, 14, 14, 6]",0.9811891078600828,1341,1421,2.3246748747,https://www.youtube.com/watch?v=00rfUPbrgDU,,,CollegeFootballData.com API,2026-08-31T17:34:18.724540+00:00,/games,1.3
401012776,2018,9,regular,2018-10-27T19:30:00.000Z,False,True,False,True,47406,477,Los Angeles Memorial Coliseum,30,USC,fbs,Pac-12,35,"[7, 7, 14, 7]",0.8680557380567054,1637,1631,9,Arizona State,fbs,Pac-12,38,"[14, 10, 7, 7]",0.13194426194329456,1609,1615,6.5141036734,https://www.youtube.com/watch?v=NUb9oY76WNY,,,CollegeFootballData.com API,2026-08-31T17:34:18.724540+00:00,/games,1.3
401012320,2018,9,regular,2018-10-27T19:30:00.000Z,False,True,True,True,84463,3712,EverBank Stadium,61,Georgia,fbs,SEC,36,"[10, 3, 10, 13]",0.9971670024526393,1922,1950,57,Florida,fbs,SEC,17,"[0, 7, 7, 3]",0.0028329975473606606,1691,1663,4.0439696126,https://www.youtube.com/watch?v=c2EWMlD52EY,,,CollegeFootballData.com API,2026-08-31T17:34:18.724540+00:00,/games,1.3
401012811,2018,9,regular,2018-10-27T19:30:00.000Z,False,True,False,True,30387,3665,SECU Stadium,120,Maryland,fbs,Big Ten,63,"[14, 14, 21, 14]",0.9999533841934024,1468,1520,356,Illinois,fbs,Big Ten,33,"[3, 6, 10, 14]",4.661580659759412e-05,1234,1182,1.14976608849999,https://www.youtube.com/watch?v=Yjqq1QlK3Es,,,CollegeFootballData.com API,2026-08-31T17:34:18.724540+00:00,/games,1.3
401013062,2018,9,regular,2018-10-27T19:30:00.000Z,False,True,False,True,86436,3835,"Memorial Stadium (Norman, OK)",201,Oklahoma,fbs,Big 12,51,"[17, 17, 14, 3]",0.9997994171012204,2032,2083,2306,Kansas State,fbs,Big 12,14,"[0, 7, 0, 7]",0.00020058289877955549,1603,1552,0.355190670299999,https://www.youtube.com/watch?v=ai-1JoNKA4M,,,CollegeFootballData.com API,2026-08-31T17:34:18.724540+00:00,/games,1.3
401012868,2018,9,regular,2018-10-27T19:30:00.000Z,False,True,False,True,105244,3632,Beaver Stadium,213,Penn State,fbs,Big Ten,30,"[7, 10, 10, 3]",0.9898248851118736,2009,2008,2294,Iowa,fbs,Big Ten,24,"[12, 5, 0, 7]",0.01017511488812639,1831,1832,6.669160843,https://www.youtube.com/watch?v=0o-5TdA-Gq0,,,CollegeFootballData.com API,2026-08-31T17:34:18.724540+00:00,/games,1.3
401013156,2018,9,regular,2018-10-27T19:30:00.000Z,False,True,False,True,31510,3752,Acrisure Stadium,221,Pittsburgh,fbs,ACC,54,"[7, 10, 18, 19]",0.604415576570993,1457,1484,150,Duke,fbs,ACC,45,"[7, 14, 21, 3]",0.395584423429007,1626,1599,7.7044343356,https://www.youtube.com/watch?v=6yn5ZFiAIw0,,,CollegeFootballData.com API,2026-08-31T17:34:18.724540+00:00,/games,1.3
401019515,2018,9,regular,2018-10-27T19:30:00.000Z,False,True,False,True,31631,4728,TDECU Stadium,248,Houston,fbs,American Athletic,57,"[14, 14, 15, 14]",0.9634273739372594,1640,1686,58,South Florida,fbs,American Athletic,36,"[0, 21, 15, 0]",0.03657262606274059,1603,1557,3.82629942389999,https://www.youtube.com/watch?v=FSwVy92rdo0,,,CollegeFootballData.com API,2026-08-31T17:34:18.724540+00:00,/games,1.3
401016409,2018,9,regular,2018-10-27T19:30:00.000Z,False,True,False,False,51084,3801,LaVell Edwards Stadium,252,BYU,fbs,FBS Independents,6,"[3, 0, 3, 0]",0.4703259370231963,1440,1438,2459,Northern Illinois,fbs,Mid-American,7,"[0, 0, 7, 0]",0.5296740629768038,1428,1430,9.23069512829999,https://www.youtube.com/watch?v=7ogPcCXE5XY,,,CollegeFootballData.com API,2026-08-31T17:34:18.724540+00:00,/games,1.3
401019514,2018,9,regular,2018-10-27T19:30:00.000Z,False,True,False,True,16121,3735,Gerald J. Ford Stadium,2567,SMU,fbs,American Athletic,20,"[7, 0, 7, 6, 0]",0.2446231372455077,1288,1292,2132,Cincinnati,fbs,American Athletic,26,"[7, 0, 10, 3, 6]",0.7553768627544923,1500,1496,9.02426023769999,https://www.youtube.com/watch?v=idDeNikm5n4,,,CollegeFootballData.com API,2026-08-31T17:34:18.724540+00:00,/games,1.3
401012322,2018,9,regular,2018-10-27T20:00:00.000Z,False,True,False,True,53397,3838,Memorial Stadium,142,Missouri,fbs,SEC,14,"[0, 14, 0, 0]",0.8949302346402082,1744,1734,96,Kentucky,fbs,SEC,15,"[3, 0, 0, 12]",0.10506976535979184,1625,1635,4.4898110256,https://www.youtube.com/watch?v=7MEHWAckEpM,,,CollegeFootballData.com API,2026-08-31T17:34:18.724540+00:00,/games,1.3
401015030,2018,9,regular,2018-10-27T20:00:00.000Z,False,True,False,True,25379,3825,DATCU Stadium,249,North Texas,fbs,Conference USA,41,"[10, 7, 3, 21]",0.9998581603932174,1587,1587,242,Rice,fbs,Conference USA,17,"[7, 3, 7, 0]",0.0001418396067826011,988,988,2.1580823154,https://www.youtube.com/watch?v=SFcA2nD9i6c,,,CollegeFootballData.com API,2026-08-31T17:34:18.724540+00:00,/games,1.3
401022545,2018,9,regular,2018-10-27T20:00:00.000Z,False,True,False,True,16119,3905,Maverik Stadium,328,Utah State,fbs,Mountain West,61,"[28, 24, 9, 0]",0.9999977987416099,1668,1747,167,New Mexico,fbs,Mountain West,19,"[3, 2, 14, 0]",2.201258390122085e-06,1337,1258,0.714398041399999,https://www.youtube.com/watch?v=WbSUD2DAOGY,,,CollegeFootballData.com API,2026-08-31T17:34:18.724540+00:00,/games,1.3
401022549,2018,9,regular,2018-10-27T22:30:00.000Z,False,True,False,True,16165,3935,CEFCU Stadium,23,San José State,fbs,Mountain West,50,"[7, 17, 17, 9]",0.9745876539532901,984,1031,2439,UNLV,fbs,Mountain West,37,"[7, 14, 7, 9]",0.025412346046709944,1225,1178,4.9833838831,https://www.youtube.com/watch?v=18T44xGhQxo,,,CollegeFootballData.com API,2026-08-31T17:34:18.724540+00:00,/games,1.3
401012778,2018,9,regular,2018-10-27T22:30:00.000Z,False,True,False,True,39138,3831,California Memorial Stadium,25,California,fbs,Pac-12,12,"[3, 3, 6, 0]",0.5617124712745774,1516,1521,264,Washington,fbs,Pac-12,10,"[7, 0, 0, 3]",0.43828752872542265,1850,1845,5.4846209293,https://www.youtube.com/watch?v=U3dZTL-lRdM,,,CollegeFootballData.com API,2026-08-31T17:34:18.724540+00:00,/games,1.3
401013444,2018,9,regular,2018-10-27T23:00:00.000Z,False,True,False,False,15045,3644,Bobcat Stadium (TX),326,Texas State,fbs,Sun Belt,27,"[13, 7, 7, 0]",0.9961520522154519,1055,1065,166,New Mexico State,fbs,FBS Independents,20,"[0, 13, 7, 0]",0.0038479477845481114,1057,1047,6.667617053,,,,CollegeFootballData.com API,2026-08-31T17:34:18.724540+00:00,/games,1.3
401022544,2018,9,regular,2018-10-27T23:00:00.000Z,False,True,False,True,27753,3713,Falcon Stadium,2005,Air Force,fbs,Mountain West,38,"[7, 21, 3, 7]",0.39247490094052834,1501,1503,68,Boise State,fbs,Mountain West,48,"[14, 14, 10, 10]",0.6075250990594716,1771,1769,4.7218196469,https://www.youtube.com/watch?v=c_cd8r27wYg,,,CollegeFootballData.com API,2026-08-31T17:34:18.724540+00:00,/games,1.3
401012321,2018,9,regular,2018-10-27T23:00:00.000Z,False,True,False,True,57085,3693,Davis Wade Stadium,344,Mississippi State,fbs,SEC,28,"[7, 0, 7, 14]",0.9998610617619803,1724,1752,245,Texas A&M,fbs,SEC,13,"[0, 10, 3, 0]",0.0001389382380196924,1688,1660,5.69020341919999,https://www.youtube.com/watch?v=JFqa17l97U0,,,CollegeFootballData.com API,2026-08-31T17:34:18.724540+00:00,/games,1.3
401019516,2018,9,regular,2018-10-27T23:00:00.000Z,False,True,False,True,16133,3674,Chapman Stadium,202,Tulsa,fbs,American Athletic,17,"[3, 7, 7, 0]",0.03973600470012804,1339,1328,2655,Tulane,fbs,American Athletic,24,"[0, 7, 7, 10]",0.9602639952998719,1370,1381,7.2662645806,https://www.youtube.com/watch?v=0fJD3OIlgZs,,,CollegeFootballData.com API,2026-08-31T17:34:18.724540+00:00,/games,1.3
401012779,2018,9,regular,2018-10-27T23:00:00.000Z,False,True,False,True,39596,3940,Stanford Stadium,24,Stanford,fbs,Pac-12,38,"[14, 14, 3, 7]",0.19707368421603347,1701,1694,265,Washington State,fbs,Pac-12,41,"[14, 3, 7, 17]",0.8029263157839666,1662,1669,6.5308544186,https://www.youtube.com/watch?v=k-w4L6uKxKI,,,CollegeFootballData.com API,2026-08-31T17:34:18.724540+00:00,/games,1.3
401013159,2018,9,regular,2018-10-27T23:00:00.000Z,False,True,False,True,40769,1964,JMA Wireless Dome,183,Syracuse,fbs,ACC,51,"[24, 3, 14, 10]",0.9254563959708841,1504,1534,152,NC State,fbs,ACC,41,"[7, 13, 7, 14]",0.07454360402911586,1676,1646,6.98087763919999,https://www.youtube.com/watch?v=jPBW7ysXxVs,,,CollegeFootballData.com API,2026-08-31T17:34:18.724540+00:00,/games,1.3
401021681,2018,9,regular,2018-10-27T23:00:00.000Z,False,True,False,True,17068,3666,Cajun Field,309,Louisiana,fbs,Sun Belt,47,"[21, 10, 3, 13]",0.38255173251659125,1277,1286,2032,Arkansas State,fbs,Sun Belt,43,"[14, 7, 7, 15]",0.6174482674834088,1463,1454,8.38211795699999,,,,CollegeFootballData.com API,2026-08-31T17:34:18.724540+00:00,/games,1.3
401015031,2018,9,regular,2018-10-27T23:30:00.000Z,False,True,False,True,10787,3946,Sun Bowl,2638,UTEP,fbs,Conference USA,0,"[0, 0, 0, 0]",0.004560684886871139,1049,1049,5,UAB,fbs,Conference USA,19,"[10, 0, 2, 7]",0.9954393151131289,1520,1520,2.2852423503,https://www.youtube.com/watch?v=KjZJe_k9icI,,,CollegeFootballData.com API,2026-08-31T17:34:18.724540+00:00,/games,1.3
401015027,2018,9,regular,2018-10-27T23:30:00.000Z,False,True,False,True,15138,3796,Houchens Industries-L.T. Smith Stadium,98,Western Kentucky,fbs,Conference USA,17,"[0, 3, 0, 14]",0.00815249041245495,1272,1239,2229,Florida International,fbs,Conference USA,38,"[7, 7, 14, 10]",0.9918475095875451,1461,1494,2.7020466824,https://www.youtube.com/watch?v=9ks-c22f_BQ,,,CollegeFootballData.com API,2026-08-31T17:34:18.724540+00:00,/games,1.3
401012323,2018,9,regular,2018-10-27T23:30:00.000Z,False,True,False,True,80614,3994,Williams-Brice Stadium,2579,South Carolina,fbs,SEC,27,"[3, 6, 15, 3]",0.7925813203136197,1620,1618,2633,Tennessee,fbs,SEC,24,"[7, 7, 10, 0]",0.20741867968638028,1387,1389,5.4121430522,,,,CollegeFootballData.com API,2026-08-31T17:34:18.724540+00:00,/games,1.3
401013189,2018,9,regular,2018-10-28T00:00:00.000Z,False,True,True,False,63626,3932,Qualcomm Stadium,2426,Navy,fbs,American Athletic,22,"[0, 0, 14, 8]",0.003962860185901037,1447,1440,87,Notre Dame,fbs,FBS Independents,44,"[13, 14, 10, 7]",0.9960371398140989,1859,1866,0.866951699099999,https://www.youtube.com/watch?v=H-WuNqpj0mU,,,CollegeFootballData.com API,2026-08-31T17:34:18.724540+00:00,/games,1.3
401013320,2018,9,regular,2018-10-28T00:00:00.000Z,False,True,False,True,56790,3646,Boone Pickens Stadium,197,Oklahoma State,fbs,Big 12,38,"[17, 14, 0, 7]",0.8511859058736612,1692,1693,251,Texas,fbs,Big 12,35,"[7, 7, 7, 14]",0.14881409412633884,1731,1730,6.14238739729999,https://www.youtube.com/watch?v=zq2ImVRU9NQ,,,CollegeFootballData.com API,2026-08-31T17:34:18.724540+00:00,/games,1.3
401012775,2018,9,regular,2018-10-28T02:30:00.000Z,False,True,False,True,42845,3619,Arizona Stadium,12,Arizona,fbs,Pac-12,44,"[10, 13, 14, 7]",0.9979586623740402,1418,1525,2483,Oregon,fbs,Pac-12,15,"[0, 8, 0, 7]",0.002041337625959816,1648,1541,3.7770728956,https://www.youtube.com/watch?v=1_-Mwc5dYJ0,,,CollegeFootballData.com API,2026-08-31T17:34:18.724540+00:00,/games,1.3
401022548,2018,9,regular,2018-10-28T02:30:00.000Z,False,True,False,True,14545,3816,Mackay Stadium,2440,Nevada,fbs,Mountain West,28,"[9, 6, 10, 3]",0.14588945070794287,1357,1367,21,San Diego State,fbs,Mountain West,24,"[14, 10, 0, 0]",0.8541105492920571,1588,1578,8.1978995656,https://www.youtube.com/watch?v=z17lnfoFNcg,,,CollegeFootballData.com API,2026-08-31T17:34:18.724540+00:00,/games,1.3
401022547,2018,9,regular,2018-10-28T02:30:00.000Z,False,True,False,True,33659,3660,Valley Children's Stadium,278,Fresno State,fbs,Mountain West,50,"[14, 23, 10, 3]",0.9880243134321978,1720,1746,62,Hawai'i,fbs,Mountain West,20,"[3, 10, 0, 7]",0.011975686567802235,1246,1220,0.6045040092,https://www.youtube.com/watch?v=MYDr20vE5Eg,,,CollegeFootballData.com API,2026-08-31T17:34:18.724540+00:00,/games,1.3
401020770,2018,10,regular,2018-10-31T00:00:00.000Z,False,True,False,True,15682,3965,UB Stadium,2084,Buffalo,fbs,Mid-American,51,"[14, 14, 14, 9]",0.9525926056111855,1465,1476,193,Miami (OH),fbs,Mid-American,42,"[14, 7, 21, 0]",0.04740739438881447,1412,1401,7.2263043824,,,,CollegeFootballData.com API,2026-08-31T17:34:18.724540+00:00,/games,1.3
401020769,2018,10,regular,2018-10-31T00:00:00.000Z,False,True,False,True,13131,3700,Doyt L. Perry Stadium,189,Bowling Green,fbs,Mid-American,28,"[3, 10, 0, 15]",0.020915998218038048,1015,1001,2309,Kent State,fbs,Mid-American,35,"[7, 7, 7, 14]",0.979084001781962,1006,1020,9.5232569881,,,,CollegeFootballData.com API,2026-08-31T17:34:18.724540+00:00,/games,1.3
401020771,2018,10,regular,2018-10-31T23:30:00.000Z,False,True,False,True,15214,3739,Glass Bowl,2649,Toledo,fbs,Mid-American,45,"[21, 7, 3, 14]",0.9913054474709078,1517,1553,2050,Ball State,fbs,Mid-American,13,"[0, 7, 0, 6]",0.008694552529092237,1085,1049,0.875291844899999,https://www.youtube.com/watch?v=NgowiVIjc6o,,,CollegeFootballData.com API,2026-08-31T17:34:18.724540+00:00,/games,1.3
401020772,2018,10,regular,2018-11-01T23:00:00.000Z,False,True,False,True,16401,3768,InfoCision Stadium,2006,Akron,fbs,Mid-American,26,"[7, 3, 16, 0]",0.17609593720963324,1226,1222,2459,Northern Illinois,fbs,Mid-American,36,"[7, 17, 5, 7]",0.8239040627903668,1430,1434,4.92636383899999,,,,CollegeFootballData.com API,2026-08-31T17:34:18.724540+00:00,/games,1.3
401020773,2018,10,regular,2018-11-01T23:00:00.000Z,False,True,False,True,11935,3980,Waldo Stadium,2711,Western Michigan,fbs,Mid-American,14,"[0, 0, 7, 7]",0.003670435242599423,1380,1277,195,Ohio,fbs,Mid-American,59,"[21, 24, 7, 7]",0.9963295647574005,1622,1725,1.29360726579999,,,,CollegeFootballData.com API,2026-08-31T17:34:18.724540+00:00,/games,1.3
401019517,2018,10,regular,2018-11-01T23:30:00.000Z,False,True,False,True,41153,3652,FBC Mortgage Stadium,2116,UCF,fbs,American Athletic,52,"[14, 14, 14, 10]",0.9824981416191674,1858,1865,218,Temple,fbs,American Athletic,40,"[17, 17, 0, 6]",0.017501858380832624,1651,1644,6.8503493072,https://www.youtube.com/watch?v=YAKhgQ3sxCA,,,CollegeFootballData.com API,2026-08-31T17:34:18.724540+00:00,/games,1.3
401013160,2018,10,regular,2018-11-02T23:30:00.000Z,False,True,False,True,36256,3923,Scott Stadium,258,Virginia,fbs,ACC,13,"[7, 3, 0, 3]",0.16400890752391553,1556,1529,221,Pittsburgh,fbs,ACC,23,"[7, 0, 7, 9]",0.8359910924760845,1484,1511,4.71751549009999,https://www.youtube.com/watch?v=iIF7JvX2mko,,,CollegeFootballData.com API,2026-08-31T17:34:18.724540+00:00,/games,1.3
401015034,2018,10,regular,2018-11-03T00:00:00.000Z,False,True,False,True,16617,3725,"Johnny ""Red"" Floyd Stadium",2393,Middle Tennessee,fbs,Conference USA,29,"[10, 10, 3, 6]",0.9943891538704316,1421,1447,98,Western Kentucky,fbs,Conference USA,10,"[3, 0, 7, 0]",0.005610846129568414,1239,1213,2.1577063068,https://www.youtube.com/watch?v=raFRq5d3x14,,,CollegeFootballData.com API,2026-08-31T17:34:18.724540+00:00,/games,1.3
401012780,2018,10,regular,2018-11-03T02:30:00.000Z,False,True,False,True,43080,3619,Arizona Stadium,12,Arizona,fbs,Pac-12,42,"[0, 26, 9, 7]",0.9990075790231283,1525,1537,38,Colorado,fbs,Pac-12,34,"[10, 14, 10, 0]",0.0009924209768716885,1527,1515,6.8287135061,https://www.youtube.com/watch?v=mrqHFT-UKys,,,CollegeFootballData.com API,2026-08-31T17:34:18.724540+00:00,/games,1.3
401013373,2018,10,regular,2018-11-03T12:00:00.000Z,False,True,False,False,38502,3841,Michie Stadium,349,Army,fbs,FBS Independents,17,"[7, 7, 0, 3]",0.6552234689512949,1697,1696,2005,Air Force,fbs,Mountain West,14,"[0, 0, 6, 8]",0.3447765310487051,1503,1504,3.457225576,https://www.youtube.com/watch?v=60CK2Ximw6I,,,CollegeFootballData.com API,2026-08-31T17:34:18.724540+00:00,/games,1.3
401013166,2018,10,regular,2018-11-03T16:00:00.000Z,False,True,False,True,26136,3630,Allegacy Federal Credit Union Stadium,154,Wake Forest,fbs,ACC,24,"[10, 0, 14, 0]",0.03574709965878188,1445,1413,183,Syracuse,fbs,ACC,41,"[14, 7, 14, 6]",0.9642529003412181,1534,1566,4.6908122675,https://www.youtube.com/watch?v=u5vBVNc9SkQ,,,CollegeFootballData.com API,2026-08-31T17:34:18.724540+00:00,/games,1.3
401013162,2018,10,regular,2018-11-03T16:00:00.000Z,False,True,False,True,78741,3836,"Memorial Stadium (Clemson, SC)",228,Clemson,fbs,ACC,77,"[14, 21, 28, 14]",0.9999945403553909,2209,2282,97,Louisville,fbs,ACC,16,"[3, 0, 6, 7]",5.459644609073777e-06,1362,1289,0.0683652368000008,https://www.youtube.com/watch?v=tBGG21BgfEU,,,CollegeFootballData.com API,2026-08-31T17:34:18.724540+00:00,/games,1.3
401013341,2018,10,regular,2018-11-03T16:00:00.000Z,False,True,False,True,104245,3861,Ohio Stadium,194,Ohio State,fbs,Big Ten,36,"[16, 0, 14, 6]",0.12984852778639552,1929,1915,158,Nebraska,fbs,Big Ten,31,"[7, 14, 0, 10]",0.8701514722136044,1410,1424,4.8437619882,https://www.youtube.com/watch?v=TFTK6YuO5a0,,,CollegeFootballData.com API,2026-08-31T17:34:18.724540+00:00,/games,1.3
401013045,2018,10,regular,2018-11-03T16:00:00.000Z,False,True,False,True,15543,3833,Memorial Stadium,2305,Kansas,fbs,Big 12,3,"[0, 3, 0, 0]",0.07992771420251094,1289,1273,66,Iowa State,fbs,Big 12,27,"[14, 6, 7, 0]",0.920072285797489,1717,1733,0.9387826989,https://www.youtube.com/watch?v=8DKyzk97_D0,,,CollegeFootballData.com API,2026-08-31T17:34:18.724540+00:00,/games,1.3
401012847,2018,10,regular,2018-11-03T16:00:00.000Z,False,True,False,True,74379,347,Camp Randall Stadium,275,Wisconsin,fbs,Big Ten,31,"[7, 3, 14, 7]",0.9802116909675551,1776,1751,164,Rutgers,fbs,Big Ten,17,"[0, 0, 3, 14]",0.019788309032444884,1064,1089,0.6127257517,https://www.youtube.com/watch?v=0VS84uNdk_4,,,CollegeFootballData.com API,2026-08-31T17:34:18.724540+00:00,/games,1.3
401019520,2018,10,regular,2018-11-03T16:00:00.000Z,False,True,False,True,29127,3699,Dowdy-Ficklen Stadium,151,East Carolina,fbs,American Athletic,41,"[14, 3, 17, 7]",0.014415867101347431,1216,1212,235,Memphis,fbs,American Athletic,59,"[10, 14, 14, 21]",0.9855841328986525,1618,1622,7.1267383501,https://www.youtube.com/watch?v=4fAONWSaYCo,,,CollegeFootballData.com API,2026-08-31T17:34:18.724540+00:00,/games,1.3
401012328,2018,10,regular,2018-11-03T16:00:00.000Z,False,True,False,True,56798,3974,Vaught-Hemingway Stadium,145,Ole Miss,fbs,SEC,44,"[3, 24, 10, 7]",0.763742999013933,1535,1534,2579,South Carolina,fbs,SEC,48,"[17, 10, 7, 14]",0.23625700098606695,1618,1619,8.8294417412,https://www.youtube.com/watch?v=Xe2zrm6QrAk,,,CollegeFootballData.com API,2026-08-31T17:34:18.724540+00:00,/games,1.3
401020774,2018,10,regular,2018-11-03T16:00:00.000Z,False,True,False,True,13468,3912,Rynearson Stadium,2199,Eastern Michigan,fbs,Mid-American,17,"[7, 0, 0, 10]",0.99870697915847,1440,1442,2117,Central Michigan,fbs,Mid-American,7,"[0, 7, 0, 0]",0.001293020841530046,1220,1218,5.4215419585,,,,CollegeFootballData.com API,2026-08-31T17:34:18.724540+00:00,/games,1.3
401013034,2018,10,regular,2018-11-03T16:00:00.000Z,False,True,False,True,43492,4727,McLane Stadium,239,Baylor,fbs,Big 12,35,"[0, 14, 7, 14]",0.06226860943861172,1360,1374,197,Oklahoma State,fbs,Big 12,31,"[7, 3, 14, 7]",0.9377313905613883,1693,1679,8.0957960194,https://www.youtube.com/watch?v=4MBgMSgRP04,,,CollegeFootballData.com API,2026-08-31T17:34:18.724540+00:00,/games,1.3
401012324,2018,10,regular,2018-11-03T16:00:00.000Z,False,True,False,True,85945,3785,Jordan-Hare Stadium,2,Auburn,fbs,SEC,28,"[7, 7, 0, 14]",0.8002386739389462,1776,1776,245,Texas A&M,fbs,SEC,24,"[3, 14, 7, 0]",0.1997613260610538,1660,1660,6.7451409549,https://www.youtube.com/watch?v=EZjH3599aG8,,,CollegeFootballData.com API,2026-08-31T17:34:18.724540+00:00,/games,1.3
401012877,2018,10,regular,2018-11-03T16:00:00.000Z,False,True,False,True,31735,3665,SECU Stadium,120,Maryland,fbs,Big Ten,3,"[0, 3, 0, 0]",0.0050571651747870535,1520,1485,127,Michigan State,fbs,Big Ten,24,"[10, 0, 7, 7]",0.994942834825213,1687,1722,3.4197558846,https://www.youtube.com/watch?v=fi3Q3GauY6M,,,CollegeFootballData.com API,2026-08-31T17:34:18.724540+00:00,/games,1.3
401013165,2018,10,regular,2018-11-03T16:15:00.000Z,False,True,False,True,40782,3787,Kenan Stadium,153,North Carolina,fbs,ACC,28,"[7, 3, 10, 8]",0.008585989607060166,1335,1344,59,Georgia Tech,fbs,ACC,38,"[7, 14, 7, 10]",0.9914140103929399,1703,1694,5.5053207288,https://www.youtube.com/watch?v=rN7-A6NZSkQ,,,CollegeFootballData.com API,2026-08-31T17:34:18.724540+00:00,/games,1.3
401022552,2018,10,regular,2018-11-03T18:00:00.000Z,False,True,False,True,13238,3984,War Memorial Stadium,2751,Wyoming,fbs,Mountain West,24,"[3, 7, 7, 7]",0.9670509127336426,1420,1419,23,San José State,fbs,Mountain West,9,"[0, 0, 3, 6]",0.03294908726635737,1031,1032,3.62873996389999,https://www.youtube.com/watch?v=J1OW2HGCi9U,,,CollegeFootballData.com API,2026-08-31T17:34:18.724540+00:00,/games,1.3
401021686,2018,10,regular,2018-11-03T18:00:00.000Z,False,True,False,True,11312,4246,Center Parc Stadium,2247,Georgia State,fbs,Sun Belt,30,"[7, 3, 0, 20]",0.047432899084630935,1244,1207,326,Texas State,fbs,Sun Belt,40,"[13, 0, 20, 7]",0.9525671009153691,1065,1102,5.1460947895,,,,CollegeFootballData.com API,2026-08-31T17:34:18.724540+00:00,/games,1.3
401015033,2018,10,regular,2018-11-03T19:00:00.000Z,False,True,False,True,20375,3815,M. M. Roberts Stadium,2572,Southern Miss,fbs,Conference USA,26,"[3, 14, 3, 6]",0.32722275682183066,1397,1399,276,Marshall,fbs,Conference USA,24,"[3, 7, 7, 7]",0.6727772431781693,1529,1527,7.9985786829,https://www.youtube.com/watch?v=3mhqjc7pDfk,,,CollegeFootballData.com API,2026-08-31T17:34:18.724540+00:00,/games,1.3
401021684,2018,10,regular,2018-11-03T19:00:00.000Z,False,True,False,True,20671,3625,Centennial Bank Stadium,2032,Arkansas State,fbs,Sun Belt,38,"[0, 14, 14, 10]",0.9992112110218526,1454,1474,6,South Alabama,fbs,Sun Belt,14,"[0, 7, 0, 7]",0.0007887889781473811,1070,1050,2.5543794716,https://www.youtube.com/watch?v=iD5vI55--Xo,,,CollegeFootballData.com API,2026-08-31T17:34:18.724540+00:00,/games,1.3
401021685,2018,10,regular,2018-11-03T19:00:00.000Z,False,True,False,True,13787,3817,Malone Stadium,2433,UL Monroe,fbs,Sun Belt,44,"[13, 14, 14, 3]",0.9998735189452836,1139,1227,290,Georgia Southern,fbs,Sun Belt,25,"[0, 10, 8, 7]",0.00012648105471635418,1533,1445,2.98642848899999,,,,CollegeFootballData.com API,2026-08-31T17:34:18.724540+00:00,/games,1.3
401013188,2018,10,regular,2018-11-03T19:30:00.000Z,False,True,False,True,100703,3910,DKR-Texas Memorial Stadium,251,Texas,fbs,Big 12,41,"[14, 14, 3, 10]",0.7558556808099953,1730,1731,277,West Virginia,fbs,Big 12,42,"[10, 17, 0, 15]",0.24414431919000468,1767,1766,7.9090479608,https://www.youtube.com/watch?v=XFfgnzsGngM,,,CollegeFootballData.com API,2026-08-31T17:34:18.724540+00:00,/games,1.3
401021687,2018,10,regular,2018-11-03T19:30:00.000Z,False,True,False,True,24631,3975,Veterans Memorial Stadium (AL),2653,Troy,fbs,Sun Belt,26,"[10, 13, 3, 0]",0.974870267859026,1537,1537,309,Louisiana,fbs,Sun Belt,16,"[3, 0, 13, 0]",0.025129732140974026,1286,1286,2.60608677579999,https://www.youtube.com/watch?v=KSv7_TAc_Vs,,,CollegeFootballData.com API,2026-08-31T17:34:18.724540+00:00,/games,1.3
401013063,2018,10,regular,2018-11-03T19:30:00.000Z,False,True,False,True,40486,3616,Amon G. Carter Stadium,2628,TCU,fbs,Big 12,14,"[7, 0, 7, 0]",0.13733392270708514,1660,1657,2306,Kansas State,fbs,Big 12,13,"[7, 0, 0, 6]",0.8626660772929149,1552,1555,5.8941062399,https://www.youtube.com/watch?v=GJtWPNKh-m4,,,CollegeFootballData.com API,2026-08-31T17:34:18.724540+00:00,/games,1.3
401019521,2018,10,regular,2018-11-03T19:30:00.000Z,False,True,False,True,31388,3886,Raymond James Stadium,58,South Florida,fbs,American Athletic,15,"[3, 0, 6, 6]",0.001,1557,1463,2655,Tulane,fbs,American Athletic,41,"[7, 20, 7, 7]",0.999,1381,1475,,https://www.youtube.com/watch?v=qyQP6Vswkpc,,,CollegeFootballData.com API,2026-08-31T17:34:18.724540+00:00,/games,1.3
401012812,2018,10,regular,2018-11-03T19:30:00.000Z,False,True,False,True,35774,3832,"Memorial Stadium (Champaign, IL)",356,Illinois,fbs,Big Ten,55,"[14, 10, 21, 10]",0.9999164335395716,1182,1272,135,Minnesota,fbs,Big Ten,31,"[7, 10, 0, 14]",8.3566460428397e-05,1433,1343,4.13868238419999,https://www.youtube.com/watch?v=a8A9cEAieXg,,,CollegeFootballData.com API,2026-08-31T17:34:18.724540+00:00,/games,1.3
401012869,2018,10,regular,2018-11-03T19:30:00.000Z,False,True,False,True,60716,3907,Ross-Ade Stadium,2509,Purdue,fbs,Big Ten,38,"[14, 7, 14, 3]",0.7793125757462344,1785,1786,2294,Iowa,fbs,Big Ten,36,"[7, 10, 6, 13]",0.22068742425376564,1832,1831,6.83421289839999,https://www.youtube.com/watch?v=3Ux-nKfEIzs,,,CollegeFootballData.com API,2026-08-31T17:34:18.724540+00:00,/games,1.3
401012326,2018,10,regular,2018-11-03T19:30:00.000Z,False,True,False,True,63543,3683,Kroger Field,96,Kentucky,fbs,SEC,17,"[0, 3, 7, 7]",0.043641578984492224,1635,1625,61,Georgia,fbs,SEC,34,"[7, 7, 14, 6]",0.9563584210155078,1950,1960,2.1156277121,https://www.youtube.com/watch?v=5NwbxDYqls8,,,CollegeFootballData.com API,2026-08-31T17:34:18.724540+00:00,/games,1.3
401013365,2018,10,regular,2018-11-03T19:30:00.000Z,False,True,False,False,10338,3985,Warren McGuirk Alumni Stadium,113,Massachusetts,fbs,FBS Independents,62,"[14, 10, 7, 14, 7, 7, 3]",0.965159260070139,1172,1175,2335,Liberty,fbs,FBS Independents,59,"[14, 10, 0, 21, 7, 7, 0]",0.03484073992986103,1354,1351,9.8487305148,,,,CollegeFootballData.com API,2026-08-31T17:34:18.724540+00:00,/games,1.3
401015035,2018,10,regular,2018-11-03T19:30:00.000Z,False,True,False,True,18420,3895,Rice Stadium,242,Rice,fbs,Conference USA,26,"[0, 3, 7, 16]",0.016564413790331047,988,977,2638,UTEP,fbs,Conference USA,34,"[7, 20, 7, 0]",0.983435586209669,1049,1060,3.28517316939999,https://www.youtube.com/watch?v=J07vc_aGJKA,,,CollegeFootballData.com API,2026-08-31T17:34:18.724540+00:00,/games,1.3
401013164,2018,10,regular,2018-11-03T19:30:00.000Z,False,True,False,True,57600,3670,Carter-Finley Stadium,152,NC State,fbs,ACC,47,"[10, 17, 10, 10]",0.9825627091735988,1646,1677,52,Florida State,fbs,ACC,28,"[0, 14, 7, 7]",0.01743729082640122,1525,1494,2.1513940918,https://www.youtube.com/watch?v=F1_qwOAw_YM,,,CollegeFootballData.com API,2026-08-31T17:34:18.724540+00:00,/games,1.3
401019518,2018,10,regular,2018-11-03T19:30:00.000Z,False,True,False,True,36318,3854,Nippert Stadium,2132,Cincinnati,fbs,American Athletic,42,"[7, 21, 7, 7]",0.9999959339117984,1496,1612,2426,Navy,fbs,American Athletic,0,"[0, 0, 0, 0]",4.066088201581941e-06,1440,1324,0.9531760863,https://www.youtube.com/watch?v=-Ut1EGjxkAI,,,CollegeFootballData.com API,2026-08-31T17:34:18.724540+00:00,/games,1.3
401012894,2018,10,regular,2018-11-03T19:45:00.000Z,False,True,False,True,111747,3558,Michigan Stadium,130,Michigan,fbs,Big Ten,42,"[7, 7, 14, 14]",0.9998978667931954,1957,2062,213,Penn State,fbs,Big Ten,7,"[0, 0, 0, 7]",0.00010213320680463323,2008,1903,1.70005490699999,https://www.youtube.com/watch?v=6tCeqImsjdE,,,CollegeFootballData.com API,2026-08-31T17:34:18.724540+00:00,/games,1.3
401013161,2018,10,regular,2018-11-03T19:45:00.000Z,False,True,False,True,65632,3799,Lane Stadium,259,Virginia Tech,fbs,ACC,21,"[7, 7, 0, 7]",0.17186009713573433,1607,1594,103,Boston College,fbs,ACC,31,"[7, 0, 14, 10]",0.8281399028642656,1698,1711,6.38444906499999,https://www.youtube.com/watch?v=9aM9G9UdmOI,,,CollegeFootballData.com API,2026-08-31T17:34:18.724540+00:00,/games,1.3
401012325,2018,10,regular,2018-11-03T20:00:00.000Z,False,True,False,True,80017,3634,Ben Hill Griffin Stadium,57,Florida,fbs,SEC,17,"[3, 7, 7, 0]",0.005209056381525511,1663,1617,142,Missouri,fbs,SEC,38,"[7, 14, 14, 3]",0.9947909436184745,1734,1780,3.8953785497,https://www.youtube.com/watch?v=gDBc-CWG4tA,,,CollegeFootballData.com API,2026-08-31T17:34:18.724540+00:00,/games,1.3
401012330,2018,10,regular,2018-11-03T20:00:00.000Z,False,True,False,False,86753,3853,Neyland Stadium,2633,Tennessee,fbs,SEC,14,"[14, 0, 0, 0]",0.7227537359512961,1389,1392,2429,Charlotte,fbs,Conference USA,3,"[0, 3, 0, 0]",0.2772462640487039,1157,1154,1.3572143149,,,,CollegeFootballData.com API,2026-08-31T17:34:18.724540+00:00,/games,1.3
401012781,2018,10,regular,2018-11-03T20:00:00.000Z,False,True,False,True,46445,3947,Mountain America Stadium,9,Arizona State,fbs,Pac-12,38,"[14, 7, 0, 17]",0.9802093869284717,1615,1676,254,Utah,fbs,Pac-12,20,"[7, 10, 3, 0]",0.019790613071528296,1809,1748,5.8693101031,https://www.youtube.com/watch?v=ulCitP7CPVs,,,CollegeFootballData.com API,2026-08-31T17:34:18.724540+00:00,/games,1.3
401013445,2018,10,regular,2018-11-03T20:00:00.000Z,False,True,False,False,11897,3601,Aggie Memorial Stadium,166,New Mexico State,fbs,FBS Independents,52,"[14, 21, 3, 14]",0.6612969400827124,,,2016,Alcorn State,fcs,SWAC,42,"[7, 7, 7, 21]",0.33870305991728755,,,2.1519847786,,,,CollegeFootballData.com API,2026-08-31T17:34:18.724540+00:00,/games,1.3
401021683,2018,10,regular,2018-11-03T21:00:00.000Z,False,True,False,True,13004,3654,Brooks Stadium (SC),324,Coastal Carolina,fbs,Sun Belt,7,"[7, 0, 0, 0]",0.010009625855450075,1211,1218,2026,App State,fbs,Sun Belt,23,"[7, 7, 0, 9]",0.9899903741445499,1699,1692,3.47576466659999,,,,CollegeFootballData.com API,2026-08-31T17:34:18.724540+00:00,/games,1.3
401019519,2018,10,regular,2018-11-03T23:00:00.000Z,False,True,False,True,17451,3674,Chapman Stadium,202,Tulsa,fbs,American Athletic,49,"[0, 28, 21, 0]",0.9997914601444199,1328,1367,41,UConn,fbs,American Athletic,19,"[10, 3, 0, 6]",0.00020853985558011434,977,938,3.1661722544,https://www.youtube.com/watch?v=dytqCv3GiZw,,,CollegeFootballData.com API,2026-08-31T17:34:18.724540+00:00,/games,1.3
401013163,2018,10,regular,2018-11-03T23:00:00.000Z,False,True,False,True,62754,3948,Hard Rock Stadium,2390,Miami,fbs,ACC,12,"[0, 12, 0, 0]",0.6831950218601207,1738,1711,150,Duke,fbs,ACC,20,"[7, 0, 10, 3]",0.3168049781398793,1599,1626,7.22278381259999,https://www.youtube.com/watch?v=-H2UIovKOBQ,,,CollegeFootballData.com API,2026-08-31T17:34:18.724540+00:00,/games,1.3
401019522,2018,10,regular,2018-11-03T23:00:00.000Z,False,True,False,True,23654,3735,Gerald J. Ford Stadium,2567,SMU,fbs,American Athletic,45,"[10, 21, 7, 7]",0.9969233063600781,1292,1359,248,Houston,fbs,American Athletic,31,"[0, 14, 3, 14]",0.0030766936399219125,1686,1619,5.38041026129999,https://www.youtube.com/watch?v=d_qCZOU3JHw,,,CollegeFootballData.com API,2026-08-31T17:34:18.724540+00:00,/games,1.3
401013345,2018,10,regular,2018-11-03T23:15:00.000Z,False,True,False,False,47330,3911,Ryan Field,77,Northwestern,fbs,Big Ten,21,"[0, 7, 0, 14]",0.025430340719018313,1664,1660,87,Notre Dame,fbs,FBS Independents,31,"[7, 0, 14, 10]",0.9745696592809817,1866,1870,5.2269377415,https://www.youtube.com/watch?v=3gM8Y1k9AdA,,,CollegeFootballData.com API,2026-08-31T17:34:18.724540+00:00,/games,1.3
401012782,2018,10,regular,2018-11-03T23:30:00.000Z,False,True,False,True,56114,3626,Autzen Stadium,2483,Oregon,fbs,Pac-12,42,"[14, 7, 7, 14]",0.6584465383583566,1541,1576,26,UCLA,fbs,Pac-12,21,"[0, 7, 7, 7]",0.34155346164164335,1393,1358,1.8991032611,https://www.youtube.com/watch?v=clxF6NT72IQ,,,CollegeFootballData.com API,2026-08-31T17:34:18.724540+00:00,/games,1.3
401015032,2018,10,regular,2018-11-03T23:30:00.000Z,False,True,False,True,18478,218,FIU Stadium,2229,Florida International,fbs,Conference USA,14,"[0, 7, 7, 0]",0.004015594628864718,1494,1384,2226,Florida Atlantic,fbs,Conference USA,49,"[7, 7, 7, 28]",0.9959844053711353,1441,1551,4.6911963246,https://www.youtube.com/watch?v=_kGV-ndn3XM,,,CollegeFootballData.com API,2026-08-31T17:34:18.724540+00:00,/games,1.3
401015036,2018,10,regular,2018-11-03T23:30:00.000Z,False,True,False,True,17605,3803,Legion Field,5,UAB,fbs,Conference USA,52,"[21, 17, 7, 7]",0.9999954011820752,1520,1626,2636,UTSA,fbs,Conference USA,3,"[3, 0, 0, 0]",4.598817924805765e-06,1217,1111,0.276329158599999,https://www.youtube.com/watch?v=OD0utqsM-dQ,,,CollegeFootballData.com API,2026-08-31T17:34:18.724540+00:00,/games,1.3
401012329,2018,10,regular,2018-11-03T23:30:00.000Z,False,True,False,False,58709,3693,Davis Wade Stadium,344,Mississippi State,fbs,SEC,45,"[21, 10, 7, 7]",0.9999910692427061,1752,1841,2348,Louisiana Tech,fbs,Conference USA,3,"[3, 0, 0, 0]",8.93075729391235e-06,1500,1411,0.343645294999999,,,,CollegeFootballData.com API,2026-08-31T17:34:18.724540+00:00,/games,1.3
401012327,2018,10,regular,2018-11-04T00:00:00.000Z,False,True,False,True,102321,3958,Tiger Stadium (LA),99,LSU,fbs,SEC,0,"[0, 0, 0, 0]",0.003758289808185042,1899,1861,333,Alabama,fbs,SEC,29,"[6, 10, 6, 7]",0.996241710191815,2252,2290,2.4406102407,https://www.youtube.com/watch?v=cknbA306BgE,,,CollegeFootballData.com API,2026-08-31T17:34:18.724540+00:00,/games,1.3
401013069,2018,10,regular,2018-11-04T00:00:00.000Z,False,True,False,True,60454,3784,Jones AT&T Stadium,2641,Texas Tech,fbs,Big 12,46,"[14, 17, 0, 15]",0.04512033044509179,1669,1687,201,Oklahoma,fbs,Big 12,51,"[7, 21, 7, 16]",0.9548796695549082,2083,2065,6.3843826731,https://www.youtube.com/watch?v=bF6AJoUTXlg,,,CollegeFootballData.com API,2026-08-31T17:34:18.724540+00:00,/games,1.3
401012784,2018,10,regular,2018-11-04T01:00:00.000Z,False,True,False,True,69690,3765,Husky Stadium,264,Washington,fbs,Pac-12,27,"[14, 7, 3, 3]",0.5527707446422581,1845,1844,24,Stanford,fbs,Pac-12,23,"[0, 0, 14, 9]",0.44722925535774194,1694,1695,2.99430669039999,https://www.youtube.com/watch?v=eWogrBzOaRc,,,CollegeFootballData.com API,2026-08-31T17:34:18.724540+00:00,/games,1.3
401012783,2018,10,regular,2018-11-04T02:00:00.000Z,False,True,False,True,35187,3893,Reser Stadium,204,Oregon State,fbs,Pac-12,21,"[0, 14, 7, 0]",0.010642506902727005,1110,1118,30,USC,fbs,Pac-12,38,"[7, 14, 7, 10]",0.9893574930972729,1631,1623,3.99729444289999,https://www.youtube.com/watch?v=sYK5oFOTIJw,,,CollegeFootballData.com API,2026-08-31T17:34:18.724540+00:00,/games,1.3
401016410,2018,10,regular,2018-11-04T02:15:00.000Z,False,True,False,False,35241,3653,Albertsons Stadium,68,Boise State,fbs,Mountain West,21,"[14, 0, 7, 0]",0.3784351478902602,1769,1761,252,BYU,fbs,FBS Independents,16,"[0, 6, 7, 3]",0.6215648521097398,1438,1446,4.61427102259999,https://www.youtube.com/watch?v=Erk3XIZmf1Q,,,CollegeFootballData.com API,2026-08-31T17:34:18.724540+00:00,/games,1.3
401022550,2018,10,regular,2018-11-04T02:15:00.000Z,False,True,False,True,14646,3971,University Stadium (NM),167,New Mexico,fbs,Mountain West,23,"[7, 3, 6, 7]",0.00936293114587478,1258,1267,21,San Diego State,fbs,Mountain West,31,"[7, 0, 7, 17]",0.9906370688541252,1578,1569,7.06380831489999,https://www.youtube.com/watch?v=ztlVIr_hHjw,,,CollegeFootballData.com API,2026-08-31T17:34:18.724540+00:00,/games,1.3
401022553,2018,10,regular,2018-11-04T02:30:00.000Z,False,True,False,True,15276,3914,Sam Boyd Stadium,2439,UNLV,fbs,Mountain West,3,"[0, 0, 0, 3]",0.003627950917081116,1178,1117,278,Fresno State,fbs,Mountain West,48,"[7, 10, 17, 14]",0.9963720490829189,1746,1807,0.5826850477,https://www.youtube.com/watch?v=CpOVMSUkUx0,,,CollegeFootballData.com API,2026-08-31T17:34:18.724540+00:00,/games,1.3
401012785,2018,10,regular,2018-11-04T02:45:00.000Z,False,True,False,True,32952,3820,Gesa Field,265,Washington State,fbs,Pac-12,19,"[3, 10, 0, 6]",0.9004131246295608,1669,1669,25,California,fbs,Pac-12,13,"[0, 10, 3, 0]",0.0995868753704392,1521,1521,5.9224843379,https://www.youtube.com/watch?v=V5YP4jtESN4,,,CollegeFootballData.com API,2026-08-31T17:34:18.724540+00:00,/games,1.3
401022551,2018,10,regular,2018-11-04T03:59:00.000Z,False,True,False,True,21476,3610,Aloha Stadium,62,Hawai'i,fbs,Mountain West,17,"[3, 0, 14, 0]",0.004103611203775246,1220,1173,328,Utah State,fbs,Mountain West,56,"[28, 0, 28, 0]",0.9958963887962248,1747,1794,0.8064867072,https://www.youtube.com/watch?v=ovGdlCLi-Rc,,,CollegeFootballData.com API,2026-08-31T17:34:18.724540+00:00,/games,1.3
401020775,2018,11,regular,2018-11-07T00:30:00.000Z,False,True,False,True,15078,3965,UB Stadium,2084,Buffalo,fbs,Mid-American,48,"[21, 13, 14, 0]",0.9983738115470268,1476,1515,2309,Kent State,fbs,Mid-American,14,"[0, 0, 0, 14]",0.0016261884529732429,1020,981,0.4459115798,,,,CollegeFootballData.com API,2026-08-31T17:34:18.724540+00:00,/games,1.3
401020776,2018,11,regular,2018-11-08T00:00:00.000Z,False,True,False,True,15975,3996,Yager Stadium,193,Miami (OH),fbs,Mid-American,30,"[7, 21, 0, 2]",0.750896789228031,1401,1405,195,Ohio,fbs,Mid-American,28,"[7, 0, 7, 14]",0.24910321077196895,1725,1721,4.71338175249999,,,,CollegeFootballData.com API,2026-08-31T17:34:18.724540+00:00,/games,1.3
401020777,2018,11,regular,2018-11-08T01:00:00.000Z,False,True,False,True,5887,3764,Huskie Stadium,2459,Northern Illinois,fbs,Mid-American,38,"[7, 10, 14, 7]",0.9172859309690364,1434,1504,2649,Toledo,fbs,Mid-American,15,"[3, 6, 0, 6]",0.08271406903096357,1553,1483,4.3073049603,,,,CollegeFootballData.com API,2026-08-31T17:34:18.724540+00:00,/games,1.3
401013167,2018,11,regular,2018-11-09T00:30:00.000Z,False,True,False,True,56228,3670,Carter-Finley Stadium,152,NC State,fbs,ACC,23,"[6, 7, 3, 7]",0.12011732836973205,1677,1652,154,Wake Forest,fbs,ACC,27,"[0, 3, 10, 14]",0.8798826716302679,1413,1438,4.07957927879999,https://www.youtube.com/watch?v=Hf794lrbdnA,,,CollegeFootballData.com API,2026-08-31T17:34:18.724540+00:00,/games,1.3
401013168,2018,11,regular,2018-11-10T00:00:00.000Z,False,True,False,True,42797,1964,JMA Wireless Dome,183,Syracuse,fbs,ACC,54,"[7, 30, 7, 10]",0.9989963685950937,1566,1616,97,Louisville,fbs,ACC,23,"[0, 7, 7, 9]",0.0010036314049063355,1289,1239,1.0691830449,https://www.youtube.com/watch?v=bUz2aNYKnfo,,,CollegeFootballData.com API,2026-08-31T17:34:18.724540+00:00,/games,1.3
401022556,2018,11,regular,2018-11-10T03:15:00.000Z,False,True,False,True,33118,3653,Albertsons Stadium,68,Boise State,fbs,Mountain West,24,"[3, 0, 7, 14]",0.33198274509585485,1761,1773,278,Fresno State,fbs,Mountain West,17,"[0, 10, 7, 0]",0.6680172549041452,1807,1795,5.28829845799999,https://www.youtube.com/watch?v=-kixvogG2f0,,,CollegeFootballData.com API,2026-08-31T17:34:18.724540+00:00,/games,1.3
401013351,2018,11,regular,2018-11-10T17:00:00.000Z,False,True,False,True,105396,3632,Beaver Stadium,213,Penn State,fbs,Big Ten,22,"[10, 6, 3, 3]",0.99306706500826,1903,1914,275,Wisconsin,fbs,Big Ten,10,"[7, 0, 3, 0]",0.00693293499173997,1751,1740,3.9331278359,https://www.youtube.com/watch?v=727lQjetEhw,,,CollegeFootballData.com API,2026-08-31T17:34:18.724540+00:00,/games,1.3
401012859,2018,11,regular,2018-11-10T17:00:00.000Z,False,True,False,True,35264,3830,"Memorial Stadium (Bloomington, IN)",84,Indiana,fbs,Big Ten,34,"[0, 21, 10, 3]",0.09135930563498475,1499,1499,120,Maryland,fbs,Big Ten,32,"[6, 9, 8, 9]",0.9086406943650153,1485,1485,6.7767888824,https://www.youtube.com/watch?v=zeXQk5htGsQ,,,CollegeFootballData.com API,2026-08-31T17:34:18.724540+00:00,/games,1.3
401012333,2018,11,regular,2018-11-10T17:00:00.000Z,False,True,False,True,82696,3634,Ben Hill Griffin Stadium,57,Florida,fbs,SEC,35,"[0, 14, 7, 14]",0.8174641482573992,1617,1620,2579,South Carolina,fbs,SEC,31,"[14, 7, 10, 0]",0.18253585174260079,1619,1616,7.06577182609999,https://www.youtube.com/watch?v=X660DdJI4xg,,,CollegeFootballData.com API,2026-08-31T17:34:18.724540+00:00,/games,1.3
401013374,2018,11,regular,2018-11-10T17:00:00.000Z,False,True,False,False,31286,3841,Michie Stadium,349,Army,fbs,FBS Independents,31,"[3, 14, 14, 0]",0.9993185131660829,,,322,Lafayette,fcs,Patriot,13,"[3, 3, 0, 7]",0.000681486833917111,,,0.1780139319,https://www.youtube.com/watch?v=OU07X19PnxA,,,CollegeFootballData.com API,2026-08-31T17:34:18.724540+00:00,/games,1.3
401013366,2018,11,regular,2018-11-10T17:00:00.000Z,False,True,False,False,14082,3738,Gillette Stadium,113,Massachusetts,fbs,FBS Independents,16,"[10, 0, 0, 6]",0.004724965593244698,1175,1156,252,BYU,fbs,FBS Independents,35,"[7, 7, 14, 7]",0.9952750344067554,1446,1465,3.3210434597,https://www.youtube.com/watch?v=8PQbZq2sJmM,,,CollegeFootballData.com API,2026-08-31T17:34:18.724540+00:00,/games,1.3
401012337,2018,11,regular,2018-11-10T17:00:00.000Z,False,True,False,True,102618,3795,Kyle Field,245,Texas A&M,fbs,SEC,38,"[7, 7, 7, 17]",0.9158661764537999,1660,1678,145,Ole Miss,fbs,SEC,24,"[0, 14, 7, 3]",0.08413382354620014,1534,1516,6.10159440729999,https://www.youtube.com/watch?v=ci389YUaWLg,,,CollegeFootballData.com API,2026-08-31T17:34:18.724540+00:00,/games,1.3
401012886,2018,11,regular,2018-11-10T17:00:00.000Z,False,True,False,True,74633,3936,Spartan Stadium,127,Michigan State,fbs,Big Ten,6,"[0, 3, 3, 0]",0.057818286937099804,1722,1692,194,Ohio State,fbs,Big Ten,26,"[0, 7, 2, 17]",0.9421817130629002,1915,1945,6.0547208426,https://www.youtube.com/watch?v=cw-UySzCLuo,,,CollegeFootballData.com API,2026-08-31T17:34:18.724540+00:00,/games,1.3
401019525,2018,11,regular,2018-11-10T17:00:00.000Z,False,True,False,True,19096,3892,Pratt & Whitney Stadium,41,UConn,fbs,American Athletic,50,"[7, 3, 14, 26]",0.33484683868952675,938,948,2567,SMU,fbs,American Athletic,62,"[17, 14, 14, 17]",0.6651531613104733,1359,1349,1.6750683502,https://www.youtube.com/watch?v=q4OMhLKoA3w,,,CollegeFootballData.com API,2026-08-31T17:34:18.724540+00:00,/games,1.3
401012335,2018,11,regular,2018-11-10T17:00:00.000Z,False,True,False,True,48342,3838,Memorial Stadium,142,Missouri,fbs,SEC,33,"[7, 6, 13, 7]",0.9266764434748717,1780,1774,238,Vanderbilt,fbs,SEC,28,"[14, 7, 7, 0]",0.07332355652512834,1503,1509,6.9337368604,,,,CollegeFootballData.com API,2026-08-31T17:34:18.724540+00:00,/games,1.3
401019528,2018,11,regular,2018-11-10T17:00:00.000Z,False,True,False,True,27905,3805,Simmons Bank Liberty Stadium,235,Memphis,fbs,American Athletic,47,"[17, 10, 7, 13]",0.9980590164258157,1622,1660,202,Tulsa,fbs,American Athletic,21,"[0, 0, 14, 7]",0.001940983574184263,1367,1329,0.936122300899999,https://www.youtube.com/watch?v=6BbPJwb8OZY,,,CollegeFootballData.com API,2026-08-31T17:34:18.724540+00:00,/games,1.3
401013077,2018,11,regular,2018-11-10T17:00:00.000Z,False,True,False,True,60007,3842,Milan Puskar Stadium,277,West Virginia,fbs,Big 12,47,"[0, 24, 16, 7]",0.9998655384704316,1766,1857,2628,TCU,fbs,Big 12,10,"[3, 0, 7, 0]",0.00013446152956841928,1657,1566,2.16735164949999,https://www.youtube.com/watch?v=yGqawQpvoAI,,,CollegeFootballData.com API,2026-08-31T17:34:18.724540+00:00,/games,1.3
401012813,2018,11,regular,2018-11-10T17:00:00.000Z,False,True,False,True,88316,3834,"Memorial Stadium (Lincoln, NE)",158,Nebraska,fbs,Big Ten,54,"[21, 17, 7, 9]",0.9949270759868797,1424,1453,356,Illinois,fbs,Big Ten,35,"[14, 7, 0, 14]",0.005072924013120317,1272,1243,1.3297510918,https://www.youtube.com/watch?v=0JYV5RnnoiA,,,CollegeFootballData.com API,2026-08-31T17:34:18.724540+00:00,/games,1.3
401013054,2018,11,regular,2018-11-10T17:00:00.000Z,False,True,False,True,50062,3636,Bill Snyder Family Stadium,2306,Kansas State,fbs,Big 12,21,"[0, 0, 14, 7]",0.7531327006370352,1555,1550,2305,Kansas,fbs,Big 12,17,"[0, 3, 7, 7]",0.2468672993629648,1273,1278,7.7463977043,https://www.youtube.com/watch?v=nv7-k20rpYM,,,CollegeFootballData.com API,2026-08-31T17:34:18.724540+00:00,/games,1.3
401019523,2018,11,regular,2018-11-10T17:00:00.000Z,False,True,False,True,44738,3652,FBC Mortgage Stadium,2116,UCF,fbs,American Athletic,35,"[14, 7, 7, 7]",0.9957818208827998,1865,1848,2426,Navy,fbs,American Athletic,24,"[0, 3, 7, 14]",0.004218179117200238,1324,1341,0.766799969599999,https://www.youtube.com/watch?v=YD_T-STz3Jc,,,CollegeFootballData.com API,2026-08-31T17:34:18.724540+00:00,/games,1.3
401020778,2018,11,regular,2018-11-10T17:00:00.000Z,False,True,False,True,12403,3912,Rynearson Stadium,2199,Eastern Michigan,fbs,Mid-American,27,"[7, 3, 0, 17]",0.9999856813969985,1442,1467,2006,Akron,fbs,Mid-American,7,"[0, 7, 0, 0]",1.4318603001495234e-05,1222,1197,4.1879214798,,,,CollegeFootballData.com API,2026-08-31T17:34:18.724540+00:00,/games,1.3
401013170,2018,11,regular,2018-11-10T17:20:00.000Z,False,True,False,True,35493,3982,Wallace Wade Stadium,150,Duke,fbs,ACC,42,"[14, 21, 7, 0]",0.824345227112218,1626,1621,153,North Carolina,fbs,ACC,35,"[14, 14, 0, 7]",0.17565477288778197,1344,1349,5.6165157706,https://www.youtube.com/watch?v=CPI5JetvWDU,,,CollegeFootballData.com API,2026-08-31T17:34:18.724540+00:00,/games,1.3
401021689,2018,11,regular,2018-11-10T18:00:00.000Z,False,True,False,True,16289,3608,Allen E. Paulson Stadium,290,Georgia Southern,fbs,Sun Belt,21,"[14, 0, 0, 7]",0.11313564421798554,1445,1422,2653,Troy,fbs,Sun Belt,35,"[3, 14, 11, 7]",0.8868643557820145,1537,1560,4.5091732032,https://www.youtube.com/watch?v=nWpV83spJ5A,,,CollegeFootballData.com API,2026-08-31T17:34:18.724540+00:00,/games,1.3
401012786,2018,11,regular,2018-11-10T19:00:00.000Z,False,True,False,True,46466,3947,Mountain America Stadium,9,Arizona State,fbs,Pac-12,31,"[3, 14, 7, 7]",0.7449592138438796,1676,1673,26,UCLA,fbs,Pac-12,28,"[7, 7, 7, 7]",0.25504078615612036,1358,1361,5.7217058467,https://www.youtube.com/watch?v=xMS68ofVhBQ,,,CollegeFootballData.com API,2026-08-31T17:34:18.724540+00:00,/games,1.3
401015037,2018,11,regular,2018-11-10T19:30:00.000Z,False,True,False,True,19418,3775,Joan C. Edwards Stadium,276,Marshall,fbs,Conference USA,30,"[10, 3, 17, 0]",0.9957979342428847,1527,1531,2429,Charlotte,fbs,Conference USA,13,"[7, 3, 3, 0]",0.0042020657571153475,1154,1150,3.09738423269999,https://www.youtube.com/watch?v=ntvLxrbbazI,,,CollegeFootballData.com API,2026-08-31T17:34:18.724540+00:00,/games,1.3
401020779,2018,11,regular,2018-11-10T20:00:00.000Z,False,True,False,True,8041,3786,Kelly/Shorts Stadium,2117,Central Michigan,fbs,Mid-American,13,"[7, 6, 0, 0]",0.1639399720137215,1218,1173,189,Bowling Green,fbs,Mid-American,24,"[0, 0, 17, 7]",0.8360600279862784,1001,1046,5.032669775,,,,CollegeFootballData.com API,2026-08-31T17:34:18.724540+00:00,/games,1.3
401015041,2018,11,regular,2018-11-10T20:00:00.000Z,False,True,False,True,9690,3946,Sun Bowl,2638,UTEP,fbs,Conference USA,32,"[0, 10, 0, 22]",0.24196414892838738,1060,1059,2393,Middle Tennessee,fbs,Conference USA,48,"[14, 13, 7, 14]",0.7580358510716126,1447,1448,1.36256062879999,https://www.youtube.com/watch?v=E9wsJeBFuc4,,,CollegeFootballData.com API,2026-08-31T17:34:18.724540+00:00,/games,1.3
401013174,2018,11,regular,2018-11-10T20:00:00.000Z,False,True,False,False,41485,3923,Scott Stadium,258,Virginia,fbs,ACC,45,"[14, 10, 14, 7, 0]",0.996202750663587,1529,1561,2335,Liberty,fbs,FBS Independents,24,"[7, 10, 7, 0, 0]",0.003797249336413011,1351,1319,1.2932311169,https://www.youtube.com/watch?v=HD7XNvDPbrk,,,CollegeFootballData.com API,2026-08-31T17:34:18.724540+00:00,/games,1.3
401012788,2018,11,regular,2018-11-10T20:30:00.000Z,False,True,False,True,45587,3726,Folsom Field,38,Colorado,fbs,Pac-12,7,"[7, 0, 0, 0]",0.006448768441672847,1515,1469,265,Washington State,fbs,Pac-12,31,"[0, 10, 7, 14]",0.9935512315583271,1669,1715,3.2293544509,https://www.youtube.com/watch?v=Owc2lFNXqhc,,,CollegeFootballData.com API,2026-08-31T17:34:18.724540+00:00,/games,1.3
401013173,2018,11,regular,2018-11-10T20:30:00.000Z,False,True,False,True,44398,3752,Acrisure Stadium,221,Pittsburgh,fbs,ACC,52,"[10, 21, 7, 14]",0.9999230882264921,1511,1602,259,Virginia Tech,fbs,ACC,22,"[0, 7, 8, 7]",7.69117735078817e-05,1594,1503,2.7087555933,https://www.youtube.com/watch?v=4WPm_B4WCKg,,,CollegeFootballData.com API,2026-08-31T17:34:18.724540+00:00,/games,1.3
401012848,2018,11,regular,2018-11-10T20:30:00.000Z,False,True,False,True,43786,3754,High Point Solutions Stadium,164,Rutgers,fbs,Big Ten,7,"[7, 0, 0, 0]",0.0036564179754773143,1089,1098,130,Michigan,fbs,Big Ten,42,"[7, 14, 14, 7]",0.9963435820245227,2062,2053,0.3740481259,https://www.youtube.com/watch?v=TC6jquU9vJo,,,CollegeFootballData.com API,2026-08-31T17:34:18.724540+00:00,/games,1.3
401013070,2018,11,regular,2018-11-10T20:30:00.000Z,False,True,False,True,87635,3835,"Memorial Stadium (Norman, OK)",201,Oklahoma,fbs,Big 12,48,"[14, 20, 7, 7]",0.3983282420405866,2065,2053,197,Oklahoma State,fbs,Big 12,47,"[14, 14, 7, 12]",0.6016717579594134,1679,1691,6.30119838539999,https://www.youtube.com/watch?v=gm9gMHWkzJs,,,CollegeFootballData.com API,2026-08-31T17:34:18.724540+00:00,/games,1.3
401012331,2018,11,regular,2018-11-10T20:30:00.000Z,False,True,False,True,101821,3657,Bryant-Denny Stadium,333,Alabama,fbs,SEC,24,"[14, 7, 0, 3]",0.9998604402615079,2290,2304,344,Mississippi State,fbs,SEC,0,"[0, 0, 0, 0]",0.00013955973849211212,1841,1827,0.505065590999999,https://www.youtube.com/watch?v=Mh927un7PRE,,,CollegeFootballData.com API,2026-08-31T17:34:18.724540+00:00,/games,1.3
401012870,2018,11,regular,2018-11-10T20:30:00.000Z,False,True,False,True,66493,3793,Kinnick Stadium,2294,Iowa,fbs,Big Ten,10,"[0, 3, 7, 0]",0.2970710478307857,1831,1813,77,Northwestern,fbs,Big Ten,14,"[0, 0, 7, 7]",0.7029289521692144,1660,1678,7.19997638529999,https://www.youtube.com/watch?v=IS7jfftnP-Y,,,CollegeFootballData.com API,2026-08-31T17:34:18.724540+00:00,/games,1.3
401013333,2018,11,regular,2018-11-10T20:30:00.000Z,False,True,False,True,31068,3953,Huntington Bank Stadium,135,Minnesota,fbs,Big Ten,41,"[3, 10, 21, 7]",0.9999520716727168,1343,1491,2509,Purdue,fbs,Big Ten,10,"[3, 0, 0, 7]",4.792832728317542e-05,1786,1638,3.45394072389999,https://www.youtube.com/watch?v=WTkXYDEf7Ic,,,CollegeFootballData.com API,2026-08-31T17:34:18.724540+00:00,/games,1.3
401012336,2018,11,regular,2018-11-10T20:30:00.000Z,False,True,False,True,95258,3853,Neyland Stadium,2633,Tennessee,fbs,SEC,24,"[3, 14, 7, 0]",0.9997342953215753,1392,1453,96,Kentucky,fbs,SEC,7,"[0, 0, 7, 0]",0.00026570467842468304,1625,1564,3.3022004038,https://www.youtube.com/watch?v=9qvLUocaFKA,,,CollegeFootballData.com API,2026-08-31T17:34:18.724540+00:00,/games,1.3
401013035,2018,11,regular,2018-11-10T20:30:00.000Z,False,True,False,True,53860,3772,Jack Trice Stadium,66,Iowa State,fbs,Big 12,28,"[7, 10, 11, 0]",0.9354275367979091,1733,1732,239,Baylor,fbs,Big 12,14,"[0, 0, 7, 7]",0.06457246320209087,1374,1375,1.5361442374,https://www.youtube.com/watch?v=DtogyKJhpV8,,,CollegeFootballData.com API,2026-08-31T17:34:18.724540+00:00,/games,1.3
401015042,2018,11,regular,2018-11-10T20:30:00.000Z,False,True,False,True,18062,3918,S.B. Ballard Stadium,295,Old Dominion,fbs,Conference USA,34,"[0, 10, 14, 10]",0.8330834243019493,1122,1130,249,North Texas,fbs,Conference USA,31,"[14, 14, 3, 0]",0.16691657569805074,1587,1579,4.7105165106,https://www.youtube.com/watch?v=e6G7J6qMtcw,,,CollegeFootballData.com API,2026-08-31T17:34:18.724540+00:00,/games,1.3
401022554,2018,11,regular,2018-11-10T20:30:00.000Z,False,True,False,True,23723,3713,Falcon Stadium,2005,Air Force,fbs,Mountain West,42,"[7, 14, 14, 7]",0.9989090302204395,1504,1522,167,New Mexico,fbs,Mountain West,24,"[0, 17, 7, 0]",0.001090969779560469,1267,1249,2.5237088494,https://www.youtube.com/watch?v=NQlKfFjD5RI,,,CollegeFootballData.com API,2026-08-31T17:34:18.724540+00:00,/games,1.3
401022557,2018,11,regular,2018-11-10T21:00:00.000Z,False,True,False,True,19017,3905,Maverik Stadium,328,Utah State,fbs,Mountain West,62,"[10, 28, 21, 3]",0.9999647809386745,1794,1812,23,San José State,fbs,Mountain West,24,"[7, 3, 7, 7]",3.521906132553099e-05,1032,1014,2.7846862792,https://www.youtube.com/watch?v=jc-EQEL_So8,,,CollegeFootballData.com API,2026-08-31T17:34:18.724540+00:00,/games,1.3
401019526,2018,11,regular,2018-11-10T21:00:00.000Z,False,True,False,True,20860,4729,Yulman Stadium,2655,Tulane,fbs,American Athletic,24,"[7, 7, 7, 3]",0.7751856802356744,1475,1470,151,East Carolina,fbs,American Athletic,18,"[3, 7, 0, 8]",0.22481431976432564,1212,1217,6.539099873,https://www.youtube.com/watch?v=4xWlJfQUrsg,,,CollegeFootballData.com API,2026-08-31T17:34:18.724540+00:00,/games,1.3
401021702,2018,11,regular,2018-11-10T21:00:00.000Z,False,True,False,True,11482,3644,Bobcat Stadium (TX),326,Texas State,fbs,Sun Belt,7,"[0, 0, 7, 0]",0.004013641824603204,1102,1084,2026,App State,fbs,Sun Belt,38,"[7, 14, 7, 10]",0.9959863581753968,1692,1710,0.9793499824,,,,CollegeFootballData.com API,2026-08-31T17:34:18.724540+00:00,/games,1.3
401015039,2018,11,regular,2018-11-10T22:00:00.000Z,False,True,False,True,14400,3715,FAU Stadium,2226,Florida Atlantic,fbs,Conference USA,34,"[10, 0, 7, 17]",0.9992680054889731,1551,1563,98,Western Kentucky,fbs,Conference USA,15,"[0, 9, 0, 6]",0.000731994511026901,1213,1201,2.9363557152,https://www.youtube.com/watch?v=YdhAIJBTZEI,,,CollegeFootballData.com API,2026-08-31T17:34:18.724540+00:00,/games,1.3
401021690,2018,11,regular,2018-11-10T22:00:00.000Z,False,True,False,True,14945,3666,Cajun Field,309,Louisiana,fbs,Sun Belt,36,"[7, 6, 3, 20]",0.9938738522749624,1286,1307,2247,Georgia State,fbs,Sun Belt,22,"[0, 7, 7, 8]",0.006126147725037612,1207,1186,2.2707062659,,,,CollegeFootballData.com API,2026-08-31T17:34:18.724540+00:00,/games,1.3
401021688,2018,11,regular,2018-11-10T22:00:00.000Z,False,True,False,True,8141,3654,Brooks Stadium (SC),324,Coastal Carolina,fbs,Sun Belt,16,"[0, 6, 7, 3]",0.0037543491039609446,1218,1172,2032,Arkansas State,fbs,Sun Belt,44,"[14, 13, 14, 3]",0.996245650896039,1474,1520,1.7550380088,https://www.youtube.com/watch?v=wNkMjXAUsAw,,,CollegeFootballData.com API,2026-08-31T17:34:18.724540+00:00,/games,1.3
401021691,2018,11,regular,2018-11-10T22:00:00.000Z,False,True,False,True,14096,3797,Ladd Peebles Stadium,6,South Alabama,fbs,Sun Belt,10,"[7, 3, 0, 0]",0.003737215202116103,1050,995,2433,UL Monroe,fbs,Sun Belt,38,"[10, 14, 14, 0]",0.9962627847978839,1227,1282,2.57002690309999,,,,CollegeFootballData.com API,2026-08-31T17:34:18.724540+00:00,/games,1.3
401012789,2018,11,regular,2018-11-10T22:30:00.000Z,False,True,False,True,46275,587,Rice-Eccles Stadium,254,Utah,fbs,Pac-12,32,"[10, 9, 3, 10]",0.8322358686182987,1748,1748,2483,Oregon,fbs,Pac-12,25,"[0, 7, 10, 8]",0.16776413138170132,1576,1576,7.6061314488,https://www.youtube.com/watch?v=c5RENwO5Hjo,,,CollegeFootballData.com API,2026-08-31T17:34:18.724540+00:00,/games,1.3
401015038,2018,11,regular,2018-11-11T00:00:00.000Z,False,True,False,True,16874,3604,Alamodome,2636,UTSA,fbs,Conference USA,7,"[0, 0, 0, 7]",0.0037772712924607596,1111,1035,2229,Florida International,fbs,Conference USA,45,"[0, 17, 7, 21]",0.9962227287075393,1384,1460,1.9861631868,https://www.youtube.com/watch?v=IDNvdGDQ1Uc,,,CollegeFootballData.com API,2026-08-31T17:34:18.724540+00:00,/games,1.3
401013172,2018,11,regular,2018-11-11T00:00:00.000Z,False,True,False,True,48217,721,Bobby Dodd Stadium,59,Georgia Tech,fbs,ACC,27,"[14, 3, 10, 0]",0.8804174916868696,1694,1702,2390,Miami,fbs,ACC,21,"[7, 7, 0, 7]",0.11958250831313044,1711,1703,4.6507561199,https://www.youtube.com/watch?v=HF9HVpVMvAs,,,CollegeFootballData.com API,2026-08-31T17:34:18.724540+00:00,/games,1.3
401019524,2018,11,regular,2018-11-11T00:00:00.000Z,False,True,False,True,29310,3854,Nippert Stadium,2132,Cincinnati,fbs,American Athletic,35,"[7, 7, 21, 0]",0.9966736581291223,1612,1623,58,South Florida,fbs,American Athletic,23,"[9, 7, 7, 0]",0.003326341870877658,1463,1452,4.16064442279999,https://www.youtube.com/watch?v=Q_rI5-z6-g8,,,CollegeFootballData.com API,2026-08-31T17:34:18.724540+00:00,/games,1.3
401015040,2018,11,regular,2018-11-11T00:00:00.000Z,False,True,False,True,15283,3776,Joe Aillet Stadium,2348,Louisiana Tech,fbs,Conference USA,28,"[0, 7, 14, 7]",0.9993623637312177,1411,1407,242,Rice,fbs,Conference USA,13,"[0, 3, 7, 3]",0.0006376362687823267,977,981,2.8957797288,https://www.youtube.com/watch?v=47NBJiC6ep8,,,CollegeFootballData.com API,2026-08-31T17:34:18.724540+00:00,/games,1.3
401019527,2018,11,regular,2018-11-11T00:00:00.000Z,False,True,False,True,30862,4728,TDECU Stadium,248,Houston,fbs,American Athletic,49,"[7, 7, 21, 14]",0.04974713183111697,1619,1600,218,Temple,fbs,American Athletic,59,"[14, 14, 21, 10]",0.950252868168883,1644,1663,5.514445108,https://www.youtube.com/watch?v=Mf8naam9bgA,,,CollegeFootballData.com API,2026-08-31T17:34:18.724540+00:00,/games,1.3
401012334,2018,11,regular,2018-11-11T00:00:00.000Z,False,True,False,True,92746,3917,Sanford Stadium,61,Georgia,fbs,SEC,27,"[3, 17, 0, 7]",0.9965946684274478,1960,1980,2,Auburn,fbs,SEC,10,"[7, 3, 0, 0]",0.0034053315725521838,1776,1756,2.773452263,https://www.youtube.com/watch?v=ZiSPuHfW0u8,,,CollegeFootballData.com API,2026-08-31T17:34:18.724540+00:00,/games,1.3
401012332,2018,11,regular,2018-11-11T00:30:00.000Z,False,True,False,True,64135,3887,Razorback Stadium,8,Arkansas,fbs,SEC,17,"[0, 3, 0, 14]",0.01754710682767048,1392,1412,99,LSU,fbs,SEC,24,"[7, 7, 10, 0]",0.9824528931723295,1861,1841,2.2790555565,https://www.youtube.com/watch?v=5FS6ilO2jkw,,,CollegeFootballData.com API,2026-08-31T17:34:18.724540+00:00,/games,1.3
401013171,2018,11,regular,2018-11-11T00:30:00.000Z,False,True,False,False,77622,3855,Notre Dame Stadium,87,Notre Dame,fbs,FBS Independents,42,"[17, 15, 3, 7]",0.9996062188335793,1870,1904,52,Florida State,fbs,ACC,13,"[0, 6, 7, 0]",0.000393781166420748,1494,1460,0.560815401900001,https://www.youtube.com/watch?v=5H6Ex_nEu_U,,,CollegeFootballData.com API,2026-08-31T17:34:18.724540+00:00,/games,1.3
401013321,2018,11,regular,2018-11-11T00:30:00.000Z,False,True,False,True,60454,3784,Jones AT&T Stadium,2641,Texas Tech,fbs,Big 12,34,"[7, 3, 0, 24]",0.259922677485596,1687,1677,251,Texas,fbs,Big 12,41,"[0, 17, 10, 14]",0.740077322514404,1731,1741,6.4809120183,https://www.youtube.com/watch?v=8_rdYerArxQ,,,CollegeFootballData.com API,2026-08-31T17:34:18.724540+00:00,/games,1.3
401015043,2018,11,regular,2018-11-11T00:30:00.000Z,False,True,False,True,25618,3803,Legion Field,5,UAB,fbs,Conference USA,26,"[0, 7, 13, 0, 6]",0.9072938725529495,1626,1624,2572,Southern Miss,fbs,Conference USA,23,"[7, 6, 0, 7, 3]",0.09270612744705053,1399,1401,7.291066699,,,,CollegeFootballData.com API,2026-08-31T17:34:18.724540+00:00,/games,1.3
401013169,2018,11,regular,2018-11-11T01:00:00.000Z,False,True,False,True,44500,3615,"Alumni Stadium (Chestnut Hill, MA)",103,Boston College,fbs,ACC,7,"[7, 0, 0, 0]",0.003556078009539683,1711,1717,228,Clemson,fbs,ACC,27,"[10, 3, 7, 7]",0.9964439219904603,2282,2276,2.5754384699,https://www.youtube.com/watch?v=Oe8PUpx3VjI,,,CollegeFootballData.com API,2026-08-31T17:34:18.724540+00:00,/games,1.3
401012790,2018,11,regular,2018-11-11T02:00:00.000Z,False,True,False,True,34671,3940,Stanford Stadium,24,Stanford,fbs,Pac-12,48,"[13, 21, 7, 7]",0.9999542447966971,1695,1714,204,Oregon State,fbs,Pac-12,17,"[7, 10, 0, 0]",4.575520330285521e-05,1118,1099,2.6026975457,https://www.youtube.com/watch?v=QQNKCJZ1AbE,,,CollegeFootballData.com API,2026-08-31T17:34:18.724540+00:00,/games,1.3
401012787,2018,11,regular,2018-11-11T03:30:00.000Z,False,True,False,True,56721,477,Los Angeles Memorial Coliseum,30,USC,fbs,Pac-12,14,"[0, 14, 0, 0]",0.6614519104229242,1623,1617,25,California,fbs,Pac-12,15,"[0, 0, 15, 0]",0.33854808957707583,1521,1527,6.7848398095,https://www.youtube.com/watch?v=yeusneFqZss,,,CollegeFootballData.com API,2026-08-31T17:34:18.724540+00:00,/games,1.3
401022558,2018,11,regular,2018-11-11T03:30:00.000Z,False,True,False,True,24986,3932,Qualcomm Stadium,21,San Diego State,fbs,Mountain West,24,"[0, 14, 10, 0]",0.30169592330584105,1569,1533,2439,UNLV,fbs,Mountain West,27,"[6, 7, 0, 14]",0.698304076694159,1117,1153,4.5455977023,https://www.youtube.com/watch?v=n4RtB6zM3KM,,,CollegeFootballData.com API,2026-08-31T17:34:18.724540+00:00,/games,1.3
401022555,2018,11,regular,2018-11-11T03:30:00.000Z,False,True,False,True,13755,3816,Mackay Stadium,2440,Nevada,fbs,Mountain West,49,"[7, 21, 21, 0]",0.9999432833554127,1367,1467,36,Colorado State,fbs,Mountain West,10,"[0, 0, 0, 10]",5.671664458728465e-05,1276,1176,1.0714249927,https://www.youtube.com/watch?v=3pgzabU0Lzk,,,CollegeFootballData.com API,2026-08-31T17:34:18.724540+00:00,/games,1.3
401020780,2018,12,regular,2018-11-13T23:00:00.000Z,False,True,False,True,5503,3919,Scheumann Stadium,2050,Ball State,fbs,Mid-American,42,"[7, 14, 7, 7, 7]",0.4772962447413614,1049,1056,2711,Western Michigan,fbs,Mid-American,41,"[7, 10, 3, 15, 6]",0.5227037552586387,1277,1270,9.6660712063,https://www.youtube.com/watch?v=30r0SJoaEWU,,,CollegeFootballData.com API,2026-08-31T17:34:18.724540+00:00,/games,1.3
401020781,2018,12,regular,2018-11-15T00:00:00.000Z,False,True,False,True,13839,3876,Peden Stadium,195,Ohio,fbs,Mid-American,52,"[14, 17, 14, 7]",0.9981332744852552,1721,1792,2084,Buffalo,fbs,Mid-American,17,"[7, 3, 0, 7]",0.0018667255147447603,1515,1444,2.1628937229,https://www.youtube.com/watch?v=PxSh-a0uaKQ,,,CollegeFootballData.com API,2026-08-31T17:34:18.724540+00:00,/games,1.3
401020782,2018,12,regular,2018-11-15T01:00:00.000Z,False,True,False,True,4878,3764,Huskie Stadium,2459,Northern Illinois,fbs,Mid-American,7,"[0, 0, 7, 0]",0.8366477366374707,1504,1486,193,Miami (OH),fbs,Mid-American,13,"[0, 3, 10, 0]",0.16335226336252928,1405,1423,7.32370789419999,https://www.youtube.com/watch?v=Gf-4efvdYQU,,,CollegeFootballData.com API,2026-08-31T17:34:18.724540+00:00,/games,1.3
401020783,2018,12,regular,2018-11-15T23:00:00.000Z,False,True,False,True,5387,3696,Dix Stadium,2309,Kent State,fbs,Mid-American,34,"[7, 10, 10, 7]",0.015077108947882339,981,977,2649,Toledo,fbs,Mid-American,56,"[14, 14, 21, 7]",0.9849228910521176,1483,1487,2.5292833816,,,,CollegeFootballData.com API,2026-08-31T17:34:18.724540+00:00,/games,1.3
401019529,2018,12,regular,2018-11-16T01:00:00.000Z,False,True,False,True,24209,4728,TDECU Stadium,248,Houston,fbs,American Athletic,48,"[14, 17, 10, 7]",0.9998164419968376,1600,1668,2655,Tulane,fbs,American Athletic,17,"[6, 3, 0, 8]",0.00018355800316238735,1470,1402,1.8227881992,https://www.youtube.com/watch?v=VRoaHs1MfHw,,,CollegeFootballData.com API,2026-08-31T17:34:18.724540+00:00,/games,1.3
401015045,2018,12,regular,2018-11-16T02:30:00.000Z,False,True,False,True,18338,3825,DATCU Stadium,249,North Texas,fbs,Conference USA,41,"[17, 3, 14, 7]",0.9738691329996182,1579,1580,2226,Florida Atlantic,fbs,Conference USA,38,"[7, 14, 10, 7]",0.026130867000381808,1563,1562,7.55071024619999,https://www.youtube.com/watch?v=9kllNMQzBog,,,CollegeFootballData.com API,2026-08-31T17:34:18.724540+00:00,/games,1.3
401019530,2018,12,regular,2018-11-17T02:00:00.000Z,False,True,False,True,15794,3735,Gerald J. Ford Stadium,2567,SMU,fbs,American Athletic,18,"[3, 2, 7, 6]",0.18159854423221578,1349,1354,235,Memphis,fbs,American Athletic,28,"[0, 7, 7, 14]",0.8184014557677842,1660,1655,4.9979612305,https://www.youtube.com/watch?v=n3uPCkddAXs,,,CollegeFootballData.com API,2026-08-31T17:34:18.724540+00:00,/games,1.3
401022560,2018,12,regular,2018-11-17T02:00:00.000Z,False,True,False,True,16883,3971,University Stadium (NM),167,New Mexico,fbs,Mountain West,14,"[0, 7, 0, 7]",0.005171470555671267,1249,1224,68,Boise State,fbs,Mountain West,45,"[14, 10, 7, 14]",0.9948285294443288,1773,1798,0.801902273799999,https://www.youtube.com/watch?v=Kobudl9GwDk,,,CollegeFootballData.com API,2026-08-31T17:34:18.724540+00:00,/games,1.3
401012878,2018,12,regular,2018-11-17T17:00:00.000Z,False,True,False,True,38177,3665,SECU Stadium,120,Maryland,fbs,Big Ten,51,"[17, 7, 7, 14, 6]",0.15540962782066708,1485,1504,194,Ohio State,fbs,Big Ten,52,"[3, 14, 7, 21, 7]",0.8445903721793329,1945,1926,10.2560994171,https://www.youtube.com/watch?v=2czvgPJnQj0,,,CollegeFootballData.com API,2026-08-31T17:34:18.724540+00:00,/games,1.3
401019533,2018,12,regular,2018-11-17T17:00:00.000Z,False,True,False,True,21029,3806,Lincoln Financial Field,218,Temple,fbs,American Athletic,27,"[0, 0, 10, 17]",0.4499633346133829,1663,1666,58,South Florida,fbs,American Athletic,17,"[7, 10, 0, 0]",0.5500366653866171,1452,1449,6.5330267411,https://www.youtube.com/watch?v=7Q1mdAyU4xo,,,CollegeFootballData.com API,2026-08-31T17:34:18.724540+00:00,/games,1.3
401012849,2018,12,regular,2018-11-17T17:00:00.000Z,False,True,False,True,44840,3754,High Point Solutions Stadium,164,Rutgers,fbs,Big Ten,7,"[0, 0, 0, 7]",0.016047407290398566,1098,1135,213,Penn State,fbs,Big Ten,20,"[3, 10, 0, 7]",0.9839525927096014,1914,1877,1.7039267214,https://www.youtube.com/watch?v=LDB0ad7xBos,,,CollegeFootballData.com API,2026-08-31T17:34:18.724540+00:00,/games,1.3
401013334,2018,12,regular,2018-11-17T17:00:00.000Z,False,True,False,True,32134,3953,Huntington Bank Stadium,135,Minnesota,fbs,Big Ten,14,"[0, 7, 0, 7]",0.06366335786039853,1491,1486,77,Northwestern,fbs,Big Ten,24,"[7, 6, 0, 11]",0.9363366421396014,1678,1683,5.1967272906,https://www.youtube.com/watch?v=qLn_xZaDVrE,,,CollegeFootballData.com API,2026-08-31T17:34:18.724540+00:00,/games,1.3
401012887,2018,12,regular,2018-11-17T17:00:00.000Z,False,True,False,True,88793,3834,"Memorial Stadium (Lincoln, NE)",158,Nebraska,fbs,Big Ten,9,"[0, 0, 0, 9]",0.7142320930061122,1453,1457,127,Michigan State,fbs,Big Ten,6,"[3, 0, 0, 3]",0.28576790699388777,1692,1688,8.2254778155,https://www.youtube.com/watch?v=JBib78M5Xzk,,,CollegeFootballData.com API,2026-08-31T17:34:18.724540+00:00,/games,1.3
401012344,2018,12,regular,2018-11-17T17:00:00.000Z,False,True,False,True,57772,3693,Davis Wade Stadium,344,Mississippi State,fbs,SEC,52,"[3, 14, 21, 14]",0.9999888827169008,1827,1908,8,Arkansas,fbs,SEC,6,"[0, 3, 3, 0]",1.1117283099215669e-05,1412,1331,0.7666758996,,,,CollegeFootballData.com API,2026-08-31T17:34:18.724540+00:00,/games,1.3
401012340,2018,12,regular,2018-11-17T17:00:00.000Z,False,True,False,False,81467,3634,Ben Hill Griffin Stadium,57,Florida,fbs,SEC,63,"[28, 21, 7, 7]",0.999995374072707,,,70,Idaho,fcs,Big Sky,10,"[0, 0, 3, 7]",4.625927293000487e-06,,,0.0180615116000002,https://www.youtube.com/watch?v=hG4xTPMTUEs,,,CollegeFootballData.com API,2026-08-31T17:34:18.724540+00:00,/games,1.3
401013036,2018,12,regular,2018-11-17T17:00:00.000Z,False,True,False,True,45140,4727,McLane Stadium,239,Baylor,fbs,Big 12,9,"[6, 0, 3, 0]",0.750145722183778,1375,1376,2628,TCU,fbs,Big 12,16,"[3, 6, 7, 0]",0.24985427781622205,1566,1565,6.5182349985,https://www.youtube.com/watch?v=HLVyR1NmmSI,,,CollegeFootballData.com API,2026-08-31T17:34:18.724540+00:00,/games,1.3
401013375,2018,12,regular,2018-11-17T17:00:00.000Z,False,True,False,False,26086,3841,Michie Stadium,349,Army,fbs,FBS Independents,28,"[7, 7, 0, 14]",0.998068933855095,,,2142,Colgate,fcs,Patriot,14,"[0, 0, 7, 7]",0.0019310661449050137,,,2.2264404592,https://www.youtube.com/watch?v=uvrgrY966-0,,,CollegeFootballData.com API,2026-08-31T17:34:18.724540+00:00,/games,1.3
401012342,2018,12,regular,2018-11-17T17:00:00.000Z,False,True,False,False,47535,3683,Kroger Field,96,Kentucky,fbs,SEC,34,"[17, 7, 7, 3]",0.9804809227449106,1564,1575,2393,Middle Tennessee,fbs,Conference USA,23,"[0, 10, 6, 7]",0.01951907725508939,1448,1437,1.4492626507,,,,CollegeFootballData.com API,2026-08-31T17:34:18.724540+00:00,/games,1.3
401012338,2018,12,regular,2018-11-17T17:00:00.000Z,False,True,False,False,101681,3657,Bryant-Denny Stadium,333,Alabama,fbs,SEC,50,"[7, 3, 27, 13]",0.9999926251129967,,,2643,The Citadel,fcs,Southern,17,"[0, 10, 0, 7]",7.374887003308572e-06,,,0.1602315864,https://www.youtube.com/watch?v=Ifi-DqVfNWA,,,CollegeFootballData.com API,2026-08-31T17:34:18.724540+00:00,/games,1.3
401013181,2018,12,regular,2018-11-17T17:00:00.000Z,False,True,False,True,25609,3630,Allegacy Federal Credit Union Stadium,154,Wake Forest,fbs,ACC,13,"[3, 7, 0, 3]",0.007675434034683535,1438,1403,221,Pittsburgh,fbs,ACC,34,"[0, 6, 14, 14]",0.9923245659653165,1602,1637,5.5282149506,https://www.youtube.com/watch?v=oWM0YL5X9uE,,,CollegeFootballData.com API,2026-08-31T17:34:18.724540+00:00,/games,1.3
401013178,2018,12,regular,2018-11-17T17:20:00.000Z,False,True,False,True,48265,3873,L&N Federal Credit Union Stadium,97,Louisville,fbs,ACC,10,"[3, 0, 0, 7]",0.0038334153113016045,1239,1168,152,NC State,fbs,ACC,52,"[7, 10, 21, 14]",0.9961665846886983,1652,1723,1.6568154223,https://www.youtube.com/watch?v=JweSsca5zCc,,,CollegeFootballData.com API,2026-08-31T17:34:18.724540+00:00,/games,1.3
401012792,2018,12,regular,2018-11-17T18:30:00.000Z,False,True,False,True,39360,3726,Folsom Field,38,Colorado,fbs,Pac-12,7,"[7, 0, 0, 0]",0.004286037870072587,1469,1440,254,Utah,fbs,Pac-12,30,"[0, 7, 17, 6]",0.9957139621299275,1748,1777,4.3192085807,https://www.youtube.com/watch?v=Wfr9ryxr0j4,,,CollegeFootballData.com API,2026-08-31T17:34:18.724540+00:00,/games,1.3
401015048,2018,12,regular,2018-11-17T19:00:00.000Z,False,True,False,False,20118,3918,S.B. Ballard Stadium,295,Old Dominion,fbs,Conference USA,77,"[21, 28, 14, 14]",0.9984957982976821,,,2678,VMI,fcs,Southern,14,"[0, 0, 14, 0]",0.0015042017023179088,,,0.151409964299999,https://www.youtube.com/watch?v=RTbqzXLMrUw,,,CollegeFootballData.com API,2026-08-31T17:34:18.724540+00:00,/games,1.3
401022561,2018,12,regular,2018-11-17T19:00:00.000Z,False,True,False,True,19226,5388,Canvas Stadium,36,Colorado State,fbs,Mountain West,24,"[0, 7, 10, 7]",0.3947854695603834,1176,1206,328,Utah State,fbs,Mountain West,29,"[3, 7, 10, 9]",0.6052145304396166,1812,1782,3.6584214421,https://www.youtube.com/watch?v=Y4gJ5gqs3xI,,,CollegeFootballData.com API,2026-08-31T17:34:18.724540+00:00,/games,1.3
401015044,2018,12,regular,2018-11-17T19:00:00.000Z,False,True,False,True,13371,4418,Jerry Richardson Stadium,2429,Charlotte,fbs,Conference USA,35,"[7, 7, 7, 14]",0.36415971716745993,1150,1159,2229,Florida International,fbs,Conference USA,42,"[10, 10, 7, 15]",0.63584028283254,1460,1451,4.457792963,https://www.youtube.com/watch?v=8SFDKtrif2Q,,,CollegeFootballData.com API,2026-08-31T17:34:18.724540+00:00,/games,1.3
401021692,2018,12,regular,2018-11-17T19:30:00.000Z,False,True,False,True,22315,3792,Kidd Brewer Stadium,2026,App State,fbs,Sun Belt,45,"[14, 3, 14, 14]",0.9999521974769119,1710,1726,2247,Georgia State,fbs,Sun Belt,17,"[7, 0, 3, 7]",4.780252308811406e-05,1186,1170,3.143036324,,,,CollegeFootballData.com API,2026-08-31T17:34:18.724540+00:00,/games,1.3
401013182,2018,12,regular,2018-11-17T19:30:00.000Z,False,True,True,False,48104,4102,Yankee Stadium,87,Notre Dame,fbs,FBS Independents,36,"[13, 7, 9, 7]",0.999946249676279,1904,1967,183,Syracuse,fbs,ACC,3,"[0, 0, 0, 3]",5.3750323721013515e-05,1616,1553,1.5999247076,https://www.youtube.com/watch?v=11hLiWeGVPM,,,CollegeFootballData.com API,2026-08-31T17:34:18.724540+00:00,/games,1.3
401015047,2018,12,regular,2018-11-17T19:30:00.000Z,False,True,False,True,18502,3775,Joan C. Edwards Stadium,276,Marshall,fbs,Conference USA,23,"[10, 10, 3, 0]",0.9999072863042623,1531,1538,2636,UTSA,fbs,Conference USA,0,"[0, 0, 0, 0]",9.271369573771171e-05,1035,1028,0.521059938199999,https://www.youtube.com/watch?v=f7zf6zWutps,,,CollegeFootballData.com API,2026-08-31T17:34:18.724540+00:00,/games,1.3
401021693,2018,12,regular,2018-11-17T20:00:00.000Z,False,True,False,True,20012,3625,Centennial Bank Stadium,2032,Arkansas State,fbs,Sun Belt,31,"[7, 10, 14, 0]",0.9538657442024766,1520,1529,2433,UL Monroe,fbs,Sun Belt,17,"[0, 7, 10, 0]",0.046134255797523394,1282,1273,2.94313085499999,https://www.youtube.com/watch?v=4_yByEgeSlk,,,CollegeFootballData.com API,2026-08-31T17:34:18.724540+00:00,/games,1.3
401013180,2018,12,regular,2018-11-17T20:00:00.000Z,False,True,False,False,41151,3787,Kenan Stadium,153,North Carolina,fbs,ACC,49,"[14, 21, 14, 0]",0.9994360583363485,,,2717,Western Carolina,fcs,Southern,26,"[7, 9, 3, 7]",0.0005639416636514794,,,0.573417821999999,https://www.youtube.com/watch?v=2-FXKOp95yU,,,CollegeFootballData.com API,2026-08-31T17:34:18.724540+00:00,/games,1.3
401022562,2018,12,regular,2018-11-17T20:00:00.000Z,False,True,False,True,12271,3935,CEFCU Stadium,23,San José State,fbs,Mountain West,12,"[6, 0, 6, 0]",0.07329284756666715,1014,1031,2440,Nevada,fbs,Mountain West,21,"[0, 7, 7, 7]",0.9267071524333328,1467,1450,5.44761648709999,https://www.youtube.com/watch?v=IvMi-5MqxWI,,,CollegeFootballData.com API,2026-08-31T17:34:18.724540+00:00,/games,1.3
401013177,2018,12,regular,2018-11-17T20:30:00.000Z,False,True,False,True,37543,721,Bobby Dodd Stadium,59,Georgia Tech,fbs,ACC,30,"[13, 3, 0, 11, 3]",0.01936028078052451,1702,1701,258,Virginia,fbs,ACC,27,"[14, 7, 0, 6, 0]",0.9806397192194755,1561,1562,8.1628680817,https://www.youtube.com/watch?v=CCXVuiGfuSw,,,CollegeFootballData.com API,2026-08-31T17:34:18.724540+00:00,/games,1.3
401012814,2018,12,regular,2018-11-17T20:30:00.000Z,False,True,False,True,33313,3832,"Memorial Stadium (Champaign, IL)",356,Illinois,fbs,Big Ten,0,"[0, 0, 0, 0]",0.0035421292797173875,1243,1125,2294,Iowa,fbs,Big Ten,63,"[7, 28, 14, 14]",0.9964578707202826,1813,1931,1.0060986854,https://www.youtube.com/watch?v=QYjK3N0ega4,,,CollegeFootballData.com API,2026-08-31T17:34:18.724540+00:00,/games,1.3
401013327,2018,12,regular,2018-11-17T20:30:00.000Z,False,True,False,True,52842,3646,Boone Pickens Stadium,197,Oklahoma State,fbs,Big 12,45,"[7, 7, 10, 21]",0.8269427509323232,1691,1699,277,West Virginia,fbs,Big 12,41,"[14, 17, 0, 10]",0.17305724906767683,1857,1849,6.36825656189999,https://www.youtube.com/watch?v=c-WKysff06E,,,CollegeFootballData.com API,2026-08-31T17:34:18.724540+00:00,/games,1.3
401013064,2018,12,regular,2018-11-17T20:30:00.000Z,False,True,False,True,47287,3636,Bill Snyder Family Stadium,2306,Kansas State,fbs,Big 12,21,"[0, 10, 5, 6]",0.973616413934114,1550,1593,2641,Texas Tech,fbs,Big 12,6,"[6, 0, 0, 0]",0.026383586065885978,1677,1634,4.8994656855,https://www.youtube.com/watch?v=fS8-erBuKFY,,,CollegeFootballData.com API,2026-08-31T17:34:18.724540+00:00,/games,1.3
401021696,2018,12,regular,2018-11-17T20:30:00.000Z,False,True,False,True,20437,3975,Veterans Memorial Stadium (AL),2653,Troy,fbs,Sun Belt,12,"[3, 6, 0, 3]",0.7106380248270626,1560,1547,326,Texas State,fbs,Sun Belt,7,"[0, 0, 0, 7]",0.2893619751729374,1084,1097,2.4261069224,https://www.youtube.com/watch?v=b_Evnsfi5GI,,,CollegeFootballData.com API,2026-08-31T17:34:18.724540+00:00,/games,1.3
401012791,2018,12,regular,2018-11-17T20:30:00.000Z,False,True,False,True,57116,1056,Rose Bowl,26,UCLA,fbs,Pac-12,34,"[14, 7, 0, 13]",0.9003033082106421,1361,1386,30,USC,fbs,Pac-12,27,"[10, 14, 3, 0]",0.09969669178935792,1617,1592,6.2441539305,https://www.youtube.com/watch?v=OAWuwwf9LfQ,,,CollegeFootballData.com API,2026-08-31T17:34:18.724540+00:00,/games,1.3
401019534,2018,12,regular,2018-11-17T20:30:00.000Z,False,True,False,True,31517,3852,Navy-Marine Corps Memorial Stadium,2426,Navy,fbs,American Athletic,37,"[7, 20, 3, 7]",0.9960268644501987,1341,1352,202,Tulsa,fbs,American Athletic,29,"[7, 9, 0, 13]",0.003973135549801277,1329,1318,3.47364251,https://www.youtube.com/watch?v=eeahMzPQkgk,,,CollegeFootballData.com API,2026-08-31T17:34:18.724540+00:00,/games,1.3
401013175,2018,12,regular,2018-11-17T20:30:00.000Z,False,True,False,True,57274,3697,Doak Campbell Stadium,52,Florida State,fbs,ACC,22,"[0, 6, 7, 9]",0.45882232618577057,1460,1468,103,Boston College,fbs,ACC,21,"[0, 7, 7, 7]",0.5411776738142294,1717,1709,8.3189792929,https://www.youtube.com/watch?v=eP6mA8aKQcA,,,CollegeFootballData.com API,2026-08-31T17:34:18.724540+00:00,/games,1.3
401012346,2018,12,regular,2018-11-17T20:30:00.000Z,False,True,False,True,88224,3853,Neyland Stadium,2633,Tennessee,fbs,SEC,17,"[0, 10, 7, 0]",0.0039323112864266515,1453,1399,142,Missouri,fbs,SEC,50,"[6, 20, 14, 10]",0.9960676887135733,1774,1828,2.86010272789999,https://www.youtube.com/watch?v=sF71aaulaQQ,,,CollegeFootballData.com API,2026-08-31T17:34:18.724540+00:00,/games,1.3
401013179,2018,12,regular,2018-11-17T20:30:00.000Z,False,True,False,True,62379,3799,Lane Stadium,259,Virginia Tech,fbs,ACC,14,"[7, 7, 0, 0]",0.17850716227324495,1503,1463,2390,Miami,fbs,ACC,38,"[3, 14, 21, 0]",0.8214928377267551,1703,1743,4.1396763988,https://www.youtube.com/watch?v=YF5rr3tjetU,,,CollegeFootballData.com API,2026-08-31T17:34:18.724540+00:00,/games,1.3
401020784,2018,12,regular,2018-11-17T20:30:00.000Z,False,True,False,True,17742,3768,InfoCision Stadium,2006,Akron,fbs,Mid-American,6,"[3, 3, 0, 0]",0.028878346726960748,1197,1146,189,Bowling Green,fbs,Mid-American,21,"[0, 7, 7, 7]",0.9711216532730392,1046,1097,6.1645822453,,,,CollegeFootballData.com API,2026-08-31T17:34:18.724540+00:00,/games,1.3
401013353,2018,12,regular,2018-11-17T20:30:00.000Z,False,True,False,True,46114,3907,Ross-Ade Stadium,2509,Purdue,fbs,Big Ten,44,"[0, 10, 14, 3, 7, 7, 3]",0.05880412505962233,1638,1640,275,Wisconsin,fbs,Big Ten,47,"[0, 3, 10, 14, 7, 7, 6]",0.9411958749403777,1740,1738,8.7045783025,https://www.youtube.com/watch?v=UJFVexMv3ko,,,CollegeFootballData.com API,2026-08-31T17:34:18.724540+00:00,/games,1.3
401015046,2018,12,regular,2018-11-17T20:30:00.000Z,False,True,False,True,19142,3815,M. M. Roberts Stadium,2572,Southern Miss,fbs,Conference USA,21,"[7, 7, 0, 7]",0.5105281451758806,1401,1402,2348,Louisiana Tech,fbs,Conference USA,20,"[7, 10, 0, 3]",0.48947185482411937,1407,1406,7.6286200886,https://www.youtube.com/watch?v=mE5dKuthZNw,,,CollegeFootballData.com API,2026-08-31T17:34:18.724540+00:00,/games,1.3
401022559,2018,12,regular,2018-11-17T21:00:00.000Z,False,True,False,True,14966,3984,War Memorial Stadium,2751,Wyoming,fbs,Mountain West,35,"[14, 0, 0, 21]",0.7289656987315298,1419,1438,2005,Air Force,fbs,Mountain West,27,"[7, 10, 7, 3]",0.27103430126847017,1522,1503,4.7668057229,https://www.youtube.com/watch?v=T-dGQ4gBjCU,,,CollegeFootballData.com API,2026-08-31T17:34:18.724540+00:00,/games,1.3
401012339,2018,12,regular,2018-11-17T21:00:00.000Z,False,True,False,False,81129,3785,Jordan-Hare Stadium,2,Auburn,fbs,SEC,53,"[15, 17, 21, 0]",0.9999899227801112,1756,1857,2335,Liberty,fbs,FBS Independents,0,"[0, 0, 0, 0]",1.0077219888771083e-05,1319,1218,0.2214266924,https://www.youtube.com/watch?v=CcqBSJlRH5k,,,CollegeFootballData.com API,2026-08-31T17:34:18.724540+00:00,/games,1.3
401012860,2018,12,regular,2018-11-17T21:00:00.000Z,False,True,False,True,110118,3558,Michigan Stadium,130,Michigan,fbs,Big Ten,31,"[3, 12, 10, 6]",0.712046735300975,2053,2035,84,Indiana,fbs,Big Ten,20,"[7, 10, 0, 3]",0.28795326469902505,1499,1517,2.33106909749999,https://www.youtube.com/watch?v=YrKTOvlk9P0,,,CollegeFootballData.com API,2026-08-31T17:34:18.724540+00:00,/games,1.3
401012341,2018,12,regular,2018-11-17T21:00:00.000Z,False,True,False,False,92746,3917,Sanford Stadium,61,Georgia,fbs,SEC,66,"[14, 28, 17, 7]",0.9999774597184384,1980,1995,113,Massachusetts,fbs,FBS Independents,27,"[7, 6, 7, 7]",2.2540281561567177e-05,1156,1141,0.0646942400000011,https://www.youtube.com/watch?v=IQj-tHjQHB4,,,CollegeFootballData.com API,2026-08-31T17:34:18.724540+00:00,/games,1.3
401012794,2018,12,regular,2018-11-17T21:30:00.000Z,False,True,False,True,66469,3765,Husky Stadium,264,Washington,fbs,Pac-12,42,"[28, 7, 7, 0]",0.9987959660914069,1844,1823,204,Oregon State,fbs,Pac-12,23,"[3, 13, 0, 7]",0.0012040339085931384,1099,1120,0.3149867309,https://www.youtube.com/watch?v=lw6yET_zMlM,,,CollegeFootballData.com API,2026-08-31T17:34:18.724540+00:00,/games,1.3
401021695,2018,12,regular,2018-11-17T22:00:00.000Z,False,True,False,True,15168,3666,Cajun Field,309,Louisiana,fbs,Sun Belt,48,"[10, 14, 17, 7]",0.91055882475102,1307,1303,6,South Alabama,fbs,Sun Belt,38,"[0, 17, 7, 14]",0.08944117524897999,995,999,2.3982481846,,,,CollegeFootballData.com API,2026-08-31T17:34:18.724540+00:00,/games,1.3
401021694,2018,12,regular,2018-11-17T22:00:00.000Z,False,True,False,True,9886,3654,Brooks Stadium (SC),324,Coastal Carolina,fbs,Sun Belt,17,"[7, 3, 0, 7]",0.00821066624547094,1172,1137,290,Georgia Southern,fbs,Sun Belt,41,"[3, 10, 21, 7]",0.991789333754529,1422,1457,2.8555559389,,,,CollegeFootballData.com API,2026-08-31T17:34:18.724540+00:00,/games,1.3
401013176,2018,12,regular,2018-11-18T00:00:00.000Z,False,True,False,True,81313,3836,"Memorial Stadium (Clemson, SC)",228,Clemson,fbs,ACC,35,"[0, 14, 14, 7]",0.9999653041632954,2276,2282,150,Duke,fbs,ACC,6,"[6, 0, 0, 0]",3.4695836704567995e-05,1621,1615,1.412670148,https://www.youtube.com/watch?v=CPga5HI6XV4,,,CollegeFootballData.com API,2026-08-31T17:34:18.724540+00:00,/games,1.3
401012347,2018,12,regular,2018-11-18T00:00:00.000Z,False,True,False,False,97584,3795,Kyle Field,245,Texas A&M,fbs,SEC,41,"[14, 10, 10, 7]",0.9922936727530665,1678,1722,5,UAB,fbs,Conference USA,20,"[7, 0, 0, 13]",0.007706327246933542,1624,1580,1.31744340699999,https://www.youtube.com/watch?v=Gpanp1thU60,,,CollegeFootballData.com API,2026-08-31T17:34:18.724540+00:00,/games,1.3
401019532,2018,12,regular,2018-11-18T00:00:00.000Z,False,True,False,True,27234,3699,Dowdy-Ficklen Stadium,151,East Carolina,fbs,American Athletic,55,"[7, 27, 14, 7]",0.997508794350931,1217,1278,41,UConn,fbs,American Athletic,21,"[7, 14, 0, 0]",0.002491205649069017,948,887,2.2519412709,https://www.youtube.com/watch?v=HrqBIwbug2U,,,CollegeFootballData.com API,2026-08-31T17:34:18.724540+00:00,/games,1.3
401013055,2018,12,regular,2018-11-18T00:30:00.000Z,False,True,False,True,86371,3835,"Memorial Stadium (Norman, OK)",201,Oklahoma,fbs,Big 12,55,"[7, 14, 14, 20]",0.9540257960645513,2053,2025,2305,Kansas,fbs,Big 12,40,"[7, 3, 7, 23]",0.04597420393544871,1278,1306,0.5981052266,https://www.youtube.com/watch?v=y5UXP90Mgc4,,,CollegeFootballData.com API,2026-08-31T17:34:18.724540+00:00,/games,1.3
401015049,2018,12,regular,2018-11-18T00:30:00.000Z,False,True,False,True,6221,3796,Houchens Industries-L.T. Smith Stadium,98,Western Kentucky,fbs,Conference USA,40,"[27, 13, 0, 0]",0.9998712618654314,1201,1245,2638,UTEP,fbs,Conference USA,16,"[0, 0, 8, 8]",0.00012873813456859562,1059,1015,0.7544432427,,,,CollegeFootballData.com API,2026-08-31T17:34:18.724540+00:00,/games,1.3
401012345,2018,12,regular,2018-11-18T00:30:00.000Z,False,True,False,False,72832,3994,Williams-Brice Stadium,2579,South Carolina,fbs,SEC,49,"[14, 14, 7, 14]",0.999940136641029,,,236,Chattanooga,fcs,Southern,9,"[0, 3, 0, 6]",5.9863358971012914e-05,,,0.22537405,https://www.youtube.com/watch?v=BGbXiGop6ko,,,CollegeFootballData.com API,2026-08-31T17:34:18.724540+00:00,/games,1.3
401012343,2018,12,regular,2018-11-18T00:30:00.000Z,False,True,False,False,100323,3958,Tiger Stadium (LA),99,LSU,fbs,SEC,42,"[14, 14, 7, 7]",0.9999782095791765,1841,1836,242,Rice,fbs,Conference USA,10,"[0, 3, 0, 7]",2.1790420823508683e-05,981,986,0.0754637229000011,https://www.youtube.com/watch?v=Vnnqf4PCwl0,,,CollegeFootballData.com API,2026-08-31T17:34:18.724540+00:00,/games,1.3
401012348,2018,12,regular,2018-11-18T00:30:00.000Z,False,True,False,True,24866,3973,FirstBank Stadium,238,Vanderbilt,fbs,SEC,36,"[0, 12, 14, 3, 7]",0.40430416622673787,1509,1519,145,Ole Miss,fbs,SEC,29,"[3, 10, 6, 10, 0]",0.5956958337732621,1516,1506,8.8106505873,https://www.youtube.com/watch?v=PywD1zy1Kq8,,,CollegeFootballData.com API,2026-08-31T17:34:18.724540+00:00,/games,1.3
401013046,2018,12,regular,2018-11-18T01:00:00.000Z,False,True,False,True,102498,3910,DKR-Texas Memorial Stadium,251,Texas,fbs,Big 12,24,"[7, 10, 7, 0]",0.9981038407478257,1741,1768,66,Iowa State,fbs,Big 12,10,"[3, 0, 0, 7]",0.0018961592521743453,1732,1705,3.09669700909999,https://www.youtube.com/watch?v=3Ph6noNt4d0,,,CollegeFootballData.com API,2026-08-31T17:34:18.724540+00:00,/games,1.3
401019531,2018,12,regular,2018-11-18T01:00:00.000Z,False,True,False,True,47795,3652,FBC Mortgage Stadium,2116,UCF,fbs,American Athletic,38,"[7, 14, 7, 10]",0.9997045559551863,1848,1886,2132,Cincinnati,fbs,American Athletic,13,"[6, 0, 0, 7]",0.00029544404481374187,1623,1585,3.2940355074,https://www.youtube.com/watch?v=0oHvYwzEoeg,,,CollegeFootballData.com API,2026-08-31T17:34:18.724540+00:00,/games,1.3
401013446,2018,12,regular,2018-11-18T03:15:00.000Z,False,True,False,False,47505,3801,LaVell Edwards Stadium,252,BYU,fbs,FBS Independents,45,"[7, 24, 7, 7]",0.9998216209332098,1465,1511,166,New Mexico State,fbs,FBS Independents,10,"[7, 0, 3, 0]",0.00017837906679019078,1047,1001,3.6854567309,https://www.youtube.com/watch?v=1-3d-Dg7j-4,,,CollegeFootballData.com API,2026-08-31T17:34:18.724540+00:00,/games,1.3
401012795,2018,12,regular,2018-11-18T03:30:00.000Z,False,True,False,True,22400,3820,Gesa Field,265,Washington State,fbs,Pac-12,69,"[21, 34, 0, 14]",0.9972760228947685,1715,1810,12,Arizona,fbs,Pac-12,28,"[7, 7, 14, 0]",0.0027239771052315342,1537,1442,0.908568354999999,https://www.youtube.com/watch?v=bYLTiNQy2Hk,,,CollegeFootballData.com API,2026-08-31T17:34:18.724540+00:00,/games,1.3
401022563,2018,12,regular,2018-11-18T03:30:00.000Z,False,True,False,True,36123,3660,Valley Children's Stadium,278,Fresno State,fbs,Mountain West,23,"[7, 3, 7, 6]",0.9846060580216915,1795,1793,21,San Diego State,fbs,Mountain West,14,"[7, 7, 0, 0]",0.015393941978308456,1533,1535,4.41332141209999,https://www.youtube.com/watch?v=Gpc7jg_qIlw,,,CollegeFootballData.com API,2026-08-31T17:34:18.724540+00:00,/games,1.3
401012793,2018,12,regular,2018-11-18T03:30:00.000Z,False,True,False,True,50485,3626,Autzen Stadium,2483,Oregon,fbs,Pac-12,31,"[7, 21, 0, 3]",0.5607977920877375,1576,1578,9,Arizona State,fbs,Pac-12,29,"[3, 10, 3, 13]",0.4392022079122625,1673,1671,5.0700818366,https://www.youtube.com/watch?v=zJuMqCP8fuo,,,CollegeFootballData.com API,2026-08-31T17:34:18.724540+00:00,/games,1.3
401022564,2018,12,regular,2018-11-18T04:00:00.000Z,False,True,False,True,25697,3610,Aloha Stadium,62,Hawai'i,fbs,Mountain West,35,"[3, 3, 7, 22]",0.9869449744081531,1173,1181,2439,UNLV,fbs,Mountain West,28,"[7, 14, 0, 7]",0.013055025591846903,1153,1145,5.9310788551,https://www.youtube.com/watch?v=MgQ8IhbYHjc,,,CollegeFootballData.com API,2026-08-31T17:34:18.724540+00:00,/games,1.3
401020786,2018,13,regular,2018-11-21T00:00:00.000Z,False,True,False,True,18278,3980,Waldo Stadium,2711,Western Michigan,fbs,Mid-American,28,"[7, 6, 8, 7]",0.9970729117671554,1270,1293,2459,Northern Illinois,fbs,Mid-American,21,"[7, 0, 14, 0]",0.002927088232844599,1486,1463,10.2745855450999,,,,CollegeFootballData.com API,2026-08-31T17:34:18.724540+00:00,/games,1.3
401020785,2018,13,regular,2018-11-21T00:00:00.000Z,False,True,False,True,17639,3996,Yager Stadium,193,Miami (OH),fbs,Mid-American,42,"[7, 14, 14, 7]",0.9884937414898796,1423,1437,2050,Ball State,fbs,Mid-American,21,"[14, 7, 0, 0]",0.011506258510120437,1056,1042,4.3198991615,,,,CollegeFootballData.com API,2026-08-31T17:34:18.724540+00:00,/games,1.3
401022565,2018,13,regular,2018-11-22T20:30:00.000Z,False,True,False,True,17432,3713,Falcon Stadium,2005,Air Force,fbs,Mountain West,27,"[7, 10, 0, 10]",0.8268355315148627,1503,1498,36,Colorado State,fbs,Mountain West,19,"[0, 13, 0, 6]",0.17316446848513734,1206,1211,3.9708663332,https://www.youtube.com/watch?v=N7qisMS7amc,,,CollegeFootballData.com API,2026-08-31T17:34:18.724540+00:00,/games,1.3
401012349,2018,13,regular,2018-11-23T00:30:00.000Z,False,True,False,True,56561,3974,Vaught-Hemingway Stadium,145,Ole Miss,fbs,SEC,3,"[0, 3, 0, 0]",0.0040883127539773105,1506,1465,344,Mississippi State,fbs,SEC,35,"[7, 14, 7, 7]",0.9959116872460226,1908,1949,2.04658345059999,https://www.youtube.com/watch?v=iM_pu1jMESI,,,CollegeFootballData.com API,2026-08-31T17:34:18.724540+00:00,/games,1.3
401013056,2018,13,regular,2018-11-23T17:00:00.000Z,False,True,False,True,15219,3833,Memorial Stadium,2305,Kansas,fbs,Big 12,17,"[0, 0, 0, 17]",0.06057803678406433,1306,1325,251,Texas,fbs,Big 12,24,"[7, 0, 14, 3]",0.9394219632159356,1768,1749,2.6190772109,https://www.youtube.com/watch?v=yPTD9bi-4ao,,,CollegeFootballData.com API,2026-08-31T17:34:18.724540+00:00,/games,1.3
401012871,2018,13,regular,2018-11-23T17:00:00.000Z,False,True,False,True,65299,3793,Kinnick Stadium,2294,Iowa,fbs,Big Ten,31,"[7, 14, 7, 3]",0.6978494608462641,1931,1926,158,Nebraska,fbs,Big Ten,28,"[7, 6, 0, 15]",0.3021505391537359,1457,1462,4.61959825099999,https://www.youtube.com/watch?v=Kb_58houLEg,,,CollegeFootballData.com API,2026-08-31T17:34:18.724540+00:00,/games,1.3
401020788,2018,13,regular,2018-11-23T17:00:00.000Z,False,True,False,True,10518,3700,Doyt L. Perry Stadium,189,Bowling Green,fbs,Mid-American,14,"[7, 0, 0, 7]",0.0036173376056288322,1097,1055,2084,Buffalo,fbs,Mid-American,44,"[13, 21, 7, 3]",0.9963826623943711,1444,1486,2.2831327069,,,,CollegeFootballData.com API,2026-08-31T17:34:18.724540+00:00,/games,1.3
401020790,2018,13,regular,2018-11-23T17:00:00.000Z,False,True,False,True,6125,3696,Dix Stadium,2309,Kent State,fbs,Mid-American,20,"[10, 0, 7, 3]",0.1065892014231876,977,997,2199,Eastern Michigan,fbs,Mid-American,28,"[7, 14, 7, 0]",0.8934107985768124,1467,1447,4.1048844064,,,,CollegeFootballData.com API,2026-08-31T17:34:18.724540+00:00,/games,1.3
401020789,2018,13,regular,2018-11-23T17:00:00.000Z,False,True,False,True,15521,3739,Glass Bowl,2649,Toledo,fbs,Mid-American,51,"[14, 10, 13, 14]",0.99941713544304,1487,1555,2117,Central Michigan,fbs,Mid-American,13,"[0, 0, 0, 13]",0.0005828645569599944,1173,1105,1.7372936855,,,,CollegeFootballData.com API,2026-08-31T17:34:18.724540+00:00,/games,1.3
401019537,2018,13,regular,2018-11-23T17:00:00.000Z,False,True,False,True,27790,3805,Simmons Bank Liberty Stadium,235,Memphis,fbs,American Athletic,52,"[3, 14, 14, 21]",0.996441579320746,1655,1706,248,Houston,fbs,American Athletic,31,"[7, 14, 10, 0]",0.0035584206792540485,1668,1617,6.87501845669999,https://www.youtube.com/watch?v=pPxDCCmZyY8,,,CollegeFootballData.com API,2026-08-31T17:34:18.724540+00:00,/games,1.3
401020787,2018,13,regular,2018-11-23T17:00:00.000Z,False,True,False,True,12938,3876,Peden Stadium,195,Ohio,fbs,Mid-American,49,"[21, 7, 7, 14]",0.9772469399397515,1792,1782,2006,Akron,fbs,Mid-American,28,"[0, 7, 7, 14]",0.022753060060248465,1146,1156,0.671747405299999,,,,CollegeFootballData.com API,2026-08-31T17:34:18.724540+00:00,/games,1.3
401012354,2018,13,regular,2018-11-23T19:30:00.000Z,False,True,False,True,52482,3838,Memorial Stadium,142,Missouri,fbs,SEC,38,"[7, 21, 10, 0]",0.9999444470676487,1828,1874,8,Arkansas,fbs,SEC,0,"[0, 0, 0, 0]",5.5552932351266016e-05,1331,1285,0.4074078183,https://www.youtube.com/watch?v=kCnj5vCfzlE,,,CollegeFootballData.com API,2026-08-31T17:34:18.724540+00:00,/games,1.3
401021699,2018,13,regular,2018-11-23T20:00:00.000Z,False,True,False,True,10670,3797,Ladd Peebles Stadium,6,South Alabama,fbs,Sun Belt,31,"[10, 14, 7, 0]",0.6492236335264007,999,1002,324,Coastal Carolina,fbs,Sun Belt,28,"[0, 7, 7, 14]",0.35077636647359933,1137,1134,3.7033411852,,,,CollegeFootballData.com API,2026-08-31T17:34:18.724540+00:00,/games,1.3
401019536,2018,13,regular,2018-11-23T20:30:00.000Z,False,True,False,True,21230,3854,Nippert Stadium,2132,Cincinnati,fbs,American Athletic,56,"[21, 21, 7, 7]",0.999737423482375,1585,1694,151,East Carolina,fbs,American Athletic,6,"[0, 6, 0, 0]",0.00026257651762495726,1278,1169,1.6104210649,https://www.youtube.com/watch?v=AzFhxxB6fZI,,,CollegeFootballData.com API,2026-08-31T17:34:18.724540+00:00,/games,1.3
401013183,2018,13,regular,2018-11-23T20:30:00.000Z,False,True,False,True,60776,3799,Lane Stadium,259,Virginia Tech,fbs,ACC,34,"[0, 14, 3, 14, 3]",0.12433467063808173,1463,1465,258,Virginia,fbs,ACC,31,"[0, 0, 14, 17, 0]",0.8756653293619183,1562,1560,8.39406032899999,https://www.youtube.com/watch?v=g5pXH1LTC4E,,,CollegeFootballData.com API,2026-08-31T17:34:18.724540+00:00,/games,1.3
401012797,2018,13,regular,2018-11-23T21:00:00.000Z,False,True,False,True,39776,3893,Reser Stadium,204,Oregon State,fbs,Pac-12,15,"[0, 3, 6, 6]",0.006035891024251342,1120,1061,2483,Oregon,fbs,Pac-12,55,"[14, 7, 13, 21]",0.9939641089757486,1578,1637,1.6883057842,https://www.youtube.com/watch?v=DTWKwFceJYg,,,CollegeFootballData.com API,2026-08-31T17:34:18.724540+00:00,/games,1.3
401019535,2018,13,regular,2018-11-23T21:15:00.000Z,False,True,False,True,57626,3886,Raymond James Stadium,58,South Florida,fbs,American Athletic,10,"[0, 3, 7, 0]",0.003784436494231785,1449,1423,2116,UCF,fbs,American Athletic,38,"[7, 10, 7, 14]",0.9962155635057682,1886,1912,3.6128664456,https://www.youtube.com/watch?v=8wr5t2BDJw0,,,CollegeFootballData.com API,2026-08-31T17:34:18.724540+00:00,/games,1.3
401013071,2018,13,regular,2018-11-24T01:00:00.000Z,False,True,False,True,60713,3842,Milan Puskar Stadium,277,West Virginia,fbs,Big 12,56,"[14, 14, 21, 7]",0.11869622055303439,1849,1855,201,Oklahoma,fbs,Big 12,59,"[14, 21, 10, 14]",0.8813037794469656,2025,2019,7.6745880879,https://www.youtube.com/watch?v=ofhQm7Q2Qas,,,CollegeFootballData.com API,2026-08-31T17:34:18.724540+00:00,/games,1.3
401012798,2018,13,regular,2018-11-24T01:30:00.000Z,False,True,False,True,32952,3820,Gesa Field,265,Washington State,fbs,Pac-12,15,"[0, 7, 8, 0]",0.005082856823145883,1810,1782,264,Washington,fbs,Pac-12,28,"[7, 7, 6, 8]",0.9949171431768541,1823,1851,5.4629170371,https://www.youtube.com/watch?v=BLyCtCN0zGw,,,CollegeFootballData.com API,2026-08-31T17:34:18.724540+00:00,/games,1.3
401012895,2018,13,regular,2018-11-24T17:00:00.000Z,False,True,False,True,106588,3861,Ohio Stadium,194,Ohio State,fbs,Big Ten,62,"[7, 17, 17, 21]",0.9976312390558297,1926,1995,130,Michigan,fbs,Big Ten,39,"[3, 16, 0, 20]",0.0023687609441702673,2035,1966,5.2021552625,https://www.youtube.com/watch?v=nBUW0l-3wLg,,,CollegeFootballData.com API,2026-08-31T17:34:18.724540+00:00,/games,1.3
401012861,2018,13,regular,2018-11-24T17:00:00.000Z,False,True,False,True,48247,3830,"Memorial Stadium (Bloomington, IN)",84,Indiana,fbs,Big Ten,21,"[0, 7, 0, 14]",0.4079583333315227,1517,1513,2509,Purdue,fbs,Big Ten,28,"[7, 7, 7, 7]",0.5920416666684774,1640,1644,5.060617719,https://www.youtube.com/watch?v=2ltd-a-atzI,,,CollegeFootballData.com API,2026-08-31T17:34:18.724540+00:00,/games,1.3
401013037,2018,13,regular,2018-11-24T17:00:00.000Z,False,True,True,True,27308,3687,AT&T Stadium,2641,Texas Tech,fbs,Big 12,24,"[10, 7, 0, 7]",0.017525380285959704,1634,1594,239,Baylor,fbs,Big 12,35,"[7, 7, 14, 7]",0.9824746197140403,1376,1416,6.124318778,https://www.youtube.com/watch?v=YXOqtMm6OwE,,,CollegeFootballData.com API,2026-08-31T17:34:18.724540+00:00,/games,1.3
401012352,2018,13,regular,2018-11-24T17:00:00.000Z,False,True,False,False,92746,3917,Sanford Stadium,61,Georgia,fbs,SEC,45,"[14, 24, 7, 0]",0.9989553458293515,1995,2023,59,Georgia Tech,fbs,ACC,21,"[7, 0, 0, 14]",0.0010446541706484735,1701,1673,0.489986387399999,https://www.youtube.com/watch?v=AhdYjXxsJRU,,,CollegeFootballData.com API,2026-08-31T17:34:18.724540+00:00,/games,1.3
401019539,2018,13,regular,2018-11-24T17:00:00.000Z,False,True,False,True,20042,4729,Yulman Stadium,2655,Tulane,fbs,American Athletic,29,"[0, 21, 0, 8]",0.43692079160162084,1402,1401,2426,Navy,fbs,American Athletic,28,"[0, 3, 18, 7]",0.5630792083983791,1352,1353,5.4721606263,https://www.youtube.com/watch?v=vQ2d5JILlWI,,,CollegeFootballData.com API,2026-08-31T17:34:18.724540+00:00,/games,1.3
401012351,2018,13,regular,2018-11-24T17:00:00.000Z,False,True,False,False,71953,3697,Doak Campbell Stadium,52,Florida State,fbs,ACC,14,"[0, 7, 7, 0]",0.004998282374929944,1468,1413,57,Florida,fbs,SEC,41,"[3, 10, 14, 14]",0.9950017176250701,1620,1675,3.4796133091,https://www.youtube.com/watch?v=EAh_hzwUXGY,,,CollegeFootballData.com API,2026-08-31T17:34:18.724540+00:00,/games,1.3
401013184,2018,13,regular,2018-11-24T17:00:00.000Z,False,True,False,True,34959,3615,"Alumni Stadium (Chestnut Hill, MA)",103,Boston College,fbs,ACC,21,"[7, 7, 7, 0]",0.007532174811189081,1709,1636,183,Syracuse,fbs,ACC,42,"[14, 14, 7, 7]",0.9924678251888109,1553,1626,5.55928285799999,https://www.youtube.com/watch?v=PkghKkZGtos,,,CollegeFootballData.com API,2026-08-31T17:34:18.724540+00:00,/games,1.3
401015052,2018,13,regular,2018-11-24T17:00:00.000Z,False,True,False,True,11459,3776,Joe Aillet Stadium,2348,Louisiana Tech,fbs,Conference USA,15,"[0, 12, 3, 0]",0.1393387398598786,1406,1354,98,Western Kentucky,fbs,Conference USA,30,"[14, 9, 0, 7]",0.8606612601401213,1245,1297,5.42173011939999,https://www.youtube.com/watch?v=XmBFjq6J7ww,,,CollegeFootballData.com API,2026-08-31T17:34:18.724540+00:00,/games,1.3
401015051,2018,13,regular,2018-11-24T17:00:00.000Z,False,True,False,True,14862,218,FIU Stadium,2229,Florida International,fbs,Conference USA,25,"[3, 7, 0, 15]",0.9495294659743274,1451,1452,276,Marshall,fbs,Conference USA,28,"[14, 0, 7, 7]",0.050470534025672587,1538,1537,5.0114910158,https://www.youtube.com/watch?v=A3kEVBqZJWc,,,CollegeFootballData.com API,2026-08-31T17:34:18.724540+00:00,/games,1.3
401013187,2018,13,regular,2018-11-24T17:20:00.000Z,False,True,False,True,41510,3787,Kenan Stadium,153,North Carolina,fbs,ACC,28,"[0, 6, 15, 7, 0]",0.2081596398825263,1349,1364,152,NC State,fbs,ACC,34,"[7, 0, 14, 7, 6]",0.7918403601174737,1723,1708,8.55942840899999,https://www.youtube.com/watch?v=uiEq_EjcqDY,,,CollegeFootballData.com API,2026-08-31T17:34:18.724540+00:00,/games,1.3
401013185,2018,13,regular,2018-11-24T17:30:00.000Z,False,True,False,True,20782,3982,Wallace Wade Stadium,150,Duke,fbs,ACC,7,"[0, 7, 0, 0]",0.0035663018966136184,1615,1410,154,Wake Forest,fbs,ACC,59,"[21, 10, 14, 14]",0.9964336981033863,1403,1608,3.8249594153,https://www.youtube.com/watch?v=kFkUy1uFd8c,,,CollegeFootballData.com API,2026-08-31T17:34:18.724540+00:00,/games,1.3
401015055,2018,13,regular,2018-11-24T18:00:00.000Z,False,True,False,True,18083,3895,Rice Stadium,242,Rice,fbs,Conference USA,27,"[6, 7, 7, 7]",0.9342393256313631,986,1027,295,Old Dominion,fbs,Conference USA,13,"[3, 3, 7, 0]",0.06576067436863686,1130,1089,5.8567818327,https://www.youtube.com/watch?v=sIkrPzsWQmo,,,CollegeFootballData.com API,2026-08-31T17:34:18.724540+00:00,/games,1.3
401021700,2018,13,regular,2018-11-24T19:00:00.000Z,False,True,False,True,20011,4246,Center Parc Stadium,2247,Georgia State,fbs,Sun Belt,14,"[0, 0, 0, 14]",0.006538375459662544,1170,1147,290,Georgia Southern,fbs,Sun Belt,35,"[0, 13, 15, 7]",0.9934616245403375,1457,1480,2.6006198489,,,,CollegeFootballData.com API,2026-08-31T17:34:18.724540+00:00,/games,1.3
401013447,2018,13,regular,2018-11-24T19:00:00.000Z,False,True,False,False,16022,3992,Williams Stadium (VA),2335,Liberty,fbs,FBS Independents,28,"[17, 11, 0, 0]",0.5927834296655954,1218,1216,166,New Mexico State,fbs,FBS Independents,21,"[14, 0, 0, 7]",0.4072165703344046,1001,1003,5.2169484441,https://www.youtube.com/watch?v=tNKOAGOBiYg,,,CollegeFootballData.com API,2026-08-31T17:34:18.724540+00:00,/games,1.3
401022567,2018,13,regular,2018-11-24T19:30:00.000Z,False,True,False,True,14269,3971,University Stadium (NM),167,New Mexico,fbs,Mountain West,3,"[0, 3, 0, 0]",0.0035455256278812994,1224,1173,2751,Wyoming,fbs,Mountain West,31,"[7, 7, 3, 14]",0.9964544743721186,1438,1489,2.6489850369,https://www.youtube.com/watch?v=fTHbOge0qPo,,,CollegeFootballData.com API,2026-08-31T17:34:18.724540+00:00,/games,1.3
401021697,2018,13,regular,2018-11-24T19:30:00.000Z,False,True,False,True,20410,3792,Kidd Brewer Stadium,2026,App State,fbs,Sun Belt,21,"[7, 14, 0, 0]",0.9966415471781988,1726,1733,2653,Troy,fbs,Sun Belt,10,"[0, 3, 7, 0]",0.00335845282180125,1547,1540,1.8901780363,https://www.youtube.com/watch?v=eT1rtXRt8eE,,,CollegeFootballData.com API,2026-08-31T17:34:18.724540+00:00,/games,1.3
401015053,2018,13,regular,2018-11-24T20:00:00.000Z,False,True,False,True,14411,3725,"Johnny ""Red"" Floyd Stadium",2393,Middle Tennessee,fbs,Conference USA,27,"[0, 13, 7, 7]",0.9998815602771057,1437,1514,5,UAB,fbs,Conference USA,3,"[3, 0, 0, 0]",0.00011843972289427018,1580,1503,3.97269189129999,https://www.youtube.com/watch?v=pl2P_MAJQH4,,,CollegeFootballData.com API,2026-08-31T17:34:18.724540+00:00,/games,1.3
401021701,2018,13,regular,2018-11-24T20:00:00.000Z,False,True,False,True,18167,3817,Malone Stadium,2433,UL Monroe,fbs,Sun Belt,28,"[0, 21, 0, 7]",0.9301912589931105,1273,1270,309,Louisiana,fbs,Sun Belt,31,"[14, 10, 0, 7]",0.0698087410068895,1303,1306,7.10733263949999,https://www.youtube.com/watch?v=e4uVJxPHyNE,,,CollegeFootballData.com API,2026-08-31T17:34:18.724540+00:00,/games,1.3
401015056,2018,13,regular,2018-11-24T20:00:00.000Z,False,True,False,True,14962,3946,Sun Bowl,2638,UTEP,fbs,Conference USA,7,"[0, 0, 0, 7]",0.003469761885332427,1015,972,2572,Southern Miss,fbs,Conference USA,39,"[16, 3, 7, 13]",0.9965302381146676,1402,1445,1.2048850486,https://www.youtube.com/watch?v=OfUG3_S2xI4,,,CollegeFootballData.com API,2026-08-31T17:34:18.724540+00:00,/games,1.3
401012801,2018,13,regular,2018-11-24T20:00:00.000Z,False,True,False,True,38391,1056,Rose Bowl,26,UCLA,fbs,Pac-12,42,"[6, 14, 16, 6]",0.34680314544029395,1386,1397,24,Stanford,fbs,Pac-12,49,"[10, 17, 14, 8]",0.653196854559706,1714,1703,6.0275201869,https://www.youtube.com/watch?v=6vkEFEU7U5E,,,CollegeFootballData.com API,2026-08-31T17:34:18.724540+00:00,/games,1.3
401012879,2018,13,regular,2018-11-24T20:30:00.000Z,False,True,False,True,98442,3632,Beaver Stadium,213,Penn State,fbs,Big Ten,38,"[14, 3, 7, 14]",0.9999911813275427,1877,1929,120,Maryland,fbs,Big Ten,3,"[3, 0, 0, 0]",8.818672457278076e-06,1504,1452,1.2210184068,https://www.youtube.com/watch?v=gVkLW42mYMs,,,CollegeFootballData.com API,2026-08-31T17:34:18.724540+00:00,/games,1.3
401012815,2018,13,regular,2018-11-24T20:30:00.000Z,False,True,False,True,37124,3911,Ryan Field,77,Northwestern,fbs,Big Ten,24,"[7, 14, 3, 0]",0.930734523956319,1683,1664,356,Illinois,fbs,Big Ten,16,"[3, 3, 0, 10]",0.06926547604368105,1125,1144,2.2917943048,https://www.youtube.com/watch?v=8GzhmQ6Bn3Q,,,CollegeFootballData.com API,2026-08-31T17:34:18.724540+00:00,/games,1.3
401013335,2018,13,regular,2018-11-24T20:30:00.000Z,False,True,False,True,74038,347,Camp Randall Stadium,275,Wisconsin,fbs,Big Ten,15,"[0, 7, 0, 8]",0.013329295638212913,1738,1649,135,Minnesota,fbs,Big Ten,37,"[3, 14, 6, 14]",0.986670704361787,1486,1575,3.6407317577,https://www.youtube.com/watch?v=UKH9PDLquvg,,,CollegeFootballData.com API,2026-08-31T17:34:18.724540+00:00,/games,1.3
401013186,2018,13,regular,2018-11-24T20:30:00.000Z,False,True,False,True,59606,3948,Hard Rock Stadium,2390,Miami,fbs,ACC,24,"[3, 7, 7, 7]",0.9974152297176271,1743,1782,221,Pittsburgh,fbs,ACC,3,"[0, 0, 3, 0]",0.002584770282372917,1637,1598,3.8808330189,https://www.youtube.com/watch?v=6Q3GT7Be3y8,,,CollegeFootballData.com API,2026-08-31T17:34:18.724540+00:00,/games,1.3
401012350,2018,13,regular,2018-11-24T20:30:00.000Z,False,True,False,True,101821,3657,Bryant-Denny Stadium,333,Alabama,fbs,SEC,52,"[7, 10, 21, 14]",0.9997349134628838,2304,2336,2,Auburn,fbs,SEC,21,"[7, 7, 7, 0]",0.00026508653711621033,1857,1825,0.993202397699999,https://www.youtube.com/watch?v=UX7k5t_GMzA,,,CollegeFootballData.com API,2026-08-31T17:34:18.724540+00:00,/games,1.3
401019538,2018,13,regular,2018-11-24T20:30:00.000Z,False,True,False,True,18203,3892,Pratt & Whitney Stadium,41,UConn,fbs,American Athletic,7,"[7, 0, 0, 0]",0.0035899836592818784,887,837,218,Temple,fbs,American Athletic,57,"[13, 27, 7, 10]",0.9964100163407181,1666,1716,0.4062947544,https://www.youtube.com/watch?v=xoICH7FwReA,,,CollegeFootballData.com API,2026-08-31T17:34:18.724540+00:00,/games,1.3
401012799,2018,13,regular,2018-11-24T20:30:00.000Z,False,True,False,True,51805,3619,Arizona Stadium,12,Arizona,fbs,Pac-12,40,"[10, 12, 18, 0]",0.8485378643434647,1442,1451,9,Arizona State,fbs,Pac-12,41,"[7, 7, 7, 20]",0.15146213565653532,1671,1662,6.8753312006,https://www.youtube.com/watch?v=WFtyaCvXQCU,,,CollegeFootballData.com API,2026-08-31T17:34:18.724540+00:00,/games,1.3
401019540,2018,13,regular,2018-11-24T20:30:00.000Z,False,True,False,True,17159,3674,Chapman Stadium,202,Tulsa,fbs,American Athletic,27,"[7, 14, 3, 3]",0.9249850802372536,1318,1319,2567,SMU,fbs,American Athletic,24,"[0, 7, 7, 10]",0.07501491976274643,1354,1353,5.8888060235,https://www.youtube.com/watch?v=k_xalEWuCRA,,,CollegeFootballData.com API,2026-08-31T17:34:18.724540+00:00,/games,1.3
401021698,2018,13,regular,2018-11-24T21:00:00.000Z,False,True,False,True,10115,3644,Bobcat Stadium (TX),326,Texas State,fbs,Sun Belt,7,"[0, 0, 7, 0]",0.10288148432956877,1097,1076,2032,Arkansas State,fbs,Sun Belt,33,"[7, 0, 21, 5]",0.8971185156704312,1529,1550,2.78271647159999,https://www.youtube.com/watch?v=huTEyxz8ANs,,,CollegeFootballData.com API,2026-08-31T17:34:18.724540+00:00,/games,1.3
401012850,2018,13,regular,2018-11-24T21:00:00.000Z,False,True,False,True,64951,3936,Spartan Stadium,127,Michigan State,fbs,Big Ten,14,"[0, 7, 0, 7]",0.8917710992667998,1688,1676,164,Rutgers,fbs,Big Ten,10,"[7, 0, 0, 3]",0.10822890073320024,1135,1147,6.53818389,https://www.youtube.com/watch?v=RDW31qtCT3w,,,CollegeFootballData.com API,2026-08-31T17:34:18.724540+00:00,/games,1.3
401012357,2018,13,regular,2018-11-24T21:00:00.000Z,False,True,False,True,35887,3973,FirstBank Stadium,238,Vanderbilt,fbs,SEC,38,"[7, 10, 0, 21]",0.9905195859311798,1519,1569,2633,Tennessee,fbs,SEC,13,"[0, 0, 7, 6]",0.009480414068820164,1399,1349,2.72665032989999,,,,CollegeFootballData.com API,2026-08-31T17:34:18.724540+00:00,/games,1.3
401015050,2018,13,regular,2018-11-24T23:00:00.000Z,False,True,False,True,11638,3715,FAU Stadium,2226,Florida Atlantic,fbs,Conference USA,24,"[7, 14, 0, 3]",0.3,1562,1530,2429,Charlotte,fbs,Conference USA,27,"[10, 0, 7, 10]",0.7,1159,1191,,https://www.youtube.com/watch?v=cXNw7NgIMYE,,,CollegeFootballData.com API,2026-08-31T17:34:18.724540+00:00,/games,1.3
401012803,2018,13,regular,2018-11-25T00:00:00.000Z,False,True,False,True,34457,3831,California Memorial Stadium,25,California,fbs,Pac-12,33,"[21, 3, 3, 6]",0.8643152613852535,1527,1543,38,Colorado,fbs,Pac-12,21,"[0, 7, 14, 0]",0.1356847386147465,1440,1424,2.390560242,https://www.youtube.com/watch?v=9bRDSvmGRys,,,CollegeFootballData.com API,2026-08-31T17:34:18.724540+00:00,/games,1.3
401022570,2018,13,regular,2018-11-25T00:00:00.000Z,False,True,False,True,26162,3660,Valley Children's Stadium,278,Fresno State,fbs,Mountain West,31,"[0, 3, 14, 14]",0.999910188186774,1793,1769,23,San José State,fbs,Mountain West,13,"[0, 0, 0, 13]",8.981181322598175e-05,1031,1055,4.435717433,https://www.youtube.com/watch?v=0iVgSv0ylGA,,,CollegeFootballData.com API,2026-08-31T17:34:18.724540+00:00,/games,1.3
401012355,2018,13,regular,2018-11-25T00:00:00.000Z,False,True,False,False,81436,3836,"Memorial Stadium (Clemson, SC)",228,Clemson,fbs,ACC,56,"[14, 14, 14, 14]",0.9992932442532967,2282,2271,2579,South Carolina,fbs,SEC,35,"[7, 14, 0, 14]",0.0007067557467033136,1616,1627,1.3332226261,https://www.youtube.com/watch?v=c9CEAjGcRNA,,,CollegeFootballData.com API,2026-08-31T17:34:18.724540+00:00,/games,1.3
401013047,2018,13,regular,2018-11-25T00:00:00.000Z,False,True,False,True,54430,3772,Jack Trice Stadium,66,Iowa State,fbs,Big 12,42,"[7, 7, 7, 21]",0.8229806523090554,1705,1705,2306,Kansas State,fbs,Big 12,38,"[0, 21, 10, 7]",0.17701934769094463,1593,1593,6.1065292137,https://www.youtube.com/watch?v=sTTjgllfdu4,,,CollegeFootballData.com API,2026-08-31T17:34:18.724540+00:00,/games,1.3
401012353,2018,13,regular,2018-11-25T00:00:00.000Z,False,True,False,False,49988,3873,L&N Federal Credit Union Stadium,97,Louisville,fbs,ACC,10,"[7, 3, 0, 0]",0.00462614370611588,1168,1084,96,Kentucky,fbs,SEC,56,"[14, 21, 0, 21]",0.9953738562938841,1575,1659,0.9723960284,https://www.youtube.com/watch?v=U4AnA36ZivI,,,CollegeFootballData.com API,2026-08-31T17:34:18.724540+00:00,/games,1.3
401015054,2018,13,regular,2018-11-25T00:00:00.000Z,False,True,False,True,19874,3604,Alamodome,2636,UTSA,fbs,Conference USA,21,"[0, 14, 0, 7]",0.4449866687908913,1028,1053,249,North Texas,fbs,Conference USA,24,"[10, 7, 7, 0]",0.5550133312091087,1580,1555,3.4115167556,https://www.youtube.com/watch?v=bfFHYnYzKos,,,CollegeFootballData.com API,2026-08-31T17:34:18.724540+00:00,/games,1.3
401012356,2018,13,regular,2018-11-25T00:30:00.000Z,False,True,False,True,101501,3795,Kyle Field,245,Texas A&M,fbs,SEC,74,"[7, 10, 7, 7, 3, 7, 8, 3, 6, 8, 8]",0.6786258156883023,1722,1724,99,LSU,fbs,SEC,72,"[7, 3, 7, 14, 3, 7, 8, 3, 6, 8, 6]",0.32137418431169773,1836,1834,14.1962593954,https://www.youtube.com/watch?v=36oYtGl-n-s,,,CollegeFootballData.com API,2026-08-31T17:34:18.724540+00:00,/games,1.3
401012800,2018,13,regular,2018-11-25T01:00:00.000Z,False,True,False,False,59821,477,Los Angeles Memorial Coliseum,30,USC,fbs,Pac-12,17,"[7, 3, 0, 7]",0.712444665554002,1592,1606,87,Notre Dame,fbs,FBS Independents,24,"[0, 7, 10, 7]",0.287555334445998,1967,1953,4.90141874939999,https://www.youtube.com/watch?v=Lb8oyowI5E0,,,CollegeFootballData.com API,2026-08-31T17:34:18.724540+00:00,/games,1.3
401013078,2018,13,regular,2018-11-25T01:00:00.000Z,False,True,False,True,42394,3616,Amon G. Carter Stadium,2628,TCU,fbs,Big 12,31,"[0, 7, 17, 7]",0.6496496142939601,1565,1582,197,Oklahoma State,fbs,Big 12,24,"[3, 0, 7, 14]",0.35035038570603994,1699,1682,5.2006140619,https://www.youtube.com/watch?v=J2fNLsEU2io,,,CollegeFootballData.com API,2026-08-31T17:34:18.724540+00:00,/games,1.3
401022569,2018,13,regular,2018-11-25T02:30:00.000Z,False,True,False,True,19921,3914,Sam Boyd Stadium,2439,UNLV,fbs,Mountain West,34,"[0, 21, 7, 6]",0.8988927373899628,1145,1164,2440,Nevada,fbs,Mountain West,29,"[20, 6, 0, 3]",0.10110726261003722,1450,1431,5.74061668869999,https://www.youtube.com/watch?v=p4uRs7B6pBU,,,CollegeFootballData.com API,2026-08-31T17:34:18.724540+00:00,/games,1.3
401012802,2018,13,regular,2018-11-25T03:00:00.000Z,False,True,False,False,46017,587,Rice-Eccles Stadium,254,Utah,fbs,Pac-12,35,"[0, 0, 14, 21]",0.8810679731547434,1777,1773,252,BYU,fbs,FBS Independents,27,"[13, 7, 7, 0]",0.11893202684525661,1511,1515,5.803233981,https://www.youtube.com/watch?v=OJ_47TU_RL0,,,CollegeFootballData.com API,2026-08-31T17:34:18.724540+00:00,/games,1.3
401022566,2018,13,regular,2018-11-25T03:15:00.000Z,False,True,False,True,35960,3653,Albertsons Stadium,68,Boise State,fbs,Mountain West,33,"[7, 10, 3, 13]",0.98819617095527,1798,1811,328,Utah State,fbs,Mountain West,24,"[7, 7, 0, 10]",0.011803829044729985,1782,1769,6.6225956019,https://www.youtube.com/watch?v=V_sbQBHVITw,,,CollegeFootballData.com API,2026-08-31T17:34:18.724540+00:00,/games,1.3
401022568,2018,13,regular,2018-11-25T03:30:00.000Z,False,True,False,True,28014,3932,Qualcomm Stadium,21,San Diego State,fbs,Mountain West,30,"[14, 0, 3, 7, 6]",0.03655932524426813,1535,1515,62,Hawai'i,fbs,Mountain West,31,"[3, 21, 0, 0, 7]",0.9634406747557319,1181,1201,7.67880817539999,https://www.youtube.com/watch?v=3NXmULLkR0I,,,CollegeFootballData.com API,2026-08-31T17:34:18.724540+00:00,/games,1.3
401056696,2018,14,regular,2018-12-01T00:00:00.000Z,False,True,True,True,10255,3727,Ford Field,2084,Buffalo,fbs,Mid-American,29,"[7, 15, 7, 0]",0.6276187542628892,1486,1486,2459,Northern Illinois,fbs,Mid-American,30,"[0, 10, 7, 13]",0.37238124573711084,1463,1463,6.4427687484,https://www.youtube.com/watch?v=dUuRUkNJGPQ,,,CollegeFootballData.com API,2026-08-31T17:34:18.724540+00:00,/games,1.3
401056704,2018,14,regular,2018-12-01T01:00:00.000Z,False,True,True,True,35134,4738,Levi's Stadium,264,Washington,fbs,Pac-12,10,"[0, 3, 7, 0]",0.9912224204265774,1851,1861,254,Utah,fbs,Pac-12,3,"[0, 0, 3, 0]",0.008777579573422623,1773,1763,5.0891987974,https://www.youtube.com/watch?v=VBs-anLcrig,,,CollegeFootballData.com API,2026-08-31T17:34:18.724540+00:00,/games,1.3
401100159,2018,14,regular,2018-12-01T17:00:00.000Z,False,True,False,False,31336,3799,Lane Stadium,259,Virginia Tech,fbs,ACC,41,"[10, 21, 3, 7]",0.9175023672772739,1465,1523,276,Marshall,fbs,Conference USA,20,"[6, 0, 0, 14]",0.08249763272272614,1537,1479,2.26359990709999,https://www.youtube.com/watch?v=OSAH6qKgkvc,,,CollegeFootballData.com API,2026-08-31T17:34:18.724540+00:00,/games,1.3
401098253,2018,14,regular,2018-12-01T17:00:00.000Z,False,True,False,False,53420,3994,Williams-Brice Stadium,2579,South Carolina,fbs,SEC,28,"[14, 14, 0, 0]",0.9940161580984274,1627,1641,2006,Akron,fbs,Mid-American,3,"[3, 0, 0, 0]",0.00598384190157264,1156,1142,0.3566981812,https://www.youtube.com/watch?v=tuTEo71FOY4,,,CollegeFootballData.com API,2026-08-31T17:34:18.724540+00:00,/games,1.3
401056698,2018,14,regular,2018-12-01T17:00:00.000Z,False,True,True,True,83114,3687,AT&T Stadium,201,Oklahoma,fbs,Big 12,39,"[3, 17, 7, 12]",0.9454016871439923,2019,2026,251,Texas,fbs,Big 12,27,"[7, 7, 13, 0]",0.05459831285600769,1749,1742,6.07734918569999,https://www.youtube.com/watch?v=SAboWAnv4RI,,,CollegeFootballData.com API,2026-08-31T17:34:18.724540+00:00,/games,1.3
401088766,2018,14,regular,2018-12-01T17:00:00.000Z,False,True,False,False,57223,3670,Carter-Finley Stadium,152,NC State,fbs,ACC,58,"[17, 10, 14, 17]",0.9999939024839263,1708,1802,151,East Carolina,fbs,American Athletic,3,"[0, 0, 0, 3]",6.097516073721998e-06,1169,1075,0.364039675799999,https://www.youtube.com/watch?v=NchQKSj7L9s,,,CollegeFootballData.com API,2026-08-31T17:34:18.724540+00:00,/games,1.3
401056701,2018,14,regular,2018-12-01T17:00:00.000Z,False,True,False,True,14963,3792,Kidd Brewer Stadium,2026,App State,fbs,Sun Belt,30,"[7, 7, 6, 10]",0.9197937047971201,1733,1723,309,Louisiana,fbs,Sun Belt,19,"[3, 3, 10, 3]",0.08020629520287992,1306,1316,3.1656426633,https://www.youtube.com/watch?v=fwV1B-67ZCw,,,CollegeFootballData.com API,2026-08-31T17:34:18.724540+00:00,/games,1.3
401082044,2018,14,regular,2018-12-01T17:00:00.000Z,False,True,False,False,56738,3772,Jack Trice Stadium,66,Iowa State,fbs,Big 12,27,"[7, 13, 7, 0]",0.7083296847994456,,,2181,Drake,fcs,Pioneer,24,"[7, 7, 10, 0]",0.2916703152005544,,,2.0070614511,https://www.youtube.com/watch?v=WvIJYv8IWKU,,,CollegeFootballData.com API,2026-08-31T17:34:18.724540+00:00,/games,1.3
401056703,2018,14,regular,2018-12-01T18:30:00.000Z,False,True,False,True,15806,3725,"Johnny ""Red"" Floyd Stadium",2393,Middle Tennessee,fbs,Conference USA,25,"[13, 3, 6, 3]",0.3001168475853938,1514,1511,5,UAB,fbs,Conference USA,27,"[3, 21, 0, 3]",0.6998831524146062,1503,1506,8.1369105277,https://www.youtube.com/watch?v=nX1ul54uw20,,,CollegeFootballData.com API,2026-08-31T17:34:18.724540+00:00,/games,1.3
401081953,2018,14,regular,2018-12-01T19:00:00.000Z,False,True,False,False,13243,3992,Williams Stadium (VA),2335,Liberty,fbs,FBS Independents,52,"[10, 28, 7, 7]",0.9988537143504685,,,2450,Norfolk State,fcs,MEAC,17,"[3, 7, 0, 7]",0.0011462856495314533,,,0.230965906799999,,,,CollegeFootballData.com API,2026-08-31T17:34:18.724540+00:00,/games,1.3
401099853,2018,14,regular,2018-12-01T20:00:00.000Z,False,True,False,True,57857,3831,California Memorial Stadium,25,California,fbs,Pac-12,13,"[0, 6, 0, 7]",0.29948641616097704,1543,1536,24,Stanford,fbs,Pac-12,23,"[10, 3, 0, 10]",0.700513583839023,1703,1710,5.02360604699999,https://www.youtube.com/watch?v=woZv-uKibRI,,,CollegeFootballData.com API,2026-08-31T17:34:18.724540+00:00,/games,1.3
401056699,2018,14,regular,2018-12-01T20:45:00.000Z,False,True,False,True,45176,3652,FBC Mortgage Stadium,2116,UCF,fbs,American Athletic,56,"[7, 14, 14, 21]",0.9926497567884142,1912,1925,235,Memphis,fbs,American Athletic,41,"[24, 14, 3, 0]",0.0073502432115858385,1706,1693,6.93935303799999,https://www.youtube.com/watch?v=COziW8XfA9M,,,CollegeFootballData.com API,2026-08-31T17:34:18.724540+00:00,/games,1.3
401056705,2018,14,regular,2018-12-01T21:00:00.000Z,False,True,True,True,77141,5348,Mercedes-Benz Stadium,61,Georgia,fbs,SEC,28,"[7, 14, 7, 0]",0.4660013178034765,2023,2035,333,Alabama,fbs,SEC,35,"[0, 14, 7, 14]",0.5339986821965235,2336,2324,7.8032899939,https://www.youtube.com/watch?v=5ykQ8vWaWE8,,,CollegeFootballData.com API,2026-08-31T17:34:18.724540+00:00,/games,1.3
401056700,2018,14,regular,2018-12-02T00:45:00.000Z,False,True,False,True,23662,3653,Albertsons Stadium,68,Boise State,fbs,Mountain West,16,"[7, 0, 0, 6, 3]",0.6836751279061986,1811,1804,278,Fresno State,fbs,Mountain West,19,"[7, 3, 3, 0, 6]",0.31632487209380145,1769,1776,8.52400924339999,https://www.youtube.com/watch?v=KCFqqIvkPbU,,,CollegeFootballData.com API,2026-08-31T17:34:18.724540+00:00,/games,1.3
401056697,2018,14,regular,2018-12-02T01:00:00.000Z,False,True,True,True,67784,3628,Bank of America Stadium,221,Pittsburgh,fbs,ACC,10,"[3, 7, 0, 0]",0.004149887744952426,1598,1592,228,Clemson,fbs,ACC,42,"[14, 14, 0, 14]",0.9958501122550476,2271,2277,0.5344314291,https://www.youtube.com/watch?v=HcolP0a3BsQ,,,CollegeFootballData.com API,2026-08-31T17:34:18.724540+00:00,/games,1.3
401056702,2018,14,regular,2018-12-02T01:00:00.000Z,False,True,True,True,66375,3812,Lucas Oil Stadium,194,Ohio State,fbs,Big Ten,45,"[14, 10, 7, 14]",0.9979368536024958,1995,2018,77,Northwestern,fbs,Big Ten,24,"[7, 0, 14, 3]",0.0020631463975041564,1664,1641,3.12391838539999,https://www.youtube.com/watch?v=pMxcEkuWsJg,,,CollegeFootballData.com API,2026-08-31T17:34:18.724540+00:00,/games,1.3
401013376,2018,15,regular,2018-12-08T20:00:00.000Z,False,True,True,False,66729,3806,Lincoln Financial Field,349,Army,fbs,FBS Independents,17,"[7, 0, 3, 7]",0.9915791915134445,1696,1690,2426,Navy,fbs,American Athletic,10,"[0, 0, 0, 10]",0.008420808486555464,1353,1359,3.8055075711,https://www.youtube.com/watch?v=ICA2Cslqs1k,,,CollegeFootballData.com API,2026-08-31T17:34:18.724540+00:00,/games,1.3
401035253,2018,1,postseason,2018-12-15T18:30:00.000Z,False,True,True,False,19066,4013,Camping World Stadium,309,Louisiana,fbs,Sun Belt,24,"[7, 3, 7, 7]",0.006660301255282102,1316,1291,2655,Tulane,fbs,American Athletic,41,"[21, 3, 3, 14]",0.993339698744718,1401,1426,4.6700515791,https://www.youtube.com/watch?v=vCOhyIfu88k,AUTONATION CURE BOWL,,CollegeFootballData.com API,2026-08-31T17:34:18.724540+00:00,/games,1.3
401032054,2018,1,postseason,2018-12-15T19:00:00.000Z,False,True,True,False,25387,3971,University Stadium (NM),249,North Texas,fbs,Conference USA,13,"[7, 0, 6, 0]",0.004532873893952166,1555,1477,328,Utah State,fbs,Mountain West,52,"[14, 24, 7, 7]",0.9954671261060478,1769,1847,2.2215054384,https://www.youtube.com/watch?v=MUaWoUQUDO4,NEW MEXICO BOWL PRESENTED BY PROGRESSIVE,,CollegeFootballData.com API,2026-08-31T17:34:18.724540+00:00,/games,1.3
401032055,2018,1,postseason,2018-12-15T20:30:00.000Z,False,True,True,False,37146,3914,Sam Boyd Stadium,278,Fresno State,fbs,Mountain West,31,"[10, 7, 7, 7]",0.9876630955474626,1776,1793,9,Arizona State,fbs,Pac-12,20,"[7, 10, 3, 0]",0.012336904452537434,1662,1645,5.6290500464,https://www.youtube.com/watch?v=9VZqYDsZ4_Y,MITSUBISHI MOTORS LAS VEGAS BOWL,,CollegeFootballData.com API,2026-08-31T17:34:18.724540+00:00,/games,1.3
401032056,2018,1,postseason,2018-12-15T22:30:00.000Z,False,True,True,False,17710,3689,Cramton Bowl,2199,Eastern Michigan,fbs,Mid-American,21,"[0, 7, 7, 7]",0.6725210925355142,1447,1449,290,Georgia Southern,fbs,Sun Belt,23,"[7, 10, 0, 6]",0.3274789074644858,1480,1478,6.10398061489999,,RAYCOM MEDIA CAMELLIA BOWL,,CollegeFootballData.com API,2026-08-31T17:34:18.724540+00:00,/games,1.3
401032057,2018,1,postseason,2018-12-16T02:00:00.000Z,False,True,True,False,23942,3493,Caesars Superdome,2026,App State,fbs,Sun Belt,45,"[0, 24, 14, 7]",0.9999383411031251,1723,1792,2393,Middle Tennessee,fbs,Conference USA,13,"[3, 3, 7, 0]",6.165889687492765e-05,1511,1442,2.44585536269999,https://www.youtube.com/watch?v=EIZiXTSYr10,R+L CARRIERS NEW ORLEANS BOWL,,CollegeFootballData.com API,2026-08-31T17:34:18.724540+00:00,/games,1.3
401032058,2018,1,postseason,2018-12-19T00:00:00.000Z,False,True,True,False,22614,3715,FAU Stadium,2459,Northern Illinois,fbs,Mid-American,13,"[7, 3, 3, 0]",0.03252831912863007,1463,1413,5,UAB,fbs,Conference USA,37,"[10, 17, 10, 0]",0.9674716808713699,1506,1556,2.8101479218,https://www.youtube.com/watch?v=TJ0Hfwj_sR8,CHERIBUNDI BOCA RATON BOWL,,CollegeFootballData.com API,2026-08-31T17:34:18.724540+00:00,/games,1.3
401032059,2018,1,postseason,2018-12-20T01:00:00.000Z,False,True,True,False,11029,1400,Toyota Stadium,195,Ohio,fbs,Mid-American,27,"[3, 14, 3, 7]",0.9997375666893433,1782,1829,21,San Diego State,fbs,Mountain West,0,"[0, 0, 0, 0]",0.0002624333106566734,1515,1468,2.1711816499,https://www.youtube.com/watch?v=6aS3drIImp0,DXL FRISCO BOWL,,CollegeFootballData.com API,2026-08-31T17:34:18.724540+00:00,/games,1.3
401032060,2018,1,postseason,2018-12-21T01:00:00.000Z,False,True,False,False,14135,3886,Raymond James Stadium,58,South Florida,fbs,American Athletic,20,"[7, 3, 10, 0]",0.010472600272959575,1423,1385,276,Marshall,fbs,Conference USA,38,"[21, 7, 3, 7]",0.9895273997270404,1479,1517,3.2217571769,https://www.youtube.com/watch?v=XNJrkGH_qww,BAD BOY MOWERS GASPARILLA BOWL,,CollegeFootballData.com API,2026-08-31T17:34:18.724540+00:00,/games,1.3
401032061,2018,1,postseason,2018-12-21T17:30:00.000Z,False,True,True,False,13510,4779,Thomas A. Robinson National Stadium,2649,Toledo,fbs,Mid-American,32,"[10, 0, 7, 15]",0.05254442137485798,1555,1550,2229,Florida International,fbs,Conference USA,35,"[0, 14, 7, 14]",0.9474555786251421,1452,1457,6.4065445818,https://www.youtube.com/watch?v=CaaCivfMlY4,MAKERS WANTED BAHAMAS BOWL,,CollegeFootballData.com API,2026-08-31T17:34:18.724540+00:00,/games,1.3
401032062,2018,1,postseason,2018-12-21T21:00:00.000Z,False,True,True,False,18711,3653,Albertsons Stadium,252,BYU,fbs,FBS Independents,49,"[7, 0, 28, 14]",0.9999597397841424,1515,1580,2711,Western Michigan,fbs,Mid-American,18,"[0, 10, 0, 8]",4.026021585756823e-05,1293,1228,3.2841512194,https://www.youtube.com/watch?v=ZtVY6JT_pGc,FAMOUS IDAHO POTATO BOWL,,CollegeFootballData.com API,2026-08-31T17:34:18.724540+00:00,/games,1.3
401032063,2018,1,postseason,2018-12-22T17:00:00.000Z,False,True,True,False,25717,3803,Legion Field,154,Wake Forest,fbs,ACC,37,"[7, 17, 6, 7]",0.9962120049982743,1608,1618,235,Memphis,fbs,American Athletic,34,"[14, 14, 0, 6]",0.0037879950017256636,1693,1683,10.3659694928,https://www.youtube.com/watch?v=0qnzCjgcCJg,JARED BIRMINGHAM BOWL,,CollegeFootballData.com API,2026-08-31T17:34:18.724540+00:00,/games,1.3
401032064,2018,1,postseason,2018-12-22T20:30:00.000Z,False,True,True,False,44738,3616,Amon G. Carter Stadium,349,Army,fbs,FBS Independents,70,"[14, 28, 14, 14]",0.9999869317390738,1690,1867,248,Houston,fbs,American Athletic,14,"[0, 7, 0, 7]",1.3068260926174524e-05,1617,1440,1.2812376631,https://www.youtube.com/watch?v=aMww1St2v1A,LOCKHEED MARTIN ARMED FORCES BOWL,,CollegeFootballData.com API,2026-08-31T17:34:18.724540+00:00,/games,1.3
401032065,2018,1,postseason,2018-12-23T00:00:00.000Z,False,True,True,False,31818,3797,Ladd Peebles Stadium,2653,Troy,fbs,Sun Belt,42,"[7, 7, 7, 21]",0.3475654474699545,1540,1560,2084,Buffalo,fbs,Mid-American,32,"[7, 10, 7, 8]",0.6524345525300455,1486,1466,7.36184004599999,https://www.youtube.com/watch?v=ElSv_QcpSXM,DOLLAR GENERAL BOWL,,CollegeFootballData.com API,2026-08-31T17:34:18.724540+00:00,/games,1.3
401032066,2018,1,postseason,2018-12-23T03:30:00.000Z,False,True,True,False,30911,3610,Aloha Stadium,2348,Louisiana Tech,fbs,Conference USA,31,"[3, 0, 21, 7]",0.998636860071448,1354,1384,62,Hawai'i,fbs,Mountain West,14,"[0, 7, 0, 7]",0.0013631399285519707,1201,1171,4.8412871958,https://www.youtube.com/watch?v=JT5UHiw_EZM,SOFI HAWAI'I BOWL,,CollegeFootballData.com API,2026-08-31T17:34:18.724540+00:00,/games,1.3
401032068,2018,1,postseason,2018-12-26T22:15:00.000Z,False,True,True,False,27228,3727,Ford Field,59,Georgia Tech,fbs,ACC,10,"[0, 3, 7, 0]",0.0060753044144508704,1673,1606,135,Minnesota,fbs,Big Ten,34,"[10, 3, 7, 14]",0.9939246955855491,1575,1642,3.2485341196,https://www.youtube.com/watch?v=HXZNBfoCQMY,QUICK LANE BOWL,,CollegeFootballData.com API,2026-08-31T17:34:18.724540+00:00,/games,1.3
401032069,2018,1,postseason,2018-12-27T02:00:00.000Z,False,True,True,False,33121,4251,Chase Field,2628,TCU,fbs,Big 12,10,"[0, 0, 7, 0, 3]",0.6394552961238886,1582,1586,25,California,fbs,Pac-12,7,"[7, 0, 0, 0, 0]",0.36054470387611137,1536,1532,9.2656014849,https://www.youtube.com/watch?v=mby-xiTTg10,CHEEZ-IT BOWL,,CollegeFootballData.com API,2026-08-31T17:34:18.724540+00:00,/games,1.3
401032070,2018,1,postseason,2018-12-27T18:30:00.000Z,False,True,True,False,27492,3766,Independence Stadium,150,Duke,fbs,ACC,56,"[7, 14, 21, 14]",0.9993236475583627,1410,1539,218,Temple,fbs,American Athletic,27,"[13, 14, 0, 0]",0.000676352441637329,1716,1587,4.6173707658,https://www.youtube.com/watch?v=Qdfwq_kdUzE,WALK-ON'S INDEPENDENCE BOWL,,CollegeFootballData.com API,2026-08-31T17:34:18.724540+00:00,/games,1.3
401032071,2018,1,postseason,2018-12-27T22:15:00.000Z,False,True,True,False,37821,4102,Yankee Stadium,275,Wisconsin,fbs,Big Ten,35,"[14, 0, 7, 14]",0.9999552625477413,1649,1764,2390,Miami,fbs,ACC,3,"[3, 0, 0, 0]",4.473745225874737e-05,1782,1667,3.124023101,https://www.youtube.com/watch?v=fIDLTBttdw8,NEW ERA PINSTRIPE BOWL,,CollegeFootballData.com API,2026-08-31T17:34:18.724540+00:00,/games,1.3
401032072,2018,1,postseason,2018-12-28T02:00:00.000Z,False,True,True,False,51104,3891,NRG Stadium,238,Vanderbilt,fbs,SEC,38,"[14, 7, 7, 10]",0.1778607962609715,1569,1551,239,Baylor,fbs,Big 12,45,"[10, 7, 14, 14]",0.8221392037390285,1416,1434,8.7422876961,https://www.youtube.com/watch?v=10YgbXWv7NE,ACADEMY SPORTS + OUTDOORS TEXAS BOWL,,CollegeFootballData.com API,2026-08-31T17:34:18.724540+00:00,/games,1.3
401032073,2018,1,postseason,2018-12-28T18:30:00.000Z,False,True,True,False,59024,3810,Nissan Stadium,2,Auburn,fbs,SEC,63,"[28, 28, 7, 0]",0.9999817925046118,1825,1958,2509,Purdue,fbs,Big Ten,14,"[7, 0, 7, 0]",1.820749538816724e-05,1644,1511,1.1991456144,https://www.youtube.com/watch?v=TCoh0Ox_lzI,FRANKLIN AMERICAN MORTGAGE MUSIC CITY BOWL,,CollegeFootballData.com API,2026-08-31T17:34:18.724540+00:00,/games,1.3
401032074,2018,1,postseason,2018-12-28T22:15:00.000Z,False,True,True,False,41125,4013,Camping World Stadium,183,Syracuse,fbs,ACC,34,"[7, 7, 3, 17]",0.994052565055145,1626,1693,277,West Virginia,fbs,Big 12,18,"[3, 9, 6, 0]",0.005947434944854946,1855,1788,6.700783402,https://www.youtube.com/watch?v=6nFmiLmbI3k,CAMPING WORLD BOWL,,CollegeFootballData.com API,2026-08-31T17:34:18.724540+00:00,/games,1.3
401032075,2018,1,postseason,2018-12-29T02:00:00.000Z,False,True,True,False,60675,3604,Alamodome,265,Washington State,fbs,Pac-12,28,"[7, 14, 0, 7]",0.029046078606847343,1782,1783,66,Iowa State,fbs,Big 12,26,"[0, 10, 10, 6]",0.9709539213931526,1705,1704,6.0432540772,https://www.youtube.com/watch?v=7lLXklHtpkk,VALERO ALAMO BOWL,,CollegeFootballData.com API,2026-08-31T17:34:18.724540+00:00,/games,1.3
401032076,2018,1,postseason,2018-12-29T17:00:00.000Z,False,True,True,False,74006,5348,Mercedes-Benz Stadium,130,Michigan,fbs,Big Ten,15,"[7, 3, 0, 5]",0.005477410894782251,1966,1866,57,Florida,fbs,SEC,41,"[3, 10, 14, 14]",0.9945225891052177,1675,1775,4.5418226671,https://www.youtube.com/watch?v=bfBnspyg_To,CHICK-FIL-A PEACH BOWL,,CollegeFootballData.com API,2026-08-31T17:34:18.724540+00:00,/games,1.3
401032077,2018,1,postseason,2018-12-29T17:00:00.000Z,False,True,True,False,48263,3628,Bank of America Stadium,258,Virginia,fbs,ACC,28,"[7, 7, 7, 7]",0.9998964983533913,1560,1653,2579,South Carolina,fbs,SEC,0,"[0, 0, 0, 0]",0.00010350164660866135,1641,1548,2.9303835958,https://www.youtube.com/watch?v=dwzFXUcF0_o,,,CollegeFootballData.com API,2026-08-31T17:34:18.724540+00:00,/games,1.3
401035252,2018,1,postseason,2018-12-29T18:15:00.000Z,False,True,True,False,32368,3619,Arizona Stadium,2440,Nevada,fbs,Mountain West,16,"[0, 3, 0, 7, 6]",0.8424371121486587,1431,1443,2032,Arkansas State,fbs,Sun Belt,13,"[0, 7, 0, 3, 3]",0.15756288785134132,1550,1538,9.3400539606,https://www.youtube.com/watch?v=toVb3-tFH4s,,,CollegeFootballData.com API,2026-08-31T17:34:18.724540+00:00,/games,1.3
401032079,2018,1,postseason,2018-12-29T21:00:00.000Z,False,True,True,False,72183,3687,AT&T Stadium,228,Clemson,fbs,ACC,30,"[3, 20, 7, 0]",0.9997897827404291,2277,2318,87,Notre Dame,fbs,FBS Independents,3,"[3, 0, 0, 0]",0.00021021725957093285,1953,1912,3.25779463789999,https://www.youtube.com/watch?v=8gDbOj7Xt5w,GOODYEAR COTTON BOWL CLASSIC - CFP SEMIFINAL,"{'competition': 'cfp', 'format': 'four_team', 'round': 'semifinal', 'roundName': 'Semifinal', 'bracketSlot': 'SF1', 'homeSeed': 2, 'awaySeed': 3, 'bowlName': 'Cotton Bowl'}",CollegeFootballData.com API,2026-08-31T17:34:18.724540+00:00,/games,1.3
401032078,2018,1,postseason,2018-12-30T01:00:00.000Z,False,True,True,False,66203,3948,Hard Rock Stadium,333,Alabama,fbs,SEC,45,"[21, 10, 0, 14]",0.970807889404316,2324,2327,201,Oklahoma,fbs,Big 12,34,"[0, 10, 10, 14]",0.02919211059568405,2026,2023,2.29896567679999,https://www.youtube.com/watch?v=EySP2xCRq_c,CAPITAL ONE ORANGE BOWL - CFP SEMIFINAL,"{'competition': 'cfp', 'format': 'four_team', 'round': 'semifinal', 'roundName': 'Semifinal', 'bracketSlot': 'SF2', 'homeSeed': 1, 'awaySeed': 4, 'bowlName': 'Orange Bowl'}",CollegeFootballData.com API,2026-08-31T17:34:18.724540+00:00,/games,1.3
401032080,2018,1,postseason,2018-12-31T17:00:00.000Z,False,True,True,False,32832,3852,Navy-Marine Corps Memorial Stadium,259,Virginia Tech,fbs,ACC,31,"[7, 7, 10, 7]",0.2714978916810574,1523,1530,2132,Cincinnati,fbs,American Athletic,35,"[7, 7, 7, 14]",0.7285021083189426,1694,1687,9.12435337899999,https://www.youtube.com/watch?v=x87pcF-PnBw,,,CollegeFootballData.com API,2026-08-31T17:34:18.724540+00:00,/games,1.3
401035251,2018,1,postseason,2018-12-31T19:00:00.000Z,False,True,True,False,40680,3946,Sun Bowl,221,Pittsburgh,fbs,ACC,13,"[0, 10, 3, 0]",0.9252034375927521,1592,1595,24,Stanford,fbs,Pac-12,14,"[0, 7, 0, 7]",0.07479656240724786,1710,1707,6.8237142855,https://www.youtube.com/watch?v=SW1uQKnNcwc,,,CollegeFootballData.com API,2026-08-31T17:34:18.724540+00:00,/games,1.3
401035254,2018,1,postseason,2018-12-31T20:00:00.000Z,False,True,True,False,30212,4738,Levi's Stadium,2483,Oregon,fbs,Pac-12,7,"[0, 0, 0, 7]",0.6703928228644848,1637,1640,127,Michigan State,fbs,Big Ten,6,"[0, 0, 6, 0]",0.32960717713551524,1676,1673,8.1047266725,https://www.youtube.com/watch?v=ODB6uBe8hkg,,,CollegeFootballData.com API,2026-08-31T17:34:18.724540+00:00,/games,1.3
401032081,2018,1,postseason,2018-12-31T20:45:00.000Z,False,True,True,False,51587,3805,Simmons Bank Liberty Stadium,197,Oklahoma State,fbs,Big 12,38,"[7, 7, 21, 3]",0.27206754847271114,1682,1705,142,Missouri,fbs,SEC,33,"[3, 13, 3, 14]",0.7279324515272889,1874,1851,7.4956580701,https://www.youtube.com/watch?v=95fCDBTq4Wg,,,CollegeFootballData.com API,2026-08-31T17:34:18.724540+00:00,/games,1.3
401035250,2018,1,postseason,2019-01-01T00:00:00.000Z,False,True,True,False,47007,3932,Qualcomm Stadium,254,Utah,fbs,Pac-12,20,"[14, 6, 0, 0]",0.025390414811762962,1763,1736,77,Northwestern,fbs,Big Ten,31,"[0, 3, 28, 0]",0.974609585188237,1641,1668,4.7289606486,https://www.youtube.com/watch?v=y4WhLTtsRPU,,,CollegeFootballData.com API,2026-08-31T17:34:18.724540+00:00,/games,1.3
401032082,2018,1,postseason,2019-01-01T00:30:00.000Z,False,True,True,False,38206,3712,EverBank Stadium,245,Texas A&M,fbs,SEC,52,"[7, 14, 14, 17]",0.9999901710546679,1724,1858,152,NC State,fbs,ACC,13,"[3, 10, 0, 0]",9.828945332079897e-06,1802,1668,3.7789476752,https://www.youtube.com/watch?v=vOF5zd9y5wQ,,,CollegeFootballData.com API,2026-08-31T17:34:18.724540+00:00,/games,1.3
401032083,2018,1,postseason,2019-01-01T17:00:00.000Z,False,True,True,False,40518,3886,Raymond James Stadium,2294,Iowa,fbs,Big Ten,27,"[0, 17, 7, 3]",0.3841651758620589,1926,1938,344,Mississippi State,fbs,SEC,22,"[6, 0, 13, 3]",0.6158348241379411,1949,1937,6.8860884014,https://www.youtube.com/watch?v=F-f_y4OETEw,OUTBACK BOWL,,CollegeFootballData.com API,2026-08-31T17:34:18.724540+00:00,/games,1.3
401032084,2018,1,postseason,2019-01-01T18:00:00.000Z,False,True,True,False,57246,3970,State Farm Stadium,2116,UCF,fbs,American Athletic,32,"[14, 7, 3, 8]",0.021127098159596715,1925,1909,99,LSU,fbs,SEC,40,"[10, 14, 10, 6]",0.9788729018404033,1834,1850,5.9207325983,https://www.youtube.com/watch?v=N5gcwUDdzM8,PLAYSTATION FIESTA BOWL,,CollegeFootballData.com API,2026-08-31T17:34:18.724540+00:00,/games,1.3
401032088,2018,1,postseason,2019-01-01T18:00:00.000Z,False,True,True,False,59167,4013,Camping World Stadium,213,Penn State,fbs,Big Ten,24,"[0, 7, 0, 17]",0.8863062908760272,1929,1916,96,Kentucky,fbs,SEC,27,"[10, 0, 17, 0]",0.11369370912397281,1659,1672,6.4855997127,https://www.youtube.com/watch?v=WF_g4f40kdc,VRBO CITRUS BOWL,,CollegeFootballData.com API,2026-08-31T17:34:18.724540+00:00,/games,1.3
401032085,2018,1,postseason,2019-01-01T22:00:00.000Z,False,True,True,False,91853,1056,Rose Bowl,194,Ohio State,fbs,Big Ten,28,"[7, 14, 7, 0]",0.3399460299232839,2018,2020,264,Washington,fbs,Pac-12,23,"[3, 0, 0, 20]",0.6600539700767161,1861,1859,3.1781908907,https://www.youtube.com/watch?v=xTJ6Az58Cpc,ROSE BOWL GAME PRESENTED BY NORTHWESTERN MUTUAL,,CollegeFootballData.com API,2026-08-31T17:34:18.724540+00:00,/games,1.3
401032086,2018,1,postseason,2019-01-02T01:45:00.000Z,False,True,True,False,71449,3493,Caesars Superdome,61,Georgia,fbs,SEC,21,"[0, 7, 0, 14]",0.2033286855299136,2035,2006,251,Texas,fbs,Big 12,28,"[10, 10, 0, 8]",0.7966713144700864,1742,1771,4.07633985399999,https://www.youtube.com/watch?v=KA8nIpyxbz0,ALLSTATE SUGAR BOWL,,CollegeFootballData.com API,2026-08-31T17:34:18.724540+00:00,/games,1.3
401032087,2018,1,postseason,2019-01-08T01:00:00.000Z,False,True,True,False,74814,4738,Levi's Stadium,333,Alabama,fbs,SEC,16,"[13, 3, 0, 0]",0.015802115296749165,2327,2257,228,Clemson,fbs,ACC,44,"[14, 17, 13, 0]",0.9841978847032509,2318,2388,3.6281868588,https://www.youtube.com/watch?v=p8qcWOICsgU,CFP NATIONAL CHAMPIONSHIP PRESENTED BY AT&T,"{'competition': 'cfp', 'format': 'four_team', 'round': 'championship', 'roundName': 'National Championship', 'bracketSlot': 'CH', 'homeSeed': 1, 'awaySeed': 2, 'bowlName': None}",CollegeFootballData.com API,2026-08-31T17:34:18.724540+00:00,/games,1.3
