id,season,week,seasonType,startDate,startTimeTBD,completed,neutralSite,conferenceGame,attendance,venueId,venue,homeId,homeTeam,homeClassification,homeConference,homePoints,homeLineScores,homePostgameWinProbability,homePregameElo,homePostgameElo,awayId,awayTeam,awayClassification,awayConference,awayPoints,awayLineScores,awayPostgameWinProbability,awayPregameElo,awayPostgameElo,excitementIndex,highlights,notes,playoff,_source,_retrieval_date,_endpoint,_schema_version
401635525,2024,1,regular,2024-08-24T16:00:00.000Z,False,True,True,True,47998,3504,Aviva Stadium,59,Georgia Tech,fbs,ACC,24,"[7, 7, 0, 10]",0.9913955304658811,1497,1513,52,Florida State,fbs,ACC,21,"[8, 6, 0, 7]",0.008604469534118864,1692,1676,7.822223962,,Aer Lingus College Football Classic,,CollegeFootballData.com API,2026-08-31T17:38:52.365352+00:00,/games,1.3
401643697,2024,1,regular,2024-08-24T20:00:00.000Z,False,True,False,False,17314,3971,University Stadium (NM),167,New Mexico,fbs,Mountain West,31,"[10, 14, 7, 0]",0.30110066648514766,1234,1234,147,Montana State,fcs,Big Sky,35,"[0, 14, 0, 21]",0.6988993335148523,,,4.9273181699,,,,CollegeFootballData.com API,2026-08-31T17:38:52.365352+00:00,/games,1.3
401643696,2024,1,regular,2024-08-25T00:00:00.000Z,False,True,False,False,20263,3816,Mackay Stadium,2440,Nevada,fbs,Mountain West,24,"[7, 10, 7, 0]",0.1027094743544201,1222,1243,2567,SMU,fbs,ACC,29,"[0, 10, 3, 16]",0.8972905256455799,1690,1669,7.6714922497,,,,CollegeFootballData.com API,2026-08-31T17:38:52.365352+00:00,/games,1.3
401643858,2024,1,regular,2024-08-25T03:59:00.000Z,False,True,False,False,12206,7220,Clarence T.C. Ching Athletics Complex,62,Hawai'i,fbs,Mountain West,35,"[14, 0, 7, 14]",0.9564689570884497,1227,1227,2169,Delaware State,fcs,MEAC,14,"[0, 7, 7, 0]",0.0435310429115503,,,5.224356278,,,,CollegeFootballData.com API,2026-08-31T17:38:52.365352+00:00,/games,1.3
401628458,2024,1,regular,2024-08-29T22:00:00.000Z,False,True,False,False,47803,6577,SHI Stadium,164,Rutgers,fbs,Big Ten,44,"[7, 10, 14, 13]",0.9969831120621432,1460,1460,47,Howard,fcs,MEAC,7,"[0, 7, 0, 0]",0.003016887937856816,,,4.6819518771,,,,CollegeFootballData.com API,2026-08-31T17:38:52.365352+00:00,/games,1.3
401634299,2024,1,regular,2024-08-29T23:00:00.000Z,False,True,False,False,56919,3670,Carter-Finley Stadium,152,NC State,fbs,ACC,38,"[7, 7, 3, 21]",0.9918432913255499,1606,1606,2717,Western Carolina,fcs,Southern,21,"[14, 0, 7, 0]",0.008156708674450064,,,7.4610249317,,,,CollegeFootballData.com API,2026-08-31T17:38:52.365352+00:00,/games,1.3
401636387,2024,1,regular,2024-08-29T23:00:00.000Z,False,True,False,False,11145,3817,Malone Stadium,2433,UL Monroe,fbs,Sun Belt,30,"[7, 7, 7, 9]",0.9698949195350997,1156,1156,2296,Jackson State,fcs,SWAC,14,"[0, 7, 7, 0]",0.030105080464900347,,,6.4645770987,,,,CollegeFootballData.com API,2026-08-31T17:38:52.365352+00:00,/games,1.3
401644730,2024,1,regular,2024-08-29T23:00:00.000Z,False,True,False,False,18055,3786,Kelly/Shorts Stadium,2117,Central Michigan,fbs,Mid-American,66,"[14, 28, 24, 0]",0.990740332770375,1333,1333,2115,Central Connecticut,fcs,NEC,10,"[7, 0, 3, 0]",0.009259667229625013,,,3.5315915573,,,,CollegeFootballData.com API,2026-08-31T17:38:52.365352+00:00,/games,1.3
401628582,2024,1,regular,2024-08-29T23:00:00.000Z,False,True,False,False,44206,3652,FBC Mortgage Stadium,2116,UCF,fbs,Big 12,57,"[6, 23, 28, 0]",0.9984304429832914,1578,1578,160,New Hampshire,fcs,Coastal Athletic,3,"[0, 3, 0, 0]",0.0015695570167085782,,,3.4992540194,,,,CollegeFootballData.com API,2026-08-31T17:38:52.365352+00:00,/games,1.3
401628581,2024,1,regular,2024-08-29T23:00:00.000Z,False,True,False,False,29450,3630,Allegacy Federal Credit Union Stadium,154,Wake Forest,fbs,ACC,45,"[7, 10, 21, 7]",0.9025691144714703,1431,1431,2448,North Carolina A&T,fcs,Coastal Athletic,13,"[7, 3, 0, 3]",0.09743088552852974,,,4.0055730674,,,,CollegeFootballData.com API,2026-08-31T17:38:52.365352+00:00,/games,1.3
401644729,2024,1,regular,2024-08-29T23:00:00.000Z,False,True,False,False,12786,3700,Doyt L. Perry Stadium,189,Bowling Green,fbs,Mid-American,41,"[20, 7, 7, 7]",0.9928386384421355,1431,1431,2230,Fordham,fcs,Patriot,17,"[0, 3, 7, 7]",0.0071613615578645096,,,2.6308489164,,,,CollegeFootballData.com API,2026-08-31T17:38:52.365352+00:00,/games,1.3
401644727,2024,1,regular,2024-08-29T23:00:00.000Z,False,True,False,False,16400,3965,UB Stadium,2084,Buffalo,fbs,Mid-American,30,"[13, 3, 7, 7]",0.9963644776637445,1357,1357,322,Lafayette,fcs,Patriot,13,"[0, 0, 6, 7]",0.0036355223362555256,,,4.5184667445,,,,CollegeFootballData.com API,2026-08-31T17:38:52.365352+00:00,/games,1.3
401644728,2024,1,regular,2024-08-29T23:30:00.000Z,False,True,False,False,23515,3739,Glass Bowl,2649,Toledo,fbs,Mid-American,49,"[21, 7, 14, 7]",0.9854090128176071,1526,1526,2184,Duquesne,fcs,NEC,10,"[7, 3, 0, 0]",0.014590987182392934,,,3.6042805247,,,,CollegeFootballData.com API,2026-08-31T17:38:52.365352+00:00,/games,1.3
401628320,2024,1,regular,2024-08-29T23:30:00.000Z,False,True,True,False,40127,3983,War Memorial Stadium (AR),8,Arkansas,fbs,SEC,70,"[28, 21, 7, 14]",0.9989700310726486,1454,1454,2029,Arkansas-Pine Bluff,fcs,SWAC,0,"[0, 0, 0, 0]",0.00102996892735141,,,2.5735528941,,,,CollegeFootballData.com API,2026-08-31T17:38:52.365352+00:00,/games,1.3
401634206,2024,1,regular,2024-08-30T00:00:00.000Z,False,True,False,False,49438,3726,Folsom Field,38,Colorado,fbs,Big 12,31,"[14, 3, 7, 7]",0.3704693385585345,1324,1324,2449,North Dakota State,fcs,MVFC,26,"[10, 10, 0, 6]",0.6295306614414655,,,6.0376176228,,,,CollegeFootballData.com API,2026-08-31T17:38:52.365352+00:00,/games,1.3
401645316,2024,1,regular,2024-08-30T00:00:00.000Z,False,True,False,False,21267,7221,Protective Stadium,5,UAB,fbs,American Athletic,41,"[14, 14, 3, 10]",0.998633095814721,1363,1363,2016,Alcorn State,fcs,SWAC,3,"[3, 0, 0, 0]",0.001366904185278961,,,3.2583396559,,,,CollegeFootballData.com API,2026-08-31T17:38:52.365352+00:00,/games,1.3
401636606,2024,1,regular,2024-08-30T00:00:00.000Z,False,True,True,False,20829,3486,Children's Mercy Park,2305,Kansas,fbs,Big 12,48,"[7, 27, 7, 7]",0.9989701373065328,1619,1619,2815,Lindenwood,fcs,Big South-OVC,3,"[0, 0, 0, 3]",0.001029862693467165,,,3.001620721,,,,CollegeFootballData.com API,2026-08-31T17:38:52.365352+00:00,/games,1.3
401628327,2024,1,regular,2024-08-30T00:00:00.000Z,False,True,False,False,62621,3838,Memorial Stadium,142,Missouri,fbs,SEC,51,"[28, 7, 10, 6]",0.9989083251415593,1744,1744,93,Murray State,fcs,MVFC,0,"[0, 0, 0, 0]",0.0010916748584407499,,,2.1957671965,,,,CollegeFootballData.com API,2026-08-31T17:38:52.365352+00:00,/games,1.3
401640998,2024,1,regular,2024-08-30T00:00:00.000Z,False,True,False,False,18977,3662,AmFirst Stadium,55,Jacksonville State,fbs,Conference USA,27,"[3, 7, 0, 17]",0.006210418812854204,1538,1449,324,Coastal Carolina,fbs,Sun Belt,55,"[17, 14, 10, 14]",0.9937895811871458,1448,1537,2.3532792649,,,,CollegeFootballData.com API,2026-08-31T17:38:52.365352+00:00,/games,1.3
401628448,2024,1,regular,2024-08-30T00:00:00.000Z,False,True,False,False,50805,3953,Huntington Bank Stadium,135,Minnesota,fbs,Big Ten,17,"[0, 14, 0, 3]",0.8741646700190268,1492,1492,153,North Carolina,fbs,ACC,19,"[0, 7, 6, 6]",0.12583532998097324,1546,1546,8.3966898321,,,,CollegeFootballData.com API,2026-08-31T17:38:52.365352+00:00,/games,1.3
401645318,2024,1,regular,2024-08-30T00:00:00.000Z,False,True,False,False,16483,3674,Chapman Stadium,202,Tulsa,fbs,American Athletic,62,"[14, 27, 7, 14]",0.9988522601651243,1248,1248,2466,Northwestern State,fcs,Southland,28,"[14, 0, 0, 14]",0.001147739834875705,,,4.1619627667,,,,CollegeFootballData.com API,2026-08-31T17:38:52.365352+00:00,/games,1.3
401645317,2024,1,regular,2024-08-30T00:00:00.000Z,False,True,False,False,20143,4729,Yulman Stadium,2655,Tulane,fbs,American Athletic,52,"[7, 14, 14, 17]",0.9989668126898874,1565,1565,2545,SE Louisiana,fcs,Southland,0,"[0, 0, 0, 0]",0.0010331873101125932,,,3.9545561472,,,,CollegeFootballData.com API,2026-08-31T17:38:52.365352+00:00,/games,1.3
401636607,2024,1,regular,2024-08-30T01:00:00.000Z,False,True,False,False,52210,587,Rice-Eccles Stadium,254,Utah,fbs,Big 12,49,"[7, 28, 7, 7]",0.9989529148338463,1622,1622,253,Southern Utah,fcs,UAC,0,"[0, 0, 0, 0]",0.001047085166153705,,,2.4892539854,,,,CollegeFootballData.com API,2026-08-31T17:38:52.365352+00:00,/games,1.3
401654845,2024,1,regular,2024-08-30T01:00:00.000Z,False,True,False,False,43849,3832,"Memorial Stadium (Champaign, IL)",356,Illinois,fbs,Big Ten,45,"[14, 17, 7, 7]",0.998775795771694,1502,1502,2197,Eastern Illinois,fcs,Big South-OVC,0,"[0, 0, 0, 0]",0.0012242042283060472,,,2.616514081,,,,CollegeFootballData.com API,2026-08-31T17:38:52.365352+00:00,/games,1.3
401643698,2024,1,regular,2024-08-30T02:00:00.000Z,False,True,False,False,13811,3935,CEFCU Stadium,23,San José State,fbs,Mountain West,42,"[7, 7, 7, 21]",0.9887113561234411,1544,1544,16,Sacramento State,fcs,Big Sky,24,"[14, 3, 7, 0]",0.011288643876558924,,,8.7463456016,,,,CollegeFootballData.com API,2026-08-31T17:38:52.365352+00:00,/games,1.3
401645319,2024,1,regular,2024-08-30T22:00:00.000Z,False,True,False,False,23760,3841,Michie Stadium,349,Army,fbs,American Athletic,42,"[7, 14, 7, 14]",0.9979306489300219,1425,1425,2329,Lehigh,fcs,Patriot,7,"[7, 0, 0, 0]",0.002069351069978076,,,3.1009780986,,,,CollegeFootballData.com API,2026-08-31T17:38:52.365352+00:00,/games,1.3
401628453,2024,1,regular,2024-08-30T23:00:00.000Z,False,True,False,False,70271,3936,Spartan Stadium,127,Michigan State,fbs,Big Ten,16,"[2, 14, 0, 0]",0.8569259339139759,1392,1401,2226,Florida Atlantic,fbs,American Athletic,10,"[0, 3, 7, 0]",0.14307406608602413,1422,1413,6.7849495035,,,,CollegeFootballData.com API,2026-08-31T17:38:52.365352+00:00,/games,1.3
401628328,2024,1,regular,2024-08-30T23:00:00.000Z,False,True,False,False,83329,3835,"Memorial Stadium (Norman, OK)",201,Oklahoma,fbs,SEC,51,"[17, 17, 3, 14]",0.9967305253633713,1786,1849,218,Temple,fbs,American Athletic,3,"[0, 0, 3, 0]",0.003269474636628744,1178,1115,2.6725263142,,,,CollegeFootballData.com API,2026-08-31T17:38:52.365352+00:00,/games,1.3
401628584,2024,1,regular,2024-08-30T23:30:00.000Z,False,True,False,False,18466,3982,Wallace Wade Stadium,150,Duke,fbs,ACC,26,"[3, 7, 9, 7]",0.9964878761250934,1602,1602,2210,Elon,fcs,Coastal Athletic,3,"[0, 0, 0, 3]",0.0035121238749066253,,,4.3623822452,,,,CollegeFootballData.com API,2026-08-31T17:38:52.365352+00:00,/games,1.3
401628461,2024,1,regular,2024-08-31T01:00:00.000Z,False,True,False,False,75158,347,Camp Randall Stadium,275,Wisconsin,fbs,Big Ten,28,"[0, 10, 3, 15]",0.5495450669632155,1587,1593,2711,Western Michigan,fbs,Mid-American,14,"[0, 7, 0, 7]",0.4504549330367845,1315,1309,7.098240234,,,,CollegeFootballData.com API,2026-08-31T17:38:52.365352+00:00,/games,1.3
401634300,2024,1,regular,2024-08-31T02:30:00.000Z,False,True,False,False,36026,3940,Stanford Stadium,24,Stanford,fbs,ACC,27,"[7, 10, 0, 10]",0.10769287584413943,1286,1295,2628,TCU,fbs,Big 12,34,"[7, 3, 10, 14]",0.8923071241558606,1587,1578,9.2635770293,,,,CollegeFootballData.com API,2026-08-31T17:38:52.365352+00:00,/games,1.3
401643703,2024,1,regular,2024-08-31T04:00:00.000Z,True,True,False,False,17037,3905,Maverik Stadium,328,Utah State,fbs,Mountain West,36,"[7, 3, 10, 16]",0.9971715241134939,1346,1346,2523,Robert Morris,fcs,NEC,14,"[0, 14, 0, 0]",0.0028284758865061432,,,6.7617772711,,,,CollegeFootballData.com API,2026-08-31T17:38:52.365352+00:00,/games,1.3
401628451,2024,1,regular,2024-08-31T16:00:00.000Z,False,True,False,False,35421,3665,SECU Stadium,120,Maryland,fbs,Big Ten,50,"[14, 9, 13, 14]",0.9988002754401627,1630,1703,41,UConn,fbs,FBS Independents,7,"[0, 0, 7, 0]",0.0011997245598373008,1230,1157,3.0293093219,,,,CollegeFootballData.com API,2026-08-31T17:38:52.365352+00:00,/games,1.3
401632062,2024,1,regular,2024-08-31T16:00:00.000Z,False,True,False,False,47067,3873,L&N Federal Credit Union Stadium,97,Louisville,fbs,ACC,62,"[10, 28, 21, 3]",0.9989252517275378,1625,1625,2046,Austin Peay,fcs,UAC,0,"[0, 0, 0, 0]",0.0010747482724622337,,,2.3632203342,,,,CollegeFootballData.com API,2026-08-31T17:38:52.365352+00:00,/games,1.3
401645322,2024,1,regular,2024-08-31T16:00:00.000Z,False,True,False,False,28763,3852,Navy-Marine Corps Memorial Stadium,2426,Navy,fbs,American Athletic,49,"[6, 22, 7, 14]",0.9984703617023533,1368,1368,2083,Bucknell,fcs,Patriot,21,"[7, 0, 7, 7]",0.0015296382976467404,,,3.4538485468,,,,CollegeFootballData.com API,2026-08-31T17:38:52.365352+00:00,/games,1.3
401628450,2024,1,regular,2024-08-31T16:00:00.000Z,False,True,False,False,69250,3793,Kinnick Stadium,2294,Iowa,fbs,Big Ten,40,"[3, 3, 13, 21]",0.9981064825554675,1550,1550,2287,Illinois State,fcs,MVFC,0,"[0, 0, 0, 0]",0.0018935174445324776,,,4.289131329,,,,CollegeFootballData.com API,2026-08-31T17:38:52.365352+00:00,/games,1.3
401628323,2024,1,regular,2024-08-31T16:00:00.000Z,False,True,True,False,78827,5348,Mercedes-Benz Stadium,61,Georgia,fbs,SEC,34,"[0, 6, 14, 14]",0.996798246718009,2015,2066,228,Clemson,fbs,ACC,3,"[0, 0, 3, 0]",0.0032017532819910155,1676,1625,3.9981808014,,Aflac Kickoff,,CollegeFootballData.com API,2026-08-31T17:38:52.365352+00:00,/games,1.3
401628457,2024,1,regular,2024-08-31T16:00:00.000Z,False,True,False,False,62084,3842,Milan Puskar Stadium,277,West Virginia,fbs,Big 12,12,"[0, 6, 0, 6]",0.0009582824377984128,1574,1546,213,Penn State,fbs,Big Ten,34,"[0, 20, 7, 7]",0.9990417175622016,1833,1861,3.2059023853,,,,CollegeFootballData.com API,2026-08-31T17:38:52.365352+00:00,/games,1.3
401634305,2024,1,regular,2024-08-31T16:00:00.000Z,False,True,False,False,44616,3752,Acrisure Stadium,221,Pittsburgh,fbs,ACC,55,"[14, 14, 14, 13]",0.9944918416705909,1436,1486,2309,Kent State,fbs,Mid-American,24,"[7, 7, 10, 0]",0.005508158329409096,1158,1108,4.2275134344,,,,CollegeFootballData.com API,2026-08-31T17:38:52.365352+00:00,/games,1.3
401628333,2024,1,regular,2024-08-31T16:00:00.000Z,False,True,False,False,,3973,FirstBank Stadium,238,Vanderbilt,fbs,SEC,34,"[3, 14, 3, 7, 7]",0.9759708097958583,1284,1313,259,Virginia Tech,fbs,ACC,27,"[0, 3, 10, 14, 0]",0.024029190204141737,1604,1575,7.7799416184,,,,CollegeFootballData.com API,2026-08-31T17:38:52.365352+00:00,/games,1.3
401634169,2024,1,regular,2024-08-31T16:00:00.000Z,False,True,False,False,59488,3907,Ross-Ade Stadium,2509,Purdue,fbs,Big Ten,49,"[7, 14, 14, 14]",0.9989614643903625,1492,1492,282,Indiana State,fcs,MVFC,0,"[0, 0, 0, 0]",0.0010385356096375142,,,3.120175037,,,,CollegeFootballData.com API,2026-08-31T17:38:52.365352+00:00,/games,1.3
401628330,2024,1,regular,2024-08-31T16:45:00.000Z,False,True,False,False,101915,3853,Neyland Stadium,2633,Tennessee,fbs,SEC,69,"[24, 21, 10, 14]",0.9989676752583595,1751,1751,236,Chattanooga,fcs,Southern,3,"[0, 0, 3, 0]",0.0010323247416405001,,,2.0752113158,,,,CollegeFootballData.com API,2026-08-31T17:38:52.365352+00:00,/games,1.3
401634212,2024,1,regular,2024-08-31T18:00:00.000Z,False,True,False,False,52202,3646,Boone Pickens Stadium,197,Oklahoma State,fbs,Big 12,44,"[10, 7, 21, 6]",0.9918623935187709,1522,1522,2571,South Dakota State,fcs,MVFC,20,"[0, 6, 7, 7]",0.008137606481229076,,,3.8973240461,,,,CollegeFootballData.com API,2026-08-31T17:38:52.365352+00:00,/games,1.3
401628591,2024,1,regular,2024-08-31T18:30:00.000Z,False,True,False,False,37654,3854,Nippert Stadium,2132,Cincinnati,fbs,Big 12,38,"[21, 7, 10, 0]",0.9988703038356657,1394,1394,119,Towson,fcs,Coastal Athletic,20,"[3, 14, 3, 0]",0.0011296961643343373,,,4.0563441295,,,,CollegeFootballData.com API,2026-08-31T17:38:52.365352+00:00,/games,1.3
401637159,2024,1,regular,2024-08-31T19:00:00.000Z,False,True,False,False,20089,3820,Gesa Field,265,Washington State,fbs,Pac-12,70,"[22, 27, 14, 7]",0.998969170318451,1530,1530,2502,Portland State,fcs,Big Sky,30,"[7, 10, 6, 7]",0.0010308296815489948,,,2.9697667045,,,,CollegeFootballData.com API,2026-08-31T17:38:52.365352+00:00,/games,1.3
401634304,2024,1,regular,2024-08-31T19:30:00.000Z,False,True,False,False,37225,1964,JMA Wireless Dome,183,Syracuse,fbs,ACC,38,"[0, 17, 14, 7]",0.9950656709659383,1330,1383,195,Ohio,fbs,Mid-American,22,"[6, 3, 7, 6]",0.0049343290340616575,1522,1469,4.6239333254,,,,CollegeFootballData.com API,2026-08-31T17:38:52.365352+00:00,/games,1.3
401629039,2024,1,regular,2024-08-31T19:30:00.000Z,False,True,False,False,12810,3985,Warren McGuirk Alumni Stadium,113,Massachusetts,fbs,FBS Independents,14,"[0, 0, 7, 7]",0.20800758182908174,1141,1123,2199,Eastern Michigan,fbs,Mid-American,28,"[0, 14, 3, 11]",0.7919924181709183,1287,1305,4.0727246661,,,,CollegeFootballData.com API,2026-08-31T17:38:52.365352+00:00,/games,1.3
401628455,2024,1,regular,2024-08-31T19:30:00.000Z,False,True,False,False,102011,3861,Ohio Stadium,194,Ohio State,fbs,Big Ten,52,"[7, 10, 21, 14]",0.9986109107615839,1876,1927,2006,Akron,fbs,Mid-American,6,"[3, 0, 3, 0]",0.0013890892384160747,1212,1161,4.3794847589,,,,CollegeFootballData.com API,2026-08-31T17:38:52.365352+00:00,/games,1.3
401628454,2024,1,regular,2024-08-31T19:30:00.000Z,False,True,False,False,86072,3834,"Memorial Stadium (Lincoln, NE)",158,Nebraska,fbs,Big Ten,40,"[7, 23, 7, 3]",0.9829337715303853,1507,1571,2638,UTEP,fbs,Conference USA,7,"[7, 0, 0, 0]",0.017066228469614697,1296,1232,3.541056616,,,,CollegeFootballData.com API,2026-08-31T17:38:52.365352+00:00,/games,1.3
401634197,2024,1,regular,2024-08-31T19:30:00.000Z,False,True,False,False,56148,3772,Jack Trice Stadium,66,Iowa State,fbs,Big 12,21,"[7, 7, 0, 7]",0.9926331863922268,1612,1612,155,North Dakota,fcs,MVFC,3,"[0, 3, 0, 0]",0.007366813607773248,,,5.4436053185,,,,CollegeFootballData.com API,2026-08-31T17:38:52.365352+00:00,/games,1.3
401634133,2024,1,regular,2024-08-31T19:30:00.000Z,False,True,False,False,36232,3792,Kidd Brewer Stadium,2026,App State,fbs,Sun Belt,38,"[10, 7, 7, 14]",0.8524195016014087,1578,1578,2193,East Tennessee State,fcs,Southern,10,"[0, 7, 3, 0]",0.14758049839859133,,,4.1701491027,,,,CollegeFootballData.com API,2026-08-31T17:38:52.365352+00:00,/games,1.3
401628322,2024,1,regular,2024-08-31T19:30:00.000Z,False,True,False,False,90544,3634,Ben Hill Griffin Stadium,57,Florida,fbs,SEC,17,"[3, 7, 0, 7]",0.0005616699198957274,1562,1497,2390,Miami,fbs,ACC,41,"[7, 17, 14, 3]",0.9994383300801043,1553,1618,2.0699906761,,,,CollegeFootballData.com API,2026-08-31T17:38:52.365352+00:00,/games,1.3
401641015,2024,1,regular,2024-08-31T19:30:00.000Z,False,True,False,False,25911,3604,Alamodome,2636,UTSA,fbs,American Athletic,28,"[14, 7, 0, 7]",0.9928398385316319,1598,1613,338,Kennesaw State,fbs,Conference USA,16,"[3, 3, 3, 7]",0.007160161468368065,1500,1485,5.3671875296,,,,CollegeFootballData.com API,2026-08-31T17:38:52.365352+00:00,/games,1.3
401643699,2024,1,regular,2024-08-31T19:30:00.000Z,False,True,False,False,31658,3713,Falcon Stadium,2005,Air Force,fbs,Mountain West,21,"[7, 7, 0, 7]",0.9455908886537696,1572,1572,2771,Merrimack,fcs,FCS Independents,6,"[0, 0, 0, 6]",0.05440911134623039,,,6.1226509062,,,,CollegeFootballData.com API,2026-08-31T17:38:52.365352+00:00,/games,1.3
401628331,2024,1,regular,2024-08-31T19:30:00.000Z,False,True,False,False,99171,3910,DKR-Texas Memorial Stadium,251,Texas,fbs,SEC,52,"[7, 24, 14, 7]",0.9985585872365947,1850,1939,36,Colorado State,fbs,Mountain West,0,"[0, 0, 0, 0]",0.0014414127634052587,1350,1261,2.8170508876,,,,CollegeFootballData.com API,2026-08-31T17:38:52.365352+00:00,/games,1.3
401644683,2024,1,regular,2024-08-31T19:30:00.000Z,False,True,True,False,12023,5960,Lanny and Sharon Martin Stadium,77,Northwestern,fbs,Big Ten,13,"[3, 0, 7, 3]",0.9619988723257635,1498,1514,193,Miami (OH),fbs,Mid-American,6,"[3, 0, 0, 3]",0.03800112767423647,1506,1490,5.8551319837,,,,CollegeFootballData.com API,2026-08-31T17:38:52.365352+00:00,/games,1.3
401628449,2024,1,regular,2024-08-31T19:30:00.000Z,False,True,False,False,44150,3830,"Memorial Stadium (Bloomington, IN)",84,Indiana,fbs,Big Ten,31,"[14, 7, 3, 7]",0.9982659319837235,1395,1430,2229,Florida International,fbs,Conference USA,7,"[0, 7, 0, 0]",0.0017340680162765132,1164,1129,3.6693137815,,,,CollegeFootballData.com API,2026-08-31T17:38:52.365352+00:00,/games,1.3
401644731,2024,1,regular,2024-08-31T19:30:00.000Z,False,True,False,False,10828,3764,Huskie Stadium,2459,Northern Illinois,fbs,Mid-American,54,"[6, 28, 13, 7]",0.9989709146104983,1446,1446,2710,Western Illinois,fcs,Big South-OVC,15,"[3, 0, 5, 7]",0.0010290853895017493,,,3.7345812948,,,,CollegeFootballData.com API,2026-08-31T17:38:52.365352+00:00,/games,1.3
401643700,2024,1,regular,2024-08-31T20:00:00.000Z,False,True,False,False,24134,3608,Allen E. Paulson Stadium,290,Georgia Southern,fbs,Sun Belt,45,"[0, 16, 14, 15]",0.00392352239080461,1384,1381,68,Boise State,fbs,Mountain West,56,"[14, 14, 8, 20]",0.9960764776091954,1626,1629,6.144426114,,,,CollegeFootballData.com API,2026-08-31T17:38:52.365352+00:00,/games,1.3
401628329,2024,1,regular,2024-08-31T20:15:00.000Z,False,True,False,False,78496,3994,Williams-Brice Stadium,2579,South Carolina,fbs,SEC,23,"[10, 3, 3, 7]",0.8387262463535545,1562,1560,295,Old Dominion,fbs,Sun Belt,19,"[7, 0, 9, 3]",0.16127375364644547,1406,1408,9.802219213,,,,CollegeFootballData.com API,2026-08-31T17:38:52.365352+00:00,/games,1.3
401628590,2024,1,regular,2024-08-31T21:00:00.000Z,False,True,False,False,25032,3775,Joan C. Edwards Stadium,276,Marshall,fbs,Sun Belt,45,"[7, 10, 7, 21]",0.9987033581715669,1406,1406,2619,Stony Brook,fcs,Coastal Athletic,3,"[0, 0, 3, 0]",0.0012966418284331427,,,5.155172454,,,,CollegeFootballData.com API,2026-08-31T17:38:52.365352+00:00,/games,1.3
401634301,2024,1,regular,2024-08-31T21:00:00.000Z,False,True,False,False,32275,3831,California Memorial Stadium,25,California,fbs,ACC,31,"[7, 7, 10, 7]",0.3995840361236263,1483,1483,302,UC Davis,fcs,Big Sky,13,"[6, 7, 0, 0]",0.6004159638763737,,,4.1654585599,,,,CollegeFootballData.com API,2026-08-31T17:38:52.365352+00:00,/games,1.3
401643775,2024,1,regular,2024-08-31T21:00:00.000Z,False,True,False,False,15559,6526,Hancock Whitney Stadium,6,South Alabama,fbs,Sun Belt,38,"[3, 16, 7, 12]",0.2996523883576543,1650,1593,249,North Texas,fbs,American Athletic,52,"[7, 7, 28, 10]",0.7003476116423457,1412,1469,5.6675192299,,,,CollegeFootballData.com API,2026-08-31T17:38:52.365352+00:00,/games,1.3
401628326,2024,1,regular,2024-08-31T22:00:00.000Z,False,True,False,False,48724,3693,Davis Wade Stadium,344,Mississippi State,fbs,SEC,56,"[14, 21, 7, 14]",0.9988566466839199,1447,1447,2198,Eastern Kentucky,fcs,UAC,7,"[0, 7, 0, 0]",0.0011433533160800646,,,2.5389409303,,,,CollegeFootballData.com API,2026-08-31T17:38:52.365352+00:00,/games,1.3
401628589,2024,1,regular,2024-08-31T22:00:00.000Z,False,True,False,False,40811,3923,Scott Stadium,258,Virginia,fbs,ACC,34,"[17, 10, 7, 0]",0.9980843477492788,1310,1310,257,Richmond,fcs,Coastal Athletic,13,"[0, 7, 3, 3]",0.0019156522507212115,,,2.7590078828,,,,CollegeFootballData.com API,2026-08-31T17:38:52.365352+00:00,/games,1.3
401645320,2024,1,regular,2024-08-31T22:00:00.000Z,False,True,False,False,36467,3699,Dowdy-Ficklen Stadium,151,East Carolina,fbs,American Athletic,42,"[14, 14, 7, 7]",0.996793527864864,1404,1404,2450,Norfolk State,fcs,MEAC,3,"[3, 0, 0, 0]",0.0032064721351360292,,,2.9668534019,,,,CollegeFootballData.com API,2026-08-31T17:38:52.365352+00:00,/games,1.3
401628586,2024,1,regular,2024-08-31T22:00:00.000Z,False,True,False,False,21573,3992,Williams Stadium (VA),2335,Liberty,fbs,Conference USA,41,"[7, 10, 10, 14]",0.9927279314842183,1572,1572,2097,Campbell,fcs,Coastal Athletic,24,"[3, 7, 7, 7]",0.00727206851578166,,,6.1174720374,,,,CollegeFootballData.com API,2026-08-31T17:38:52.365352+00:00,/games,1.3
401643704,2024,1,regular,2024-08-31T22:30:00.000Z,False,True,False,False,31013,3893,Reser Stadium,204,Oregon State,fbs,Pac-12,38,"[7, 10, 14, 7]",0.998356297588382,1648,1648,304,Idaho State,fcs,Big Sky,15,"[9, 0, 6, 0]",0.001643702411618042,,,4.9860304254,,,,CollegeFootballData.com API,2026-08-31T17:38:52.365352+00:00,/games,1.3
401636611,2024,1,regular,2024-08-31T23:00:00.000Z,False,True,False,False,25750,4728,TDECU Stadium,248,Houston,fbs,Big 12,7,"[0, 0, 0, 7]",0.00044267155029760745,1447,1402,2439,UNLV,fbs,Mountain West,27,"[7, 7, 10, 3]",0.9995573284497024,1496,1541,2.6012439626,,,,CollegeFootballData.com API,2026-08-31T17:38:52.365352+00:00,/games,1.3
401636363,2024,1,regular,2024-08-31T23:00:00.000Z,False,True,False,False,,3886,Raymond James Stadium,58,South Florida,fbs,American Athletic,48,"[14, 17, 17, 0]",0.9988066210712727,1442,1442,2065,Bethune-Cookman,fcs,SWAC,3,"[0, 3, 0, 0]",0.0011933789287272845,,,3.4352768308,,,,CollegeFootballData.com API,2026-08-31T17:38:52.365352+00:00,/games,1.3
401636610,2024,1,regular,2024-08-31T23:00:00.000Z,False,True,False,False,42272,4727,McLane Stadium,239,Baylor,fbs,Big 12,45,"[21, 7, 7, 10]",0.9981865367574881,1422,1422,2627,Tarleton State,fcs,UAC,3,"[0, 0, 3, 0]",0.001813463242511859,,,2.2423619189,,,,CollegeFootballData.com API,2026-08-31T17:38:52.365352+00:00,/games,1.3
401632064,2024,1,regular,2024-08-31T23:00:00.000Z,False,True,False,False,21708,3625,Centennial Bank Stadium,2032,Arkansas State,fbs,Sun Belt,34,"[6, 7, 7, 14]",0.10953996778995322,1406,1406,2110,Central Arkansas,fcs,UAC,31,"[0, 0, 10, 21]",0.8904600322100468,,,7.5174077459,,,,CollegeFootballData.com API,2026-08-31T17:38:52.365352+00:00,/games,1.3
401636612,2024,1,regular,2024-08-31T23:00:00.000Z,False,True,False,False,51240,3636,Bill Snyder Family Stadium,2306,Kansas State,fbs,Big 12,41,"[14, 3, 10, 14]",0.9987372051428841,1794,1794,2630,UT Martin,fcs,Big South-OVC,6,"[0, 3, 3, 0]",0.0012627948571158898,,,3.5749005334,,,,CollegeFootballData.com API,2026-08-31T17:38:52.365352+00:00,/games,1.3
401645321,2024,1,regular,2024-08-31T23:00:00.000Z,False,True,False,False,25849,3805,Simmons Bank Liberty Stadium,235,Memphis,fbs,American Athletic,40,"[7, 24, 3, 6]",0.9988718236616925,1569,1569,2453,North Alabama,fcs,UAC,0,"[0, 0, 0, 0]",0.0011281763383075294,,,2.6543172393,,,,CollegeFootballData.com API,2026-08-31T17:38:52.365352+00:00,/games,1.3
401641023,2024,1,regular,2024-08-31T23:00:00.000Z,False,True,False,False,16000,3725,"Johnny ""Red"" Floyd Stadium",2393,Middle Tennessee,fbs,Conference USA,32,"[7, 14, 0, 11]",0.7402551979282983,1400,1400,2635,Tennessee Tech,fcs,Big South-OVC,25,"[0, 5, 6, 14]",0.2597448020717017,,,5.8962989451,,,,CollegeFootballData.com API,2026-08-31T17:38:52.365352+00:00,/games,1.3
401641039,2024,1,regular,2024-08-31T23:00:00.000Z,False,True,False,False,17298,3895,Rice Stadium,242,Rice,fbs,American Athletic,14,"[0, 7, 7, 0]",0.0023638538242473322,1362,1314,2534,Sam Houston,fbs,Conference USA,34,"[17, 7, 10, 0]",0.9976361461757527,1388,1436,2.9252659073,,,,CollegeFootballData.com API,2026-08-31T17:38:52.365352+00:00,/games,1.3
401628319,2024,1,regular,2024-08-31T23:00:00.000Z,False,True,False,False,100077,3657,Bryant-Denny Stadium,333,Alabama,fbs,SEC,63,"[21, 21, 14, 7]",0.9989712511352644,1854,1997,98,Western Kentucky,fbs,Conference USA,0,"[0, 0, 0, 0]",0.0010287488647355847,1466,1323,2.8747278078,,,,CollegeFootballData.com API,2026-08-31T17:38:52.365352+00:00,/games,1.3
401628325,2024,1,regular,2024-08-31T23:00:00.000Z,False,True,False,False,66105,3974,Vaught-Hemingway Stadium,145,Ole Miss,fbs,SEC,76,"[24, 28, 21, 3]",0.998970933394839,1658,1658,231,Furman,fcs,Southern,0,"[0, 0, 0, 0]",0.0010290666051609998,,,2.3622487127,,,,CollegeFootballData.com API,2026-08-31T17:38:52.365352+00:00,/games,1.3
401643701,2024,1,regular,2024-08-31T23:00:00.000Z,False,True,False,False,27412,3975,Veterans Memorial Stadium (AL),2653,Troy,fbs,Sun Belt,26,"[7, 7, 3, 9]",0.23631786965625518,1657,1629,2440,Nevada,fbs,Mountain West,28,"[0, 6, 15, 7]",0.7636821303437449,1243,1271,5.7519487887,,,,CollegeFootballData.com API,2026-08-31T17:38:52.365352+00:00,/games,1.3
401628459,2024,1,regular,2024-08-31T23:30:00.000Z,False,True,False,False,15194,7220,Clarence T.C. Ching Athletics Complex,62,Hawai'i,fbs,Mountain West,13,"[7, 3, 3, 0]",0.47610717051073864,1227,1242,26,UCLA,fbs,Big Ten,16,"[0, 0, 10, 6]",0.5238928294892613,1568,1553,7.9405032105,,,,CollegeFootballData.com API,2026-08-31T17:38:52.365352+00:00,/games,1.3
401628321,2024,1,regular,2024-08-31T23:30:00.000Z,False,True,False,False,88043,3785,Jordan-Hare Stadium,2,Auburn,fbs,SEC,73,"[28, 24, 14, 7]",0.9989705865931123,1556,1556,2010,Alabama A&M,fcs,SWAC,3,"[0, 3, 0, 0]",0.0010294134068876692,,,1.80631006,,,,CollegeFootballData.com API,2026-08-31T17:38:52.365352+00:00,/games,1.3
401628452,2024,1,regular,2024-08-31T23:30:00.000Z,False,True,False,False,110665,3558,Michigan Stadium,130,Michigan,fbs,Big Ten,30,"[7, 3, 3, 17]",0.9831756399028116,1973,1980,278,Fresno State,fbs,Mountain West,10,"[0, 3, 0, 7]",0.01682436009718835,1558,1551,5.3344796544,,,,CollegeFootballData.com API,2026-08-31T17:38:52.365352+00:00,/games,1.3
401628456,2024,1,regular,2024-08-31T23:30:00.000Z,False,True,False,False,57435,3626,Autzen Stadium,2483,Oregon,fbs,Big Ten,24,"[7, 7, 0, 10]",0.991552038925572,1904,1904,70,Idaho,fcs,Big Sky,14,"[0, 0, 7, 7]",0.008447961074428023,,,5.7578449174,,,,CollegeFootballData.com API,2026-08-31T17:38:52.365352+00:00,/games,1.3
401628332,2024,1,regular,2024-08-31T23:30:00.000Z,False,True,False,False,,3795,Kyle Field,245,Texas A&M,fbs,SEC,13,"[3, 3, 0, 7]",0.08384600052782992,1681,1677,87,Notre Dame,fbs,FBS Independents,23,"[3, 3, 7, 10]",0.9161539994721701,1884,1888,6.4724625583,,,,CollegeFootballData.com API,2026-08-31T17:38:52.365352+00:00,/games,1.3
401636613,2024,1,regular,2024-08-31T23:30:00.000Z,False,True,False,False,,3784,Jones AT&T Stadium,2641,Texas Tech,fbs,Big 12,52,"[22, 10, 7, 6, 7]",0.2697185698282507,1541,1541,2000,Abilene Christian,fcs,UAC,51,"[7, 14, 7, 17, 6]",0.7302814301717493,,,6.7717431708,,,,CollegeFootballData.com API,2026-08-31T17:38:52.365352+00:00,/games,1.3
401628324,2024,1,regular,2024-08-31T23:45:00.000Z,False,True,False,False,61627,3683,Kroger Field,96,Kentucky,fbs,SEC,31,"[7, 17, 7]",0.9982728335083515,1594,1640,2572,Southern Miss,fbs,Sun Belt,0,"[0, 0, 0]",0.0017271664916485019,1276,1230,3.9004694358,,,,CollegeFootballData.com API,2026-08-31T17:38:52.365352+00:00,/games,1.3
401643776,2024,1,regular,2024-09-01T00:00:00.000Z,False,True,False,False,19637,3644,Bobcat Stadium (TX),326,Texas State,fbs,Sun Belt,34,"[15, 3, 3, 13]",0.9946288599523694,1399,1399,2320,Lamar,fcs,Southland,27,"[0, 0, 10, 17]",0.005371140047630618,,,5.2879661321,,,,CollegeFootballData.com API,2026-08-31T17:38:52.365352+00:00,/games,1.3
401643774,2024,1,regular,2024-09-01T00:00:00.000Z,False,True,False,False,15614,4418,Jerry Richardson Stadium,2429,Charlotte,fbs,American Athletic,7,"[0, 7, 0, 0]",0.005446284878843067,1203,1195,256,James Madison,fbs,Sun Belt,30,"[3, 6, 7, 14]",0.994553715121157,1691,1699,3.8697153913,,,,CollegeFootballData.com API,2026-08-31T17:38:52.365352+00:00,/games,1.3
401641007,2024,1,regular,2024-09-01T00:00:00.000Z,False,True,False,False,16570,3776,Joe Aillet Stadium,2348,Louisiana Tech,fbs,Conference USA,25,"[9, 6, 0, 10]",0.9450183889148043,1246,1246,2447,Nicholls,fcs,Southland,17,"[7, 3, 0, 7]",0.054981611085195725,,,8.1544022522,,,,CollegeFootballData.com API,2026-08-31T17:38:52.365352+00:00,/games,1.3
401643702,2024,1,regular,2024-09-01T00:00:00.000Z,False,True,False,False,25180,7311,Snapdragon Stadium,21,San Diego State,fbs,Mountain West,45,"[3, 0, 21, 21]",0.9978571846703512,1416,1416,2837,East Texas A&M,fcs,Southland,14,"[0, 6, 8, 0]",0.002142815329648773,,,5.6614270193,,,,CollegeFootballData.com API,2026-08-31T17:38:52.365352+00:00,/games,1.3
401634303,2024,1,regular,2024-09-01T00:00:00.000Z,False,True,False,False,27080,3735,Gerald J. Ford Stadium,2567,SMU,fbs,ACC,59,"[28, 14, 7, 10]",0.998969374231022,1684,1684,2277,Houston Christian,fcs,Southland,7,"[0, 7, 0, 0]",0.0010306257689780551,,,2.3627806437,,,,CollegeFootballData.com API,2026-08-31T17:38:52.365352+00:00,/games,1.3
401636380,2024,1,regular,2024-09-01T00:00:00.000Z,False,True,False,False,23107,3666,Cajun Field,309,Louisiana,fbs,Sun Belt,40,"[7, 23, 7, 3]",0.9988776589874298,1496,1496,2755,Grambling,fcs,SWAC,10,"[0, 0, 7, 3]",0.0011223410125702493,,,2.5698612194,,,,CollegeFootballData.com API,2026-08-31T17:38:52.365352+00:00,/games,1.3
401634302,2024,1,regular,2024-09-01T00:00:00.000Z,False,True,False,False,40113,721,Bobby Dodd Stadium,59,Georgia Tech,fbs,ACC,35,"[7, 7, 14, 7]",0.9981187226458276,1513,1559,2247,Georgia State,fbs,Sun Belt,12,"[0, 3, 9, 0]",0.0018812773541724281,1416,1370,4.1428928971,,,,CollegeFootballData.com API,2026-08-31T17:38:52.365352+00:00,/games,1.3
401634240,2024,1,regular,2024-09-01T00:00:00.000Z,False,True,False,False,63712,3801,LaVell Edwards Stadium,252,BYU,fbs,Big 12,41,"[14, 3, 14, 10]",0.9980323653718576,1409,1409,79,Southern Illinois,fcs,MVFC,13,"[0, 6, 7, 0]",0.001967634628142423,,,5.4434212792,,,,CollegeFootballData.com API,2026-08-31T17:38:52.365352+00:00,/games,1.3
401641032,2024,1,regular,2024-09-01T01:00:00.000Z,False,True,False,False,10738,3601,Aggie Memorial Stadium,166,New Mexico State,fbs,Conference USA,23,"[0, 10, 0, 13]",0.8243471003450671,1432,1432,2546,Southeast Missouri State,fcs,Big South-OVC,16,"[7, 3, 3, 3]",0.17565289965493291,,,9.7322611515,,,,CollegeFootballData.com API,2026-08-31T17:38:52.365352+00:00,/games,1.3
401636609,2024,1,regular,2024-09-01T02:30:00.000Z,False,True,False,False,48108,3947,Mountain America Stadium,9,Arizona State,fbs,Big 12,48,"[17, 10, 21, 0]",0.9989542679511667,1355,1497,2751,Wyoming,fbs,Mountain West,7,"[0, 0, 0, 7]",0.0010457320488332922,1496,1354,2.7724375138,,,,CollegeFootballData.com API,2026-08-31T17:38:52.365352+00:00,/games,1.3
401636608,2024,1,regular,2024-09-01T02:30:00.000Z,False,True,False,False,44748,3619,Arizona Stadium,12,Arizona,fbs,Big 12,61,"[14, 13, 21, 13]",0.9940463387650383,1714,1720,167,New Mexico,fbs,Mountain West,39,"[14, 10, 7, 8]",0.00595366123496166,1234,1228,5.3893321194,,,,CollegeFootballData.com API,2026-08-31T17:38:52.365352+00:00,/games,1.3
401628460,2024,1,regular,2024-09-01T03:00:00.000Z,False,True,False,False,66984,3765,Husky Stadium,264,Washington,fbs,Big Ten,35,"[0, 14, 14, 7]",0.9984845341108322,1752,1752,2692,Weber State,fcs,Big Sky,3,"[0, 0, 3, 0]",0.001515465889167844,,,4.4433315937,,,,CollegeFootballData.com API,2026-08-31T17:38:52.365352+00:00,/games,1.3
401628334,2024,1,regular,2024-09-01T23:30:00.000Z,False,True,True,False,63969,6501,Allegiant Stadium,99,LSU,fbs,SEC,20,"[0, 10, 7, 3]",0.4234749874329003,1823,1803,30,USC,fbs,Big Ten,27,"[0, 10, 3, 14]",0.5765250125670998,1648,1668,6.9147509026,,Modelo Vegas Kickoff Classic,,CollegeFootballData.com API,2026-08-31T17:38:52.365352+00:00,/games,1.3
401634306,2024,1,regular,2024-09-02T23:30:00.000Z,False,True,False,True,51719,3697,Doak Campbell Stadium,52,Florida State,fbs,ACC,13,"[0, 6, 7, 0]",0.0005637256585448198,1676,1610,103,Boston College,fbs,ACC,28,"[0, 14, 14, 0]",0.9994362743414552,1396,1462,3.1169184692,,,,CollegeFootballData.com API,2026-08-31T17:38:52.365352+00:00,/games,1.3
401634765,2024,2,regular,2024-09-06T23:00:00.000Z,False,True,False,False,31172,3735,Gerald J. Ford Stadium,2567,SMU,fbs,ACC,15,"[0, 9, 3, 3]",0.03912055543029113,1669,1648,252,BYU,fbs,Big 12,18,"[7, 0, 8, 3]",0.9608794445697089,1409,1430,8.4924627245,,,,CollegeFootballData.com API,2026-08-31T17:38:52.365352+00:00,/games,1.3
401628463,2024,2,regular,2024-09-06T23:00:00.000Z,False,True,False,False,39082,3830,"Memorial Stadium (Bloomington, IN)",84,Indiana,fbs,Big Ten,77,"[28, 14, 14, 21]",0.9989715517633504,1438,1438,2710,Western Illinois,fcs,Big South-OVC,3,"[0, 3, 0, 0]",0.001028448236649604,,,2.0618410743,,,,CollegeFootballData.com API,2026-08-31T17:38:52.365352+00:00,/games,1.3
401635533,2024,2,regular,2024-09-07T01:00:00.000Z,False,True,True,False,11062,5960,Lanny and Sharon Martin Stadium,77,Northwestern,fbs,Big Ten,20,"[3, 7, 0, 3, 7, 0]",0.15849590116735804,1514,1514,150,Duke,fbs,ACC,26,"[7, 0, 3, 3, 7, 6]",0.841504098832642,1602,1602,9.2114436326,,,,CollegeFootballData.com API,2026-08-31T17:38:52.365352+00:00,/games,1.3
401645323,2024,2,regular,2024-09-07T16:00:00.000Z,False,True,False,True,21810,3715,FAU Stadium,2226,Florida Atlantic,fbs,American Athletic,7,"[0, 7, 0, 0]",0.0013440008178697532,1413,1373,349,Army,fbs,American Athletic,24,"[14, 0, 3, 7]",0.9986559991821302,1425,1465,3.0997425534,,,,CollegeFootballData.com API,2026-08-31T17:38:52.365352+00:00,/games,1.3
401628470,2024,2,regular,2024-09-07T16:00:00.000Z,False,True,False,False,103861,3632,Beaver Stadium,213,Penn State,fbs,Big Ten,34,"[7, 13, 7, 7]",0.9428297745600484,1861,1848,189,Bowling Green,fbs,Mid-American,27,"[10, 14, 0, 3]",0.05717022543995165,1431,1444,6.8874767798,,,,CollegeFootballData.com API,2026-08-31T17:38:52.365352+00:00,/games,1.3
401635538,2024,2,regular,2024-09-07T16:00:00.000Z,False,True,False,False,37992,3854,Nippert Stadium,2132,Cincinnati,fbs,Big 12,27,"[14, 3, 10, 0]",0.32614706695662865,1394,1397,221,Pittsburgh,fbs,ACC,28,"[3, 3, 7, 15]",0.6738529330433713,1486,1483,5.5384302431,,,,CollegeFootballData.com API,2026-08-31T17:38:52.365352+00:00,/games,1.3
401635534,2024,2,regular,2024-09-07T16:00:00.000Z,False,True,False,True,39550,1964,JMA Wireless Dome,183,Syracuse,fbs,ACC,31,"[7, 14, 3, 7]",0.6174217943538339,1383,1386,59,Georgia Tech,fbs,ACC,28,"[7, 7, 0, 14]",0.38257820564616607,1559,1556,5.3837781031,,,,CollegeFootballData.com API,2026-08-31T17:38:52.365352+00:00,/games,1.3
401628347,2024,2,regular,2024-09-07T16:00:00.000Z,False,True,False,False,111170,3558,Michigan Stadium,130,Michigan,fbs,Big Ten,12,"[0, 3, 3, 6]",0.0841280601537834,1980,1928,251,Texas,fbs,SEC,31,"[7, 17, 7, 0]",0.9158719398462166,1939,1991,1.9967699065,,,,CollegeFootballData.com API,2026-08-31T17:38:52.365352+00:00,/games,1.3
401628336,2024,2,regular,2024-09-07T16:00:00.000Z,False,True,False,False,52202,3646,Boone Pickens Stadium,197,Oklahoma State,fbs,Big 12,39,"[0, 7, 6, 18, 0, 8]",0.08043059414355525,1522,1530,8,Arkansas,fbs,SEC,31,"[14, 7, 0, 10, 0, 0]",0.9195694058564448,1454,1446,9.092680782,,,,CollegeFootballData.com API,2026-08-31T17:38:52.365352+00:00,/games,1.3
401628471,2024,2,regular,2024-09-07T16:00:00.000Z,False,True,False,False,41021,6577,SHI Stadium,164,Rutgers,fbs,Big Ten,49,"[7, 14, 14, 14]",0.9988848023736852,1460,1511,2006,Akron,fbs,Mid-American,17,"[0, 3, 7, 7]",0.0011151976263148455,1161,1110,4.1757622939,,,,CollegeFootballData.com API,2026-08-31T17:38:52.365352+00:00,/games,1.3
401636616,2024,2,regular,2024-09-07T16:00:00.000Z,False,True,False,False,25034,4729,Yulman Stadium,2655,Tulane,fbs,American Athletic,27,"[7, 13, 0, 7]",0.38751456710504545,1565,1569,2306,Kansas State,fbs,Big 12,34,"[3, 7, 10, 14]",0.6124854328949545,1794,1790,7.0148296845,,,,CollegeFootballData.com API,2026-08-31T17:38:52.365352+00:00,/games,1.3
401636999,2024,2,regular,2024-09-07T16:00:00.000Z,False,True,False,False,32351,3892,Pratt & Whitney Stadium,41,UConn,fbs,FBS Independents,63,"[35, 21, 7, 0]",0.9989708718988313,1139,1139,2771,Merrimack,fcs,FCS Independents,17,"[7, 0, 0, 10]",0.0010291281011687303,,,1.9534937996,,,,CollegeFootballData.com API,2026-08-31T17:38:52.365352+00:00,/games,1.3
401628466,2024,2,regular,2024-09-07T16:00:00.000Z,False,True,False,False,41006,3953,Huntington Bank Stadium,135,Minnesota,fbs,Big Ten,48,"[3, 14, 14, 17]",0.9989437664127151,1490,1490,227,Rhode Island,fcs,Coastal Athletic,0,"[0, 0, 0, 0]",0.001056233587284905,,,3.4773469426,,,,CollegeFootballData.com API,2026-08-31T17:38:52.365352+00:00,/games,1.3
401643784,2024,2,regular,2024-09-07T16:00:00.000Z,False,True,False,False,23246,3805,Simmons Bank Liberty Stadium,235,Memphis,fbs,American Athletic,38,"[7, 14, 10, 7]",0.5229575853281864,1569,1625,2653,Troy,fbs,Sun Belt,17,"[0, 7, 3, 7]",0.47704241467181363,1629,1573,3.6702839464,,,,CollegeFootballData.com API,2026-08-31T17:38:52.365352+00:00,/games,1.3
401628348,2024,2,regular,2024-09-07T16:45:00.000Z,False,True,False,False,92345,3795,Kyle Field,245,Texas A&M,fbs,SEC,52,"[14, 24, 7, 7]",0.9989583103364718,1666,1666,2377,McNeese,fcs,Southland,10,"[0, 0, 0, 10]",0.0010416896635282447,,,2.0495368455,,,,CollegeFootballData.com API,2026-08-31T17:38:52.365352+00:00,/games,1.3
401634181,2024,2,regular,2024-09-07T18:00:00.000Z,False,True,False,False,10018,3919,Scheumann Stadium,2050,Ball State,fbs,Mid-American,42,"[0, 7, 7, 28]",0.6619454952329824,1341,1341,2623,Missouri State,fcs,MVFC,34,"[7, 0, 7, 20]",0.3380545047670176,,,6.7901448981,,,,CollegeFootballData.com API,2026-08-31T17:38:52.365352+00:00,/games,1.3
401628339,2024,2,regular,2024-09-07T18:00:00.000Z,False,True,False,False,93033,3917,Sanford Stadium,61,Georgia,fbs,SEC,48,"[14, 10, 21, 3]",0.998904318902456,2079,2079,2635,Tennessee Tech,fcs,Big South-OVC,3,"[0, 0, 0, 3]",0.001095681097543988,,,2.6404091014,,,,CollegeFootballData.com API,2026-08-31T17:38:52.365352+00:00,/games,1.3
401644732,2024,2,regular,2024-09-07T18:30:00.000Z,False,True,False,False,11585,3696,Dix Stadium,2309,Kent State,fbs,Mid-American,17,"[0, 14, 0, 3]",0.008957524777763516,1096,1096,2598,Saint Francis,fcs,NEC,23,"[10, 10, 3, 0]",0.9910424752222364,,,4.3403909128,,,,CollegeFootballData.com API,2026-08-31T17:38:52.365352+00:00,/games,1.3
401632071,2024,2,regular,2024-09-07T19:00:00.000Z,False,True,False,False,24512,6501,Allegiant Stadium,2439,UNLV,fbs,Mountain West,72,"[28, 16, 7, 21]",0.9988876075327624,1548,1548,3101,Utah Tech,fcs,UAC,14,"[7, 0, 7, 0]",0.0011123924672375995,,,2.2093969375,,,,CollegeFootballData.com API,2026-08-31T17:38:52.365352+00:00,/games,1.3
401635535,2024,2,regular,2024-09-07T19:30:00.000Z,False,True,False,False,48575,3873,L&N Federal Credit Union Stadium,97,Louisville,fbs,ACC,49,"[14, 14, 7, 14]",0.9977026560763437,1625,1700,55,Jacksonville State,fbs,Conference USA,14,"[0, 14, 0, 0]",0.0022973439236563253,1449,1374,3.1667549545,,,,CollegeFootballData.com API,2026-08-31T17:38:52.365352+00:00,/games,1.3
401635537,2024,2,regular,2024-09-07T19:30:00.000Z,False,True,False,False,48431,3787,Kenan Stadium,153,North Carolina,fbs,ACC,38,"[14, 7, 10, 7]",0.9740641077075093,1546,1554,2429,Charlotte,fbs,American Athletic,20,"[3, 3, 7, 7]",0.025935892292490714,1195,1187,3.6549153501,,,,CollegeFootballData.com API,2026-08-31T17:38:52.365352+00:00,/games,1.3
401643710,2024,2,regular,2024-09-07T19:30:00.000Z,False,True,False,False,25070,3984,War Memorial Stadium,2751,Wyoming,fbs,Mountain West,13,"[10, 0, 0, 3]",0.4178541664492569,1369,1369,70,Idaho,fcs,Big Sky,17,"[7, 10, 0, 0]",0.5821458335507431,,,7.4414261271,,,,CollegeFootballData.com API,2026-08-31T17:38:52.365352+00:00,/games,1.3
401628340,2024,2,regular,2024-09-07T19:30:00.000Z,False,True,False,True,61349,3683,Kroger Field,96,Kentucky,fbs,SEC,6,"[0, 6, 0, 0]",0.006082209207821032,1640,1563,2579,South Carolina,fbs,SEC,31,"[7, 3, 14, 7]",0.993917790792179,1560,1637,3.9452995446,,,,CollegeFootballData.com API,2026-08-31T17:38:52.365352+00:00,/games,1.3
401635531,2024,2,regular,2024-09-07T19:30:00.000Z,False,True,False,False,38441,3615,"Alumni Stadium (Chestnut Hill, MA)",103,Boston College,fbs,ACC,56,"[14, 28, 7, 7]",0.9989714428938834,1450,1450,2184,Duquesne,fcs,NEC,0,"[0, 0, 0, 0]",0.001028557106116601,,,2.4533237493,,,,CollegeFootballData.com API,2026-08-31T17:38:52.365352+00:00,/games,1.3
401645324,2024,2,regular,2024-09-07T19:30:00.000Z,False,True,False,True,28889,3852,Navy-Marine Corps Memorial Stadium,2426,Navy,fbs,American Athletic,38,"[9, 14, 15, 0]",0.9989039411338847,1368,1409,218,Temple,fbs,American Athletic,11,"[0, 3, 0, 8]",0.0010960588661153015,1115,1074,3.0955029612,,,,CollegeFootballData.com API,2026-08-31T17:38:52.365352+00:00,/games,1.3
401628474,2024,2,regular,2024-09-07T19:30:00.000Z,False,True,False,False,76069,347,Camp Randall Stadium,275,Wisconsin,fbs,Big Ten,27,"[14, 3, 3, 7]",0.9941188593552427,1601,1601,233,South Dakota,fcs,MVFC,13,"[0, 3, 10, 0]",0.00588114064475731,,,5.4936784051,,,,CollegeFootballData.com API,2026-08-31T17:38:52.365352+00:00,/games,1.3
401636618,2024,2,regular,2024-09-07T19:30:00.000Z,False,True,False,False,52827,587,Rice-Eccles Stadium,254,Utah,fbs,Big 12,23,"[17, 6, 0, 0]",0.8942028336702575,1622,1627,239,Baylor,fbs,Big 12,12,"[0, 3, 9, 0]",0.10579716632974245,1422,1417,3.4697381845,,,,CollegeFootballData.com API,2026-08-31T17:38:52.365352+00:00,/games,1.3
401628977,2024,2,regular,2024-09-07T19:30:00.000Z,False,True,False,False,77622,3855,Notre Dame Stadium,87,Notre Dame,fbs,FBS Independents,14,"[7, 0, 7, 0]",0.22276720328304617,1888,1858,2459,Northern Illinois,fbs,Mid-American,16,"[10, 3, 0, 3]",0.7772327967169539,1446,1476,4.9100949395,,,,CollegeFootballData.com API,2026-08-31T17:38:52.365352+00:00,/games,1.3
401629040,2024,2,regular,2024-09-07T19:30:00.000Z,False,True,False,False,21668,3739,Glass Bowl,2649,Toledo,fbs,Mid-American,38,"[7, 10, 7, 14]",0.09479990994041462,1526,1524,113,Massachusetts,fbs,FBS Independents,23,"[0, 13, 3, 7]",0.9052000900595853,1123,1125,6.6782431738,,,,CollegeFootballData.com API,2026-08-31T17:38:52.365352+00:00,/games,1.3
401628464,2024,2,regular,2024-09-07T19:30:00.000Z,False,True,False,False,69250,3793,Kinnick Stadium,2294,Iowa,fbs,Big Ten,19,"[7, 6, 6, 0]",0.22468274134511054,1550,1552,66,Iowa State,fbs,Big 12,20,"[0, 0, 14, 6]",0.7753172586548894,1612,1610,8.5704413795,,,,CollegeFootballData.com API,2026-08-31T17:38:52.365352+00:00,/games,1.3
401628465,2024,2,regular,2024-09-07T19:30:00.000Z,False,True,False,True,34819,3665,SECU Stadium,120,Maryland,fbs,Big Ten,24,"[14, 0, 3, 7]",0.5134079056281101,1703,1679,127,Michigan State,fbs,Big Ten,27,"[7, 10, 0, 10]",0.4865920943718899,1401,1425,8.2782012973,,,,CollegeFootballData.com API,2026-08-31T17:38:52.365352+00:00,/games,1.3
401628337,2024,2,regular,2024-09-07T19:30:00.000Z,False,True,False,False,88043,3785,Jordan-Hare Stadium,2,Auburn,fbs,SEC,14,"[7, 0, 0, 7]",0.2525169316190977,1556,1537,25,California,fbs,ACC,21,"[7, 7, 0, 7]",0.7474830683809023,1483,1502,6.8038045019,,,,CollegeFootballData.com API,2026-08-31T17:38:52.365352+00:00,/games,1.3
401628473,2024,2,regular,2024-09-07T19:30:00.000Z,False,True,False,False,64222,3765,Husky Stadium,264,Washington,fbs,Big Ten,30,"[0, 21, 9, 0]",0.998969852945677,1752,1759,2199,Eastern Michigan,fbs,Mid-American,9,"[3, 3, 0, 3]",0.0010301470543230273,1305,1298,4.1592743707,,,,CollegeFootballData.com API,2026-08-31T17:38:52.365352+00:00,/games,1.3
401643783,2024,2,regular,2024-09-07T20:00:00.000Z,False,True,False,False,28000,3644,Bobcat Stadium (TX),326,Texas State,fbs,Sun Belt,49,"[14, 21, 7, 7]",0.9975383777137619,1399,1545,2636,UTSA,fbs,American Athletic,10,"[3, 0, 7, 0]",0.002461622286238141,1613,1467,3.5916870101,,,,CollegeFootballData.com API,2026-08-31T17:38:52.365352+00:00,/games,1.3
401628342,2024,2,regular,2024-09-07T20:15:00.000Z,False,True,False,False,66427,3974,Vaught-Hemingway Stadium,145,Ole Miss,fbs,SEC,52,"[17, 14, 14, 7]",0.998968017794867,1658,1770,2393,Middle Tennessee,fbs,Conference USA,3,"[0, 3, 0, 0]",0.0010319822051330085,1400,1288,2.6354142701,,,,CollegeFootballData.com API,2026-08-31T17:38:52.365352+00:00,/games,1.3
401635540,2024,2,regular,2024-09-07T20:30:00.000Z,False,True,False,False,65632,3799,Lane Stadium,259,Virginia Tech,fbs,ACC,31,"[7, 3, 14, 7]",0.9846356534773444,1575,1597,276,Marshall,fbs,Sun Belt,14,"[0, 7, 7, 0]",0.015364346522655614,1406,1384,7.6305171105,,,,CollegeFootballData.com API,2026-08-31T17:38:52.365352+00:00,/games,1.3
401628593,2024,2,regular,2024-09-07T22:00:00.000Z,False,True,False,False,50073,3842,Milan Puskar Stadium,277,West Virginia,fbs,Big 12,49,"[14, 14, 14, 7]",0.9986585303886906,1527,1527,399,UAlbany,fcs,Coastal Athletic,14,"[0, 14, 0, 0]",0.0013414696113094315,,,3.4196493042,,,,CollegeFootballData.com API,2026-08-31T17:38:52.365352+00:00,/games,1.3
401643781,2024,2,regular,2024-09-07T22:00:00.000Z,False,True,False,False,22158,3876,Peden Stadium,195,Ohio,fbs,Mid-American,27,"[3, 14, 7, 3]",0.9525876837264748,1469,1486,6,South Alabama,fbs,Sun Belt,20,"[0, 10, 7, 3]",0.04741231627352516,1593,1576,8.6579097653,,,,CollegeFootballData.com API,2026-08-31T17:38:52.365352+00:00,/games,1.3
401640979,2024,2,regular,2024-09-07T22:00:00.000Z,False,True,True,False,17852,2031,Pitbull Stadium,2229,Florida International,fbs,Conference USA,52,"[7, 21, 8, 16]",0.9818650371377727,1129,1271,2117,Central Michigan,fbs,Mid-American,16,"[0, 8, 8, 0]",0.018134962862227266,1333,1191,3.3654068296,,,,CollegeFootballData.com API,2026-08-31T17:38:52.365352+00:00,/games,1.3
401643777,2024,2,regular,2024-09-07T22:00:00.000Z,False,True,False,False,24570,3651,Bridgeforth Stadium,256,James Madison,fbs,Sun Belt,13,"[0, 0, 10, 3]",0.906606081446229,1728,1728,2241,Gardner-Webb,fcs,Big South-OVC,6,"[0, 3, 3, 0]",0.093393918553771,,,5.9057896435,,,,CollegeFootballData.com API,2026-08-31T17:38:52.365352+00:00,/games,1.3
401635536,2024,2,regular,2024-09-07T22:00:00.000Z,False,True,False,False,57886,3948,Hard Rock Stadium,2390,Miami,fbs,ACC,56,"[15, 10, 21, 10]",0.9989304485305625,1622,1622,50,Florida A&M,fcs,SWAC,9,"[3, 3, 3, 0]",0.0010695514694375463,,,2.8571338182,,,,CollegeFootballData.com API,2026-08-31T17:38:52.365352+00:00,/games,1.3
401643778,2024,2,regular,2024-09-07T22:00:00.000Z,False,True,False,False,21944,3918,S.B. Ballard Stadium,295,Old Dominion,fbs,Sun Belt,14,"[0, 7, 7, 0]",0.26672239131813047,1408,1397,151,East Carolina,fbs,American Athletic,20,"[6, 0, 11, 3]",0.7332776086818695,1404,1415,7.2626005857,,,,CollegeFootballData.com API,2026-08-31T17:38:52.365352+00:00,/games,1.3
401636617,2024,2,regular,2024-09-07T22:30:00.000Z,False,True,False,False,43807,3652,FBC Mortgage Stadium,2116,UCF,fbs,Big 12,45,"[14, 10, 14, 7]",0.9984675152867405,1578,1644,2534,Sam Houston,fbs,Conference USA,14,"[0, 7, 0, 7]",0.0015324847132595076,1436,1370,3.2004794485,,,,CollegeFootballData.com API,2026-08-31T17:38:52.365352+00:00,/games,1.3
401645326,2024,2,regular,2024-09-07T23:00:00.000Z,False,True,False,False,17760,3895,Rice Stadium,242,Rice,fbs,American Athletic,69,"[14, 24, 17, 14]",0.9989284541501057,1309,1309,2640,Texas Southern,fcs,SWAC,7,"[0, 0, 0, 7]",0.0010715458498943287,,,3.2984714394,,,,CollegeFootballData.com API,2026-08-31T17:38:52.365352+00:00,/games,1.3
401632459,2024,2,regular,2024-09-07T23:00:00.000Z,False,True,False,False,,4246,Center Parc Stadium,2247,Georgia State,fbs,Sun Belt,24,"[3, 7, 7, 7]",0.41424415119961694,1369,1369,236,Chattanooga,fcs,Southern,21,"[7, 0, 7, 7]",0.5857558488003831,,,9.3852508068,,,,CollegeFootballData.com API,2026-08-31T17:38:52.365352+00:00,/games,1.3
401632068,2024,2,regular,2024-09-07T23:00:00.000Z,False,True,False,False,16712,3796,Houchens Industries-L.T. Smith Stadium,98,Western Kentucky,fbs,Conference USA,31,"[10, 7, 0, 14]",0.37641387441259805,1307,1307,2198,Eastern Kentucky,fcs,UAC,0,"[0, 0, 0, 0]",0.623586125587402,,,3.9055538496,,,,CollegeFootballData.com API,2026-08-31T17:38:52.365352+00:00,/games,1.3
401643782,2024,2,regular,2024-09-07T23:00:00.000Z,False,True,False,False,22044,3815,M. M. Roberts Stadium,2572,Southern Miss,fbs,Sun Belt,35,"[7, 7, 7, 14]",0.9977096872842911,1217,1217,2545,SE Louisiana,fcs,Southland,10,"[3, 7, 0, 0]",0.0022903127157088976,,,7.8335681557,,,,CollegeFootballData.com API,2026-08-31T17:38:52.365352+00:00,/games,1.3
401628335,2024,2,regular,2024-09-07T23:00:00.000Z,False,True,False,False,100077,3657,Bryant-Denny Stadium,333,Alabama,fbs,SEC,42,"[7, 7, 0, 28]",0.9964872219835206,1997,2006,58,South Florida,fbs,American Athletic,16,"[3, 3, 7, 3]",0.003512778016479423,1442,1433,8.3492231748,,,,CollegeFootballData.com API,2026-08-31T17:38:52.365352+00:00,/games,1.3
401641016,2024,2,regular,2024-09-07T23:00:00.000Z,False,True,False,False,11040,4899,Fifth Third Stadium,338,Kennesaw State,fbs,Conference USA,10,"[7, 0, 0, 3]",0.12064797831540046,1485,1423,309,Louisiana,fbs,Sun Belt,34,"[0, 20, 14, 0]",0.8793520216845996,1496,1558,2.8462981643,,,,CollegeFootballData.com API,2026-08-31T17:38:52.365352+00:00,/games,1.3
401643779,2024,2,regular,2024-09-07T23:00:00.000Z,False,True,False,False,19316,3625,Centennial Bank Stadium,2032,Arkansas State,fbs,Sun Belt,28,"[7, 0, 21, 0]",0.682684313677518,1406,1404,202,Tulsa,fbs,American Athletic,24,"[3, 14, 7, 0]",0.31731568632248197,1248,1250,6.3543485401,,,,CollegeFootballData.com API,2026-08-31T17:38:52.365352+00:00,/games,1.3
401643780,2024,2,regular,2024-09-07T23:00:00.000Z,False,True,False,False,12327,3817,Malone Stadium,2433,UL Monroe,fbs,Sun Belt,32,"[3, 10, 9, 10]",0.9604075852198672,1156,1249,5,UAB,fbs,American Athletic,6,"[3, 3, 0, 0]",0.039592414780132756,1363,1270,6.1979403345,,,,CollegeFootballData.com API,2026-08-31T17:38:52.365352+00:00,/games,1.3
401628462,2024,2,regular,2024-09-07T23:00:00.000Z,False,True,False,False,60670,3832,"Memorial Stadium (Champaign, IL)",356,Illinois,fbs,Big Ten,23,"[3, 10, 0, 10]",0.7973976238859617,1502,1515,2305,Kansas,fbs,Big 12,17,"[0, 10, 7, 0]",0.2026023761140383,1619,1606,7.4772522448,,,,CollegeFootballData.com API,2026-08-31T17:38:52.365352+00:00,/games,1.3
401628338,2024,2,regular,2024-09-07T23:00:00.000Z,False,True,False,False,89295,3634,Ben Hill Griffin Stadium,57,Florida,fbs,SEC,45,"[7, 7, 14, 17]",0.9986559089730632,1493,1493,2535,Samford,fcs,Southern,7,"[0, 0, 7, 0]",0.0013440910269367778,,,3.9831706488,,,,CollegeFootballData.com API,2026-08-31T17:38:52.365352+00:00,/games,1.3
401643705,2024,2,regular,2024-09-07T23:00:00.000Z,False,True,False,True,22478,3713,Falcon Stadium,2005,Air Force,fbs,Mountain West,7,"[7, 0, 0, 0]",0.27425759677110456,1572,1549,23,San José State,fbs,Mountain West,17,"[14, 0, 0, 3]",0.7257424032288955,1544,1567,3.6614362236,,,,CollegeFootballData.com API,2026-08-31T17:38:52.365352+00:00,/games,1.3
401628344,2024,2,regular,2024-09-07T23:00:00.000Z,False,True,False,False,62621,3838,Memorial Stadium,142,Missouri,fbs,SEC,38,"[3, 21, 7, 7]",0.9988863863777315,1744,1803,2084,Buffalo,fbs,Mid-American,0,"[0, 0, 0, 0]",0.0011136136222684723,1357,1298,3.2483160685,,,,CollegeFootballData.com API,2026-08-31T17:38:52.365352+00:00,/games,1.3
401628603,2024,2,regular,2024-09-07T23:00:00.000Z,False,True,False,False,19294,3654,Brooks Stadium (SC),324,Coastal Carolina,fbs,Sun Belt,40,"[14, 13, 10, 3]",0.9976415522417889,1537,1537,2729,William & Mary,fcs,Coastal Athletic,21,"[0, 7, 7, 7]",0.0023584477582111463,,,3.3772758984,,,,CollegeFootballData.com API,2026-08-31T17:38:52.365352+00:00,/games,1.3
401643708,2024,2,regular,2024-09-07T23:00:00.000Z,False,True,False,False,16245,3816,Mackay Stadium,2440,Nevada,fbs,Mountain West,17,"[14, 0, 3, 0]",0.9877788748907659,1271,1273,290,Georgia Southern,fbs,Sun Belt,20,"[7, 10, 3, 0]",0.012221125109234121,1381,1379,7.3547409027,,,,CollegeFootballData.com API,2026-08-31T17:38:52.365352+00:00,/games,1.3
401643706,2024,2,regular,2024-09-07T23:00:00.000Z,False,True,False,False,36573,5388,Canvas Stadium,36,Colorado State,fbs,Mountain West,38,"[10, 14, 7, 7]",0.9654344872118603,1237,1237,2458,Northern Colorado,fcs,Big Sky,17,"[7, 0, 7, 3]",0.034565512788139685,,,4.5437808258,,,,CollegeFootballData.com API,2026-08-31T17:38:52.365352+00:00,/games,1.3
401635639,2024,2,regular,2024-09-07T23:00:00.000Z,False,True,False,True,30012,3630,Allegacy Federal Credit Union Stadium,154,Wake Forest,fbs,ACC,30,"[10, 10, 10, 0]",0.3231116289522079,1431,1424,258,Virginia,fbs,ACC,31,"[3, 14, 0, 14]",0.6768883710477921,1310,1317,6.5433888584,,,,CollegeFootballData.com API,2026-08-31T17:38:52.365352+00:00,/games,1.3
401635539,2024,2,regular,2024-09-07T23:00:00.000Z,False,True,False,False,22634,3940,Stanford Stadium,24,Stanford,fbs,ACC,41,"[7, 7, 17, 10]",0.9791731264428654,1282,1282,13,Cal Poly,fcs,Big Sky,7,"[0, 7, 0, 0]",0.02082687355713464,,,4.1003165447,,,,CollegeFootballData.com API,2026-08-31T17:38:52.365352+00:00,/games,1.3
401628467,2024,2,regular,2024-09-07T23:30:00.000Z,False,True,False,False,86906,3834,"Memorial Stadium (Lincoln, NE)",158,Nebraska,fbs,Big Ten,28,"[14, 14, 0, 0]",0.965196421811165,1571,1588,38,Colorado,fbs,Big 12,10,"[0, 0, 3, 7]",0.03480357818883495,1324,1307,3.2682399356,,,,CollegeFootballData.com API,2026-08-31T17:38:52.365352+00:00,/games,1.3
401628349,2024,2,regular,2024-09-07T23:30:00.000Z,False,True,False,False,24080,3973,FirstBank Stadium,238,Vanderbilt,fbs,SEC,55,"[10, 17, 7, 21]",0.9989565641578229,1303,1303,2016,Alcorn State,fcs,SWAC,0,"[0, 0, 0, 0]",0.0010434358421771428,,,2.6201509074,,,,CollegeFootballData.com API,2026-08-31T17:38:52.365352+00:00,/games,1.3
401628346,2024,2,regular,2024-09-07T23:30:00.000Z,False,True,True,False,72730,3628,Bank of America Stadium,152,NC State,fbs,ACC,10,"[0, 3, 7, 0]",0.0013081611453792652,1606,1512,2633,Tennessee,fbs,SEC,51,"[7, 13, 17, 14]",0.9986918388546208,1751,1845,2.6876723747,,Duke’s Mayo Classic,,CollegeFootballData.com API,2026-08-31T17:38:52.365352+00:00,/games,1.3
401628468,2024,2,regular,2024-09-07T23:30:00.000Z,False,True,False,False,102665,3861,Ohio Stadium,194,Ohio State,fbs,Big Ten,56,"[21, 14, 14, 7]",0.9989683362339095,1927,2014,2711,Western Michigan,fbs,Mid-American,0,"[0, 0, 0, 0]",0.0010316637660905403,1309,1222,2.276632436,,,,CollegeFootballData.com API,2026-08-31T17:38:52.365352+00:00,/games,1.3
401645325,2024,2,regular,2024-09-07T23:30:00.000Z,False,True,False,False,23510,3825,DATCU Stadium,249,North Texas,fbs,American Athletic,35,"[14, 7, 7, 7]",0.9985735406880482,1460,1460,2617,Stephen F. Austin,fcs,Southland,20,"[10, 7, 3, 0]",0.0014264593119518443,,,6.8718981027,,,,CollegeFootballData.com API,2026-08-31T17:38:52.365352+00:00,/games,1.3
401628341,2024,2,regular,2024-09-07T23:30:00.000Z,False,True,False,False,100242,3958,Tiger Stadium (LA),99,LSU,fbs,SEC,44,"[9, 14, 21, 0]",0.2641403564947987,1805,1805,2447,Nicholls,fcs,Southland,21,"[7, 7, 7, 0]",0.7358596435052013,,,4.5734053957,,,,CollegeFootballData.com API,2026-08-31T17:38:52.365352+00:00,/games,1.3
401628345,2024,2,regular,2024-09-07T23:45:00.000Z,False,True,False,False,83653,3835,"Memorial Stadium (Norman, OK)",201,Oklahoma,fbs,SEC,16,"[7, 7, 0, 2]",0.03463077000202154,1849,1840,248,Houston,fbs,Big 12,12,"[3, 3, 6, 0]",0.9653692299979785,1402,1411,7.4633177224,,,,CollegeFootballData.com API,2026-08-31T17:38:52.365352+00:00,/games,1.3
401635532,2024,2,regular,2024-09-08T00:00:00.000Z,False,True,False,False,81500,3836,"Memorial Stadium (Clemson, SC)",228,Clemson,fbs,ACC,66,"[35, 21, 10, 0]",0.9989707034282519,1625,1757,2026,App State,fbs,Sun Belt,20,"[0, 13, 7, 0]",0.0010292965717481062,1578,1446,2.5044572153,,,,CollegeFootballData.com API,2026-08-31T17:38:52.365352+00:00,/games,1.3
401636615,2024,2,regular,2024-09-08T00:00:00.000Z,False,True,False,False,44063,3616,Amon G. Carter Stadium,2628,TCU,fbs,Big 12,45,"[10, 21, 7, 7]",0.9988595858130722,1591,1591,2341,Long Island University,fcs,NEC,0,"[0, 0, 0, 0]",0.001140414186927785,,,3.0873170548,,,,CollegeFootballData.com API,2026-08-31T17:38:52.365352+00:00,/games,1.3
401632072,2024,2,regular,2024-09-08T01:00:00.000Z,False,True,False,False,41609,3946,Sun Bowl,2638,UTEP,fbs,Conference USA,24,"[14, 3, 0, 7, 0]",0.36967252790505417,1224,1224,253,Southern Utah,fcs,UAC,27,"[6, 0, 8, 10, 3]",0.6303274720949459,,,8.3814588335,,,,CollegeFootballData.com API,2026-08-31T17:38:52.365352+00:00,/games,1.3
401643707,2024,2,regular,2024-09-08T02:00:00.000Z,False,True,False,False,41031,3660,Valley Children's Stadium,278,Fresno State,fbs,Mountain West,46,"[18, 7, 14, 7]",0.9896657008811013,1535,1535,16,Sacramento State,fcs,Big Sky,30,"[3, 7, 7, 13]",0.010334299118898715,,,5.2341013291,,,,CollegeFootballData.com API,2026-08-31T17:38:52.365352+00:00,/games,1.3
401636859,2024,2,regular,2024-09-08T02:00:00.000Z,False,True,False,False,27372,3820,Gesa Field,265,Washington State,fbs,Pac-12,37,"[7, 20, 7, 3]",0.8654073890186578,1530,1581,2641,Texas Tech,fbs,Big 12,16,"[3, 7, 0, 6]",0.13459261098134223,1541,1490,5.208469346,,,,CollegeFootballData.com API,2026-08-31T17:38:52.365352+00:00,/games,1.3
401636614,2024,2,regular,2024-09-08T02:00:00.000Z,False,True,False,False,47746,3619,Arizona Stadium,12,Arizona,fbs,Big 12,22,"[3, 3, 7, 9]",0.9528976534210033,1739,1739,2464,Northern Arizona,fcs,Big Sky,10,"[0, 10, 0, 0]",0.0471023465789967,,,6.8354765478,,,,CollegeFootballData.com API,2026-08-31T17:38:52.365352+00:00,/games,1.3
401628469,2024,2,regular,2024-09-08T02:00:00.000Z,False,True,False,False,58134,3626,Autzen Stadium,2483,Oregon,fbs,Big Ten,37,"[7, 7, 13, 10]",0.9708133111224604,1904,1902,68,Boise State,fbs,Mountain West,34,"[3, 17, 0, 14]",0.029186688877539613,1629,1631,9.8770288234,,,,CollegeFootballData.com API,2026-08-31T17:38:52.365352+00:00,/games,1.3
401640989,2024,2,regular,2024-09-08T02:15:00.000Z,False,True,False,True,16562,3601,Aggie Memorial Stadium,166,New Mexico State,fbs,Conference USA,24,"[10, 7, 0, 7]",0.29013704906020665,1432,1431,2335,Liberty,fbs,Conference USA,30,"[3, 6, 0, 21]",0.7098629509397933,1572,1573,7.8831258262,,,,CollegeFootballData.com API,2026-08-31T17:38:52.365352+00:00,/games,1.3
401628343,2024,2,regular,2024-09-08T02:30:00.000Z,False,True,False,False,45504,3947,Mountain America Stadium,9,Arizona State,fbs,Big 12,30,"[10, 17, 3, 0]",0.7141237504569228,1497,1504,344,Mississippi State,fbs,SEC,23,"[0, 3, 7, 13]",0.2858762495430772,1447,1440,3.8316762822,,,,CollegeFootballData.com API,2026-08-31T17:38:52.365352+00:00,/games,1.3
401643709,2024,2,regular,2024-09-08T02:30:00.000Z,False,True,False,False,25318,7311,Snapdragon Stadium,21,San Diego State,fbs,Mountain West,0,"[0, 0, 0, 0]",0.0031430420540741865,1416,1388,204,Oregon State,fbs,Pac-12,21,"[7, 0, 0, 14]",0.9968569579459258,1648,1676,3.8855356996,,,,CollegeFootballData.com API,2026-08-31T17:38:52.365352+00:00,/games,1.3
401628472,2024,2,regular,2024-09-08T03:00:00.000Z,False,True,False,False,68110,477,Los Angeles Memorial Coliseum,30,USC,fbs,Big Ten,48,"[10, 17, 7, 14]",0.998820125395717,1668,1768,328,Utah State,fbs,Mountain West,0,"[0, 0, 0, 0]",0.0011798746042830377,1346,1246,3.4091592103,,,,CollegeFootballData.com API,2026-08-31T17:38:52.365352+00:00,/games,1.3
401636867,2024,3,regular,2024-09-12T23:30:00.000Z,False,True,False,False,25187,3644,Bobcat Stadium (TX),326,Texas State,fbs,Sun Belt,28,"[7, 14, 7, 0]",0.11506986599136698,1545,1538,9,Arizona State,fbs,Big 12,31,"[7, 14, 7, 3]",0.8849301340086331,1504,1511,8.8230147959,,,,CollegeFootballData.com API,2026-08-31T17:38:52.365352+00:00,/games,1.3
401643788,2024,3,regular,2024-09-12T23:30:00.000Z,False,True,False,False,,6526,Hancock Whitney Stadium,6,South Alabama,fbs,Sun Belt,87,"[24, 28, 28, 7]",0.99897052875113,1581,1581,2466,Northwestern State,fcs,Southland,10,"[10, 0, 0, 0]",0.0010294712488699842,,,3.63048087,,,,CollegeFootballData.com API,2026-08-31T17:38:52.365352+00:00,/games,1.3
401636863,2024,3,regular,2024-09-13T23:00:00.000Z,False,True,True,False,21493,3486,Children's Mercy Park,2305,Kansas,fbs,Big 12,20,"[7, 10, 0, 3]",0.9904339356746409,1606,1603,2439,UNLV,fbs,Mountain West,23,"[3, 10, 3, 7]",0.009566064325359114,1541,1544,6.9236233086,,,,CollegeFootballData.com API,2026-08-31T17:38:52.365352+00:00,/games,1.3
401636864,2024,3,regular,2024-09-14T00:00:00.000Z,False,True,False,False,51290,3636,Bill Snyder Family Stadium,2306,Kansas State,fbs,Big 12,31,"[7, 7, 14, 3]",0.9893458948837691,1790,1842,12,Arizona,fbs,Big 12,7,"[7, 0, 0, 0]",0.010654105116230883,1720,1668,4.5340233474,,,,CollegeFootballData.com API,2026-08-31T17:38:52.365352+00:00,/games,1.3
401635542,2024,3,regular,2024-09-14T16:00:00.000Z,False,True,False,False,55107,3697,Doak Campbell Stadium,52,Florida State,fbs,ACC,12,"[0, 3, 6, 3]",0.11682755961610082,1610,1596,235,Memphis,fbs,American Athletic,20,"[3, 10, 7, 0]",0.8831724403838992,1625,1639,4.7620557314,,,,CollegeFootballData.com API,2026-08-31T17:38:52.365352+00:00,/games,1.3
401628479,2024,3,regular,2024-09-14T16:00:00.000Z,False,True,False,False,110250,3558,Michigan Stadium,130,Michigan,fbs,Big Ten,28,"[7, 14, 0, 7]",0.99822512163928,1928,1911,2032,Arkansas State,fbs,Sun Belt,18,"[0, 3, 0, 15]",0.0017748783607199892,1404,1421,4.2387123237,,,,CollegeFootballData.com API,2026-08-31T17:38:52.365352+00:00,/games,1.3
401628359,2024,3,regular,2024-09-14T16:00:00.000Z,False,True,False,True,79531,3994,Williams-Brice Stadium,2579,South Carolina,fbs,SEC,33,"[7, 17, 0, 9]",0.8567462764688526,1637,1642,99,LSU,fbs,SEC,36,"[0, 16, 6, 14]",0.1432537235311474,1803,1798,9.8185936219,,,,CollegeFootballData.com API,2026-08-31T17:38:52.365352+00:00,/games,1.3
401636865,2024,3,regular,2024-09-14T16:00:00.000Z,False,True,False,False,24717,3996,Yager Stadium,193,Miami (OH),fbs,Mid-American,16,"[0, 3, 7, 6]",0.22661705402857707,1490,1458,2132,Cincinnati,fbs,Big 12,27,"[3, 7, 7, 10]",0.773382945971423,1397,1429,4.2593483439,,,,CollegeFootballData.com API,2026-08-31T17:38:52.365352+00:00,/games,1.3
401628350,2024,3,regular,2024-09-14T16:00:00.000Z,False,True,False,False,76323,347,Camp Randall Stadium,275,Wisconsin,fbs,Big Ten,10,"[3, 0, 7, 0]",0.0081587932041351,1593,1553,333,Alabama,fbs,SEC,42,"[7, 14, 14, 7]",0.9918412067958648,2006,2046,2.8137131564,,,,CollegeFootballData.com API,2026-08-31T17:38:52.365352+00:00,/games,1.3
401636868,2024,3,regular,2024-09-14T16:00:00.000Z,False,True,False,False,57865,3784,Jones AT&T Stadium,2641,Texas Tech,fbs,Big 12,66,"[17, 35, 7, 7]",0.9989666953513109,1490,1623,249,North Texas,fbs,American Athletic,21,"[7, 0, 7, 7]",0.001033304648689115,1469,1336,4.5756445546,,,,CollegeFootballData.com API,2026-08-31T17:38:52.365352+00:00,/games,1.3
401635546,2024,3,regular,2024-09-14T16:00:00.000Z,False,True,False,False,56919,3670,Carter-Finley Stadium,152,NC State,fbs,ACC,30,"[3, 3, 14, 10]",0.9887121904445089,1512,1511,2348,Louisiana Tech,fbs,Conference USA,20,"[0, 17, 3, 0]",0.011287809555491135,1246,1247,6.9656670091,,,,CollegeFootballData.com API,2026-08-31T17:38:52.365352+00:00,/games,1.3
401636869,2024,3,regular,2024-09-14T16:00:00.000Z,False,True,False,False,30915,3674,Chapman Stadium,202,Tulsa,fbs,American Athletic,10,"[0, 0, 0, 10]",0.0003792225224573761,1250,1185,197,Oklahoma State,fbs,Big 12,45,"[7, 21, 10, 7]",0.9996207774775426,1530,1595,1.7699490034,,,,CollegeFootballData.com API,2026-08-31T17:38:52.365352+00:00,/games,1.3
401628475,2024,3,regular,2024-09-14T16:00:00.000Z,False,True,False,False,,3832,"Memorial Stadium (Champaign, IL)",356,Illinois,fbs,Big Ten,30,"[7, 6, 10, 7]",0.9736874201207752,1515,1533,2117,Central Michigan,fbs,Mid-American,9,"[3, 3, 0, 3]",0.02631257987922475,1191,1173,4.7985291022,,,,CollegeFootballData.com API,2026-08-31T17:38:52.365352+00:00,/games,1.3
401628357,2024,3,regular,2024-09-14T16:45:00.000Z,False,True,False,False,62621,3838,Memorial Stadium,142,Missouri,fbs,SEC,27,"[3, 14, 7, 3]",0.8685557691100811,1803,1795,103,Boston College,fbs,ACC,21,"[7, 7, 0, 7]",0.13144423088991886,1462,1470,5.8006475504,,,,CollegeFootballData.com API,2026-08-31T17:38:52.365352+00:00,/games,1.3
401629041,2024,3,regular,2024-09-14T17:00:00.000Z,False,True,False,False,15204,3965,UB Stadium,2084,Buffalo,fbs,Mid-American,34,"[7, 3, 17, 7]",0.9701620326958922,1298,1360,113,Massachusetts,fbs,FBS Independents,3,"[0, 3, 0, 0]",0.029837967304107815,1125,1063,5.4328549557,,,,CollegeFootballData.com API,2026-08-31T17:38:52.365352+00:00,/games,1.3
401643786,2024,3,regular,2024-09-14T18:00:00.000Z,False,True,False,False,13945,3806,Lincoln Financial Field,218,Temple,fbs,American Athletic,20,"[3, 7, 7, 3]",0.1595680350940139,1074,1092,324,Coastal Carolina,fbs,Sun Belt,28,"[14, 7, 7, 0]",0.8404319649059862,1537,1519,4.01918383,,,,CollegeFootballData.com API,2026-08-31T17:38:52.365352+00:00,/games,1.3
401628480,2024,3,regular,2024-09-14T19:30:00.000Z,False,True,False,False,70066,3936,Spartan Stadium,127,Michigan State,fbs,Big Ten,40,"[14, 13, 3, 10]",0.9989534090095522,1418,1418,2504,Prairie View A&M,fcs,SWAC,0,"[0, 0, 0, 0]",0.0010465909904477932,,,4.723501427,,,,CollegeFootballData.com API,2026-08-31T17:38:52.365352+00:00,/games,1.3
401635547,2024,3,regular,2024-09-14T19:30:00.000Z,False,True,False,False,66087,3752,Acrisure Stadium,221,Pittsburgh,fbs,ACC,38,"[10, 7, 7, 14]",0.5101699610641375,1483,1488,277,West Virginia,fbs,Big 12,34,"[7, 10, 7, 10]",0.4898300389358625,1546,1541,8.7770249092,,,,CollegeFootballData.com API,2026-08-31T17:38:52.365352+00:00,/games,1.3
401635544,2024,3,regular,2024-09-14T19:30:00.000Z,False,True,False,False,51564,3948,Hard Rock Stadium,2390,Miami,fbs,ACC,62,"[10, 21, 10, 21]",0.9989667124762882,1618,1774,2050,Ball State,fbs,Mid-American,0,"[0, 0, 0, 0]",0.00103328752371179,1341,1185,4.9997511364,,,,CollegeFootballData.com API,2026-08-31T17:38:52.365352+00:00,/games,1.3
401635543,2024,3,regular,2024-09-14T19:30:00.000Z,False,True,False,False,31729,721,Bobby Dodd Stadium,59,Georgia Tech,fbs,ACC,59,"[17, 21, 14, 7]",0.9989672155779504,1551,1551,2678,VMI,fcs,Southern,7,"[0, 0, 0, 7]",0.0010327844220495708,,,2.6239487886,,,,CollegeFootballData.com API,2026-08-31T17:38:52.365352+00:00,/games,1.3
401628978,2024,3,regular,2024-09-14T19:30:00.000Z,False,True,False,False,61441,3907,Ross-Ade Stadium,2509,Purdue,fbs,Big Ten,7,"[0, 0, 7, 0]",0.0002993282026749188,1492,1358,87,Notre Dame,fbs,FBS Independents,66,"[14, 28, 10, 14]",0.9997006717973251,1858,1992,2.1112922952,,,,CollegeFootballData.com API,2026-08-31T17:38:52.365352+00:00,/games,1.3
401628483,2024,3,regular,2024-09-14T19:30:00.000Z,False,True,False,False,38419,3893,Reser Stadium,204,Oregon State,fbs,Pac-12,14,"[7, 7, 0, 0]",0.007742937607065228,1676,1604,2483,Oregon,fbs,Big Ten,49,"[7, 15, 10, 17]",0.9922570623929348,1902,1974,3.076769043,,,,CollegeFootballData.com API,2026-08-31T17:38:52.365352+00:00,/games,1.3
401628484,2024,3,regular,2024-09-14T19:30:00.000Z,False,True,True,False,57567,3673,Lumen Field,264,Washington,fbs,Big Ten,19,"[7, 6, 6, 0]",0.7815755850294251,1759,1745,265,Washington State,fbs,Pac-12,24,"[10, 7, 7, 0]",0.21842441497057485,1581,1595,6.750224187,,,,CollegeFootballData.com API,2026-08-31T17:38:52.365352+00:00,/games,1.3
401628481,2024,3,regular,2024-09-14T19:30:00.000Z,False,True,False,False,44534,3953,Huntington Bank Stadium,135,Minnesota,fbs,Big Ten,27,"[6, 14, 7, 0]",0.9920975348755978,1492,1537,2440,Nevada,fbs,Mountain West,0,"[0, 0, 0, 0]",0.00790246512440218,1273,1228,5.8857044704,,,,CollegeFootballData.com API,2026-08-31T17:38:52.365352+00:00,/games,1.3
401628358,2024,3,regular,2024-09-14T19:30:00.000Z,False,True,False,False,83325,3835,"Memorial Stadium (Norman, OK)",201,Oklahoma,fbs,SEC,34,"[7, 14, 3, 10]",0.6258604373647714,1840,1848,2655,Tulane,fbs,American Athletic,19,"[0, 6, 7, 6]",0.37413956263522863,1569,1561,5.520590328,,,,CollegeFootballData.com API,2026-08-31T17:38:52.365352+00:00,/games,1.3
401628353,2024,3,regular,2024-09-14T19:30:00.000Z,False,True,False,True,89993,3634,Ben Hill Griffin Stadium,57,Florida,fbs,SEC,20,"[0, 0, 14, 6]",0.005388908230321768,1497,1485,245,Texas A&M,fbs,SEC,33,"[10, 10, 13, 0]",0.9946110917696782,1677,1689,3.0084883856,,,,CollegeFootballData.com API,2026-08-31T17:38:52.365352+00:00,/games,1.3
401644734,2024,3,regular,2024-09-14T19:30:00.000Z,False,True,False,False,20438,3876,Peden Stadium,195,Ohio,fbs,Mid-American,21,"[14, 0, 7, 0]",0.9976520547777931,1481,1481,2415,Morgan State,fcs,MEAC,6,"[3, 3, 0, 0]",0.0023479452222069375,,,7.2518927304,,,,CollegeFootballData.com API,2026-08-31T17:38:52.365352+00:00,/games,1.3
401643785,2024,3,regular,2024-09-14T20:00:00.000Z,False,True,False,False,46117,3699,Dowdy-Ficklen Stadium,151,East Carolina,fbs,American Athletic,19,"[16, 0, 0, 3]",0.32633443593883876,1415,1414,2026,App State,fbs,Sun Belt,21,"[0, 14, 7, 0]",0.6736655640611613,1446,1447,8.6747762863,,,,CollegeFootballData.com API,2026-08-31T17:38:52.365352+00:00,/games,1.3
401628477,2024,3,regular,2024-09-14T20:00:00.000Z,False,True,False,False,69250,3793,Kinnick Stadium,2294,Iowa,fbs,Big Ten,38,"[0, 10, 14, 14]",0.9968610497948086,1552,1591,2653,Troy,fbs,Sun Belt,21,"[0, 14, 7, 0]",0.003138950205191393,1573,1534,6.6290795104,,,,CollegeFootballData.com API,2026-08-31T17:38:52.365352+00:00,/games,1.3
401628351,2024,3,regular,2024-09-14T20:15:00.000Z,False,True,False,False,75021,3887,Razorback Stadium,8,Arkansas,fbs,SEC,37,"[3, 17, 7, 10]",0.49095215439732587,1446,1451,5,UAB,fbs,American Athletic,27,"[10, 10, 0, 7]",0.5090478456026741,1270,1265,6.8537612708,,,,CollegeFootballData.com API,2026-08-31T17:38:52.365352+00:00,/games,1.3
401636870,2024,3,regular,2024-09-14T20:30:00.000Z,False,True,False,False,,3905,Maverik Stadium,328,Utah State,fbs,Mountain West,21,"[7, 7, 7, 0]",0.09987048764588333,1246,1242,254,Utah,fbs,Big 12,38,"[3, 14, 11, 10]",0.9001295123541166,1627,1631,4.9896212641,,,,CollegeFootballData.com API,2026-08-31T17:38:52.365352+00:00,/games,1.3
401629030,2024,3,regular,2024-09-14T22:00:00.000Z,False,True,False,False,20174,3982,Wallace Wade Stadium,150,Duke,fbs,ACC,26,"[7, 10, 0, 9]",0.3474928526218494,1602,1590,41,UConn,fbs,FBS Independents,21,"[0, 7, 14, 0]",0.6525071473781505,1157,1169,8.9201363026,,,,CollegeFootballData.com API,2026-08-31T17:38:52.365352+00:00,/games,1.3
401635548,2024,3,regular,2024-09-14T22:00:00.000Z,False,True,False,False,22208,3918,S.B. Ballard Stadium,295,Old Dominion,fbs,Sun Belt,17,"[0, 10, 0, 7]",0.1309340310766458,1397,1368,259,Virginia Tech,fbs,ACC,37,"[14, 0, 6, 17]",0.8690659689233542,1597,1626,4.4523144576,,,,CollegeFootballData.com API,2026-08-31T17:38:52.365352+00:00,/games,1.3
401644733,2024,3,regular,2024-09-14T22:00:00.000Z,False,True,False,False,8932,3768,InfoCision Stadium,2006,Akron,fbs,Mid-American,31,"[7, 21, 0, 3]",0.8741212642626452,1098,1098,2142,Colgate,fcs,Patriot,20,"[17, 0, 3, 0]",0.12587873573735475,,,6.4380193612,,,,CollegeFootballData.com API,2026-08-31T17:38:52.365352+00:00,/games,1.3
401635545,2024,3,regular,2024-09-14T22:00:00.000Z,False,True,False,False,45491,3787,Kenan Stadium,153,North Carolina,fbs,ACC,45,"[0, 17, 0, 28]",0.9974742998884685,1567,1567,2428,North Carolina Central,fcs,MEAC,10,"[7, 3, 0, 0]",0.002525700111531526,,,5.996017734,,,,CollegeFootballData.com API,2026-08-31T17:38:52.365352+00:00,/games,1.3
401645327,2024,3,regular,2024-09-14T22:00:00.000Z,False,True,False,False,,4418,Jerry Richardson Stadium,2429,Charlotte,fbs,American Athletic,27,"[0, 3, 3, 21]",0.3163741009693031,1174,1174,2241,Gardner-Webb,fcs,Big South-OVC,26,"[3, 14, 3, 6]",0.6836258990306969,,,5.3353819557,,,,CollegeFootballData.com API,2026-08-31T17:38:52.365352+00:00,/games,1.3
401643787,2024,3,regular,2024-09-14T22:00:00.000Z,False,True,False,False,21617,3608,Allen E. Paulson Stadium,290,Georgia Southern,fbs,Sun Belt,42,"[7, 14, 14, 7]",0.9908620138574958,1383,1383,2569,South Carolina State,fcs,MEAC,14,"[0, 7, 7, 0]",0.009137986142504162,,,4.1223384087,,,,CollegeFootballData.com API,2026-08-31T17:38:52.365352+00:00,/games,1.3
401640990,2024,3,regular,2024-09-14T22:00:00.000Z,False,True,False,True,21805,3992,Williams Stadium (VA),2335,Liberty,fbs,Conference USA,28,"[7, 7, 7, 7]",0.9983214732342744,1573,1582,2638,UTEP,fbs,Conference USA,10,"[3, 0, 7, 0]",0.001678526765725552,1232,1223,7.1552804569,,,,CollegeFootballData.com API,2026-08-31T17:38:52.365352+00:00,/games,1.3
401640980,2024,3,regular,2024-09-14T22:00:00.000Z,False,True,False,False,24283,3715,FAU Stadium,2226,Florida Atlantic,fbs,American Athletic,38,"[7, 17, 14, 0]",0.991083514939055,1373,1403,2229,Florida International,fbs,Conference USA,20,"[7, 0, 7, 6]",0.008916485060945,1271,1241,4.6474244048,,,,CollegeFootballData.com API,2026-08-31T17:38:52.365352+00:00,/games,1.3
401628355,2024,3,regular,2024-09-14T22:30:00.000Z,False,True,False,False,32849,3630,Allegacy Federal Credit Union Stadium,154,Wake Forest,fbs,ACC,6,"[3, 3, 0, 0]",0.0003568256800009375,1424,1370,145,Ole Miss,fbs,SEC,40,"[20, 3, 7, 10]",0.999643174319999,1770,1824,3.1835106946,,,,CollegeFootballData.com API,2026-08-31T17:38:52.365352+00:00,/games,1.3
401636364,2024,3,regular,2024-09-14T22:30:00.000Z,False,True,False,False,23476,3980,Waldo Stadium,2711,Western Michigan,fbs,Mid-American,59,"[14, 21, 14, 10]",0.9989684442331265,1193,1193,2065,Bethune-Cookman,fcs,SWAC,31,"[0, 14, 7, 10]",0.0010315557668735265,,,2.73963378,,,,CollegeFootballData.com API,2026-08-31T17:38:52.365352+00:00,/games,1.3
401628362,2024,3,regular,2024-09-14T23:00:00.000Z,False,True,False,False,14413,4246,Center Parc Stadium,2247,Georgia State,fbs,Sun Belt,36,"[3, 9, 10, 14]",0.4064557580733251,1370,1371,238,Vanderbilt,fbs,SEC,32,"[0, 10, 0, 22]",0.5935442419266749,1313,1312,8.4948458307,,,,CollegeFootballData.com API,2026-08-31T17:38:52.365352+00:00,/games,1.3
401640999,2024,3,regular,2024-09-14T23:00:00.000Z,False,True,False,False,17501,3912,Rynearson Stadium,2199,Eastern Michigan,fbs,Mid-American,37,"[14, 14, 3, 0, 3, 3]",0.6626094267979739,1298,1300,55,Jacksonville State,fbs,Conference USA,34,"[7, 13, 0, 11, 3, 0]",0.33739057320202614,1374,1372,9.6322925678,,,,CollegeFootballData.com API,2026-08-31T17:38:52.365352+00:00,/games,1.3
401641040,2024,3,regular,2024-09-14T23:00:00.000Z,False,True,False,False,15134,3647,Elliott T. Bowers Stadium,2534,Sam Houston,fbs,Conference USA,31,"[7, 10, 7, 7]",0.9963204929272254,1370,1398,62,Hawai'i,fbs,Mountain West,13,"[0, 3, 10, 0]",0.003679507072774646,1242,1214,5.0525911901,,,,CollegeFootballData.com API,2026-08-31T17:38:52.365352+00:00,/games,1.3
401641017,2024,3,regular,2024-09-14T23:00:00.000Z,False,True,False,False,11090,3935,CEFCU Stadium,23,San José State,fbs,Mountain West,31,"[0, 17, 7, 7]",0.9775274462423851,1567,1602,338,Kennesaw State,fbs,Conference USA,10,"[3, 0, 7, 0]",0.02247255375761492,1423,1388,4.6611245645,,,,CollegeFootballData.com API,2026-08-31T17:38:52.365352+00:00,/games,1.3
401641024,2024,3,regular,2024-09-14T23:00:00.000Z,False,True,False,True,12227,3725,"Johnny ""Red"" Floyd Stadium",2393,Middle Tennessee,fbs,Conference USA,21,"[0, 0, 14, 7]",0.25259863997656923,1288,1215,98,Western Kentucky,fbs,Conference USA,49,"[14, 7, 21, 7]",0.7474013600234308,1323,1396,2.2685949947,,,,CollegeFootballData.com API,2026-08-31T17:38:52.365352+00:00,/games,1.3
401628361,2024,3,regular,2024-09-14T23:00:00.000Z,False,True,False,False,101892,3910,DKR-Texas Memorial Stadium,251,Texas,fbs,SEC,56,"[14, 14, 14, 14]",0.9988848395909953,1991,2068,2636,UTSA,fbs,American Athletic,7,"[0, 7, 0, 0]",0.001115160409004723,1467,1390,2.909180873,,,,CollegeFootballData.com API,2026-08-31T17:38:52.365352+00:00,/games,1.3
401643789,2024,3,regular,2024-09-14T23:00:00.000Z,False,True,False,False,23537,3815,M. M. Roberts Stadium,2572,Southern Miss,fbs,Sun Belt,24,"[14, 7, 0, 3]",0.0758748165356814,1230,1187,58,South Florida,fbs,American Athletic,49,"[14, 14, 14, 7]",0.9241251834643186,1433,1476,3.830391038,,,,CollegeFootballData.com API,2026-08-31T17:38:52.365352+00:00,/games,1.3
401655632,2024,3,regular,2024-09-14T23:30:00.000Z,False,True,True,False,10631,5960,Lanny and Sharon Martin Stadium,77,Northwestern,fbs,Big Ten,31,"[7, 7, 10, 7]",0.9954332752862584,1508,1508,2197,Eastern Illinois,fcs,Big South-OVC,7,"[0, 7, 0, 0]",0.004566724713741643,,,4.621228179,,,,CollegeFootballData.com API,2026-08-31T17:38:52.365352+00:00,/games,1.3
401636866,2024,3,regular,2024-09-14T23:30:00.000Z,False,True,False,True,48889,3616,Amon G. Carter Stadium,2628,TCU,fbs,Big 12,34,"[14, 7, 10, 3]",0.008433595726321992,1578,1580,2116,UCF,fbs,Big 12,35,"[0, 7, 13, 15]",0.991566404273678,1644,1642,6.913846806,,,,CollegeFootballData.com API,2026-08-31T17:38:52.365352+00:00,/games,1.3
401628354,2024,3,regular,2024-09-14T23:30:00.000Z,False,True,False,True,61663,3683,Kroger Field,96,Kentucky,fbs,SEC,12,"[3, 3, 3, 3]",0.20705104002487187,1563,1583,61,Georgia,fbs,SEC,13,"[0, 3, 3, 7]",0.7929489599751282,2066,2046,8.9509868466,,,,CollegeFootballData.com API,2026-08-31T17:38:52.365352+00:00,/games,1.3
401628352,2024,3,regular,2024-09-14T23:30:00.000Z,False,True,False,False,88043,3785,Jordan-Hare Stadium,2,Auburn,fbs,SEC,45,"[14, 3, 14, 14]",0.9974030594036278,1537,1569,167,New Mexico,fbs,Mountain West,19,"[10, 3, 0, 6]",0.002596940596372166,1228,1196,5.2477113604,,,,CollegeFootballData.com API,2026-08-31T17:38:52.365352+00:00,/games,1.3
401636860,2024,3,regular,2024-09-14T23:30:00.000Z,False,True,False,False,46212,4727,McLane Stadium,239,Baylor,fbs,Big 12,31,"[3, 3, 17, 8]",0.9958538730603451,1417,1507,2005,Air Force,fbs,Mountain West,3,"[0, 3, 0, 0]",0.004146126939654882,1549,1459,5.1557909361,,,,CollegeFootballData.com API,2026-08-31T17:38:52.365352+00:00,/games,1.3
401628356,2024,3,regular,2024-09-14T23:30:00.000Z,False,True,False,False,47412,3693,Davis Wade Stadium,344,Mississippi State,fbs,SEC,17,"[0, 3, 7, 7]",0.0004366823800092236,1440,1386,2649,Toledo,fbs,Mid-American,41,"[7, 21, 7, 6]",0.9995633176199907,1524,1578,2.3939678093,,,,CollegeFootballData.com API,2026-08-31T17:38:52.365352+00:00,/games,1.3
401628476,2024,3,regular,2024-09-14T23:30:00.000Z,False,True,False,True,47811,1056,Rose Bowl,26,UCLA,fbs,Big Ten,13,"[0, 7, 3, 3]",0.001063915461672754,1553,1456,84,Indiana,fbs,Big Ten,42,"[14, 7, 7, 14]",0.9989360845383273,1430,1527,2.5796886196,,,,CollegeFootballData.com API,2026-08-31T17:38:52.365352+00:00,/games,1.3
401636861,2024,3,regular,2024-09-14T23:30:00.000Z,False,True,False,False,40099,5388,Canvas Stadium,36,Colorado State,fbs,Mountain West,9,"[3, 0, 0, 6]",0.09871601779704506,1261,1219,38,Colorado,fbs,Big 12,28,"[0, 14, 7, 7]",0.9012839822029549,1307,1349,3.2618715605,,,,CollegeFootballData.com API,2026-08-31T17:38:52.365352+00:00,/games,1.3
401628482,2024,3,regular,2024-09-14T23:30:00.000Z,False,True,False,False,86546,3834,"Memorial Stadium (Lincoln, NE)",158,Nebraska,fbs,Big Ten,34,"[7, 14, 6, 7]",0.9981665662396725,1596,1596,2460,Northern Iowa,fcs,MVFC,3,"[3, 0, 0, 0]",0.0018334337603275186,,,3.0885437485,,,,CollegeFootballData.com API,2026-08-31T17:38:52.365352+00:00,/games,1.3
401628360,2024,3,regular,2024-09-14T23:45:00.000Z,False,True,False,False,101915,3853,Neyland Stadium,2633,Tennessee,fbs,SEC,71,"[37, 28, 3, 3]",0.9989675661261332,1845,1964,2309,Kent State,fbs,Mid-American,0,"[0, 0, 0, 0]",0.001032433873866756,1108,989,2.464570702,,,,CollegeFootballData.com API,2026-08-31T17:38:52.365352+00:00,/games,1.3
401636862,2024,3,regular,2024-09-15T00:00:00.000Z,False,True,False,False,28146,4728,TDECU Stadium,248,Houston,fbs,Big 12,33,"[14, 6, 6, 7]",0.9986102045526059,1411,1466,242,Rice,fbs,American Athletic,7,"[0, 0, 0, 7]",0.0013897954473941487,1314,1259,3.1802381861,,,,CollegeFootballData.com API,2026-08-31T17:38:52.365352+00:00,/games,1.3
401628478,2024,3,regular,2024-09-15T00:00:00.000Z,False,True,False,False,,3923,Scott Stadium,258,Virginia,fbs,ACC,13,"[3, 10, 0, 0]",0.2758509731563324,1317,1318,120,Maryland,fbs,Big Ten,27,"[0, 7, 10, 10]",0.7241490268436677,1679,1678,7.1114804406,,,,CollegeFootballData.com API,2026-08-31T17:38:52.365352+00:00,/games,1.3
401636871,2024,3,regular,2024-09-15T01:00:00.000Z,False,True,False,False,24513,3984,War Memorial Stadium,2751,Wyoming,fbs,Mountain West,14,"[0, 7, 0, 7]",0.001879823761579304,1354,1312,252,BYU,fbs,Big 12,34,"[7, 10, 17, 0]",0.9981201762384206,1430,1472,3.1928097307,,,,CollegeFootballData.com API,2026-08-31T17:38:52.365352+00:00,/games,1.3
401641033,2024,3,regular,2024-09-15T02:30:00.000Z,False,True,False,False,39079,3660,Valley Children's Stadium,278,Fresno State,fbs,Mountain West,48,"[14, 17, 17, 0]",0.9989555505271754,1551,1680,166,New Mexico State,fbs,Conference USA,0,"[0, 0, 0, 0]",0.0010444494728245601,1431,1302,2.6317458936,,,,CollegeFootballData.com API,2026-08-31T17:38:52.365352+00:00,/games,1.3
401635541,2024,3,regular,2024-09-15T02:30:00.000Z,False,True,False,False,35197,3831,California Memorial Stadium,25,California,fbs,ACC,31,"[7, 0, 14, 10]",0.9817301561871665,1502,1540,21,San Diego State,fbs,Mountain West,10,"[3, 0, 0, 7]",0.018269843812833475,1388,1350,4.9558040595,,,,CollegeFootballData.com API,2026-08-31T17:38:52.365352+00:00,/games,1.3
401643790,2024,4,regular,2024-09-19T23:30:00.000Z,False,True,False,True,34133,3792,Kidd Brewer Stadium,2026,App State,fbs,Sun Belt,14,"[0, 7, 0, 7]",0.000365851741178994,1447,1366,6,South Alabama,fbs,Sun Belt,48,"[14, 14, 13, 7]",0.999634148258821,1576,1657,1.5723330405,,,,CollegeFootballData.com API,2026-08-31T17:38:52.365352+00:00,/games,1.3
401634766,2024,4,regular,2024-09-20T23:30:00.000Z,False,True,False,True,39290,1964,JMA Wireless Dome,183,Syracuse,fbs,ACC,24,"[0, 10, 7, 7]",0.1490440505033184,1386,1378,24,Stanford,fbs,ACC,26,"[7, 6, 7, 6]",0.8509559494966816,1295,1303,8.569416045,,,,CollegeFootballData.com API,2026-08-31T17:38:52.365352+00:00,/games,1.3
401628485,2024,4,regular,2024-09-21T00:00:00.000Z,False,True,False,True,86936,3834,"Memorial Stadium (Lincoln, NE)",158,Nebraska,fbs,Big Ten,24,"[10, 7, 0, 7, 0]",0.3547871322306742,1588,1570,356,Illinois,fbs,Big Ten,31,"[7, 3, 7, 7, 7]",0.6452128677693258,1533,1551,7.7382389903,,,,CollegeFootballData.com API,2026-08-31T17:38:52.365352+00:00,/games,1.3
401643714,2024,4,regular,2024-09-21T02:00:00.000Z,False,True,False,False,24808,3820,Gesa Field,265,Washington State,fbs,Pac-12,54,"[7, 17, 0, 22, 0, 8]",0.9133358983085522,1595,1596,23,San José State,fbs,Mountain West,52,"[10, 7, 21, 8, 0, 6]",0.08666410169144778,1602,1601,10.6427695825,,,,CollegeFootballData.com API,2026-08-31T17:38:52.365352+00:00,/games,1.3
401635556,2024,4,regular,2024-09-21T16:00:00.000Z,False,True,False,False,50500,3787,Kenan Stadium,153,North Carolina,fbs,ACC,50,"[14, 7, 17, 12]",0.14335113072837286,1554,1519,256,James Madison,fbs,Sun Belt,70,"[25, 28, 7, 10]",0.8566488692716272,1699,1734,3.2030534224,,,,CollegeFootballData.com API,2026-08-31T17:38:52.365352+00:00,/games,1.3
401636879,2024,4,regular,2024-09-21T16:00:00.000Z,False,True,False,True,52428,3842,Milan Puskar Stadium,277,West Virginia,fbs,Big 12,32,"[7, 7, 3, 15]",0.2702222025040236,1541,1546,2305,Kansas,fbs,Big 12,28,"[0, 7, 14, 7]",0.7297777974959764,1603,1598,8.1653534777,,,,CollegeFootballData.com API,2026-08-31T17:38:52.365352+00:00,/games,1.3
401635552,2024,4,regular,2024-09-21T16:00:00.000Z,False,True,False,True,81500,3836,"Memorial Stadium (Clemson, SC)",228,Clemson,fbs,ACC,59,"[28, 17, 14, 0]",0.9830489380863561,1757,1790,152,NC State,fbs,ACC,35,"[0, 7, 7, 21]",0.016951061913643928,1511,1478,2.0210250501,,,,CollegeFootballData.com API,2026-08-31T17:38:52.365352+00:00,/games,1.3
401645328,2024,4,regular,2024-09-21T16:00:00.000Z,False,True,False,True,26654,3841,Michie Stadium,349,Army,fbs,American Athletic,37,"[7, 21, 9, 0]",0.9984307056725569,1465,1499,242,Rice,fbs,American Athletic,14,"[0, 0, 7, 7]",0.001569294327443127,1259,1225,2.632426298283298,,,,CollegeFootballData.com API,2026-08-31T17:38:52.365352+00:00,/games,1.3
401628367,2024,4,regular,2024-09-21T16:00:00.000Z,False,True,False,True,49655,3693,Davis Wade Stadium,344,Mississippi State,fbs,SEC,28,"[7, 7, 7, 7]",0.13027343637126163,1386,1355,57,Florida,fbs,SEC,45,"[7, 21, 7, 10]",0.8697265636287383,1485,1516,3.9425420269,,,,CollegeFootballData.com API,2026-08-31T17:38:52.365352+00:00,/games,1.3
401628486,2024,4,regular,2024-09-21T16:00:00.000Z,False,True,False,False,43109,3830,"Memorial Stadium (Bloomington, IN)",84,Indiana,fbs,Big Ten,52,"[10, 21, 14, 7]",0.998333171707224,1527,1592,2429,Charlotte,fbs,American Athletic,14,"[0, 14, 0, 0]",0.0016668282927759792,1187,1122,3.5424424745,,,,CollegeFootballData.com API,2026-08-31T17:38:52.365352+00:00,/games,1.3
401628488,2024,4,regular,2024-09-21T16:00:00.000Z,False,True,False,False,38006,3665,SECU Stadium,120,Maryland,fbs,Big Ten,38,"[17, 7, 7, 7]",0.9989264610789277,1698,1698,222,Villanova,fcs,Coastal Athletic,20,"[0, 0, 10, 10]",0.0010735389210723145,,,2.7164030957,,,,CollegeFootballData.com API,2026-08-31T17:38:52.365352+00:00,/games,1.3
401636873,2024,4,regular,2024-09-21T16:00:00.000Z,False,True,False,True,38007,3854,Nippert Stadium,2132,Cincinnati,fbs,Big 12,34,"[14, 10, 7, 3]",0.9989020702351785,1429,1529,248,Houston,fbs,Big 12,0,"[0, 0, 0, 0]",0.0010979297648214814,1466,1366,2.6636884555,,,,CollegeFootballData.com API,2026-08-31T17:38:52.365352+00:00,/games,1.3
401643791,2024,4,regular,2024-09-21T16:00:00.000Z,False,True,False,False,22534,3666,Cajun Field,309,Louisiana,fbs,Sun Belt,33,"[7, 6, 13, 7]",0.0059666755760555655,1558,1543,2655,Tulane,fbs,American Athletic,41,"[0, 17, 21, 3]",0.9940333244239444,1561,1576,5.6751086353,,,,CollegeFootballData.com API,2026-08-31T17:38:52.365352+00:00,/games,1.3
401628492,2024,4,regular,2024-09-21T16:00:00.000Z,False,True,False,False,103871,3861,Ohio Stadium,194,Ohio State,fbs,Big Ten,49,"[7, 21, 14, 7]",0.9988671629158615,2014,2038,276,Marshall,fbs,Sun Belt,14,"[7, 7, 0, 0]",0.0011328370841384716,1384,1360,3.6816411505,,,,CollegeFootballData.com API,2026-08-31T17:38:52.365352+00:00,/games,1.3
401628364,2024,4,regular,2024-09-21T16:45:00.000Z,False,True,False,False,61783,3683,Kroger Field,96,Kentucky,fbs,SEC,41,"[3, 14, 10, 14]",0.9986568087619092,1583,1668,195,Ohio,fbs,Mid-American,6,"[0, 0, 0, 6]",0.0013431912380907907,1486,1401,3.2291517115,,,,CollegeFootballData.com API,2026-08-31T17:38:52.365352+00:00,/games,1.3
401644735,2024,4,regular,2024-09-21T17:00:00.000Z,False,True,False,True,18011,3786,Kelly/Shorts Stadium,2117,Central Michigan,fbs,Mid-American,37,"[0, 23, 0, 14]",0.9936869782520776,1173,1174,2050,Ball State,fbs,Mid-American,34,"[10, 7, 7, 10]",0.006313021747922365,1185,1184,6.6181255883,,,,CollegeFootballData.com API,2026-08-31T17:38:52.365352+00:00,/games,1.3
401635558,2024,4,regular,2024-09-21T18:00:00.000Z,False,True,False,False,22104,3654,Brooks Stadium (SC),324,Coastal Carolina,fbs,Sun Belt,24,"[3, 7, 7, 7]",0.03903624249304642,1519,1448,258,Virginia,fbs,ACC,43,"[14, 13, 10, 6]",0.9609637575069536,1318,1389,3.3143909632,,,,CollegeFootballData.com API,2026-08-31T17:38:52.365352+00:00,/games,1.3
401636875,2024,4,regular,2024-09-21T18:00:00.000Z,False,True,False,False,55428,3772,Jack Trice Stadium,66,Iowa State,fbs,Big 12,52,"[14, 17, 7, 14]",0.9988623730653208,1610,1718,2032,Arkansas State,fbs,Sun Belt,7,"[0, 0, 0, 7]",0.0011376269346792256,1421,1313,5.4559009327,,,,CollegeFootballData.com API,2026-08-31T17:38:52.365352+00:00,/games,1.3
401643715,2024,4,regular,2024-09-21T18:00:00.000Z,False,True,False,False,11384,3806,Lincoln Financial Field,218,Temple,fbs,American Athletic,45,"[0, 17, 7, 21]",0.9893971576390547,1092,1141,328,Utah State,fbs,Mountain West,29,"[0, 21, 0, 8]",0.01060284236094533,1242,1193,8.4879112983,,,,CollegeFootballData.com API,2026-08-31T17:38:52.365352+00:00,/games,1.3
401644737,2024,4,regular,2024-09-21T18:00:00.000Z,False,True,False,False,15509,3912,Rynearson Stadium,2199,Eastern Michigan,fbs,Mid-American,36,"[10, 3, 16, 7]",,1303,1303,2598,Saint Francis,fcs,NEC,0,"[0, 0, 0, 0]",,,,,,,,CollegeFootballData.com API,2026-08-31T17:38:52.365352+00:00,/games,1.3
401643713,2024,4,regular,2024-09-21T19:00:00.000Z,False,True,False,False,16399,3816,Mackay Stadium,2440,Nevada,fbs,Mountain West,49,"[14, 7, 14, 14]",0.9988172654878082,1220,1220,331,Eastern Washington,fcs,Big Sky,16,"[0, 3, 0, 13]",0.001182734512191752,,,3.4402235254,,,,CollegeFootballData.com API,2026-08-31T17:38:52.365352+00:00,/games,1.3
401641000,2024,4,regular,2024-09-21T19:00:00.000Z,False,True,False,False,21788,3662,AmFirst Stadium,55,Jacksonville State,fbs,Conference USA,44,"[14, 7, 23, 0]",0.9988923128029182,1372,1453,2572,Southern Miss,fbs,Sun Belt,7,"[0, 7, 0, 0]",0.0011076871970817637,1187,1106,3.4673349718,,,,CollegeFootballData.com API,2026-08-31T17:38:52.365352+00:00,/games,1.3
401628494,2024,4,regular,2024-09-21T19:30:00.000Z,False,True,False,False,65632,3799,Lane Stadium,259,Virginia Tech,fbs,ACC,23,"[0, 7, 0, 16]",0.1413056103082315,1626,1614,164,Rutgers,fbs,Big Ten,26,"[14, 2, 7, 3]",0.8586943896917685,1511,1523,4.7686009891,,,,CollegeFootballData.com API,2026-08-31T17:38:52.365352+00:00,/games,1.3
401645329,2024,4,regular,2024-09-21T19:30:00.000Z,False,True,False,True,31268,3852,Navy-Marine Corps Memorial Stadium,2426,Navy,fbs,American Athletic,56,"[7, 21, 7, 21]",0.9988528789452599,1409,1451,235,Memphis,fbs,American Athletic,44,"[14, 3, 13, 14]",0.00114712105474013,1639,1597,5.7624205481,,,,CollegeFootballData.com API,2026-08-31T17:38:52.365352+00:00,/games,1.3
401628363,2024,4,regular,2024-09-21T19:30:00.000Z,False,True,False,True,88043,3785,Jordan-Hare Stadium,2,Auburn,fbs,SEC,14,"[0, 0, 7, 7]",0.4738599991671969,1569,1537,8,Arkansas,fbs,SEC,24,"[0, 7, 7, 10]",0.5261400008328031,1451,1483,7.609649793,,,,CollegeFootballData.com API,2026-08-31T17:38:52.365352+00:00,/games,1.3
401628365,2024,4,regular,2024-09-21T19:30:00.000Z,False,True,False,False,100315,3958,Tiger Stadium (LA),99,LSU,fbs,SEC,34,"[7, 10, 7, 10]",0.985005897829529,1798,1805,26,UCLA,fbs,Big Ten,17,"[10, 7, 0, 0]",0.014994102170471035,1456,1449,5.785520424,,,,CollegeFootballData.com API,2026-08-31T17:38:52.365352+00:00,/games,1.3
401628489,2024,4,regular,2024-09-21T19:30:00.000Z,False,True,False,True,110702,3558,Michigan Stadium,130,Michigan,fbs,Big Ten,27,"[7, 7, 6, 7]",0.9585892061787497,1911,1910,30,USC,fbs,Big Ten,24,"[0, 3, 14, 7]",0.04141079382125035,1768,1769,8.7964960185,,,,CollegeFootballData.com API,2026-08-31T17:38:52.365352+00:00,/games,1.3
401635554,2024,4,regular,2024-09-21T19:30:00.000Z,False,True,False,True,50727,3873,L&N Federal Credit Union Stadium,97,Louisville,fbs,ACC,31,"[7, 10, 7, 7]",0.9479456067508492,1700,1711,59,Georgia Tech,fbs,ACC,19,"[7, 7, 3, 2]",0.05205439324915084,1556,1545,6.2185404063,,,,CollegeFootballData.com API,2026-08-31T17:38:52.365352+00:00,/games,1.3
401634247,2024,4,regular,2024-09-21T19:30:00.000Z,False,True,False,False,48437,3752,Acrisure Stadium,221,Pittsburgh,fbs,ACC,73,"[21, 21, 10, 21]",0.9986907179503097,1488,1488,2754,Youngstown State,fcs,MVFC,17,"[0, 10, 7, 0]",0.0013092820496902746,,,2.4052480193,,,,CollegeFootballData.com API,2026-08-31T17:38:52.365352+00:00,/games,1.3
401636877,2024,4,regular,2024-09-21T19:30:00.000Z,False,True,False,True,58795,3784,Jones AT&T Stadium,2641,Texas Tech,fbs,Big 12,30,"[14, 3, 7, 6]",0.3814853635278148,1623,1628,9,Arizona State,fbs,Big 12,22,"[0, 10, 6, 6]",0.6185146364721852,1511,1506,5.9004704465,,,,CollegeFootballData.com API,2026-08-31T17:38:52.365352+00:00,/games,1.3
401645330,2024,4,regular,2024-09-21T19:30:00.000Z,False,True,False,False,20973,3604,Alamodome,2636,UTSA,fbs,American Athletic,45,"[10, 21, 7, 7]",0.9988113362451293,1366,1366,2277,Houston Christian,fcs,Southland,7,"[0, 7, 0, 0]",0.0011886637548707002,,,3.332640735,,,,CollegeFootballData.com API,2026-08-31T17:38:52.365352+00:00,/games,1.3
401644736,2024,4,regular,2024-09-21T19:30:00.000Z,False,True,False,True,18688,3764,Huskie Stadium,2459,Northern Illinois,fbs,Mid-American,20,"[7, 7, 0, 6, 0]",0.8042575150701324,1476,1464,2084,Buffalo,fbs,Mid-American,23,"[0, 3, 7, 10, 3]",0.19574248492986757,1360,1372,9.4545107191,,,,CollegeFootballData.com API,2026-08-31T17:38:52.365352+00:00,/games,1.3
401629042,2024,4,regular,2024-09-21T19:30:00.000Z,False,True,False,False,10847,3985,Warren McGuirk Alumni Stadium,113,Massachusetts,fbs,FBS Independents,35,"[7, 14, 7, 7]",0.9965496435866243,1057,1057,2115,Central Connecticut,fcs,NEC,31,"[0, 21, 7, 3]",0.003450356413375655,,,6.5087893456,,,,CollegeFootballData.com API,2026-08-31T17:38:52.365352+00:00,/games,1.3
401628979,2024,4,regular,2024-09-21T19:30:00.000Z,False,True,False,False,77622,3855,Notre Dame Stadium,87,Notre Dame,fbs,FBS Independents,28,"[0, 14, 7, 7]",0.9986494251644964,1992,2000,193,Miami (OH),fbs,Mid-American,3,"[0, 3, 0, 0]",0.001350574835503604,1458,1450,6.0816618423,,,,CollegeFootballData.com API,2026-08-31T17:38:52.365352+00:00,/games,1.3
401628493,2024,4,regular,2024-09-21T19:30:00.000Z,False,True,False,False,109526,3632,Beaver Stadium,213,Penn State,fbs,Big Ten,56,"[7, 21, 14, 14]",0.9989704274472642,1848,1905,2309,Kent State,fbs,Mid-American,0,"[0, 0, 0, 0]",0.0010295725527358357,989,932,3.5624619704,,,,CollegeFootballData.com API,2026-08-31T17:38:52.365352+00:00,/games,1.3
401636876,2024,4,regular,2024-09-21T20:00:00.000Z,False,True,False,True,52202,3646,Boone Pickens Stadium,197,Oklahoma State,fbs,Big 12,19,"[3, 0, 0, 16]",0.010408504193486882,1595,1593,254,Utah,fbs,Big 12,22,"[0, 10, 3, 9]",0.9895914958065131,1631,1633,5.0077398301,,,,CollegeFootballData.com API,2026-08-31T17:38:52.365352+00:00,/games,1.3
401635553,2024,4,regular,2024-09-21T20:00:00.000Z,False,True,False,False,15209,3725,"Johnny ""Red"" Floyd Stadium",2393,Middle Tennessee,fbs,Conference USA,17,"[10, 0, 7, 0]",0.0009954820388864655,1215,1182,150,Duke,fbs,ACC,45,"[28, 7, 3, 7]",0.9990045179611136,1590,1623,2.3648336031,,,,CollegeFootballData.com API,2026-08-31T17:38:52.365352+00:00,/games,1.3
401628368,2024,4,regular,2024-09-21T20:15:00.000Z,False,True,False,True,62621,3838,Memorial Stadium,142,Missouri,fbs,SEC,30,"[7, 3, 10, 0, 10]",0.27254257561101886,1795,1790,238,Vanderbilt,fbs,SEC,27,"[7, 6, 7, 0, 7]",0.7274574243889811,1312,1317,9.619524509,,,,CollegeFootballData.com API,2026-08-31T17:38:52.365352+00:00,/games,1.3
401641028,2024,4,regular,2024-09-21T21:00:00.000Z,False,True,False,False,29151,5388,Canvas Stadium,36,Colorado State,fbs,Mountain West,27,"[7, 7, 10, 3]",0.9704768467372228,1219,1236,2638,UTEP,fbs,Conference USA,17,"[0, 3, 7, 7]",0.029523153262777213,1223,1206,5.4054991639,,,,CollegeFootballData.com API,2026-08-31T17:38:52.365352+00:00,/games,1.3
401635557,2024,4,regular,2024-09-21T21:00:00.000Z,False,True,False,False,33168,3735,Gerald J. Ford Stadium,2567,SMU,fbs,ACC,66,"[17, 24, 18, 7]",0.981498187675888,1648,1700,2628,TCU,fbs,Big 12,42,"[0, 21, 7, 14]",0.018501812324111966,1580,1528,4.3086547023,,,,CollegeFootballData.com API,2026-08-31T17:38:52.365352+00:00,/games,1.3
401640991,2024,4,regular,2024-09-21T22:00:00.000Z,False,True,False,False,24076,3992,Williams Stadium (VA),2335,Liberty,fbs,Conference USA,35,"[0, 7, 14, 14]",0.9941335504778246,1582,1589,151,East Carolina,fbs,American Athletic,24,"[14, 3, 7, 0]",0.00586644952217541,1414,1407,6.4427227082,,,,CollegeFootballData.com API,2026-08-31T17:38:52.365352+00:00,/games,1.3
401628625,2024,4,regular,2024-09-21T22:00:00.000Z,False,True,True,False,17922,2031,Pitbull Stadium,2229,Florida International,fbs,Conference USA,42,"[14, 14, 7, 7]",0.9883645065886499,1239,1239,2405,Monmouth,fcs,Coastal Athletic,45,"[7, 14, 14, 10]",0.011635493411350062,,,6.3219068126,,,,CollegeFootballData.com API,2026-08-31T17:38:52.365352+00:00,/games,1.3
401628491,2024,4,regular,2024-09-21T23:00:00.000Z,False,True,False,True,69788,3765,Husky Stadium,264,Washington,fbs,Big Ten,24,"[7, 10, 0, 7]",0.9989650898845579,1745,1766,77,Northwestern,fbs,Big Ten,5,"[0, 2, 3, 0]",0.0010349101154421003,1514,1493,3.6213199876,,,,CollegeFootballData.com API,2026-08-31T17:38:52.365352+00:00,/games,1.3
401629031,2024,4,regular,2024-09-21T23:00:00.000Z,False,True,False,False,20144,3892,Pratt & Whitney Stadium,41,UConn,fbs,FBS Independents,48,"[3, 14, 10, 21]",0.991711905067892,1169,1297,2226,Florida Atlantic,fbs,American Athletic,14,"[0, 0, 7, 7]",0.008288094932108026,1403,1275,3.7160889462,,,,CollegeFootballData.com API,2026-08-31T17:38:52.365352+00:00,/games,1.3
401641008,2024,4,regular,2024-09-21T23:00:00.000Z,False,True,False,False,18152,3776,Joe Aillet Stadium,2348,Louisiana Tech,fbs,Conference USA,20,"[0, 7, 0, 13, 0]",0.29860105174174784,1247,1239,202,Tulsa,fbs,American Athletic,23,"[7, 3, 7, 3, 3]",0.7013989482582521,1185,1193,8.2645819638,,,,CollegeFootballData.com API,2026-08-31T17:38:52.365352+00:00,/games,1.3
401643716,2024,4,regular,2024-09-21T23:00:00.000Z,False,True,False,False,27049,3825,DATCU Stadium,249,North Texas,fbs,American Athletic,44,"[7, 20, 14, 3]",0.9980916125191562,1336,1403,2751,Wyoming,fbs,Mountain West,17,"[3, 14, 0, 0]",0.001908387480843765,1312,1245,4.0053375224,,,,CollegeFootballData.com API,2026-08-31T17:38:52.365352+00:00,/games,1.3
401641037,2024,4,regular,2024-09-21T23:00:00.000Z,False,True,False,False,19127,3796,Houchens Industries-L.T. Smith Stadium,98,Western Kentucky,fbs,Conference USA,26,"[0, 7, 5, 14]",0.8172534749790489,1396,1409,2649,Toledo,fbs,Mid-American,21,"[0, 14, 7, 0]",0.18274652502095112,1578,1565,7.5693083783,,,,CollegeFootballData.com API,2026-08-31T17:38:52.365352+00:00,/games,1.3
401641034,2024,4,regular,2024-09-21T23:00:00.000Z,False,True,False,True,,3647,Elliott T. Bowers Stadium,2534,Sam Houston,fbs,Conference USA,31,"[14, 7, 0, 10]",0.007016222904642351,1398,1435,166,New Mexico State,fbs,Conference USA,11,"[3, 0, 0, 8]",0.9929837770953577,1302,1265,3.8631946019,,,,CollegeFootballData.com API,2026-08-31T17:38:52.365352+00:00,/games,1.3
401636374,2024,4,regular,2024-09-21T23:00:00.000Z,False,True,False,False,29024,3975,Veterans Memorial Stadium (AL),2653,Troy,fbs,Sun Belt,34,"[7, 7, 7, 13]",0.9988587901580321,1538,1538,50,Florida A&M,fcs,SWAC,12,"[6, 3, 3, 0]",0.0011412098419678607,,,5.0048566209,,,,CollegeFootballData.com API,2026-08-31T17:38:52.365352+00:00,/games,1.3
401635555,2024,4,regular,2024-09-21T23:00:00.000Z,False,True,False,False,58616,3886,Raymond James Stadium,58,South Florida,fbs,American Athletic,15,"[9, 6, 0, 0]",0.001001368047446176,1476,1413,2390,Miami,fbs,ACC,50,"[14, 8, 14, 14]",0.9989986319525538,1774,1837,4.3442059452,,,,CollegeFootballData.com API,2026-08-31T17:38:52.365352+00:00,/games,1.3
401635551,2024,4,regular,2024-09-21T23:00:00.000Z,False,True,False,True,55107,3697,Doak Campbell Stadium,52,Florida State,fbs,ACC,14,"[7, 0, 0, 7]",0.5026968974512162,1596,1599,25,California,fbs,ACC,9,"[0, 6, 3, 0]",0.49730310254878385,1540,1537,9.9143093528,,,,CollegeFootballData.com API,2026-08-31T17:38:52.365352+00:00,/games,1.3
401628487,2024,4,regular,2024-09-21T23:30:00.000Z,False,True,False,True,52048,3953,Huntington Bank Stadium,135,Minnesota,fbs,Big Ten,14,"[0, 14, 0, 0]",0.05824283009564871,1537,1502,2294,Iowa,fbs,Big Ten,31,"[7, 0, 17, 7]",0.9417571699043513,1591,1626,4.8042144941,,,,CollegeFootballData.com API,2026-08-31T17:38:52.365352+00:00,/games,1.3
401628370,2024,4,regular,2024-09-21T23:30:00.000Z,False,True,False,False,78704,3994,Williams-Brice Stadium,2579,South Carolina,fbs,SEC,50,"[15, 7, 7, 21]",0.998921525235758,1642,1699,2006,Akron,fbs,Mid-American,7,"[0, 7, 0, 0]",0.0010784747642420545,1110,1053,4.4608683407,,,,CollegeFootballData.com API,2026-08-31T17:38:52.365352+00:00,/games,1.3
401628372,2024,4,regular,2024-09-21T23:30:00.000Z,False,True,False,False,99523,3795,Kyle Field,245,Texas A&M,fbs,SEC,26,"[7, 6, 7, 6]",0.9745075158794131,1689,1685,189,Bowling Green,fbs,Mid-American,20,"[0, 3, 14, 3]",0.02549248412058691,1444,1448,6.5177861153,,,,CollegeFootballData.com API,2026-08-31T17:38:52.365352+00:00,/games,1.3
401628369,2024,4,regular,2024-09-21T23:30:00.000Z,False,True,False,True,84701,3835,"Memorial Stadium (Norman, OK)",201,Oklahoma,fbs,SEC,15,"[3, 0, 0, 12]",0.09017369358378567,1848,1837,2633,Tennessee,fbs,SEC,25,"[10, 9, 3, 3]",0.9098263064162143,1964,1975,4.1458506038,,,,CollegeFootballData.com API,2026-08-31T17:38:52.365352+00:00,/games,1.3
401628366,2024,4,regular,2024-09-21T23:45:00.000Z,False,True,False,False,67505,3974,Vaught-Hemingway Stadium,145,Ole Miss,fbs,SEC,52,"[17, 7, 14, 14]",0.9988444751899406,1824,1879,290,Georgia Southern,fbs,Sun Belt,13,"[0, 7, 3, 3]",0.0011555248100594273,1379,1324,3.7532950843,,,,CollegeFootballData.com API,2026-08-31T17:38:52.365352+00:00,/games,1.3
401628490,2024,4,regular,2024-09-22T00:00:00.000Z,False,True,False,False,44500,3615,"Alumni Stadium (Chestnut Hill, MA)",103,Boston College,fbs,ACC,23,"[0, 6, 10, 7]",0.8726267346453923,1470,1472,127,Michigan State,fbs,Big Ten,19,"[3, 10, 3, 3]",0.1273732653546077,1425,1423,7.9665974973,,,,CollegeFootballData.com API,2026-08-31T17:38:52.365352+00:00,/games,1.3
401628371,2024,4,regular,2024-09-22T00:00:00.000Z,False,True,False,False,102850,3910,DKR-Texas Memorial Stadium,251,Texas,fbs,SEC,51,"[21, 7, 9, 14]",0.9988528992940259,2068,2107,2433,UL Monroe,fbs,Sun Belt,3,"[0, 3, 0, 0]",0.0011471007059741245,1249,1210,2.860845681,,,,CollegeFootballData.com API,2026-08-31T17:38:52.365352+00:00,/games,1.3
401636874,2024,4,regular,2024-09-22T00:00:00.000Z,False,True,False,True,52794,3726,Folsom Field,38,Colorado,fbs,Big 12,38,"[7, 10, 7, 7, 7]",0.3460821362347709,1349,1368,239,Baylor,fbs,Big 12,31,"[3, 21, 0, 7, 0]",0.6539178637652291,1507,1488,8.3588579146,,,,CollegeFootballData.com API,2026-08-31T17:38:52.365352+00:00,/games,1.3
401643711,2024,4,regular,2024-09-22T00:30:00.000Z,False,True,False,True,18019,3971,University Stadium (NM),167,New Mexico,fbs,Mountain West,21,"[3, 7, 0, 11]",0.27411160912413174,1196,1201,278,Fresno State,fbs,Mountain West,38,"[8, 17, 3, 10]",0.7258883908758682,1680,1675,3.2033767502,,,,CollegeFootballData.com API,2026-08-31T17:38:52.365352+00:00,/games,1.3
401643717,2024,4,regular,2024-09-22T00:30:00.000Z,False,True,False,False,34340,3893,Reser Stadium,204,Oregon State,fbs,Pac-12,38,"[7, 10, 7, 14]",0.9518488125411446,1604,1619,2509,Purdue,fbs,Big Ten,21,"[0, 7, 0, 14]",0.04815118745885538,1358,1343,5.2980932528,,,,CollegeFootballData.com API,2026-08-31T17:38:52.365352+00:00,/games,1.3
401637162,2024,4,regular,2024-09-22T01:45:00.000Z,False,True,False,False,36972,3653,Albertsons Stadium,68,Boise State,fbs,Mountain West,56,"[7, 21, 14, 14]",0.9988357251894284,1636,1636,2502,Portland State,fcs,Big Sky,14,"[7, 0, 0, 7]",0.001164274810571575,,,3.2805577738,,,,CollegeFootballData.com API,2026-08-31T17:38:52.365352+00:00,/games,1.3
401636872,2024,4,regular,2024-09-22T02:30:00.000Z,False,True,False,True,64201,3801,LaVell Edwards Stadium,252,BYU,fbs,Big 12,38,"[0, 17, 14, 7]",0.3460414914488405,1472,1600,2306,Kansas State,fbs,Big 12,9,"[3, 3, 3, 0]",0.6539585085511594,1842,1714,4.0025471772,,,,CollegeFootballData.com API,2026-08-31T17:38:52.365352+00:00,/games,1.3
401643712,2024,4,regular,2024-09-22T03:59:00.000Z,False,True,False,False,11402,7220,Clarence T.C. Ching Athletics Complex,62,Hawai'i,fbs,Mountain West,36,"[15, 7, 7, 7]",0.9977768458348251,1211,1211,2460,Northern Iowa,fcs,MVFC,7,"[0, 7, 0, 0]",0.0022231541651749342,,,3.2067678244,,,,CollegeFootballData.com API,2026-08-31T17:38:52.365352+00:00,/games,1.3
401645331,2024,5,regular,2024-09-26T23:30:00.000Z,False,True,False,True,13255,3806,Lincoln Financial Field,218,Temple,fbs,American Athletic,14,"[0, 0, 6, 8]",0.0006732126221154471,1141,1106,349,Army,fbs,American Athletic,42,"[7, 7, 14, 14]",0.9993267873778846,1499,1534,2.4520747902,,,,CollegeFootballData.com API,2026-08-31T17:38:52.365352+00:00,/games,1.3
401634767,2024,5,regular,2024-09-27T23:30:00.000Z,False,True,False,True,59539,3948,Hard Rock Stadium,2390,Miami,fbs,ACC,38,"[14, 3, 7, 14]",0.8207452615666921,1837,1834,259,Virginia Tech,fbs,ACC,34,"[7, 17, 3, 7]",0.17925473843330786,1614,1617,7.1089230036,,,,CollegeFootballData.com API,2026-08-31T17:38:52.365352+00:00,/games,1.3
401628501,2024,5,regular,2024-09-28T00:00:00.000Z,False,True,False,True,54079,6577,SHI Stadium,164,Rutgers,fbs,Big Ten,21,"[0, 14, 0, 7]",0.2796311771252414,1523,1527,264,Washington,fbs,Big Ten,18,"[3, 0, 7, 8]",0.7203688228747587,1766,1762,5.3588755655,,,,CollegeFootballData.com API,2026-08-31T17:38:52.365352+00:00,/games,1.3
401636880,2024,5,regular,2024-09-28T16:00:00.000Z,False,True,False,True,39583,4727,McLane Stadium,239,Baylor,fbs,Big 12,28,"[7, 7, 7, 7]",0.2634776024180266,1488,1485,252,BYU,fbs,Big 12,34,"[21, 10, 3, 0]",0.7365223975819735,1600,1603,4.6384675945,,,,CollegeFootballData.com API,2026-08-31T17:38:52.365352+00:00,/games,1.3
401628497,2024,5,regular,2024-09-28T16:00:00.000Z,False,True,False,True,110340,3558,Michigan Stadium,130,Michigan,fbs,Big Ten,27,"[7, 14, 3, 3]",0.8368064978953907,1910,1906,135,Minnesota,fbs,Big Ten,24,"[0, 3, 0, 21]",0.16319350210460926,1502,1506,4.5968774706,,,,CollegeFootballData.com API,2026-08-31T17:38:52.365352+00:00,/games,1.3
401628496,2024,5,regular,2024-09-28T16:00:00.000Z,False,True,False,True,48323,3830,"Memorial Stadium (Bloomington, IN)",84,Indiana,fbs,Big Ten,42,"[0, 14, 14, 14]",0.9900167186508116,1592,1628,120,Maryland,fbs,Big Ten,28,"[0, 7, 14, 7]",0.009983281349188355,1678,1642,9.5697028927,,,,CollegeFootballData.com API,2026-08-31T17:38:52.365352+00:00,/games,1.3
401645337,2024,5,regular,2024-09-28T16:00:00.000Z,False,True,False,True,20783,4729,Yulman Stadium,2655,Tulane,fbs,American Athletic,45,"[14, 17, 0, 14]",0.9989238107224483,1576,1653,58,South Florida,fbs,American Athletic,10,"[0, 7, 3, 0]",0.001076189277551709,1413,1336,2.8602920152,,,,CollegeFootballData.com API,2026-08-31T17:38:52.365352+00:00,/games,1.3
401629032,2024,5,regular,2024-09-28T16:00:00.000Z,False,True,False,False,20347,3892,Pratt & Whitney Stadium,41,UConn,fbs,FBS Independents,47,"[10, 13, 14, 10]",0.9986057117476549,1297,1441,2084,Buffalo,fbs,Mid-American,3,"[0, 3, 0, 0]",0.0013942882523451106,1372,1228,3.1734859026,,,,CollegeFootballData.com API,2026-08-31T17:38:52.365352+00:00,/games,1.3
401628499,2024,5,regular,2024-09-28T16:00:00.000Z,False,True,False,True,61441,3907,Ross-Ade Stadium,2509,Purdue,fbs,Big Ten,10,"[0, 0, 3, 7]",0.007497810628081133,1343,1322,158,Nebraska,fbs,Big Ten,28,"[0, 0, 7, 21]",0.9925021893719189,1570,1591,4.3493917902,,,,CollegeFootballData.com API,2026-08-31T17:38:52.365352+00:00,/games,1.3
401645332,2024,5,regular,2024-09-28T16:00:00.000Z,False,True,False,True,21536,7221,Protective Stadium,5,UAB,fbs,American Athletic,18,"[0, 3, 7, 8]",0.009568800253246804,1265,1226,2426,Navy,fbs,American Athletic,41,"[7, 14, 10, 10]",0.9904311997467532,1451,1490,2.2221170068,,,,CollegeFootballData.com API,2026-08-31T17:38:52.365352+00:00,/games,1.3
401628377,2024,5,regular,2024-09-28T16:00:00.000Z,False,True,False,True,,3974,Vaught-Hemingway Stadium,145,Ole Miss,fbs,SEC,17,"[7, 0, 10, 0]",0.5076055341165858,1879,1861,96,Kentucky,fbs,SEC,20,"[3, 7, 3, 7]",0.4923944658834142,1668,1686,8.5683895645,,,,CollegeFootballData.com API,2026-08-31T17:38:52.365352+00:00,/games,1.3
401635560,2024,5,regular,2024-09-28T16:00:00.000Z,False,True,False,False,41403,3615,"Alumni Stadium (Chestnut Hill, MA)",103,Boston College,fbs,ACC,21,"[0, 7, 0, 14]",0.4690952053969081,1472,1471,98,Western Kentucky,fbs,Conference USA,20,"[7, 10, 3, 0]",0.5309047946030919,1409,1410,5.6916084438,,,,CollegeFootballData.com API,2026-08-31T17:38:52.365352+00:00,/games,1.3
401635565,2024,5,regular,2024-09-28T16:00:00.000Z,False,True,False,False,43455,1964,JMA Wireless Dome,183,Syracuse,fbs,ACC,42,"[14, 14, 7, 7]",0.9969186912232494,1379,1379,107,Holy Cross,fcs,Patriot,14,"[0, 14, 0, 0]",0.003081308776750613,,,4.1831330814,,,,CollegeFootballData.com API,2026-08-31T17:38:52.365352+00:00,/games,1.3
401636883,2024,5,regular,2024-09-28T16:00:00.000Z,False,True,False,True,,3636,Bill Snyder Family Stadium,2306,Kansas State,fbs,Big 12,42,"[7, 14, 14, 7]",0.9987864344506733,1714,1754,197,Oklahoma State,fbs,Big 12,20,"[3, 10, 0, 7]",0.0012135655493267228,1593,1553,4.3914478852,,,,CollegeFootballData.com API,2026-08-31T17:38:52.365352+00:00,/games,1.3
401635564,2024,5,regular,2024-09-28T16:00:00.000Z,False,True,False,False,56919,3670,Carter-Finley Stadium,152,NC State,fbs,ACC,24,"[7, 10, 7, 0]",0.18919331608993545,1478,1487,2459,Northern Illinois,fbs,Mid-American,17,"[7, 7, 0, 3]",0.8108066839100645,1464,1455,6.228092864,,,,CollegeFootballData.com API,2026-08-31T17:38:52.365352+00:00,/games,1.3
401643793,2024,5,regular,2024-09-28T17:30:00.000Z,False,True,False,False,25786,3651,Bridgeforth Stadium,256,James Madison,fbs,Sun Belt,63,"[22, 7, 20, 14]",0.9989244133362886,1734,1830,2050,Ball State,fbs,Mid-American,7,"[7, 0, 0, 0]",0.0010755866637114364,1184,1088,2.9560341032,,,,CollegeFootballData.com API,2026-08-31T17:38:52.365352+00:00,/games,1.3
401641041,2024,5,regular,2024-09-28T19:00:00.000Z,False,True,True,False,27225,3891,NRG Stadium,2534,Sam Houston,fbs,Conference USA,40,"[0, 21, 13, 6]",0.37425486457436213,1435,1439,326,Texas State,fbs,Sun Belt,39,"[22, 10, 7, 0]",0.6257451354256378,1538,1534,6.5419499861,,,,CollegeFootballData.com API,2026-08-31T17:38:52.365352+00:00,/games,1.3
401643720,2024,5,regular,2024-09-28T19:30:00.000Z,False,True,False,True,24638,6501,Allegiant Stadium,2439,UNLV,fbs,Mountain West,59,"[14, 7, 10, 28]",0.9989392775772092,1544,1701,278,Fresno State,fbs,Mountain West,14,"[0, 0, 7, 7]",0.0010607224227907608,1675,1518,3.1184691701,,,,CollegeFootballData.com API,2026-08-31T17:38:52.365352+00:00,/games,1.3
401635659,2024,5,regular,2024-09-28T19:30:00.000Z,False,True,False,False,31061,3630,Allegacy Federal Credit Union Stadium,154,Wake Forest,fbs,ACC,38,"[3, 14, 14, 7]",0.3500751768896691,1370,1376,309,Louisiana,fbs,Sun Belt,41,"[14, 7, 10, 10]",0.649924823110331,1543,1537,6.8106814771,,,,CollegeFootballData.com API,2026-08-31T17:38:52.365352+00:00,/games,1.3
401644739,2024,5,regular,2024-09-28T19:30:00.000Z,False,True,False,True,10899,3696,Dix Stadium,2309,Kent State,fbs,Mid-American,33,"[7, 7, 7, 12]",0.436458240220723,932,922,2199,Eastern Michigan,fbs,Mid-American,52,"[7, 14, 17, 14]",0.563541759779277,1300,1310,4.5831484742,,,,CollegeFootballData.com API,2026-08-31T17:38:52.365352+00:00,/games,1.3
401640992,2024,5,regular,2024-09-28T19:30:00.000Z,False,False,False,False,,3792,Kidd Brewer Stadium,2026,App State,fbs,Sun Belt,,,,1209,,2335,Liberty,fbs,Conference USA,,,,1703,,,,,,CollegeFootballData.com API,2026-08-31T17:38:52.365352+00:00,/games,1.3
401644738,2024,5,regular,2024-09-28T19:30:00.000Z,False,True,False,True,21265,3876,Peden Stadium,195,Ohio,fbs,Mid-American,30,"[0, 14, 2, 14]",0.9988883496426145,1401,1414,2006,Akron,fbs,Mid-American,10,"[3, 7, 0, 0]",0.0011116503573854741,1053,1040,7.8248100423,,,,CollegeFootballData.com API,2026-08-31T17:38:52.365352+00:00,/games,1.3
401628980,2024,5,regular,2024-09-28T19:30:00.000Z,False,True,False,False,77622,3855,Notre Dame Stadium,87,Notre Dame,fbs,FBS Independents,31,"[21, 3, 0, 7]",0.8595368472597268,2000,1994,97,Louisville,fbs,ACC,24,"[7, 7, 0, 10]",0.1404631527402732,1711,1717,7.3478032351,,,,CollegeFootballData.com API,2026-08-31T17:38:52.365352+00:00,/games,1.3
401636885,2024,5,regular,2024-09-28T19:30:00.000Z,False,True,False,True,45702,3652,FBC Mortgage Stadium,2116,UCF,fbs,Big 12,21,"[7, 7, 7, 0]",0.026031875809581936,1642,1531,38,Colorado,fbs,Big 12,48,"[14, 13, 14, 7]",0.9739681241904181,1368,1479,3.6069366226,,,,CollegeFootballData.com API,2026-08-31T17:38:52.365352+00:00,/games,1.3
401636882,2024,5,regular,2024-09-28T19:30:00.000Z,False,True,True,True,47928,3622,GEHA Field at Arrowhead Stadium,2305,Kansas,fbs,Big 12,27,"[14, 3, 7, 3]",0.026585959803630637,1598,1575,2628,TCU,fbs,Big 12,38,"[7, 14, 7, 10]",0.9734140401963693,1528,1551,6.4918006772,,,,CollegeFootballData.com API,2026-08-31T17:38:52.365352+00:00,/games,1.3
401629043,2024,5,regular,2024-09-28T19:30:00.000Z,False,True,False,False,9542,3996,Yager Stadium,193,Miami (OH),fbs,Mid-American,23,"[7, 3, 7, 3, 3]",0.7346411537664426,1450,1446,113,Massachusetts,fbs,FBS Independents,20,"[7, 3, 0, 10, 0]",0.26535884623355743,1063,1067,7.1370501518,,,,CollegeFootballData.com API,2026-08-31T17:38:52.365352+00:00,/games,1.3
401628502,2024,5,regular,2024-09-28T19:30:00.000Z,False,True,False,True,74118,477,Los Angeles Memorial Coliseum,30,USC,fbs,Big Ten,38,"[7, 3, 14, 14]",0.9971495878359863,1769,1786,275,Wisconsin,fbs,Big Ten,21,"[7, 14, 0, 0]",0.002850412164013716,1553,1536,6.8040912705,,,,CollegeFootballData.com API,2026-08-31T17:38:52.365352+00:00,/games,1.3
401628375,2024,5,regular,2024-09-28T19:30:00.000Z,False,True,False,True,88043,3785,Jordan-Hare Stadium,2,Auburn,fbs,SEC,21,"[0, 14, 0, 7]",0.42386205342807326,1537,1547,201,Oklahoma,fbs,SEC,27,"[7, 0, 3, 17]",0.5761379465719267,1837,1827,5.7449637367,,,,CollegeFootballData.com API,2026-08-31T17:38:52.365352+00:00,/games,1.3
401643794,2024,5,regular,2024-09-28T19:30:00.000Z,False,True,False,False,18723,3775,Joan C. Edwards Stadium,276,Marshall,fbs,Sun Belt,27,"[7, 10, 3, 7]",0.9823881995672694,1360,1362,2711,Western Michigan,fbs,Mid-American,20,"[3, 0, 14, 3]",0.017611800432730584,1222,1220,6.6872778536,,,,CollegeFootballData.com API,2026-08-31T17:38:52.365352+00:00,/games,1.3
401643792,2024,5,regular,2024-09-28T19:30:00.000Z,False,True,False,True,18808,4246,Center Parc Stadium,2247,Georgia State,fbs,Sun Belt,21,"[7, 0, 14, 0]",0.002047395025722414,1371,1325,290,Georgia Southern,fbs,Sun Belt,38,"[14, 10, 7, 7]",0.9979526049742776,1324,1370,4.6404781078,,,,CollegeFootballData.com API,2026-08-31T17:38:52.365352+00:00,/games,1.3
401643721,2024,5,regular,2024-09-28T19:30:00.000Z,False,True,False,False,27072,3786,Kelly/Shorts Stadium,2117,Central Michigan,fbs,Mid-American,22,"[10, 3, 6, 3]",0.17200744568967752,1174,1180,21,San Diego State,fbs,Mountain West,21,"[7, 14, 0, 0]",0.8279925543103225,1350,1344,6.3296454169,,,,CollegeFootballData.com API,2026-08-31T17:38:52.365352+00:00,/games,1.3
401628373,2024,5,regular,2024-09-28T19:30:00.000Z,False,True,True,True,60928,3687,AT&T Stadium,245,Texas A&M,fbs,SEC,21,"[7, 7, 0, 7]",0.36803582088856224,1685,1683,8,Arkansas,fbs,SEC,17,"[14, 0, 0, 3]",0.6319641791114378,1483,1485,9.688058168,,,,CollegeFootballData.com API,2026-08-31T17:38:52.365352+00:00,/games,1.3
401635562,2024,5,regular,2024-09-28T20:00:00.000Z,False,True,False,True,35018,3982,Wallace Wade Stadium,150,Duke,fbs,ACC,21,"[0, 0, 7, 14]",0.3894131779752124,1623,1621,153,North Carolina,fbs,ACC,20,"[10, 7, 3, 0]",0.6105868220247876,1519,1521,7.3809862953,,,,CollegeFootballData.com API,2026-08-31T17:38:52.365352+00:00,/games,1.3
401645334,2024,5,regular,2024-09-28T20:00:00.000Z,False,True,False,True,41851,3699,Dowdy-Ficklen Stadium,151,East Carolina,fbs,American Athletic,30,"[3, 7, 14, 6]",0.7986397981544012,1407,1423,2636,UTSA,fbs,American Athletic,20,"[10, 3, 0, 7]",0.20136020184559877,1390,1374,8.4247793035,,,,CollegeFootballData.com API,2026-08-31T17:38:52.365352+00:00,/games,1.3
401628378,2024,5,regular,2024-09-28T20:15:00.000Z,False,True,False,True,101388,3910,DKR-Texas Memorial Stadium,251,Texas,fbs,SEC,35,"[7, 7, 7, 14]",0.9985122659942977,2107,2091,344,Mississippi State,fbs,SEC,13,"[0, 6, 0, 7]",0.0014877340057023458,1355,1371,5.1491934959,,,,CollegeFootballData.com API,2026-08-31T17:38:52.365352+00:00,/games,1.3
401643795,2024,5,regular,2024-09-28T21:00:00.000Z,False,True,False,False,19140,3700,Doyt L. Perry Stadium,189,Bowling Green,fbs,Mid-American,27,"[7, 7, 7, 6]",0.6420936325405732,1448,1439,295,Old Dominion,fbs,Sun Belt,30,"[14, 3, 0, 13]",0.35790636745942683,1368,1377,9.1728984123,,,,CollegeFootballData.com API,2026-08-31T17:38:52.365352+00:00,/games,1.3
401645335,2024,5,regular,2024-09-28T22:00:00.000Z,False,True,False,False,21151,3715,FAU Stadium,2226,Florida Atlantic,fbs,American Athletic,41,"[10, 7, 10, 14]",0.9987541624897803,1295,1295,2681,Wagner,fcs,NEC,10,"[0, 10, 0, 0]",0.0012458375102196717,,,4.8461161395,,,,CollegeFootballData.com API,2026-08-31T17:38:52.365352+00:00,/games,1.3
401640981,2024,5,regular,2024-09-28T22:00:00.000Z,False,True,True,True,12425,2031,Pitbull Stadium,2229,Florida International,fbs,Conference USA,17,"[7, 0, 7, 3]",0.7814293689581259,1241,1257,2348,Louisiana Tech,fbs,Conference USA,10,"[0, 0, 10, 0]",0.21857063104187413,1239,1223,7.2473046483,,,,CollegeFootballData.com API,2026-08-31T17:38:52.365352+00:00,/games,1.3
401641018,2024,5,regular,2024-09-28T22:00:00.000Z,False,True,False,False,,4899,Fifth Third Stadium,338,Kennesaw State,fbs,Conference USA,13,"[0, 10, 0, 3]",0.04227476802433221,1384,1384,2630,UT Martin,fcs,Big South-OVC,24,"[0, 10, 14, 0]",0.9577252319756678,,,4.4773789348,,,,CollegeFootballData.com API,2026-08-31T17:38:52.365352+00:00,/games,1.3
401643796,2024,5,regular,2024-09-28T23:00:00.000Z,False,True,False,True,21253,3975,Veterans Memorial Stadium (AL),2653,Troy,fbs,Sun Belt,9,"[3, 3, 0, 3]",0.8422302320638168,1534,1504,2433,UL Monroe,fbs,Sun Belt,13,"[3, 0, 3, 7]",0.15776976793618325,1210,1240,5.5552324653,,,,CollegeFootballData.com API,2026-08-31T17:38:52.365352+00:00,/games,1.3
401635561,2024,5,regular,2024-09-28T23:00:00.000Z,False,True,False,True,80295,3836,"Memorial Stadium (Clemson, SC)",228,Clemson,fbs,ACC,40,"[10, 7, 10, 13]",0.950885889669523,1790,1805,24,Stanford,fbs,ACC,14,"[0, 7, 0, 7]",0.04911411033047697,1303,1288,3.8907327551,,,,CollegeFootballData.com API,2026-08-31T17:38:52.365352+00:00,/games,1.3
401645336,2024,5,regular,2024-09-28T23:00:00.000Z,False,True,False,True,18529,3825,DATCU Stadium,249,North Texas,fbs,American Athletic,52,"[0, 24, 21, 7]",0.9988225504813045,1403,1464,202,Tulsa,fbs,American Athletic,20,"[0, 3, 0, 17]",0.0011774495186954725,1193,1132,5.2818570579,,,,CollegeFootballData.com API,2026-08-31T17:38:52.365352+00:00,/games,1.3
401636881,2024,5,regular,2024-09-28T23:00:00.000Z,False,True,False,True,25138,4728,TDECU Stadium,248,Houston,fbs,Big 12,0,"[0, 0, 0, 0]",0.024352434845487755,1366,1352,66,Iowa State,fbs,Big 12,20,"[3, 0, 7, 10]",0.9756475651545122,1718,1732,4.7937785895,,,,CollegeFootballData.com API,2026-08-31T17:38:52.365352+00:00,/games,1.3
401645333,2024,5,regular,2024-09-28T23:00:00.000Z,False,True,False,True,17455,3895,Rice Stadium,242,Rice,fbs,American Athletic,20,"[0, 10, 0, 10]",0.48756540856605285,1225,1219,2429,Charlotte,fbs,American Athletic,21,"[0, 0, 14, 7]",0.5124345914339472,1122,1128,8.1735271205,,,,CollegeFootballData.com API,2026-08-31T17:38:52.365352+00:00,/games,1.3
401641025,2024,5,regular,2024-09-28T23:30:00.000Z,False,True,False,False,25266,3805,Simmons Bank Liberty Stadium,235,Memphis,fbs,American Athletic,24,"[0, 14, 10, 0]",0.8038560702855952,1597,1598,2393,Middle Tennessee,fbs,Conference USA,7,"[0, 0, 7, 0]",0.19614392971440475,1182,1181,4.7352676058,,,,CollegeFootballData.com API,2026-08-31T17:38:52.365352+00:00,/games,1.3
401628495,2024,5,regular,2024-09-28T23:30:00.000Z,False,True,False,True,109911,3632,Beaver Stadium,213,Penn State,fbs,Big Ten,21,"[7, 0, 7, 7]",0.9829728595026391,1905,1905,356,Illinois,fbs,Big Ten,7,"[7, 0, 0, 0]",0.01702714049736087,1551,1551,5.4468011451,,,,CollegeFootballData.com API,2026-08-31T17:38:52.365352+00:00,/games,1.3
401628374,2024,5,regular,2024-09-28T23:30:00.000Z,False,True,False,True,100077,3657,Bryant-Denny Stadium,333,Alabama,fbs,SEC,41,"[21, 9, 3, 8]",0.932477756510748,2046,2056,61,Georgia,fbs,SEC,34,"[0, 7, 8, 19]",0.06752224348925195,2046,2036,5.7366653406,,,,CollegeFootballData.com API,2026-08-31T17:38:52.365352+00:00,/games,1.3
401628498,2024,5,regular,2024-09-28T23:30:00.000Z,False,True,False,True,71114,3936,Spartan Stadium,127,Michigan State,fbs,Big Ten,7,"[0, 7, 0, 0]",0.009834608439806833,1423,1407,194,Ohio State,fbs,Big Ten,38,"[3, 21, 14, 0]",0.9901653915601931,2038,2054,2.1228177002,,,,CollegeFootballData.com API,2026-08-31T17:38:52.365352+00:00,/games,1.3
401628376,2024,5,regular,2024-09-28T23:45:00.000Z,False,True,False,False,102143,3958,Tiger Stadium (LA),99,LSU,fbs,SEC,42,"[21, 14, 0, 7]",0.9880716871609392,1805,1874,6,South Alabama,fbs,Sun Belt,10,"[0, 3, 7, 0]",0.011928312839060817,1657,1588,2.0744288057,,,,CollegeFootballData.com API,2026-08-31T17:38:52.365352+00:00,/games,1.3
401641035,2024,5,regular,2024-09-29T00:00:00.000Z,False,True,False,False,21062,3601,Aggie Memorial Stadium,166,New Mexico State,fbs,Conference USA,40,"[7, 3, 7, 23]",0.04136263442755955,1265,1238,167,New Mexico,fbs,Mountain West,50,"[7, 14, 9, 20]",0.9586373655724405,1201,1228,3.8931490083,,,,CollegeFootballData.com API,2026-08-31T17:38:52.365352+00:00,/games,1.3
401643718,2024,5,regular,2024-09-29T00:00:00.000Z,False,True,False,True,23068,3984,War Memorial Stadium,2751,Wyoming,fbs,Mountain West,31,"[7, 0, 14, 10]",0.8057763429521136,1245,1286,2005,Air Force,fbs,Mountain West,19,"[0, 13, 0, 6]",0.19422365704788636,1459,1418,6.004756406,,,,CollegeFootballData.com API,2026-08-31T17:38:52.365352+00:00,/games,1.3
401635563,2024,5,regular,2024-09-29T00:00:00.000Z,False,True,False,True,34879,3735,Gerald J. Ford Stadium,2567,SMU,fbs,ACC,42,"[7, 7, 14, 14]",0.9984452053229043,1700,1755,52,Florida State,fbs,ACC,16,"[7, 2, 7, 0]",0.0015547946770957388,1599,1544,5.9469139787,,,,CollegeFootballData.com API,2026-08-31T17:38:52.365352+00:00,/games,1.3
401636884,2024,5,regular,2024-09-29T00:00:00.000Z,False,True,False,True,60229,3784,Jones AT&T Stadium,2641,Texas Tech,fbs,Big 12,44,"[10, 14, 10, 10]",0.6728453484915969,1628,1628,2132,Cincinnati,fbs,Big 12,41,"[14, 10, 3, 14]",0.32715465150840306,1529,1529,6.94809489,,,,CollegeFootballData.com API,2026-08-31T17:38:52.365352+00:00,/games,1.3
401643719,2024,5,regular,2024-09-29T02:00:00.000Z,False,True,False,False,37711,3653,Albertsons Stadium,68,Boise State,fbs,Mountain West,45,"[7, 10, 7, 21]",0.9954413148152679,1631,1677,265,Washington State,fbs,Pac-12,24,"[7, 3, 0, 14]",0.004558685184732125,1596,1550,6.1697474003,,,,CollegeFootballData.com API,2026-08-31T17:38:52.365352+00:00,/games,1.3
401636886,2024,5,regular,2024-09-29T02:15:00.000Z,False,True,False,True,52898,587,Rice-Eccles Stadium,254,Utah,fbs,Big 12,10,"[0, 3, 0, 7]",0.10144441304707315,1633,1607,12,Arizona,fbs,Big 12,23,"[3, 7, 6, 7]",0.8985555869529268,1668,1694,4.2397863389,,,,CollegeFootballData.com API,2026-08-31T17:38:52.365352+00:00,/games,1.3
401628500,2024,5,regular,2024-09-29T03:00:00.000Z,False,True,False,True,43051,1056,Rose Bowl,26,UCLA,fbs,Big Ten,13,"[3, 7, 3, 0]",0.010279806711309637,1449,1449,2483,Oregon,fbs,Big Ten,34,"[7, 21, 0, 6]",0.9897201932886903,1974,1974,2.682969671,,,,CollegeFootballData.com API,2026-08-31T17:38:52.365352+00:00,/games,1.3
401643797,2024,6,regular,2024-10-03T23:00:00.000Z,False,True,False,True,20349,3975,Veterans Memorial Stadium (AL),2653,Troy,fbs,Sun Belt,17,"[0, 10, 7, 0]",0.15409304049935388,1504,1454,326,Texas State,fbs,Sun Belt,38,"[14, 14, 10, 0]",0.8459069595006461,1534,1584,2.6453458217,,,,CollegeFootballData.com API,2026-08-31T17:38:52.365352+00:00,/games,1.3
401641029,2024,6,regular,2024-10-04T01:00:00.000Z,False,True,False,True,14454,3946,Sun Bowl,2638,UTEP,fbs,Conference USA,21,"[0, 7, 7, 7]",0.006751532371953858,1206,1181,2534,Sam Houston,fbs,Conference USA,41,"[7, 10, 21, 3]",0.9932484676280462,1439,1464,3.5368655542,,,,CollegeFootballData.com API,2026-08-31T17:38:52.365352+00:00,/games,1.3
401641001,2024,6,regular,2024-10-04T23:00:00.000Z,False,True,False,True,10029,4899,Fifth Third Stadium,338,Kennesaw State,fbs,Conference USA,24,"[3, 14, 0, 7]",0.08121356033334157,1388,1281,55,Jacksonville State,fbs,Conference USA,63,"[7, 14, 21, 21]",0.9187864396666584,1453,1560,3.725170872,,,,CollegeFootballData.com API,2026-08-31T17:38:52.365352+00:00,/games,1.3
401636891,2024,6,regular,2024-10-04T23:30:00.000Z,False,True,False,True,44211,3616,Amon G. Carter Stadium,2628,TCU,fbs,Big 12,19,"[0, 6, 6, 7]",0.0811553352620264,1551,1508,248,Houston,fbs,Big 12,30,"[7, 17, 0, 6]",0.9188446647379735,1352,1395,3.0999034496,,,,CollegeFootballData.com API,2026-08-31T17:38:52.365352+00:00,/games,1.3
401628506,2024,6,regular,2024-10-05T01:00:00.000Z,False,True,False,True,59802,3626,Autzen Stadium,2483,Oregon,fbs,Big Ten,31,"[7, 14, 3, 7]",0.9935499233498072,1974,1971,127,Michigan State,fbs,Big Ten,10,"[0, 0, 0, 10]",0.006450076650192815,1407,1410,3.5938577823,,,,CollegeFootballData.com API,2026-08-31T17:38:52.365352+00:00,/games,1.3
401634779,2024,6,regular,2024-10-05T01:00:00.000Z,False,True,False,False,31329,6501,Allegiant Stadium,2439,UNLV,fbs,Mountain West,41,"[0, 21, 10, 7, 3]",0.9875073669077074,1701,1675,183,Syracuse,fbs,ACC,44,"[14, 3, 14, 7, 6]",0.012492633092292649,1378,1404,7.9048309471,,,,CollegeFootballData.com API,2026-08-31T17:38:52.365352+00:00,/games,1.3
401635567,2024,6,regular,2024-10-05T16:00:00.000Z,False,True,False,True,38285,3923,Scott Stadium,258,Virginia,fbs,ACC,24,"[0, 6, 0, 18]",0.4938901368867562,1389,1412,103,Boston College,fbs,ACC,14,"[7, 7, 0, 0]",0.5061098631132438,1471,1448,6.6243461073,,,,CollegeFootballData.com API,2026-08-31T17:38:52.365352+00:00,/games,1.3
401629044,2024,6,regular,2024-10-05T16:00:00.000Z,False,True,False,False,12466,3764,Huskie Stadium,2459,Northern Illinois,fbs,Mid-American,34,"[7, 0, 6, 21]",0.9954385438836776,1455,1452,113,Massachusetts,fbs,FBS Independents,20,"[7, 6, 0, 7]",0.004561456116322415,1067,1070,6.4049143498,,,,CollegeFootballData.com API,2026-08-31T17:38:52.365352+00:00,/games,1.3
401635571,2024,6,regular,2024-10-05T16:00:00.000Z,False,True,False,True,50254,3873,L&N Federal Credit Union Stadium,97,Louisville,fbs,ACC,27,"[10, 3, 14, 0]",0.12259642780226156,1717,1707,2567,SMU,fbs,ACC,34,"[14, 10, 3, 7]",0.8774035721977385,1755,1765,7.163661777,,,,CollegeFootballData.com API,2026-08-31T17:38:52.365352+00:00,/games,1.3
401643722,2024,6,regular,2024-10-05T16:00:00.000Z,False,True,False,False,39441,3713,Falcon Stadium,2005,Air Force,fbs,Mountain West,7,"[0, 7, 0, 0]",0.05184426176894664,1418,1353,2426,Navy,fbs,American Athletic,34,"[14, 7, 6, 7]",0.9481557382310534,1490,1555,1.894636792,,,,CollegeFootballData.com API,2026-08-31T17:38:52.365352+00:00,/games,1.3
401635572,2024,6,regular,2024-10-05T16:00:00.000Z,False,True,False,True,46033,3787,Kenan Stadium,153,North Carolina,fbs,ACC,24,"[7, 10, 7, 0]",0.08994281640453619,1521,1497,221,Pittsburgh,fbs,ACC,34,"[3, 14, 7, 10]",0.9100571835954638,1488,1512,7.4430200756,,,,CollegeFootballData.com API,2026-08-31T17:38:52.365352+00:00,/games,1.3
401635638,2024,6,regular,2024-10-05T16:00:00.000Z,False,True,False,True,56919,3670,Carter-Finley Stadium,152,NC State,fbs,ACC,30,"[3, 13, 7, 7]",0.686979207588141,1487,1473,154,Wake Forest,fbs,ACC,34,"[10, 7, 3, 14]",0.313020792411859,1376,1390,7.0816037197,,,,CollegeFootballData.com API,2026-08-31T17:38:52.365352+00:00,/games,1.3
401628383,2024,6,regular,2024-10-05T16:00:00.000Z,False,True,False,True,97049,3795,Kyle Field,245,Texas A&M,fbs,SEC,41,"[10, 14, 10, 7]",0.9988618929265699,1683,1781,142,Missouri,fbs,SEC,10,"[0, 0, 7, 3]",0.0011381070734300947,1790,1692,2.4205755334,,,,CollegeFootballData.com API,2026-08-31T17:38:52.365352+00:00,/games,1.3
401628509,2024,6,regular,2024-10-05T16:00:00.000Z,False,True,False,True,76091,347,Camp Randall Stadium,275,Wisconsin,fbs,Big Ten,52,"[14, 7, 21, 10]",0.9988566905205731,1536,1644,2509,Purdue,fbs,Big Ten,6,"[0, 6, 0, 0]",0.0011433094794268683,1322,1214,3.165178334,,,,CollegeFootballData.com API,2026-08-31T17:38:52.365352+00:00,/games,1.3
401628510,2024,6,regular,2024-10-05T16:00:00.000Z,False,True,False,True,110047,3632,Beaver Stadium,213,Penn State,fbs,Big Ten,27,"[0, 14, 10, 3]",0.9881167331327723,1905,1901,26,UCLA,fbs,Big Ten,11,"[0, 3, 0, 8]",0.011883266867227738,1449,1453,3.2668282196,,,,CollegeFootballData.com API,2026-08-31T17:38:52.365352+00:00,/games,1.3
401645339,2024,6,regular,2024-10-05T16:00:00.000Z,False,True,False,True,,3674,Chapman Stadium,202,Tulsa,fbs,American Athletic,7,"[7, 0, 0, 0]",0.0003178918284539511,1132,1060,349,Army,fbs,American Athletic,49,"[7, 14, 21, 7]",0.999682108171546,1534,1606,2.6035307253,,,,CollegeFootballData.com API,2026-08-31T17:38:52.365352+00:00,/games,1.3
401645338,2024,6,regular,2024-10-05T17:00:00.000Z,False,True,False,True,19724,7221,Protective Stadium,5,UAB,fbs,American Athletic,20,"[6, 0, 0, 14]",0.0005259456416550542,1226,1128,2655,Tulane,fbs,American Athletic,71,"[20, 17, 20, 14]",0.9994740543583449,1653,1751,1.5932468249,,,,CollegeFootballData.com API,2026-08-31T17:38:52.365352+00:00,/games,1.3
401644741,2024,6,regular,2024-10-05T18:00:00.000Z,False,True,False,True,10342,3919,Scheumann Stadium,2050,Ball State,fbs,Mid-American,42,"[14, 7, 14, 7]",0.42578317805850324,1088,1091,2711,Western Michigan,fbs,Mid-American,45,"[21, 0, 10, 14]",0.5742168219414967,1220,1217,5.4083795661,,,,CollegeFootballData.com API,2026-08-31T17:38:52.365352+00:00,/games,1.3
401644740,2024,6,regular,2024-10-05T19:30:00.000Z,False,True,False,True,9337,3768,InfoCision Stadium,2006,Akron,fbs,Mid-American,20,"[10, 0, 0, 10]",0.04462931906899563,1040,1055,189,Bowling Green,fbs,Mid-American,27,"[7, 10, 0, 10]",0.9553706809310044,1439,1424,7.5400355311,,,,CollegeFootballData.com API,2026-08-31T17:38:52.365352+00:00,/games,1.3
401644684,2024,6,regular,2024-10-05T19:30:00.000Z,False,True,False,True,25027,3739,Glass Bowl,2649,Toledo,fbs,Mid-American,30,"[14, 6, 3, 7]",0.9057294659383401,1565,1574,193,Miami (OH),fbs,Mid-American,20,"[3, 3, 7, 7]",0.09427053406165986,1446,1437,4.3592185682,,,,CollegeFootballData.com API,2026-08-31T17:38:52.365352+00:00,/games,1.3
401645340,2024,6,regular,2024-10-05T19:30:00.000Z,False,True,False,True,17102,4418,Jerry Richardson Stadium,2429,Charlotte,fbs,American Athletic,55,"[14, 17, 3, 21]",0.9738885644204506,1128,1253,151,East Carolina,fbs,American Athletic,24,"[3, 7, 7, 7]",0.026111435579549425,1423,1298,4.3002896284,,,,CollegeFootballData.com API,2026-08-31T17:38:52.365352+00:00,/games,1.3
401629033,2024,6,regular,2024-10-05T19:30:00.000Z,False,True,False,False,28921,3892,Pratt & Whitney Stadium,41,UConn,fbs,FBS Independents,29,"[3, 6, 7, 13]",0.9360119962351842,1441,1434,218,Temple,fbs,American Athletic,20,"[0, 7, 6, 7]",0.06398800376481584,1106,1113,11.3886983401,,,,CollegeFootballData.com API,2026-08-31T17:38:52.365352+00:00,/games,1.3
401628504,2024,6,regular,2024-10-05T19:30:00.000Z,False,True,False,True,105135,3861,Ohio Stadium,194,Ohio State,fbs,Big Ten,35,"[7, 0, 21, 7]",0.9984027844674853,2054,2080,2294,Iowa,fbs,Big Ten,7,"[0, 0, 0, 7]",0.0015972155325146842,1626,1600,3.5455149433,,,,CollegeFootballData.com API,2026-08-31T17:38:52.365352+00:00,/games,1.3
401628503,2024,6,regular,2024-10-05T19:30:00.000Z,False,True,True,True,12023,5960,Lanny and Sharon Martin Stadium,77,Northwestern,fbs,Big Ten,24,"[0, 10, 7, 7]",0.0018232646309650244,1493,1473,84,Indiana,fbs,Big Ten,41,"[7, 10, 7, 17]",0.998176735369035,1628,1648,4.5474735945,,,,CollegeFootballData.com API,2026-08-31T17:38:52.365352+00:00,/games,1.3
401628382,2024,6,regular,2024-10-05T19:30:00.000Z,False,True,False,True,79837,3994,Williams-Brice Stadium,2579,South Carolina,fbs,SEC,3,"[0, 3, 0, 0]",0.04410312984767961,1699,1654,145,Ole Miss,fbs,SEC,27,"[14, 10, 3, 0]",0.9558968701523204,1861,1906,2.2922238837,,,,CollegeFootballData.com API,2026-08-31T17:38:52.365352+00:00,/games,1.3
401643799,2024,6,regular,2024-10-05T19:30:00.000Z,False,True,False,True,28023,3775,Joan C. Edwards Stadium,276,Marshall,fbs,Sun Belt,52,"[7, 21, 10, 14]",0.9636293233549902,1362,1394,2026,App State,fbs,Sun Belt,37,"[3, 14, 7, 13]",0.036370676645009814,1366,1334,6.0777663141,,,,CollegeFootballData.com API,2026-08-31T17:38:52.365352+00:00,/games,1.3
401628381,2024,6,regular,2024-10-05T19:30:00.000Z,False,True,False,True,93033,3917,Sanford Stadium,61,Georgia,fbs,SEC,31,"[7, 7, 7, 10]",0.9274264938830571,2036,2033,2,Auburn,fbs,SEC,13,"[3, 0, 7, 3]",0.07257350611694291,1547,1550,4.5969947957,,,,CollegeFootballData.com API,2026-08-31T17:38:52.365352+00:00,/games,1.3
401635573,2024,6,regular,2024-10-05T19:30:00.000Z,False,True,False,True,36277,3940,Stanford Stadium,24,Stanford,fbs,ACC,7,"[0, 0, 7, 0]",0.03557608201719444,1288,1261,259,Virginia Tech,fbs,ACC,31,"[7, 7, 7, 10]",0.9644239179828056,1617,1644,2.2904037043,,,,CollegeFootballData.com API,2026-08-31T17:38:52.365352+00:00,/games,1.3
401628508,2024,6,regular,2024-10-05T20:00:00.000Z,False,True,False,True,87464,3834,"Memorial Stadium (Lincoln, NE)",158,Nebraska,fbs,Big Ten,14,"[7, 7, 0, 0]",0.993724974384019,1591,1597,164,Rutgers,fbs,Big Ten,7,"[0, 0, 0, 7]",0.006275025615981034,1527,1521,4.5514531358,,,,CollegeFootballData.com API,2026-08-31T17:38:52.365352+00:00,/games,1.3
401636890,2024,6,regular,2024-10-05T20:00:00.000Z,False,True,False,True,52202,3646,Boone Pickens Stadium,197,Oklahoma State,fbs,Big 12,14,"[0, 7, 0, 7]",0.007877304103749191,1553,1489,277,West Virginia,fbs,Big 12,38,"[10, 21, 0, 7]",0.9921226958962508,1546,1610,1.9380782632,,,,CollegeFootballData.com API,2026-08-31T17:38:52.365352+00:00,/games,1.3
401628384,2024,6,regular,2024-10-05T20:15:00.000Z,False,True,False,True,28934,3973,FirstBank Stadium,238,Vanderbilt,fbs,SEC,40,"[13, 10, 7, 10]",0.8807790275067171,1317,1359,333,Alabama,fbs,SEC,35,"[7, 7, 14, 7]",0.1192209724932829,2056,2014,7.6288286297,,,,CollegeFootballData.com API,2026-08-31T17:38:52.365352+00:00,/games,1.3
401643724,2024,6,regular,2024-10-05T22:30:00.000Z,False,True,False,False,46433,3893,Reser Stadium,204,Oregon State,fbs,Pac-12,39,"[0, 14, 0, 10, 7, 8]",0.5371609191611808,1619,1609,36,Colorado State,fbs,Mountain West,31,"[7, 3, 0, 14, 7, 0]",0.4628390808388192,1236,1246,9.3514269246,,,,CollegeFootballData.com API,2026-08-31T17:38:52.365352+00:00,/games,1.3
401643801,2024,6,regular,2024-10-05T23:00:00.000Z,False,True,False,True,19976,3817,Malone Stadium,2433,UL Monroe,fbs,Sun Belt,21,"[0, 14, 0, 7]",0.8810814130757101,1240,1247,256,James Madison,fbs,Sun Belt,19,"[10, 3, 0, 6]",0.11891858692428992,1830,1823,7.4299653764,,,,CollegeFootballData.com API,2026-08-31T17:38:52.365352+00:00,/games,1.3
401643723,2024,6,regular,2024-10-05T23:00:00.000Z,False,True,False,True,37210,3653,Albertsons Stadium,68,Boise State,fbs,Mountain West,62,"[14, 35, 6, 7]",0.9988310034033747,1677,1708,328,Utah State,fbs,Mountain West,30,"[3, 14, 7, 6]",0.0011689965966252824,1193,1162,3.5827132309,,,,CollegeFootballData.com API,2026-08-31T17:38:52.365352+00:00,/games,1.3
401643800,2024,6,regular,2024-10-05T23:00:00.000Z,False,True,False,True,21427,3625,Centennial Bank Stadium,2032,Arkansas State,fbs,Sun Belt,18,"[3, 3, 3, 9]",0.5303647221727372,1313,1317,6,South Alabama,fbs,Sun Belt,16,"[0, 3, 7, 6]",0.4696352778272628,1588,1584,7.7066051805,,,,CollegeFootballData.com API,2026-08-31T17:38:52.365352+00:00,/games,1.3
401643802,2024,6,regular,2024-10-05T23:00:00.000Z,False,True,False,True,24041,3815,M. M. Roberts Stadium,2572,Southern Miss,fbs,Sun Belt,13,"[0, 13, 0, 0]",0.08284809267446264,1106,1120,309,Louisiana,fbs,Sun Belt,23,"[3, 14, 3, 3]",0.9171519073255374,1537,1523,3.8168976361,,,,CollegeFootballData.com API,2026-08-31T17:38:52.365352+00:00,/games,1.3
401643798,2024,6,regular,2024-10-05T23:00:00.000Z,False,True,False,True,18552,3654,Brooks Stadium (SC),324,Coastal Carolina,fbs,Sun Belt,45,"[7, 14, 14, 10]",0.9883943887615158,1448,1456,295,Old Dominion,fbs,Sun Belt,37,"[7, 10, 7, 13]",0.011605611238484248,1377,1369,6.8407614586,,,,CollegeFootballData.com API,2026-08-31T17:38:52.365352+00:00,/games,1.3
401635569,2024,6,regular,2024-10-05T23:00:00.000Z,False,True,False,True,55107,3697,Doak Campbell Stadium,52,Florida State,fbs,ACC,13,"[0, 7, 0, 6]",0.04595850599760115,1544,1532,228,Clemson,fbs,ACC,29,"[17, 6, 0, 6]",0.9540414940023989,1805,1817,3.5276060514,,,,CollegeFootballData.com API,2026-08-31T17:38:52.365352+00:00,/games,1.3
401636889,2024,6,regular,2024-10-05T23:30:00.000Z,False,True,False,True,61500,3772,Jack Trice Stadium,66,Iowa State,fbs,Big 12,43,"[3, 16, 14, 10]",0.9961608558338894,1732,1760,239,Baylor,fbs,Big 12,21,"[7, 7, 7, 0]",0.003839144166110642,1485,1457,6.6113908141,,,,CollegeFootballData.com API,2026-08-31T17:38:52.365352+00:00,/games,1.3
401643726,2024,6,regular,2024-10-05T23:30:00.000Z,False,True,False,True,17099,3935,CEFCU Stadium,23,San José State,fbs,Mountain West,35,"[7, 14, 7, 7]",0.4058203903025504,1601,1594,2440,Nevada,fbs,Mountain West,31,"[7, 14, 7, 3]",0.5941796096974497,1228,1235,7.2694649698,,,,CollegeFootballData.com API,2026-08-31T17:38:52.365352+00:00,/games,1.3
401628379,2024,6,regular,2024-10-05T23:30:00.000Z,False,True,False,True,75573,3887,Razorback Stadium,8,Arkansas,fbs,SEC,19,"[3, 0, 7, 9]",0.853422504219712,1485,1513,2633,Tennessee,fbs,SEC,14,"[0, 0, 14, 0]",0.146577495780288,1975,1947,9.4409572777,,,,CollegeFootballData.com API,2026-08-31T17:38:52.365352+00:00,/games,1.3
401628507,2024,6,regular,2024-10-05T23:30:00.000Z,False,True,False,True,50913,3953,Huntington Bank Stadium,135,Minnesota,fbs,Big Ten,24,"[3, 7, 0, 14]",0.8824886018679423,1506,1533,30,USC,fbs,Big Ten,17,"[0, 10, 7, 0]",0.11751139813205769,1786,1759,7.2819043392,,,,CollegeFootballData.com API,2026-08-31T17:38:52.365352+00:00,/games,1.3
401628505,2024,6,regular,2024-10-05T23:30:00.000Z,False,True,False,True,72132,3765,Husky Stadium,264,Washington,fbs,Big Ten,27,"[7, 7, 0, 13]",0.47528760860669517,1762,1790,130,Michigan,fbs,Big Ten,17,"[0, 10, 7, 0]",0.5247123913933048,1906,1878,7.6758718425,,,,CollegeFootballData.com API,2026-08-31T17:38:52.365352+00:00,/games,1.3
401628380,2024,6,regular,2024-10-05T23:45:00.000Z,False,True,False,False,90369,3634,Ben Hill Griffin Stadium,57,Florida,fbs,SEC,24,"[7, 17, 0, 0]",0.9065111632798241,1516,1537,2116,UCF,fbs,Big 12,13,"[3, 0, 3, 7]",0.09348883672017594,1531,1510,3.6080238557,,,,CollegeFootballData.com API,2026-08-31T17:38:52.365352+00:00,/games,1.3
401635570,2024,6,regular,2024-10-06T00:00:00.000Z,False,True,False,True,37287,721,Bobby Dodd Stadium,59,Georgia Tech,fbs,ACC,24,"[7, 3, 0, 14]",0.9902065561311496,1545,1568,150,Duke,fbs,ACC,14,"[0, 7, 7, 0]",0.009793443868850393,1621,1598,7.5892318041,,,,CollegeFootballData.com API,2026-08-31T17:38:52.365352+00:00,/games,1.3
401643725,2024,6,regular,2024-10-06T00:00:00.000Z,False,True,False,True,31307,7311,Snapdragon Stadium,21,San Diego State,fbs,Mountain West,27,"[3, 14, 3, 7]",0.4864534347971009,1344,1343,62,Hawai'i,fbs,Mountain West,24,"[3, 7, 7, 7]",0.5135465652028991,1214,1215,8.0987997655,,,,CollegeFootballData.com API,2026-08-31T17:38:52.365352+00:00,/games,1.3
401636888,2024,6,regular,2024-10-06T00:00:00.000Z,False,True,False,True,54639,3947,Mountain America Stadium,9,Arizona State,fbs,Big 12,35,"[7, 7, 0, 21]",0.9515028850251191,1506,1511,2305,Kansas,fbs,Big 12,31,"[7, 7, 3, 14]",0.04849711497488085,1575,1570,9.7370534837,,,,CollegeFootballData.com API,2026-08-31T17:38:52.365352+00:00,/games,1.3
401635568,2024,6,regular,2024-10-06T02:30:00.000Z,False,True,False,True,52428,3831,California Memorial Stadium,25,California,fbs,ACC,38,"[7, 14, 14, 3]",0.7941413267896873,1537,1549,2390,Miami,fbs,ACC,39,"[7, 3, 8, 21]",0.2058586732103127,1834,1822,5.080224193,,,,CollegeFootballData.com API,2026-08-31T17:38:52.365352+00:00,/games,1.3
401636887,2024,6,regular,2024-10-06T03:00:00.000Z,False,True,False,True,45773,3619,Arizona Stadium,12,Arizona,fbs,Big 12,22,"[3, 0, 13, 6]",0.13349258042688492,1694,1678,2641,Texas Tech,fbs,Big 12,28,"[7, 11, 0, 10]",0.8665074195731151,1628,1644,6.9843712378,,,,CollegeFootballData.com API,2026-08-31T17:38:52.365352+00:00,/games,1.3
401640982,2024,7,regular,2024-10-08T23:00:00.000Z,False,True,False,True,16343,3992,Williams Stadium (VA),2335,Liberty,fbs,Conference USA,31,"[3, 14, 0, 7, 7]",0.9047516629611938,1589,1581,2229,Florida International,fbs,Conference USA,24,"[3, 7, 0, 14, 0]",0.0952483370388062,1257,1265,6.9751142566,,,,CollegeFootballData.com API,2026-08-31T17:38:52.365352+00:00,/games,1.3
401641002,2024,7,regular,2024-10-09T23:30:00.000Z,False,True,False,True,16555,3662,AmFirst Stadium,55,Jacksonville State,fbs,Conference USA,54,"[7, 26, 14, 7]",0.9978677358817323,1560,1637,166,New Mexico State,fbs,Conference USA,13,"[3, 3, 0, 7]",0.0021322641182677238,1238,1161,4.0273285537,,,,CollegeFootballData.com API,2026-08-31T17:38:52.365352+00:00,/games,1.3
401643803,2024,7,regular,2024-10-10T23:30:00.000Z,False,True,False,True,25622,3651,Bridgeforth Stadium,256,James Madison,fbs,Sun Belt,39,"[7, 22, 7, 3]",0.9985012233417523,1823,1866,324,Coastal Carolina,fbs,Sun Belt,7,"[7, 0, 0, 0]",0.0014987766582477136,1456,1413,3.3083165831,,,,CollegeFootballData.com API,2026-08-31T17:38:52.365352+00:00,/games,1.3
401641030,2024,7,regular,2024-10-11T00:00:00.000Z,False,True,False,True,12723,3796,Houchens Industries-L.T. Smith Stadium,98,Western Kentucky,fbs,Conference USA,44,"[14, 13, 7, 10]",0.96571573710875,1410,1454,2638,UTEP,fbs,Conference USA,17,"[7, 0, 10, 0]",0.03428426289124997,1181,1137,4.3428064771,,,,CollegeFootballData.com API,2026-08-31T17:38:52.365352+00:00,/games,1.3
401641009,2024,7,regular,2024-10-11T00:00:00.000Z,False,True,False,True,15072,3776,Joe Aillet Stadium,2348,Louisiana Tech,fbs,Conference USA,48,"[20, 14, 14, 0]",0.9988574732534925,1223,1288,2393,Middle Tennessee,fbs,Conference USA,21,"[14, 0, 7, 0]",0.0011425267465074995,1181,1116,3.5734309396,,,,CollegeFootballData.com API,2026-08-31T17:38:52.365352+00:00,/games,1.3
401628513,2024,7,regular,2024-10-12T00:00:00.000Z,False,True,False,True,39371,3665,SECU Stadium,120,Maryland,fbs,Big Ten,10,"[0, 7, 0, 3]",0.009091774784083226,1642,1546,77,Northwestern,fbs,Big Ten,37,"[7, 10, 0, 20]",0.9909082252159168,1473,1569,3.6586426589,,,,CollegeFootballData.com API,2026-08-31T17:38:52.365352+00:00,/games,1.3
401643733,2024,7,regular,2024-10-12T01:00:00.000Z,False,True,False,True,20295,3905,Maverik Stadium,328,Utah State,fbs,Mountain West,34,"[7, 0, 14, 13]",0.04963835271708906,1162,1172,2439,UNLV,fbs,Mountain West,50,"[14, 27, 6, 3]",0.950361647282911,1675,1665,2.0762387963,,,,CollegeFootballData.com API,2026-08-31T17:38:52.365352+00:00,/games,1.3
401636892,2024,7,regular,2024-10-12T02:30:00.000Z,False,True,False,True,45310,3947,Mountain America Stadium,9,Arizona State,fbs,Big 12,27,"[6, 7, 7, 7]",0.9935560386041525,1511,1529,254,Utah,fbs,Big 12,19,"[6, 3, 7, 3]",0.006443961395847464,1607,1589,6.7368652973,,,,CollegeFootballData.com API,2026-08-31T17:38:52.365352+00:00,/games,1.3
401628512,2024,7,regular,2024-10-12T16:00:00.000Z,False,True,False,True,69250,3793,Kinnick Stadium,2294,Iowa,fbs,Big Ten,40,"[7, 13, 3, 17]",0.961693357357087,1600,1683,264,Washington,fbs,Big Ten,16,"[0, 10, 0, 6]",0.03830664264291295,1790,1707,4.542836881,,,,CollegeFootballData.com API,2026-08-31T17:38:52.365352+00:00,/games,1.3
401635577,2024,7,regular,2024-10-12T16:00:00.000Z,False,True,False,True,44482,3787,Kenan Stadium,153,North Carolina,fbs,ACC,34,"[7, 7, 10, 10]",0.030260657172875353,1497,1489,59,Georgia Tech,fbs,ACC,41,"[7, 13, 7, 14]",0.9697393428271246,1568,1576,6.0512376645,,,,CollegeFootballData.com API,2026-08-31T17:38:52.365352+00:00,/games,1.3
401635576,2024,7,regular,2024-10-12T16:00:00.000Z,False,True,False,True,31553,3630,Allegacy Federal Credit Union Stadium,154,Wake Forest,fbs,ACC,14,"[7, 7, 0, 0]",0.002023896064461671,1390,1343,228,Clemson,fbs,ACC,49,"[0, 28, 14, 7]",0.9979761039355384,1817,1864,3.1665894345,,,,CollegeFootballData.com API,2026-08-31T17:38:52.365352+00:00,/games,1.3
401644745,2024,7,regular,2024-10-12T16:00:00.000Z,False,True,False,True,13996,3965,UB Stadium,2084,Buffalo,fbs,Mid-American,30,"[7, 0, 14, 9]",0.9758903942086857,1228,1294,2649,Toledo,fbs,Mid-American,15,"[0, 0, 7, 8]",0.02410960579131427,1574,1508,4.9612405286,,,,CollegeFootballData.com API,2026-08-31T17:38:52.365352+00:00,/games,1.3
401644743,2024,7,regular,2024-10-12T16:00:00.000Z,False,True,False,True,7322,3696,Dix Stadium,2309,Kent State,fbs,Mid-American,35,"[0, 7, 7, 21]",0.6066052948611376,922,928,2050,Ball State,fbs,Mid-American,37,"[10, 10, 7, 10]",0.39339470513886243,1091,1085,4.9770357306,,,,CollegeFootballData.com API,2026-08-31T17:38:52.365352+00:00,/games,1.3
401628389,2024,7,regular,2024-10-12T16:00:00.000Z,False,True,False,False,16102,3985,Warren McGuirk Alumni Stadium,113,Massachusetts,fbs,FBS Independents,3,"[0, 3, 0, 0]",0.0007590125928680845,1070,1025,142,Missouri,fbs,SEC,45,"[14, 10, 21, 0]",0.999240987407132,1692,1737,1.6773361622,,,,CollegeFootballData.com API,2026-08-31T17:38:52.365352+00:00,/games,1.3
401628517,2024,7,regular,2024-10-12T16:00:00.000Z,False,True,False,True,50111,6577,SHI Stadium,164,Rutgers,fbs,Big Ten,7,"[0, 0, 0, 7]",0.000627244070593527,1521,1436,275,Wisconsin,fbs,Big Ten,42,"[14, 0, 14, 14]",0.9993727559294064,1644,1729,2.6905520773,,,,CollegeFootballData.com API,2026-08-31T17:38:52.365352+00:00,/games,1.3
401628385,2024,7,regular,2024-10-12T16:00:00.000Z,False,True,False,True,100077,3657,Bryant-Denny Stadium,333,Alabama,fbs,SEC,27,"[7, 7, 0, 13]",0.5317165485267156,2014,2010,2579,South Carolina,fbs,SEC,25,"[0, 12, 7, 6]",0.46828345147328443,1654,1658,8.337485999,,,,CollegeFootballData.com API,2026-08-31T17:38:52.365352+00:00,/games,1.3
401645342,2024,7,regular,2024-10-12T16:00:00.000Z,False,True,False,True,29002,3841,Michie Stadium,349,Army,fbs,American Athletic,44,"[20, 14, 7, 3]",0.9983120962535629,1606,1643,5,UAB,fbs,American Athletic,10,"[3, 0, 0, 7]",0.001687903746437125,1128,1091,4.9031007378,,,,CollegeFootballData.com API,2026-08-31T17:38:52.365352+00:00,/games,1.3
401644685,2024,7,regular,2024-10-12T18:00:00.000Z,False,True,False,True,16903,3912,Rynearson Stadium,2199,Eastern Michigan,fbs,Mid-American,14,"[7, 0, 7, 0]",0.0010620786593712346,1310,1261,193,Miami (OH),fbs,Mid-American,38,"[7, 14, 0, 17]",0.9989379213406288,1437,1486,3.1111097465,,,,CollegeFootballData.com API,2026-08-31T17:38:52.365352+00:00,/games,1.3
401644742,2024,7,regular,2024-10-12T19:30:00.000Z,False,True,False,True,19507,3980,Waldo Stadium,2711,Western Michigan,fbs,Mid-American,34,"[0, 24, 7, 3]",0.5147599779693116,1217,1223,2006,Akron,fbs,Mid-American,24,"[10, 7, 7, 0]",0.4852400220306884,1055,1049,7.2173027465,,,,CollegeFootballData.com API,2026-08-31T17:38:52.365352+00:00,/games,1.3
401628981,2024,7,regular,2024-10-12T19:30:00.000Z,False,True,False,False,77622,3855,Notre Dame Stadium,87,Notre Dame,fbs,FBS Independents,49,"[7, 14, 21, 7]",0.9986558260894001,1994,2026,24,Stanford,fbs,ACC,7,"[7, 0, 0, 0]",0.0013441739105999329,1261,1229,4.7673246003,,,,CollegeFootballData.com API,2026-08-31T17:38:52.365352+00:00,/games,1.3
401643729,2024,7,regular,2024-10-12T19:30:00.000Z,False,True,False,True,27280,5388,Canvas Stadium,36,Colorado State,fbs,Mountain West,31,"[7, 7, 7, 10]",0.5713446702126063,1246,1277,23,San José State,fbs,Mountain West,24,"[7, 7, 0, 10]",0.42865532978739374,1594,1563,7.0620941823,,,,CollegeFootballData.com API,2026-08-31T17:38:52.365352+00:00,/games,1.3
401635578,2024,7,regular,2024-10-12T19:30:00.000Z,False,True,False,True,32688,3923,Scott Stadium,258,Virginia,fbs,ACC,20,"[7, 0, 6, 7]",0.03742634144200225,1412,1424,97,Louisville,fbs,ACC,24,"[0, 7, 10, 7]",0.9625736585579977,1707,1695,6.6794409164,,,,CollegeFootballData.com API,2026-08-31T17:38:52.365352+00:00,/games,1.3
401644744,2024,7,regular,2024-10-12T19:30:00.000Z,False,True,False,True,9559,3700,Doyt L. Perry Stadium,189,Bowling Green,fbs,Mid-American,7,"[7, 0, 0, 0]",0.04975983510212746,1424,1406,2459,Northern Illinois,fbs,Mid-American,17,"[3, 3, 0, 11]",0.9502401648978726,1452,1470,6.1012555101,,,,CollegeFootballData.com API,2026-08-31T17:38:52.365352+00:00,/games,1.3
401643732,2024,7,regular,2024-10-12T19:30:00.000Z,False,True,False,True,23155,3984,War Memorial Stadium,2751,Wyoming,fbs,Mountain West,24,"[7, 7, 3, 7]",0.06401850648385274,1286,1285,21,San Diego State,fbs,Mountain West,27,"[10, 7, 0, 10]",0.9359814935161472,1343,1344,10.4092775134,,,,CollegeFootballData.com API,2026-08-31T17:38:52.365352+00:00,/games,1.3
401645341,2024,7,regular,2024-10-12T19:30:00.000Z,False,True,True,True,3365,4013,Camping World Stadium,58,South Florida,fbs,American Athletic,3,"[0, 3, 0, 0]",0.08555942373820803,1336,1325,235,Memphis,fbs,American Athletic,21,"[14, 0, 0, 7]",0.914440576261792,1598,1609,3.1570242762,,,,CollegeFootballData.com API,2026-08-31T17:38:52.365352+00:00,/games,1.3
401643805,2024,7,regular,2024-10-12T19:30:00.000Z,False,True,False,True,12280,4246,Center Parc Stadium,2247,Georgia State,fbs,Sun Belt,14,"[0, 7, 0, 7]",0.00473580660101157,1325,1315,295,Old Dominion,fbs,Sun Belt,21,"[7, 0, 7, 7]",0.9952641933989884,1369,1379,6.2593362665,,,,CollegeFootballData.com API,2026-08-31T17:38:52.365352+00:00,/games,1.3
401635575,2024,7,regular,2024-10-12T19:30:00.000Z,False,True,False,True,49773,3752,Acrisure Stadium,221,Pittsburgh,fbs,ACC,17,"[7, 10, 0, 0]",0.46069799211883156,1512,1513,25,California,fbs,ACC,15,"[6, 3, 0, 6]",0.5393020078811684,1549,1548,7.8548971552,,,,CollegeFootballData.com API,2026-08-31T17:38:52.365352+00:00,/games,1.3
401628390,2024,7,regular,2024-10-12T19:30:00.000Z,False,True,True,True,92100,499,Cotton Bowl,201,Oklahoma,fbs,SEC,3,"[3, 0, 0, 0]",0.06185499673879433,1827,1780,251,Texas,fbs,SEC,34,"[0, 21, 3, 10]",0.9381450032612056,2091,2138,3.020050815,,Allstate Red River Rivalry,,CollegeFootballData.com API,2026-08-31T17:38:52.365352+00:00,/games,1.3
401636895,2024,7,regular,2024-10-12T19:30:00.000Z,False,True,False,True,42611,3652,FBC Mortgage Stadium,2116,UCF,fbs,Big 12,13,"[0, 3, 7, 3]",0.9084805679531813,1510,1501,2132,Cincinnati,fbs,Big 12,19,"[3, 7, 3, 6]",0.09151943204681867,1529,1538,6.3428883403,,,,CollegeFootballData.com API,2026-08-31T17:38:52.365352+00:00,/games,1.3
401628511,2024,7,regular,2024-10-12T19:30:00.000Z,False,True,False,True,55815,3832,"Memorial Stadium (Champaign, IL)",356,Illinois,fbs,Big Ten,50,"[10, 14, 3, 16, 7]",0.3115410769519463,1551,1541,2509,Purdue,fbs,Big Ten,49,"[0, 3, 17, 23, 6]",0.6884589230480537,1214,1224,5.786479558,,,,CollegeFootballData.com API,2026-08-31T17:38:52.365352+00:00,/games,1.3
401628516,2024,7,regular,2024-10-12T19:30:00.000Z,False,True,False,True,75250,477,Los Angeles Memorial Coliseum,30,USC,fbs,Big Ten,30,"[7, 13, 3, 7, 0]",0.20837337912491963,1759,1763,213,Penn State,fbs,Big Ten,33,"[3, 3, 14, 10, 3]",0.7916266208750804,1901,1897,8.3940337001,,,,CollegeFootballData.com API,2026-08-31T17:38:52.365352+00:00,/games,1.3
401636893,2024,7,regular,2024-10-12T20:00:00.000Z,False,True,False,True,64420,3801,LaVell Edwards Stadium,252,BYU,fbs,Big 12,41,"[0, 14, 13, 14]",0.9548870029482884,1603,1665,12,Arizona,fbs,Big 12,19,"[7, 0, 3, 9]",0.04511299705171157,1678,1616,5.9837855097,,,,CollegeFootballData.com API,2026-08-31T17:38:52.365352+00:00,/games,1.3
401644746,2024,7,regular,2024-10-12T20:00:00.000Z,False,True,False,True,22437,3786,Kelly/Shorts Stadium,2117,Central Michigan,fbs,Mid-American,25,"[0, 0, 8, 17]",0.3825064856677301,1180,1189,195,Ohio,fbs,Mid-American,27,"[3, 21, 0, 3]",0.61749351433227,1414,1405,3.9729999858,,,,CollegeFootballData.com API,2026-08-31T17:38:52.365352+00:00,/games,1.3
401628386,2024,7,regular,2024-10-12T20:15:00.000Z,False,True,False,True,93033,3917,Sanford Stadium,61,Georgia,fbs,SEC,41,"[10, 17, 7, 7]",0.9860373811833222,2033,2009,344,Mississippi State,fbs,SEC,31,"[3, 7, 14, 7]",0.013962618816677819,1371,1395,4.7759123974,,,,CollegeFootballData.com API,2026-08-31T17:38:52.365352+00:00,/games,1.3
401643807,2024,7,regular,2024-10-12T21:00:00.000Z,False,True,False,True,22645,3817,Malone Stadium,2433,UL Monroe,fbs,Sun Belt,38,"[7, 7, 3, 21]",0.997794711057732,1247,1272,2572,Southern Miss,fbs,Sun Belt,21,"[3, 3, 8, 7]",0.0022052889422680133,1120,1095,7.4434294551,,,,CollegeFootballData.com API,2026-08-31T17:38:52.365352+00:00,/games,1.3
401628391,2024,7,regular,2024-10-12T23:00:00.000Z,False,True,False,True,101915,3853,Neyland Stadium,2633,Tennessee,fbs,SEC,23,"[0, 0, 10, 7, 6]",0.7931088508179842,1947,1936,57,Florida,fbs,SEC,17,"[3, 0, 7, 7, 0]",0.2068911491820158,1537,1548,7.2760140012,,,,CollegeFootballData.com API,2026-08-31T17:38:52.365352+00:00,/games,1.3
401645343,2024,7,regular,2024-10-12T23:00:00.000Z,False,True,False,True,14576,3715,FAU Stadium,2226,Florida Atlantic,fbs,American Athletic,37,"[7, 20, 7, 3]",0.9641209152573771,1275,1280,249,North Texas,fbs,American Athletic,41,"[14, 3, 10, 14]",0.03587908474262291,1464,1459,8.8765236442,,,,CollegeFootballData.com API,2026-08-31T17:38:52.365352+00:00,/games,1.3
401645344,2024,7,regular,2024-10-12T23:00:00.000Z,False,True,False,True,18660,3895,Rice Stadium,242,Rice,fbs,American Athletic,29,"[0, 9, 14, 6]",0.6286843240968248,1219,1222,2636,UTSA,fbs,American Athletic,27,"[0, 10, 3, 14]",0.37131567590317516,1374,1371,7.4202433524,,,,CollegeFootballData.com API,2026-08-31T17:38:52.365352+00:00,/games,1.3
401643730,2024,7,regular,2024-10-12T23:00:00.000Z,False,True,False,False,41031,3660,Valley Children's Stadium,278,Fresno State,fbs,Mountain West,17,"[7, 0, 7, 3]",0.40267405483796054,1518,1505,265,Washington State,fbs,Pac-12,25,"[13, 0, 3, 9]",0.5973259451620394,1550,1563,5.9016419656,,,,CollegeFootballData.com API,2026-08-31T17:38:52.365352+00:00,/games,1.3
401643727,2024,7,regular,2024-10-12T23:00:00.000Z,False,True,False,True,15561,3971,University Stadium (NM),167,New Mexico,fbs,Mountain West,52,"[7, 21, 17, 7]",0.42925120003031486,1228,1271,2005,Air Force,fbs,Mountain West,37,"[3, 14, 0, 20]",0.5707487999696852,1353,1310,3.8889638923,,,,CollegeFootballData.com API,2026-08-31T17:38:52.365352+00:00,/games,1.3
401643808,2024,7,regular,2024-10-12T23:00:00.000Z,False,True,False,True,28000,3644,Bobcat Stadium (TX),326,Texas State,fbs,Sun Belt,41,"[14, 3, 14, 10]",0.9989243249265435,1584,1639,2032,Arkansas State,fbs,Sun Belt,9,"[3, 6, 0, 0]",0.0010756750734565168,1317,1262,6.4407139338,,,,CollegeFootballData.com API,2026-08-31T17:38:52.365352+00:00,/games,1.3
401628515,2024,7,regular,2024-10-12T23:30:00.000Z,False,True,False,True,60129,3626,Autzen Stadium,2483,Oregon,fbs,Big Ten,32,"[6, 16, 0, 10]",0.182106615223062,1971,1975,194,Ohio State,fbs,Big Ten,31,"[7, 14, 7, 3]",0.817893384776938,2080,2076,8.0652480128,,,,CollegeFootballData.com API,2026-08-31T17:38:52.365352+00:00,/games,1.3
401628388,2024,7,regular,2024-10-12T23:30:00.000Z,False,True,False,True,102212,3958,Tiger Stadium (LA),99,LSU,fbs,SEC,29,"[0, 13, 3, 7, 6]",0.26681076882312127,1874,1875,145,Ole Miss,fbs,SEC,26,"[0, 17, 3, 3, 3]",0.7331892311768787,1906,1905,8.6586387449,,,,CollegeFootballData.com API,2026-08-31T17:38:52.365352+00:00,/games,1.3
401643806,2024,7,regular,2024-10-12T23:30:00.000Z,False,True,False,True,14058,3666,Cajun Field,309,Louisiana,fbs,Sun Belt,34,"[3, 14, 3, 14]",0.9365368199640138,1523,1527,2026,App State,fbs,Sun Belt,24,"[0, 14, 3, 7]",0.06346318003598617,1334,1330,8.0453459026,,,,CollegeFootballData.com API,2026-08-31T17:38:52.365352+00:00,/games,1.3
401643731,2024,7,regular,2024-10-12T23:30:00.000Z,False,True,False,False,21541,3816,Mackay Stadium,2440,Nevada,fbs,Mountain West,42,"[7, 7, 7, 21]",0.9836714649264696,1235,1257,204,Oregon State,fbs,Pac-12,37,"[7, 10, 7, 13]",0.01632853507353038,1609,1587,6.1530453858,,,,CollegeFootballData.com API,2026-08-31T17:38:52.365352+00:00,/games,1.3
401628387,2024,7,regular,2024-10-12T23:45:00.000Z,False,True,False,True,62120,3683,Kroger Field,96,Kentucky,fbs,SEC,13,"[0, 7, 0, 6]",0.3874286012685711,1686,1645,238,Vanderbilt,fbs,SEC,20,"[7, 7, 3, 3]",0.612571398731429,1359,1400,4.0517060383,,,,CollegeFootballData.com API,2026-08-31T17:38:52.365352+00:00,/games,1.3
401636896,2024,7,regular,2024-10-13T00:00:00.000Z,False,True,False,True,55202,3842,Milan Puskar Stadium,277,West Virginia,fbs,Big 12,16,"[7, 3, 0, 6]",0.3990910706499141,1610,1597,66,Iowa State,fbs,Big 12,28,"[0, 14, 0, 14]",0.6009089293500859,1760,1773,5.1948260351,,,,CollegeFootballData.com API,2026-08-31T17:38:52.365352+00:00,/games,1.3
401635574,2024,7,regular,2024-10-13T00:00:00.000Z,False,True,False,True,56919,3670,Carter-Finley Stadium,152,NC State,fbs,ACC,17,"[0, 7, 0, 10]",0.9266980715866883,1473,1454,183,Syracuse,fbs,ACC,24,"[3, 7, 7, 7]",0.07330192841331173,1404,1423,3.9177136803,,,,CollegeFootballData.com API,2026-08-31T17:38:52.365352+00:00,/games,1.3
401643804,2024,7,regular,2024-10-13T00:00:00.000Z,False,True,False,True,24048,3608,Allen E. Paulson Stadium,290,Georgia Southern,fbs,Sun Belt,24,"[3, 0, 0, 21]",0.14621745082441648,1370,1371,276,Marshall,fbs,Sun Belt,23,"[6, 10, 7, 0]",0.8537825491755835,1394,1393,5.549789888,,,,CollegeFootballData.com API,2026-08-31T17:38:52.365352+00:00,/games,1.3
401628514,2024,7,regular,2024-10-13T01:00:00.000Z,False,True,False,True,42012,1056,Rose Bowl,26,UCLA,fbs,Big Ten,17,"[7, 3, 0, 7]",0.7465767503234393,1453,1452,135,Minnesota,fbs,Big Ten,21,"[0, 0, 14, 7]",0.2534232496765607,1533,1534,7.5181060735,,,,CollegeFootballData.com API,2026-08-31T17:38:52.365352+00:00,/games,1.3
401636894,2024,7,regular,2024-10-13T02:15:00.000Z,False,True,False,True,53972,3726,Folsom Field,38,Colorado,fbs,Big 12,28,"[7, 0, 7, 14]",0.16484188971234043,1479,1490,2306,Kansas State,fbs,Big 12,31,"[7, 7, 10, 7]",0.8351581102876595,1754,1743,5.4904680701,,,,CollegeFootballData.com API,2026-08-31T17:38:52.365352+00:00,/games,1.3
401643728,2024,7,regular,2024-10-13T03:00:00.000Z,False,True,False,True,15194,7220,Clarence T.C. Ching Athletics Complex,62,Hawai'i,fbs,Mountain West,7,"[0, 7, 0, 0]",0.0008570178272357902,1215,1212,68,Boise State,fbs,Mountain West,28,"[10, 3, 0, 15]",0.9991429821727642,1708,1711,4.7514122487,,,,CollegeFootballData.com API,2026-08-31T17:38:52.365352+00:00,/games,1.3
401643809,2024,8,regular,2024-10-15T23:30:00.000Z,False,True,False,True,25450,6526,Hancock Whitney Stadium,6,South Alabama,fbs,Sun Belt,25,"[3, 16, 6, 0]",0.9945437605484078,1584,1606,2653,Troy,fbs,Sun Belt,9,"[0, 3, 0, 6]",0.0054562394515922374,1454,1432,3.9580282947,,,,CollegeFootballData.com API,2026-08-31T17:38:52.365352+00:00,/games,1.3
401641019,2024,8,regular,2024-10-16T00:00:00.000Z,False,True,False,True,10200,3725,"Johnny ""Red"" Floyd Stadium",2393,Middle Tennessee,fbs,Conference USA,14,"[7, 0, 7, 0]",0.9049817924550686,1116,1142,338,Kennesaw State,fbs,Conference USA,5,"[2, 0, 0, 3]",0.0950182075449314,1281,1255,6.9414266345,,,,CollegeFootballData.com API,2026-08-31T17:38:52.365352+00:00,/games,1.3
401641010,2024,8,regular,2024-10-16T01:00:00.000Z,False,True,False,True,9671,3601,Aggie Memorial Stadium,166,New Mexico State,fbs,Conference USA,33,"[0, 10, 7, 7, 3, 6]",0.8718204039938436,1161,1164,2348,Louisiana Tech,fbs,Conference USA,30,"[0, 14, 0, 10, 3, 3]",0.12817959600615636,1288,1285,9.3626669943,,,,CollegeFootballData.com API,2026-08-31T17:38:52.365352+00:00,/games,1.3
401641038,2024,8,regular,2024-10-16T23:00:00.000Z,False,True,False,True,8914,3647,Elliott T. Bowers Stadium,2534,Sam Houston,fbs,Conference USA,14,"[0, 14, 0, 0]",0.11889855219772984,1464,1422,98,Western Kentucky,fbs,Conference USA,31,"[7, 10, 0, 14]",0.8811014478022702,1454,1496,5.4621880902,,,,CollegeFootballData.com API,2026-08-31T17:38:52.365352+00:00,/games,1.3
401640983,2024,8,regular,2024-10-17T01:00:00.000Z,False,True,False,True,11373,3946,Sun Bowl,2638,UTEP,fbs,Conference USA,30,"[3, 14, 3, 10]",0.9674477478290233,1137,1161,2229,Florida International,fbs,Conference USA,21,"[7, 7, 7, 0]",0.03255225217097668,1265,1241,8.2034186576,,,,CollegeFootballData.com API,2026-08-31T17:38:52.365352+00:00,/games,1.3
401643810,2024,8,regular,2024-10-17T23:00:00.000Z,False,True,False,True,20703,3775,Joan C. Edwards Stadium,276,Marshall,fbs,Sun Belt,35,"[11, 14, 0, 10]",0.9758281058907349,1393,1417,2247,Georgia State,fbs,Sun Belt,20,"[0, 10, 7, 3]",0.024171894109265124,1315,1291,7.2140104615,,,,CollegeFootballData.com API,2026-08-31T17:38:52.365352+00:00,/games,1.3
401634768,2024,8,regular,2024-10-17T23:30:00.000Z,False,True,False,True,65632,3799,Lane Stadium,259,Virginia Tech,fbs,ACC,42,"[14, 14, 0, 14]",0.9977482470947416,1644,1674,103,Boston College,fbs,ACC,21,"[0, 0, 21, 0]",0.002251752905258364,1448,1418,3.8724888286,,,,CollegeFootballData.com API,2026-08-31T17:38:52.365352+00:00,/games,1.3
401634769,2024,8,regular,2024-10-18T23:00:00.000Z,False,True,False,True,30735,3982,Wallace Wade Stadium,150,Duke,fbs,ACC,23,"[7, 10, 3, 3]",0.909404387085186,1598,1604,52,Florida State,fbs,ACC,16,"[3, 3, 7, 3]",0.090595612914814,1532,1526,6.7798954406,,,,CollegeFootballData.com API,2026-08-31T17:38:52.365352+00:00,/games,1.3
401628523,2024,8,regular,2024-10-19T00:00:00.000Z,False,True,False,True,57463,3907,Ross-Ade Stadium,2509,Purdue,fbs,Big Ten,0,"[0, 0, 0, 0]",0.028372627967429485,1224,1212,2483,Oregon,fbs,Big Ten,35,"[14, 7, 0, 14]",0.9716273720325705,1975,1987,1.8239107218,,,,CollegeFootballData.com API,2026-08-31T17:38:52.365352+00:00,/games,1.3
401636898,2024,8,regular,2024-10-19T02:15:00.000Z,False,True,False,True,62841,3801,LaVell Edwards Stadium,252,BYU,fbs,Big 12,38,"[7, 7, 14, 10]",0.22809458726106233,1665,1664,197,Oklahoma State,fbs,Big 12,35,"[7, 14, 0, 14]",0.7719054127389376,1489,1490,8.013022214,,,,CollegeFootballData.com API,2026-08-31T17:38:52.365352+00:00,/games,1.3
401643735,2024,8,regular,2024-10-19T02:30:00.000Z,False,True,False,True,18319,3816,Mackay Stadium,2440,Nevada,fbs,Mountain West,21,"[7, 14, 0, 0]",0.3307928190088539,1257,1267,278,Fresno State,fbs,Mountain West,24,"[3, 14, 7, 0]",0.6692071809911462,1505,1495,6.5051562633,,,,CollegeFootballData.com API,2026-08-31T17:38:52.365352+00:00,/games,1.3
401643811,2024,8,regular,2024-10-19T16:00:00.000Z,False,True,False,True,17812,3654,Brooks Stadium (SC),324,Coastal Carolina,fbs,Sun Belt,24,"[0, 14, 3, 7]",0.03764825621181366,1413,1402,309,Louisiana,fbs,Sun Belt,34,"[7, 10, 0, 17]",0.9623517437881863,1527,1538,6.4922501001,,,,CollegeFootballData.com API,2026-08-31T17:38:52.365352+00:00,/games,1.3
401628519,2024,8,regular,2024-10-19T16:00:00.000Z,False,True,False,True,53082,3830,"Memorial Stadium (Bloomington, IN)",84,Indiana,fbs,Big Ten,56,"[7, 21, 14, 14]",0.9988809780822313,1648,1791,158,Nebraska,fbs,Big Ten,7,"[0, 7, 0, 0]",0.0011190219177686922,1597,1454,5.1549081579,,,,CollegeFootballData.com API,2026-08-31T17:38:52.365352+00:00,/games,1.3
401628395,2024,8,regular,2024-10-19T16:00:00.000Z,False,True,False,True,62621,3838,Memorial Stadium,142,Missouri,fbs,SEC,21,"[3, 0, 3, 15]",0.23393596298858255,1737,1735,2,Auburn,fbs,SEC,17,"[0, 3, 14, 0]",0.7660640370114175,1550,1552,8.0479951949,,,,CollegeFootballData.com API,2026-08-31T17:38:52.365352+00:00,/games,1.3
401645346,2024,8,regular,2024-10-19T16:00:00.000Z,False,True,False,True,23044,3841,Michie Stadium,349,Army,fbs,American Athletic,45,"[7, 17, 14, 7]",0.9987804022637891,1643,1649,151,East Carolina,fbs,American Athletic,28,"[0, 0, 7, 21]",0.0012195977362109423,1298,1292,2.7027059183,,,,CollegeFootballData.com API,2026-08-31T17:38:52.365352+00:00,/games,1.3
401628524,2024,8,regular,2024-10-19T16:00:00.000Z,False,True,False,True,53726,6577,SHI Stadium,164,Rutgers,fbs,Big Ten,32,"[7, 3, 9, 13]",0.3651614765917936,1436,1432,26,UCLA,fbs,Big Ten,35,"[7, 14, 7, 7]",0.6348385234082063,1452,1456,4.6407360434,,,,CollegeFootballData.com API,2026-08-31T17:38:52.365352+00:00,/games,1.3
401635589,2024,8,regular,2024-10-19T16:00:00.000Z,False,True,False,True,59115,3873,L&N Federal Credit Union Stadium,97,Louisville,fbs,ACC,45,"[7, 10, 14, 14]",0.03784710405827017,1695,1691,2390,Miami,fbs,ACC,52,"[10, 14, 14, 14]",0.9621528959417298,1822,1826,5.9727968944,,,,CollegeFootballData.com API,2026-08-31T17:38:52.365352+00:00,/games,1.3
401635588,2024,8,regular,2024-10-19T16:00:00.000Z,False,True,False,True,80100,3836,"Memorial Stadium (Clemson, SC)",228,Clemson,fbs,ACC,48,"[3, 14, 21, 10]",0.9823551899632083,1864,1863,258,Virginia,fbs,ACC,31,"[3, 7, 0, 21]",0.017644810036791747,1424,1425,4.5901434844,,,,CollegeFootballData.com API,2026-08-31T17:38:52.365352+00:00,/games,1.3
401629034,2024,8,regular,2024-10-19T16:00:00.000Z,False,True,False,False,30122,3892,Pratt & Whitney Stadium,41,UConn,fbs,FBS Independents,20,"[3, 3, 7, 7]",0.4670717104797056,1434,1424,154,Wake Forest,fbs,ACC,23,"[3, 10, 7, 3]",0.5329282895202945,1343,1353,5.3772320815,,,,CollegeFootballData.com API,2026-08-31T17:38:52.365352+00:00,/games,1.3
401636899,2024,8,regular,2024-10-19T16:00:00.000Z,False,True,False,True,38007,3854,Nippert Stadium,2132,Cincinnati,fbs,Big 12,24,"[10, 14, 0, 0]",0.5634009123671583,1538,1554,9,Arizona State,fbs,Big 12,14,"[7, 0, 7, 0]",0.4365990876328417,1529,1513,5.3005294427,,,,CollegeFootballData.com API,2026-08-31T17:38:52.365352+00:00,/games,1.3
401628522,2024,8,regular,2024-10-19T16:00:00.000Z,False,True,True,True,12023,5960,Lanny and Sharon Martin Stadium,77,Northwestern,fbs,Big Ten,3,"[0, 0, 3, 0]",0.0059807059089865165,1569,1543,275,Wisconsin,fbs,Big Ten,23,"[0, 14, 7, 2]",0.9940192940910135,1729,1755,3.6478457494,,,,CollegeFootballData.com API,2026-08-31T17:38:52.365352+00:00,/games,1.3
401628396,2024,8,regular,2024-10-19T16:45:00.000Z,False,True,False,True,83331,3835,"Memorial Stadium (Norman, OK)",201,Oklahoma,fbs,SEC,9,"[0, 3, 6, 0]",0.15115189282518085,1780,1694,2579,South Carolina,fbs,SEC,35,"[21, 11, 0, 3]",0.8488481071748192,1658,1744,1.9556014898,,,,CollegeFootballData.com API,2026-08-31T17:38:52.365352+00:00,/games,1.3
401645351,2024,8,regular,2024-10-19T18:00:00.000Z,False,True,False,True,18721,3806,Lincoln Financial Field,218,Temple,fbs,American Athletic,20,"[3, 14, 0, 3]",0.7351173510637877,1113,1126,202,Tulsa,fbs,American Athletic,10,"[0, 0, 10, 0]",0.2648826489362123,1060,1047,5.1372556766,,,,CollegeFootballData.com API,2026-08-31T17:38:52.365352+00:00,/games,1.3
401644750,2024,8,regular,2024-10-19T18:00:00.000Z,False,True,False,True,17974,3912,Rynearson Stadium,2199,Eastern Michigan,fbs,Mid-American,38,"[10, 6, 0, 22]",0.29660334443869896,1261,1262,2117,Central Michigan,fbs,Mid-American,34,"[0, 14, 13, 7]",0.703396655561301,1189,1188,5.8688084781,,,,CollegeFootballData.com API,2026-08-31T17:38:52.365352+00:00,/games,1.3
401644748,2024,8,regular,2024-10-19T19:30:00.000Z,False,True,False,True,20858,3700,Doyt L. Perry Stadium,189,Bowling Green,fbs,Mid-American,27,"[10, 10, 0, 7]",0.99883526969678,1406,1410,2309,Kent State,fbs,Mid-American,6,"[3, 3, 0, 0]",0.0011647303032199519,928,924,4.1788126186,,,,CollegeFootballData.com API,2026-08-31T17:38:52.365352+00:00,/games,1.3
401644749,2024,8,regular,2024-10-19T19:30:00.000Z,False,True,False,True,18487,3965,UB Stadium,2084,Buffalo,fbs,Mid-American,41,"[10, 7, 7, 17]",0.2982382134854651,1294,1275,2711,Western Michigan,fbs,Mid-American,48,"[7, 21, 7, 13]",0.7017617865145349,1223,1242,7.7487243344,,,,CollegeFootballData.com API,2026-08-31T17:38:52.365352+00:00,/games,1.3
401636901,2024,8,regular,2024-10-19T19:30:00.000Z,False,True,True,True,38619,3622,GEHA Field at Arrowhead Stadium,2305,Kansas,fbs,Big 12,42,"[14, 14, 0, 14]",0.9989293852618795,1570,1631,248,Houston,fbs,Big 12,14,"[0, 14, 0, 0]",0.0010706147381205344,1395,1334,3.6377894158,,,,CollegeFootballData.com API,2026-08-31T17:38:52.365352+00:00,/games,1.3
401628397,2024,8,regular,2024-10-19T19:30:00.000Z,False,True,False,True,101915,3853,Neyland Stadium,2633,Tennessee,fbs,SEC,24,"[0, 0, 14, 10]",0.9341870502227599,1936,1950,333,Alabama,fbs,SEC,17,"[0, 7, 3, 7]",0.06581294977724006,2010,1996,9.9902493945,,,,CollegeFootballData.com API,2026-08-31T17:38:52.365352+00:00,/games,1.3
401644751,2024,8,regular,2024-10-19T19:30:00.000Z,False,True,False,True,18350,3764,Huskie Stadium,2459,Northern Illinois,fbs,Mid-American,6,"[3, 3, 0, 0]",0.9699869159030086,1470,1460,2649,Toledo,fbs,Mid-American,13,"[0, 7, 3, 3]",0.030013084096991438,1508,1518,7.3746354167,,,,CollegeFootballData.com API,2026-08-31T17:38:52.365352+00:00,/games,1.3
401644686,2024,8,regular,2024-10-19T19:30:00.000Z,False,True,False,True,17021,3996,Yager Stadium,193,Miami (OH),fbs,Mid-American,30,"[3, 13, 14, 0]",0.9962786246160845,1486,1497,195,Ohio,fbs,Mid-American,20,"[0, 0, 6, 14]",0.0037213753839154817,1405,1394,4.0145384804,,,,CollegeFootballData.com API,2026-08-31T17:38:52.365352+00:00,/games,1.3
401628982,2024,8,regular,2024-10-19T19:30:00.000Z,False,True,True,False,59021,5348,Mercedes-Benz Stadium,59,Georgia Tech,fbs,ACC,13,"[7, 0, 0, 6]",0.02331751273391456,1576,1581,87,Notre Dame,fbs,FBS Independents,31,"[0, 14, 7, 10]",0.9766824872660854,2026,2021,3.2628132664,,,,CollegeFootballData.com API,2026-08-31T17:38:52.365352+00:00,/games,1.3
401645345,2024,8,regular,2024-10-19T19:30:00.000Z,False,True,False,True,28154,3886,Raymond James Stadium,58,South Florida,fbs,American Athletic,35,"[0, 7, 13, 15]",0.7660914083651577,1325,1326,5,UAB,fbs,American Athletic,25,"[3, 6, 10, 6]",0.23390859163484234,1091,1090,9.5463592111,,,,CollegeFootballData.com API,2026-08-31T17:38:52.365352+00:00,/games,1.3
401635587,2024,8,regular,2024-10-19T19:30:00.000Z,False,True,False,True,35303,3831,California Memorial Stadium,25,California,fbs,ACC,23,"[7, 6, 10, 0]",0.10409129339187954,1548,1542,152,NC State,fbs,ACC,24,"[3, 7, 0, 14]",0.8959087066081205,1454,1460,7.188961357,,,,CollegeFootballData.com API,2026-08-31T17:38:52.365352+00:00,/games,1.3
401645347,2024,8,regular,2024-10-19T19:30:00.000Z,False,True,False,True,35094,3852,Navy-Marine Corps Memorial Stadium,2426,Navy,fbs,American Athletic,51,"[24, 14, 13, 0]",0.9982078256810092,1555,1612,2429,Charlotte,fbs,American Athletic,17,"[0, 10, 7, 0]",0.0017921743189908135,1253,1196,2.064588811,,,,CollegeFootballData.com API,2026-08-31T17:38:52.365352+00:00,/games,1.3
401628518,2024,8,regular,2024-10-19T19:30:00.000Z,False,True,False,True,60670,3832,"Memorial Stadium (Champaign, IL)",356,Illinois,fbs,Big Ten,21,"[3, 10, 8, 0]",0.9095558884803752,1541,1602,130,Michigan,fbs,Big Ten,7,"[0, 7, 0, 0]",0.09044411151962484,1878,1817,4.8074629555,,,,CollegeFootballData.com API,2026-08-31T17:38:52.365352+00:00,/games,1.3
401643813,2024,8,regular,2024-10-19T19:30:00.000Z,False,True,False,True,19129,3918,S.B. Ballard Stadium,295,Old Dominion,fbs,Sun Belt,24,"[7, 7, 0, 10]",0.9074426670592894,1379,1416,326,Texas State,fbs,Sun Belt,14,"[0, 0, 7, 7]",0.09255733294071056,1639,1602,6.364009365,,,,CollegeFootballData.com API,2026-08-31T17:38:52.365352+00:00,/games,1.3
401645348,2024,8,regular,2024-10-19T19:30:00.000Z,False,True,False,True,20802,3604,Alamodome,2636,UTSA,fbs,American Athletic,38,"[3, 14, 7, 14]",0.9971200957487705,1371,1391,2226,Florida Atlantic,fbs,American Athletic,24,"[7, 10, 7, 0]",0.002879904251229526,1280,1260,9.4002835488,,,,CollegeFootballData.com API,2026-08-31T17:38:52.365352+00:00,/games,1.3
401645350,2024,8,regular,2024-10-19T19:30:00.000Z,False,True,False,True,22897,4729,Yulman Stadium,2655,Tulane,fbs,American Athletic,24,"[3, 7, 0, 14]",0.9786910744981652,1751,1738,242,Rice,fbs,American Athletic,10,"[0, 7, 3, 0]",0.02130892550183483,1222,1235,8.2930453716,,,,CollegeFootballData.com API,2026-08-31T17:38:52.365352+00:00,/games,1.3
401643736,2024,8,regular,2024-10-19T19:30:00.000Z,False,True,False,False,25112,3820,Gesa Field,265,Washington State,fbs,Pac-12,42,"[7, 14, 7, 14]",0.9939290990880877,1563,1608,62,Hawai'i,fbs,Mountain West,10,"[3, 0, 7, 0]",0.006070900911912314,1212,1167,3.8445017635,,,,CollegeFootballData.com API,2026-08-31T17:38:52.365352+00:00,/games,1.3
401636897,2024,8,regular,2024-10-19T20:00:00.000Z,False,True,False,True,50724,3619,Arizona Stadium,12,Arizona,fbs,Big 12,7,"[7, 0, 0, 0]",0.006891693069847433,1616,1526,38,Colorado,fbs,Big 12,34,"[14, 14, 3, 3]",0.9931083069301526,1490,1580,2.6237318254,,,,CollegeFootballData.com API,2026-08-31T17:38:52.365352+00:00,/games,1.3
401628521,2024,8,regular,2024-10-19T20:00:00.000Z,False,True,False,True,43013,3665,SECU Stadium,120,Maryland,fbs,Big Ten,29,"[0, 7, 7, 15]",0.2091783369745479,1546,1553,30,USC,fbs,Big Ten,28,"[7, 14, 0, 7]",0.7908216630254521,1763,1756,7.3526882152,,,,CollegeFootballData.com API,2026-08-31T17:38:52.365352+00:00,/games,1.3
401643737,2024,8,regular,2024-10-19T20:00:00.000Z,False,True,False,True,14584,3905,Maverik Stadium,328,Utah State,fbs,Mountain West,45,"[14, 10, 14, 7]",0.9988764389108926,1172,1170,167,New Mexico,fbs,Mountain West,50,"[0, 15, 14, 21]",0.0011235610891073833,1271,1273,1.661834419,,,,CollegeFootballData.com API,2026-08-31T17:38:52.365352+00:00,/games,1.3
401643738,2024,8,regular,2024-10-19T20:00:00.000Z,False,True,False,True,17101,3935,CEFCU Stadium,23,San José State,fbs,Mountain West,24,"[7, 7, 3, 7]",0.9894037666903412,1563,1561,2751,Wyoming,fbs,Mountain West,14,"[0, 0, 7, 7]",0.010596233309658754,1285,1287,5.8111963945,,,,CollegeFootballData.com API,2026-08-31T17:38:52.365352+00:00,/games,1.3
401643812,2024,8,regular,2024-10-19T20:00:00.000Z,False,True,False,True,20153,3608,Allen E. Paulson Stadium,290,Georgia Southern,fbs,Sun Belt,28,"[7, 14, 7, 0]",0.9924757699604869,1371,1449,256,James Madison,fbs,Sun Belt,14,"[0, 0, 7, 7]",0.00752423003951308,1866,1788,5.185532857,,,,CollegeFootballData.com API,2026-08-31T17:38:52.365352+00:00,/games,1.3
401636902,2024,8,regular,2024-10-19T20:00:00.000Z,False,True,False,True,60229,3784,Jones AT&T Stadium,2641,Texas Tech,fbs,Big 12,35,"[7, 7, 7, 14]",0.1697865673129431,1644,1556,239,Baylor,fbs,Big 12,59,"[7, 17, 14, 21]",0.8302134326870569,1457,1545,4.0008700067,,,,CollegeFootballData.com API,2026-08-31T17:38:52.365352+00:00,/games,1.3
401628394,2024,8,regular,2024-10-19T20:15:00.000Z,False,True,False,True,50127,3693,Davis Wade Stadium,344,Mississippi State,fbs,SEC,24,"[7, 10, 0, 7]",0.027039430126155475,1395,1405,245,Texas A&M,fbs,SEC,34,"[7, 14, 10, 3]",0.9729605698738445,1781,1771,4.4843261843,,,,CollegeFootballData.com API,2026-08-31T17:38:52.365352+00:00,/games,1.3
401643814,2024,8,regular,2024-10-19T23:00:00.000Z,False,True,False,True,24542,3815,M. M. Roberts Stadium,2572,Southern Miss,fbs,Sun Belt,28,"[7, 14, 0, 7]",0.3361108480627349,1095,1074,2032,Arkansas State,fbs,Sun Belt,44,"[21, 7, 13, 3]",0.6638891519372652,1262,1283,2.8706302613,,,,CollegeFootballData.com API,2026-08-31T17:38:52.365352+00:00,/games,1.3
401628392,2024,8,regular,2024-10-19T23:00:00.000Z,False,True,False,True,75893,3887,Razorback Stadium,8,Arkansas,fbs,SEC,10,"[0, 7, 3, 0]",0.07073032520246239,1513,1490,99,LSU,fbs,SEC,34,"[10, 6, 8, 10]",0.9292696747975376,1875,1898,3.2139788267,,,,CollegeFootballData.com API,2026-08-31T17:38:52.365352+00:00,/games,1.3
401628399,2024,8,regular,2024-10-19T23:00:00.000Z,False,True,False,False,27884,3973,FirstBank Stadium,238,Vanderbilt,fbs,SEC,24,"[3, 11, 0, 10]",0.9042891884815737,1400,1396,2050,Ball State,fbs,Mid-American,14,"[7, 0, 7, 0]",0.09571081151842631,1085,1089,7.2337044479,,,,CollegeFootballData.com API,2026-08-31T17:38:52.365352+00:00,/games,1.3
401636904,2024,8,regular,2024-10-19T23:30:00.000Z,False,True,False,True,54327,3842,Milan Puskar Stadium,277,West Virginia,fbs,Big 12,18,"[3, 7, 0, 8]",0.0014782509169596408,1597,1541,2306,Kansas State,fbs,Big 12,45,"[10, 7, 14, 14]",0.9985217490830404,1743,1799,3.3283212537,,,,CollegeFootballData.com API,2026-08-31T17:38:52.365352+00:00,/games,1.3
401636900,2024,8,regular,2024-10-19T23:30:00.000Z,False,True,False,True,61500,3772,Jack Trice Stadium,66,Iowa State,fbs,Big 12,38,"[14, 0, 13, 11]",0.18105925521125116,1773,1771,2116,UCF,fbs,Big 12,35,"[7, 14, 7, 7]",0.8189407447887489,1501,1503,6.6619437928,,,,CollegeFootballData.com API,2026-08-31T17:38:52.365352+00:00,/games,1.3
401645349,2024,8,regular,2024-10-19T23:30:00.000Z,False,True,False,True,24110,3805,Simmons Bank Liberty Stadium,235,Memphis,fbs,American Athletic,52,"[14, 14, 7, 17]",0.6543228416072232,1609,1612,249,North Texas,fbs,American Athletic,44,"[21, 3, 7, 13]",0.3456771583927768,1459,1456,9.4808104849,,,,CollegeFootballData.com API,2026-08-31T17:38:52.365352+00:00,/games,1.3
401628520,2024,8,regular,2024-10-19T23:30:00.000Z,False,True,False,True,69682,3936,Spartan Stadium,127,Michigan State,fbs,Big Ten,32,"[6, 6, 7, 13]",0.9557414380827481,1410,1456,2294,Iowa,fbs,Big Ten,20,"[0, 0, 14, 6]",0.04425856191725186,1683,1637,7.4059458969,,,,CollegeFootballData.com API,2026-08-31T17:38:52.365352+00:00,/games,1.3
401628398,2024,8,regular,2024-10-19T23:30:00.000Z,False,True,False,True,105215,3910,DKR-Texas Memorial Stadium,251,Texas,fbs,SEC,15,"[0, 0, 15, 0]",0.012471064367557372,2138,2089,61,Georgia,fbs,SEC,30,"[7, 16, 0, 7]",0.9875289356324426,2009,2058,3.975470081,,,,CollegeFootballData.com API,2026-08-31T17:38:52.365352+00:00,/games,1.3
401628393,2024,8,regular,2024-10-19T23:45:00.000Z,False,True,False,True,,3634,Ben Hill Griffin Stadium,57,Florida,fbs,SEC,48,"[3, 24, 7, 14]",0.9984042579380444,1548,1634,96,Kentucky,fbs,SEC,20,"[0, 13, 7, 0]",0.001595742061955563,1645,1559,4.47219541,,,,CollegeFootballData.com API,2026-08-31T17:38:52.365352+00:00,/games,1.3
401635590,2024,8,regular,2024-10-20T00:00:00.000Z,False,True,False,True,19117,3940,Stanford Stadium,24,Stanford,fbs,ACC,10,"[0, 7, 3, 0]",0.0010941051437557486,1229,1208,2567,SMU,fbs,ACC,40,"[21, 10, 0, 9]",0.9989058948562443,1765,1786,1.9449475062,,,,CollegeFootballData.com API,2026-08-31T17:38:52.365352+00:00,/games,1.3
401643734,2024,8,regular,2024-10-20T00:00:00.000Z,False,True,False,True,27598,3713,Falcon Stadium,2005,Air Force,fbs,Mountain West,13,"[0, 0, 0, 13]",0.11179793645465892,1310,1292,36,Colorado State,fbs,Mountain West,21,"[0, 14, 7, 0]",0.888202063545341,1277,1295,2.2864929496,,,,CollegeFootballData.com API,2026-08-31T17:38:52.365352+00:00,/games,1.3
401643739,2024,8,regular,2024-10-20T02:00:00.000Z,False,True,False,False,35195,3893,Reser Stadium,204,Oregon State,fbs,Pac-12,25,"[3, 14, 0, 8]",0.11654927784012334,1587,1578,2439,UNLV,fbs,Mountain West,33,"[3, 13, 7, 10]",0.8834507221598766,1665,1674,6.3198973757,,,,CollegeFootballData.com API,2026-08-31T17:38:52.365352+00:00,/games,1.3
401636903,2024,8,regular,2024-10-20T02:30:00.000Z,False,True,False,True,53299,587,Rice-Eccles Stadium,254,Utah,fbs,Big 12,7,"[0, 0, 7, 0]",0.13682359203079916,1589,1572,2628,TCU,fbs,Big 12,13,"[0, 10, 3, 0]",0.8631764079692008,1508,1525,5.8298706704,,,,CollegeFootballData.com API,2026-08-31T17:38:52.365352+00:00,/games,1.3
401640984,2024,9,regular,2024-10-22T23:30:00.000Z,False,True,True,True,10625,2031,Pitbull Stadium,2229,Florida International,fbs,Conference USA,7,"[0, 0, 0, 7]",0.19536670511217263,1241,1248,2534,Sam Houston,fbs,Conference USA,10,"[0, 0, 7, 3]",0.8046332948878274,1422,1415,6.2564066649,,,,CollegeFootballData.com API,2026-08-31T17:38:52.365352+00:00,/games,1.3
401641011,2024,9,regular,2024-10-23T00:00:00.000Z,False,True,False,True,15168,3776,Joe Aillet Stadium,2348,Louisiana Tech,fbs,Conference USA,14,"[0, 7, 0, 7]",0.2380926029097199,1285,1284,2638,UTEP,fbs,Conference USA,10,"[7, 0, 3, 0]",0.7619073970902801,1161,1162,7.9673966467,,,,CollegeFootballData.com API,2026-08-31T17:38:52.365352+00:00,/games,1.3
401640993,2024,9,regular,2024-10-23T23:00:00.000Z,False,True,False,True,8209,4899,Fifth Third Stadium,338,Kennesaw State,fbs,Conference USA,27,"[7, 7, 7, 6]",0.8126782234588759,1255,1261,2335,Liberty,fbs,Conference USA,24,"[7, 7, 3, 7]",0.18732177654112414,1581,1575,6.7893700745,,,,CollegeFootballData.com API,2026-08-31T17:38:52.365352+00:00,/games,1.3
401641003,2024,9,regular,2024-10-23T23:30:00.000Z,False,True,False,True,17988,3662,AmFirst Stadium,55,Jacksonville State,fbs,Conference USA,42,"[14, 0, 21, 7]",0.9979171313360833,1637,1642,2393,Middle Tennessee,fbs,Conference USA,20,"[10, 0, 3, 7]",0.002082868663916715,1142,1137,4.4853387656,,,,CollegeFootballData.com API,2026-08-31T17:38:52.365352+00:00,/games,1.3
401643815,2024,9,regular,2024-10-24T23:00:00.000Z,False,True,False,True,18281,3918,S.B. Ballard Stadium,295,Old Dominion,fbs,Sun Belt,47,"[13, 17, 14, 3]",0.9974108670334393,1416,1494,290,Georgia Southern,fbs,Sun Belt,19,"[0, 7, 6, 6]",0.0025891329665607143,1449,1371,3.0235251829,,,,CollegeFootballData.com API,2026-08-31T17:38:52.365352+00:00,/games,1.3
401634770,2024,9,regular,2024-10-24T23:30:00.000Z,False,True,False,True,47266,3752,Acrisure Stadium,221,Pittsburgh,fbs,ACC,41,"[17, 14, 0, 10]",0.9904003635493842,1513,1576,183,Syracuse,fbs,ACC,13,"[0, 0, 6, 7]",0.00959963645061579,1423,1360,3.0968306165,,,,CollegeFootballData.com API,2026-08-31T17:38:52.365352+00:00,/games,1.3
401634771,2024,9,regular,2024-10-25T23:30:00.000Z,False,True,False,True,42887,3615,"Alumni Stadium (Chestnut Hill, MA)",103,Boston College,fbs,ACC,27,"[7, 13, 7, 0]",0.09695111535074864,1418,1428,97,Louisville,fbs,ACC,31,"[0, 7, 10, 14]",0.9030488846492514,1691,1681,6.229607411,,,,CollegeFootballData.com API,2026-08-31T17:38:52.365352+00:00,/games,1.3
401643740,2024,9,regular,2024-10-26T02:30:00.000Z,False,True,False,True,42228,6501,Allegiant Stadium,2439,UNLV,fbs,Mountain West,24,"[10, 0, 14, 0]",0.6578167644895134,1674,1668,68,Boise State,fbs,Mountain West,29,"[3, 17, 3, 6]",0.34218323551048657,1711,1717,6.3665972191,,,,CollegeFootballData.com API,2026-08-31T17:38:52.365352+00:00,/games,1.3
401628532,2024,9,regular,2024-10-26T03:00:00.000Z,False,True,False,True,63404,477,Los Angeles Memorial Coliseum,30,USC,fbs,Big Ten,42,"[14, 14, 14, 0]",0.9975996655845599,1756,1776,164,Rutgers,fbs,Big Ten,20,"[3, 9, 8, 0]",0.002400334415440075,1432,1412,4.0025479742,,,,CollegeFootballData.com API,2026-08-31T17:38:52.365352+00:00,/games,1.3
401635597,2024,9,regular,2024-10-26T16:00:00.000Z,False,True,False,True,65633,3799,Lane Stadium,259,Virginia Tech,fbs,ACC,21,"[0, 14, 7, 0]",0.8793186325489889,1674,1697,59,Georgia Tech,fbs,ACC,6,"[3, 3, 0, 0]",0.1206813674510111,1581,1558,5.3299489511,,,,CollegeFootballData.com API,2026-08-31T17:38:52.365352+00:00,/games,1.3
401628402,2024,9,regular,2024-10-26T16:00:00.000Z,False,True,False,True,67926,3974,Vaught-Hemingway Stadium,145,Ole Miss,fbs,SEC,26,"[7, 3, 13, 3]",0.9353244521332963,1905,1911,201,Oklahoma,fbs,SEC,14,"[7, 7, 0, 0]",0.06467554786670371,1694,1688,5.9986776529,,,,CollegeFootballData.com API,2026-08-31T17:38:52.365352+00:00,/games,1.3
401644755,2024,9,regular,2024-10-26T16:00:00.000Z,False,True,False,True,16048,3876,Peden Stadium,195,Ohio,fbs,Mid-American,47,"[3, 21, 9, 14]",0.9987090316324378,1394,1463,2084,Buffalo,fbs,Mid-American,16,"[0, 10, 6, 0]",0.0012909683675621508,1275,1206,5.050823092,,,,CollegeFootballData.com API,2026-08-31T17:38:52.365352+00:00,/games,1.3
401628526,2024,9,regular,2024-10-26T16:00:00.000Z,False,True,False,True,53082,3830,"Memorial Stadium (Bloomington, IN)",84,Indiana,fbs,Big Ten,31,"[7, 10, 7, 7]",0.8790682117437898,1791,1812,264,Washington,fbs,Big Ten,17,"[0, 7, 7, 3]",0.1209317882562102,1707,1686,7.7075789872,,,,CollegeFootballData.com API,2026-08-31T17:38:52.365352+00:00,/games,1.3
401628983,2024,9,regular,2024-10-26T16:00:00.000Z,False,True,True,False,76112,3839,MetLife Stadium,2426,Navy,fbs,American Athletic,14,"[0, 7, 7, 0]",0.31432345100351905,1612,1564,87,Notre Dame,fbs,FBS Independents,51,"[14, 17, 13, 7]",0.6856765489964809,2021,2069,2.5478290735,,,,CollegeFootballData.com API,2026-08-31T17:38:52.365352+00:00,/games,1.3
401635598,2024,9,regular,2024-10-26T16:00:00.000Z,False,True,False,True,44550,3923,Scott Stadium,258,Virginia,fbs,ACC,14,"[3, 3, 0, 8]",0.0004351908298032505,1425,1359,153,North Carolina,fbs,ACC,41,"[7, 17, 14, 3]",0.9995648091701967,1489,1555,2.755188739,,,,CollegeFootballData.com API,2026-08-31T17:38:52.365352+00:00,/games,1.3
401628530,2024,9,regular,2024-10-26T16:00:00.000Z,False,True,False,True,104830,3861,Ohio Stadium,194,Ohio State,fbs,Big Ten,21,"[7, 7, 0, 7]",0.9923267213044521,2076,2063,158,Nebraska,fbs,Big Ten,17,"[0, 6, 3, 8]",0.007673278695547903,1454,1467,7.447834909,,,,CollegeFootballData.com API,2026-08-31T17:38:52.365352+00:00,/games,1.3
401645354,2024,9,regular,2024-10-26T16:00:00.000Z,False,True,False,True,23138,3825,DATCU Stadium,249,North Texas,fbs,American Athletic,37,"[3, 14, 7, 13]",0.02960944458906513,1456,1462,2655,Tulane,fbs,American Athletic,45,"[21, 10, 14, 0]",0.9703905554109349,1738,1732,3.0583480339,,,,CollegeFootballData.com API,2026-08-31T17:38:52.365352+00:00,/games,1.3
401645353,2024,9,regular,2024-10-26T16:00:00.000Z,False,True,False,True,25478,3805,Simmons Bank Liberty Stadium,235,Memphis,fbs,American Athletic,33,"[0, 7, 14, 12]",0.2327610924219729,1612,1601,2429,Charlotte,fbs,American Athletic,28,"[7, 0, 0, 21]",0.767238907578027,1196,1207,8.5391064277,,,,CollegeFootballData.com API,2026-08-31T17:38:52.365352+00:00,/games,1.3
401628403,2024,9,regular,2024-10-26T16:45:00.000Z,False,True,False,True,49303,3693,Davis Wade Stadium,344,Mississippi State,fbs,SEC,25,"[7, 3, 15, 0]",0.0034349712327201836,1405,1322,8,Arkansas,fbs,SEC,58,"[17, 14, 10, 17]",0.9965650287672798,1490,1573,2.4655127937,,,,CollegeFootballData.com API,2026-08-31T17:38:52.365352+00:00,/games,1.3
401643816,2024,9,regular,2024-10-26T17:00:00.000Z,False,True,False,True,33783,3792,Kidd Brewer Stadium,2026,App State,fbs,Sun Belt,33,"[2, 16, 7, 8]",0.9117630693246408,1330,1337,2247,Georgia State,fbs,Sun Belt,26,"[0, 16, 7, 3]",0.0882369306753592,1291,1284,6.3790269201,,,,CollegeFootballData.com API,2026-08-31T17:38:52.365352+00:00,/games,1.3
401645352,2024,9,regular,2024-10-26T18:00:00.000Z,False,True,False,True,33744,3699,Dowdy-Ficklen Stadium,151,East Carolina,fbs,American Athletic,56,"[13, 14, 29, 0]",0.9873955243219903,1292,1328,218,Temple,fbs,American Athletic,34,"[14, 7, 7, 6]",0.012604475678009708,1126,1090,4.8834929966,,,,CollegeFootballData.com API,2026-08-31T17:38:52.365352+00:00,/games,1.3
401644687,2024,9,regular,2024-10-26T18:00:00.000Z,False,True,False,True,10661,3996,Yager Stadium,193,Miami (OH),fbs,Mid-American,46,"[3, 13, 10, 20]",0.9803101001347525,1497,1569,2117,Central Michigan,fbs,Mid-American,7,"[7, 0, 0, 0]",0.019689899865247495,1188,1116,4.4323295747,,,,CollegeFootballData.com API,2026-08-31T17:38:52.365352+00:00,/games,1.3
401645355,2024,9,regular,2024-10-26T19:30:00.000Z,False,True,False,True,17439,3674,Chapman Stadium,202,Tulsa,fbs,American Athletic,46,"[0, 7, 17, 22]",0.7968330724487508,1047,1057,2636,UTSA,fbs,American Athletic,45,"[14, 21, 7, 3]",0.2031669275512492,1391,1381,6.0190795343,,,,CollegeFootballData.com API,2026-08-31T17:38:52.365352+00:00,/games,1.3
401636911,2024,9,regular,2024-10-26T19:30:00.000Z,False,True,False,True,42144,3652,FBC Mortgage Stadium,2116,UCF,fbs,Big 12,24,"[0, 10, 0, 14]",0.03313314175584659,1503,1489,252,BYU,fbs,Big 12,37,"[7, 17, 10, 3]",0.9668668582441534,1664,1678,2.3743109221,,,,CollegeFootballData.com API,2026-08-31T17:38:52.365352+00:00,/games,1.3
401636910,2024,9,regular,2024-10-26T19:30:00.000Z,False,True,False,True,42144,3616,Amon G. Carter Stadium,2628,TCU,fbs,Big 12,35,"[14, 0, 7, 14]",0.9478216451126138,1525,1527,2641,Texas Tech,fbs,Big 12,34,"[3, 14, 14, 3]",0.0521783548873862,1556,1554,7.7070856477,,,,CollegeFootballData.com API,2026-08-31T17:38:52.365352+00:00,/games,1.3
401636906,2024,9,regular,2024-10-26T19:30:00.000Z,False,True,False,True,44987,4727,McLane Stadium,239,Baylor,fbs,Big 12,38,"[3, 14, 7, 14]",0.998212140898507,1545,1558,197,Oklahoma State,fbs,Big 12,28,"[3, 14, 3, 8]",0.001787859101493039,1490,1477,7.6685131792,,,,CollegeFootballData.com API,2026-08-31T17:38:52.365352+00:00,/games,1.3
401635599,2024,9,regular,2024-10-26T19:30:00.000Z,False,True,False,True,23471,3940,Stanford Stadium,24,Stanford,fbs,ACC,24,"[0, 17, 0, 7]",0.32026565036279786,1208,1212,154,Wake Forest,fbs,ACC,27,"[14, 10, 0, 3]",0.6797343496372021,1353,1349,6.1936628219,,,,CollegeFootballData.com API,2026-08-31T17:38:52.365352+00:00,/games,1.3
401628528,2024,9,regular,2024-10-26T19:30:00.000Z,False,True,False,True,48696,3953,Huntington Bank Stadium,135,Minnesota,fbs,Big Ten,48,"[21, 13, 7, 7]",0.9970971140811259,1534,1599,120,Maryland,fbs,Big Ten,23,"[0, 10, 0, 13]",0.0029028859188741096,1553,1488,2.7298827738,,,,CollegeFootballData.com API,2026-08-31T17:38:52.365352+00:00,/games,1.3
401644753,2024,9,regular,2024-10-26T19:30:00.000Z,False,True,False,True,15318,3919,Scheumann Stadium,2050,Ball State,fbs,Mid-American,25,"[7, 12, 0, 6]",0.8486636054422304,1089,1094,2459,Northern Illinois,fbs,Mid-American,23,"[7, 7, 0, 9]",0.1513363945577696,1460,1455,7.8588104996,,,,CollegeFootballData.com API,2026-08-31T17:38:52.365352+00:00,/games,1.3
401644752,2024,9,regular,2024-10-26T19:30:00.000Z,False,True,False,True,4277,3768,InfoCision Stadium,2006,Akron,fbs,Mid-American,25,"[8, 10, 0, 7]",0.8402397523324775,1049,1059,2199,Eastern Michigan,fbs,Mid-American,21,"[0, 0, 14, 7]",0.1597602476675225,1262,1252,7.7669740021,,,,CollegeFootballData.com API,2026-08-31T17:38:52.365352+00:00,/games,1.3
401643817,2024,9,regular,2024-10-26T19:30:00.000Z,False,True,False,True,25399,3651,Bridgeforth Stadium,256,James Madison,fbs,Sun Belt,32,"[0, 17, 8, 7]",0.9863226260269137,1788,1766,2572,Southern Miss,fbs,Sun Belt,15,"[3, 6, 6, 0]",0.013677373973086326,1074,1096,6.320345473,,,,CollegeFootballData.com API,2026-08-31T17:38:52.365352+00:00,/games,1.3
401628400,2024,9,regular,2024-10-26T19:30:00.000Z,False,True,False,True,100077,3657,Bryant-Denny Stadium,333,Alabama,fbs,SEC,34,"[3, 10, 14, 7]",0.998260781485511,1996,2058,142,Missouri,fbs,SEC,0,"[0, 0, 0, 0]",0.0017392185144889938,1735,1673,3.6589486898,,,,CollegeFootballData.com API,2026-08-31T17:38:52.365352+00:00,/games,1.3
401645308,2024,9,regular,2024-10-26T19:30:00.000Z,False,True,False,False,14374,3985,Warren McGuirk Alumni Stadium,113,Massachusetts,fbs,FBS Independents,35,"[7, 14, 0, 14]",0.9750378003346585,986,986,2681,Wagner,fcs,NEC,7,"[0, 0, 7, 0]",0.024962199665341522,,,4.5456108691,,,,CollegeFootballData.com API,2026-08-31T17:38:52.365352+00:00,/games,1.3
401644756,2024,9,regular,2024-10-26T19:30:00.000Z,False,True,False,True,23537,3980,Waldo Stadium,2711,Western Michigan,fbs,Mid-American,52,"[14, 24, 7, 7]",0.9989648557142671,1242,1288,2309,Kent State,fbs,Mid-American,21,"[0, 7, 0, 14]",0.0010351442857329252,924,878,2.4884996685,,,,CollegeFootballData.com API,2026-08-31T17:38:52.365352+00:00,/games,1.3
401644754,2024,9,regular,2024-10-26T19:30:00.000Z,False,True,False,True,29697,3739,Glass Bowl,2649,Toledo,fbs,Mid-American,26,"[7, 13, 6, 0]",0.13080836565884166,1518,1472,189,Bowling Green,fbs,Mid-American,41,"[14, 14, 3, 10]",0.8691916343411583,1410,1456,5.4645428296,,,,CollegeFootballData.com API,2026-08-31T17:38:52.365352+00:00,/games,1.3
401629035,2024,9,regular,2024-10-26T19:30:00.000Z,False,True,False,False,23711,3892,Pratt & Whitney Stadium,41,UConn,fbs,FBS Independents,17,"[0, 0, 7, 10]",0.9799536976195187,1424,1423,242,Rice,fbs,American Athletic,10,"[3, 0, 0, 7]",0.02004630238048133,1235,1236,6.1783739785,,,,CollegeFootballData.com API,2026-08-31T17:38:52.365352+00:00,/games,1.3
401628527,2024,9,regular,2024-10-26T19:30:00.000Z,False,True,False,True,69250,3793,Kinnick Stadium,2294,Iowa,fbs,Big Ten,40,"[3, 9, 28, 0]",0.9887751918036539,1637,1693,77,Northwestern,fbs,Big Ten,14,"[0, 7, 0, 7]",0.011224808196346081,1543,1487,5.1362712138,,,,CollegeFootballData.com API,2026-08-31T17:38:52.365352+00:00,/games,1.3
401628525,2024,9,regular,2024-10-26T19:30:00.000Z,False,True,False,True,59830,3626,Autzen Stadium,2483,Oregon,fbs,Big Ten,38,"[14, 21, 0, 3]",0.9988782056162032,1987,2020,356,Illinois,fbs,Big Ten,9,"[3, 0, 6, 0]",0.0011217943837967814,1602,1569,2.7313233829,,,,CollegeFootballData.com API,2026-08-31T17:38:52.365352+00:00,/games,1.3
401635594,2024,9,regular,2024-10-26T20:00:00.000Z,False,True,False,False,33090,3831,California Memorial Stadium,25,California,fbs,ACC,44,"[14, 17, 10, 3]",0.9989034675798805,1542,1653,204,Oregon State,fbs,Pac-12,7,"[0, 0, 0, 7]",0.0010965324201195337,1578,1467,4.1242971369,,,,CollegeFootballData.com API,2026-08-31T17:38:52.365352+00:00,/games,1.3
401628405,2024,9,regular,2024-10-26T20:15:00.000Z,False,True,False,True,28934,3973,FirstBank Stadium,238,Vanderbilt,fbs,SEC,24,"[7, 3, 7, 7]",0.4011376899370136,1396,1428,251,Texas,fbs,SEC,27,"[14, 7, 3, 3]",0.5988623100629864,2089,2057,4.1653351519,,,,CollegeFootballData.com API,2026-08-31T17:38:52.365352+00:00,/games,1.3
401643819,2024,9,regular,2024-10-26T21:00:00.000Z,False,True,False,True,16746,6526,Hancock Whitney Stadium,6,South Alabama,fbs,Sun Belt,46,"[7, 5, 20, 14]",0.9418698506478463,1606,1644,2433,UL Monroe,fbs,Sun Belt,17,"[7, 10, 0, 0]",0.05813014935215366,1272,1234,6.0528725941,,,,CollegeFootballData.com API,2026-08-31T17:38:52.365352+00:00,/games,1.3
401643741,2024,9,regular,2024-10-26T21:00:00.000Z,False,True,False,True,36980,5388,Canvas Stadium,36,Colorado State,fbs,Mountain West,17,"[0, 17, 0, 0]",0.9115852563177875,1295,1313,167,New Mexico,fbs,Mountain West,6,"[0, 3, 3, 0]",0.08841474368221247,1273,1255,4.9296393321,,,,CollegeFootballData.com API,2026-08-31T17:38:52.365352+00:00,/games,1.3
401636908,2024,9,regular,2024-10-26T23:00:00.000Z,False,True,False,True,28251,4728,TDECU Stadium,248,Houston,fbs,Big 12,17,"[0, 7, 0, 10]",0.8441237004950815,1334,1338,254,Utah,fbs,Big 12,14,"[7, 0, 7, 0]",0.15587629950491855,1572,1568,8.2922591272,,,,CollegeFootballData.com API,2026-08-31T17:38:52.365352+00:00,/games,1.3
401636905,2024,9,regular,2024-10-26T23:00:00.000Z,False,True,False,True,49888,3619,Arizona Stadium,12,Arizona,fbs,Big 12,26,"[0, 7, 6, 13]",0.21146441783186035,1526,1518,277,West Virginia,fbs,Big 12,31,"[10, 7, 7, 7]",0.7885355821681397,1541,1549,3.4809917974,,,,CollegeFootballData.com API,2026-08-31T17:38:52.365352+00:00,/games,1.3
401643818,2024,9,regular,2024-10-26T23:00:00.000Z,False,True,False,True,17162,3625,Centennial Bank Stadium,2032,Arkansas State,fbs,Sun Belt,34,"[13, 10, 3, 8]",0.33265760871550765,1283,1286,2653,Troy,fbs,Sun Belt,31,"[0, 3, 21, 7]",0.6673423912844924,1432,1429,7.7146827131,,,,CollegeFootballData.com API,2026-08-31T17:38:52.365352+00:00,/games,1.3
401643745,2024,9,regular,2024-10-26T23:00:00.000Z,False,True,False,True,17724,3984,War Memorial Stadium,2751,Wyoming,fbs,Mountain West,25,"[3, 7, 6, 9]",0.876798881373885,1287,1278,328,Utah State,fbs,Mountain West,27,"[7, 10, 0, 10]",0.12320111862611505,1170,1179,8.0133648224,,,,CollegeFootballData.com API,2026-08-31T17:38:52.365352+00:00,/games,1.3
401635596,2024,9,regular,2024-10-26T23:00:00.000Z,False,True,False,True,66200,3948,Hard Rock Stadium,2390,Miami,fbs,ACC,36,"[7, 10, 6, 13]",0.9909618573800546,1826,1848,52,Florida State,fbs,ACC,14,"[0, 7, 0, 7]",0.0090381426199454,1526,1504,6.0033018293,,,,CollegeFootballData.com API,2026-08-31T17:38:52.365352+00:00,/games,1.3
401628529,2024,9,regular,2024-10-26T23:30:00.000Z,False,True,False,True,110849,3558,Michigan Stadium,130,Michigan,fbs,Big Ten,24,"[0, 9, 7, 8]",0.6235374783179265,1817,1808,127,Michigan State,fbs,Big Ten,17,"[7, 0, 3, 7]",0.3764625216820735,1456,1465,7.0561258048,,,,CollegeFootballData.com API,2026-08-31T17:38:52.365352+00:00,/games,1.3
401628404,2024,9,regular,2024-10-26T23:30:00.000Z,False,True,False,True,108852,3795,Kyle Field,245,Texas A&M,fbs,SEC,38,"[7, 0, 14, 17]",0.9018287792367656,1771,1814,99,LSU,fbs,SEC,23,"[10, 7, 0, 6]",0.09817122076323437,1898,1855,6.6754087222,,,,CollegeFootballData.com API,2026-08-31T17:38:52.365352+00:00,/games,1.3
401628531,2024,9,regular,2024-10-26T23:30:00.000Z,False,True,False,True,76403,347,Camp Randall Stadium,275,Wisconsin,fbs,Big Ten,13,"[3, 7, 3, 0]",0.0025452049103736733,1755,1734,213,Penn State,fbs,Big Ten,28,"[0, 7, 7, 14]",0.9974547950896263,1897,1918,6.5260801875,,,,CollegeFootballData.com API,2026-08-31T17:38:52.365352+00:00,/games,1.3
401628401,2024,9,regular,2024-10-26T23:45:00.000Z,False,True,False,True,60605,3683,Kroger Field,96,Kentucky,fbs,SEC,10,"[10, 0, 0, 0]",0.0014103188259993993,1559,1526,2,Auburn,fbs,SEC,24,"[0, 10, 7, 7]",0.9985896811740006,1552,1585,4.3559521997,,,,CollegeFootballData.com API,2026-08-31T17:38:52.365352+00:00,/games,1.3
401636909,2024,9,regular,2024-10-27T00:00:00.000Z,False,True,False,True,52074,3636,Bill Snyder Family Stadium,2306,Kansas State,fbs,Big 12,29,"[0, 16, 7, 6]",0.40494031006190556,1799,1797,2305,Kansas,fbs,Big 12,27,"[7, 7, 13, 0]",0.5950596899380944,1631,1633,9.2963759892,,,,CollegeFootballData.com API,2026-08-31T17:38:52.365352+00:00,/games,1.3
401643742,2024,9,regular,2024-10-27T00:00:00.000Z,False,True,False,True,41343,3660,Valley Children's Stadium,278,Fresno State,fbs,Mountain West,33,"[3, 17, 7, 6]",0.9262399371758028,1495,1559,23,San José State,fbs,Mountain West,10,"[7, 0, 0, 3]",0.07376006282419723,1561,1497,6.4113726518,,,,CollegeFootballData.com API,2026-08-31T17:38:52.365352+00:00,/games,1.3
401635595,2024,9,regular,2024-10-27T00:00:00.000Z,False,True,False,True,30241,3982,Wallace Wade Stadium,150,Duke,fbs,ACC,27,"[7, 0, 6, 8, 6]",0.05043302114683991,1604,1611,2567,SMU,fbs,ACC,28,"[0, 14, 7, 0, 7]",0.9495669788531601,1786,1779,7.2331183406,,,,CollegeFootballData.com API,2026-08-31T17:38:52.365352+00:00,/games,1.3
401636907,2024,9,regular,2024-10-27T02:15:00.000Z,False,True,False,True,53202,3726,Folsom Field,38,Colorado,fbs,Big 12,34,"[14, 10, 7, 3]",0.7238632794092985,1580,1598,2132,Cincinnati,fbs,Big 12,23,"[7, 7, 0, 9]",0.2761367205907015,1554,1536,4.9811711598,,,,CollegeFootballData.com API,2026-08-31T17:38:52.365352+00:00,/games,1.3
401643744,2024,9,regular,2024-10-27T02:30:00.000Z,False,True,False,False,26937,7311,Snapdragon Stadium,21,San Diego State,fbs,Mountain West,26,"[6, 6, 7, 7]",0.07168529000815156,1344,1355,265,Washington State,fbs,Pac-12,29,"[7, 7, 0, 15]",0.9283147099918484,1608,1597,7.3872889871,,,,CollegeFootballData.com API,2026-08-31T17:38:52.365352+00:00,/games,1.3
401643743,2024,9,regular,2024-10-27T03:59:00.000Z,False,True,False,True,12006,7220,Clarence T.C. Ching Athletics Complex,62,Hawai'i,fbs,Mountain West,34,"[14, 3, 7, 10]",0.9803126790918862,1167,1228,2440,Nevada,fbs,Mountain West,13,"[0, 0, 7, 6]",0.01968732090811376,1267,1206,4.6788166203,,,,CollegeFootballData.com API,2026-08-31T17:38:52.365352+00:00,/games,1.3
401640985,2024,10,regular,2024-10-29T23:00:00.000Z,False,True,True,True,9103,2031,Pitbull Stadium,2229,Florida International,fbs,Conference USA,34,"[0, 7, 13, 14]",0.9987978636225876,1248,1297,166,New Mexico State,fbs,Conference USA,13,"[0, 6, 0, 7]",0.0012021363774123994,1164,1115,6.3519560546,,,,CollegeFootballData.com API,2026-08-31T17:38:52.365352+00:00,/games,1.3
401643820,2024,10,regular,2024-10-29T23:30:00.000Z,False,True,False,True,16831,3644,Bobcat Stadium (TX),326,Texas State,fbs,Sun Belt,17,"[6, 0, 8, 3]",0.24266100411613284,1602,1586,309,Louisiana,fbs,Sun Belt,23,"[7, 7, 3, 6]",0.7573389958838672,1538,1554,5.7318149573,,,,CollegeFootballData.com API,2026-08-31T17:38:52.365352+00:00,/games,1.3
401641012,2024,10,regular,2024-10-30T00:00:00.000Z,False,True,False,True,9128,3647,Elliott T. Bowers Stadium,2534,Sam Houston,fbs,Conference USA,9,"[2, 0, 7, 0]",0.9658381558453739,1415,1416,2348,Louisiana Tech,fbs,Conference USA,3,"[3, 0, 0, 0]",0.034161844154626086,1284,1283,6.8158413768,,,,CollegeFootballData.com API,2026-08-31T17:38:52.365352+00:00,/games,1.3
401640994,2024,10,regular,2024-10-30T23:00:00.000Z,False,True,False,True,18069,3992,Williams Stadium (VA),2335,Liberty,fbs,Conference USA,21,"[7, 7, 0, 7]",0.1592485617629869,1575,1560,55,Jacksonville State,fbs,Conference USA,31,"[7, 7, 10, 7]",0.8407514382370131,1642,1657,5.5404093676,,,,CollegeFootballData.com API,2026-08-31T17:38:52.365352+00:00,/games,1.3
401641020,2024,10,regular,2024-10-30T23:30:00.000Z,False,True,False,True,14547,3796,Houchens Industries-L.T. Smith Stadium,98,Western Kentucky,fbs,Conference USA,31,"[21, 3, 0, 7]",0.9978478668182061,1496,1512,338,Kennesaw State,fbs,Conference USA,14,"[7, 0, 0, 7]",0.0021521331817938583,1261,1245,4.1074294555,,,,CollegeFootballData.com API,2026-08-31T17:38:52.365352+00:00,/games,1.3
401645356,2024,10,regular,2024-10-31T23:30:00.000Z,False,True,False,True,12268,4418,Jerry Richardson Stadium,2429,Charlotte,fbs,American Athletic,3,"[0, 3, 0, 0]",0.0004302629522892325,1207,1182,2655,Tulane,fbs,American Athletic,34,"[3, 7, 10, 14]",0.9995697370477108,1732,1757,2.7032661126,,,,CollegeFootballData.com API,2026-08-31T17:38:52.365352+00:00,/games,1.3
401629036,2024,10,regular,2024-11-01T23:00:00.000Z,False,True,False,False,22028,3892,Pratt & Whitney Stadium,41,UConn,fbs,FBS Independents,34,"[10, 3, 7, 14]",0.9524868849171059,1423,1425,2247,Georgia State,fbs,Sun Belt,27,"[0, 10, 3, 14]",0.04751311508289413,1284,1282,6.4596963464,,,,CollegeFootballData.com API,2026-08-31T17:38:52.365352+00:00,/games,1.3
401645357,2024,10,regular,2024-11-01T23:30:00.000Z,False,True,False,True,20111,3715,FAU Stadium,2226,Florida Atlantic,fbs,American Athletic,21,"[7, 7, 7, 0]",0.05572316655248034,1260,1207,58,South Florida,fbs,American Athletic,44,"[0, 7, 24, 13]",0.9442768334475197,1326,1379,6.9351106836,,,,CollegeFootballData.com API,2026-08-31T17:38:52.365352+00:00,/games,1.3
401643747,2024,10,regular,2024-11-02T00:00:00.000Z,False,True,False,True,36838,3653,Albertsons Stadium,68,Boise State,fbs,Mountain West,56,"[21, 14, 7, 14]",0.9989695752354796,1717,1761,21,San Diego State,fbs,Mountain West,24,"[0, 10, 0, 14]",0.0010304247645204212,1355,1311,2.582577739,,,,CollegeFootballData.com API,2026-08-31T17:38:52.365352+00:00,/games,1.3
401635601,2024,10,regular,2024-11-02T16:00:00.000Z,False,True,False,True,60189,3948,Hard Rock Stadium,2390,Miami,fbs,ACC,53,"[14, 3, 15, 21]",0.647674742762091,1848,1877,150,Duke,fbs,ACC,31,"[7, 14, 7, 3]",0.352325257237909,1611,1582,6.5023390558,,,,CollegeFootballData.com API,2026-08-31T17:38:52.365352+00:00,/games,1.3
401645359,2024,10,regular,2024-11-02T16:00:00.000Z,False,True,False,True,17198,3604,Alamodome,2636,UTSA,fbs,American Athletic,44,"[14, 10, 10, 10]",0.6137697230939547,1381,1408,235,Memphis,fbs,American Athletic,36,"[10, 14, 0, 12]",0.3862302769060453,1601,1574,6.1679760926,,,,CollegeFootballData.com API,2026-08-31T17:38:52.365352+00:00,/games,1.3
401635604,2024,10,regular,2024-11-02T16:00:00.000Z,False,True,False,True,38454,1964,JMA Wireless Dome,183,Syracuse,fbs,ACC,38,"[0, 3, 15, 13, 7]",0.10978376037100246,1360,1391,259,Virginia Tech,fbs,ACC,31,"[14, 0, 7, 10, 0]",0.8902162396289975,1697,1666,7.0122394034,,,,CollegeFootballData.com API,2026-08-31T17:38:52.365352+00:00,/games,1.3
401635516,2024,10,regular,2024-11-02T16:00:00.000Z,False,True,False,True,56919,3670,Carter-Finley Stadium,152,NC State,fbs,ACC,59,"[14, 17, 21, 7]",0.9980640612718844,1460,1514,24,Stanford,fbs,ACC,28,"[7, 7, 7, 7]",0.0019359387281155938,1212,1158,3.6194951636,,,,CollegeFootballData.com API,2026-08-31T17:38:52.365352+00:00,/games,1.3
401643746,2024,10,regular,2024-11-02T16:00:00.000Z,False,True,False,False,30046,3841,Michie Stadium,349,Army,fbs,American Athletic,20,"[3, 3, 7, 7]",0.9633326060577443,1649,1654,2005,Air Force,fbs,Mountain West,3,"[0, 3, 0, 0]",0.03666739394225571,1292,1287,4.7319735434,,,,CollegeFootballData.com API,2026-08-31T17:38:52.365352+00:00,/games,1.3
401628539,2024,10,regular,2024-11-02T16:00:00.000Z,False,True,False,True,111030,3632,Beaver Stadium,213,Penn State,fbs,Big Ten,13,"[10, 0, 3, 0]",0.060240787459640795,1918,1916,194,Ohio State,fbs,Big Ten,20,"[7, 7, 3, 3]",0.9397592125403592,2063,2065,4.9702867862,,,,CollegeFootballData.com API,2026-08-31T17:38:52.365352+00:00,/games,1.3
401644758,2024,10,regular,2024-11-02T16:00:00.000Z,False,True,False,True,13044,3912,Rynearson Stadium,2199,Eastern Michigan,fbs,Mid-American,28,"[7, 3, 9, 9]",0.42060547224993694,1252,1261,2649,Toledo,fbs,Mid-American,29,"[0, 7, 0, 22]",0.5793945277500631,1472,1463,6.6184400987,,,,CollegeFootballData.com API,2026-08-31T17:38:52.365352+00:00,/games,1.3
401644757,2024,10,regular,2024-11-02T16:00:00.000Z,False,True,False,True,4610,3768,InfoCision Stadium,2006,Akron,fbs,Mid-American,30,"[7, 0, 0, 23]",0.053870442245811695,1059,1048,2084,Buffalo,fbs,Mid-American,41,"[14, 10, 14, 3]",0.9461295577541883,1206,1217,4.8255888139,,,,CollegeFootballData.com API,2026-08-31T17:38:52.365352+00:00,/games,1.3
401628410,2024,10,regular,2024-11-02T16:00:00.000Z,False,True,False,False,82831,3835,"Memorial Stadium (Norman, OK)",201,Oklahoma,fbs,SEC,59,"[7, 28, 14, 10]",0.9989428838230759,1682,1682,311,Maine,fcs,Coastal Athletic,14,"[7, 0, 0, 7]",0.0010571161769240556,,,3.2441705147,,,,CollegeFootballData.com API,2026-08-31T17:38:52.365352+00:00,/games,1.3
401628533,2024,10,regular,2024-11-02T16:00:00.000Z,False,True,False,True,58088,3832,"Memorial Stadium (Champaign, IL)",356,Illinois,fbs,Big Ten,17,"[0, 10, 0, 7]",0.505560602657274,1569,1556,135,Minnesota,fbs,Big Ten,25,"[3, 10, 3, 9]",0.494439397342726,1599,1612,6.2528566502,,,,CollegeFootballData.com API,2026-08-31T17:38:52.365352+00:00,/games,1.3
401628406,2024,10,regular,2024-11-02T16:00:00.000Z,False,True,False,True,72894,3887,Razorback Stadium,8,Arkansas,fbs,SEC,31,"[3, 7, 14, 7]",0.018898573183159847,1573,1524,145,Ole Miss,fbs,SEC,63,"[7, 28, 21, 7]",0.9811014268168402,1911,1960,2.2293838949,,,,CollegeFootballData.com API,2026-08-31T17:38:52.365352+00:00,/games,1.3
401628538,2024,10,regular,2024-11-02T16:00:00.000Z,False,True,False,True,61141,3907,Ross-Ade Stadium,2509,Purdue,fbs,Big Ten,20,"[3, 7, 3, 7, 0]",0.026807942074695553,1212,1220,77,Northwestern,fbs,Big Ten,26,"[10, 7, 0, 3, 6]",0.9731920579253045,1487,1479,7.1001722357,,,,CollegeFootballData.com API,2026-08-31T17:38:52.365352+00:00,/games,1.3
401628407,2024,10,regular,2024-11-02T16:45:00.000Z,False,True,False,True,88043,3785,Jordan-Hare Stadium,2,Auburn,fbs,SEC,7,"[0, 7, 0, 0]",0.6765525361341936,1585,1550,238,Vanderbilt,fbs,SEC,17,"[7, 0, 3, 7]",0.32344746386580636,1428,1463,6.1417242135,,,,CollegeFootballData.com API,2026-08-31T17:38:52.365352+00:00,/games,1.3
401645358,2024,10,regular,2024-11-02T18:30:00.000Z,False,True,False,True,17944,7221,Protective Stadium,5,UAB,fbs,American Athletic,59,"[21, 24, 14, 0]",0.9984194481059699,1090,1195,202,Tulsa,fbs,American Athletic,21,"[0, 7, 7, 7]",0.0015805518940300578,1057,952,2.2607475667,,,,CollegeFootballData.com API,2026-08-31T17:38:52.365352+00:00,/games,1.3
401643821,2024,10,regular,2024-11-02T18:30:00.000Z,False,True,False,True,34954,3792,Kidd Brewer Stadium,2026,App State,fbs,Sun Belt,28,"[7, 7, 7, 7]",0.8755821837173045,1337,1359,295,Old Dominion,fbs,Sun Belt,20,"[3, 14, 3, 0]",0.12441781628269555,1494,1472,6.602430075,,,,CollegeFootballData.com API,2026-08-31T17:38:52.365352+00:00,/games,1.3
401636916,2024,10,regular,2024-11-02T19:30:00.000Z,False,True,False,True,42110,3652,FBC Mortgage Stadium,2116,UCF,fbs,Big 12,56,"[14, 21, 14, 7]",0.9987704823612363,1489,1625,12,Arizona,fbs,Big 12,12,"[0, 6, 6, 0]",0.0012295176387636664,1518,1382,2.9223236571,,,,CollegeFootballData.com API,2026-08-31T17:38:52.365352+00:00,/games,1.3
401635602,2024,10,regular,2024-11-02T19:30:00.000Z,False,True,False,True,55107,3697,Doak Campbell Stadium,52,Florida State,fbs,ACC,11,"[3, 0, 8, 0]",0.0006741219753864182,1504,1447,153,North Carolina,fbs,ACC,35,"[0, 14, 14, 7]",0.9993258780246136,1555,1612,3.4343611299,,,,CollegeFootballData.com API,2026-08-31T17:38:52.365352+00:00,/games,1.3
401643822,2024,10,regular,2024-11-02T19:30:00.000Z,False,True,False,True,21478,3775,Joan C. Edwards Stadium,276,Marshall,fbs,Sun Belt,28,"[7, 7, 0, 14]",0.28710058433552904,1417,1415,2433,UL Monroe,fbs,Sun Belt,23,"[7, 7, 0, 9]",0.712899415664471,1234,1236,6.6169647572,,,,CollegeFootballData.com API,2026-08-31T17:38:52.365352+00:00,/games,1.3
401636913,2024,10,regular,2024-11-02T19:30:00.000Z,False,True,False,True,23085,4728,TDECU Stadium,248,Houston,fbs,Big 12,24,"[0, 10, 0, 14]",0.8327611468803445,1338,1364,2306,Kansas State,fbs,Big 12,19,"[3, 13, 3, 0]",0.16723885311965547,1797,1771,6.9058300992,,,,CollegeFootballData.com API,2026-08-31T17:38:52.365352+00:00,/games,1.3
401628408,2024,10,regular,2024-11-02T19:30:00.000Z,False,True,True,True,76307,3712,EverBank Stadium,61,Georgia,fbs,SEC,34,"[3, 3, 14, 14]",0.9697807568208445,2058,2057,57,Florida,fbs,SEC,20,"[0, 13, 0, 7]",0.030219243179155475,1634,1635,9.0550589741,,,,CollegeFootballData.com API,2026-08-31T17:38:52.365352+00:00,/games,1.3
401628537,2024,10,regular,2024-11-02T19:30:00.000Z,False,True,False,True,87453,3834,"Memorial Stadium (Lincoln, NE)",158,Nebraska,fbs,Big Ten,20,"[0, 7, 7, 6]",0.00765968479251004,1467,1453,26,UCLA,fbs,Big Ten,27,"[3, 10, 14, 0]",0.99234031520749,1456,1470,4.0336124602,,,,CollegeFootballData.com API,2026-08-31T17:38:52.365352+00:00,/games,1.3
401628536,2024,10,regular,2024-11-02T19:30:00.000Z,False,True,False,True,110576,3558,Michigan Stadium,130,Michigan,fbs,Big Ten,17,"[7, 3, 7, 0]",0.026839761370403302,1808,1778,2483,Oregon,fbs,Big Ten,38,"[7, 21, 3, 7]",0.9731602386295967,2020,2050,3.2552169408,,,,CollegeFootballData.com API,2026-08-31T17:38:52.365352+00:00,/games,1.3
401628534,2024,10,regular,2024-11-02T19:30:00.000Z,False,True,False,True,68423,3936,Spartan Stadium,127,Michigan State,fbs,Big Ten,10,"[10, 0, 0, 0]",0.009606986273236702,1465,1402,84,Indiana,fbs,Big Ten,47,"[0, 21, 12, 14]",0.9903930137267632,1812,1875,3.3369924068,,,,CollegeFootballData.com API,2026-08-31T17:38:52.365352+00:00,/games,1.3
401636914,2024,10,regular,2024-11-02T19:30:00.000Z,False,True,False,True,61500,3772,Jack Trice Stadium,66,Iowa State,fbs,Big 12,22,"[3, 10, 0, 9]",0.48596865208953,1771,1759,2641,Texas Tech,fbs,Big 12,23,"[10, 0, 7, 6]",0.51403134791047,1554,1566,6.4834102391,,,,CollegeFootballData.com API,2026-08-31T17:38:52.365352+00:00,/games,1.3
401636915,2024,10,regular,2024-11-02T19:30:00.000Z,False,True,False,True,52202,3646,Boone Pickens Stadium,197,Oklahoma State,fbs,Big 12,21,"[0, 14, 0, 7]",0.0017301732987625102,1477,1427,9,Arizona State,fbs,Big 12,42,"[7, 14, 7, 14]",0.9982698267012375,1513,1563,3.5309041035,,,,CollegeFootballData.com API,2026-08-31T17:38:52.365352+00:00,/games,1.3
401641026,2024,10,regular,2024-11-02T19:30:00.000Z,False,True,False,True,14775,3946,Sun Bowl,2638,UTEP,fbs,Conference USA,13,"[3, 7, 3, 0]",0.5420947423894649,1162,1147,2393,Middle Tennessee,fbs,Conference USA,20,"[3, 7, 3, 7]",0.45790525761053513,1137,1152,8.7961969822,,,,CollegeFootballData.com API,2026-08-31T17:38:52.365352+00:00,/games,1.3
401643824,2024,10,regular,2024-11-02T20:00:00.000Z,False,True,False,True,24223,3975,Veterans Memorial Stadium (AL),2653,Troy,fbs,Sun Belt,38,"[7, 21, 7, 3]",0.9968836682729194,1429,1455,324,Coastal Carolina,fbs,Sun Belt,24,"[7, 0, 17, 0]",0.00311633172708059,1402,1376,6.0846892671,,,,CollegeFootballData.com API,2026-08-31T17:38:52.365352+00:00,/games,1.3
401645360,2024,10,regular,2024-11-02T20:00:00.000Z,False,True,False,True,21253,3895,Rice Stadium,242,Rice,fbs,American Athletic,24,"[14, 3, 7, 0]",0.4629824703551783,1236,1296,2426,Navy,fbs,American Athletic,10,"[0, 7, 0, 3]",0.5370175296448216,1564,1504,3.9986166134,,,,CollegeFootballData.com API,2026-08-31T17:38:52.365352+00:00,/games,1.3
401643750,2024,10,regular,2024-11-02T20:00:00.000Z,False,True,False,True,15046,3971,University Stadium (NM),167,New Mexico,fbs,Mountain West,45,"[13, 22, 10, 0]",0.08663613272417485,1255,1250,2751,Wyoming,fbs,Mountain West,49,"[14, 21, 0, 14]",0.9133638672758252,1278,1283,7.3534857185,,,,CollegeFootballData.com API,2026-08-31T17:38:52.365352+00:00,/games,1.3
401628409,2024,10,regular,2024-11-02T20:15:00.000Z,False,True,False,False,48617,3693,Davis Wade Stadium,344,Mississippi State,fbs,SEC,45,"[0, 21, 14, 10]",0.7819472347062157,1322,1353,113,Massachusetts,fbs,FBS Independents,20,"[10, 0, 0, 10]",0.21805276529378426,1025,994,4.0898992303,,,,CollegeFootballData.com API,2026-08-31T17:38:52.365352+00:00,/games,1.3
401643749,2024,10,regular,2024-11-02T23:00:00.000Z,False,True,False,True,41575,3660,Valley Children's Stadium,278,Fresno State,fbs,Mountain West,20,"[7, 6, 7, 0]",0.4175894403697216,1559,1540,62,Hawai'i,fbs,Mountain West,21,"[7, 0, 0, 14]",0.5824105596302784,1228,1247,7.1825140572,,,,CollegeFootballData.com API,2026-08-31T17:38:52.365352+00:00,/games,1.3
401628540,2024,10,regular,2024-11-02T23:30:00.000Z,False,True,False,True,71251,3765,Husky Stadium,264,Washington,fbs,Big Ten,26,"[10, 10, 0, 6]",0.8116719776024703,1686,1695,30,USC,fbs,Big Ten,21,"[0, 7, 14, 0]",0.18832802239752966,1776,1767,8.0922618356,,,,CollegeFootballData.com API,2026-08-31T17:38:52.365352+00:00,/games,1.3
401643823,2024,10,regular,2024-11-02T23:30:00.000Z,False,True,False,True,19667,6526,Hancock Whitney Stadium,6,South Alabama,fbs,Sun Belt,30,"[3, 10, 17, 0]",0.6027765635894256,1644,1618,290,Georgia Southern,fbs,Sun Belt,34,"[7, 7, 0, 20]",0.39722343641057445,1371,1397,4.9050448692,,,,CollegeFootballData.com API,2026-08-31T17:38:52.365352+00:00,/games,1.3
401635600,2024,10,regular,2024-11-02T23:30:00.000Z,False,True,False,True,80446,3836,"Memorial Stadium (Clemson, SC)",228,Clemson,fbs,ACC,21,"[7, 0, 0, 14]",0.6049979350595786,1863,1819,97,Louisville,fbs,ACC,33,"[3, 14, 9, 7]",0.39500206494042145,1681,1725,4.2410658048,,,,CollegeFootballData.com API,2026-08-31T17:38:52.365352+00:00,/games,1.3
401628535,2024,10,regular,2024-11-02T23:30:00.000Z,False,True,False,True,69250,3793,Kinnick Stadium,2294,Iowa,fbs,Big Ten,42,"[0, 14, 14, 14]",0.9987136888626663,1693,1786,275,Wisconsin,fbs,Big Ten,10,"[3, 0, 0, 7]",0.0012863111373336844,1734,1641,3.7719334733,,,,CollegeFootballData.com API,2026-08-31T17:38:52.365352+00:00,/games,1.3
401628411,2024,10,regular,2024-11-02T23:30:00.000Z,False,True,False,True,80298,3994,Williams-Brice Stadium,2579,South Carolina,fbs,SEC,44,"[14, 6, 10, 14]",0.9430706784421996,1744,1812,245,Texas A&M,fbs,SEC,20,"[3, 17, 0, 0]",0.056929321557800394,1814,1746,5.9248578889,,,,CollegeFootballData.com API,2026-08-31T17:38:52.365352+00:00,/games,1.3
401628412,2024,10,regular,2024-11-02T23:45:00.000Z,False,True,False,True,101915,3853,Neyland Stadium,2633,Tennessee,fbs,SEC,28,"[0, 7, 14, 7]",0.957040303957247,1950,1939,96,Kentucky,fbs,SEC,18,"[7, 3, 0, 8]",0.04295969604275296,1526,1537,8.1829708813,,,,CollegeFootballData.com API,2026-08-31T17:38:52.365352+00:00,/games,1.3
401635627,2024,10,regular,2024-11-03T00:00:00.000Z,False,True,False,True,34648,3735,Gerald J. Ford Stadium,2567,SMU,fbs,ACC,48,"[7, 24, 3, 14]",0.9986669764618659,1779,1814,221,Pittsburgh,fbs,ACC,25,"[3, 0, 8, 14]",0.001333023538134137,1576,1541,3.5768602725,,,,CollegeFootballData.com API,2026-08-31T17:38:52.365352+00:00,/games,1.3
401636912,2024,10,regular,2024-11-03T00:00:00.000Z,False,True,False,True,44171,4727,McLane Stadium,239,Baylor,fbs,Big 12,37,"[7, 6, 7, 17]",0.43434377789501794,1558,1559,2628,TCU,fbs,Big 12,34,"[7, 10, 10, 7]",0.5656562221049821,1527,1526,8.663106695,,,,CollegeFootballData.com API,2026-08-31T17:38:52.365352+00:00,/games,1.3
401643748,2024,10,regular,2024-11-03T00:00:00.000Z,False,True,False,True,16019,3816,Mackay Stadium,2440,Nevada,fbs,Mountain West,21,"[0, 0, 7, 14]",0.5782702651320293,1206,1176,36,Colorado State,fbs,Mountain West,38,"[14, 3, 11, 10]",0.4217297348679707,1313,1343,1.7841988898,,,,CollegeFootballData.com API,2026-08-31T17:38:52.365352+00:00,/games,1.3
401644760,2024,11,regular,2024-11-06T00:30:00.000Z,False,True,False,True,7832,3786,Kelly/Shorts Stadium,2117,Central Michigan,fbs,Mid-American,13,"[0, 7, 0, 6]",0.5514883502083159,1116,1123,189,Bowling Green,fbs,Mid-American,23,"[3, 6, 7, 7]",0.4485116497916841,1456,1449,3.4628314861,,,,CollegeFootballData.com API,2026-08-31T17:38:52.365352+00:00,/games,1.3
401644688,2024,11,regular,2024-11-06T01:00:00.000Z,False,True,False,True,6412,3919,Scheumann Stadium,2050,Ball State,fbs,Mid-American,21,"[7, 6, 8, 0]",0.45153305370366215,1094,1115,193,Miami (OH),fbs,Mid-American,27,"[7, 14, 0, 6]",0.5484669462963379,1569,1548,5.7940036645,,,,CollegeFootballData.com API,2026-08-31T17:38:52.365352+00:00,/games,1.3
401644761,2024,11,regular,2024-11-07T00:00:00.000Z,False,True,False,True,5662,3696,Dix Stadium,2309,Kent State,fbs,Mid-American,0,"[0, 0, 0, 0]",0.001342140821977892,878,831,195,Ohio,fbs,Mid-American,41,"[10, 10, 14, 7]",0.9986578591780221,1463,1510,2.7053808295,,,,CollegeFootballData.com API,2026-08-31T17:38:52.365352+00:00,/games,1.3
401644762,2024,11,regular,2024-11-07T00:00:00.000Z,False,True,False,True,10346,3980,Waldo Stadium,2711,Western Michigan,fbs,Mid-American,28,"[7, 7, 7, 7]",0.07115971646594085,1288,1272,2459,Northern Illinois,fbs,Mid-American,42,"[0, 21, 21, 0]",0.9288402835340591,1455,1471,3.6264519232,,,,CollegeFootballData.com API,2026-08-31T17:38:52.365352+00:00,/games,1.3
401645361,2024,11,regular,2024-11-08T01:00:00.000Z,False,True,False,True,30573,3699,Dowdy-Ficklen Stadium,151,East Carolina,fbs,American Athletic,49,"[21, 14, 7, 7]",0.9989689193958727,1328,1410,2226,Florida Atlantic,fbs,American Athletic,14,"[0, 7, 0, 7]",0.0010310806041272658,1207,1125,2.7443729107,,,,CollegeFootballData.com API,2026-08-31T17:38:52.365352+00:00,/games,1.3
401643825,2024,11,regular,2024-11-08T01:00:00.000Z,False,True,False,True,19415,3654,Brooks Stadium (SC),324,Coastal Carolina,fbs,Sun Belt,38,"[14, 3, 14, 7]",0.9451358835042454,1376,1403,2026,App State,fbs,Sun Belt,24,"[0, 10, 0, 14]",0.05486411649575462,1359,1332,4.4861180165,,,,CollegeFootballData.com API,2026-08-31T17:38:52.365352+00:00,/games,1.3
401634773,2024,11,regular,2024-11-09T01:00:00.000Z,False,True,False,True,28455,3630,Allegacy Federal Credit Union Stadium,154,Wake Forest,fbs,ACC,36,"[7, 7, 7, 15]",0.18697994028614287,1349,1353,25,California,fbs,ACC,46,"[10, 19, 7, 10]",0.8130200597138572,1653,1649,6.1989117704,,,,CollegeFootballData.com API,2026-08-31T17:38:52.365352+00:00,/games,1.3
401628542,2024,11,regular,2024-11-09T02:00:00.000Z,False,True,False,True,53467,1056,Rose Bowl,26,UCLA,fbs,Big Ten,20,"[0, 17, 0, 3]",0.3388965363628089,1470,1476,2294,Iowa,fbs,Big Ten,17,"[10, 0, 0, 7]",0.6611034636371911,1786,1780,7.1761600379,,,,CollegeFootballData.com API,2026-08-31T17:38:52.365352+00:00,/games,1.3
401645362,2024,11,regular,2024-11-09T02:00:00.000Z,False,True,False,True,23692,3805,Simmons Bank Liberty Stadium,235,Memphis,fbs,American Athletic,27,"[0, 17, 0, 10]",0.9068114738286155,1574,1569,242,Rice,fbs,American Athletic,20,"[6, 7, 0, 7]",0.09318852617138451,1296,1301,6.8754092893,,,,CollegeFootballData.com API,2026-08-31T17:38:52.365352+00:00,/games,1.3
401643754,2024,11,regular,2024-11-09T03:30:00.000Z,False,True,False,True,21832,7311,Snapdragon Stadium,21,San Diego State,fbs,Mountain West,16,"[3, 10, 3, 0]",0.10908058895713622,1311,1298,167,New Mexico,fbs,Mountain West,21,"[14, 0, 0, 7]",0.8909194110428638,1250,1263,8.2243428827,,,,CollegeFootballData.com API,2026-08-31T17:38:52.365352+00:00,/games,1.3
401645363,2024,11,regular,2024-11-09T17:00:00.000Z,False,True,False,True,34091,3886,Raymond James Stadium,58,South Florida,fbs,American Athletic,7,"[0, 0, 0, 7]",0.0011647592581131266,1379,1339,2426,Navy,fbs,American Athletic,28,"[14, 7, 0, 7]",0.9988352407418869,1504,1544,2.5427475106,,,,CollegeFootballData.com API,2026-08-31T17:38:52.365352+00:00,/games,1.3
401636918,2024,11,regular,2024-11-09T17:00:00.000Z,False,True,False,True,38007,3854,Nippert Stadium,2132,Cincinnati,fbs,Big 12,24,"[7, 0, 7, 10]",0.7799606946109937,1536,1524,277,West Virginia,fbs,Big 12,31,"[0, 17, 7, 7]",0.2200393053890063,1549,1561,4.7838847338,,,,CollegeFootballData.com API,2026-08-31T17:38:52.365352+00:00,/games,1.3
401635609,2024,11,regular,2024-11-09T17:00:00.000Z,False,True,False,True,47358,721,Bobby Dodd Stadium,59,Georgia Tech,fbs,ACC,28,"[7, 7, 7, 7]",0.9672381758930633,1558,1577,2390,Miami,fbs,ACC,23,"[10, 0, 6, 7]",0.03276182410693673,1877,1858,6.3333845141,,,,CollegeFootballData.com API,2026-08-31T17:38:52.365352+00:00,/games,1.3
401635606,2024,11,regular,2024-11-09T17:00:00.000Z,False,True,False,True,44500,3615,"Alumni Stadium (Chestnut Hill, MA)",103,Boston College,fbs,ACC,37,"[7, 7, 16, 7]",0.9268653681577986,1428,1433,183,Syracuse,fbs,ACC,31,"[0, 14, 7, 10]",0.07313463184220137,1391,1386,7.5663226546,,,,CollegeFootballData.com API,2026-08-31T17:38:52.365352+00:00,/games,1.3
401628545,2024,11,regular,2024-11-09T17:00:00.000Z,False,True,False,True,103463,3861,Ohio Stadium,194,Ohio State,fbs,Big Ten,45,"[7, 14, 17, 7]",0.9989544595971486,2065,2093,2509,Purdue,fbs,Big Ten,0,"[0, 0, 0, 0]",0.0010455404028514304,1220,1192,3.116888687,,,,CollegeFootballData.com API,2026-08-31T17:38:52.365352+00:00,/games,1.3
401628544,2024,11,regular,2024-11-09T17:00:00.000Z,False,True,False,True,44120,6577,SHI Stadium,164,Rutgers,fbs,Big Ten,26,"[7, 7, 0, 12]",0.8959742511255365,1412,1434,135,Minnesota,fbs,Big Ten,19,"[9, 0, 7, 3]",0.10402574887446348,1612,1590,8.7593936175,,,,CollegeFootballData.com API,2026-08-31T17:38:52.365352+00:00,/games,1.3
401643828,2024,11,regular,2024-11-09T17:00:00.000Z,False,True,False,True,13720,3817,Malone Stadium,2433,UL Monroe,fbs,Sun Belt,17,"[0, 0, 14, 3]",0.09601844559715932,1236,1220,326,Texas State,fbs,Sun Belt,38,"[14, 14, 0, 10]",0.9039815544028407,1586,1602,1.7130948336,,,,CollegeFootballData.com API,2026-08-31T17:38:52.365352+00:00,/games,1.3
401628417,2024,11,regular,2024-11-09T17:00:00.000Z,False,True,False,True,103375,3910,DKR-Texas Memorial Stadium,251,Texas,fbs,SEC,49,"[14, 21, 7, 7]",0.9980931582450592,2057,2094,57,Florida,fbs,SEC,17,"[0, 0, 10, 7]",0.0019068417549408245,1635,1598,2.8719110777,,,,CollegeFootballData.com API,2026-08-31T17:38:52.365352+00:00,/games,1.3
401640995,2024,11,regular,2024-11-09T18:00:00.000Z,False,True,False,True,13500,3725,"Johnny ""Red"" Floyd Stadium",2393,Middle Tennessee,fbs,Conference USA,17,"[7, 0, 0, 10]",0.0013902106480170547,1152,1144,2335,Liberty,fbs,Conference USA,37,"[7, 20, 3, 7]",0.998609789351983,1560,1568,3.0078832387,,,,CollegeFootballData.com API,2026-08-31T17:38:52.365352+00:00,/games,1.3
401629037,2024,11,regular,2024-11-09T19:30:00.000Z,False,True,False,False,18351,7221,Protective Stadium,5,UAB,fbs,American Athletic,23,"[3, 17, 3, 0]",0.011210213562088256,1195,1197,41,UConn,fbs,FBS Independents,31,"[3, 0, 7, 21]",0.9887897864379117,1425,1423,6.2548161297,,,,CollegeFootballData.com API,2026-08-31T17:38:52.365352+00:00,/games,1.3
401643829,2024,11,regular,2024-11-09T20:00:00.000Z,False,True,False,True,20502,3815,M. M. Roberts Stadium,2572,Southern Miss,fbs,Sun Belt,3,"[0, 3, 0, 0]",0.0005957322042091129,1096,1039,276,Marshall,fbs,Sun Belt,37,"[3, 14, 17, 3]",0.9994042677957908,1415,1472,2.9966561677,,,,CollegeFootballData.com API,2026-08-31T17:38:52.365352+00:00,/games,1.3
401628414,2024,11,regular,2024-11-09T20:30:00.000Z,False,True,False,True,68126,3974,Vaught-Hemingway Stadium,145,Ole Miss,fbs,SEC,28,"[10, 6, 6, 6]",0.9945842356898992,1960,2010,61,Georgia,fbs,SEC,10,"[7, 0, 3, 0]",0.0054157643101008235,2057,2007,4.7063643223,,,,CollegeFootballData.com API,2026-08-31T17:38:52.365352+00:00,/games,1.3
401643826,2024,11,regular,2024-11-09T20:30:00.000Z,False,True,False,True,25709,3651,Bridgeforth Stadium,256,James Madison,fbs,Sun Belt,38,"[14, 14, 10, 0]",0.9955390489494149,1766,1794,2247,Georgia State,fbs,Sun Belt,7,"[0, 7, 0, 0]",0.0044609510505850825,1282,1254,3.907631635,,,,CollegeFootballData.com API,2026-08-31T17:38:52.365352+00:00,/games,1.3
401636919,2024,11,regular,2024-11-09T20:30:00.000Z,False,True,True,True,51109,3622,GEHA Field at Arrowhead Stadium,2305,Kansas,fbs,Big 12,45,"[14, 17, 7, 7]",0.9694120836337419,1633,1664,66,Iowa State,fbs,Big 12,36,"[7, 6, 7, 16]",0.030587916366258128,1759,1728,4.0134143921,,,,CollegeFootballData.com API,2026-08-31T17:38:52.365352+00:00,/games,1.3
401643755,2024,11,regular,2024-11-09T20:30:00.000Z,False,True,False,False,37187,3893,Reser Stadium,204,Oregon State,fbs,Pac-12,13,"[0, 10, 3, 0]",0.02295216129831264,1467,1446,23,San José State,fbs,Mountain West,24,"[0, 10, 0, 14]",0.9770478387016873,1497,1518,6.717181704,,,,CollegeFootballData.com API,2026-08-31T17:38:52.365352+00:00,/games,1.3
401635607,2024,11,regular,2024-11-09T20:30:00.000Z,False,True,False,True,65632,3799,Lane Stadium,259,Virginia Tech,fbs,ACC,14,"[0, 7, 0, 7]",0.1293131036116478,1666,1658,228,Clemson,fbs,ACC,24,"[0, 0, 14, 10]",0.8706868963883522,1819,1827,5.6559177666,,,,CollegeFootballData.com API,2026-08-31T17:38:52.365352+00:00,/games,1.3
401629045,2024,11,regular,2024-11-09T20:30:00.000Z,False,True,False,True,28519,3825,DATCU Stadium,249,North Texas,fbs,American Athletic,3,"[3, 0, 0, 0]",0.0007455516011613515,1462,1455,349,Army,fbs,American Athletic,14,"[7, 0, 0, 7]",0.9992544483988387,1654,1661,3.8212731033,,,,CollegeFootballData.com API,2026-08-31T17:38:52.365352+00:00,/games,1.3
401635608,2024,11,regular,2024-11-09T20:30:00.000Z,False,True,False,True,56919,3670,Carter-Finley Stadium,152,NC State,fbs,ACC,19,"[0, 9, 3, 7]",0.09583674388955982,1514,1499,150,Duke,fbs,ACC,29,"[12, 0, 7, 10]",0.9041632561104402,1582,1597,4.7482868814,,,,CollegeFootballData.com API,2026-08-31T17:38:52.365352+00:00,/games,1.3
401628541,2024,11,regular,2024-11-09T20:30:00.000Z,False,True,False,True,53082,3830,"Memorial Stadium (Bloomington, IN)",84,Indiana,fbs,Big Ten,20,"[7, 10, 0, 3]",0.9045271523255871,1875,1876,130,Michigan,fbs,Big Ten,15,"[3, 0, 6, 6]",0.09547284767441289,1778,1777,5.8572108001,,,,CollegeFootballData.com API,2026-08-31T17:38:52.365352+00:00,/games,1.3
401645364,2024,11,regular,2024-11-09T21:00:00.000Z,False,True,False,True,30000,4729,Yulman Stadium,2655,Tulane,fbs,American Athletic,52,"[7, 21, 14, 10]",0.9989675061198742,1757,1807,218,Temple,fbs,American Athletic,6,"[0, 0, 0, 6]",0.0010324938801258288,1090,1040,2.7719410032,,,,CollegeFootballData.com API,2026-08-31T17:38:52.365352+00:00,/games,1.3
401641021,2024,11,regular,2024-11-09T21:00:00.000Z,False,True,False,True,14728,3946,Sun Bowl,2638,UTEP,fbs,Conference USA,43,"[7, 7, 7, 7, 7, 8]",0.9954500724529952,1147,1165,338,Kennesaw State,fbs,Conference USA,35,"[7, 0, 14, 7, 7, 0]",0.004549927547004784,1245,1227,10.8527197235,,,,CollegeFootballData.com API,2026-08-31T17:38:52.365352+00:00,/games,1.3
401636921,2024,11,regular,2024-11-09T21:00:00.000Z,False,True,False,True,60229,3784,Jones AT&T Stadium,2641,Texas Tech,fbs,Big 12,27,"[13, 0, 7, 7]",0.26464738039038926,1566,1537,38,Colorado,fbs,Big 12,41,"[0, 10, 21, 10]",0.7353526196096107,1598,1627,5.6687912611,,,,CollegeFootballData.com API,2026-08-31T17:38:52.365352+00:00,/games,1.3
401628418,2024,11,regular,2024-11-09T21:15:00.000Z,False,True,False,True,28934,3973,FirstBank Stadium,238,Vanderbilt,fbs,SEC,7,"[0, 0, 7, 0]",0.00047113410599616216,1463,1446,2579,South Carolina,fbs,SEC,28,"[0, 7, 14, 7]",0.9995288658940038,1812,1829,3.7723916141,,,,CollegeFootballData.com API,2026-08-31T17:38:52.365352+00:00,/games,1.3
401641004,2024,11,regular,2024-11-09T21:30:00.000Z,False,True,False,True,16345,3776,Joe Aillet Stadium,2348,Louisiana Tech,fbs,Conference USA,37,"[7, 14, 9, 7, 0]",0.32288960811291323,1283,1297,55,Jacksonville State,fbs,Conference USA,44,"[7, 21, 0, 9, 7]",0.6771103918870868,1657,1643,7.792374014,,,,CollegeFootballData.com API,2026-08-31T17:38:52.365352+00:00,/games,1.3
401643827,2024,11,regular,2024-11-09T22:00:00.000Z,False,True,False,True,16451,3666,Cajun Field,309,Louisiana,fbs,Sun Belt,55,"[10, 21, 17, 7]",0.9966026128794084,1554,1621,2032,Arkansas State,fbs,Sun Belt,19,"[0, 6, 6, 7]",0.0033973871205915662,1286,1219,2.6501837172,,,,CollegeFootballData.com API,2026-08-31T17:38:52.365352+00:00,/games,1.3
401641036,2024,11,regular,2024-11-09T23:00:00.000Z,False,True,False,True,12710,3601,Aggie Memorial Stadium,166,New Mexico State,fbs,Conference USA,28,"[7, 0, 14, 7]",0.41310645754636394,1115,1121,98,Western Kentucky,fbs,Conference USA,41,"[14, 10, 7, 10]",0.5868935424536361,1512,1506,3.7419052406,,,,CollegeFootballData.com API,2026-08-31T17:38:52.365352+00:00,/games,1.3
401628416,2024,11,regular,2024-11-10T00:00:00.000Z,False,True,False,True,101915,3853,Neyland Stadium,2633,Tennessee,fbs,SEC,33,"[7, 13, 10, 3]",0.9685622489341695,1939,1930,344,Mississippi State,fbs,SEC,14,"[0, 7, 7, 0]",0.031437751065830466,1353,1362,8.3072896155,,,,CollegeFootballData.com API,2026-08-31T17:38:52.365352+00:00,/games,1.3
401636920,2024,11,regular,2024-11-10T00:00:00.000Z,False,True,False,True,45348,3616,Amon G. Carter Stadium,2628,TCU,fbs,Big 12,38,"[10, 14, 7, 7]",0.9634056053080869,1526,1578,197,Oklahoma State,fbs,Big 12,13,"[0, 0, 6, 7]",0.03659439469191306,1427,1375,3.5054858606,,,,CollegeFootballData.com API,2026-08-31T17:38:52.365352+00:00,/games,1.3
401636917,2024,11,regular,2024-11-10T00:00:00.000Z,False,True,False,True,44940,3947,Mountain America Stadium,9,Arizona State,fbs,Big 12,35,"[7, 14, 7, 7]",0.21722126854343723,1563,1568,2116,UCF,fbs,Big 12,31,"[7, 10, 7, 7]",0.7827787314565627,1625,1620,8.7814541459,,,,CollegeFootballData.com API,2026-08-31T17:38:52.365352+00:00,/games,1.3
401628543,2024,11,regular,2024-11-10T00:00:00.000Z,False,True,False,True,59245,3626,Autzen Stadium,2483,Oregon,fbs,Big Ten,39,"[7, 14, 8, 10]",0.9983741121151635,2050,2047,120,Maryland,fbs,Big Ten,18,"[3, 7, 0, 8]",0.00162588788483653,1488,1491,5.0597159335,,,,CollegeFootballData.com API,2026-08-31T17:38:52.365352+00:00,/games,1.3
401628984,2024,11,regular,2024-11-10T00:30:00.000Z,False,True,False,False,77622,3855,Notre Dame Stadium,87,Notre Dame,fbs,FBS Independents,52,"[7, 14, 10, 21]",0.9979936321773281,2069,2133,52,Florida State,fbs,ACC,3,"[3, 0, 0, 0]",0.0020063678226719395,1447,1383,6.1236018995,,,,CollegeFootballData.com API,2026-08-31T17:38:52.365352+00:00,/games,1.3
401628413,2024,11,regular,2024-11-10T00:30:00.000Z,False,True,False,True,102283,3958,Tiger Stadium (LA),99,LSU,fbs,SEC,13,"[3, 3, 0, 7]",0.0007481401510463615,1855,1800,333,Alabama,fbs,SEC,42,"[14, 7, 7, 14]",0.9992518598489536,2058,2113,3.3003434762,,,,CollegeFootballData.com API,2026-08-31T17:38:52.365352+00:00,/games,1.3
401628415,2024,11,regular,2024-11-10T00:45:00.000Z,False,True,False,True,62621,3838,Memorial Stadium,142,Missouri,fbs,SEC,30,"[0, 3, 7, 20]",0.7676031624758273,1673,1683,201,Oklahoma,fbs,SEC,23,"[0, 9, 0, 14]",0.23239683752417273,1688,1678,8.4845676125,,,,CollegeFootballData.com API,2026-08-31T17:38:52.365352+00:00,/games,1.3
401643752,2024,11,regular,2024-11-10T01:00:00.000Z,False,True,False,True,37143,3653,Albertsons Stadium,68,Boise State,fbs,Mountain West,28,"[14, 0, 7, 7]",0.9068377676743614,1761,1741,2440,Nevada,fbs,Mountain West,21,"[7, 7, 0, 7]",0.09316223232563858,1176,1196,6.2330369427,,,,CollegeFootballData.com API,2026-08-31T17:38:52.365352+00:00,/games,1.3
401635610,2024,11,regular,2024-11-10T01:00:00.000Z,False,True,False,True,56693,3752,Acrisure Stadium,221,Pittsburgh,fbs,ACC,19,"[0, 13, 0, 6]",0.20914032954089304,1541,1519,258,Virginia,fbs,ACC,24,"[0, 7, 14, 3]",0.790859670459107,1359,1381,7.3938992017,,,,CollegeFootballData.com API,2026-08-31T17:38:52.365352+00:00,/games,1.3
401628546,2024,11,regular,2024-11-10T01:00:00.000Z,False,True,False,True,110233,3632,Beaver Stadium,213,Penn State,fbs,Big Ten,35,"[7, 21, 0, 7]",0.9986744458079607,1916,1967,264,Washington,fbs,Big Ten,6,"[0, 0, 3, 3]",0.00132555419203928,1695,1644,3.3476755478,,,,CollegeFootballData.com API,2026-08-31T17:38:52.365352+00:00,/games,1.3
401643753,2024,11,regular,2024-11-10T02:00:00.000Z,False,True,False,True,12691,7220,Clarence T.C. Ching Athletics Complex,62,Hawai'i,fbs,Mountain West,27,"[7, 3, 10, 7]",0.40713149992716013,1247,1265,2439,UNLV,fbs,Mountain West,29,"[12, 0, 10, 7]",0.5928685000728399,1668,1650,8.2365350129,,,,CollegeFootballData.com API,2026-08-31T17:38:52.365352+00:00,/games,1.3
401643751,2024,11,regular,2024-11-10T02:45:00.000Z,False,True,False,True,14794,3713,Falcon Stadium,2005,Air Force,fbs,Mountain West,36,"[7, 10, 9, 10]",0.9407530778712846,1287,1316,278,Fresno State,fbs,Mountain West,28,"[7, 14, 0, 7]",0.05924692212871541,1540,1511,6.232952863,,,,CollegeFootballData.com API,2026-08-31T17:38:52.365352+00:00,/games,1.3
401636922,2024,11,regular,2024-11-10T03:15:00.000Z,False,True,False,True,54383,587,Rice-Eccles Stadium,254,Utah,fbs,Big 12,21,"[0, 21, 0, 0]",0.711458986690349,1568,1572,252,BYU,fbs,Big 12,22,"[3, 7, 3, 9]",0.288541013309651,1678,1674,6.4814276102,,,,CollegeFootballData.com API,2026-08-31T17:38:52.365352+00:00,/games,1.3
401643756,2024,11,regular,2024-11-10T03:30:00.000Z,False,True,False,False,20011,3820,Gesa Field,265,Washington State,fbs,Pac-12,49,"[7, 14, 14, 14]",0.996625517050503,1597,1606,328,Utah State,fbs,Mountain West,28,"[7, 0, 7, 14]",0.0033744829494970485,1179,1170,4.7296645388,,,,CollegeFootballData.com API,2026-08-31T17:38:52.365352+00:00,/games,1.3
401644765,2024,12,regular,2024-11-13T00:00:00.000Z,False,True,False,True,14661,3739,Glass Bowl,2649,Toledo,fbs,Mid-American,37,"[7, 20, 7, 3]",0.9981858508738058,1463,1495,2117,Central Michigan,fbs,Mid-American,10,"[3, 0, 0, 7]",0.0018141491261941534,1123,1091,3.9677424339,,,,CollegeFootballData.com API,2026-08-31T17:38:52.365352+00:00,/games,1.3
401644764,2024,12,regular,2024-11-13T00:00:00.000Z,False,True,False,True,1156,3700,Doyt L. Perry Stadium,189,Bowling Green,fbs,Mid-American,31,"[3, 14, 14, 0]",0.9962211567439763,1449,1472,2711,Western Michigan,fbs,Mid-American,13,"[0, 7, 6, 0]",0.003778843256023734,1272,1249,4.4086505192,,,,CollegeFootballData.com API,2026-08-31T17:38:52.365352+00:00,/games,1.3
401644763,2024,12,regular,2024-11-13T00:00:00.000Z,False,True,False,True,12708,3965,UB Stadium,2084,Buffalo,fbs,Mid-American,51,"[7, 17, 7, 14, 6]",0.5372519914964371,1217,1217,2050,Ball State,fbs,Mid-American,48,"[7, 21, 7, 10, 3]",0.4627480085035629,1115,1115,7.8944491597,,,,CollegeFootballData.com API,2026-08-31T17:38:52.365352+00:00,/games,1.3
401644766,2024,12,regular,2024-11-14T00:00:00.000Z,False,True,False,True,6795,3764,Huskie Stadium,2459,Northern Illinois,fbs,Mid-American,29,"[17, 6, 0, 6]",0.998337728406925,1471,1464,2006,Akron,fbs,Mid-American,16,"[6, 10, 0, 0]",0.001662271593074971,1048,1055,8.1149102449,,,,CollegeFootballData.com API,2026-08-31T17:38:52.365352+00:00,/games,1.3
401644767,2024,12,regular,2024-11-14T00:00:00.000Z,False,True,False,True,14133,3876,Peden Stadium,195,Ohio,fbs,Mid-American,35,"[0, 14, 7, 14]",0.9985919690578666,1510,1546,2199,Eastern Michigan,fbs,Mid-American,10,"[0, 7, 0, 3]",0.0014080309421333759,1261,1225,6.412877157,,,,CollegeFootballData.com API,2026-08-31T17:38:52.365352+00:00,/games,1.3
401644689,2024,12,regular,2024-11-14T00:00:00.000Z,False,True,False,True,5328,3996,Yager Stadium,193,Miami (OH),fbs,Mid-American,34,"[10, 7, 14, 3]",,1548,1544,2309,Kent State,fbs,Mid-American,7,"[7, 0, 0, 0]",,831,835,,,,,CollegeFootballData.com API,2026-08-31T17:38:52.365352+00:00,/games,1.3
401645365,2024,12,regular,2024-11-15T00:30:00.000Z,False,True,False,True,17979,3674,Chapman Stadium,202,Tulsa,fbs,American Athletic,31,"[3, 14, 7, 7]",0.052563064473721964,952,971,151,East Carolina,fbs,American Athletic,38,"[7, 10, 7, 14]",0.9474369355262781,1410,1391,9.0698727819,,,,CollegeFootballData.com API,2026-08-31T17:38:52.365352+00:00,/games,1.3
401645366,2024,12,regular,2024-11-16T01:00:00.000Z,False,True,False,True,21350,3604,Alamodome,2636,UTSA,fbs,American Athletic,48,"[14, 13, 3, 18]",0.9924460223407064,1408,1463,249,North Texas,fbs,American Athletic,27,"[0, 7, 13, 7]",0.007553977659293554,1455,1400,4.4650091603,,,,CollegeFootballData.com API,2026-08-31T17:38:52.365352+00:00,/games,1.3
401643759,2024,12,regular,2024-11-16T01:00:00.000Z,False,True,False,True,36720,5388,Canvas Stadium,36,Colorado State,fbs,Mountain West,24,"[14, 3, 7, 0]",0.9983913140900289,1343,1366,2751,Wyoming,fbs,Mountain West,10,"[0, 3, 7, 0]",0.001608685909971097,1283,1260,4.2170813191,,,,CollegeFootballData.com API,2026-08-31T17:38:52.365352+00:00,/games,1.3
401628553,2024,12,regular,2024-11-16T02:00:00.000Z,False,True,False,True,68811,3765,Husky Stadium,264,Washington,fbs,Big Ten,31,"[7, 7, 3, 14]",0.8477243937188877,1644,1654,26,UCLA,fbs,Big Ten,19,"[0, 10, 3, 6]",0.15227560628111225,1476,1466,5.9580083077,,,,CollegeFootballData.com API,2026-08-31T17:38:52.365352+00:00,/games,1.3
401636923,2024,12,regular,2024-11-16T03:15:00.000Z,False,True,False,True,38538,3619,Arizona Stadium,12,Arizona,fbs,Big 12,27,"[7, 3, 17, 0]",0.9517441364487145,1382,1440,248,Houston,fbs,Big 12,3,"[0, 3, 0, 0]",0.04825586355128553,1364,1306,4.4978273245,,,,CollegeFootballData.com API,2026-08-31T17:38:52.365352+00:00,/games,1.3
401645370,2024,12,regular,2024-11-16T17:00:00.000Z,False,True,False,True,38914,3852,Navy-Marine Corps Memorial Stadium,2426,Navy,fbs,American Athletic,0,"[0, 0, 0, 0]",0.0003781563619851414,1544,1477,2655,Tulane,fbs,American Athletic,35,"[7, 7, 7, 14]",0.9996218436380149,1807,1874,2.5201108119,,,,CollegeFootballData.com API,2026-08-31T17:38:52.365352+00:00,/games,1.3
401628550,2024,12,regular,2024-11-16T17:00:00.000Z,False,True,True,True,38147,4250,Wrigley Field,77,Northwestern,fbs,Big Ten,7,"[0, 7, 0, 0]",0.0047227490781524065,1479,1486,194,Ohio State,fbs,Big Ten,31,"[0, 21, 10, 0]",0.9952772509218476,2093,2086,2.7808929633,,,,CollegeFootballData.com API,2026-08-31T17:38:52.365352+00:00,/games,1.3
401629046,2024,12,regular,2024-11-16T17:00:00.000Z,False,True,False,False,9115,3985,Warren McGuirk Alumni Stadium,113,Massachusetts,fbs,FBS Independents,34,"[7, 13, 0, 8, 6]",0.29384254862932685,994,1017,2335,Liberty,fbs,Conference USA,35,"[0, 7, 7, 14, 7]",0.7061574513706732,1568,1545,8.8553013202,,,,CollegeFootballData.com API,2026-08-31T17:38:52.365352+00:00,/games,1.3
401635582,2024,12,regular,2024-11-16T17:00:00.000Z,False,True,False,True,58667,3752,Acrisure Stadium,221,Pittsburgh,fbs,ACC,20,"[7, 0, 0, 13]",0.12168609862905368,1519,1531,228,Clemson,fbs,ACC,24,"[7, 10, 0, 7]",0.8783139013709463,1827,1815,5.9101362314,,,,CollegeFootballData.com API,2026-08-31T17:38:52.365352+00:00,/games,1.3
401628419,2024,12,regular,2024-11-16T17:00:00.000Z,False,True,False,True,74929,3887,Razorback Stadium,8,Arkansas,fbs,SEC,10,"[0, 0, 7, 3]",0.12650835218280748,1524,1547,251,Texas,fbs,SEC,20,"[7, 3, 3, 7]",0.8734916478171926,2094,2071,5.199472338,,,,CollegeFootballData.com API,2026-08-31T17:38:52.365352+00:00,/games,1.3
401636925,2024,12,regular,2024-11-16T17:00:00.000Z,False,True,False,True,54646,3726,Folsom Field,38,Colorado,fbs,Big 12,49,"[14, 7, 7, 21]",0.9847781812601605,1627,1684,254,Utah,fbs,Big 12,24,"[3, 6, 7, 8]",0.015221818739839521,1572,1515,5.0676713463,,,,CollegeFootballData.com API,2026-08-31T17:38:52.365352+00:00,/games,1.3
401641013,2024,12,regular,2024-11-16T17:00:00.000Z,False,True,False,True,13312,3796,Houchens Industries-L.T. Smith Stadium,98,Western Kentucky,fbs,Conference USA,7,"[0, 7, 0, 0]",0.29488992600726116,1506,1482,2348,Louisiana Tech,fbs,Conference USA,12,"[3, 6, 0, 3]",0.7051100739927388,1297,1321,6.4233035371,,,,CollegeFootballData.com API,2026-08-31T17:38:52.365352+00:00,/games,1.3
401628426,2024,12,regular,2024-11-16T17:45:00.000Z,False,True,False,False,88043,3785,Jordan-Hare Stadium,2,Auburn,fbs,SEC,48,"[10, 14, 14, 10]",0.9982394798783483,1550,1604,2433,UL Monroe,fbs,Sun Belt,14,"[0, 0, 7, 7]",0.0017605201216517319,1220,1166,2.9019414298,,,,CollegeFootballData.com API,2026-08-31T17:38:52.365352+00:00,/games,1.3
401643832,2024,12,regular,2024-11-16T18:00:00.000Z,False,True,False,True,24175,3775,Joan C. Edwards Stadium,276,Marshall,fbs,Sun Belt,31,"[3, 14, 7, 7]",0.8907232528989656,1472,1489,324,Coastal Carolina,fbs,Sun Belt,19,"[7, 0, 0, 12]",0.10927674710103441,1403,1386,6.5761499991,,,,CollegeFootballData.com API,2026-08-31T17:38:52.365352+00:00,/games,1.3
401628422,2024,12,regular,2024-11-16T18:30:00.000Z,False,True,False,False,48370,3683,Kroger Field,96,Kentucky,fbs,SEC,48,"[14, 10, 10, 14]",0.9989151043390855,1527,1527,93,Murray State,fcs,MVFC,6,"[0, 0, 3, 3]",0.00108489566091452,,,3.2196359238,,,,CollegeFootballData.com API,2026-08-31T17:38:52.365352+00:00,/games,1.3
401645369,2024,12,regular,2024-11-16T19:00:00.000Z,False,True,False,True,12291,3806,Lincoln Financial Field,218,Temple,fbs,American Athletic,18,"[3, 0, 3, 9, 3]",0.5248474893336113,1040,1042,2226,Florida Atlantic,fbs,American Athletic,15,"[0, 7, 0, 8, 0]",0.47515251066638875,1125,1123,8.0225794468,,,,CollegeFootballData.com API,2026-08-31T17:38:52.365352+00:00,/games,1.3
401640986,2024,12,regular,2024-11-16T19:00:00.000Z,False,True,False,True,17688,3662,AmFirst Stadium,55,Jacksonville State,fbs,Conference USA,34,"[3, 17, 0, 14]",0.48224014442684765,1643,1640,2229,Florida International,fbs,Conference USA,31,"[3, 14, 7, 7]",0.5177598555731524,1297,1300,9.6577777256,,,,CollegeFootballData.com API,2026-08-31T17:38:52.365352+00:00,/games,1.3
401628425,2024,12,regular,2024-11-16T19:00:00.000Z,False,True,False,False,100077,3657,Bryant-Denny Stadium,333,Alabama,fbs,SEC,52,"[14, 17, 7, 14]",0.9989495569406649,2130,2130,2382,Mercer,fcs,Southern,7,"[0, 7, 0, 0]",0.0010504430593351044,,,3.0558763384,,,,CollegeFootballData.com API,2026-08-31T17:38:52.365352+00:00,/games,1.3
401628547,2024,12,regular,2024-11-16T19:30:00.000Z,False,True,False,True,52660,3832,"Memorial Stadium (Champaign, IL)",356,Illinois,fbs,Big Ten,38,"[14, 7, 3, 14]",0.9539072866695786,1556,1593,127,Michigan State,fbs,Big Ten,16,"[6, 3, 7, 0]",0.04609271333042142,1402,1365,5.2826732171,,,,CollegeFootballData.com API,2026-08-31T17:38:52.365352+00:00,/games,1.3
401643760,2024,12,regular,2024-11-16T20:00:00.000Z,False,True,False,True,,3905,Maverik Stadium,328,Utah State,fbs,Mountain West,55,"[17, 7, 21, 10]",0.9984432794352859,1170,1321,62,Hawai'i,fbs,Mountain West,10,"[0, 3, 0, 7]",0.0015567205647141202,1265,1114,3.0037985427,,,,CollegeFootballData.com API,2026-08-31T17:38:52.365352+00:00,/games,1.3
401635581,2024,12,regular,2024-11-16T20:00:00.000Z,False,True,False,True,33493,3831,California Memorial Stadium,25,California,fbs,ACC,25,"[0, 7, 7, 11]",0.19998453357890436,1649,1610,183,Syracuse,fbs,ACC,33,"[6, 21, 3, 3]",0.8000154664210957,1386,1425,2.3380423537,,,,CollegeFootballData.com API,2026-08-31T17:38:52.365352+00:00,/games,1.3
401641022,2024,12,regular,2024-11-16T20:00:00.000Z,False,True,False,True,7736,4899,Fifth Third Stadium,338,Kennesaw State,fbs,Conference USA,17,"[0, 3, 7, 7, 0]",0.7095863659064612,1227,1230,2534,Sam Houston,fbs,Conference USA,23,"[0, 3, 7, 7, 6]",0.2904136340935388,1416,1413,7.3070686911,,,,CollegeFootballData.com API,2026-08-31T17:38:52.365352+00:00,/games,1.3
401635517,2024,12,regular,2024-11-16T20:30:00.000Z,False,True,False,True,18685,3940,Stanford Stadium,24,Stanford,fbs,ACC,38,"[10, 3, 8, 17]",0.5560877255633588,1158,1168,97,Louisville,fbs,ACC,35,"[7, 14, 7, 7]",0.44391227443664116,1725,1715,4.9982210658,,,,CollegeFootballData.com API,2026-08-31T17:38:52.365352+00:00,/games,1.3
401628552,2024,12,regular,2024-11-16T20:30:00.000Z,False,True,False,True,58346,3907,Ross-Ade Stadium,2509,Purdue,fbs,Big Ten,10,"[0, 3, 0, 7]",0.000837622019717758,1192,1172,213,Penn State,fbs,Big Ten,49,"[14, 7, 21, 7]",0.9991623779802823,1967,1987,1.8035917166,,,,CollegeFootballData.com API,2026-08-31T17:38:52.365352+00:00,/games,1.3
401628420,2024,12,regular,2024-11-16T20:30:00.000Z,False,True,False,True,90067,3634,Ben Hill Griffin Stadium,57,Florida,fbs,SEC,27,"[7, 3, 3, 14]",0.8552429166497523,1598,1634,99,LSU,fbs,SEC,16,"[0, 10, 3, 3]",0.14475708335024773,1800,1764,7.8136556145,,,,CollegeFootballData.com API,2026-08-31T17:38:52.365352+00:00,/games,1.3
401635580,2024,12,regular,2024-11-16T20:30:00.000Z,False,True,False,True,34438,3735,Gerald J. Ford Stadium,2567,SMU,fbs,ACC,38,"[10, 10, 11, 7]",0.6933461738842422,1814,1806,103,Boston College,fbs,ACC,28,"[0, 14, 7, 7]",0.30665382611575775,1433,1441,7.8413553085,,,,CollegeFootballData.com API,2026-08-31T17:38:52.365352+00:00,/games,1.3
401643757,2024,12,regular,2024-11-16T20:30:00.000Z,False,True,False,False,21385,3713,Falcon Stadium,2005,Air Force,fbs,Mountain West,28,"[7, 7, 0, 14]",0.998945049341131,1316,1406,204,Oregon State,fbs,Pac-12,0,"[0, 0, 0, 0]",0.0010549506588689583,1446,1356,3.907187339,,,,CollegeFootballData.com API,2026-08-31T17:38:52.365352+00:00,/games,1.3
401645368,2024,12,regular,2024-11-16T20:30:00.000Z,False,True,False,True,15030,4418,Jerry Richardson Stadium,2429,Charlotte,fbs,American Athletic,24,"[7, 3, 7, 7]",0.010981965757693606,1182,1101,58,South Florida,fbs,American Athletic,59,"[7, 7, 31, 14]",0.9890180342423064,1339,1420,4.4247113788,,,,CollegeFootballData.com API,2026-08-31T17:38:52.365352+00:00,/games,1.3
401628985,2024,12,regular,2024-11-16T20:30:00.000Z,False,True,False,False,77622,3855,Notre Dame Stadium,87,Notre Dame,fbs,FBS Independents,35,"[7, 21, 7, 0]",0.9970737339138372,2133,2115,258,Virginia,fbs,ACC,14,"[0, 0, 7, 7]",0.0029262660861627543,1381,1399,5.9709010393,,,,CollegeFootballData.com API,2026-08-31T17:38:52.365352+00:00,/games,1.3
401643830,2024,12,regular,2024-11-16T21:00:00.000Z,False,True,False,True,21762,3608,Allen E. Paulson Stadium,290,Georgia Southern,fbs,Sun Belt,20,"[7, 3, 7, 3]",0.0011709459571212116,1397,1386,2653,Troy,fbs,Sun Belt,28,"[0, 7, 7, 14]",0.9988290540428788,1455,1466,6.376703024,,,,CollegeFootballData.com API,2026-08-31T17:38:52.365352+00:00,/games,1.3
401628549,2024,12,regular,2024-11-16T21:00:00.000Z,False,True,False,True,75304,477,Los Angeles Memorial Coliseum,30,USC,fbs,Big Ten,28,"[7, 7, 7, 7]",0.995826166219086,1767,1761,158,Nebraska,fbs,Big Ten,20,"[7, 7, 6, 0]",0.00417383378091396,1453,1459,7.8481713683,,,,CollegeFootballData.com API,2026-08-31T17:38:52.365352+00:00,/games,1.3
401636929,2024,12,regular,2024-11-16T21:00:00.000Z,False,True,False,True,52376,3842,Milan Puskar Stadium,277,West Virginia,fbs,Big 12,35,"[7, 21, 0, 7]",0.02505320784828458,1561,1529,239,Baylor,fbs,Big 12,49,"[14, 21, 0, 14]",0.9749467921517154,1559,1591,5.2564139931,,,,CollegeFootballData.com API,2026-08-31T17:38:52.365352+00:00,/games,1.3
401643833,2024,12,regular,2024-11-16T21:00:00.000Z,False,True,False,True,21984,3918,S.B. Ballard Stadium,295,Old Dominion,fbs,Sun Belt,32,"[7, 17, 0, 8]",0.41225598505539546,1472,1486,256,James Madison,fbs,Sun Belt,35,"[7, 14, 7, 7]",0.5877440149446045,1794,1780,8.3624957585,,,,CollegeFootballData.com API,2026-08-31T17:38:52.365352+00:00,/games,1.3
401628423,2024,12,regular,2024-11-16T21:15:00.000Z,False,True,False,True,79361,3994,Williams-Brice Stadium,2579,South Carolina,fbs,SEC,34,"[7, 14, 0, 13]",0.8032895830087494,1829,1828,142,Missouri,fbs,SEC,30,"[6, 0, 6, 18]",0.19671041699125058,1683,1684,6.4487806706,,,,CollegeFootballData.com API,2026-08-31T17:38:52.365352+00:00,/games,1.3
401643831,2024,12,regular,2024-11-16T22:00:00.000Z,False,True,False,True,14047,4246,Center Parc Stadium,2247,Georgia State,fbs,Sun Belt,20,"[7, 0, 7, 6]",0.04484336522551811,1254,1238,2032,Arkansas State,fbs,Sun Belt,27,"[7, 0, 10, 10]",0.9551566347744819,1219,1235,6.9087473194,,,,CollegeFootballData.com API,2026-08-31T17:38:52.365352+00:00,/games,1.3
401628548,2024,12,regular,2024-11-16T23:00:00.000Z,False,True,False,True,31433,3665,SECU Stadium,120,Maryland,fbs,Big Ten,17,"[3, 7, 7, 0]",0.009584806456856852,1491,1453,164,Rutgers,fbs,Big Ten,31,"[0, 14, 7, 10]",0.9904151935431431,1434,1472,5.5597463729,,,,CollegeFootballData.com API,2026-08-31T17:38:52.365352+00:00,/games,1.3
401643834,2024,12,regular,2024-11-17T00:00:00.000Z,False,True,False,True,16063,3666,Cajun Field,309,Louisiana,fbs,Sun Belt,22,"[0, 3, 3, 16]",0.6575060217689207,1621,1618,6,South Alabama,fbs,Sun Belt,24,"[7, 17, 0, 0]",0.3424939782310793,1618,1621,3.6911164886,,,,CollegeFootballData.com API,2026-08-31T17:38:52.365352+00:00,/games,1.3
401643835,2024,12,regular,2024-11-17T00:00:00.000Z,False,True,False,True,22618,3644,Bobcat Stadium (TX),326,Texas State,fbs,Sun Belt,58,"[21, 13, 17, 7]",0.9989551735653182,1602,1693,2572,Southern Miss,fbs,Sun Belt,3,"[0, 3, 0, 0]",0.0010448264346818448,1039,948,3.0177317569,,,,CollegeFootballData.com API,2026-08-31T17:38:52.365352+00:00,/games,1.3
401636927,2024,12,regular,2024-11-17T00:00:00.000Z,False,True,False,True,51880,3636,Bill Snyder Family Stadium,2306,Kansas State,fbs,Big 12,14,"[0, 0, 6, 8]",0.16738662361819984,1771,1731,9,Arizona State,fbs,Big 12,24,"[7, 14, 3, 0]",0.8326133763818002,1568,1608,2.8937242133,,,,CollegeFootballData.com API,2026-08-31T17:38:52.365352+00:00,/games,1.3
401643758,2024,12,regular,2024-11-17T00:00:00.000Z,False,True,False,True,20517,3935,CEFCU Stadium,23,San José State,fbs,Mountain West,21,"[7, 7, 7, 0]",0.05683987582393824,1518,1489,68,Boise State,fbs,Mountain West,42,"[0, 14, 14, 14]",0.9431601241760618,1741,1770,4.6743704896,,,,CollegeFootballData.com API,2026-08-31T17:38:52.365352+00:00,/games,1.3
401628421,2024,12,regular,2024-11-17T00:30:00.000Z,False,True,False,True,93033,3917,Sanford Stadium,61,Georgia,fbs,SEC,31,"[0, 17, 7, 7]",0.9403962789332209,2007,2029,2633,Tennessee,fbs,SEC,17,"[10, 7, 0, 0]",0.059603721066779136,1930,1908,6.9384073058,,,,CollegeFootballData.com API,2026-08-31T17:38:52.365352+00:00,/games,1.3
401628551,2024,12,regular,2024-11-17T00:30:00.000Z,False,True,False,True,76298,347,Camp Randall Stadium,275,Wisconsin,fbs,Big Ten,13,"[0, 10, 3, 0]",0.1357708985729445,1641,1659,2483,Oregon,fbs,Big Ten,16,"[6, 0, 0, 10]",0.8642291014270556,2047,2029,9.1650230893,,,,CollegeFootballData.com API,2026-08-31T17:38:52.365352+00:00,/games,1.3
401628424,2024,12,regular,2024-11-17T00:45:00.000Z,False,True,False,False,105815,3795,Kyle Field,245,Texas A&M,fbs,SEC,38,"[17, 7, 7, 7]",0.998807050189291,1746,1770,166,New Mexico State,fbs,Conference USA,3,"[0, 0, 0, 3]",0.0011929498107090541,1121,1097,2.6871951399,,,,CollegeFootballData.com API,2026-08-31T17:38:52.365352+00:00,/games,1.3
401636926,2024,12,regular,2024-11-17T01:00:00.000Z,False,True,False,True,52881,3772,Jack Trice Stadium,66,Iowa State,fbs,Big 12,34,"[7, 3, 10, 14]",0.37561146084741104,1728,1746,2132,Cincinnati,fbs,Big 12,17,"[7, 3, 0, 7]",0.624388539152589,1524,1506,7.617443607,,,,CollegeFootballData.com API,2026-08-31T17:38:52.365352+00:00,/games,1.3
401645367,2024,12,regular,2024-11-17T01:00:00.000Z,False,True,False,True,24225,3805,Simmons Bank Liberty Stadium,235,Memphis,fbs,American Athletic,53,"[11, 7, 7, 28]",0.9984351077215874,1569,1621,5,UAB,fbs,American Athletic,18,"[0, 8, 3, 7]",0.0015648922784126107,1197,1145,4.4424370493,,,,CollegeFootballData.com API,2026-08-31T17:38:52.365352+00:00,/games,1.3
401635583,2024,12,regular,2024-11-17T01:00:00.000Z,False,True,False,True,48364,3787,Kenan Stadium,153,North Carolina,fbs,ACC,31,"[0, 10, 14, 7]",0.848101063189074,1612,1608,154,Wake Forest,fbs,ACC,24,"[3, 0, 14, 7]",0.15189893681092603,1353,1357,9.1776074687,,,,CollegeFootballData.com API,2026-08-31T17:38:52.365352+00:00,/games,1.3
401643761,2024,12,regular,2024-11-17T02:30:00.000Z,False,True,False,False,14067,3971,University Stadium (NM),167,New Mexico,fbs,Mountain West,38,"[7, 7, 14, 10]",0.38932960123114607,1263,1269,265,Washington State,fbs,Pac-12,35,"[14, 14, 0, 7]",0.610670398768854,1606,1600,8.4413070753,,,,CollegeFootballData.com API,2026-08-31T17:38:52.365352+00:00,/games,1.3
401636924,2024,12,regular,2024-11-17T03:15:00.000Z,False,True,False,True,62704,3801,LaVell Edwards Stadium,252,BYU,fbs,Big 12,13,"[0, 10, 3, 0]",0.16761438578764792,1674,1667,2305,Kansas,fbs,Big 12,17,"[7, 3, 0, 7]",0.832385614212352,1664,1671,4.8504609167,,,,CollegeFootballData.com API,2026-08-31T17:38:52.365352+00:00,/games,1.3
401643762,2024,12,regular,2024-11-17T03:30:00.000Z,False,True,False,True,30386,6501,Allegiant Stadium,2439,UNLV,fbs,Mountain West,41,"[7, 21, 10, 3]",0.9493838644492044,1650,1665,21,San Diego State,fbs,Mountain West,20,"[0, 6, 7, 7]",0.05061613555079558,1298,1283,3.2116589972,,,,CollegeFootballData.com API,2026-08-31T17:38:52.365352+00:00,/games,1.3
401644769,2024,13,regular,2024-11-20T00:00:00.000Z,False,True,False,True,6768,3696,Dix Stadium,2309,Kent State,fbs,Mid-American,17,"[7, 3, 0, 7]",0.08535054685631888,835,805,2006,Akron,fbs,Mid-American,38,"[10, 13, 15, 0]",0.9146494531436811,1055,1085,2.9314566807,,,,CollegeFootballData.com API,2026-08-31T17:38:52.365352+00:00,/games,1.3
401644770,2024,13,regular,2024-11-20T00:30:00.000Z,False,True,False,True,13102,3786,Kelly/Shorts Stadium,2117,Central Michigan,fbs,Mid-American,16,"[7, 6, 0, 3]",0.9359869054029619,1091,1094,2711,Western Michigan,fbs,Mid-American,14,"[0, 0, 7, 7]",0.06401309459703808,1249,1246,7.6227191691,,,,CollegeFootballData.com API,2026-08-31T17:38:52.365352+00:00,/games,1.3
401644690,2024,13,regular,2024-11-20T01:00:00.000Z,False,True,False,True,5891,3996,Yager Stadium,193,Miami (OH),fbs,Mid-American,20,"[7, 10, 0, 3]",0.8467448377644089,1544,1558,2459,Northern Illinois,fbs,Mid-American,9,"[0, 3, 0, 6]",0.1532551622355911,1464,1450,5.0882015895,,,,CollegeFootballData.com API,2026-08-31T17:38:52.365352+00:00,/games,1.3
401644773,2024,13,regular,2024-11-21T00:00:00.000Z,False,True,False,True,14543,3739,Glass Bowl,2649,Toledo,fbs,Mid-American,7,"[0, 7, 0, 0]",0.09089421557767635,1495,1459,195,Ohio,fbs,Mid-American,24,"[0, 0, 7, 17]",0.9091057844223236,1546,1582,5.8681395512,,,,CollegeFootballData.com API,2026-08-31T17:38:52.365352+00:00,/games,1.3
401644772,2024,13,regular,2024-11-21T00:00:00.000Z,False,True,False,True,12004,3912,Rynearson Stadium,2199,Eastern Michigan,fbs,Mid-American,20,"[0, 0, 13, 7]",0.23655525915298456,1225,1183,2084,Buffalo,fbs,Mid-American,37,"[8, 9, 6, 14]",0.7634447408470154,1217,1259,3.3164404777,,,,CollegeFootballData.com API,2026-08-31T17:38:52.365352+00:00,/games,1.3
401634772,2024,13,regular,2024-11-22T00:30:00.000Z,False,True,False,True,34591,721,Bobby Dodd Stadium,59,Georgia Tech,fbs,ACC,30,"[7, 6, 3, 14]",0.5960285342364573,1577,1575,152,NC State,fbs,ACC,29,"[7, 0, 0, 22]",0.4039714657635427,1499,1501,7.9663405124,,,,CollegeFootballData.com API,2026-08-31T17:38:52.365352+00:00,/games,1.3
401645374,2024,13,regular,2024-11-23T00:00:00.000Z,False,True,False,True,20121,3604,Alamodome,2636,UTSA,fbs,American Athletic,51,"[7, 21, 10, 13]",0.9982099081136507,1463,1479,218,Temple,fbs,American Athletic,27,"[3, 14, 7, 3]",0.0017900918863492654,1042,1026,4.875712441,,,,CollegeFootballData.com API,2026-08-31T17:38:52.365352+00:00,/games,1.3
401628558,2024,13,regular,2024-11-23T01:00:00.000Z,False,True,False,True,57558,3936,Spartan Stadium,127,Michigan State,fbs,Big Ten,24,"[7, 17, 0, 0]",0.6159163024647112,1365,1364,2509,Purdue,fbs,Big Ten,17,"[3, 0, 7, 7]",0.3840836975352888,1172,1173,5.7660290117,,,,CollegeFootballData.com API,2026-08-31T17:38:52.365352+00:00,/games,1.3
401643767,2024,13,regular,2024-11-23T03:00:00.000Z,False,True,False,True,13671,3935,CEFCU Stadium,23,San José State,fbs,Mountain West,16,"[0, 16, 0, 0]",0.01981939901137126,1489,1481,2439,UNLV,fbs,Mountain West,27,"[3, 7, 10, 7]",0.9801806009886287,1665,1673,6.9363993185,,,,CollegeFootballData.com API,2026-08-31T17:38:52.365352+00:00,/games,1.3
401628556,2024,13,regular,2024-11-23T17:00:00.000Z,False,True,False,True,30214,3665,SECU Stadium,120,Maryland,fbs,Big Ten,13,"[0, 0, 6, 7]",0.04890251986657082,1453,1447,2294,Iowa,fbs,Big Ten,29,"[3, 10, 6, 10]",0.9510974801334292,1780,1786,3.935895694,,,,CollegeFootballData.com API,2026-08-31T17:38:52.365352+00:00,/games,1.3
401635619,2024,13,regular,2024-11-23T17:00:00.000Z,False,True,False,True,36305,3923,Scott Stadium,258,Virginia,fbs,ACC,7,"[0, 0, 0, 7]",0.0005945321856068563,1399,1375,2567,SMU,fbs,ACC,33,"[7, 10, 3, 13]",0.9994054678143931,1806,1830,2.5273731561,,,,CollegeFootballData.com API,2026-08-31T17:38:52.365352+00:00,/games,1.3
401635618,2024,13,regular,2024-11-23T17:00:00.000Z,False,True,False,True,64210,3948,Hard Rock Stadium,2390,Miami,fbs,ACC,42,"[10, 10, 0, 22]",0.9988990788133469,1858,1877,154,Wake Forest,fbs,ACC,14,"[7, 7, 0, 0]",0.0011009211866530588,1357,1338,7.4806055202,,,,CollegeFootballData.com API,2026-08-31T17:38:52.365352+00:00,/games,1.3
401635612,2024,13,regular,2024-11-23T17:00:00.000Z,False,True,False,True,37801,3615,"Alumni Stadium (Chestnut Hill, MA)",103,Boston College,fbs,ACC,41,"[3, 21, 3, 14]",0.9970125994666024,1441,1506,153,North Carolina,fbs,ACC,21,"[0, 7, 0, 14]",0.002987400533397633,1608,1543,4.4230952661,,,,CollegeFootballData.com API,2026-08-31T17:38:52.365352+00:00,/games,1.3
401635518,2024,13,regular,2024-11-23T17:00:00.000Z,False,True,False,False,35453,1964,JMA Wireless Dome,183,Syracuse,fbs,ACC,31,"[7, 14, 3, 7]",0.9947143910183219,1425,1434,41,UConn,fbs,FBS Independents,24,"[7, 7, 3, 7]",0.005285608981678069,1423,1414,6.3584075537,,,,CollegeFootballData.com API,2026-08-31T17:38:52.365352+00:00,/games,1.3
401628555,2024,13,regular,2024-11-23T17:00:00.000Z,False,True,False,True,105751,3861,Ohio Stadium,194,Ohio State,fbs,Big Ten,38,"[0, 14, 14, 10]",0.9943035860926716,2086,2120,84,Indiana,fbs,Big Ten,15,"[7, 0, 0, 8]",0.005696413907328446,1876,1842,3.6017334987,,,,CollegeFootballData.com API,2026-08-31T17:38:52.365352+00:00,/games,1.3
401641005,2024,13,regular,2024-11-23T17:00:00.000Z,False,True,False,True,16312,3662,AmFirst Stadium,55,Jacksonville State,fbs,Conference USA,21,"[7, 7, 0, 7]",0.9851385956019506,1640,1641,2534,Sam Houston,fbs,Conference USA,11,"[0, 3, 8, 0]",0.014861404398049394,1413,1412,5.6381419293,,,,CollegeFootballData.com API,2026-08-31T17:38:52.365352+00:00,/games,1.3
401628554,2024,13,regular,2024-11-23T17:00:00.000Z,False,True,False,True,47524,6577,SHI Stadium,164,Rutgers,fbs,Big Ten,31,"[3, 14, 0, 14]",0.22714076645233058,1472,1468,356,Illinois,fbs,Big Ten,38,"[0, 9, 6, 23]",0.7728592335476694,1593,1597,9.5060148834,,,,CollegeFootballData.com API,2026-08-31T17:38:52.365352+00:00,/games,1.3
401628429,2024,13,regular,2024-11-23T17:00:00.000Z,False,True,False,True,89942,3634,Ben Hill Griffin Stadium,57,Florida,fbs,SEC,24,"[0, 14, 3, 7]",0.9088706931211737,1634,1667,145,Ole Miss,fbs,SEC,17,"[0, 14, 3, 0]",0.09112930687882626,2010,1977,8.5089973208,,,,CollegeFootballData.com API,2026-08-31T17:38:52.365352+00:00,/games,1.3
401628430,2024,13,regular,2024-11-23T17:45:00.000Z,False,True,False,False,93033,3917,Sanford Stadium,61,Georgia,fbs,SEC,59,"[7, 21, 17, 14]",0.833138177677892,2029,2023,113,Massachusetts,fbs,FBS Independents,21,"[7, 7, 7, 0]",0.166861822322108,1017,1023,3.4536139842,,,,CollegeFootballData.com API,2026-08-31T17:38:52.365352+00:00,/games,1.3
401640996,2024,13,regular,2024-11-23T18:00:00.000Z,False,True,False,True,17930,3992,Williams Stadium (VA),2335,Liberty,fbs,Conference USA,38,"[0, 21, 7, 10]",0.9980392195185619,1545,1576,98,Western Kentucky,fbs,Conference USA,21,"[0, 7, 14, 0]",0.001960780481438107,1482,1451,6.9397913966,,,,CollegeFootballData.com API,2026-08-31T17:38:52.365352+00:00,/games,1.3
401628435,2024,13,regular,2024-11-23T18:00:00.000Z,False,True,False,False,101915,3853,Neyland Stadium,2633,Tennessee,fbs,SEC,56,"[0, 28, 21, 7]",0.9986035506607549,1908,1979,2638,UTEP,fbs,Conference USA,0,"[0, 0, 0, 0]",0.0013964493392450983,1165,1094,5.7425869558,,,,CollegeFootballData.com API,2026-08-31T17:38:52.365352+00:00,/games,1.3
401635616,2024,13,regular,2024-11-23T18:30:00.000Z,False,True,False,False,43711,3697,Doak Campbell Stadium,52,Florida State,fbs,ACC,41,"[0, 17, 14, 10]",0.9988011823371064,1353,1353,2127,Charleston Southern,fcs,Big South-OVC,7,"[0, 0, 0, 7]",0.0011988176628936476,,,4.3942707608,,,,CollegeFootballData.com API,2026-08-31T17:38:52.365352+00:00,/games,1.3
401644774,2024,13,regular,2024-11-23T19:00:00.000Z,False,True,False,True,7116,3919,Scheumann Stadium,2050,Ball State,fbs,Mid-American,13,"[0, 7, 0, 6]",0.005146142392136814,1115,1089,189,Bowling Green,fbs,Mid-American,38,"[7, 3, 18, 10]",0.9948538576078632,1472,1498,3.6784536429,,,,CollegeFootballData.com API,2026-08-31T17:38:52.365352+00:00,/games,1.3
401645373,2024,13,regular,2024-11-23T19:00:00.000Z,False,True,False,True,16181,7221,Protective Stadium,5,UAB,fbs,American Athletic,40,"[14, 13, 0, 13]",0.998814359056721,1145,1231,242,Rice,fbs,American Athletic,14,"[14, 0, 0, 0]",0.0011856409432789983,1301,1215,5.3822916934,,,,CollegeFootballData.com API,2026-08-31T17:38:52.365352+00:00,/games,1.3
401643836,2024,13,regular,2024-11-23T19:30:00.000Z,False,True,False,True,34012,3792,Kidd Brewer Stadium,2026,App State,fbs,Sun Belt,34,"[0, 24, 7, 3]",0.9597617954496301,1332,1405,256,James Madison,fbs,Sun Belt,20,"[7, 10, 3, 0]",0.04023820455036986,1780,1707,6.1415880256,,,,CollegeFootballData.com API,2026-08-31T17:38:52.365352+00:00,/games,1.3
401641027,2024,13,regular,2024-11-23T19:30:00.000Z,False,True,False,True,10123,3725,"Johnny ""Red"" Floyd Stadium",2393,Middle Tennessee,fbs,Conference USA,21,"[0, 7, 7, 7]",0.028019728992069188,1144,1104,166,New Mexico State,fbs,Conference USA,36,"[10, 3, 13, 10]",0.9719802710079308,1097,1137,4.8354313983,,,,CollegeFootballData.com API,2026-08-31T17:38:52.365352+00:00,/games,1.3
401643839,2024,13,regular,2024-11-23T20:00:00.000Z,False,True,False,True,14029,3625,Centennial Bank Stadium,2032,Arkansas State,fbs,Sun Belt,28,"[7, 7, 7, 7]",0.7236342121276668,1235,1241,2433,UL Monroe,fbs,Sun Belt,21,"[7, 0, 7, 7]",0.27636578787233324,1166,1160,6.5147873776,,,,CollegeFootballData.com API,2026-08-31T17:38:52.365352+00:00,/games,1.3
401645371,2024,13,regular,2024-11-23T20:00:00.000Z,False,True,False,True,15066,3715,FAU Stadium,2226,Florida Atlantic,fbs,American Athletic,27,"[3, 7, 10, 7]",0.7874519151169872,1123,1095,2429,Charlotte,fbs,American Athletic,39,"[10, 6, 10, 13]",0.2125480848830128,1101,1129,6.210340242,,,,CollegeFootballData.com API,2026-08-31T17:38:52.365352+00:00,/games,1.3
401643841,2024,13,regular,2024-11-23T20:00:00.000Z,False,True,False,True,20074,3815,M. M. Roberts Stadium,2572,Southern Miss,fbs,Sun Belt,14,"[8, 3, 0, 3]",0.0007325958791700735,948,961,6,South Alabama,fbs,Sun Belt,35,"[0, 14, 14, 7]",0.9992674041208299,1621,1608,4.3223525767,,,,CollegeFootballData.com API,2026-08-31T17:38:52.365352+00:00,/games,1.3
401640987,2024,13,regular,2024-11-23T20:00:00.000Z,False,True,False,True,6210,4899,Fifth Third Stadium,338,Kennesaw State,fbs,Conference USA,27,"[3, 14, 0, 10]",0.18940278006243344,1230,1233,2229,Florida International,fbs,Conference USA,26,"[0, 20, 6, 0]",0.8105972199375666,1300,1297,7.7000071702,,,,CollegeFootballData.com API,2026-08-31T17:38:52.365352+00:00,/games,1.3
401636935,2024,13,regular,2024-11-23T20:00:00.000Z,False,True,False,True,42977,3616,Amon G. Carter Stadium,2628,TCU,fbs,Big 12,49,"[14, 7, 14, 14]",0.9897123020256314,1578,1614,12,Arizona,fbs,Big 12,28,"[7, 6, 0, 15]",0.01028769797436857,1440,1404,4.7549952564,,,,CollegeFootballData.com API,2026-08-31T17:38:52.365352+00:00,/games,1.3
401628560,2024,13,regular,2024-11-23T20:30:00.000Z,False,True,False,True,86923,3834,"Memorial Stadium (Lincoln, NE)",158,Nebraska,fbs,Big Ten,44,"[7, 17, 10, 10]",0.8939495444892308,1459,1524,275,Wisconsin,fbs,Big Ten,25,"[7, 3, 7, 8]",0.10605045551076919,1659,1594,4.201190015,,,,CollegeFootballData.com API,2026-08-31T17:38:52.365352+00:00,/games,1.3
401643837,2024,13,regular,2024-11-23T20:30:00.000Z,False,True,False,True,14556,3654,Brooks Stadium (SC),324,Coastal Carolina,fbs,Sun Belt,6,"[3, 0, 3, 0]",0.031203776914788393,1386,1335,290,Georgia Southern,fbs,Sun Belt,26,"[10, 3, 0, 13]",0.9687962230852116,1386,1437,5.1594818848,,,,CollegeFootballData.com API,2026-08-31T17:38:52.365352+00:00,/games,1.3
401636937,2024,13,regular,2024-11-23T20:30:00.000Z,False,True,False,True,40722,3842,Milan Puskar Stadium,277,West Virginia,fbs,Big 12,31,"[14, 7, 7, 3]",0.3870661633047699,1529,1553,2116,UCF,fbs,Big 12,21,"[0, 7, 7, 7]",0.6129338366952302,1620,1596,4.4217794942,,,,CollegeFootballData.com API,2026-08-31T17:38:52.365352+00:00,/games,1.3
401635613,2024,13,regular,2024-11-23T20:30:00.000Z,False,True,False,True,52428,3831,California Memorial Stadium,25,California,fbs,ACC,24,"[0, 7, 3, 14]",0.8187295997031043,1610,1606,24,Stanford,fbs,ACC,21,"[14, 0, 7, 0]",0.18127040029689567,1168,1172,4.8024372895,,,,CollegeFootballData.com API,2026-08-31T17:38:52.365352+00:00,/games,1.3
401645372,2024,13,regular,2024-11-23T20:30:00.000Z,False,True,False,True,17387,3825,DATCU Stadium,249,North Texas,fbs,American Athletic,28,"[14, 7, 7, 0]",0.06481296643458724,1400,1373,151,East Carolina,fbs,American Athletic,40,"[0, 7, 24, 9]",0.9351870335654128,1391,1418,5.8323354016,,,,CollegeFootballData.com API,2026-08-31T17:38:52.365352+00:00,/games,1.3
401636932,2024,13,regular,2024-11-23T20:30:00.000Z,False,True,True,True,56470,3622,GEHA Field at Arrowhead Stadium,2305,Kansas,fbs,Big 12,37,"[10, 13, 7, 7]",0.9969567747278307,1671,1714,38,Colorado,fbs,Big 12,21,"[0, 14, 7, 0]",0.00304322527216927,1684,1641,5.0171919651,,,,CollegeFootballData.com API,2026-08-31T17:38:52.365352+00:00,/games,1.3
401636930,2024,13,regular,2024-11-23T20:30:00.000Z,False,True,False,True,55400,3947,Mountain America Stadium,9,Arizona State,fbs,Big 12,28,"[7, 14, 7, 0]",0.8767034844197439,1608,1615,252,BYU,fbs,Big 12,23,"[0, 3, 14, 6]",0.12329651558025612,1667,1660,5.3435381132,,,,CollegeFootballData.com API,2026-08-31T17:38:52.365352+00:00,/games,1.3
401635614,2024,13,regular,2024-11-23T20:30:00.000Z,False,True,False,False,80300,3836,"Memorial Stadium (Clemson, SC)",228,Clemson,fbs,ACC,51,"[14, 21, 10, 6]",0.9989669468883322,1824,1824,2643,The Citadel,fcs,Southern,14,"[0, 0, 7, 7]",0.0010330531116677921,,,2.4320682979,,,,CollegeFootballData.com API,2026-08-31T17:38:52.365352+00:00,/games,1.3
401636934,2024,13,regular,2024-11-23T20:30:00.000Z,False,True,False,True,52202,3646,Boone Pickens Stadium,197,Oklahoma State,fbs,Big 12,48,"[7, 7, 14, 20]",0.37191522066444943,1375,1372,2641,Texas Tech,fbs,Big 12,56,"[14, 7, 14, 21]",0.6280847793355506,1537,1540,7.5014400752,,,,CollegeFootballData.com API,2026-08-31T17:38:52.365352+00:00,/games,1.3
401643766,2024,13,regular,2024-11-23T20:30:00.000Z,False,True,False,True,12583,3905,Maverik Stadium,328,Utah State,fbs,Mountain West,41,"[0, 14, 7, 20]",0.9985195200770841,1321,1367,21,San Diego State,fbs,Mountain West,20,"[3, 10, 0, 7]",0.0014804799229158894,1283,1237,6.1729697376,,,,CollegeFootballData.com API,2026-08-31T17:38:52.365352+00:00,/games,1.3
401645375,2024,13,regular,2024-11-23T20:30:00.000Z,False,True,False,True,27623,3886,Raymond James Stadium,58,South Florida,fbs,American Athletic,63,"[28, 14, 7, 14]",0.9989188929407493,1420,1457,202,Tulsa,fbs,American Athletic,30,"[0, 7, 0, 23]",0.0010811070592506855,971,934,2.5536432679,,,,CollegeFootballData.com API,2026-08-31T17:38:52.365352+00:00,/games,1.3
401628436,2024,13,regular,2024-11-23T20:30:00.000Z,False,True,False,True,102811,3910,DKR-Texas Memorial Stadium,251,Texas,fbs,SEC,31,"[7, 17, 0, 7]",0.9965531842080707,2071,2063,96,Kentucky,fbs,SEC,14,"[0, 7, 7, 0]",0.003446815791929292,1537,1545,5.0504497603,,,,CollegeFootballData.com API,2026-08-31T17:38:52.365352+00:00,/games,1.3
401628557,2024,13,regular,2024-11-23T20:30:00.000Z,False,True,False,True,109830,3558,Michigan Stadium,130,Michigan,fbs,Big Ten,50,"[10, 7, 14, 19]",0.9975037396874484,1777,1867,77,Northwestern,fbs,Big Ten,6,"[0, 6, 0, 0]",0.002496260312551568,1486,1396,3.4773768545,,,,CollegeFootballData.com API,2026-08-31T17:38:52.365352+00:00,/games,1.3
401628559,2024,13,regular,2024-11-23T20:30:00.000Z,False,True,False,True,44266,3953,Huntington Bank Stadium,135,Minnesota,fbs,Big Ten,25,"[7, 12, 3, 3]",0.3936757829996285,1590,1606,213,Penn State,fbs,Big Ten,26,"[0, 16, 7, 3]",0.6063242170003715,1987,1971,5.9747051446,,,,CollegeFootballData.com API,2026-08-31T17:38:52.365352+00:00,/games,1.3
401628427,2024,13,regular,2024-11-23T21:00:00.000Z,False,True,False,False,66041,3887,Razorback Stadium,8,Arkansas,fbs,SEC,35,"[0, 14, 7, 14]",0.9978082504753316,1547,1574,2348,Louisiana Tech,fbs,Conference USA,14,"[0, 0, 7, 7]",0.002191749524668385,1321,1294,6.40634552,,,,CollegeFootballData.com API,2026-08-31T17:38:52.365352+00:00,/games,1.3
401635617,2024,13,regular,2024-11-23T21:00:00.000Z,False,True,False,True,49441,3873,L&N Federal Credit Union Stadium,97,Louisville,fbs,ACC,37,"[10, 17, 10, 0]",0.9986454166487777,1715,1767,221,Pittsburgh,fbs,ACC,9,"[0, 0, 7, 2]",0.0013545833512222938,1531,1479,3.162664048,,,,CollegeFootballData.com API,2026-08-31T17:38:52.365352+00:00,/games,1.3
401628434,2024,13,regular,2024-11-23T21:00:00.000Z,False,True,False,False,79078,3994,Williams-Brice Stadium,2579,South Carolina,fbs,SEC,56,"[7, 14, 14, 21]",0.9988939582781906,1827,1827,2747,Wofford,fcs,Southern,12,"[3, 6, 0, 3]",0.001106041721809392,,,5.0921718838,,,,CollegeFootballData.com API,2026-08-31T17:38:52.365352+00:00,/games,1.3
401628432,2024,13,regular,2024-11-23T21:15:00.000Z,False,True,False,True,47824,3693,Davis Wade Stadium,344,Mississippi State,fbs,SEC,20,"[10, 3, 7, 0]",0.0008143081951796834,1362,1348,142,Missouri,fbs,SEC,39,"[14, 14, 3, 8]",0.9991856918048203,1684,1698,3.4778164696,,,,CollegeFootballData.com API,2026-08-31T17:38:52.365352+00:00,/games,1.3
401643840,2024,13,regular,2024-11-23T22:00:00.000Z,False,True,False,True,15501,3666,Cajun Field,309,Louisiana,fbs,Sun Belt,51,"[7, 27, 3, 14]",0.9356443974601732,1618,1652,2653,Troy,fbs,Sun Belt,30,"[14, 0, 8, 8]",0.06435560253982675,1466,1432,4.729033844,,,,CollegeFootballData.com API,2026-08-31T17:38:52.365352+00:00,/games,1.3
401636931,2024,13,regular,2024-11-24T00:00:00.000Z,False,True,False,True,34166,4728,TDECU Stadium,248,Houston,fbs,Big 12,10,"[7, 0, 0, 3]",0.2133737052761575,1306,1309,239,Baylor,fbs,Big 12,20,"[7, 10, 0, 3]",0.7866262947238425,1591,1588,4.999600321,,,,CollegeFootballData.com API,2026-08-31T17:38:52.365352+00:00,/games,1.3
401643842,2024,13,regular,2024-11-24T00:00:00.000Z,False,True,False,True,18271,3644,Bobcat Stadium (TX),326,Texas State,fbs,Sun Belt,44,"[14, 7, 0, 23]",0.06184990509359186,1693,1635,2247,Georgia State,fbs,Sun Belt,52,"[14, 24, 7, 7]",0.9381500949064081,1238,1296,3.6713008688,,,,CollegeFootballData.com API,2026-08-31T17:38:52.365352+00:00,/games,1.3
401628572,2024,13,regular,2024-11-24T00:00:00.000Z,False,True,False,True,38008,3893,Reser Stadium,204,Oregon State,fbs,Pac-12,41,"[7, 14, 10, 10]",0.27376107445477166,1356,1360,265,Washington State,fbs,Pac-12,38,"[7, 10, 7, 14]",0.7262389255452284,1600,1596,7.658751011,,,,CollegeFootballData.com API,2026-08-31T17:38:52.365352+00:00,/games,1.3
401640959,2024,13,regular,2024-11-24T00:00:00.000Z,False,True,True,False,47342,4102,Yankee Stadium,87,Notre Dame,fbs,FBS Independents,49,"[14, 14, 14, 7]",0.9989435155454186,2115,2165,349,Army,fbs,American Athletic,14,"[0, 7, 0, 7]",0.0010564844545813967,1661,1611,2.6373925698,,,,CollegeFootballData.com API,2026-08-31T17:38:52.365352+00:00,/games,1.3
401643764,2024,13,regular,2024-11-24T00:00:00.000Z,False,True,False,True,18094,3984,War Memorial Stadium,2751,Wyoming,fbs,Mountain West,13,"[3, 7, 0, 3]",0.7212125149793001,1260,1283,68,Boise State,fbs,Mountain West,17,"[7, 3, 0, 7]",0.27878748502069994,1770,1747,7.5855508451,,,,CollegeFootballData.com API,2026-08-31T17:38:52.365352+00:00,/games,1.3
401643838,2024,13,regular,2024-11-24T00:30:00.000Z,False,True,False,True,18083,3918,S.B. Ballard Stadium,295,Old Dominion,fbs,Sun Belt,35,"[0, 7, 21, 7]",0.6173487362334923,1486,1473,276,Marshall,fbs,Sun Belt,42,"[3, 14, 10, 15]",0.3826512637665077,1489,1502,6.9754188366,,,,CollegeFootballData.com API,2026-08-31T17:38:52.365352+00:00,/games,1.3
401636936,2024,13,regular,2024-11-24T00:30:00.000Z,False,True,False,True,52152,587,Rice-Eccles Stadium,254,Utah,fbs,Big 12,28,"[3, 10, 0, 15]",0.8462294608654207,1515,1524,66,Iowa State,fbs,Big 12,31,"[7, 10, 7, 7]",0.15377053913457928,1746,1737,6.295511082,,,,CollegeFootballData.com API,2026-08-31T17:38:52.365352+00:00,/games,1.3
401628433,2024,13,regular,2024-11-24T00:30:00.000Z,False,True,False,True,84053,3835,"Memorial Stadium (Norman, OK)",201,Oklahoma,fbs,SEC,24,"[0, 10, 14, 0]",0.9979876881477157,1678,1780,333,Alabama,fbs,SEC,3,"[3, 0, 0, 0]",0.002012311852284343,2113,2011,4.1536928647,,,,CollegeFootballData.com API,2026-08-31T17:38:52.365352+00:00,/games,1.3
401628428,2024,13,regular,2024-11-24T00:30:00.000Z,False,True,False,True,88043,3785,Jordan-Hare Stadium,2,Auburn,fbs,SEC,43,"[14, 7, 7, 3, 7, 3, 0, 2]",0.5423385562984405,1604,1607,245,Texas A&M,fbs,SEC,41,"[0, 7, 14, 10, 7, 3, 0, 0]",0.4576614437015595,1770,1767,9.219958917,,,,CollegeFootballData.com API,2026-08-31T17:38:52.365352+00:00,/games,1.3
401628431,2024,13,regular,2024-11-24T00:45:00.000Z,False,True,False,True,102086,3958,Tiger Stadium (LA),99,LSU,fbs,SEC,24,"[7, 7, 7, 3]",0.9215569106403879,1764,1757,238,Vanderbilt,fbs,SEC,17,"[7, 0, 3, 7]",0.07844308935961208,1446,1453,4.8747119749,,,,CollegeFootballData.com API,2026-08-31T17:38:52.365352+00:00,/games,1.3
401636933,2024,13,regular,2024-11-24T01:00:00.000Z,False,True,False,True,50988,3636,Bill Snyder Family Stadium,2306,Kansas State,fbs,Big 12,41,"[10, 17, 0, 14]",0.9958220506202534,1731,1772,2132,Cincinnati,fbs,Big 12,15,"[0, 3, 6, 6]",0.004177949379746582,1506,1465,3.0258991048,,,,CollegeFootballData.com API,2026-08-31T17:38:52.365352+00:00,/games,1.3
401635615,2024,13,regular,2024-11-24T01:00:00.000Z,False,True,False,True,22462,3982,Wallace Wade Stadium,150,Duke,fbs,ACC,31,"[14, 7, 10, 0]",0.9072339610133376,1597,1599,259,Virginia Tech,fbs,ACC,28,"[7, 10, 0, 11]",0.09276603898666236,1658,1656,8.334691174,,,,CollegeFootballData.com API,2026-08-31T17:38:52.365352+00:00,/games,1.3
401643763,2024,13,regular,2024-11-24T03:30:00.000Z,False,True,False,True,12228,3816,Mackay Stadium,2440,Nevada,fbs,Mountain West,19,"[0, 6, 6, 7]",0.12469034617243689,1196,1204,2005,Air Force,fbs,Mountain West,22,"[0, 7, 0, 15]",0.8753096538275631,1406,1398,6.9270209058,,,,CollegeFootballData.com API,2026-08-31T17:38:52.365352+00:00,/games,1.3
401643765,2024,13,regular,2024-11-24T03:30:00.000Z,False,True,False,True,39543,3660,Valley Children's Stadium,278,Fresno State,fbs,Mountain West,28,"[7, 21, 0, 0]",0.8797291371909506,1511,1511,36,Colorado State,fbs,Mountain West,22,"[7, 0, 7, 8]",0.12027086280904942,1366,1366,5.6302113159,,,,CollegeFootballData.com API,2026-08-31T17:38:52.365352+00:00,/games,1.3
401628561,2024,13,regular,2024-11-24T03:30:00.000Z,False,True,False,True,59473,1056,Rose Bowl,26,UCLA,fbs,Big Ten,13,"[3, 0, 10, 0]",0.921876989457655,1466,1476,30,USC,fbs,Big Ten,19,"[3, 6, 0, 10]",0.07812301054234505,1761,1751,6.0413408276,,,,CollegeFootballData.com API,2026-08-31T17:38:52.365352+00:00,/games,1.3
401644775,2024,14,regular,2024-11-27T00:00:00.000Z,False,True,False,True,4716,3768,InfoCision Stadium,2006,Akron,fbs,Mid-American,21,"[7, 0, 0, 7, 7]",0.2844975789747403,1085,1118,2649,Toledo,fbs,Mid-American,14,"[0, 0, 0, 14, 0]",0.7155024210252596,1459,1426,7.1114876651,,,,CollegeFootballData.com API,2026-08-31T17:38:52.365352+00:00,/games,1.3
401644776,2024,14,regular,2024-11-27T00:00:00.000Z,False,True,False,True,11916,3965,UB Stadium,2084,Buffalo,fbs,Mid-American,43,"[13, 13, 7, 10]",0.9986797157103546,1259,1304,2309,Kent State,fbs,Mid-American,7,"[0, 0, 7, 0]",0.0013202842896453681,805,760,3.0737114671,,,,CollegeFootballData.com API,2026-08-31T17:38:52.365352+00:00,/games,1.3
401645376,2024,14,regular,2024-11-29T00:30:00.000Z,False,True,False,True,25021,4729,Yulman Stadium,2655,Tulane,fbs,American Athletic,24,"[10, 0, 0, 14]",0.044377860509926904,1874,1829,235,Memphis,fbs,American Athletic,34,"[7, 10, 7, 10]",0.9556221394900731,1621,1666,4.2262920592,,,,CollegeFootballData.com API,2026-08-31T17:38:52.365352+00:00,/games,1.3
401644691,2024,14,regular,2024-11-29T17:00:00.000Z,False,True,False,True,9345,3700,Doyt L. Perry Stadium,189,Bowling Green,fbs,Mid-American,12,"[0, 5, 0, 7]",0.011332963568387195,1498,1466,193,Miami (OH),fbs,Mid-American,28,"[7, 7, 0, 14]",0.9886670364316128,1558,1590,3.8709650579,,,,CollegeFootballData.com API,2026-08-31T17:38:52.365352+00:00,/games,1.3
401644777,2024,14,regular,2024-11-29T17:00:00.000Z,False,True,False,True,11804,3876,Peden Stadium,195,Ohio,fbs,Mid-American,42,"[14, 7, 14, 7]",0.998880141430811,1582,1585,2050,Ball State,fbs,Mid-American,21,"[0, 7, 7, 7]",0.0011198585691889473,1089,1086,5.7309179002,,,,CollegeFootballData.com API,2026-08-31T17:38:52.365352+00:00,/games,1.3
401636938,2024,14,regular,2024-11-29T17:00:00.000Z,False,True,False,True,51030,3726,Folsom Field,38,Colorado,fbs,Big 12,52,"[21, 0, 17, 14]",0.9989571361132871,1641,1762,197,Oklahoma State,fbs,Big 12,0,"[0, 0, 0, 0]",0.0010428638867129303,1372,1251,2.7476275523,,,,CollegeFootballData.com API,2026-08-31T17:38:52.365352+00:00,/games,1.3
401628568,2024,14,regular,2024-11-29T17:00:00.000Z,False,True,False,True,76059,347,Camp Randall Stadium,275,Wisconsin,fbs,Big Ten,7,"[0, 0, 7, 0]",0.0009386543860333801,1594,1554,135,Minnesota,fbs,Big Ten,24,"[7, 7, 7, 3]",0.9990613456139666,1606,1646,3.3258566397,,,,CollegeFootballData.com API,2026-08-31T17:38:52.365352+00:00,/games,1.3
401643769,2024,14,regular,2024-11-29T17:00:00.000Z,False,True,False,False,37264,3653,Albertsons Stadium,68,Boise State,fbs,Mountain West,34,"[14, 7, 6, 7]",0.9418541814960487,1747,1748,204,Oregon State,fbs,Pac-12,18,"[0, 7, 3, 8]",0.058145818503951285,1360,1359,4.511954859,,,,CollegeFootballData.com API,2026-08-31T17:38:52.365352+00:00,/games,1.3
401645379,2024,14,regular,2024-11-29T17:00:00.000Z,False,True,False,True,35663,3699,Dowdy-Ficklen Stadium,151,East Carolina,fbs,American Athletic,20,"[0, 3, 0, 17]",0.006420098891402485,1418,1392,2426,Navy,fbs,American Athletic,34,"[0, 0, 14, 20]",0.9935799011085975,1477,1503,5.6325040367,,,,CollegeFootballData.com API,2026-08-31T17:38:52.365352+00:00,/games,1.3
401640997,2024,14,regular,2024-11-29T20:30:00.000Z,False,True,False,True,8651,3647,Elliott T. Bowers Stadium,2534,Sam Houston,fbs,Conference USA,20,"[3, 14, 3, 0]",0.8588682212916633,1412,1415,2335,Liberty,fbs,Conference USA,18,"[2, 7, 0, 9]",0.1411317787083367,1576,1573,5.6355656693,,,,CollegeFootballData.com API,2026-08-31T17:38:52.365352+00:00,/games,1.3
401643843,2024,14,regular,2024-11-29T20:30:00.000Z,False,True,False,True,15569,6526,Hancock Whitney Stadium,6,South Alabama,fbs,Sun Belt,38,"[14, 14, 7, 3]",0.21619645942292331,1608,1597,326,Texas State,fbs,Sun Belt,45,"[14, 7, 10, 14]",0.7838035405770767,1635,1646,6.3088466293,,,,CollegeFootballData.com API,2026-08-31T17:38:52.365352+00:00,/games,1.3
401643770,2024,14,regular,2024-11-29T20:30:00.000Z,False,True,False,True,24772,5388,Canvas Stadium,36,Colorado State,fbs,Mountain West,42,"[0, 13, 0, 29]",0.23687846901861767,1366,1371,328,Utah State,fbs,Mountain West,37,"[13, 3, 14, 7]",0.7631215309813824,1367,1362,8.1634958871,,,,CollegeFootballData.com API,2026-08-31T17:38:52.365352+00:00,/games,1.3
401628442,2024,14,regular,2024-11-29T20:30:00.000Z,False,True,False,True,67896,3974,Vaught-Hemingway Stadium,145,Ole Miss,fbs,SEC,26,"[10, 7, 3, 6]",0.9791243711500325,1977,1956,344,Mississippi State,fbs,SEC,14,"[14, 0, 0, 0]",0.02087562884996752,1348,1369,6.7842309695,,,,CollegeFootballData.com API,2026-08-31T17:38:52.365352+00:00,/games,1.3
401635625,2024,14,regular,2024-11-29T21:00:00.000Z,False,True,False,False,19117,3935,CEFCU Stadium,23,San José State,fbs,Mountain West,34,"[0, 17, 10, 7]",0.2736914275899505,1481,1478,24,Stanford,fbs,ACC,31,"[3, 7, 7, 14]",0.7263085724100495,1172,1175,7.035871014,,,,CollegeFootballData.com API,2026-08-31T17:38:52.365352+00:00,/games,1.3
401628439,2024,14,regular,2024-11-30T00:30:00.000Z,False,True,False,False,93033,3917,Sanford Stadium,61,Georgia,fbs,SEC,44,"[0, 0, 6, 21, 7, 6, 0, 0, 2, 0, 0, 2]",0.2112126985931276,2023,2017,59,Georgia Tech,fbs,ACC,42,"[3, 14, 0, 10, 7, 6, 0, 0, 2, 0, 0, 0]",0.7887873014068724,1575,1581,5.6413344753,,,,CollegeFootballData.com API,2026-08-31T17:38:52.365352+00:00,/games,1.3
401628562,2024,14,regular,2024-11-30T00:30:00.000Z,False,True,False,True,69250,3793,Kinnick Stadium,2294,Iowa,fbs,Big Ten,13,"[0, 0, 3, 10]",0.060828858245351496,1786,1784,158,Nebraska,fbs,Big Ten,10,"[3, 7, 0, 0]",0.9391711417546486,1524,1526,6.8061849771,,,,CollegeFootballData.com API,2026-08-31T17:38:52.365352+00:00,/games,1.3
401636939,2024,14,regular,2024-11-30T01:00:00.000Z,False,True,False,True,40747,3652,FBC Mortgage Stadium,2116,UCF,fbs,Big 12,14,"[0, 7, 0, 7]",0.12002435906985308,1596,1557,254,Utah,fbs,Big 12,28,"[3, 10, 0, 15]",0.8799756409301469,1524,1563,5.3843456843,,,,CollegeFootballData.com API,2026-08-31T17:38:52.365352+00:00,/games,1.3
401636945,2024,14,regular,2024-11-30T17:00:00.000Z,False,True,False,True,52785,3784,Jones AT&T Stadium,2641,Texas Tech,fbs,Big 12,52,"[6, 29, 7, 10]",0.9985769484963855,1540,1647,277,West Virginia,fbs,Big 12,15,"[3, 0, 6, 6]",0.0014230515036145475,1553,1446,2.9471723932,,,,CollegeFootballData.com API,2026-08-31T17:38:52.365352+00:00,/games,1.3
401628563,2024,14,regular,2024-11-30T17:00:00.000Z,False,True,True,True,26378,4250,Wrigley Field,77,Northwestern,fbs,Big Ten,28,"[10, 0, 10, 8]",0.02321332900381131,1396,1397,356,Illinois,fbs,Big Ten,38,"[7, 7, 14, 10]",0.9767866709961887,1597,1596,4.3141013947,,,,CollegeFootballData.com API,2026-08-31T17:38:52.365352+00:00,/games,1.3
401628444,2024,14,regular,2024-11-30T17:00:00.000Z,False,True,False,False,81500,3836,"Memorial Stadium (Clemson, SC)",228,Clemson,fbs,ACC,14,"[0, 7, 7, 0]",0.1823213457225503,1815,1811,2579,South Carolina,fbs,SEC,17,"[0, 7, 0, 10]",0.8176786542774497,1828,1832,7.3032535022,,,,CollegeFootballData.com API,2026-08-31T17:38:52.365352+00:00,/games,1.3
401628566,2024,14,regular,2024-11-30T17:00:00.000Z,False,True,False,True,106005,3861,Ohio Stadium,194,Ohio State,fbs,Big Ten,10,"[3, 7, 0, 0]",0.5312440212481095,2120,2099,130,Michigan,fbs,Big Ten,13,"[0, 10, 0, 3]",0.46875597875189046,1867,1888,5.8773789703,,,,CollegeFootballData.com API,2026-08-31T17:38:52.365352+00:00,/games,1.3
401629038,2024,14,regular,2024-11-30T17:00:00.000Z,False,True,False,True,10365,3985,Warren McGuirk Alumni Stadium,113,Massachusetts,fbs,FBS Independents,42,"[14, 14, 0, 14]",0.7042563147039983,1023,1040,41,UConn,fbs,FBS Independents,47,"[14, 13, 6, 14]",0.2957436852960017,1414,1397,6.5079667639,,,,CollegeFootballData.com API,2026-08-31T17:38:52.365352+00:00,/games,1.3
401635622,2024,14,regular,2024-11-30T17:00:00.000Z,False,True,False,True,24776,3630,Allegacy Federal Credit Union Stadium,154,Wake Forest,fbs,ACC,17,"[0, 10, 7, 0]",0.6958491086454279,1338,1346,150,Duke,fbs,ACC,23,"[0, 3, 7, 13]",0.3041508913545721,1599,1591,8.1532737621,,,,CollegeFootballData.com API,2026-08-31T17:38:52.365352+00:00,/games,1.3
401636941,2024,14,regular,2024-11-30T17:00:00.000Z,False,True,False,True,36585,4727,McLane Stadium,239,Baylor,fbs,Big 12,45,"[14, 7, 21, 3]",0.9768985872440337,1588,1677,2305,Kansas,fbs,Big 12,17,"[7, 3, 7, 0]",0.023101412755966333,1714,1625,3.8086096618,,,,CollegeFootballData.com API,2026-08-31T17:38:52.365352+00:00,/games,1.3
401645381,2024,14,regular,2024-11-30T17:00:00.000Z,False,True,False,True,,3806,Lincoln Financial Field,218,Temple,fbs,American Athletic,17,"[3, 14, 0, 0]",0.007678029612514481,1026,1038,249,North Texas,fbs,American Athletic,24,"[17, 7, 0, 0]",0.9923219703874855,1373,1361,6.3887081142,,,,CollegeFootballData.com API,2026-08-31T17:38:52.365352+00:00,/games,1.3
401645378,2024,14,regular,2024-11-30T17:00:00.000Z,False,True,False,True,22120,3841,Michie Stadium,349,Army,fbs,American Athletic,29,"[7, 6, 3, 13]",0.9204104546089289,1611,1611,2636,UTSA,fbs,American Athletic,24,"[7, 3, 7, 7]",0.0795895453910711,1479,1479,7.9327251907,,,,CollegeFootballData.com API,2026-08-31T17:38:52.365352+00:00,/games,1.3
401643848,2024,14,regular,2024-11-30T17:00:00.000Z,False,True,False,True,15006,3817,Malone Stadium,2433,UL Monroe,fbs,Sun Belt,23,"[3, 10, 3, 7]",0.07179862294126547,1160,1172,309,Louisiana,fbs,Sun Belt,37,"[6, 7, 7, 17]",0.9282013770587345,1652,1640,5.6767894603,,,,CollegeFootballData.com API,2026-08-31T17:38:52.365352+00:00,/games,1.3
401628440,2024,14,regular,2024-11-30T17:00:00.000Z,False,True,False,False,58612,3683,Kroger Field,96,Kentucky,fbs,SEC,14,"[0, 0, 7, 7]",0.04744836669828061,1545,1498,97,Louisville,fbs,ACC,41,"[7, 13, 14, 7]",0.9525516333017194,1767,1814,2.8261398088,,,,CollegeFootballData.com API,2026-08-31T17:38:52.365352+00:00,/games,1.3
401628446,2024,14,regular,2024-11-30T17:00:00.000Z,False,True,False,True,28934,3973,FirstBank Stadium,238,Vanderbilt,fbs,SEC,23,"[17, 0, 0, 6]",0.0007556686111774126,1453,1469,2633,Tennessee,fbs,SEC,36,"[7, 17, 9, 3]",0.9992443313888226,1979,1963,3.8925994934,,,,CollegeFootballData.com API,2026-08-31T17:38:52.365352+00:00,/games,1.3
401644780,2024,14,regular,2024-11-30T18:30:00.000Z,False,True,False,True,,3980,Waldo Stadium,2711,Western Michigan,fbs,Mid-American,26,"[0, 16, 7, 3]",0.9105388555960335,1246,1254,2199,Eastern Michigan,fbs,Mid-American,18,"[0, 0, 15, 3]",0.08946114440396646,1183,1175,6.2258019605,,,,CollegeFootballData.com API,2026-08-31T17:38:52.365352+00:00,/games,1.3
401645382,2024,14,regular,2024-11-30T19:00:00.000Z,False,True,False,True,16430,3895,Rice Stadium,242,Rice,fbs,American Athletic,35,"[17, 10, 8, 0]",0.6985070029587165,1215,1239,58,South Florida,fbs,American Athletic,28,"[7, 0, 7, 14]",0.3014929970412835,1457,1433,5.1192951089,,,,CollegeFootballData.com API,2026-08-31T17:38:52.365352+00:00,/games,1.3
401640988,2024,14,regular,2024-11-30T19:00:00.000Z,False,True,True,True,8962,2031,Pitbull Stadium,2229,Florida International,fbs,Conference USA,35,"[14, 14, 0, 7]",0.9719740921508259,1297,1308,2393,Middle Tennessee,fbs,Conference USA,24,"[0, 17, 0, 7]",0.028025907849174136,1104,1093,5.1268858168,,,,CollegeFootballData.com API,2026-08-31T17:38:52.365352+00:00,/games,1.3
401643845,2024,14,regular,2024-11-30T19:00:00.000Z,False,True,False,True,12606,4246,Center Parc Stadium,2247,Georgia State,fbs,Sun Belt,27,"[0, 10, 9, 8]",0.0011097833109109014,1296,1247,324,Coastal Carolina,fbs,Sun Belt,48,"[7, 10, 14, 17]",0.9988902166890891,1335,1384,4.1119588589,,,,CollegeFootballData.com API,2026-08-31T17:38:52.365352+00:00,/games,1.3
401643849,2024,14,regular,2024-11-30T19:00:00.000Z,False,True,False,True,19521,3975,Veterans Memorial Stadium (AL),2653,Troy,fbs,Sun Belt,52,"[10, 7, 14, 21]",0.9984693597815943,1432,1464,2572,Southern Miss,fbs,Sun Belt,20,"[8, 0, 6, 6]",0.0015306402184056545,961,929,5.5417416996,,,,CollegeFootballData.com API,2026-08-31T17:38:52.365352+00:00,/games,1.3
401643847,2024,14,regular,2024-11-30T20:00:00.000Z,False,True,False,True,13584,3625,Centennial Bank Stadium,2032,Arkansas State,fbs,Sun Belt,32,"[7, 7, 15, 3]",0.004222369704036244,1241,1243,295,Old Dominion,fbs,Sun Belt,40,"[14, 7, 19, 0]",0.9957776302959638,1473,1471,4.1250573731,,,,CollegeFootballData.com API,2026-08-31T17:38:52.365352+00:00,/games,1.3
401635620,2024,14,regular,2024-11-30T20:00:00.000Z,False,True,False,True,29704,3615,"Alumni Stadium (Chestnut Hill, MA)",103,Boston College,fbs,ACC,34,"[6, 14, 7, 7]",0.9320899715386084,1506,1524,221,Pittsburgh,fbs,ACC,23,"[0, 10, 7, 6]",0.0679100284613916,1479,1461,6.4826142012,,,,CollegeFootballData.com API,2026-08-31T17:38:52.365352+00:00,/games,1.3
401635623,2024,14,regular,2024-11-30T20:30:00.000Z,False,True,False,True,40486,1964,JMA Wireless Dome,183,Syracuse,fbs,ACC,42,"[0, 14, 21, 7]",0.42545169040070274,1434,1452,2390,Miami,fbs,ACC,38,"[14, 7, 7, 10]",0.5745483095992973,1877,1859,7.7483994146,,,,CollegeFootballData.com API,2026-08-31T17:38:52.365352+00:00,/games,1.3
401635621,2024,14,regular,2024-11-30T20:30:00.000Z,False,True,False,True,33178,3735,Gerald J. Ford Stadium,2567,SMU,fbs,ACC,38,"[14, 7, 0, 17]",0.99779013392185,1830,1890,25,California,fbs,ACC,6,"[0, 0, 3, 3]",0.0022098660781499913,1606,1546,3.0794154021,,,,CollegeFootballData.com API,2026-08-31T17:38:52.365352+00:00,/games,1.3
401628571,2024,14,regular,2024-11-30T20:30:00.000Z,False,True,False,False,73241,477,Los Angeles Memorial Coliseum,30,USC,fbs,Big Ten,35,"[0, 14, 7, 14]",0.002167694477008406,1751,1756,87,Notre Dame,fbs,FBS Independents,49,"[7, 7, 21, 14]",0.9978323055229916,2165,2160,6.406879225,,,,CollegeFootballData.com API,2026-08-31T17:38:52.365352+00:00,/games,1.3
401628570,2024,14,regular,2024-11-30T20:30:00.000Z,False,True,False,False,35018,1056,Rose Bowl,26,UCLA,fbs,Big Ten,20,"[3, 3, 7, 7]",0.8719021228065362,1476,1488,278,Fresno State,fbs,Mountain West,13,"[0, 10, 0, 3]",0.12809787719346377,1511,1499,8.346909493,,,,CollegeFootballData.com API,2026-08-31T17:38:52.365352+00:00,/games,1.3
401645380,2024,14,regular,2024-11-30T20:30:00.000Z,False,True,False,True,15243,3674,Chapman Stadium,202,Tulsa,fbs,American Athletic,16,"[2, 7, 7, 0]",0.0003588341836969184,934,812,2226,Florida Atlantic,fbs,American Athletic,63,"[7, 35, 14, 7]",0.9996411658163031,1095,1217,2.2469855782,,,,CollegeFootballData.com API,2026-08-31T17:38:52.365352+00:00,/games,1.3
401628437,2024,14,regular,2024-11-30T20:30:00.000Z,False,True,False,True,100077,3657,Bryant-Denny Stadium,333,Alabama,fbs,SEC,28,"[7, 7, 14, 0]",0.9855541427962963,2011,2007,2,Auburn,fbs,SEC,14,"[0, 6, 8, 0]",0.014445857203703727,1607,1611,4.2747989352,,,,CollegeFootballData.com API,2026-08-31T17:38:52.365352+00:00,/games,1.3
401628443,2024,14,regular,2024-11-30T20:30:00.000Z,False,True,False,True,62621,3838,Memorial Stadium,142,Missouri,fbs,SEC,28,"[7, 0, 3, 18]",0.7171060630184782,1698,1701,8,Arkansas,fbs,SEC,21,"[0, 7, 7, 7]",0.28289393698152177,1574,1571,8.103636049,,,,CollegeFootballData.com API,2026-08-31T17:38:52.365352+00:00,/games,1.3
401628565,2024,14,regular,2024-11-30T20:30:00.000Z,False,True,False,True,104044,3632,Beaver Stadium,213,Penn State,fbs,Big Ten,44,"[3, 28, 0, 13]",0.9979505941918048,1971,2011,120,Maryland,fbs,Big Ten,7,"[7, 0, 0, 0]",0.002049405808195237,1447,1407,3.4070132564,,,,CollegeFootballData.com API,2026-08-31T17:38:52.365352+00:00,/games,1.3
401644779,2024,14,regular,2024-11-30T20:30:00.000Z,False,True,False,True,5843,3764,Huskie Stadium,2459,Northern Illinois,fbs,Mid-American,24,"[19, 2, 3, 0]",0.8113495378916382,1450,1441,2117,Central Michigan,fbs,Mid-American,16,"[0, 16, 0, 0]",0.18865046210836178,1094,1103,5.7512354549,,,,CollegeFootballData.com API,2026-08-31T17:38:52.365352+00:00,/games,1.3
401628567,2024,14,regular,2024-11-30T20:30:00.000Z,False,True,False,True,50038,3936,Spartan Stadium,127,Michigan State,fbs,Big Ten,14,"[7, 0, 0, 7]",0.04693542637151268,1364,1303,164,Rutgers,fbs,Big Ten,41,"[10, 13, 8, 10]",0.9530645736284873,1468,1529,2.4519777937,,,,CollegeFootballData.com API,2026-08-31T17:38:52.365352+00:00,/games,1.3
401636940,2024,14,regular,2024-11-30T20:30:00.000Z,False,True,False,True,49813,3619,Arizona Stadium,12,Arizona,fbs,Big 12,7,"[0, 0, 7, 0]",0.0003264983132494968,1404,1307,9,Arizona State,fbs,Big 12,49,"[14, 21, 0, 14]",0.9996735016867505,1615,1712,1.4601853389,,,,CollegeFootballData.com API,2026-08-31T17:38:52.365352+00:00,/games,1.3
401645377,2024,14,regular,2024-11-30T20:30:00.000Z,False,True,False,True,8091,4418,Jerry Richardson Stadium,2429,Charlotte,fbs,American Athletic,29,"[7, 6, 6, 10]",0.21553316826469893,1129,1131,5,UAB,fbs,American Athletic,27,"[0, 14, 0, 13]",0.7844668317353011,1231,1229,8.5144862831,,,,CollegeFootballData.com API,2026-08-31T17:38:52.365352+00:00,/games,1.3
401635624,2024,14,regular,2024-11-30T20:30:00.000Z,False,True,False,True,50500,3787,Kenan Stadium,153,North Carolina,fbs,ACC,30,"[0, 6, 14, 10]",0.06387239155893788,1543,1531,152,NC State,fbs,ACC,35,"[7, 0, 6, 22]",0.9361276084410621,1501,1513,7.7781583966,,,,CollegeFootballData.com API,2026-08-31T17:38:52.365352+00:00,/games,1.3
401641014,2024,14,regular,2024-11-30T21:00:00.000Z,False,True,False,True,14686,3776,Joe Aillet Stadium,2348,Louisiana Tech,fbs,Conference USA,33,"[7, 10, 9, 7]",0.9986963903527133,1294,1377,338,Kennesaw State,fbs,Conference USA,0,"[0, 0, 0, 0]",0.0013036096472867076,1233,1150,3.2926980818,,,,CollegeFootballData.com API,2026-08-31T17:38:52.365352+00:00,/games,1.3
401641006,2024,14,regular,2024-11-30T21:00:00.000Z,False,True,False,True,6547,3796,Houchens Industries-L.T. Smith Stadium,98,Western Kentucky,fbs,Conference USA,19,"[7, 3, 3, 6]",0.19183090268586367,1451,1454,55,Jacksonville State,fbs,Conference USA,17,"[3, 7, 0, 7]",0.8081690973141363,1641,1638,9.0447421074,,,,CollegeFootballData.com API,2026-08-31T17:38:52.365352+00:00,/games,1.3
401641031,2024,14,regular,2024-11-30T21:00:00.000Z,False,True,False,True,15358,3601,Aggie Memorial Stadium,166,New Mexico State,fbs,Conference USA,35,"[17, 7, 0, 11]",0.2301922011985636,1137,1120,2638,UTEP,fbs,Conference USA,42,"[7, 7, 14, 14]",0.7698077988014365,1094,1111,6.1515474424,,,,CollegeFootballData.com API,2026-08-31T17:38:52.365352+00:00,/games,1.3
401636943,2024,14,regular,2024-11-30T23:00:00.000Z,False,True,False,True,30021,3854,Nippert Stadium,2132,Cincinnati,fbs,Big 12,13,"[0, 7, 0, 6]",0.3942468214453031,1465,1463,2628,TCU,fbs,Big 12,20,"[7, 13, 0, 0]",0.6057531785546969,1614,1616,3.9373857194,,,,CollegeFootballData.com API,2026-08-31T17:38:52.365352+00:00,/games,1.3
401643844,2024,14,regular,2024-11-30T23:00:00.000Z,False,True,False,True,23383,3608,Allen E. Paulson Stadium,290,Georgia Southern,fbs,Sun Belt,29,"[8, 7, 0, 14]",0.7951370003122996,1437,1449,2026,App State,fbs,Sun Belt,20,"[0, 6, 7, 7]",0.2048629996877004,1405,1393,7.3852553367,,,,CollegeFootballData.com API,2026-08-31T17:38:52.365352+00:00,/games,1.3
401643773,2024,14,regular,2024-11-30T23:30:00.000Z,False,True,False,False,17088,3820,Gesa Field,265,Washington State,fbs,Pac-12,14,"[7, 7, 0, 0]",0.9130285102065202,1596,1578,2751,Wyoming,fbs,Mountain West,15,"[3, 3, 3, 6]",0.0869714897934798,1283,1301,6.7087693058,,,,CollegeFootballData.com API,2026-08-31T17:38:52.365352+00:00,/games,1.3
401628438,2024,14,regular,2024-12-01T00:00:00.000Z,False,True,False,False,55107,3697,Doak Campbell Stadium,52,Florida State,fbs,ACC,11,"[0, 0, 3, 8]",0.029456870835404783,1383,1363,57,Florida,fbs,SEC,31,"[7, 7, 3, 14]",0.9705431291645952,1667,1687,3.7815068548,,,,CollegeFootballData.com API,2026-08-31T17:38:52.365352+00:00,/games,1.3
401628441,2024,14,regular,2024-12-01T00:00:00.000Z,False,True,False,True,99364,3958,Tiger Stadium (LA),99,LSU,fbs,SEC,37,"[7, 17, 7, 6]",0.9624359723437104,1757,1806,201,Oklahoma,fbs,SEC,17,"[7, 10, 0, 0]",0.037564027656289634,1780,1731,5.4091587247,,,,CollegeFootballData.com API,2026-08-31T17:38:52.365352+00:00,/games,1.3
401628564,2024,14,regular,2024-12-01T00:00:00.000Z,False,True,False,True,53082,3830,"Memorial Stadium (Bloomington, IN)",84,Indiana,fbs,Big Ten,66,"[7, 21, 17, 21]",0.9989508103754811,1842,1954,2509,Purdue,fbs,Big Ten,0,"[0, 0, 0, 0]",0.0010491896245189425,1173,1061,3.5743261982,,,,CollegeFootballData.com API,2026-08-31T17:38:52.365352+00:00,/games,1.3
401628445,2024,14,regular,2024-12-01T00:30:00.000Z,False,True,False,True,109028,3795,Kyle Field,245,Texas A&M,fbs,SEC,7,"[0, 0, 7, 0]",0.05825409787499234,1767,1771,251,Texas,fbs,SEC,17,"[7, 10, 0, 0]",0.9417459021250076,2063,2059,3.2865833859,,,,CollegeFootballData.com API,2026-08-31T17:38:52.365352+00:00,/games,1.3
401628569,2024,14,regular,2024-12-01T00:30:00.000Z,False,True,False,True,59603,3626,Autzen Stadium,2483,Oregon,fbs,Big Ten,49,"[7, 21, 7, 14]",0.9986945484596655,2029,2060,264,Washington,fbs,Big Ten,21,"[3, 11, 0, 7]",0.0013054515403344569,1654,1623,3.4620579277,,,,CollegeFootballData.com API,2026-08-31T17:38:52.365352+00:00,/games,1.3
401636944,2024,14,regular,2024-12-01T00:30:00.000Z,False,True,False,True,56228,3772,Jack Trice Stadium,66,Iowa State,fbs,Big 12,29,"[7, 17, 0, 5]",0.046366059193549615,1737,1751,2306,Kansas State,fbs,Big 12,21,"[7, 7, 7, 0]",0.9536339408064504,1772,1758,8.79215449,,,,CollegeFootballData.com API,2026-08-31T17:38:52.365352+00:00,/games,1.3
401635640,2024,14,regular,2024-12-01T01:00:00.000Z,False,True,False,True,65632,3799,Lane Stadium,259,Virginia Tech,fbs,ACC,37,"[10, 10, 10, 7]",0.9966864315234232,1656,1675,258,Virginia,fbs,ACC,17,"[0, 3, 8, 6]",0.0033135684765768225,1375,1356,3.7440119529,,,,CollegeFootballData.com API,2026-08-31T17:38:52.365352+00:00,/games,1.3
401643846,2024,14,regular,2024-12-01T01:00:00.000Z,False,True,False,True,23341,3651,Bridgeforth Stadium,256,James Madison,fbs,Sun Belt,33,"[14, 3, 0, 7, 3, 6]",0.9707049378406948,1707,1692,276,Marshall,fbs,Sun Belt,35,"[0, 0, 17, 7, 3, 8]",0.02929506215930522,1502,1517,5.7902123187,,,,CollegeFootballData.com API,2026-08-31T17:38:52.365352+00:00,/games,1.3
401643772,2024,14,regular,2024-12-01T01:00:00.000Z,False,True,False,True,40122,6501,Allegiant Stadium,2439,UNLV,fbs,Mountain West,38,"[10, 14, 7, 7]",0.9972477283362406,1673,1685,2440,Nevada,fbs,Mountain West,14,"[7, 0, 0, 7]",0.0027522716637593536,1204,1192,4.0523778842,,,,CollegeFootballData.com API,2026-08-31T17:38:52.365352+00:00,/games,1.3
401636942,2024,14,regular,2024-12-01T03:15:00.000Z,False,True,False,True,59213,3801,LaVell Edwards Stadium,252,BYU,fbs,Big 12,30,"[7, 14, 3, 6]",0.885255685922113,1660,1656,248,Houston,fbs,Big 12,18,"[7, 3, 0, 8]",0.11474431407788699,1309,1313,6.2953126879,,,,CollegeFootballData.com API,2026-08-31T17:38:52.365352+00:00,/games,1.3
401643768,2024,14,regular,2024-12-01T03:30:00.000Z,False,True,False,True,18045,7311,Snapdragon Stadium,21,San Diego State,fbs,Mountain West,20,"[7, 7, 0, 6]",0.00039645170331632367,1237,1228,2005,Air Force,fbs,Mountain West,31,"[14, 3, 14, 0]",0.9996035482966836,1398,1407,3.7986871713,,,,CollegeFootballData.com API,2026-08-31T17:38:52.365352+00:00,/games,1.3
401643771,2024,14,regular,2024-12-01T04:00:00.000Z,False,True,False,True,12046,7220,Clarence T.C. Ching Athletics Complex,62,Hawai'i,fbs,Mountain West,38,"[7, 14, 10, 7]",0.37522559818728757,1114,1136,167,New Mexico,fbs,Mountain West,30,"[0, 9, 7, 14]",0.6247744018127124,1269,1247,6.2034023619,,,,CollegeFootballData.com API,2026-08-31T17:38:52.365352+00:00,/games,1.3
401673466,2024,15,regular,2024-12-07T00:00:00.000Z,False,True,False,True,15628,3662,AmFirst Stadium,55,Jacksonville State,fbs,Conference USA,52,"[14, 14, 10, 14]",0.9988904852113052,1638,1729,98,Western Kentucky,fbs,Conference USA,12,"[3, 3, 6, 0]",0.0011095147886948098,1454,1363,4.2917622329,,Conference USA Championship,,CollegeFootballData.com API,2026-08-31T17:38:52.365352+00:00,/games,1.3
401673468,2024,15,regular,2024-12-07T01:00:00.000Z,False,True,False,True,36663,3653,Albertsons Stadium,68,Boise State,fbs,Mountain West,21,"[7, 14, 0, 0]",0.9841156820163207,1748,1771,2439,UNLV,fbs,Mountain West,7,"[0, 0, 0, 7]",0.015884317983679286,1685,1662,5.2087786463,,Mountain West Championship,,CollegeFootballData.com API,2026-08-31T17:38:52.365352+00:00,/games,1.3
401673462,2024,15,regular,2024-12-07T01:00:00.000Z,False,True,False,True,14016,3841,Michie Stadium,349,Army,fbs,American Athletic,35,"[7, 14, 7, 7]",0.9987863316744908,1611,1686,2655,Tulane,fbs,American Athletic,14,"[0, 7, 0, 7]",0.0012136683255091762,1829,1754,2.782052003,,American Athletic Championship,,CollegeFootballData.com API,2026-08-31T17:38:52.365352+00:00,/games,1.3
401673465,2024,15,regular,2024-12-07T17:00:00.000Z,False,True,True,True,55889,3687,AT&T Stadium,9,Arizona State,fbs,Big 12,45,"[10, 14, 21, 0]",0.9982412367788673,1712,1792,66,Iowa State,fbs,Big 12,19,"[7, 3, 0, 9]",0.0017587632211326643,1751,1671,3.6565589863,,Dr Pepper Big 12 Championship,,CollegeFootballData.com API,2026-08-31T17:38:52.365352+00:00,/games,1.3
401673467,2024,15,regular,2024-12-07T17:00:00.000Z,False,True,True,True,15478,3727,Ford Field,193,Miami (OH),fbs,Mid-American,3,"[3, 0, 0, 0]",0.0009088165316644812,1590,1496,195,Ohio,fbs,Mid-American,38,"[7, 14, 10, 7]",0.9990911834683355,1585,1679,2.1715313375,,MAC Championship,,CollegeFootballData.com API,2026-08-31T17:38:52.365352+00:00,/games,1.3
401673469,2024,15,regular,2024-12-07T21:00:00.000Z,False,True,True,True,74916,5348,Mercedes-Benz Stadium,251,Texas,fbs,SEC,19,"[3, 3, 0, 10, 3]",0.19901744021264575,2059,2057,61,Georgia,fbs,SEC,22,"[0, 3, 10, 3, 6]",0.8009825597873542,2017,2019,9.0988909313,,SEC Championship,,CollegeFootballData.com API,2026-08-31T17:38:52.365352+00:00,/games,1.3
401673470,2024,15,regular,2024-12-08T00:30:00.000Z,False,True,False,True,20067,3666,Cajun Field,309,Louisiana,fbs,Sun Belt,3,"[3, 0, 0, 0]",0.0028983592708610043,1640,1546,276,Marshall,fbs,Sun Belt,31,"[7, 10, 7, 7]",0.997101640729139,1517,1611,2.851599545,,Sun Belt Championship,,CollegeFootballData.com API,2026-08-31T17:38:52.365352+00:00,/games,1.3
401673463,2024,15,regular,2024-12-08T01:00:00.000Z,False,True,True,True,53808,3628,Bank of America Stadium,2567,SMU,fbs,ACC,31,"[7, 0, 7, 17]",0.5723337698666536,1890,1886,228,Clemson,fbs,ACC,34,"[21, 3, 7, 3]",0.42766623013334637,1811,1815,6.6590010605,,ACC Championship,,CollegeFootballData.com API,2026-08-31T17:38:52.365352+00:00,/games,1.3
401673464,2024,15,regular,2024-12-08T01:00:00.000Z,False,True,True,True,67469,3812,Lucas Oil Stadium,2483,Oregon,fbs,Big Ten,45,"[14, 17, 7, 7]",0.5853470565045124,2060,2075,213,Penn State,fbs,Big Ten,37,"[10, 14, 0, 13]",0.41465294349548765,2011,1996,6.1133501347,,Big Ten Championship,,CollegeFootballData.com API,2026-08-31T17:38:52.365352+00:00,/games,1.3
401645383,2024,16,regular,2024-12-14T20:00:00.000Z,False,True,True,True,60726,3719,Northwest Stadium,349,Army,fbs,American Athletic,13,"[0, 7, 3, 3]",0.027815874756800134,1686,1630,2426,Navy,fbs,American Athletic,31,"[7, 7, 7, 10]",0.9721841252431999,1503,1559,3.2772498733,,,,CollegeFootballData.com API,2026-08-31T17:38:52.365352+00:00,/games,1.3
401677077,2024,1,postseason,2024-12-15T02:00:00.000Z,False,True,True,False,12021,3689,Cramton Bowl,2711,Western Michigan,fbs,Mid-American,23,"[7, 6, 0, 10]",0.02249851112315563,1254,1268,6,South Alabama,fbs,Sun Belt,30,"[0, 16, 7, 7]",0.9775014888768444,1597,1583,4.4973213292,,IS4S Salute to Veterans Bowl,,CollegeFootballData.com API,2026-08-31T17:38:52.365352+00:00,/games,1.3
401677080,2024,1,postseason,2024-12-18T02:00:00.000Z,False,True,True,False,12022,1400,Toyota Stadium,277,West Virginia,fbs,Big 12,37,"[0, 17, 6, 14]",0.3311519884422963,1446,1455,235,Memphis,fbs,American Athletic,42,"[7, 21, 7, 7]",0.6688480115577037,1666,1657,3.7721872027,,Scooter's Coffee Frisco Bowl,,CollegeFootballData.com API,2026-08-31T17:38:52.365352+00:00,/games,1.3
401677079,2024,1,postseason,2024-12-18T22:30:00.000Z,False,True,True,False,15808,3715,FAU Stadium,256,James Madison,fbs,Sun Belt,27,"[7, 0, 10, 10]",0.9810198099411617,1692,1691,98,Western Kentucky,fbs,Conference USA,17,"[0, 14, 0, 3]",0.01898019005883833,1363,1364,7.0899967251,,Boca Raton Bowl,,CollegeFootballData.com API,2026-08-31T17:38:52.365352+00:00,/games,1.3
401677081,2024,1,postseason,2024-12-19T02:00:00.000Z,False,True,True,False,24420,7065,SoFi Stadium,2439,UNLV,fbs,Mountain West,24,"[7, 7, 7, 3]",0.9069849660336801,1662,1679,25,California,fbs,ACC,13,"[10, 3, 0, 0]",0.09301503396631994,1546,1529,7.1072484735,,Art of Sport LA Bowl,,CollegeFootballData.com API,2026-08-31T17:38:52.365352+00:00,/games,1.3
401677082,2024,1,postseason,2024-12-20T00:00:00.000Z,False,True,True,False,13151,3493,Caesars Superdome,2534,Sam Houston,fbs,Conference USA,31,"[7, 14, 0, 10]",0.6338031775254644,1415,1428,290,Georgia Southern,fbs,Sun Belt,26,"[0, 10, 9, 7]",0.36619682247453555,1449,1436,6.5770738605,,R+L Carriers New Orleans Bowl,,CollegeFootballData.com API,2026-08-31T17:38:52.365352+00:00,/games,1.3
401677083,2024,1,postseason,2024-12-20T17:00:00.000Z,False,True,True,False,10518,4013,Camping World Stadium,55,Jacksonville State,fbs,Conference USA,27,"[7, 0, 7, 13]",0.22228901289772124,1729,1726,195,Ohio,fbs,Mid-American,30,"[14, 13, 0, 3]",0.7777109871022787,1679,1682,4.4705058447,,StaffDNA Cure Bowl,,CollegeFootballData.com API,2026-08-31T17:38:52.365352+00:00,/games,1.3
401677084,2024,1,postseason,2024-12-20T20:30:00.000Z,False,True,True,False,41472,3886,Raymond James Stadium,57,Florida,fbs,SEC,33,"[3, 3, 10, 17]",0.9951515352137683,1687,1767,2655,Tulane,fbs,American Athletic,8,"[0, 0, 0, 8]",0.004848464786231688,1754,1674,4.8200118821,,Union Home Mortgage Gasparilla Bowl,,CollegeFootballData.com API,2026-08-31T17:38:52.365352+00:00,/games,1.3
401677179,2024,1,postseason,2024-12-21T01:00:00.000Z,False,True,False,False,77622,3855,Notre Dame Stadium,87,Notre Dame,fbs,FBS Independents,27,"[7, 10, 3, 7]",0.9952020206677884,2160,2163,84,Indiana,fbs,Big Ten,17,"[0, 3, 0, 14]",0.004797979332211599,1954,1951,3.9989970267,,College Football Playoff First Round Game Presented by Allstate,"{'competition': 'cfp', 'format': 'twelve_team_2024', 'round': 'first_round', 'roundName': 'First Round', 'bracketSlot': 'FR3', 'homeSeed': 7, 'awaySeed': 10, 'bowlName': 'College Football Playoff First Round Presented by Allstate'}",CollegeFootballData.com API,2026-08-31T17:38:52.365352+00:00,/games,1.3
401677178,2024,1,postseason,2024-12-21T17:00:00.000Z,False,True,False,False,106013,3632,Beaver Stadium,213,Penn State,fbs,Big Ten,38,"[7, 21, 3, 7]",0.9959340337657717,1996,2056,2567,SMU,fbs,ACC,10,"[0, 0, 3, 7]",0.00406596623422828,1886,1826,3.6507935569,,College Football Playoff First Round Game Presented by Allstate,"{'competition': 'cfp', 'format': 'twelve_team_2024', 'round': 'first_round', 'roundName': 'First Round', 'bracketSlot': 'FR2', 'homeSeed': 6, 'awaySeed': 11, 'bowlName': 'College Football Playoff First Round Presented by Allstate'}",CollegeFootballData.com API,2026-08-31T17:38:52.365352+00:00,/games,1.3
401677176,2024,1,postseason,2024-12-21T21:00:00.000Z,False,True,False,False,101150,3910,DKR-Texas Memorial Stadium,251,Texas,fbs,SEC,38,"[7, 21, 3, 7]",0.9909378784033441,2057,2065,228,Clemson,fbs,ACC,24,"[7, 3, 7, 7]",0.00906212159665587,1815,1807,4.2034374366,,College Football Playoff First Round Game Presented by Allstate,"{'competition': 'cfp', 'format': 'twelve_team_2024', 'round': 'first_round', 'roundName': 'First Round', 'bracketSlot': 'FR1', 'homeSeed': 5, 'awaySeed': 12, 'bowlName': 'College Football Playoff First Round Presented by Allstate'}",CollegeFootballData.com API,2026-08-31T17:38:52.365352+00:00,/games,1.3
401677177,2024,1,postseason,2024-12-22T01:00:00.000Z,False,True,False,False,102819,3861,Ohio Stadium,194,Ohio State,fbs,Big Ten,42,"[21, 0, 14, 7]",0.9989018538173468,2099,2147,2633,Tennessee,fbs,SEC,17,"[0, 10, 0, 7]",0.001098146182653248,1963,1915,3.1029131242,,College Football Playoff First Round Game Presented by Allstate,"{'competition': 'cfp', 'format': 'twelve_team_2024', 'round': 'first_round', 'roundName': 'First Round', 'bracketSlot': 'FR4', 'homeSeed': 8, 'awaySeed': 9, 'bowlName': 'College Football Playoff First Round Presented by Allstate'}",CollegeFootballData.com API,2026-08-31T17:38:52.365352+00:00,/games,1.3
401677085,2024,1,postseason,2024-12-23T16:00:00.000Z,False,True,False,False,8164,3654,Brooks Stadium (SC),2636,UTSA,fbs,American Athletic,44,"[0, 21, 6, 17]",0.9989343630708838,1479,1544,324,Coastal Carolina,fbs,Sun Belt,15,"[0, 0, 0, 15]",0.0010656369291162093,1384,1319,2.4640394735,,Myrtle Beach Bowl,,CollegeFootballData.com API,2026-08-31T17:38:52.365352+00:00,/games,1.3
401677086,2024,1,postseason,2024-12-23T19:30:00.000Z,False,True,True,False,10359,3653,Albertsons Stadium,278,Fresno State,fbs,Mountain West,20,"[13, 0, 0, 0, 7, 0]",0.2619760543324627,1499,1485,2459,Northern Illinois,fbs,Mid-American,28,"[3, 0, 10, 0, 7, 8]",0.7380239456675373,1441,1455,8.6516250657,,Famous Idaho Potato Bowl,,CollegeFootballData.com API,2026-08-31T17:38:52.365352+00:00,/games,1.3
401677087,2024,1,postseason,2024-12-25T01:00:00.000Z,False,True,True,False,6720,7220,Clarence T.C. Ching Athletics Complex,23,San José State,fbs,Mountain West,39,"[0, 10, 10, 7, 7, 3, 2, 0, 0]",0.25592949168822304,1478,1477,58,South Florida,fbs,American Athletic,41,"[7, 14, 0, 6, 7, 3, 2, 0, 2]",0.7440705083117769,1433,1434,9.6979470848,,Hawaiʻi Bowl,,CollegeFootballData.com API,2026-08-31T17:38:52.365352+00:00,/games,1.3
401677180,2024,1,postseason,2024-12-26T19:00:00.000Z,False,True,True,False,26219,3727,Ford Field,2649,Toledo,fbs,Mid-American,48,"[6, 14, 0, 10, 7, 3, 2, 2, 2, 2]",0.4181882797043905,1426,1431,221,Pittsburgh,fbs,ACC,46,"[2, 10, 11, 7, 7, 3, 2, 2, 2, 0]",0.5818117202956095,1461,1456,11.7159615311,,GameAbove Sports Bowl,,CollegeFootballData.com API,2026-08-31T17:38:52.365352+00:00,/games,1.3
401677088,2024,1,postseason,2024-12-26T22:30:00.000Z,False,True,True,False,21659,4251,Chase Field,2306,Kansas State,fbs,Big 12,44,"[3, 14, 12, 15]",0.8182037428655105,1758,1754,164,Rutgers,fbs,Big Ten,41,"[7, 20, 7, 7]",0.18179625713448955,1529,1533,7.1278355532,,Rate Bowl,,CollegeFootballData.com API,2026-08-31T17:38:52.365352+00:00,/games,1.3
401677089,2024,1,postseason,2024-12-27T02:00:00.000Z,False,True,True,False,19582,6526,Hancock Whitney Stadium,189,Bowling Green,fbs,Mid-American,31,"[7, 14, 3, 7]",0.40150416160879,1466,1442,2032,Arkansas State,fbs,Sun Belt,38,"[17, 7, 7, 7]",0.59849583839121,1243,1267,5.7230043264,,68 Ventures Bowl,,CollegeFootballData.com API,2026-08-31T17:38:52.365352+00:00,/games,1.3
401677090,2024,1,postseason,2024-12-27T17:00:00.000Z,False,True,True,False,50754,3616,Amon G. Carter Stadium,2426,Navy,fbs,American Athletic,21,"[0, 7, 7, 7]",0.8898845178243395,1559,1565,201,Oklahoma,fbs,SEC,20,"[14, 0, 0, 6]",0.11011548217566047,1731,1725,7.0798084582,,Lockheed Martin Armed Forces Bowl,,CollegeFootballData.com API,2026-08-31T17:38:52.365352+00:00,/games,1.3
401677091,2024,1,postseason,2024-12-27T20:30:00.000Z,False,True,True,False,33840,7221,Protective Stadium,238,Vanderbilt,fbs,SEC,35,"[7, 7, 7, 14]",0.5796300424137241,1469,1496,59,Georgia Tech,fbs,ACC,27,"[0, 10, 3, 14]",0.42036995758627593,1581,1554,6.296118241,,Birmingham Bowl,,CollegeFootballData.com API,2026-08-31T17:38:52.365352+00:00,/games,1.3
401677092,2024,1,postseason,2024-12-28T00:00:00.000Z,False,True,True,False,37764,3805,Simmons Bank Liberty Stadium,8,Arkansas,fbs,SEC,39,"[21, 3, 10, 5]",0.9642203154408353,1571,1611,2641,Texas Tech,fbs,Big 12,26,"[3, 16, 0, 7]",0.03577968455916469,1647,1607,4.7237799352,,AutoZone Liberty Bowl,,CollegeFootballData.com API,2026-08-31T17:38:52.365352+00:00,/games,1.3
401729867,2024,1,postseason,2024-12-28T01:00:00.000Z,False,True,True,False,23920,7311,Snapdragon Stadium,265,Washington State,fbs,Pac-12,35,"[21, 0, 7, 7]",0.10704664667979548,1578,1531,183,Syracuse,fbs,ACC,52,"[14, 21, 7, 10]",0.8929533533202045,1452,1499,3.6048256489,,DirecTV Holiday Bowl,,CollegeFootballData.com API,2026-08-31T17:38:52.365352+00:00,/games,1.3
401677093,2024,1,postseason,2024-12-28T03:30:00.000Z,False,True,True,False,26671,6501,Allegiant Stadium,30,USC,fbs,Big Ten,35,"[0, 7, 7, 21]",0.6340165315113608,1756,1765,245,Texas A&M,fbs,SEC,31,"[7, 0, 17, 7]",0.36598346848863916,1771,1762,9.0830057562,,SRS Distribution Las Vegas Bowl,,CollegeFootballData.com API,2026-08-31T17:38:52.365352+00:00,/games,1.3
401677094,2024,1,postseason,2024-12-28T16:00:00.000Z,False,True,True,False,27900,4245,Fenway Park,153,North Carolina,fbs,ACC,14,"[7, 0, 0, 7]",0.1035045843420093,1531,1496,41,UConn,fbs,FBS Independents,27,"[10, 14, 3, 0]",0.8964954156579907,1397,1432,3.1390350773,,Wasabi Fenway Bowl,,CollegeFootballData.com API,2026-08-31T17:38:52.365352+00:00,/games,1.3
401677095,2024,1,postseason,2024-12-28T17:00:00.000Z,False,True,True,False,30062,4102,Yankee Stadium,158,Nebraska,fbs,Big Ten,20,"[0, 13, 7, 0]",0.9699308245418528,1526,1537,103,Boston College,fbs,ACC,15,"[0, 2, 0, 13]",0.030069175458147246,1524,1513,4.8080961029,,Bad Boy Mowers Pinstripe Bowl,,CollegeFootballData.com API,2026-08-31T17:38:52.365352+00:00,/games,1.3
401677096,2024,1,postseason,2024-12-28T19:15:00.000Z,False,True,True,False,22827,3971,University Stadium (NM),2628,TCU,fbs,Big 12,34,"[14, 13, 7, 0]",0.9980153378580067,1616,1700,309,Louisiana,fbs,Sun Belt,3,"[0, 0, 0, 3]",0.001984662141993332,1546,1462,2.4773476148,,Isleta New Mexico Bowl,,CollegeFootballData.com API,2026-08-31T17:38:52.365352+00:00,/games,1.3
401677097,2024,1,postseason,2024-12-28T20:30:00.000Z,False,True,True,False,38650,4013,Camping World Stadium,2390,Miami,fbs,ACC,41,"[14, 17, 7, 3]",0.7631943280801643,1859,1855,66,Iowa State,fbs,Big 12,42,"[21, 7, 7, 7]",0.2368056719198357,1671,1675,7.3165535627,,Pop-Tarts Bowl,,CollegeFootballData.com API,2026-08-31T17:38:52.365352+00:00,/games,1.3
401677188,2024,1,postseason,2024-12-28T21:30:00.000Z,False,True,True,False,40076,3619,Arizona Stadium,36,Colorado State,fbs,Mountain West,17,"[3, 0, 7, 7]",0.29455732297715526,1371,1324,193,Miami (OH),fbs,Mid-American,43,"[6, 3, 20, 14]",0.7054426770228448,1496,1543,3.7317972183,,Snoop Dogg Arizona Bowl,,CollegeFootballData.com API,2026-08-31T17:38:52.365352+00:00,/games,1.3
401677098,2024,1,postseason,2024-12-28T22:45:00.000Z,False,True,True,False,23981,3852,Navy-Marine Corps Memorial Stadium,152,NC State,fbs,ACC,21,"[0, 7, 0, 14]",0.7398221196994862,1513,1502,151,East Carolina,fbs,American Athletic,26,"[7, 6, 7, 6]",0.2601778803005138,1392,1403,7.0119358752,,Go Bowling Military Bowl,,CollegeFootballData.com API,2026-08-31T17:38:52.365352+00:00,/games,1.3
401677099,2024,1,postseason,2024-12-29T00:30:00.000Z,False,True,True,False,64261,3604,Alamodome,38,Colorado,fbs,Big 12,14,"[0, 0, 7, 7]",0.22332254735421334,1762,1701,252,BYU,fbs,Big 12,36,"[10, 10, 7, 9]",0.7766774526457867,1656,1717,2.3650379611,,Valero Alamo Bowl,,CollegeFootballData.com API,2026-08-31T17:38:52.365352+00:00,/games,1.3
401677100,2024,1,postseason,2024-12-29T02:15:00.000Z,False,True,True,False,34283,3766,Independence Stadium,349,Army,fbs,American Athletic,27,"[14, 7, 0, 6]",0.9984276915050282,1630,1661,2348,Louisiana Tech,fbs,Conference USA,6,"[0, 3, 3, 0]",0.001572308494971808,1377,1346,2.8460359692,,Radiance Technologies Independence Bowl,,CollegeFootballData.com API,2026-08-31T17:38:52.365352+00:00,/games,1.3
401677101,2024,1,postseason,2024-12-30T19:30:00.000Z,False,True,True,False,43375,3810,Nissan Stadium,142,Missouri,fbs,SEC,27,"[7, 7, 7, 6]",0.41534585047887174,1701,1711,2294,Iowa,fbs,Big Ten,24,"[14, 7, 3, 0]",0.5846541495211283,1784,1774,7.5183899996,,TransPerfect Music City Bowl,,CollegeFootballData.com API,2026-08-31T17:38:52.365352+00:00,/games,1.3
401677102,2024,1,postseason,2024-12-31T17:00:00.000Z,False,True,True,False,51439,3886,Raymond James Stadium,130,Michigan,fbs,Big Ten,19,"[16, 0, 0, 3]",0.9228127967076637,1888,1909,333,Alabama,fbs,SEC,13,"[0, 10, 0, 3]",0.0771872032923363,2007,1986,6.783740803,,ReliaQuest Bowl,,CollegeFootballData.com API,2026-08-31T17:38:52.365352+00:00,/games,1.3
401677190,2024,1,postseason,2024-12-31T19:00:00.000Z,False,True,True,False,40826,3946,Sun Bowl,264,Washington,fbs,Big Ten,34,"[7, 14, 0, 13]",0.45329499137519574,1623,1628,97,Louisville,fbs,ACC,35,"[14, 7, 14, 0]",0.5467050086248042,1814,1809,5.3065013214,,Tony the Tiger Sun Bowl,,CollegeFootballData.com API,2026-08-31T17:38:52.365352+00:00,/games,1.3
401677103,2024,1,postseason,2024-12-31T20:00:00.000Z,False,True,True,False,47129,4013,Camping World Stadium,356,Illinois,fbs,Big Ten,21,"[7, 0, 7, 7]",0.6051449672024576,1596,1618,2579,South Carolina,fbs,SEC,17,"[3, 0, 7, 7]",0.3948550327975424,1832,1810,7.5385665603,,Cheez-It Citrus Bowl,,CollegeFootballData.com API,2026-08-31T17:38:52.365352+00:00,/games,1.3
401677104,2024,1,postseason,2024-12-31T20:30:00.000Z,False,True,True,False,59940,3891,NRG Stadium,99,LSU,fbs,SEC,44,"[14, 20, 0, 10]",0.9661825039180041,1806,1827,239,Baylor,fbs,Big 12,31,"[0, 17, 7, 7]",0.03381749608199591,1677,1656,4.1352834613,,Kinder's Texas Bowl,,CollegeFootballData.com API,2026-08-31T17:38:52.365352+00:00,/games,1.3
401677181,2024,1,postseason,2025-01-01T00:30:00.000Z,False,True,True,False,63854,3970,State Farm Stadium,68,Boise State,fbs,Mountain West,14,"[0, 7, 7, 0]",0.38551898921591227,1771,1764,213,Penn State,fbs,Big Ten,31,"[14, 3, 7, 7]",0.6144810107840877,2056,2063,4.9550182123,,College Football Playoff Quarterfinal at the Vrbo Fiesta Bowl,"{'competition': 'cfp', 'format': 'twelve_team_2024', 'round': 'quarterfinal', 'roundName': 'Quarterfinal', 'bracketSlot': 'QF4', 'homeSeed': 3, 'awaySeed': 6, 'bowlName': 'Fiesta Bowl'}",CollegeFootballData.com API,2026-08-31T17:38:52.365352+00:00,/games,1.3
401677182,2024,1,postseason,2025-01-01T18:00:00.000Z,False,True,True,False,71105,5348,Mercedes-Benz Stadium,9,Arizona State,fbs,Big 12,31,"[3, 0, 5, 16, 7, 0]",0.12922675819084697,1792,1801,251,Texas,fbs,SEC,39,"[14, 3, 0, 7, 7, 8]",0.870773241809153,2065,2056,7.1227909598,,College Football Playoff Quarterfinal at the Chick-fil-A Peach Bowl,"{'competition': 'cfp', 'format': 'twelve_team_2024', 'round': 'quarterfinal', 'roundName': 'Quarterfinal', 'bracketSlot': 'QF2', 'homeSeed': 4, 'awaySeed': 5, 'bowlName': 'Peach Bowl'}",CollegeFootballData.com API,2026-08-31T17:38:52.365352+00:00,/games,1.3
401677183,2024,1,postseason,2025-01-01T22:00:00.000Z,False,True,True,False,90732,1056,Rose Bowl,2483,Oregon,fbs,Big Ten,21,"[0, 8, 7, 6]",0.0022660222468721524,2075,2040,194,Ohio State,fbs,Big Ten,41,"[14, 20, 7, 0]",0.9977339777531279,2147,2182,1.9013853679,,College Football Playoff Quarterfinal at the Rose Bowl Presented by Prudential,"{'competition': 'cfp', 'format': 'twelve_team_2024', 'round': 'quarterfinal', 'roundName': 'Quarterfinal', 'bracketSlot': 'QF1', 'homeSeed': 1, 'awaySeed': 8, 'bowlName': 'Rose Bowl'}",CollegeFootballData.com API,2026-08-31T17:38:52.365352+00:00,/games,1.3
401677184,2024,1,postseason,2025-01-02T21:00:00.000Z,False,True,True,False,57267,3493,Caesars Superdome,61,Georgia,fbs,SEC,10,"[0, 3, 7, 0]",0.15458062808981488,2019,1998,87,Notre Dame,fbs,FBS Independents,23,"[0, 13, 7, 3]",0.8454193719101851,2163,2184,4.0251452509,,College Football Playoff Quarterfinal at the Allstate Sugar Bowl - Rescheduled from Jan 1,"{'competition': 'cfp', 'format': 'twelve_team_2024', 'round': 'quarterfinal', 'roundName': 'Quarterfinal', 'bracketSlot': 'QF3', 'homeSeed': 2, 'awaySeed': 7, 'bowlName': 'Sugar Bowl'}",CollegeFootballData.com API,2026-08-31T17:38:52.365352+00:00,/games,1.3
401677105,2024,1,postseason,2025-01-03T01:00:00.000Z,False,True,True,False,31290,3712,EverBank Stadium,145,Ole Miss,fbs,SEC,52,"[14, 10, 14, 14]",0.9989137752692724,1956,2007,150,Duke,fbs,ACC,20,"[0, 7, 0, 13]",0.001086224730727614,1591,1540,3.4055817071,,TaxSlayer Gator Bowl,,CollegeFootballData.com API,2026-08-31T17:38:52.365352+00:00,/games,1.3
401677106,2024,1,postseason,2025-01-03T21:00:00.000Z,False,True,True,False,28725,3735,Gerald J. Ford Stadium,326,Texas State,fbs,Sun Belt,30,"[6, 10, 7, 7]",0.9274631766046904,1646,1640,249,North Texas,fbs,American Athletic,28,"[7, 7, 0, 14]",0.07253682339530965,1361,1367,8.3408217724,,SERVPRO First Responder Bowl,,CollegeFootballData.com API,2026-08-31T17:38:52.365352+00:00,/games,1.3
401677107,2024,1,postseason,2025-01-04T00:30:00.000Z,False,True,True,False,31027,3628,Bank of America Stadium,259,Virginia Tech,fbs,ACC,10,"[7, 3, 0, 0]",0.005565973567240598,1675,1647,135,Minnesota,fbs,Big Ten,24,"[0, 21, 0, 3]",0.9944340264327594,1646,1674,3.7220185025,,Duke's Mayo Bowl,,CollegeFootballData.com API,2026-08-31T17:38:52.365352+00:00,/games,1.3
401677108,2024,1,postseason,2025-01-04T16:00:00.000Z,False,True,True,False,4610,4779,Thomas A. Robinson National Stadium,2335,Liberty,fbs,Conference USA,7,"[0, 0, 0, 7]",0.005420552011978689,1573,1503,2084,Buffalo,fbs,Mid-American,26,"[6, 3, 7, 10]",0.9945794479880213,1304,1374,3.7884982341,,Bahamas Bowl Presented by Atlantis Resorts,,CollegeFootballData.com API,2026-08-31T17:38:52.365352+00:00,/games,1.3
401677189,2024,1,postseason,2025-01-10T00:30:00.000Z,False,True,True,False,66881,3948,Hard Rock Stadium,213,Penn State,fbs,Big Ten,24,"[0, 10, 0, 14]",0.34089029336564786,2063,2063,87,Notre Dame,fbs,FBS Independents,27,"[0, 3, 7, 17]",0.6591097066343521,2173,2173,8.3289956444,,College Football Playoff Semifinal at the Capital One Orange Bowl,"{'competition': 'cfp', 'format': 'twelve_team_2024', 'round': 'semifinal', 'roundName': 'Semifinal', 'bracketSlot': 'SF2', 'homeSeed': 6, 'awaySeed': 7, 'bowlName': 'Orange Bowl'}",CollegeFootballData.com API,2026-08-31T17:38:52.365352+00:00,/games,1.3
401677191,2024,1,postseason,2025-01-11T00:30:00.000Z,False,True,True,False,74527,3687,AT&T Stadium,251,Texas,fbs,SEC,14,"[0, 7, 7, 0]",0.013624010007870398,2056,2042,194,Ohio State,fbs,Big Ten,28,"[7, 7, 0, 14]",0.9863759899921296,2182,2196,6.1552033872,,College Football Playoff Semifinal at the Goodyear Cotton Bowl Classic,"{'competition': 'cfp', 'format': 'twelve_team_2024', 'round': 'semifinal', 'roundName': 'Semifinal', 'bracketSlot': 'SF1', 'homeSeed': 5, 'awaySeed': 8, 'bowlName': 'Cotton Bowl'}",CollegeFootballData.com API,2026-08-31T17:38:52.365352+00:00,/games,1.3
401677192,2024,1,postseason,2025-01-21T00:30:00.000Z,False,True,True,False,77660,5348,Mercedes-Benz Stadium,87,Notre Dame,fbs,FBS Independents,23,"[7, 0, 8, 8]",0.034767271304953815,2169,2154,194,Ohio State,fbs,Big Ten,34,"[0, 21, 10, 3]",0.9652327286950462,2196,2211,2.8192598487,,College Football Playoff National Championship Presented by AT&T,"{'competition': 'cfp', 'format': 'twelve_team_2024', 'round': 'championship', 'roundName': 'National Championship', 'bracketSlot': 'CH', 'homeSeed': 7, 'awaySeed': 8, 'bowlName': 'College Football Playoff National Championship Presented by AT&T'}",CollegeFootballData.com API,2026-08-31T17:38:52.365352+00:00,/games,1.3
