id,season,week,seasonType,startDate,startTimeTBD,completed,neutralSite,conferenceGame,attendance,venueId,venue,homeId,homeTeam,homeClassification,homeConference,homePoints,homeLineScores,homePostgameWinProbability,homePregameElo,homePostgameElo,awayId,awayTeam,awayClassification,awayConference,awayPoints,awayLineScores,awayPostgameWinProbability,awayPregameElo,awayPostgameElo,excitementIndex,highlights,notes,playoff,_source,_retrieval_date,_endpoint,_schema_version
401110723,2019,1,regular,2019-08-24T23:00:00.000Z,False,True,True,False,66543,4013,Camping World Stadium,57,Florida,fbs,SEC,24,"[7, 0, 10, 7]",0.9059534582132265,1683,1688,2390,Miami,fbs,ACC,20,"[3, 10, 0, 7]",0.09404654178677352,1611,1606,8.7679102419,https://www.youtube.com/watch?v=WeJi4p0jqXA,CAMPING WORLD KICKOFF,,CollegeFootballData.com API,2026-08-31T17:35:08.591776+00:00,/games,1.3
401114164,2019,1,regular,2019-08-25T02:30:00.000Z,False,True,False,False,22396,3610,Aloha Stadium,62,Hawai'i,fbs,Mountain West,45,"[14, 14, 7, 10]",0.6886295726282241,1281,1302,12,Arizona,fbs,Pac-12,38,"[0, 21, 14, 3]",0.3113704273717759,1467,1446,7.84241686779999,https://www.youtube.com/watch?v=eJI8vkRqz0o,,,CollegeFootballData.com API,2026-08-31T17:35:08.591776+00:00,/games,1.3
401117854,2019,1,regular,2019-08-29T23:00:00.000Z,False,True,False,False,38032,3854,Nippert Stadium,2132,Cincinnati,fbs,American Athletic,24,"[7, 3, 7, 7]",0.9968294673908809,1625,1629,26,UCLA,fbs,Pac-12,14,"[0, 7, 7, 0]",0.0031705326091191477,1431,1427,5.4986821262,https://www.youtube.com/watch?v=Y9XAYpeOi0I,,,CollegeFootballData.com API,2026-08-31T17:35:08.591776+00:00,/games,1.3
401119255,2019,1,regular,2019-08-29T23:00:00.000Z,False,True,False,False,18412,3965,UB Stadium,2084,Buffalo,fbs,Mid-American,38,"[21, 7, 10, 0]",0.9997880630567496,,,2523,Robert Morris,fcs,NEC,10,"[7, 3, 0, 0]",0.00021193694325039036,,,0.1185875019,,,,CollegeFootballData.com API,2026-08-31T17:35:08.591776+00:00,/games,1.3
401117855,2019,1,regular,2019-08-29T23:00:00.000Z,False,True,False,False,19648,3892,Pratt & Whitney Stadium,41,UConn,fbs,American Athletic,24,"[7, 3, 14, 0]",0.7289421137835537,,,2681,Wagner,fcs,NEC,21,"[0, 0, 14, 7]",0.27105788621644633,,,1.83435076049999,https://www.youtube.com/watch?v=qkIibi3TYF8,,,CollegeFootballData.com API,2026-08-31T17:35:08.591776+00:00,/games,1.3
401119254,2019,1,regular,2019-08-29T23:00:00.000Z,False,True,False,False,17620,3700,Doyt L. Perry Stadium,189,Bowling Green,fbs,Mid-American,46,"[13, 17, 7, 9]",0.9999785280584667,,,2415,Morgan State,fcs,MEAC,3,"[0, 3, 0, 0]",2.1471941533346417e-05,,,0.4729679719,,,,CollegeFootballData.com API,2026-08-31T17:35:08.591776+00:00,/games,1.3
401135910,2019,1,regular,2019-08-29T23:30:00.000Z,False,True,False,False,16119,4418,Jerry Richardson Stadium,2429,Charlotte,fbs,Conference USA,49,"[7, 28, 7, 7]",0.9992560144881203,,,2241,Gardner-Webb,fcs,Big South,28,"[0, 14, 7, 7]",0.0007439855118797079,,,0.4428072342,,,,CollegeFootballData.com API,2026-08-31T17:35:08.591776+00:00,/games,1.3
401117853,2019,1,regular,2019-08-29T23:30:00.000Z,False,True,False,False,44073,3652,FBC Mortgage Stadium,2116,UCF,fbs,American Athletic,62,"[17, 31, 7, 7]",0.9999957343184567,,,50,Florida A&M,fcs,MEAC,0,"[0, 0, 0, 0]",4.265681543325073e-06,,,0.0275892598999993,https://www.youtube.com/watch?v=JMjct2NYZSc,,,CollegeFootballData.com API,2026-08-31T17:35:08.591776+00:00,/games,1.3
401114246,2019,1,regular,2019-08-29T23:30:00.000Z,False,True,False,False,17120,3796,Houchens Industries-L.T. Smith Stadium,98,Western Kentucky,fbs,Conference USA,28,"[14, 7, 7, 0]",0.0861674673352279,,,2110,Central Arkansas,fcs,Southland,35,"[0, 14, 0, 21]",0.913832532664772,,,4.1608351506,https://www.youtube.com/watch?v=dgeUCVz-0hA,,,CollegeFootballData.com API,2026-08-31T17:35:08.591776+00:00,/games,1.3
401114236,2019,1,regular,2019-08-30T00:00:00.000Z,False,True,False,False,16361,4729,Yulman Stadium,2655,Tulane,fbs,American Athletic,42,"[7, 21, 14, 0]",0.9996684962055076,1451,1527,2229,Florida International,fbs,Conference USA,14,"[0, 7, 7, 0]",0.00033150379449242706,1471,1395,1.52850182699999,https://www.youtube.com/watch?v=VIvyR9Zwhfk,,,CollegeFootballData.com API,2026-08-31T17:35:08.591776+00:00,/games,1.3
401111653,2019,1,regular,2019-08-30T00:00:00.000Z,False,True,False,True,79118,3836,"Memorial Stadium (Clemson, SC)",228,Clemson,fbs,ACC,52,"[14, 14, 14, 10]",0.999975851296617,2092,2136,59,Georgia Tech,fbs,ACC,14,"[0, 0, 7, 7]",2.4148703382964598e-05,1571,1527,0.121090201699999,https://www.youtube.com/watch?v=c7Ih452df30,,,CollegeFootballData.com API,2026-08-31T17:35:08.591776+00:00,/games,1.3
401114237,2019,1,regular,2019-08-30T00:00:00.000Z,False,True,False,False,39165,3803,Legion Field,5,UAB,fbs,Conference USA,24,"[14, 10, 0, 0]",0.808822993632232,,,2011,Alabama State,fcs,SWAC,19,"[13, 0, 6, 0]",0.19117700636776802,,,1.8230200516,https://www.youtube.com/watch?v=euB43slXeBY,,,CollegeFootballData.com API,2026-08-31T17:35:08.591776+00:00,/games,1.3
401110731,2019,1,regular,2019-08-30T00:30:00.000Z,False,True,False,False,98016,3795,Kyle Field,245,Texas A&M,fbs,SEC,41,"[14, 14, 3, 10]",0.999331374188528,1739,1771,326,Texas State,fbs,Sun Belt,7,"[0, 0, 0, 7]",0.000668625811471979,1217,1185,0.220119628399999,https://www.youtube.com/watch?v=b-rp1D8Q-j0,,,CollegeFootballData.com API,2026-08-31T17:35:08.591776+00:00,/games,1.3
401119253,2019,1,regular,2019-08-30T00:50:00.000Z,False,True,False,False,12207,3786,Kelly/Shorts Stadium,2117,Central Michigan,fbs,Mid-American,38,"[7, 17, 7, 7]",0.9996297842854641,,,399,UAlbany,fcs,CAA,21,"[0, 7, 7, 7]",0.000370215714535882,,,1.94634025459999,https://www.youtube.com/watch?v=BXYJc8LTxAk,,,CollegeFootballData.com API,2026-08-31T17:35:08.591776+00:00,/games,1.3
401112229,2019,1,regular,2019-08-30T01:00:00.000Z,False,True,False,False,49112,3953,Huntington Bank Stadium,135,Minnesota,fbs,Big Ten,28,"[0, 13, 7, 8]",0.7079013302374422,,,2571,South Dakota State,fcs,MVFC,21,"[0, 7, 14, 0]",0.2920986697625578,,,4.590705268,https://www.youtube.com/watch?v=sS3pH7mygOE,,,CollegeFootballData.com API,2026-08-31T17:35:08.591776+00:00,/games,1.3
401114153,2019,1,regular,2019-08-30T02:00:00.000Z,False,True,False,False,47413,3947,Mountain America Stadium,9,Arizona State,fbs,Pac-12,30,"[10, 0, 17, 3]",0.9986764468501403,1597,1610,2309,Kent State,fbs,Mid-American,7,"[0, 0, 0, 7]",0.0013235531498596576,1165,1152,0.8053215533,https://www.youtube.com/watch?v=QEzWhRSQr94,,,CollegeFootballData.com API,2026-08-31T17:35:08.591776+00:00,/games,1.3
401117493,2019,1,regular,2019-08-30T02:00:00.000Z,False,True,False,False,13480,3935,CEFCU Stadium,23,San José State,fbs,Mountain West,35,"[14, 7, 7, 7]",0.9989727349896149,,,2458,Northern Colorado,fcs,Big Sky,18,"[3, 3, 9, 3]",0.0010272650103850811,,,1.80118927999999,,,,CollegeFootballData.com API,2026-08-31T17:35:08.591776+00:00,/games,1.3
401114223,2019,1,regular,2019-08-30T02:15:00.000Z,False,True,False,False,61626,3801,LaVell Edwards Stadium,252,BYU,fbs,FBS Independents,12,"[0, 6, 0, 6]",0.004515069464778168,1553,1520,254,Utah,fbs,Pac-12,30,"[3, 6, 7, 14]",0.9954849305352218,1657,1690,3.2934990524,https://www.youtube.com/watch?v=II3mkORMyGM,,,CollegeFootballData.com API,2026-08-31T17:35:08.591776+00:00,/games,1.3
401114238,2019,1,regular,2019-08-30T22:00:00.000Z,False,True,False,False,23238,3841,Michie Stadium,349,Army,fbs,FBS Independents,14,"[0, 7, 0, 7]",0.9977163776799017,1745,1727,242,Rice,fbs,Conference USA,7,"[0, 7, 0, 0]",0.0022836223200982664,1185,1203,3.5848448091,https://www.youtube.com/watch?v=kZEGnkMiT3c,,,CollegeFootballData.com API,2026-08-31T17:35:08.591776+00:00,/games,1.3
401112212,2019,1,regular,2019-08-30T23:00:00.000Z,False,True,False,False,72005,3936,Spartan Stadium,127,Michigan State,fbs,Big Ten,28,"[7, 18, 3, 0]",0.9838631812471603,1615,1641,202,Tulsa,fbs,American Athletic,7,"[0, 7, 0, 0]",0.016136818752839677,1379,1353,0.6125123066,https://www.youtube.com/watch?v=MF3k-m5a-1U,,,CollegeFootballData.com API,2026-08-31T17:35:08.591776+00:00,/games,1.3
401112264,2019,1,regular,2019-08-30T23:15:00.000Z,False,True,False,False,40515,3754,High Point Solutions Stadium,164,Rutgers,fbs,Big Ten,48,"[7, 31, 3, 7]",0.9977830079662634,1265,1334,113,Massachusetts,fbs,FBS Independents,21,"[21, 0, 0, 0]",0.002216992033736598,1261,1192,3.34314662149999,https://www.youtube.com/watch?v=aAvPwRBg2eg,,,CollegeFootballData.com API,2026-08-31T17:35:08.591776+00:00,/games,1.3
401117856,2019,1,regular,2019-08-30T23:55:00.000Z,False,True,False,False,46704,3886,Raymond James Stadium,58,South Florida,fbs,American Athletic,0,"[0, 0, 0, 0]",0.0034345805398384114,1423,1307,275,Wisconsin,fbs,Big Ten,49,"[7, 21, 14, 7]",0.9965654194601616,1676,1792,1.4561181358,https://www.youtube.com/watch?v=Ufn9cqb7Mes,,,CollegeFootballData.com API,2026-08-31T17:35:08.591776+00:00,/games,1.3
401112430,2019,1,regular,2019-08-31T00:00:00.000Z,False,True,False,False,29027,3630,Allegacy Federal Credit Union Stadium,154,Wake Forest,fbs,ACC,38,"[10, 7, 14, 7]",0.8952229284457609,1579,1582,328,Utah State,fbs,Mountain West,35,"[7, 14, 7, 7]",0.1047770715542391,1731,1728,10.4697882233999,https://www.youtube.com/watch?v=ds1IiI9JHro,,,CollegeFootballData.com API,2026-08-31T17:35:08.591776+00:00,/games,1.3
401112262,2019,1,regular,2019-08-31T01:30:00.000Z,False,True,False,False,20144,3816,Mackay Stadium,2440,Nevada,fbs,Mountain West,34,"[0, 7, 10, 17]",0.8259196212435224,1462,1464,2509,Purdue,fbs,Big Ten,31,"[10, 14, 7, 0]",0.17408037875647764,1507,1505,5.3196804281,https://www.youtube.com/watch?v=qShnihr1-Ww,,,CollegeFootballData.com API,2026-08-31T17:35:08.591776+00:00,/games,1.3
401114184,2019,1,regular,2019-08-31T02:00:00.000Z,False,True,True,False,66997,3937,Sports Authority Field at Mile High,38,Colorado,fbs,Pac-12,52,"[7, 17, 14, 14]",0.9984330562223831,1449,1492,36,Colorado State,fbs,Mountain West,31,"[7, 14, 3, 7]",0.0015669437776169026,1307,1264,3.83712017819999,https://www.youtube.com/watch?v=Df6TPyUJTSc,,,CollegeFootballData.com API,2026-08-31T17:35:08.591776+00:00,/games,1.3
401112122,2019,1,regular,2019-08-31T02:30:00.000Z,False,True,False,False,31681,3893,Reser Stadium,204,Oregon State,fbs,Pac-12,36,"[10, 6, 7, 13]",0.030836745674682583,1207,1210,197,Oklahoma State,fbs,Big 12,52,"[7, 24, 14, 7]",0.9691632543253175,1637,1634,2.5128900036,https://www.youtube.com/watch?v=dd69_p7NtzI,,,CollegeFootballData.com API,2026-08-31T17:35:08.591776+00:00,/games,1.3
401110726,2019,1,regular,2019-08-31T16:00:00.000Z,False,True,False,False,44107,3805,Simmons Bank Liberty Stadium,235,Memphis,fbs,American Athletic,15,"[7, 6, 0, 2]",0.9225375975622911,1622,1621,145,Ole Miss,fbs,SEC,10,"[0, 0, 3, 7]",0.07746240243770885,1477,1478,5.0956587043,https://www.youtube.com/watch?v=yQbjA_IX3io,,,CollegeFootballData.com API,2026-08-31T17:35:08.591776+00:00,/games,1.3
401112145,2019,1,regular,2019-08-31T16:00:00.000Z,False,True,False,False,30654,3832,"Memorial Stadium (Champaign, IL)",356,Illinois,fbs,Big Ten,42,"[14, 14, 14, 0]",0.999985624546836,1263,1376,2006,Akron,fbs,Mid-American,3,"[3, 0, 0, 0]",1.4375453163961716e-05,1261,1148,0.5276152521,https://www.youtube.com/watch?v=Kl7PArb7sNs,,,CollegeFootballData.com API,2026-08-31T17:35:08.591776+00:00,/games,1.3
401112201,2019,1,regular,2019-08-31T16:00:00.000Z,False,True,False,False,32761,3665,SECU Stadium,120,Maryland,fbs,Big Ten,79,"[28, 28, 16, 7]",0.9999966893158879,,,47,Howard,fcs,MEAC,0,"[0, 0, 0, 0]",3.31068411207891e-06,,,0.192947083,https://www.youtube.com/watch?v=Zl67Acvjf5A,,,CollegeFootballData.com API,2026-08-31T17:35:08.591776+00:00,/games,1.3
401112096,2019,1,regular,2019-08-31T16:00:00.000Z,False,True,False,False,32611,3833,Memorial Stadium,2305,Kansas,fbs,Big 12,24,"[7, 3, 6, 8]",0.9960275082819783,,,282,Indiana State,fcs,MVFC,17,"[0, 3, 0, 14]",0.00397249171802172,,,5.21125589319999,https://www.youtube.com/watch?v=Vp6VHgO0tJs,,,CollegeFootballData.com API,2026-08-31T17:35:08.591776+00:00,/games,1.3
401112432,2019,1,regular,2019-08-31T16:00:00.000Z,False,True,False,False,57633,3670,Carter-Finley Stadium,152,NC State,fbs,ACC,34,"[7, 10, 7, 10]",0.9999604069681605,1612,1641,151,East Carolina,fbs,American Athletic,6,"[3, 0, 0, 3]",3.959303183953544e-05,1217,1188,1.71210547749999,https://www.youtube.com/watch?v=Sh7DT9PfyM8,,,CollegeFootballData.com API,2026-08-31T17:35:08.591776+00:00,/games,1.3
401110724,2019,1,regular,2019-08-31T16:00:00.000Z,False,True,False,False,54610,3683,Kroger Field,96,Kentucky,fbs,SEC,38,"[0, 14, 10, 14]",0.9805204242555655,1615,1636,2649,Toledo,fbs,Mid-American,24,"[7, 7, 3, 7]",0.019479575744434485,1533,1512,5.084117394,https://www.youtube.com/watch?v=WyJPGht2LfM,,,CollegeFootballData.com API,2026-08-31T17:35:08.591776+00:00,/games,1.3
401112238,2019,1,regular,2019-08-31T16:00:00.000Z,False,True,False,False,89502,3834,"Memorial Stadium (Lincoln, NE)",158,Nebraska,fbs,Big Ten,35,"[7, 7, 14, 7]",0.9037885855802149,1475,1478,6,South Alabama,fbs,Sun Belt,21,"[7, 0, 14, 0]",0.09621141441978509,1168,1165,0.772485991899999,https://www.youtube.com/watch?v=LnhY4vAXjiI,,,CollegeFootballData.com API,2026-08-31T17:35:08.591776+00:00,/games,1.3
401110727,2019,1,regular,2019-08-31T16:00:00.000Z,False,True,True,False,22440,3493,Caesars Superdome,309,Louisiana,fbs,Sun Belt,28,"[7, 7, 0, 14]",0.11387671428409141,1361,1378,344,Mississippi State,fbs,SEC,38,"[7, 14, 7, 10]",0.8861232857159086,1791,1774,2.5642354762,https://www.youtube.com/watch?v=XMQ8ntuDosA,,,CollegeFootballData.com API,2026-08-31T17:35:08.591776+00:00,/games,1.3
401112085,2019,1,regular,2019-08-31T16:00:00.000Z,False,True,False,False,61500,3772,Jack Trice Stadium,66,Iowa State,fbs,Big 12,29,"[3, 0, 7, 3, 3, 7, 6]",0.9864726192654548,,,2460,Northern Iowa,fcs,MVFC,26,"[0, 0, 13, 0, 3, 7, 3]",0.01352738073454518,,,8.31073115079999,https://www.youtube.com/watch?v=MIk1mFZ5Wy4,,,CollegeFootballData.com API,2026-08-31T17:35:08.591776+00:00,/games,1.3
401112251,2019,1,regular,2019-08-31T16:00:00.000Z,False,True,False,False,103228,3861,Ohio Stadium,194,Ohio State,fbs,Big Ten,45,"[28, 0, 7, 10]",0.9992489626414983,1847,1872,2226,Florida Atlantic,fbs,Conference USA,21,"[0, 3, 3, 15]",0.0007510373585016827,1520,1495,0.1900220523,https://www.youtube.com/watch?v=LXmySwb5080,,,CollegeFootballData.com API,2026-08-31T17:35:08.591776+00:00,/games,1.3
401112157,2019,1,regular,2019-08-31T16:00:00.000Z,False,True,True,False,21437,3812,Lucas Oil Stadium,2050,Ball State,fbs,Mid-American,24,"[3, 7, 7, 7]",0.052332403827212784,1195,1204,84,Indiana,fbs,Big Ten,34,"[10, 6, 7, 11]",0.9476675961727872,1509,1500,3.5717794139,,,,CollegeFootballData.com API,2026-08-31T17:35:08.591776+00:00,/games,1.3
401112431,2019,1,regular,2019-08-31T16:00:00.000Z,False,True,False,False,50917,3697,Doak Campbell Stadium,52,Florida State,fbs,ACC,31,"[21, 10, 0, 0]",0.6169692071984754,1442,1451,68,Boise State,fbs,Mountain West,36,"[6, 13, 7, 10]",0.38303079280152463,1703,1694,6.1513919836,https://www.youtube.com/watch?v=xV6tfTwOx7Y,,,CollegeFootballData.com API,2026-08-31T17:35:08.591776+00:00,/games,1.3
401112143,2019,1,regular,2019-08-31T18:00:00.000Z,False,True,False,False,61891,3842,Milan Puskar Stadium,277,West Virginia,fbs,Big 12,20,"[0, 3, 7, 10]",0.8127434292325724,1692,1690,256,James Madison,fcs,CAA,13,"[7, 0, 3, 3]",0.18725657076742763,1477,1479,7.09940618379999,https://www.youtube.com/watch?v=lO2sQGBE_u4,,,CollegeFootballData.com API,2026-08-31T17:35:08.591776+00:00,/games,1.3
401119259,2019,1,regular,2019-08-31T18:00:00.000Z,False,True,False,False,16665,3876,Peden Stadium,195,Ohio,fbs,Mid-American,41,"[7, 10, 17, 7]",0.9966143403275215,,,227,Rhode Island,fcs,CAA,20,"[0, 6, 7, 7]",0.0033856596724785026,,,0.7501731067,,,,CollegeFootballData.com API,2026-08-31T17:35:08.591776+00:00,/games,1.3
401117859,2019,1,regular,2019-08-31T19:00:00.000Z,False,True,False,False,26378,3806,Lincoln Financial Field,218,Temple,fbs,American Athletic,56,"[21, 14, 7, 14]",0.9999830913409441,,,2083,Bucknell,fcs,Patriot,12,"[0, 9, 3, 0]",1.6908659055903108e-05,,,0.0727569423000009,https://www.youtube.com/watch?v=qN4Bqdr4O7g,,,CollegeFootballData.com API,2026-08-31T17:35:08.591776+00:00,/games,1.3
401114233,2019,1,regular,2019-08-31T19:00:00.000Z,False,True,False,False,65709,3765,Husky Stadium,264,Washington,fbs,Pac-12,47,"[21, 7, 14, 5]",0.9633836420170544,,,331,Eastern Washington,fcs,Big Sky,14,"[0, 7, 0, 7]",0.0366163579829456,,,0.453027934199999,https://www.youtube.com/watch?v=9iFSsZ_G6M8,,,CollegeFootballData.com API,2026-08-31T17:35:08.591776+00:00,/games,1.3
401110729,2019,1,regular,2019-08-31T19:30:00.000Z,False,True,True,False,52183,3628,Bank of America Stadium,153,North Carolina,fbs,ACC,24,"[3, 3, 3, 15]",0.9751738724975034,1409,1424,2579,South Carolina,fbs,SEC,20,"[10, 3, 7, 0]",0.024826127502496576,1532,1517,5.6522943457,https://www.youtube.com/watch?v=2o-5QGRy_R0,,,CollegeFootballData.com API,2026-08-31T17:35:08.591776+00:00,/games,1.3
401117494,2019,1,regular,2019-08-31T19:30:00.000Z,False,True,False,False,33101,3713,Falcon Stadium,2005,Air Force,fbs,Mountain West,48,"[7, 28, 13, 0]",0.9999713354400592,,,2142,Colgate,fcs,Patriot,7,"[0, 0, 7, 0]",2.8664559940771994e-05,,,0.317942011499999,https://www.youtube.com/watch?v=uKMbaKUwghc,,,CollegeFootballData.com API,2026-08-31T17:35:08.591776+00:00,/games,1.3
401121934,2019,1,regular,2019-08-31T19:30:00.000Z,False,True,False,False,25147,3792,Kidd Brewer Stadium,2026,App State,fbs,Sun Belt,42,"[7, 7, 14, 14]",0.9999252284348996,,,2193,East Tennessee State,fcs,Southern,7,"[0, 0, 7, 0]",7.477156510038441e-05,,,0.354547435599998,,,,CollegeFootballData.com API,2026-08-31T17:35:08.591776+00:00,/games,1.3
401117857,2019,1,regular,2019-08-31T19:30:00.000Z,False,True,False,False,28531,3852,Navy-Marine Corps Memorial Stadium,2426,Navy,fbs,American Athletic,45,"[10, 14, 14, 7]",0.9999537706580122,,,107,Holy Cross,fcs,Patriot,7,"[0, 7, 0, 0]",4.622934198783568e-05,,,0.777312768799999,https://www.youtube.com/watch?v=ejgJ4oZib8w,,,CollegeFootballData.com API,2026-08-31T17:35:08.591776+00:00,/games,1.3
401110720,2019,1,regular,2019-08-31T19:30:00.000Z,False,True,True,False,71916,5348,Mercedes-Benz Stadium,333,Alabama,fbs,SEC,42,"[0, 14, 21, 7]",0.999990884676356,2005,2064,150,Duke,fbs,ACC,3,"[0, 3, 0, 0]",9.11532364400447e-06,1526,1467,0.4601882762,https://www.youtube.com/watch?v=fK1UnQg95kI,,,CollegeFootballData.com API,2026-08-31T17:35:08.591776+00:00,/games,1.3
401112257,2019,1,regular,2019-08-31T19:30:00.000Z,False,True,False,False,104527,3632,Beaver Stadium,213,Penn State,fbs,Big Ten,79,"[20, 24, 14, 21]",0.9999634144875306,,,70,Idaho,fcs,Big Sky,7,"[0, 0, 0, 7]",3.6585512469433645e-05,,,1.70947009479999,https://www.youtube.com/watch?v=Ql0X_D8EzIQ,,,CollegeFootballData.com API,2026-08-31T17:35:08.591776+00:00,/games,1.3
401110730,2019,1,regular,2019-08-31T19:30:00.000Z,False,True,False,False,85503,3853,Neyland Stadium,2633,Tennessee,fbs,SEC,30,"[14, 3, 3, 10]",0.2713042563438635,1399,1372,2247,Georgia State,fbs,Sun Belt,38,"[7, 7, 7, 17]",0.7286957436561365,1265,1292,4.9993861006,https://www.youtube.com/watch?v=OSwuWNJJYB4,,,CollegeFootballData.com API,2026-08-31T17:35:08.591776+00:00,/games,1.3
401119256,2019,1,regular,2019-08-31T19:30:00.000Z,False,True,False,False,14237,3654,Brooks Stadium (SC),324,Coastal Carolina,fbs,Sun Belt,23,"[10, 3, 0, 10]",0.11946296522368414,1256,1259,2199,Eastern Michigan,fbs,Mid-American,30,"[0, 7, 16, 7]",0.8805370347763158,1466,1463,5.16261689369999,,,,CollegeFootballData.com API,2026-08-31T17:35:08.591776+00:00,/games,1.3
401110721,2019,1,regular,2019-08-31T20:00:00.000Z,False,True,False,False,61055,3887,Razorback Stadium,8,Arkansas,fbs,SEC,20,"[10, 0, 7, 3]",0.9933435143434681,,,2502,Portland State,fcs,Big Sky,13,"[3, 3, 0, 7]",0.006656485656531874,,,1.7088351196,https://www.youtube.com/watch?v=CmS-tcvje4c,,,CollegeFootballData.com API,2026-08-31T17:35:08.591776+00:00,/games,1.3
401112139,2019,1,regular,2019-08-31T20:00:00.000Z,False,True,False,False,54183,3784,Jones AT&T Stadium,2641,Texas Tech,fbs,Big 12,45,"[14, 14, 3, 14]",0.9995738010168264,,,147,Montana State,fcs,Big Sky,10,"[0, 7, 0, 3]",0.00042619898317364235,,,0.2871722958,https://www.youtube.com/watch?v=3KICMULZ-NQ,,,CollegeFootballData.com API,2026-08-31T17:35:08.591776+00:00,/games,1.3
401112245,2019,1,regular,2019-08-31T20:00:00.000Z,False,True,False,False,37179,3940,Stanford Stadium,24,Stanford,fbs,Pac-12,17,"[0, 10, 0, 7]",0.8936946934265202,1638,1653,77,Northwestern,fbs,Big Ten,7,"[0, 0, 0, 7]",0.10630530657347981,1612,1597,5.2906002402,https://www.youtube.com/watch?v=QQCMtx77hQs,,,CollegeFootballData.com API,2026-08-31T17:35:08.591776+00:00,/games,1.3
401112435,2019,1,regular,2019-08-31T20:00:00.000Z,False,True,False,True,35213,3615,"Alumni Stadium (Chestnut Hill, MA)",103,Boston College,fbs,ACC,35,"[7, 21, 0, 7]",0.9939153058646774,1591,1597,259,Virginia Tech,fbs,ACC,28,"[7, 7, 7, 7]",0.006084694135322644,1520,1514,6.4579152991,https://www.youtube.com/watch?v=OeF24HMVPKI,,,CollegeFootballData.com API,2026-08-31T17:35:08.591776+00:00,/games,1.3
401112434,2019,1,regular,2019-08-31T22:00:00.000Z,False,True,False,False,21671,3992,Williams Stadium (VA),2335,Liberty,fbs,FBS Independents,0,"[0, 0, 0, 0]",0.007136060214749594,1311,1283,183,Syracuse,fbs,ACC,24,"[3, 7, 7, 7]",0.9928639397852504,1629,1657,2.1616408805,https://www.youtube.com/watch?v=tXL0djZXLuY,,,CollegeFootballData.com API,2026-08-31T17:35:08.591776+00:00,/games,1.3
401121935,2019,1,regular,2019-08-31T22:00:00.000Z,False,True,False,False,23172,3975,Veterans Memorial Stadium (AL),2653,Troy,fbs,Sun Belt,43,"[17, 3, 16, 7]",0.999524349110785,,,2097,Campbell,fcs,Big South,14,"[7, 0, 0, 7]",0.00047565088921497356,,,0.249301981499999,https://www.youtube.com/watch?v=M9faCX0f4Gc,,,CollegeFootballData.com API,2026-08-31T17:35:08.591776+00:00,/games,1.3
401114245,2019,1,regular,2019-08-31T22:00:00.000Z,False,True,False,False,26787,3604,Alamodome,2636,UTSA,fbs,Conference USA,35,"[7, 14, 7, 7]",0.9991287244476202,,,2916,Incarnate Word,fcs,Southland,7,"[0, 7, 0, 0]",0.0008712755523797577,,,1.60796172459999,https://www.youtube.com/watch?v=kH5NAjaHVjY,,,CollegeFootballData.com API,2026-08-31T17:35:08.591776+00:00,/games,1.3
401117495,2019,1,regular,2019-08-31T22:00:00.000Z,False,True,False,False,13749,3971,University Stadium (NM),167,New Mexico,fbs,Mountain West,39,"[13, 9, 10, 7]",0.7104509100707297,,,2534,Sam Houston,fcs,Southland,31,"[0, 16, 7, 8]",0.2895490899292703,,,6.06397677849999,https://www.youtube.com/watch?v=jYECLRXipF0,,,CollegeFootballData.com API,2026-08-31T17:35:08.591776+00:00,/games,1.3
401114174,2019,1,regular,2019-08-31T22:30:00.000Z,False,True,False,False,44168,3831,California Memorial Stadium,25,California,fbs,Pac-12,27,"[0, 13, 7, 7]",0.9927978996367056,,,302,UC Davis,fcs,Big Sky,13,"[10, 0, 3, 0]",0.007202100363294384,,,4.3622963133,https://www.youtube.com/watch?v=-zhwpJR94Uk,,,CollegeFootballData.com API,2026-08-31T17:35:08.591776+00:00,/games,1.3
401114240,2019,1,regular,2019-08-31T22:30:00.000Z,False,True,False,False,23875,3775,Joan C. Edwards Stadium,276,Marshall,fbs,Conference USA,56,"[14, 21, 14, 7]",0.9990992492052135,,,2678,VMI,fcs,Southern,17,"[0, 7, 0, 10]",0.0009007507947864646,,,0.0972407946,https://www.youtube.com/watch?v=GDI2TFBnNQs,,,CollegeFootballData.com API,2026-08-31T17:35:08.591776+00:00,/games,1.3
401119258,2019,1,regular,2019-08-31T23:00:00.000Z,False,True,False,False,15021,3980,Waldo Stadium,2711,Western Michigan,fbs,Mid-American,48,"[21, 10, 14, 3]",0.9996543785478196,,,2405,Monmouth,fcs,Big South,13,"[0, 7, 6, 0]",0.0003456214521804224,,,0.3813099583,,,,CollegeFootballData.com API,2026-08-31T17:35:08.591776+00:00,/games,1.3
401117858,2019,1,regular,2019-08-31T23:00:00.000Z,False,True,False,False,22076,3625,Centennial Bank Stadium,2032,Arkansas State,fbs,Sun Belt,30,"[7, 2, 14, 7]",0.15277028684321564,1525,1502,2567,SMU,fbs,American Athletic,37,"[3, 13, 14, 7]",0.8472297131567843,1402,1425,8.0271848104,https://www.youtube.com/watch?v=fxI5FRv-AJ0,,,CollegeFootballData.com API,2026-08-31T17:35:08.591776+00:00,/games,1.3
401114242,2019,1,regular,2019-08-31T23:00:00.000Z,False,True,False,False,21944,3918,S.B. Ballard Stadium,295,Old Dominion,fbs,Conference USA,24,"[14, 0, 3, 7]",0.973109618206123,,,2450,Norfolk State,fcs,MEAC,21,"[0, 6, 0, 15]",0.02689038179387704,,,2.9141366003,https://www.youtube.com/watch?v=5EQOPpM-HsE,,,CollegeFootballData.com API,2026-08-31T17:35:08.591776+00:00,/games,1.3
401112106,2019,1,regular,2019-08-31T23:00:00.000Z,False,True,False,False,51189,3636,Bill Snyder Family Stadium,2306,Kansas State,fbs,Big 12,49,"[14, 14, 0, 21]",0.9981998644286053,,,2447,Nicholls,fcs,Southland,14,"[0, 0, 7, 7]",0.0018001355713946898,,,0.438959897299999,https://www.youtube.com/watch?v=woc8bQLjS48,,,CollegeFootballData.com API,2026-08-31T17:35:08.591776+00:00,/games,1.3
401119257,2019,1,regular,2019-08-31T23:00:00.000Z,False,True,False,False,14568,3764,Huskie Stadium,2459,Northern Illinois,fbs,Mid-American,24,"[3, 0, 7, 14]",0.980597640432646,,,2287,Illinois State,fcs,MVFC,10,"[0, 3, 0, 7]",0.019402359567354033,,,6.2667935713,,,,CollegeFootballData.com API,2026-08-31T17:35:08.591776+00:00,/games,1.3
401114243,2019,1,regular,2019-08-31T23:00:00.000Z,False,True,False,False,31076,3815,M. M. Roberts Stadium,2572,Southern Miss,fbs,Conference USA,38,"[10, 3, 15, 10]",0.9931314817131914,,,2016,Alcorn State,fcs,SWAC,10,"[0, 0, 10, 0]",0.006868518286808567,,,0.844815890099999,https://www.youtube.com/watch?v=jKQjtPOEp8U,,,CollegeFootballData.com API,2026-08-31T17:35:08.591776+00:00,/games,1.3
401112073,2019,1,regular,2019-08-31T23:00:00.000Z,False,True,False,False,43013,4727,McLane Stadium,239,Baylor,fbs,Big 12,56,"[14, 21, 14, 7]",0.9995363386687482,,,2617,Stephen F. Austin,fcs,Southland,17,"[7, 0, 0, 10]",0.00046366133125175235,,,0.0550861837000009,https://www.youtube.com/watch?v=cie-Ue9sekA,,,CollegeFootballData.com API,2026-08-31T17:35:08.591776+00:00,/games,1.3
401110722,2019,1,regular,2019-08-31T23:30:00.000Z,False,True,True,False,60662,3687,AT&T Stadium,2,Auburn,fbs,SEC,27,"[3, 3, 7, 14]",0.786916801751763,1805,1805,2483,Oregon,fbs,Pac-12,21,"[14, 0, 7, 0]",0.21308319824823696,1593,1593,7.05706116539999,https://www.youtube.com/watch?v=N4Li6jkRKjU,,,CollegeFootballData.com API,2026-08-31T17:35:08.591776+00:00,/games,1.3
401114241,2019,1,regular,2019-08-31T23:30:00.000Z,False,True,False,False,23057,3825,DATCU Stadium,249,North Texas,fbs,Conference USA,51,"[17, 21, 10, 3]",0.9832153780974329,,,2000,Abilene Christian,fcs,Southland,31,"[0, 10, 7, 14]",0.01678462190256713,,,0.259539118999999,https://www.youtube.com/watch?v=7izQ6X_2H-Q,,,CollegeFootballData.com API,2026-08-31T17:35:08.591776+00:00,/games,1.3
401110732,2019,1,regular,2019-08-31T23:30:00.000Z,False,True,False,True,40350,3973,FirstBank Stadium,238,Vanderbilt,fbs,SEC,6,"[0, 6, 0, 0]",0.030271042172453185,1534,1505,61,Georgia,fbs,SEC,30,"[14, 7, 3, 6]",0.9697289578275469,1837,1866,0.829345206999999,https://www.youtube.com/watch?v=tlwawmckogY,,,CollegeFootballData.com API,2026-08-31T17:35:08.591776+00:00,/games,1.3
401112191,2019,1,regular,2019-08-31T23:30:00.000Z,False,True,False,False,69250,3793,Kinnick Stadium,2294,Iowa,fbs,Big Ten,38,"[3, 7, 14, 14]",0.9986303418827187,1792,1816,193,Miami (OH),fbs,Mid-American,14,"[0, 7, 0, 7]",0.0013696581172812916,1458,1434,1.85899845859999,https://www.youtube.com/watch?v=0TmNLx4vcJc,,,CollegeFootballData.com API,2026-08-31T17:35:08.591776+00:00,/games,1.3
401110728,2019,1,regular,2019-08-31T23:30:00.000Z,False,True,False,False,26037,3984,War Memorial Stadium,2751,Wyoming,fbs,Mountain West,37,"[0, 27, 7, 3]",0.04476311442487256,1493,1513,142,Missouri,fbs,SEC,31,"[14, 3, 0, 14]",0.9552368855751274,1734,1714,5.6275847598,https://www.youtube.com/watch?v=G_vcntObtDM,,,CollegeFootballData.com API,2026-08-31T17:35:08.591776+00:00,/games,1.3
401112222,2019,1,regular,2019-08-31T23:30:00.000Z,False,True,False,False,110811,3558,Michigan Stadium,130,Michigan,fbs,Big Ten,40,"[10, 17, 6, 7]",0.9972892547068453,1744,1760,2393,Middle Tennessee,fbs,Conference USA,21,"[7, 7, 0, 7]",0.002710745293154737,1461,1445,0.635657455299999,https://www.youtube.com/watch?v=2RQfvFtyYQM,,,CollegeFootballData.com API,2026-08-31T17:35:08.591776+00:00,/games,1.3
401110725,2019,1,regular,2019-08-31T23:30:00.000Z,False,True,False,False,97420,3958,Tiger Stadium (LA),99,LSU,fbs,SEC,55,"[21, 21, 10, 3]",0.9999962321813448,1733,1857,290,Georgia Southern,fbs,Sun Belt,3,"[0, 3, 0, 0]",3.7678186551870496e-06,1485,1361,0.1633242825,https://www.youtube.com/watch?v=fdrl8mZ4-9E,,,CollegeFootballData.com API,2026-08-31T17:35:08.591776+00:00,/games,1.3
401112433,2019,1,regular,2019-08-31T23:30:00.000Z,False,True,False,True,47144,3752,Acrisure Stadium,221,Pittsburgh,fbs,ACC,14,"[0, 14, 0, 0]",0.008604470838177036,1563,1529,258,Virginia,fbs,ACC,30,"[10, 3, 10, 7]",0.9913955291618229,1602,1636,4.7215499908,https://www.youtube.com/watch?v=50G9GyZqx6s,,,CollegeFootballData.com API,2026-08-31T17:35:08.591776+00:00,/games,1.3
401128468,2019,1,regular,2019-09-01T00:00:00.000Z,False,True,False,False,28327,3817,Malone Stadium,2433,UL Monroe,fbs,Sun Belt,31,"[7, 10, 7, 7]",0.996182200324571,,,2755,Grambling,fcs,SWAC,9,"[6, 3, 0, 0]",0.0038177996754289456,,,0.8062489131,https://www.youtube.com/watch?v=5bKmfyJOjko,,,CollegeFootballData.com API,2026-08-31T17:35:08.591776+00:00,/games,1.3
401112135,2019,1,regular,2019-09-01T00:00:00.000Z,False,True,False,False,93418,3910,DKR-Texas Memorial Stadium,251,Texas,fbs,Big 12,45,"[7, 17, 14, 7]",0.9998579592185066,1681,1734,2348,Louisiana Tech,fbs,Conference USA,14,"[0, 0, 0, 14]",0.00014204078149337995,1423,1370,0.738717734799999,https://www.youtube.com/watch?v=cH9X2wCWDjk,,,CollegeFootballData.com API,2026-08-31T17:35:08.591776+00:00,/games,1.3
401114244,2019,1,regular,2019-09-01T00:00:00.000Z,False,True,False,False,34646,3946,Sun Bowl,2638,UTEP,fbs,Conference USA,36,"[3, 17, 13, 3]",0.49159637157605607,,,2277,Houston Christian,fcs,Southland,34,"[0, 17, 11, 6]",0.5084036284239439,,,6.3825229555,https://www.youtube.com/watch?v=why0vWLNTGA,,,CollegeFootballData.com API,2026-08-31T17:35:08.591776+00:00,/games,1.3
401112129,2019,1,regular,2019-09-01T00:00:00.000Z,False,True,False,False,40422,3616,Amon G. Carter Stadium,2628,TCU,fbs,Big 12,39,"[10, 6, 13, 10]",0.9991826952113394,,,2029,Arkansas-Pine Bluff,fcs,SWAC,7,"[0, 0, 7, 0]",0.0008173047886606,,,0.0569480131999999,https://www.youtube.com/watch?v=EBnpfvYikAQ,,,CollegeFootballData.com API,2026-08-31T17:35:08.591776+00:00,/games,1.3
401117496,2019,1,regular,2019-09-01T01:00:00.000Z,False,True,False,False,40222,3932,Qualcomm Stadium,21,San Diego State,fbs,Mountain West,6,"[0, 3, 0, 3]",0.9857140614874249,,,2692,Weber State,fcs,Big Sky,0,"[0, 0, 0, 0]",0.014285938512575092,,,4.5793571025,https://www.youtube.com/watch?v=sVn70g_Sqz0,,,CollegeFootballData.com API,2026-08-31T17:35:08.591776+00:00,/games,1.3
401114228,2019,1,regular,2019-09-01T02:00:00.000Z,False,True,False,False,27228,3820,Gesa Field,265,Washington State,fbs,Pac-12,58,"[14, 21, 13, 10]",0.999960063909638,1689,1772,166,New Mexico State,fbs,FBS Independents,7,"[7, 0, 0, 0]",3.993609036201384e-05,1169,1086,0.206438039199999,https://www.youtube.com/watch?v=q27cNxEtO8o,,,CollegeFootballData.com API,2026-08-31T17:35:08.591776+00:00,/games,1.3
401117497,2019,1,regular,2019-09-01T02:00:00.000Z,False,True,False,False,17421,3914,Sam Boyd Stadium,2439,UNLV,fbs,Mountain West,56,"[7, 28, 21, 0]",0.9999435216617797,,,253,Southern Utah,fcs,Big Sky,23,"[0, 7, 0, 16]",5.6478338220311564e-05,,,0.7239276781,https://www.youtube.com/watch?v=-RGmBrwF2L8,,,CollegeFootballData.com API,2026-08-31T17:35:08.591776+00:00,/games,1.3
401114218,2019,1,regular,2019-09-01T02:30:00.000Z,False,True,False,False,57329,477,Los Angeles Memorial Coliseum,30,USC,fbs,Pac-12,31,"[14, 3, 14, 0]",0.34684885918453956,1571,1591,278,Fresno State,fbs,Mountain West,23,"[3, 7, 3, 10]",0.6531511408154604,1695,1675,2.82922510999999,https://www.youtube.com/watch?v=zHNUTfiwW9A,,,CollegeFootballData.com API,2026-08-31T17:35:08.591776+00:00,/games,1.3
401112114,2019,1,regular,2019-09-01T23:30:00.000Z,False,True,False,False,84534,3835,"Memorial Stadium (Norman, OK)",201,Oklahoma,fbs,Big 12,49,"[7, 14, 21, 7]",0.9985441242256733,1849,1854,248,Houston,fbs,American Athletic,31,"[0, 10, 7, 14]",0.0014558757743267092,1460,1455,0.820205975199998,https://www.youtube.com/watch?v=fkhfSzrJSDA,,,CollegeFootballData.com API,2026-08-31T17:35:08.591776+00:00,/games,1.3
401112436,2019,1,regular,2019-09-03T00:00:00.000Z,False,True,False,False,58187,3873,L&N Federal Credit Union Stadium,97,Louisville,fbs,ACC,17,"[14, 0, 0, 3]",0.016323079663488588,1223,1232,87,Notre Dame,fbs,FBS Independents,35,"[14, 7, 7, 7]",0.9836769203365114,1775,1766,2.83786163389999,https://www.youtube.com/watch?v=Am19Ppsmq4M,,,CollegeFootballData.com API,2026-08-31T17:35:08.591776+00:00,/games,1.3
401112437,2019,2,regular,2019-09-07T00:00:00.000Z,False,True,False,False,45250,3923,Scott Stadium,258,Virginia,fbs,ACC,52,"[21, 14, 7, 10]",0.9999925778785955,,,2729,William & Mary,fcs,CAA,17,"[0, 3, 7, 7]",7.422121404476734e-06,,,0.137157888100001,https://www.youtube.com/watch?v=Nz0HxcutwvI,,,CollegeFootballData.com API,2026-08-31T17:35:08.591776+00:00,/games,1.3
401112447,2019,2,regular,2019-09-07T00:00:00.000Z,False,True,False,False,17567,3895,Rice Stadium,242,Rice,fbs,Conference USA,21,"[14, 0, 0, 7]",0.005455547631146878,1203,1192,154,Wake Forest,fbs,ACC,41,"[14, 10, 10, 7]",0.9945444523688531,1582,1593,1.4524671429,https://www.youtube.com/watch?v=w5obip_UWS4,,,CollegeFootballData.com API,2026-08-31T17:35:08.591776+00:00,/games,1.3
401114251,2019,2,regular,2019-09-07T01:00:00.000Z,False,True,False,False,31951,3653,Albertsons Stadium,68,Boise State,fbs,Mountain West,14,"[0, 7, 7, 0]",0.9742280253075609,1694,1694,276,Marshall,fbs,Conference USA,7,"[7, 0, 0, 0]",0.02577197469243908,1511,1511,4.7394687916,https://www.youtube.com/watch?v=P7Jg7cmBT6s,,,CollegeFootballData.com API,2026-08-31T17:35:08.591776+00:00,/games,1.3
401114154,2019,2,regular,2019-09-07T02:00:00.000Z,False,True,False,False,42286,3947,Mountain America Stadium,9,Arizona State,fbs,Pac-12,19,"[0, 3, 6, 10]",0.9544056854443761,,,16,Sacramento State,fcs,Big Sky,7,"[0, 0, 0, 7]",0.045594314555623905,,,1.2482020288,https://www.youtube.com/watch?v=DSPchPPYCgA,,,CollegeFootballData.com API,2026-08-31T17:35:08.591776+00:00,/games,1.3
401112445,2019,2,regular,2019-09-07T15:00:00.000Z,False,True,False,False,42168,3752,Acrisure Stadium,221,Pittsburgh,fbs,ACC,20,"[3, 14, 3, 0]",0.8936988972478924,1529,1561,195,Ohio,fbs,Mid-American,10,"[0, 3, 7, 0]",0.10630110275210758,1719,1687,3.6687255659,https://www.youtube.com/watch?v=WanB32WIoVA,,,CollegeFootballData.com API,2026-08-31T17:35:08.591776+00:00,/games,1.3
401114254,2019,2,regular,2019-09-07T16:00:00.000Z,False,True,False,False,18972,3768,InfoCision Stadium,2006,Akron,fbs,Mid-American,20,"[6, 0, 0, 14]",0.7161763083466212,1148,1157,5,UAB,fbs,Conference USA,31,"[7, 10, 14, 0]",0.28382369165337884,1537,1528,3.2912502379,,,,CollegeFootballData.com API,2026-08-31T17:35:08.591776+00:00,/games,1.3
401110785,2019,2,regular,2019-09-07T16:00:00.000Z,False,True,False,False,50506,3907,Ross-Ade Stadium,2509,Purdue,fbs,Big Ten,42,"[7, 7, 14, 14]",0.9929547799383418,1505,1545,238,Vanderbilt,fbs,SEC,24,"[7, 3, 0, 14]",0.007045220061658197,1505,1465,4.1853786758,https://www.youtube.com/watch?v=QJXj329XGJ0,,,CollegeFootballData.com API,2026-08-31T17:35:08.591776+00:00,/games,1.3
401112202,2019,2,regular,2019-09-07T16:00:00.000Z,False,True,False,False,33493,3665,SECU Stadium,120,Maryland,fbs,Big Ten,63,"[21, 21, 7, 14]",0.9999232292956708,1468,1626,183,Syracuse,fbs,ACC,20,"[7, 6, 7, 0]",7.677070432920985e-05,1657,1499,1.73828600679999,https://www.youtube.com/watch?v=evveoF8UwmI,,,CollegeFootballData.com API,2026-08-31T17:35:08.591776+00:00,/games,1.3
401119261,2019,2,regular,2019-09-07T16:00:00.000Z,False,True,False,False,18679,3696,Dix Stadium,2309,Kent State,fbs,Mid-American,26,"[3, 7, 7, 6, 3]",0.2270606420041482,,,338,Kennesaw State,fcs,Big South,23,"[3, 13, 0, 7, 0]",0.7729393579958518,,,9.5917392374,,,,CollegeFootballData.com API,2026-08-31T17:35:08.591776+00:00,/games,1.3
401112223,2019,2,regular,2019-09-07T16:00:00.000Z,False,True,False,False,111747,3558,Michigan Stadium,130,Michigan,fbs,Big Ten,24,"[7, 0, 7, 0, 7, 3]",0.9601404334753726,1760,1761,349,Army,fbs,FBS Independents,21,"[7, 7, 0, 0, 7, 0]",0.03985956652462741,1727,1726,7.65488039,https://www.youtube.com/watch?v=U0wE3nTYkbU,,,CollegeFootballData.com API,2026-08-31T17:35:08.591776+00:00,/games,1.3
401112446,2019,2,regular,2019-09-07T16:00:00.000Z,False,True,False,False,57282,3799,Lane Stadium,259,Virginia Tech,fbs,ACC,31,"[10, 7, 7, 7]",0.9944391493670949,1514,1519,295,Old Dominion,fbs,Conference USA,17,"[3, 0, 7, 7]",0.005560850632905123,1226,1221,0.673161552200001,https://www.youtube.com/watch?v=j1XQWyc_9Ew,,,CollegeFootballData.com API,2026-08-31T17:35:08.591776+00:00,/games,1.3
401110782,2019,2,regular,2019-09-07T16:00:00.000Z,False,True,False,False,70698,3994,Williams-Brice Stadium,2579,South Carolina,fbs,SEC,72,"[21, 23, 7, 21]",0.9999948034797541,,,2127,Charleston Southern,fcs,Big South,10,"[3, 0, 0, 7]",5.196520245887015e-06,,,0.0835899849000001,https://www.youtube.com/watch?v=yjtgtSz45g0,,,CollegeFootballData.com API,2026-08-31T17:35:08.591776+00:00,/games,1.3
401112107,2019,2,regular,2019-09-07T16:00:00.000Z,False,True,False,False,46075,3636,Bill Snyder Family Stadium,2306,Kansas State,fbs,Big 12,52,"[17, 21, 7, 7]",0.9999954937888929,1562,1670,189,Bowling Green,fbs,Mid-American,0,"[0, 0, 0, 0]",4.506211107146996e-06,1203,1095,0.2217148635,https://www.youtube.com/watch?v=NhiLQ6tmBLs,,,CollegeFootballData.com API,2026-08-31T17:35:08.591776+00:00,/games,1.3
401112252,2019,2,regular,2019-09-07T16:00:00.000Z,False,True,False,False,104089,3861,Ohio Stadium,194,Ohio State,fbs,Big Ten,42,"[7, 21, 7, 7]",0.9999880145037198,1872,1962,2132,Cincinnati,fbs,American Athletic,0,"[0, 0, 0, 0]",1.1985496280231267e-05,1629,1539,0.9479482456,https://www.youtube.com/watch?v=DSfC6hWwits,,,CollegeFootballData.com API,2026-08-31T17:35:08.591776+00:00,/games,1.3
401110781,2019,2,regular,2019-09-07T16:00:00.000Z,False,True,False,False,51215,3838,Memorial Stadium,142,Missouri,fbs,SEC,38,"[10, 21, 0, 7]",0.9999894187760879,1714,1795,277,West Virginia,fbs,Big 12,7,"[0, 0, 0, 7]",1.0581223912065063e-05,1690,1609,1.09804057329999,https://www.youtube.com/watch?v=SSKK8cviWd4,,,CollegeFootballData.com API,2026-08-31T17:35:08.591776+00:00,/games,1.3
401117862,2019,2,regular,2019-09-07T16:00:00.000Z,False,True,False,False,34487,3805,Simmons Bank Liberty Stadium,235,Memphis,fbs,American Athletic,55,"[17, 10, 21, 7]",0.9994747793607958,,,2582,Southern,fcs,SWAC,24,"[7, 10, 7, 0]",0.000525220639204238,,,0.377627444299999,https://www.youtube.com/watch?v=luA_B63N32c,,,CollegeFootballData.com API,2026-08-31T17:35:08.591776+00:00,/games,1.3
401112192,2019,2,regular,2019-09-07T16:00:00.000Z,False,True,False,True,61808,3793,Kinnick Stadium,2294,Iowa,fbs,Big Ten,30,"[7, 13, 7, 3]",0.9999793082998703,1816,1842,164,Rutgers,fbs,Big Ten,0,"[0, 0, 0, 0]",2.069170012974908e-05,1334,1308,0.989538232599999,https://www.youtube.com/watch?v=n2pc1GK4jCE,,,CollegeFootballData.com API,2026-08-31T17:35:08.591776+00:00,/games,1.3
401112444,2019,2,regular,2019-09-07T16:30:00.000Z,False,True,False,False,55681,3670,Carter-Finley Stadium,152,NC State,fbs,ACC,41,"[3, 21, 10, 7]",0.9999933836423213,,,2717,Western Carolina,fcs,Southern,0,"[0, 0, 0, 0]",6.616357678734808e-06,,,0.1869684991,https://www.youtube.com/watch?v=Z8h9Xmx4yoo,,,CollegeFootballData.com API,2026-08-31T17:35:08.591776+00:00,/games,1.3
401114224,2019,2,regular,2019-09-07T17:00:00.000Z,False,True,False,False,45919,587,Rice-Eccles Stadium,254,Utah,fbs,Pac-12,35,"[0, 21, 7, 7]",0.9983911140935828,1690,1707,2459,Northern Illinois,fbs,Mid-American,17,"[7, 10, 0, 0]",0.0016088859064171679,1442,1425,1.5811485679,https://www.youtube.com/watch?v=jRj9kQS3pro,,,CollegeFootballData.com API,2026-08-31T17:35:08.591776+00:00,/games,1.3
401112441,2019,2,regular,2019-09-07T18:00:00.000Z,False,True,False,False,46599,721,Bobby Dodd Stadium,59,Georgia Tech,fbs,ACC,14,"[0, 14, 0, 0]",0.38553997084444,1527,1524,58,South Florida,fbs,American Athletic,10,"[3, 0, 0, 7]",0.61446002915556,1307,1310,5.399834857,https://www.youtube.com/watch?v=FPFVdHZQ8cs,,,CollegeFootballData.com API,2026-08-31T17:35:08.591776+00:00,/games,1.3
401119260,2019,2,regular,2019-09-07T18:00:00.000Z,False,True,False,False,10123,3919,Scheumann Stadium,2050,Ball State,fbs,Mid-American,57,"[14, 14, 22, 7]",0.9986144746635135,,,2230,Fordham,fcs,Patriot,29,"[14, 0, 15, 0]",0.0013855253364865039,,,1.0446803966,,,,CollegeFootballData.com API,2026-08-31T17:35:08.591776+00:00,/games,1.3
401119262,2019,2,regular,2019-09-07T18:30:00.000Z,False,True,False,False,16022,3996,Yager Stadium,193,Miami (OH),fbs,Mid-American,48,"[10, 31, 0, 7]",0.9998892588931046,,,2635,Tennessee Tech,fcs,OVC,17,"[3, 0, 0, 14]",0.00011074110689535122,,,0.1492805242,,,,CollegeFootballData.com API,2026-08-31T17:35:08.591776+00:00,/games,1.3
401112146,2019,2,regular,2019-09-07T19:30:00.000Z,False,True,False,False,23108,3892,Pratt & Whitney Stadium,41,UConn,fbs,American Athletic,23,"[10, 3, 7, 3]",0.06095262416680899,1058,1067,356,Illinois,fbs,Big Ten,31,"[0, 24, 7, 0]",0.939047375833191,1376,1367,3.3857458946,https://www.youtube.com/watch?v=wf0sLgZACC4,,,CollegeFootballData.com API,2026-08-31T17:35:08.591776+00:00,/games,1.3
401114247,2019,2,regular,2019-09-07T19:30:00.000Z,False,True,False,False,29182,3792,Kidd Brewer Stadium,2026,App State,fbs,Sun Belt,56,"[14, 14, 14, 14]",0.6361521273222749,1695,1693,2429,Charlotte,fbs,Conference USA,41,"[6, 7, 15, 13]",0.3638478726777251,1294,1296,1.5115056503,,,,CollegeFootballData.com API,2026-08-31T17:35:08.591776+00:00,/games,1.3
401110784,2019,2,regular,2019-09-07T19:30:00.000Z,False,True,False,False,81500,3836,"Memorial Stadium (Clemson, SC)",228,Clemson,fbs,ACC,24,"[0, 17, 7, 0]",0.9942023277063426,2136,2135,245,Texas A&M,fbs,SEC,10,"[0, 3, 0, 7]",0.005797672293657352,1771,1772,2.05319331759999,https://www.youtube.com/watch?v=yfa5ENjiunY,,,CollegeFootballData.com API,2026-08-31T17:35:08.591776+00:00,/games,1.3
401112438,2019,2,regular,2019-09-07T19:30:00.000Z,False,True,False,False,30111,3615,"Alumni Stadium (Chestnut Hill, MA)",103,Boston College,fbs,ACC,45,"[21, 14, 10, 0]",0.9996021253960914,,,257,Richmond,fcs,CAA,13,"[0, 10, 0, 3]",0.00039787460390861007,,,0.1143686059,https://www.youtube.com/watch?v=QmBsetYjjUg,,,CollegeFootballData.com API,2026-08-31T17:35:08.591776+00:00,/games,1.3
401112158,2019,2,regular,2019-09-07T19:30:00.000Z,False,True,False,False,37784,3830,"Memorial Stadium (Bloomington, IN)",84,Indiana,fbs,Big Ten,52,"[21, 14, 7, 10]",0.999995407440743,,,2197,Eastern Illinois,fcs,OVC,0,"[0, 0, 0, 0]",4.592559256999529e-06,,,0.1173675739,https://www.youtube.com/watch?v=1t5qS6kkdAA,,,CollegeFootballData.com API,2026-08-31T17:35:08.591776+00:00,/games,1.3
401112268,2019,2,regular,2019-09-07T19:30:00.000Z,False,True,False,False,74437,347,Camp Randall Stadium,275,Wisconsin,fbs,Big Ten,61,"[16, 28, 10, 7]",0.9999979081718521,1792,1903,2117,Central Michigan,fbs,Mid-American,0,"[0, 0, 0, 0]",2.091828147920971e-06,1237,1126,0.1187746388,https://www.youtube.com/watch?v=Z_AxOY2-BpU,,,CollegeFootballData.com API,2026-08-31T17:35:08.591776+00:00,/games,1.3
401110780,2019,2,regular,2019-09-07T19:30:00.000Z,False,True,False,False,55143,3693,Davis Wade Stadium,344,Mississippi State,fbs,SEC,38,"[7, 14, 7, 10]",0.9982211218220371,1774,1798,2572,Southern Miss,fbs,Conference USA,15,"[0, 0, 7, 8]",0.0017788781779628504,1463,1439,0.662047642,https://www.youtube.com/watch?v=6Hi_PLKaNqQ,,,CollegeFootballData.com API,2026-08-31T17:35:08.591776+00:00,/games,1.3
401114250,2019,2,regular,2019-09-07T19:30:00.000Z,False,True,False,False,23174,3776,Joe Aillet Stadium,2348,Louisiana Tech,fbs,Conference USA,20,"[7, 13, 0, 0]",0.8786448845449534,,,2755,Grambling,fcs,SWAC,14,"[0, 0, 7, 7]",0.12135511545504662,,,0.992422982499999,https://www.youtube.com/watch?v=kTV5JJeib3s,,,CollegeFootballData.com API,2026-08-31T17:35:08.591776+00:00,/games,1.3
401114354,2019,2,regular,2019-09-07T19:30:00.000Z,False,True,False,False,10524,3985,Warren McGuirk Alumni Stadium,113,Massachusetts,fbs,FBS Independents,20,"[6, 7, 0, 7]",0.007271209398413716,,,79,Southern Illinois,fcs,MVFC,45,"[0, 17, 14, 14]",0.9927287906015863,,,4.3866247862,,,,CollegeFootballData.com API,2026-08-31T17:35:08.591776+00:00,/games,1.3
401112239,2019,2,regular,2019-09-07T19:30:00.000Z,False,True,False,False,52829,3726,Folsom Field,38,Colorado,fbs,Pac-12,34,"[0, 0, 7, 24, 3]",0.78305545476007,1492,1493,158,Nebraska,fbs,Big Ten,31,"[7, 10, 0, 14, 0]",0.21694454523993,1478,1477,7.43776658589999,https://www.youtube.com/watch?v=SaKlr1NMnu4,,,CollegeFootballData.com API,2026-08-31T17:35:08.591776+00:00,/games,1.3
401110776,2019,2,regular,2019-09-07T20:00:00.000Z,False,True,False,False,92746,3917,Sanford Stadium,61,Georgia,fbs,SEC,63,"[7, 35, 7, 14]",0.9999853727917917,,,93,Murray State,fcs,OVC,17,"[7, 0, 10, 0]",1.4627208208328746e-05,,,0.0809317691000001,https://www.youtube.com/watch?v=nqj35uz08Rk,,,CollegeFootballData.com API,2026-08-31T17:35:08.591776+00:00,/games,1.3
401112074,2019,2,regular,2019-09-07T20:00:00.000Z,False,True,False,False,40274,4727,McLane Stadium,239,Baylor,fbs,Big 12,63,"[14, 21, 14, 14]",0.9999264900124466,1456,1569,2636,UTSA,fbs,Conference USA,14,"[0, 0, 7, 7]",7.350998755339955e-05,1202,1089,0.392779517899999,https://www.youtube.com/watch?v=dPEiDczPWfY,,,CollegeFootballData.com API,2026-08-31T17:35:08.591776+00:00,/games,1.3
401117498,2019,2,regular,2019-09-07T20:00:00.000Z,False,True,False,False,24453,5388,Canvas Stadium,36,Colorado State,fbs,Mountain West,38,"[14, 14, 7, 3]",0.9999882960711441,,,2710,Western Illinois,fcs,MVFC,13,"[3, 3, 0, 7]",1.1703928855855139e-05,,,1.33850828249999,https://www.youtube.com/watch?v=MBLestEprvE,,,CollegeFootballData.com API,2026-08-31T17:35:08.591776+00:00,/games,1.3
401110773,2019,2,regular,2019-09-07T20:00:00.000Z,False,True,False,False,100710,3657,Bryant-Denny Stadium,333,Alabama,fbs,SEC,62,"[21, 17, 24, 0]",0.9999943241044074,2064,2096,166,New Mexico State,fbs,FBS Independents,10,"[0, 0, 7, 3]",5.675895592638369e-06,1086,1054,0.00914571360000005,https://www.youtube.com/watch?v=zyqV24HUx_o,,,CollegeFootballData.com API,2026-08-31T17:35:08.591776+00:00,/games,1.3
401114214,2019,2,regular,2019-09-07T20:15:00.000Z,False,True,False,False,36951,1056,Rose Bowl,26,UCLA,fbs,Pac-12,14,"[7, 0, 7, 0]",0.01808173218529477,1427,1413,21,San Diego State,fbs,Mountain West,23,"[10, 0, 10, 3]",0.9819182678147053,1479,1493,6.204573616,https://www.youtube.com/watch?v=0tjmD7DV_CY,,,CollegeFootballData.com API,2026-08-31T17:35:08.591776+00:00,/games,1.3
401114229,2019,2,regular,2019-09-07T21:00:00.000Z,False,True,False,False,27585,3820,Gesa Field,265,Washington State,fbs,Pac-12,59,"[14, 10, 21, 14]",0.9996430154102228,,,2458,Northern Colorado,fcs,Big Sky,17,"[7, 3, 0, 7]",0.0003569845897771762,,,0.310528224899998,https://www.youtube.com/watch?v=VCvlpBFAreM,,,CollegeFootballData.com API,2026-08-31T17:35:08.591776+00:00,/games,1.3
401112440,2019,2,regular,2019-09-07T21:00:00.000Z,False,True,False,False,52969,3697,Doak Campbell Stadium,52,Florida State,fbs,ACC,45,"[14, 10, 0, 14, 7]",0.5706900916134383,1451,1449,2433,UL Monroe,fbs,Sun Belt,44,"[0, 7, 14, 17, 6]",0.4293099083865617,1347,1349,5.3168641158,https://www.youtube.com/watch?v=kXM4_Myao9k,,,CollegeFootballData.com API,2026-08-31T17:35:08.591776+00:00,/games,1.3
401117860,2019,2,regular,2019-09-07T22:00:00.000Z,False,True,False,False,34118,3699,Dowdy-Ficklen Stadium,151,East Carolina,fbs,American Athletic,48,"[17, 14, 7, 10]",0.9996517356534668,,,2241,Gardner-Webb,fcs,Big South,9,"[0, 7, 2, 0]",0.00034826434653323357,,,0.207937516799999,https://www.youtube.com/watch?v=wlZzZoVgB_U,,,CollegeFootballData.com API,2026-08-31T17:35:08.591776+00:00,/games,1.3
401121936,2019,2,regular,2019-09-07T22:00:00.000Z,False,True,False,False,17202,3608,Allen E. Paulson Stadium,290,Georgia Southern,fbs,Sun Belt,26,"[0, 10, 6, 10]",0.9906863687292652,,,311,Maine,fcs,CAA,18,"[3, 0, 0, 15]",0.009313631270734812,,,3.5602354622,https://www.youtube.com/watch?v=ECbPES8__LY,,,CollegeFootballData.com API,2026-08-31T17:35:08.591776+00:00,/games,1.3
401112439,2019,2,regular,2019-09-07T22:00:00.000Z,False,True,False,False,38313,3982,Wallace Wade Stadium,150,Duke,fbs,ACC,45,"[7, 21, 10, 7]",0.9996604092124038,,,2448,North Carolina A&T,fcs,MEAC,13,"[3, 7, 3, 0]",0.0003395907875961557,,,1.00214986059999,https://www.youtube.com/watch?v=UTrD4qEo7Jk,,,CollegeFootballData.com API,2026-08-31T17:35:08.591776+00:00,/games,1.3
401117500,2019,2,regular,2019-09-07T23:00:00.000Z,False,True,False,False,20003,3644,Bobcat Stadium (TX),326,Texas State,fbs,Sun Belt,14,"[7, 7, 0, 0]",0.17572193622011534,1185,1193,2751,Wyoming,fbs,Mountain West,23,"[0, 10, 10, 3]",0.8242780637798847,1513,1505,6.04537529539999,https://www.youtube.com/watch?v=rZoMO_VS9Pw,,,CollegeFootballData.com API,2026-08-31T17:35:08.591776+00:00,/games,1.3
401110783,2019,2,regular,2019-09-07T23:00:00.000Z,False,True,False,False,92475,3853,Neyland Stadium,2633,Tennessee,fbs,SEC,26,"[7, 6, 0, 3, 7, 3]",0.4526975340717452,1372,1376,252,BYU,fbs,FBS Independents,29,"[3, 0, 7, 6, 7, 6]",0.5473024659282548,1520,1516,8.3028070919,https://www.youtube.com/watch?v=pYPZgcwmxkw,,,CollegeFootballData.com API,2026-08-31T17:35:08.591776+00:00,/games,1.3
401114249,2019,2,regular,2019-09-07T23:00:00.000Z,False,True,False,False,30811,3715,FAU Stadium,2226,Florida Atlantic,fbs,Conference USA,14,"[0, 6, 0, 8]",0.0036740384260722254,1495,1433,2116,UCF,fbs,American Athletic,48,"[14, 14, 13, 7]",0.9963259615739277,1773,1835,1.5876767563,https://www.youtube.com/watch?v=9Kk8cv_-2sU,,,CollegeFootballData.com API,2026-08-31T17:35:08.591776+00:00,/games,1.3
401114253,2019,2,regular,2019-09-07T23:00:00.000Z,False,True,False,False,22766,3735,Gerald J. Ford Stadium,2567,SMU,fbs,American Athletic,49,"[21, 7, 14, 7]",0.9841178541785331,1425,1485,249,North Texas,fbs,Conference USA,27,"[0, 14, 6, 7]",0.015882145821466853,1485,1425,2.44326225369999,https://www.youtube.com/watch?v=YxmxoEj4ug0,,,CollegeFootballData.com API,2026-08-31T17:35:08.591776+00:00,/games,1.3
401112097,2019,2,regular,2019-09-07T23:00:00.000Z,False,True,False,False,33493,3833,Memorial Stadium,2305,Kansas,fbs,Big 12,7,"[7, 0, 0, 0]",0.07978822213141616,1383,1365,324,Coastal Carolina,fbs,Sun Belt,12,"[0, 6, 6, 0]",0.9202117778685839,1259,1277,5.3557876941,https://www.youtube.com/watch?v=9BU18Kwm2iM,,,CollegeFootballData.com API,2026-08-31T17:35:08.591776+00:00,/games,1.3
401112115,2019,2,regular,2019-09-07T23:00:00.000Z,False,True,False,False,82181,3835,"Memorial Stadium (Norman, OK)",201,Oklahoma,fbs,Big 12,70,"[14, 14, 28, 14]",0.9999914406185144,,,233,South Dakota,fcs,MVFC,14,"[0, 0, 14, 0]",8.559381485584439e-06,,,0.0477983992000006,https://www.youtube.com/watch?v=HvsfX8-w1wY,,,CollegeFootballData.com API,2026-08-31T17:35:08.591776+00:00,/games,1.3
401112123,2019,2,regular,2019-09-07T23:00:00.000Z,False,True,False,False,55509,3646,Boone Pickens Stadium,197,Oklahoma State,fbs,Big 12,56,"[14, 14, 28, 0]",0.9999944393976515,,,2377,McNeese,fcs,Southland,14,"[0, 0, 7, 7]",5.5606023484644496e-06,,,0.0551520321000004,https://www.youtube.com/watch?v=-uV-l5WVyJU,,,CollegeFootballData.com API,2026-08-31T17:35:08.591776+00:00,/games,1.3
401112442,2019,2,regular,2019-09-07T23:00:00.000Z,False,True,False,False,48808,3873,L&N Federal Credit Union Stadium,97,Louisville,fbs,ACC,42,"[14, 0, 14, 14]",0.9999913351637312,,,2198,Eastern Kentucky,fcs,OVC,0,"[0, 0, 0, 0]",8.664836268823528e-06,,,0.797267081399999,https://www.youtube.com/watch?v=bhYO7P2wE0M,,,CollegeFootballData.com API,2026-08-31T17:35:08.591776+00:00,/games,1.3
401114252,2019,2,regular,2019-09-07T23:00:00.000Z,False,True,False,False,20912,3725,"Johnny ""Red"" Floyd Stadium",2393,Middle Tennessee,fbs,Conference USA,45,"[0, 10, 14, 21]",0.9998964216901816,,,2634,Tennessee State,fcs,OVC,26,"[6, 0, 13, 7]",0.00010357830981844174,,,2.5950697053,,,,CollegeFootballData.com API,2026-08-31T17:35:08.591776+00:00,/games,1.3
401121937,2019,2,regular,2019-09-07T23:00:00.000Z,False,True,False,False,20351,4246,Center Parc Stadium,2247,Georgia State,fbs,Sun Belt,48,"[3, 14, 21, 10]",0.8168834737963838,,,231,Furman,fcs,Southern,42,"[13, 7, 8, 14]",0.18311652620361618,,,5.22719968179999,,,,CollegeFootballData.com API,2026-08-31T17:35:08.591776+00:00,/games,1.3
401121938,2019,2,regular,2019-09-07T23:00:00.000Z,False,True,False,False,14511,3797,Ladd Peebles Stadium,6,South Alabama,fbs,Sun Belt,37,"[13, 6, 8, 10]",0.9993085976703796,,,2296,Jackson State,fcs,SWAC,14,"[7, 0, 0, 7]",0.0006914023296203942,,,1.02299444609999,,,,CollegeFootballData.com API,2026-08-31T17:35:08.591776+00:00,/games,1.3
401114248,2019,2,regular,2019-09-07T23:00:00.000Z,False,True,False,True,13311,218,FIU Stadium,2229,Florida International,fbs,Conference USA,14,"[7, 0, 7, 0]",0.14000251392631533,1395,1382,98,Western Kentucky,fbs,Conference USA,20,"[7, 7, 3, 3]",0.8599974860736846,1365,1378,6.1054934858,https://www.youtube.com/watch?v=TO4_tmYNLUw,,,CollegeFootballData.com API,2026-08-31T17:35:08.591776+00:00,/games,1.3
401112213,2019,2,regular,2019-09-07T23:30:00.000Z,False,True,False,False,73113,3936,Spartan Stadium,127,Michigan State,fbs,Big Ten,51,"[21, 10, 6, 14]",0.9999671868771717,1641,1695,2711,Western Michigan,fbs,Mid-American,17,"[0, 7, 0, 10]",3.281312282832349e-05,1319,1265,0.9360172957,https://www.youtube.com/watch?v=54_R9WhAxSM,,,CollegeFootballData.com API,2026-08-31T17:35:08.591776+00:00,/games,1.3
401114193,2019,2,regular,2019-09-07T23:30:00.000Z,False,True,False,False,50920,3626,Autzen Stadium,2483,Oregon,fbs,Pac-12,77,"[7, 28, 28, 14]",0.9999939064724627,1593,1809,2440,Nevada,fbs,Mountain West,6,"[3, 3, 0, 0]",6.093527537331944e-06,1464,1248,0.8598942706,https://www.youtube.com/watch?v=JeVxvO0mT3A,,,CollegeFootballData.com API,2026-08-31T17:35:08.591776+00:00,/games,1.3
401110779,2019,2,regular,2019-09-07T23:30:00.000Z,False,True,False,True,47915,3974,Vaught-Hemingway Stadium,145,Ole Miss,fbs,SEC,31,"[7, 3, 7, 14]",0.9561024009327658,1478,1496,8,Arkansas,fbs,SEC,17,"[0, 3, 0, 14]",0.04389759906723423,1357,1339,4.10308465459999,https://www.youtube.com/watch?v=CUZG7ajXTUA,,,CollegeFootballData.com API,2026-08-31T17:35:08.591776+00:00,/games,1.3
401117499,2019,2,regular,2019-09-07T23:30:00.000Z,False,True,False,False,22247,3905,Maverik Stadium,328,Utah State,fbs,Mountain West,62,"[17, 17, 14, 14]",0.9998920593747167,,,2619,Stony Brook,fcs,CAA,7,"[0, 0, 7, 0]",0.00010794062528329817,,,0.2156624687,https://www.youtube.com/watch?v=9d4ZYkQiXHI,,,CollegeFootballData.com API,2026-08-31T17:35:08.591776+00:00,/games,1.3
401110778,2019,2,regular,2019-09-07T23:30:00.000Z,False,True,False,False,98763,3910,DKR-Texas Memorial Stadium,251,Texas,fbs,Big 12,38,"[0, 7, 14, 17]",0.061874782766998676,1734,1730,99,LSU,fbs,SEC,45,"[3, 17, 3, 22]",0.9381252172330014,1857,1861,5.09854529909999,https://www.youtube.com/watch?v=qGJwLdhYo3g,,,CollegeFootballData.com API,2026-08-31T17:35:08.591776+00:00,/games,1.3
401110777,2019,2,regular,2019-09-07T23:30:00.000Z,False,True,False,False,55240,3683,Kroger Field,96,Kentucky,fbs,SEC,38,"[14, 3, 7, 14]",0.9872022848250183,1636,1668,2199,Eastern Michigan,fbs,Mid-American,17,"[0, 3, 7, 7]",0.012797715174981739,1463,1431,1.4156455464,https://www.youtube.com/watch?v=Yizp73iLs5s,,,CollegeFootballData.com API,2026-08-31T17:35:08.591776+00:00,/games,1.3
401114347,2019,2,regular,2019-09-07T23:30:00.000Z,False,True,False,False,16231,3666,Cajun Field,309,Louisiana,fbs,Sun Belt,35,"[7, 14, 14, 0]",0.9979256356532554,1378,1418,2335,Liberty,fbs,FBS Independents,14,"[7, 7, 0, 0]",0.0020743643467445727,1283,1243,3.0999027269,,,,CollegeFootballData.com API,2026-08-31T17:35:08.591776+00:00,/games,1.3
401110774,2019,2,regular,2019-09-07T23:30:00.000Z,False,True,False,False,85317,3785,Jordan-Hare Stadium,2,Auburn,fbs,SEC,24,"[0, 14, 7, 3]",0.9994077983606551,1805,1819,2655,Tulane,fbs,American Athletic,6,"[3, 3, 0, 0]",0.0005922016393449248,1527,1513,2.6678401574,https://www.youtube.com/watch?v=XKhCUdafXGs,,,CollegeFootballData.com API,2026-08-31T17:35:08.591776+00:00,/games,1.3
401110775,2019,2,regular,2019-09-07T23:30:00.000Z,False,True,False,False,80007,3634,Ben Hill Griffin Stadium,57,Florida,fbs,SEC,45,"[3, 14, 14, 14]",0.9999950824019845,,,2630,UT Martin,fcs,OVC,0,"[0, 0, 0, 0]",4.917598015463653e-06,,,0.0717826097,https://www.youtube.com/watch?v=VY37ub_0jRs,,,CollegeFootballData.com API,2026-08-31T17:35:08.591776+00:00,/games,1.3
401112258,2019,2,regular,2019-09-07T23:30:00.000Z,False,True,False,False,104136,3632,Beaver Stadium,213,Penn State,fbs,Big Ten,45,"[7, 0, 28, 10]",0.9997083876090287,1777,1828,2084,Buffalo,fbs,Mid-American,13,"[0, 10, 3, 0]",0.00029161239097130753,1477,1426,1.09562545519999,https://www.youtube.com/watch?v=5n0mfRnCB_c,,,CollegeFootballData.com API,2026-08-31T17:35:08.591776+00:00,/games,1.3
401117861,2019,2,regular,2019-09-08T00:00:00.000Z,False,True,False,False,29360,4728,TDECU Stadium,248,Houston,fbs,American Athletic,37,"[24, 10, 3, 0]",0.9935302956841221,,,2504,Prairie View A&M,fcs,SWAC,17,"[3, 7, 0, 7]",0.0064697043158779,,,0.169816655099999,,,,CollegeFootballData.com API,2026-08-31T17:35:08.591776+00:00,/games,1.3
401112443,2019,2,regular,2019-09-08T00:00:00.000Z,False,True,False,True,50500,3787,Kenan Stadium,153,North Carolina,fbs,ACC,28,"[17, 0, 3, 8]",0.2726687650778749,1424,1427,2390,Miami,fbs,ACC,25,"[3, 10, 6, 6]",0.727331234922125,1606,1603,8.08945067269999,https://www.youtube.com/watch?v=2ZB89C2lK84,,,CollegeFootballData.com API,2026-08-31T17:35:08.591776+00:00,/games,1.3
401112140,2019,2,regular,2019-09-08T00:00:00.000Z,False,True,False,False,56957,3784,Jones AT&T Stadium,2641,Texas Tech,fbs,Big 12,38,"[7, 14, 10, 7]",0.9999603789133682,1563,1610,2638,UTEP,fbs,Conference USA,3,"[0, 0, 0, 3]",3.962108663180253e-05,1148,1101,0.239048441799999,https://www.youtube.com/watch?v=XWMYhmLi4CA,,,CollegeFootballData.com API,2026-08-31T17:35:08.591776+00:00,/games,1.3
401117501,2019,2,regular,2019-09-08T01:00:00.000Z,False,True,False,False,12471,3935,CEFCU Stadium,23,San José State,fbs,Mountain West,16,"[3, 7, 0, 6]",0.004144161652352092,1203,1175,202,Tulsa,fbs,American Athletic,34,"[7, 10, 3, 14]",0.9958558383476479,1353,1381,3.75826211779999,https://www.youtube.com/watch?v=NwaJymR3q8g,,,CollegeFootballData.com API,2026-08-31T17:35:08.591776+00:00,/games,1.3
401117502,2019,2,regular,2019-09-08T02:00:00.000Z,False,True,False,False,18742,3914,Sam Boyd Stadium,2439,UNLV,fbs,Mountain West,17,"[0, 3, 7, 7]",0.0044354388940624585,1276,1233,2032,Arkansas State,fbs,Sun Belt,43,"[10, 13, 10, 10]",0.9955645611059375,1502,1545,3.0679765993,https://www.youtube.com/watch?v=T89z_qFArE4,,,CollegeFootballData.com API,2026-08-31T17:35:08.591776+00:00,/games,1.3
401114175,2019,2,regular,2019-09-08T02:30:00.000Z,False,True,False,True,66327,3765,Husky Stadium,264,Washington,fbs,Pac-12,19,"[0, 10, 3, 6]",0.1156987482074946,1739,1727,25,California,fbs,Pac-12,20,"[0, 3, 14, 3]",0.8843012517925054,1521,1533,7.19849532879999,https://www.youtube.com/watch?v=jW3sy18zwwo,,,CollegeFootballData.com API,2026-08-31T17:35:08.591776+00:00,/games,1.3
401112230,2019,2,regular,2019-09-08T02:30:00.000Z,False,True,False,False,34790,3660,Valley Children's Stadium,278,Fresno State,fbs,Mountain West,35,"[0, 10, 11, 7, 7, 0]",0.40125001042813513,1675,1666,135,Minnesota,fbs,Big Ten,38,"[7, 7, 0, 14, 7, 3]",0.5987499895718649,1595,1604,7.4791337247,https://www.youtube.com/watch?v=hH3Obk_2zOM,,,CollegeFootballData.com API,2026-08-31T17:35:08.591776+00:00,/games,1.3
401114207,2019,2,regular,2019-09-08T02:30:00.000Z,False,True,False,True,62109,477,Los Angeles Memorial Coliseum,30,USC,fbs,Pac-12,45,"[3, 21, 7, 14]",0.9997364267997573,1591,1661,24,Stanford,fbs,Pac-12,20,"[7, 13, 0, 0]",0.00026357320024272823,1653,1583,4.855101037,https://www.youtube.com/watch?v=QgwdXdnOK1U,,,CollegeFootballData.com API,2026-08-31T17:35:08.591776+00:00,/games,1.3
401114165,2019,2,regular,2019-09-08T02:45:00.000Z,False,True,False,False,40741,3619,Arizona Stadium,12,Arizona,fbs,Pac-12,65,"[21, 30, 7, 7]",0.9994974522128515,,,2464,Northern Arizona,fcs,Big Sky,41,"[7, 6, 14, 14]",0.0005025477871485329,,,0.237133305300001,https://www.youtube.com/watch?v=SRhqwpIjpBg,,,CollegeFootballData.com API,2026-08-31T17:35:08.591776+00:00,/games,1.3
401114200,2019,2,regular,2019-09-08T03:59:00.000Z,False,True,False,False,26807,3610,Aloha Stadium,62,Hawai'i,fbs,Mountain West,31,"[7, 14, 7, 3]",0.6316984746813501,1302,1302,204,Oregon State,fbs,Pac-12,28,"[14, 14, 0, 0]",0.3683015253186499,1210,1210,8.8319508733,https://www.youtube.com/watch?v=qUHQ5U2ldnc,,,CollegeFootballData.com API,2026-08-31T17:35:08.591776+00:00,/games,1.3
401112448,2019,3,regular,2019-09-13T22:00:00.000Z,False,True,False,False,31345,3630,Allegacy Federal Credit Union Stadium,154,Wake Forest,fbs,ACC,24,"[7, 14, 0, 3]",0.9508919483961902,1593,1592,153,North Carolina,fbs,ACC,18,"[0, 0, 3, 15]",0.04910805160380982,1427,1428,4.08653063489999,https://www.youtube.com/watch?v=EGiq_EWnDpQ,,,CollegeFootballData.com API,2026-08-31T17:35:08.591776+00:00,/games,1.3
401112098,2019,3,regular,2019-09-13T23:30:00.000Z,False,True,False,False,32848,3615,"Alumni Stadium (Chestnut Hill, MA)",103,Boston College,fbs,ACC,24,"[17, 7, 0, 0]",0.006032532180103082,1597,1503,2305,Kansas,fbs,Big 12,48,"[7, 21, 13, 7]",0.9939674678198969,1365,1459,3.3195390474,https://www.youtube.com/watch?v=2OJRYWWoQZw,,,CollegeFootballData.com API,2026-08-31T17:35:08.591776+00:00,/games,1.3
401114230,2019,3,regular,2019-09-14T01:15:00.000Z,False,True,True,False,40523,3891,NRG Stadium,248,Houston,fbs,American Athletic,24,"[0, 14, 0, 10]",0.01471536381341432,1455,1468,265,Washington State,fbs,Pac-12,31,"[0, 7, 14, 10]",0.9852846361865857,1772,1759,4.6954867241,https://www.youtube.com/watch?v=3YNUVb3tRhc,,,CollegeFootballData.com API,2026-08-31T17:35:08.591776+00:00,/games,1.3
401110795,2019,3,regular,2019-09-14T16:00:00.000Z,False,True,False,False,86208,3853,Neyland Stadium,2633,Tennessee,fbs,SEC,45,"[21, 17, 7, 0]",0.999995097877486,,,236,Chattanooga,fcs,Southern,0,"[0, 0, 0, 0]",4.9021225140277735e-06,,,0.0814827027000008,https://www.youtube.com/watch?v=lYyUWElL5AU,,,CollegeFootballData.com API,2026-08-31T17:35:08.591776+00:00,/games,1.3
401112203,2019,3,regular,2019-09-14T16:00:00.000Z,False,True,False,False,30610,3806,Lincoln Financial Field,218,Temple,fbs,American Athletic,20,"[7, 0, 6, 7]",0.9509690929529903,1558,1560,120,Maryland,fbs,Big Ten,17,"[2, 0, 13, 2]",0.04903090704700974,1626,1624,10.0077735779,https://www.youtube.com/watch?v=Dv0KXHXxIjE,,,CollegeFootballData.com API,2026-08-31T17:35:08.591776+00:00,/games,1.3
401110792,2019,3,regular,2019-09-14T16:00:00.000Z,False,True,False,False,54522,3693,Davis Wade Stadium,344,Mississippi State,fbs,SEC,24,"[0, 14, 7, 3]",0.5240458420042516,1798,1774,2306,Kansas State,fbs,Big 12,31,"[3, 14, 0, 14]",0.47595415799574836,1670,1694,7.9125235237,https://www.youtube.com/watch?v=_ZxzrzYMAGc,,,CollegeFootballData.com API,2026-08-31T17:35:08.591776+00:00,/games,1.3
401112259,2019,3,regular,2019-09-14T16:00:00.000Z,False,True,False,False,108661,3632,Beaver Stadium,213,Penn State,fbs,Big Ten,17,"[7, 3, 7, 0]",0.8792334427238858,1828,1823,221,Pittsburgh,fbs,ACC,10,"[0, 10, 0, 0]",0.12076655727611418,1561,1566,4.2012155878,https://www.youtube.com/watch?v=6PhzhKJHI-Y,,,CollegeFootballData.com API,2026-08-31T17:35:08.591776+00:00,/games,1.3
401110788,2019,3,regular,2019-09-14T16:00:00.000Z,False,True,False,False,92746,3917,Sanford Stadium,61,Georgia,fbs,SEC,55,"[13, 21, 14, 7]",0.9999964687822958,1866,1990,2032,Arkansas State,fbs,Sun Belt,0,"[0, 0, 0, 0]",3.5312177042445825e-06,1545,1421,0.174807975499999,https://www.youtube.com/watch?v=5G9VcqCRmLI,,,CollegeFootballData.com API,2026-08-31T17:35:08.591776+00:00,/games,1.3
401112144,2019,3,regular,2019-09-14T16:00:00.000Z,False,True,False,False,57052,3842,Milan Puskar Stadium,277,West Virginia,fbs,Big 12,44,"[14, 7, 10, 13]",0.9977530433597113,1609,1649,152,NC State,fbs,ACC,27,"[7, 14, 6, 0]",0.002246956640288733,1641,1601,5.74519081819999,https://www.youtube.com/watch?v=Ze7gX-dGfPQ,,,CollegeFootballData.com API,2026-08-31T17:35:08.591776+00:00,/games,1.3
401117863,2019,3,regular,2019-09-14T16:00:00.000Z,False,True,False,False,35526,3854,Nippert Stadium,2132,Cincinnati,fbs,American Athletic,35,"[0, 14, 21, 0]",0.9873433485111396,1539,1581,193,Miami (OH),fbs,Mid-American,13,"[10, 0, 3, 0]",0.012656651488860415,1434,1392,3.1280793041,https://www.youtube.com/watch?v=F6kYgfrIf0w,,,CollegeFootballData.com API,2026-08-31T17:35:08.591776+00:00,/games,1.3
401112159,2019,3,regular,2019-09-14T16:00:00.000Z,False,True,False,True,47945,3830,"Memorial Stadium (Bloomington, IN)",84,Indiana,fbs,Big Ten,10,"[3, 7, 0, 0]",0.004054214321955129,1500,1439,194,Ohio State,fbs,Big Ten,51,"[7, 23, 21, 0]",0.9959457856780449,1962,2023,1.5659096358,https://www.youtube.com/watch?v=qa0IIRIKkVc,,,CollegeFootballData.com API,2026-08-31T17:35:08.591776+00:00,/games,1.3
401112455,2019,3,regular,2019-09-14T16:00:00.000Z,False,True,False,False,52314,3799,Lane Stadium,259,Virginia Tech,fbs,ACC,24,"[3, 0, 14, 7]",0.9903717989497893,,,231,Furman,fcs,Southern,17,"[0, 14, 0, 3]",0.009628201050210672,,,4.8835810342,https://www.youtube.com/watch?v=a3pO_fIHhHc,,,CollegeFootballData.com API,2026-08-31T17:35:08.591776+00:00,/games,1.3
401112147,2019,3,regular,2019-09-14T16:00:00.000Z,False,True,False,False,34759,3832,"Memorial Stadium (Champaign, IL)",356,Illinois,fbs,Big Ten,31,"[17, 0, 0, 14]",0.9246310082337612,1367,1366,2199,Eastern Michigan,fbs,Mid-American,34,"[14, 9, 0, 11]",0.07536899176623879,1431,1432,8.536978625,https://www.youtube.com/watch?v=XTQHQci3qVI,,,CollegeFootballData.com API,2026-08-31T17:35:08.591776+00:00,/games,1.3
401112452,2019,3,regular,2019-09-14T16:30:00.000Z,False,True,False,False,42871,721,Bobby Dodd Stadium,59,Georgia Tech,fbs,ACC,24,"[0, 6, 8, 10, 0]",0.428163391295857,,,2643,The Citadel,fcs,Southern,27,"[7, 7, 7, 3, 3]",0.571836608704143,,,6.53780195879999,https://www.youtube.com/watch?v=U3IJV_h6EFU,,,CollegeFootballData.com API,2026-08-31T17:35:08.591776+00:00,/games,1.3
401114185,2019,3,regular,2019-09-14T17:00:00.000Z,False,True,False,False,49282,3726,Folsom Field,38,Colorado,fbs,Pac-12,23,"[10, 0, 0, 13, 0]",0.049642340818583736,1493,1480,2005,Air Force,fbs,Mountain West,30,"[6, 14, 0, 3, 7]",0.9503576591814162,1499,1512,5.69067508069999,https://www.youtube.com/watch?v=5hkmh0tHNUI,,,CollegeFootballData.com API,2026-08-31T17:35:08.591776+00:00,/games,1.3
401121939,2019,3,regular,2019-09-14T18:00:00.000Z,False,True,False,False,13659,3654,Brooks Stadium (SC),324,Coastal Carolina,fbs,Sun Belt,46,"[12, 7, 14, 13]",0.9998830821967362,,,2450,Norfolk State,fcs,MEAC,7,"[0, 7, 0, 0]",0.0001169178032638385,,,0.700409944,,,,CollegeFootballData.com API,2026-08-31T17:35:08.591776+00:00,/games,1.3
401114257,2019,3,regular,2019-09-14T18:00:00.000Z,False,True,False,False,14333,3919,Scheumann Stadium,2050,Ball State,fbs,Mid-American,31,"[14, 3, 7, 7]",0.2421576299674676,1204,1202,2226,Florida Atlantic,fbs,Conference USA,41,"[7, 14, 13, 7]",0.7578423700325324,1433,1435,5.7837926497,,,,CollegeFootballData.com API,2026-08-31T17:35:08.591776+00:00,/games,1.3
401114336,2019,3,regular,2019-09-14T18:30:00.000Z,False,True,False,False,77622,3855,Notre Dame Stadium,87,Notre Dame,fbs,FBS Independents,66,"[7, 31, 14, 14]",0.9999537682798741,1766,1857,167,New Mexico,fbs,Mountain West,14,"[0, 7, 0, 7]",4.6231720125855524e-05,1282,1191,0.0887694626999999,https://www.youtube.com/watch?v=7xXMKdV2dJA,,,CollegeFootballData.com API,2026-08-31T17:35:08.591776+00:00,/games,1.3
401119263,2019,3,regular,2019-09-14T19:00:00.000Z,False,True,False,True,18641,3786,Kelly/Shorts Stadium,2117,Central Michigan,fbs,Mid-American,45,"[3, 24, 3, 15]",0.9976981278988786,1126,1179,2006,Akron,fbs,Mid-American,24,"[0, 10, 0, 14]",0.002301872101121427,1157,1104,2.39879783669999,,,,CollegeFootballData.com API,2026-08-31T17:35:08.591776+00:00,/games,1.3
401114261,2019,3,regular,2019-09-14T19:30:00.000Z,False,True,False,False,30718,3604,Alamodome,2636,UTSA,fbs,Conference USA,13,"[0, 0, 7, 6]",0.007911665266898488,1089,1105,349,Army,fbs,FBS Independents,31,"[10, 0, 7, 14]",0.9920883347331015,1726,1710,2.1632760678,https://www.youtube.com/watch?v=W6T818d06BM,,,CollegeFootballData.com API,2026-08-31T17:35:08.591776+00:00,/games,1.3
401114208,2019,3,regular,2019-09-14T19:30:00.000Z,False,True,False,False,45008,3652,FBC Mortgage Stadium,2116,UCF,fbs,American Athletic,45,"[28, 10, 0, 7]",0.9982673339592077,1835,1852,24,Stanford,fbs,Pac-12,27,"[7, 0, 3, 17]",0.0017326660407922523,1583,1566,0.961317549099999,https://www.youtube.com/watch?v=fnR3D-wHrmc,,,CollegeFootballData.com API,2026-08-31T17:35:08.591776+00:00,/games,1.3
401110794,2019,3,regular,2019-09-14T19:30:00.000Z,False,True,False,True,81954,3994,Williams-Brice Stadium,2579,South Carolina,fbs,SEC,23,"[10, 0, 3, 10]",0.0691513855235258,1517,1515,333,Alabama,fbs,SEC,47,"[14, 10, 10, 13]",0.9308486144764742,2096,2098,0.8939354197,https://www.youtube.com/watch?v=EbrCpFvyIno,,,CollegeFootballData.com API,2026-08-31T17:35:08.591776+00:00,/games,1.3
401117865,2019,3,regular,2019-09-14T19:30:00.000Z,False,True,False,False,12373,3797,Ladd Peebles Stadium,6,South Alabama,fbs,Sun Belt,6,"[0, 0, 0, 6]",0.0036977853573316862,1165,1118,235,Memphis,fbs,American Athletic,42,"[7, 16, 7, 12]",0.9963022146426683,1621,1668,1.05755416049999,https://www.youtube.com/watch?v=trFIeUuCJgM,,,CollegeFootballData.com API,2026-08-31T17:35:08.591776+00:00,/games,1.3
401117864,2019,3,regular,2019-09-14T19:30:00.000Z,False,True,False,True,30707,3852,Navy-Marine Corps Memorial Stadium,2426,Navy,fbs,American Athletic,42,"[14, 14, 14, 0]",0.9996011029895094,1406,1466,151,East Carolina,fbs,American Athletic,10,"[0, 3, 0, 7]",0.00039889701049056203,1188,1128,1.2397107039,https://www.youtube.com/watch?v=oKOSzk4swCM,,,CollegeFootballData.com API,2026-08-31T17:35:08.591776+00:00,/games,1.3
401114219,2019,3,regular,2019-09-14T19:30:00.000Z,False,True,False,False,62546,3801,LaVell Edwards Stadium,252,BYU,fbs,FBS Independents,30,"[10, 7, 0, 10, 3]",0.48233644028652967,1516,1519,30,USC,fbs,Pac-12,27,"[7, 10, 0, 10, 0]",0.5176635597134703,1661,1658,7.5005645751,https://www.youtube.com/watch?v=xBLOHzWuu7M,,,CollegeFootballData.com API,2026-08-31T17:35:08.591776+00:00,/games,1.3
401112231,2019,3,regular,2019-09-14T19:30:00.000Z,False,True,False,False,41021,3953,Huntington Bank Stadium,135,Minnesota,fbs,Big Ten,35,"[14, 7, 0, 14]",0.8519870934021911,1604,1602,290,Georgia Southern,fbs,Sun Belt,32,"[10, 10, 0, 12]",0.14801290659780886,1361,1363,6.3291243076,https://www.youtube.com/watch?v=3XWdJm7BUT0,,,CollegeFootballData.com API,2026-08-31T17:35:08.591776+00:00,/games,1.3
401112124,2019,3,regular,2019-09-14T19:30:00.000Z,False,True,False,False,28612,3674,Chapman Stadium,202,Tulsa,fbs,American Athletic,21,"[7, 14, 0, 0]",0.008514646522080898,1381,1360,197,Oklahoma State,fbs,Big 12,40,"[17, 3, 13, 7]",0.9914853534779191,1634,1655,3.8270928409,https://www.youtube.com/watch?v=wDmotRvqo-8,,,CollegeFootballData.com API,2026-08-31T17:35:08.591776+00:00,/games,1.3
401112246,2019,3,regular,2019-09-14T19:30:00.000Z,False,True,False,False,37714,3911,Ryan Field,77,Northwestern,fbs,Big Ten,30,"[10, 6, 7, 7]",0.9700888831172717,1597,1600,2439,UNLV,fbs,Mountain West,14,"[7, 7, 0, 0]",0.029911116882728295,1233,1230,3.6880986952,https://www.youtube.com/watch?v=Zjuo0C4QZ2g,,,CollegeFootballData.com API,2026-08-31T17:35:08.591776+00:00,/games,1.3
401112453,2019,3,regular,2019-09-14T20:00:00.000Z,False,True,True,False,22665,3810,Nissan Stadium,98,Western Kentucky,fbs,Conference USA,21,"[0, 7, 7, 7]",0.014058165366447375,1378,1329,97,Louisville,fbs,ACC,38,"[7, 24, 7, 0]",0.9859418346335527,1232,1281,2.3865434013,https://www.youtube.com/watch?v=R_xd8vq-dmo,,,CollegeFootballData.com API,2026-08-31T17:35:08.591776+00:00,/games,1.3
401110791,2019,3,regular,2019-09-14T20:00:00.000Z,False,True,False,False,45238,3974,Vaught-Hemingway Stadium,145,Ole Miss,fbs,SEC,40,"[13, 14, 7, 6]",0.9766421306390494,,,2545,SE Louisiana,fcs,Southland,29,"[3, 14, 12, 0]",0.023357869360950634,,,1.3243049941,https://www.youtube.com/watch?v=IsmAekT1_gE,,,CollegeFootballData.com API,2026-08-31T17:35:08.591776+00:00,/games,1.3
401112454,2019,3,regular,2019-09-14T20:00:00.000Z,False,True,False,False,52036,3948,Hard Rock Stadium,2390,Miami,fbs,ACC,63,"[7, 21, 14, 21]",0.9999935727248969,,,2065,Bethune-Cookman,fcs,MEAC,0,"[0, 0, 0, 0]",6.427275103138008e-06,,,0.0959447657000002,https://www.youtube.com/watch?v=NqwCHlJ7Hiw,,,CollegeFootballData.com API,2026-08-31T17:35:08.591776+00:00,/games,1.3
401112214,2019,3,regular,2019-09-14T20:00:00.000Z,False,True,False,False,73531,3936,Spartan Stadium,127,Michigan State,fbs,Big Ten,7,"[0, 0, 0, 7]",0.7260012139731031,1695,1685,9,Arizona State,fbs,Pac-12,10,"[0, 3, 0, 7]",0.27399878602689687,1610,1620,7.2995017468,https://www.youtube.com/watch?v=HaHzdSzs0z8,,,CollegeFootballData.com API,2026-08-31T17:35:08.591776+00:00,/games,1.3
401110786,2019,3,regular,2019-09-14T20:00:00.000Z,False,True,False,False,55583,3887,Razorback Stadium,8,Arkansas,fbs,SEC,55,"[24, 3, 7, 21]",0.9777701616926228,1339,1381,36,Colorado State,fbs,Mountain West,34,"[14, 10, 10, 0]",0.022229838307377237,1264,1222,5.5517123177,https://www.youtube.com/watch?v=c6C12KCtOQU,,,CollegeFootballData.com API,2026-08-31T17:35:08.591776+00:00,/games,1.3
401112086,2019,3,regular,2019-09-14T20:00:00.000Z,False,True,False,False,61500,3772,Jack Trice Stadium,66,Iowa State,fbs,Big 12,17,"[7, 0, 7, 3]",0.8414265397958927,1636,1644,2294,Iowa,fbs,Big Ten,18,"[3, 3, 3, 9]",0.15857346020410734,1842,1834,7.91811564559999,https://www.youtube.com/watch?v=2_foVaC7224,,,CollegeFootballData.com API,2026-08-31T17:35:08.591776+00:00,/games,1.3
401114225,2019,3,regular,2019-09-14T20:15:00.000Z,False,True,False,False,45989,587,Rice-Eccles Stadium,254,Utah,fbs,Pac-12,31,"[17, 7, 7, 0]",0.9999938246203322,,,304,Idaho State,fcs,Big Sky,0,"[0, 0, 0, 0]",6.175379667849867e-06,,,0.0990799687999995,https://www.youtube.com/watch?v=-aoYHYN0Dy8,,,CollegeFootballData.com API,2026-08-31T17:35:08.591776+00:00,/games,1.3
401114201,2019,3,regular,2019-09-14T20:15:00.000Z,False,True,False,False,33585,3893,Reser Stadium,204,Oregon State,fbs,Pac-12,45,"[21, 17, 7, 0]",0.9999386896883233,,,13,Cal Poly,fcs,Big Sky,7,"[7, 0, 0, 0]",6.131031167666556e-05,,,0.6985237281,,,,CollegeFootballData.com API,2026-08-31T17:35:08.591776+00:00,/games,1.3
401114176,2019,3,regular,2019-09-14T20:15:00.000Z,False,True,False,False,35268,3831,California Memorial Stadium,25,California,fbs,Pac-12,23,"[20, 0, 3, 0]",0.9379246986542122,1533,1535,249,North Texas,fbs,Conference USA,17,"[0, 3, 7, 7]",0.06207530134578776,1425,1423,1.7461899291,https://www.youtube.com/watch?v=BQ9A9VLHb0w,,,CollegeFootballData.com API,2026-08-31T17:35:08.591776+00:00,/games,1.3
401117504,2019,3,regular,2019-09-14T21:00:00.000Z,False,True,False,False,28814,3984,War Memorial Stadium,2751,Wyoming,fbs,Mountain West,21,"[0, 14, 0, 7]",0.6932233406731169,,,70,Idaho,fcs,Big Sky,16,"[3, 7, 3, 3]",0.30677665932688314,,,7.9664494245,https://www.youtube.com/watch?v=zeEsqpP5Xp0,,,CollegeFootballData.com API,2026-08-31T17:35:08.591776+00:00,/games,1.3
401114258,2019,3,regular,2019-09-14T21:00:00.000Z,False,True,False,False,18021,3700,Doyt L. Perry Stadium,189,Bowling Green,fbs,Mid-American,7,"[7, 0, 0, 0]",0.0039030942570691847,1095,1051,2348,Louisiana Tech,fbs,Conference USA,35,"[14, 7, 0, 14]",0.9960969057429309,1370,1414,2.33705617899999,,,,CollegeFootballData.com API,2026-08-31T17:35:08.591776+00:00,/games,1.3
401114255,2019,3,regular,2019-09-14T22:00:00.000Z,False,True,False,False,12812,4418,Jerry Richardson Stadium,2429,Charlotte,fbs,Conference USA,52,"[21, 10, 14, 7]",0.9999728290431127,1296,1380,113,Massachusetts,fbs,FBS Independents,17,"[0, 10, 0, 7]",2.7170956887312414e-05,1192,1108,0.35997557,https://www.youtube.com/watch?v=-ZoCbkTJaIc,,,CollegeFootballData.com API,2026-08-31T17:35:08.591776+00:00,/games,1.3
401114348,2019,3,regular,2019-09-14T22:00:00.000Z,False,True,False,False,14584,3992,Williams Stadium (VA),2335,Liberty,fbs,FBS Independents,35,"[7, 21, 7, 0]",0.9987259455572901,1243,1303,2084,Buffalo,fbs,Mid-American,17,"[0, 7, 3, 7]",0.0012740544427098932,1426,1366,2.7915043663,,,,CollegeFootballData.com API,2026-08-31T17:35:08.591776+00:00,/games,1.3
401117866,2019,3,regular,2019-09-14T22:00:00.000Z,False,True,False,False,31368,3886,Raymond James Stadium,58,South Florida,fbs,American Athletic,55,"[7, 17, 17, 14]",0.9982116578762386,,,2569,South Carolina State,fcs,MEAC,16,"[3, 0, 6, 7]",0.0017883421237614439,,,0.9277956045,https://www.youtube.com/watch?v=sAGl5Bz1bfQ,,,CollegeFootballData.com API,2026-08-31T17:35:08.591776+00:00,/games,1.3
401114260,2019,3,regular,2019-09-14T22:00:00.000Z,False,True,False,False,27108,3975,Veterans Memorial Stadium (AL),2653,Troy,fbs,Sun Belt,42,"[7, 7, 7, 21]",0.27666421958234005,1540,1524,2572,Southern Miss,fbs,Conference USA,47,"[14, 3, 9, 21]",0.7233357804176599,1439,1455,6.1307440776,https://www.youtube.com/watch?v=xCCtsospw4o,,,CollegeFootballData.com API,2026-08-31T17:35:08.591776+00:00,/games,1.3
401114259,2019,3,regular,2019-09-14T22:30:00.000Z,False,True,False,False,27323,3775,Joan C. Edwards Stadium,276,Marshall,fbs,Conference USA,33,"[10, 17, 0, 6]",0.49711283159604097,1511,1514,195,Ohio,fbs,Mid-American,31,"[3, 14, 7, 7]",0.5028871684039591,1687,1684,6.05052357939999,https://www.youtube.com/watch?v=97_-9gLTNiU,,,CollegeFootballData.com API,2026-08-31T17:35:08.591776+00:00,/games,1.3
401114256,2019,3,regular,2019-09-14T23:00:00.000Z,False,True,False,False,11756,218,FIU Stadium,2229,Florida International,fbs,Conference USA,30,"[7, 6, 7, 10]",0.9874400649142445,,,160,New Hampshire,fcs,CAA,17,"[10, 0, 7, 0]",0.01255993508575548,,,4.9293692297,https://www.youtube.com/watch?v=9nKQVPMRqjQ,,,CollegeFootballData.com API,2026-08-31T17:35:08.591776+00:00,/games,1.3
401110787,2019,3,regular,2019-09-14T23:00:00.000Z,False,True,False,False,84542,3785,Jordan-Hare Stadium,2,Auburn,fbs,SEC,55,"[14, 10, 14, 17]",0.9998244505810991,1819,1850,2309,Kent State,fbs,Mid-American,16,"[3, 7, 0, 6]",0.00017554941890085551,1152,1121,0.6259572863,https://www.youtube.com/watch?v=vxFoz_Sh3OM,,,CollegeFootballData.com API,2026-08-31T17:35:08.591776+00:00,/games,1.3
401117505,2019,3,regular,2019-09-14T23:00:00.000Z,False,True,False,False,14174,3816,Mackay Stadium,2440,Nevada,fbs,Mountain West,19,"[3, 6, 7, 3]",0.9942515355171608,,,2692,Weber State,fcs,Big Sky,13,"[0, 10, 3, 0]",0.005748464482839166,,,7.66234080419999,https://www.youtube.com/watch?v=ekMmSz9F1xc,,,CollegeFootballData.com API,2026-08-31T17:35:08.591776+00:00,/games,1.3
401110789,2019,3,regular,2019-09-14T23:00:00.000Z,False,True,False,True,63076,3683,Kroger Field,96,Kentucky,fbs,SEC,21,"[0, 14, 7, 0]",0.07635819543224409,1668,1654,57,Florida,fbs,SEC,29,"[7, 0, 3, 19]",0.9236418045677559,1688,1702,6.96874372719999,https://www.youtube.com/watch?v=4Tb99goI4qc,,,CollegeFootballData.com API,2026-08-31T17:35:08.591776+00:00,/games,1.3
401112450,2019,3,regular,2019-09-14T23:00:00.000Z,False,True,False,False,19852,3725,"Johnny ""Red"" Floyd Stadium",2393,Middle Tennessee,fbs,Conference USA,18,"[3, 0, 8, 7]",0.005411352242638737,1445,1387,150,Duke,fbs,ACC,41,"[14, 17, 10, 0]",0.9945886477573612,1467,1525,1.92421372649999,https://www.youtube.com/watch?v=k9d7KsTbcgQ,,,CollegeFootballData.com API,2026-08-31T17:35:08.591776+00:00,/games,1.3
401119265,2019,3,regular,2019-09-14T23:00:00.000Z,False,True,False,False,25361,3739,Glass Bowl,2649,Toledo,fbs,Mid-American,45,"[3, 14, 21, 7]",0.9999284908786505,,,93,Murray State,fcs,OVC,0,"[0, 0, 0, 0]",7.150912134945564e-05,,,0.246662225699999,https://www.youtube.com/watch?v=axsx9XFp4Qk,,,CollegeFootballData.com API,2026-08-31T17:35:08.591776+00:00,/games,1.3
401119264,2019,3,regular,2019-09-14T23:00:00.000Z,False,True,False,False,22328,3980,Waldo Stadium,2711,Western Michigan,fbs,Mid-American,57,"[24, 19, 14, 0]",0.9999885941738778,1265,1413,2247,Georgia State,fbs,Sun Belt,10,"[10, 0, 0, 0]",1.1405826122246054e-05,1292,1144,1.2619346574,,,,CollegeFootballData.com API,2026-08-31T17:35:08.591776+00:00,/games,1.3
401117867,2019,3,regular,2019-09-14T23:00:00.000Z,False,True,False,False,17469,3735,Gerald J. Ford Stadium,2567,SMU,fbs,American Athletic,47,"[7, 6, 21, 13]",0.9988804970913923,1485,1531,326,Texas State,fbs,Sun Belt,17,"[3, 0, 7, 7]",0.001119502908607739,1193,1147,1.35737899439999,https://www.youtube.com/watch?v=yKD0TLB6aZY,,,CollegeFootballData.com API,2026-08-31T17:35:08.591776+00:00,/games,1.3
401110796,2019,3,regular,2019-09-14T23:00:00.000Z,False,True,False,False,97195,3795,Kyle Field,245,Texas A&M,fbs,SEC,62,"[13, 14, 21, 14]",0.9999953551315092,,,2320,Lamar,fcs,Southland,3,"[0, 0, 3, 0]",4.6448684908328985e-06,,,0.0675121358000004,https://www.youtube.com/watch?v=thB7uWiAVng,,,CollegeFootballData.com API,2026-08-31T17:35:08.591776+00:00,/games,1.3
401114234,2019,3,regular,2019-09-14T23:30:00.000Z,False,True,False,False,67589,3765,Husky Stadium,264,Washington,fbs,Pac-12,52,"[21, 17, 0, 14]",0.9999790730107935,1727,1764,62,Hawai'i,fbs,Mountain West,20,"[0, 7, 13, 0]",2.092698920652669e-05,1302,1265,0.2603271268,https://www.youtube.com/watch?v=bTqFmiEWLX0,,,CollegeFootballData.com API,2026-08-31T17:35:08.591776+00:00,/games,1.3
401121940,2019,3,regular,2019-09-14T23:30:00.000Z,False,True,False,False,18183,3666,Cajun Field,309,Louisiana,fbs,Sun Belt,77,"[28, 28, 7, 14]",0.9999951584947141,,,2640,Texas Southern,fcs,SWAC,6,"[3, 3, 0, 0]",4.8415052859018815e-06,,,0.0202235529000006,,,,CollegeFootballData.com API,2026-08-31T17:35:08.591776+00:00,/games,1.3
401110793,2019,3,regular,2019-09-14T23:30:00.000Z,False,True,False,False,56620,3838,Memorial Stadium,142,Missouri,fbs,SEC,50,"[27, 10, 10, 3]",0.9999969141477306,,,2546,Southeast Missouri State,fcs,OVC,0,"[0, 0, 0, 0]",3.085852269379963e-06,,,0.0655397530999998,https://www.youtube.com/watch?v=wMa3ROifqDM,,,CollegeFootballData.com API,2026-08-31T17:35:08.591776+00:00,/games,1.3
401112449,2019,3,regular,2019-09-14T23:30:00.000Z,False,True,False,True,50248,1964,JMA Wireless Dome,183,Syracuse,fbs,ACC,6,"[0, 6, 0, 0]",0.0036242845269249106,1499,1475,228,Clemson,fbs,ACC,41,"[14, 3, 10, 14]",0.9963757154730751,2135,2159,0.8604833664,https://www.youtube.com/watch?v=NnME9nnNIq4,,,CollegeFootballData.com API,2026-08-31T17:35:08.591776+00:00,/games,1.3
401112451,2019,3,regular,2019-09-14T23:30:00.000Z,False,True,False,True,57826,3923,Scott Stadium,258,Virginia,fbs,ACC,31,"[3, 7, 0, 21]",0.973151364332378,1636,1635,52,Florida State,fbs,ACC,24,"[0, 14, 3, 7]",0.026848635667621967,1449,1450,8.4528321775,https://www.youtube.com/watch?v=X5c4c7Yt5RI,,,CollegeFootballData.com API,2026-08-31T17:35:08.591776+00:00,/games,1.3
401110790,2019,3,regular,2019-09-14T23:30:00.000Z,False,True,False,False,100334,3958,Tiger Stadium (LA),99,LSU,fbs,SEC,65,"[3, 21, 27, 14]",0.9999761767769085,,,2466,Northwestern State,fcs,Southland,14,"[7, 7, 0, 0]",2.3823223091468115e-05,,,0.0902078080999998,https://www.youtube.com/watch?v=s9uXIq0HwPE,,,CollegeFootballData.com API,2026-08-31T17:35:08.591776+00:00,/games,1.3
401112130,2019,3,regular,2019-09-14T23:30:00.000Z,False,True,False,False,60037,3907,Ross-Ade Stadium,2509,Purdue,fbs,Big Ten,13,"[3, 3, 0, 7]",0.004537927304364528,1545,1493,2628,TCU,fbs,Big 12,34,"[10, 3, 14, 7]",0.9954620726956355,1557,1609,4.0233766356,https://www.youtube.com/watch?v=UfyNGTqxu20,,,CollegeFootballData.com API,2026-08-31T17:35:08.591776+00:00,/games,1.3
401112136,2019,3,regular,2019-09-15T00:00:00.000Z,False,True,True,False,42417,3891,NRG Stadium,242,Rice,fbs,Conference USA,13,"[0, 0, 0, 13]",0.0056527764296213185,1192,1164,251,Texas,fbs,Big 12,48,"[14, 17, 7, 10]",0.9943472235703786,1730,1758,0.229315235599999,https://www.youtube.com/watch?v=ol9fygEPWBc,,,CollegeFootballData.com API,2026-08-31T17:35:08.591776+00:00,/games,1.3
401117868,2019,3,regular,2019-09-15T00:00:00.000Z,False,True,False,False,18746,4729,Yulman Stadium,2655,Tulane,fbs,American Athletic,58,"[10, 28, 13, 7]",0.9989134867915845,,,2623,Missouri State,fcs,MVFC,6,"[0, 6, 0, 0]",0.0010865132084154627,,,0.188503727799999,https://www.youtube.com/watch?v=1aae4E5AkYE,,,CollegeFootballData.com API,2026-08-31T17:35:08.591776+00:00,/games,1.3
401114339,2019,3,regular,2019-09-15T00:00:00.000Z,False,True,False,False,10123,3601,Aggie Memorial Stadium,166,New Mexico State,fbs,FBS Independents,10,"[0, 0, 10, 0]",0.10019107208097894,1054,1046,21,San Diego State,fbs,Mountain West,31,"[7, 10, 7, 7]",0.8998089279190211,1493,1501,1.510080422,https://www.youtube.com/watch?v=MkLVDnB1HgU,,,CollegeFootballData.com API,2026-08-31T17:35:08.591776+00:00,/games,1.3
401112240,2019,3,regular,2019-09-15T00:00:00.000Z,False,True,False,False,89593,3834,"Memorial Stadium (Lincoln, NE)",158,Nebraska,fbs,Big Ten,44,"[10, 20, 7, 7]",0.9999825185338763,1477,1572,2459,Northern Illinois,fbs,Mid-American,8,"[0, 5, 3, 0]",1.7481466123681066e-05,1425,1330,1.2772501594,https://www.youtube.com/watch?v=iPUXmn3yFig,,,CollegeFootballData.com API,2026-08-31T17:35:08.591776+00:00,/games,1.3
401112116,2019,3,regular,2019-09-15T00:00:00.000Z,False,True,False,False,52578,1056,Rose Bowl,26,UCLA,fbs,Pac-12,14,"[0, 7, 7, 0]",0.0038690750425454247,1413,1370,201,Oklahoma,fbs,Big 12,48,"[17, 17, 7, 7]",0.9961309249574546,1854,1897,0.7052660762,https://www.youtube.com/watch?v=OzSbRj9vdsA,,,CollegeFootballData.com API,2026-08-31T17:35:08.591776+00:00,/games,1.3
401117503,2019,3,regular,2019-09-15T02:15:00.000Z,False,True,False,False,31068,3653,Albertsons Stadium,68,Boise State,fbs,Mountain West,45,"[14, 14, 10, 7]",0.9999225798096725,,,2502,Portland State,fcs,Big Sky,10,"[10, 0, 0, 0]",7.742019032752623e-05,,,0.371370869299999,https://www.youtube.com/watch?v=5Pl08aawrZE,,,CollegeFootballData.com API,2026-08-31T17:35:08.591776+00:00,/games,1.3
401112141,2019,3,regular,2019-09-15T02:30:00.000Z,False,True,False,False,37307,3619,Arizona Stadium,12,Arizona,fbs,Pac-12,28,"[0, 13, 0, 15]",0.9888062718184258,1446,1489,2641,Texas Tech,fbs,Big 12,14,"[7, 0, 7, 0]",0.011193728181574158,1610,1567,7.32945220909999,https://www.youtube.com/watch?v=JoQ-ffY7lG0,,,CollegeFootballData.com API,2026-08-31T17:35:08.591776+00:00,/games,1.3
401114194,2019,3,regular,2019-09-15T02:45:00.000Z,False,True,False,False,49098,3626,Autzen Stadium,2483,Oregon,fbs,Pac-12,35,"[14, 7, 7, 7]",0.9999651689874112,,,149,Montana,fcs,Big Sky,3,"[0, 0, 3, 0]",3.483101258883181e-05,,,0.1560212325,https://www.youtube.com/watch?v=uBIJtTEd2WU,,,CollegeFootballData.com API,2026-08-31T17:35:08.591776+00:00,/games,1.3
401117869,2019,4,regular,2019-09-20T00:00:00.000Z,False,True,False,True,21032,4729,Yulman Stadium,2655,Tulane,fbs,American Athletic,38,"[7, 7, 7, 17]",0.6050247037670714,1513,1520,248,Houston,fbs,American Athletic,31,"[14, 14, 0, 3]",0.3949752962329286,1468,1461,7.6209650186,https://www.youtube.com/watch?v=_lywJJNCucI,,,CollegeFootballData.com API,2026-08-31T17:35:08.591776+00:00,/games,1.3
401114262,2019,4,regular,2019-09-21T00:00:00.000Z,False,True,False,True,18782,3776,Joe Aillet Stadium,2348,Louisiana Tech,fbs,Conference USA,43,"[0, 13, 14, 16]",0.4714991714163391,1414,1434,2229,Florida International,fbs,Conference USA,31,"[0, 10, 14, 7]",0.5285008285836609,1382,1362,5.56783243269999,https://www.youtube.com/watch?v=swpW3L-mheA,,,CollegeFootballData.com API,2026-08-31T17:35:08.591776+00:00,/games,1.3
401117506,2019,4,regular,2019-09-21T01:00:00.000Z,False,True,False,True,36498,3653,Albertsons Stadium,68,Boise State,fbs,Mountain West,30,"[0, 10, 7, 13]",0.9951391731034895,1694,1700,2005,Air Force,fbs,Mountain West,19,"[0, 10, 3, 6]",0.004860826896510462,1512,1506,4.8269412213,https://www.youtube.com/watch?v=xZw__rAc-KE,,,CollegeFootballData.com API,2026-08-31T17:35:08.591776+00:00,/games,1.3
401114220,2019,4,regular,2019-09-21T01:00:00.000Z,False,True,False,True,55719,477,Los Angeles Memorial Coliseum,30,USC,fbs,Pac-12,30,"[14, 0, 7, 9]",0.5334495094627137,1658,1670,254,Utah,fbs,Pac-12,23,"[7, 3, 7, 6]",0.46655049053728626,1707,1695,7.5519105199,https://www.youtube.com/watch?v=7qECbbzX-8o,,,CollegeFootballData.com API,2026-08-31T17:35:08.591776+00:00,/games,1.3
401112224,2019,4,regular,2019-09-21T16:00:00.000Z,False,True,False,True,80245,347,Camp Randall Stadium,275,Wisconsin,fbs,Big Ten,35,"[14, 14, 7, 0]",0.9993239489418273,1903,1938,130,Michigan,fbs,Big Ten,14,"[0, 0, 8, 6]",0.0006760510581726997,1761,1726,1.5613870332,https://www.youtube.com/watch?v=d-FQCjcz_1E,,,CollegeFootballData.com API,2026-08-31T17:35:08.591776+00:00,/games,1.3
401110799,2019,4,regular,2019-09-21T16:00:00.000Z,False,True,False,True,82776,3634,Ben Hill Griffin Stadium,57,Florida,fbs,SEC,34,"[7, 10, 7, 10]",0.9996247980211728,1702,1747,2633,Tennessee,fbs,SEC,3,"[0, 0, 3, 0]",0.00037520197882723316,1376,1331,1.5307637909,https://www.youtube.com/watch?v=zk5Q-nCUeoE,,,CollegeFootballData.com API,2026-08-31T17:35:08.591776+00:00,/games,1.3
401112087,2019,4,regular,2019-09-21T16:00:00.000Z,False,True,False,False,57442,3772,Jack Trice Stadium,66,Iowa State,fbs,Big 12,72,"[14, 13, 21, 24]",0.9999567963057802,1644,1761,2433,UL Monroe,fbs,Sun Belt,20,"[0, 13, 7, 0]",4.320369421983994e-05,1349,1232,1.4907982031,https://www.youtube.com/watch?v=ncb7Jmy9zY0,,,CollegeFootballData.com API,2026-08-31T17:35:08.591776+00:00,/games,1.3
401112215,2019,4,regular,2019-09-21T16:00:00.000Z,False,True,False,True,40114,3911,Ryan Field,77,Northwestern,fbs,Big Ten,10,"[0, 3, 0, 7]",0.004091843876381978,1600,1556,127,Michigan State,fbs,Big Ten,31,"[7, 7, 10, 7]",0.995908156123618,1685,1729,3.0353201171,https://www.youtube.com/watch?v=eRwogfE1_lE,,,CollegeFootballData.com API,2026-08-31T17:35:08.591776+00:00,/games,1.3
401112160,2019,4,regular,2019-09-21T16:00:00.000Z,False,True,False,False,40084,3830,"Memorial Stadium (Bloomington, IN)",84,Indiana,fbs,Big Ten,38,"[7, 10, 14, 7]",0.9999851569334789,1439,1491,41,UConn,fbs,American Athletic,3,"[3, 0, 0, 0]",1.4843066521108561e-05,1067,1015,0.7608034601,https://www.youtube.com/watch?v=Co3VNXmudlI,,,CollegeFootballData.com API,2026-08-31T17:35:08.591776+00:00,/games,1.3
401110801,2019,4,regular,2019-09-21T16:00:00.000Z,False,True,False,False,46850,3974,Vaught-Hemingway Stadium,145,Ole Miss,fbs,SEC,20,"[7, 6, 0, 7]",0.3116150666128953,1496,1484,25,California,fbs,Pac-12,28,"[7, 7, 14, 0]",0.6883849333871047,1535,1547,5.14084114449999,https://www.youtube.com/watch?v=xStG3iDvJWs,,,CollegeFootballData.com API,2026-08-31T17:35:08.591776+00:00,/games,1.3
401112464,2019,4,regular,2019-09-21T16:00:00.000Z,False,True,False,False,24079,3630,Allegacy Federal Credit Union Stadium,154,Wake Forest,fbs,ACC,49,"[14, 14, 14, 7]",0.9997483727093476,,,2210,Elon,fcs,CAA,7,"[7, 0, 0, 0]",0.00025162729065242306,,,0.376903192599999,https://www.youtube.com/watch?v=Pph2OyXtZ74,,,CollegeFootballData.com API,2026-08-31T17:35:08.591776+00:00,/games,1.3
401112265,2019,4,regular,2019-09-21T16:00:00.000Z,False,True,False,False,32217,3754,High Point Solutions Stadium,164,Rutgers,fbs,Big Ten,16,"[7, 6, 0, 3]",0.014647860129648903,1308,1294,103,Boston College,fbs,ACC,30,"[7, 10, 7, 6]",0.9853521398703511,1503,1517,4.39039864389999,https://www.youtube.com/watch?v=iq7QyFdAGNQ,,,CollegeFootballData.com API,2026-08-31T17:35:08.591776+00:00,/games,1.3
401112462,2019,4,regular,2019-09-21T16:00:00.000Z,False,True,False,False,40700,1964,JMA Wireless Dome,183,Syracuse,fbs,ACC,52,"[14, 10, 14, 14]",0.9913648535368094,1475,1512,2711,Western Michigan,fbs,Mid-American,33,"[0, 13, 20, 0]",0.008635146463190635,1413,1376,4.58385524509999,https://www.youtube.com/watch?v=Go3IZBY1iZQ,,,CollegeFootballData.com API,2026-08-31T17:35:08.591776+00:00,/games,1.3
401114327,2019,4,regular,2019-09-21T16:00:00.000Z,False,True,False,False,28018,3841,Michie Stadium,349,Army,fbs,FBS Independents,52,"[7, 17, 7, 21]",0.9980081797714501,,,2415,Morgan State,fcs,MEAC,21,"[14, 0, 7, 0]",0.0019918202285499342,,,0.2934275032,https://www.youtube.com/watch?v=tzvknYraUR4,,,CollegeFootballData.com API,2026-08-31T17:35:08.591776+00:00,/games,1.3
401110805,2019,4,regular,2019-09-21T16:00:00.000Z,False,True,False,True,32048,3973,FirstBank Stadium,238,Vanderbilt,fbs,SEC,38,"[7, 10, 14, 7]",0.004207021696538769,1465,1434,99,LSU,fbs,SEC,66,"[28, 10, 21, 7]",0.9957929783034613,1861,1892,0.6480225196,https://www.youtube.com/watch?v=cwqmTeLdIjE,,,CollegeFootballData.com API,2026-08-31T17:35:08.591776+00:00,/games,1.3
401110797,2019,4,regular,2019-09-21T16:00:00.000Z,False,True,False,False,101821,3657,Bryant-Denny Stadium,333,Alabama,fbs,SEC,49,"[14, 14, 14, 7]",0.9999855589082093,2098,2140,2572,Southern Miss,fbs,Conference USA,7,"[0, 7, 0, 0]",1.4441091790717842e-05,1455,1413,0.0717844961999996,https://www.youtube.com/watch?v=_UIZA1UJ81I,,,CollegeFootballData.com API,2026-08-31T17:35:08.591776+00:00,/games,1.3
401114355,2019,4,regular,2019-09-21T17:00:00.000Z,False,True,False,False,8557,3985,Warren McGuirk Alumni Stadium,113,Massachusetts,fbs,FBS Independents,28,"[7, 7, 7, 7]",0.003693398765554568,1108,1032,324,Coastal Carolina,fbs,Sun Belt,62,"[14, 28, 14, 6]",0.9963066012344455,1277,1353,1.39555827039999,,,,CollegeFootballData.com API,2026-08-31T17:35:08.591776+00:00,/games,1.3
401119268,2019,4,regular,2019-09-21T18:00:00.000Z,False,True,False,False,17416,3876,Peden Stadium,195,Ohio,fbs,Mid-American,25,"[0, 6, 6, 13]",0.015847581416344035,1684,1601,309,Louisiana,fbs,Sun Belt,45,"[7, 3, 14, 21]",0.984152418583656,1418,1501,5.4371301139,,,,CollegeFootballData.com API,2026-08-31T17:35:08.591776+00:00,/games,1.3
401119269,2019,4,regular,2019-09-21T19:00:00.000Z,False,True,False,False,16954,3768,InfoCision Stadium,2006,Akron,fbs,Mid-American,7,"[7, 0, 0, 0]",0.018252486497085916,1104,1076,2653,Troy,fbs,Sun Belt,35,"[7, 14, 14, 0]",0.9817475135029141,1524,1552,1.7636952615,https://www.youtube.com/watch?v=UUUOSZ35rkY,,,CollegeFootballData.com API,2026-08-31T17:35:08.591776+00:00,/games,1.3
401119267,2019,4,regular,2019-09-21T19:00:00.000Z,False,True,False,False,17286,3912,Rynearson Stadium,2199,Eastern Michigan,fbs,Mid-American,34,"[7, 14, 0, 13]",0.6388417344637656,,,2115,Central Connecticut,fcs,NEC,29,"[15, 0, 0, 14]",0.3611582655362344,,,3.83496217969999,,,,CollegeFootballData.com API,2026-08-31T17:35:08.591776+00:00,/games,1.3
401117509,2019,4,regular,2019-09-21T19:30:00.000Z,False,True,False,False,16246,3674,Chapman Stadium,202,Tulsa,fbs,American Athletic,24,"[0, 14, 3, 7]",0.8793401953901562,1360,1363,2751,Wyoming,fbs,Mountain West,21,"[7, 0, 0, 14]",0.12065980460984382,1505,1502,6.6122062351,https://www.youtube.com/watch?v=8Fm0y5frFz0,,,CollegeFootballData.com API,2026-08-31T17:35:08.591776+00:00,/games,1.3
401114235,2019,4,regular,2019-09-21T19:30:00.000Z,False,True,False,False,62117,3801,LaVell Edwards Stadium,252,BYU,fbs,FBS Independents,19,"[3, 9, 7, 0]",0.01971671887565741,1519,1478,264,Washington,fbs,Pac-12,45,"[21, 3, 21, 0]",0.9802832811243426,1764,1805,2.0997496745,https://www.youtube.com/watch?v=q7yHsnw3Ky8,,,CollegeFootballData.com API,2026-08-31T17:35:08.591776+00:00,/games,1.3
401117870,2019,4,regular,2019-09-21T19:30:00.000Z,False,True,False,False,17621,3965,UB Stadium,2084,Buffalo,fbs,Mid-American,38,"[0, 24, 7, 7]",0.9937805422447545,1366,1419,218,Temple,fbs,American Athletic,22,"[7, 0, 3, 12]",0.006219457755245461,1560,1507,3.3228031611,,,,CollegeFootballData.com API,2026-08-31T17:35:08.591776+00:00,/games,1.3
401112457,2019,4,regular,2019-09-21T19:30:00.000Z,False,True,False,True,46530,3697,Doak Campbell Stadium,52,Florida State,fbs,ACC,35,"[21, 0, 0, 14]",0.5793248922444061,1450,1457,97,Louisville,fbs,ACC,24,"[0, 7, 10, 7]",0.4206751077555939,1281,1274,4.99943122969999,https://www.youtube.com/watch?v=dioRx8eaHgo,,,CollegeFootballData.com API,2026-08-31T17:35:08.591776+00:00,/games,1.3
401114265,2019,4,regular,2019-09-21T19:30:00.000Z,False,True,False,False,27932,3803,Legion Field,5,UAB,fbs,Conference USA,35,"[14, 14, 7, 0]",0.9999482056537666,1528,1567,6,South Alabama,fbs,Sun Belt,3,"[3, 0, 0, 0]",5.1794346233369204e-05,1118,1079,1.0380305153,https://www.youtube.com/watch?v=XGxYHE9HDcQ,,,CollegeFootballData.com API,2026-08-31T17:35:08.591776+00:00,/games,1.3
401112459,2019,4,regular,2019-09-21T19:30:00.000Z,False,True,False,False,50500,3787,Kenan Stadium,153,North Carolina,fbs,ACC,31,"[7, 10, 7, 7]",0.814307894259335,1428,1439,2026,App State,fbs,Sun Belt,34,"[13, 14, 7, 0]",0.18569210574066497,1693,1682,6.59439979609999,https://www.youtube.com/watch?v=C7G1_GuQI38,,,CollegeFootballData.com API,2026-08-31T17:35:08.591776+00:00,/games,1.3
401112253,2019,4,regular,2019-09-21T19:30:00.000Z,False,True,False,False,103190,3861,Ohio Stadium,194,Ohio State,fbs,Big Ten,76,"[7, 42, 14, 13]",0.9999952987671579,2023,2157,193,Miami (OH),fbs,Mid-American,5,"[5, 0, 0, 0]",4.7012328421303096e-06,1392,1258,0.2285563384,https://www.youtube.com/watch?v=BstYr-a7GEU,,,CollegeFootballData.com API,2026-08-31T17:35:08.591776+00:00,/games,1.3
401110804,2019,4,regular,2019-09-21T19:30:00.000Z,False,True,False,True,101681,3795,Kyle Field,245,Texas A&M,fbs,SEC,20,"[0, 3, 0, 17]",0.25281121120784844,1772,1763,2,Auburn,fbs,SEC,28,"[14, 0, 7, 7]",0.7471887887921516,1850,1859,4.390236905,https://www.youtube.com/watch?v=TvvlJg8E6CU,,,CollegeFootballData.com API,2026-08-31T17:35:08.591776+00:00,/games,1.3
401119266,2019,4,regular,2019-09-21T19:30:00.000Z,False,True,False,True,19700,3696,Dix Stadium,2309,Kent State,fbs,Mid-American,62,"[21, 3, 17, 21]",0.9995803234997228,1121,1235,189,Bowling Green,fbs,Mid-American,20,"[7, 0, 0, 13]",0.0004196765002771885,1051,937,1.0827623566,,,,CollegeFootballData.com API,2026-08-31T17:35:08.591776+00:00,/games,1.3
401112131,2019,4,regular,2019-09-21T19:30:00.000Z,False,True,False,False,41250,3616,Amon G. Carter Stadium,2628,TCU,fbs,Big 12,38,"[7, 10, 7, 14]",0.5174841569794603,1609,1600,2567,SMU,fbs,American Athletic,41,"[18, 13, 0, 10]",0.48251584302053974,1531,1540,6.7994987519,https://www.youtube.com/watch?v=f8oww3bHYoM,,,CollegeFootballData.com API,2026-08-31T17:35:08.591776+00:00,/games,1.3
401112461,2019,4,regular,2019-09-21T19:30:00.000Z,False,True,False,False,42056,3752,Acrisure Stadium,221,Pittsburgh,fbs,ACC,35,"[7, 14, 7, 7]",0.8542395407583443,1566,1575,2116,UCF,fbs,American Athletic,34,"[0, 10, 21, 3]",0.1457604592416557,1852,1843,8.7235267009,https://www.youtube.com/watch?v=_J34GUcvKcs,,,CollegeFootballData.com API,2026-08-31T17:35:08.591776+00:00,/games,1.3
401110802,2019,4,regular,2019-09-21T20:00:00.000Z,False,True,False,True,54556,3693,Davis Wade Stadium,344,Mississippi State,fbs,SEC,28,"[7, 14, 0, 7]",0.9953166771737576,1774,1795,96,Kentucky,fbs,SEC,13,"[3, 0, 7, 3]",0.004683322826242398,1654,1633,2.74682393639999,https://www.youtube.com/watch?v=1FR1eeOvFWY,,,CollegeFootballData.com API,2026-08-31T17:35:08.591776+00:00,/games,1.3
401112458,2019,4,regular,2019-09-21T20:00:00.000Z,False,True,False,False,49997,3948,Hard Rock Stadium,2390,Miami,fbs,ACC,17,"[7, 0, 7, 3]",0.9671606280703808,1603,1592,2117,Central Michigan,fbs,Mid-American,12,"[0, 2, 3, 7]",0.032839371929619166,1179,1190,1.58395755009999,https://www.youtube.com/watch?v=wd5cEOwWQcw,,,CollegeFootballData.com API,2026-08-31T17:35:08.591776+00:00,/games,1.3
401110803,2019,4,regular,2019-09-21T20:00:00.000Z,False,True,False,True,52012,3838,Memorial Stadium,142,Missouri,fbs,SEC,34,"[7, 10, 14, 3]",0.9998570029722456,1795,1814,2579,South Carolina,fbs,SEC,14,"[0, 7, 7, 0]",0.00014299702775444345,1515,1496,3.5561012685,https://www.youtube.com/watch?v=tVIfoP9xXsk,,,CollegeFootballData.com API,2026-08-31T17:35:08.591776+00:00,/games,1.3
401114340,2019,4,regular,2019-09-21T20:30:00.000Z,False,True,False,False,27269,3971,University Stadium (NM),167,New Mexico,fbs,Mountain West,55,"[14, 17, 17, 7]",0.13663880173351547,1191,1190,166,New Mexico State,fbs,FBS Independents,52,"[17, 14, 7, 14]",0.8633611982664845,1046,1047,6.65361916319999,https://www.youtube.com/watch?v=KChO39qVKEk,,,CollegeFootballData.com API,2026-08-31T17:35:08.591776+00:00,/games,1.3
401112099,2019,4,regular,2019-09-21T20:30:00.000Z,False,True,False,True,35816,3833,Memorial Stadium,2305,Kansas,fbs,Big 12,24,"[0, 7, 10, 7]",0.6746557390635914,1459,1463,277,West Virginia,fbs,Big 12,29,"[7, 3, 10, 9]",0.32534426093640856,1649,1645,5.4239055287,https://www.youtube.com/watch?v=R17y3AEqsbc,,,CollegeFootballData.com API,2026-08-31T17:35:08.591776+00:00,/games,1.3
401114349,2019,4,regular,2019-09-21T22:00:00.000Z,False,True,False,False,18944,3992,Williams Stadium (VA),2335,Liberty,fbs,FBS Independents,62,"[27, 14, 7, 14]",0.9998935916147839,,,2261,Hampton,fcs,Big South,27,"[12, 0, 8, 7]",0.00010640838521613905,,,0.256793249099999,,,,CollegeFootballData.com API,2026-08-31T17:35:08.591776+00:00,/games,1.3
401116697,2019,4,regular,2019-09-21T22:00:00.000Z,False,True,False,False,38094,3699,Dowdy-Ficklen Stadium,151,East Carolina,fbs,American Athletic,19,"[7, 3, 3, 6]",0.9967272971836304,,,2729,William & Mary,fcs,CAA,7,"[0, 7, 0, 0]",0.0032727028163695993,,,3.5518750851,https://www.youtube.com/watch?v=JWIl5FVFP-s,,,CollegeFootballData.com API,2026-08-31T17:35:08.591776+00:00,/games,1.3
401114263,2019,4,regular,2019-09-21T22:00:00.000Z,False,True,False,False,14210,3715,FAU Stadium,2226,Florida Atlantic,fbs,Conference USA,42,"[14, 14, 7, 7]",0.9999375429943813,,,2681,Wagner,fcs,NEC,7,"[0, 7, 0, 0]",6.245700561868794e-05,,,0.148598532699999,https://www.youtube.com/watch?v=fH553JOqi0M,,,CollegeFootballData.com API,2026-08-31T17:35:08.591776+00:00,/games,1.3
401121942,2019,4,regular,2019-09-21T23:00:00.000Z,False,True,False,True,15803,3644,Bobcat Stadium (TX),326,Texas State,fbs,Sun Belt,37,"[10, 7, 3, 7, 7, 0, 3]",0.6,1147,1148,2247,Georgia State,fbs,Sun Belt,34,"[7, 10, 0, 10, 7, 0, 0]",0.4,1144,1143,,,,,CollegeFootballData.com API,2026-08-31T17:35:08.591776+00:00,/games,1.3
401112075,2019,4,regular,2019-09-21T23:00:00.000Z,False,True,False,False,20198,3895,Rice Stadium,242,Rice,fbs,Conference USA,13,"[0, 3, 3, 7]",0.022641057754504715,1164,1179,239,Baylor,fbs,Big 12,21,"[7, 14, 0, 0]",0.9773589422454952,1569,1554,1.4159310842,https://www.youtube.com/watch?v=6Jibafwximw,,,CollegeFootballData.com API,2026-08-31T17:35:08.591776+00:00,/games,1.3
401112463,2019,4,regular,2019-09-21T23:00:00.000Z,False,True,False,False,44573,3923,Scott Stadium,258,Virginia,fbs,ACC,28,"[0, 7, 7, 14]",0.9291378810161328,1635,1626,295,Old Dominion,fbs,Conference USA,17,"[10, 7, 0, 0]",0.07086211898386718,1221,1230,5.3554837058,https://www.youtube.com/watch?v=XwuKLvvJNUI,,,CollegeFootballData.com API,2026-08-31T17:35:08.591776+00:00,/games,1.3
401112460,2019,4,regular,2019-09-21T23:00:00.000Z,False,True,False,False,57702,3670,Carter-Finley Stadium,152,NC State,fbs,ACC,34,"[6, 14, 7, 7]",0.7885198637985177,1601,1593,2050,Ball State,fbs,Mid-American,23,"[7, 0, 6, 10]",0.21148013620148232,1202,1210,2.23201554679999,https://www.youtube.com/watch?v=0Orw7E62gTs,,,CollegeFootballData.com API,2026-08-31T17:35:08.591776+00:00,/games,1.3
401121941,2019,4,regular,2019-09-21T23:00:00.000Z,False,True,False,False,24176,3625,Centennial Bank Stadium,2032,Arkansas State,fbs,Sun Belt,41,"[14, 17, 7, 3]",0.9722403107264463,,,79,Southern Illinois,fcs,MVFC,28,"[14, 0, 14, 0]",0.027759689273553656,,,1.5213544147,https://www.youtube.com/watch?v=Qjxur3pBzCE,,,CollegeFootballData.com API,2026-08-31T17:35:08.591776+00:00,/games,1.3
401114195,2019,4,regular,2019-09-21T23:00:00.000Z,False,True,False,True,39249,3940,Stanford Stadium,24,Stanford,fbs,Pac-12,6,"[3, 0, 0, 3]",0.010818534079900494,1566,1554,2483,Oregon,fbs,Pac-12,21,"[7, 7, 0, 7]",0.9891814659200995,1809,1821,2.70049958639999,https://www.youtube.com/watch?v=Cs8yDO0pvYQ,,,CollegeFootballData.com API,2026-08-31T17:35:08.591776+00:00,/games,1.3
401112456,2019,4,regular,2019-09-21T23:30:00.000Z,False,True,False,False,81500,3836,"Memorial Stadium (Clemson, SC)",228,Clemson,fbs,ACC,52,"[17, 21, 7, 7]",0.9999655274889612,2159,2186,2429,Charlotte,fbs,Conference USA,10,"[0, 3, 7, 0]",3.447251103882998e-05,1380,1353,0.049307520500001,https://www.youtube.com/watch?v=PNiunuVXdss,,,CollegeFootballData.com API,2026-08-31T17:35:08.591776+00:00,/games,1.3
401114264,2019,4,regular,2019-09-21T23:30:00.000Z,False,True,False,True,19922,3825,DATCU Stadium,249,North Texas,fbs,Conference USA,45,"[7, 17, 14, 7]",0.999986847438845,1423,1503,2636,UTSA,fbs,Conference USA,3,"[0, 3, 0, 0]",1.3152561154972098e-05,1105,1025,0.903030504699999,https://www.youtube.com/watch?v=oAbOuUtO7Gc,,,CollegeFootballData.com API,2026-08-31T17:35:08.591776+00:00,/games,1.3
401112125,2019,4,regular,2019-09-21T23:30:00.000Z,False,True,False,True,96936,3910,DKR-Texas Memorial Stadium,251,Texas,fbs,Big 12,36,"[0, 21, 7, 8]",0.8640666786853498,1758,1760,197,Oklahoma State,fbs,Big 12,30,"[3, 17, 3, 7]",0.1359333213146502,1655,1653,5.2489351815,https://www.youtube.com/watch?v=qhxOK8myfEI,,,CollegeFootballData.com API,2026-08-31T17:35:08.591776+00:00,/games,1.3
401110798,2019,4,regular,2019-09-21T23:30:00.000Z,False,True,False,False,56058,3887,Razorback Stadium,8,Arkansas,fbs,SEC,24,"[7, 0, 3, 14]",0.05032036229544362,1381,1351,23,San José State,fbs,Mountain West,31,"[7, 17, 0, 7]",0.9496796377045564,1175,1205,6.4567523302,https://www.youtube.com/watch?v=0Jn-KbUGdcw,,,CollegeFootballData.com API,2026-08-31T17:35:08.591776+00:00,/games,1.3
401110800,2019,4,regular,2019-09-22T00:00:00.000Z,False,True,False,False,93246,3917,Sanford Stadium,61,Georgia,fbs,SEC,23,"[0, 7, 6, 10]",0.9526453526025647,1990,1991,87,Notre Dame,fbs,FBS Independents,17,"[0, 10, 0, 7]",0.047354647397435334,1857,1856,3.8209806355,https://www.youtube.com/watch?v=L43HVaImNPU,,,CollegeFootballData.com API,2026-08-31T17:35:08.591776+00:00,/games,1.3
401112148,2019,4,regular,2019-09-22T00:00:00.000Z,False,True,False,True,44512,3832,"Memorial Stadium (Champaign, IL)",356,Illinois,fbs,Big Ten,38,"[14, 7, 14, 3]",0.008917649122289793,1366,1372,158,Nebraska,fbs,Big Ten,42,"[7, 7, 13, 15]",0.9910823508777102,1572,1566,8.7233650836,https://www.youtube.com/watch?v=Bmhy1ncoXUs,,,CollegeFootballData.com API,2026-08-31T17:35:08.591776+00:00,/games,1.3
401114266,2019,4,regular,2019-09-22T00:00:00.000Z,False,True,False,False,10493,3946,Sun Bowl,2638,UTEP,fbs,Conference USA,21,"[7, 7, 7, 0]",0.07026709542876197,1101,1078,2440,Nevada,fbs,Mountain West,37,"[0, 21, 3, 13]",0.929732904571238,1248,1271,3.36240486839999,https://www.youtube.com/watch?v=TMf6d1AJQKw,,,CollegeFootballData.com API,2026-08-31T17:35:08.591776+00:00,/games,1.3
401117510,2019,4,regular,2019-09-22T02:00:00.000Z,False,True,False,False,31034,3660,Valley Children's Stadium,278,Fresno State,fbs,Mountain West,34,"[7, 7, 0, 20]",0.9977421503373844,,,16,Sacramento State,fcs,Big Sky,20,"[6, 6, 0, 8]",0.002257849662615552,,,3.4511852036,https://www.youtube.com/watch?v=Js7jdptY4pk,,,CollegeFootballData.com API,2026-08-31T17:35:08.591776+00:00,/games,1.3
401114155,2019,4,regular,2019-09-22T02:00:00.000Z,False,True,False,True,45786,3947,Mountain America Stadium,9,Arizona State,fbs,Pac-12,31,"[0, 21, 3, 7]",0.11192819012560314,1620,1607,38,Colorado,fbs,Pac-12,34,"[14, 10, 7, 3]",0.8880718098743968,1480,1493,7.937684119,https://www.youtube.com/watch?v=-Viag57w2kU,,,CollegeFootballData.com API,2026-08-31T17:35:08.591776+00:00,/games,1.3
401117507,2019,4,regular,2019-09-22T02:15:00.000Z,False,True,False,False,24464,5388,Canvas Stadium,36,Colorado State,fbs,Mountain West,35,"[7, 6, 14, 8]",0.3734494632701636,1222,1231,2649,Toledo,fbs,Mid-American,41,"[7, 7, 21, 6]",0.6265505367298364,1512,1503,6.9052906935,https://www.youtube.com/watch?v=gyxOoplCgq8,,,CollegeFootballData.com API,2026-08-31T17:35:08.591776+00:00,/games,1.3
401114215,2019,4,regular,2019-09-22T02:30:00.000Z,False,True,False,True,32952,3820,Gesa Field,265,Washington State,fbs,Pac-12,63,"[7, 28, 14, 14]",0.817224642377335,1759,1724,26,UCLA,fbs,Pac-12,67,"[10, 7, 21, 29]",0.18277535762266495,1370,1405,4.7376590938,https://www.youtube.com/watch?v=JmBOvdO_8UA,,,CollegeFootballData.com API,2026-08-31T17:35:08.591776+00:00,/games,1.3
401117508,2019,4,regular,2019-09-22T02:30:00.000Z,False,True,False,True,27367,3932,Qualcomm Stadium,21,San Diego State,fbs,Mountain West,17,"[3, 0, 0, 14]",0.11960416383314522,1501,1506,328,Utah State,fbs,Mountain West,23,"[7, 13, 3, 0]",0.8803958361668548,1728,1723,4.48979111879999,https://www.youtube.com/watch?v=xRYMEmRKbr8,,,CollegeFootballData.com API,2026-08-31T17:35:08.591776+00:00,/games,1.3
401117511,2019,4,regular,2019-09-22T03:59:00.000Z,False,True,False,False,23465,3610,Aloha Stadium,62,Hawai'i,fbs,Mountain West,35,"[14, 14, 0, 7]",0.999783426695371,,,2110,Central Arkansas,fcs,Southland,16,"[0, 9, 0, 7]",0.00021657330462898639,,,1.0873156892,https://www.youtube.com/watch?v=0oTMWMxHiv4,,,CollegeFootballData.com API,2026-08-31T17:35:08.591776+00:00,/games,1.3
401117871,2019,5,regular,2019-09-27T00:00:00.000Z,False,True,False,True,33909,3805,Simmons Bank Liberty Stadium,235,Memphis,fbs,American Athletic,35,"[7, 7, 14, 7]",0.40858456450461295,1668,1675,2426,Navy,fbs,American Athletic,23,"[13, 7, 0, 3]",0.5914154354953871,1466,1459,5.01095370199999,https://www.youtube.com/watch?v=PRlcKWbmV0o,,,CollegeFootballData.com API,2026-08-31T17:35:08.591776+00:00,/games,1.3
401112465,2019,5,regular,2019-09-27T23:00:00.000Z,False,True,False,True,59537,3799,Lane Stadium,259,Virginia Tech,fbs,ACC,10,"[3, 0, 7, 0]",0.003675177354711229,1519,1418,150,Duke,fbs,ACC,45,"[0, 21, 10, 14]",0.9963248226452888,1525,1626,3.3351936209,https://www.youtube.com/watch?v=sJHyPtysOx0,,,CollegeFootballData.com API,2026-08-31T17:35:08.591776+00:00,/games,1.3
401112204,2019,5,regular,2019-09-28T00:00:00.000Z,False,True,False,True,53228,3665,SECU Stadium,120,Maryland,fbs,Big Ten,0,"[0, 0, 0, 0]",0.003528680149249553,1624,1463,213,Penn State,fbs,Big Ten,59,"[14, 24, 7, 14]",0.9964713198507504,1823,1984,1.2400776077,https://www.youtube.com/watch?v=ETls5FSw59Y,,,CollegeFootballData.com API,2026-08-31T17:35:08.591776+00:00,/games,1.3
401117512,2019,5,regular,2019-09-28T00:00:00.000Z,False,True,False,True,24786,3713,Falcon Stadium,2005,Air Force,fbs,Mountain West,41,"[7, 14, 13, 7]",0.9988914788962242,1506,1516,23,San José State,fbs,Mountain West,24,"[7, 3, 0, 14]",0.0011085211037757947,1205,1195,1.57638702539999,https://www.youtube.com/watch?v=uAk1SIgpu0o,,,CollegeFootballData.com API,2026-08-31T17:35:08.591776+00:00,/games,1.3
401114156,2019,5,regular,2019-09-28T02:30:00.000Z,False,True,False,True,47532,3831,California Memorial Stadium,25,California,fbs,Pac-12,17,"[7, 0, 7, 3]",0.01818143668582049,1547,1538,9,Arizona State,fbs,Pac-12,24,"[7, 0, 7, 10]",0.9818185633141795,1607,1616,6.774791896,https://www.youtube.com/watch?v=GDEuJ055eXI,,,CollegeFootballData.com API,2026-08-31T17:35:08.591776+00:00,/games,1.3
401112247,2019,5,regular,2019-09-28T16:00:00.000Z,False,True,False,True,76825,347,Camp Randall Stadium,275,Wisconsin,fbs,Big Ten,24,"[7, 0, 7, 10]",0.6028447233996229,1938,1929,77,Northwestern,fbs,Big Ten,15,"[3, 0, 0, 12]",0.3971552766003771,1556,1565,1.92229083059999,https://www.youtube.com/watch?v=aukUUoS1-6E,,,CollegeFootballData.com API,2026-08-31T17:35:08.591776+00:00,/games,1.3
401112100,2019,5,regular,2019-09-28T16:00:00.000Z,False,True,False,True,41960,3616,Amon G. Carter Stadium,2628,TCU,fbs,Big 12,51,"[21, 17, 0, 13]",0.9999639691016247,1600,1687,2305,Kansas,fbs,Big 12,14,"[0, 0, 0, 14]",3.6030898375338793e-05,1463,1376,0.5763374327,https://www.youtube.com/watch?v=KytB9pj5SBM,,,CollegeFootballData.com API,2026-08-31T17:35:08.591776+00:00,/games,1.3
401112193,2019,5,regular,2019-09-28T16:00:00.000Z,False,True,False,False,63706,3793,Kinnick Stadium,2294,Iowa,fbs,Big Ten,48,"[17, 7, 10, 14]",0.999992617268665,1834,1908,2393,Middle Tennessee,fbs,Conference USA,3,"[0, 0, 3, 0]",7.382731335048298e-06,1387,1313,0.369269059499999,https://www.youtube.com/watch?v=sCKjRPzkJ4c,,,CollegeFootballData.com API,2026-08-31T17:35:08.591776+00:00,/games,1.3
401119271,2019,5,regular,2019-09-28T16:00:00.000Z,False,True,False,True,20476,3980,Waldo Stadium,2711,Western Michigan,fbs,Mid-American,31,"[10, 7, 7, 7]",0.9944773014060314,1376,1393,2117,Central Michigan,fbs,Mid-American,15,"[0, 0, 0, 15]",0.005522698593968589,1190,1173,1.2928334486,,,,CollegeFootballData.com API,2026-08-31T17:35:08.591776+00:00,/games,1.3
401110811,2019,5,regular,2019-09-28T16:00:00.000Z,False,True,False,False,24519,3973,FirstBank Stadium,238,Vanderbilt,fbs,SEC,24,"[14, 0, 7, 3]",0.5210024678043401,1434,1436,2459,Northern Illinois,fbs,Mid-American,18,"[0, 0, 10, 8]",0.4789975321956599,1330,1328,2.9047008191,https://www.youtube.com/watch?v=La5gq5KZBZQ,,,CollegeFootballData.com API,2026-08-31T17:35:08.591776+00:00,/games,1.3
401112225,2019,5,regular,2019-09-28T16:00:00.000Z,False,True,False,True,110662,3558,Michigan Stadium,130,Michigan,fbs,Big Ten,52,"[14, 10, 14, 14]",0.9999942109873144,1726,1824,164,Rutgers,fbs,Big Ten,0,"[0, 0, 0, 0]",5.7890126855530966e-06,1294,1196,0.172601285399999,https://www.youtube.com/watch?v=_pRJb2TouR0,,,CollegeFootballData.com API,2026-08-31T17:35:08.591776+00:00,/games,1.3
401110807,2019,5,regular,2019-09-28T16:00:00.000Z,False,True,True,True,51441,3687,AT&T Stadium,8,Arkansas,fbs,SEC,27,"[0, 17, 7, 3]",0.2080932044026485,1351,1368,245,Texas A&M,fbs,SEC,31,"[7, 14, 0, 10]",0.7919067955973516,1763,1746,5.7618896109,https://www.youtube.com/watch?v=N-OZ64C42Yo,,,CollegeFootballData.com API,2026-08-31T17:35:08.591776+00:00,/games,1.3
401117213,2019,5,regular,2019-09-28T16:00:00.000Z,False,True,False,False,24889,3739,Glass Bowl,2649,Toledo,fbs,Mid-American,28,"[0, 3, 11, 14]",0.9126050884995498,1503,1511,252,BYU,fbs,FBS Independents,21,"[0, 7, 14, 0]",0.0873949115004502,1478,1470,8.04097262079999,https://www.youtube.com/watch?v=vfodJ8jKguM,,,CollegeFootballData.com API,2026-08-31T17:35:08.591776+00:00,/games,1.3
401112471,2019,5,regular,2019-09-28T16:00:00.000Z,False,True,False,False,40575,1964,JMA Wireless Dome,183,Syracuse,fbs,ACC,41,"[17, 7, 10, 7]",0.9998448614138248,,,107,Holy Cross,fcs,Patriot,3,"[0, 3, 0, 0]",0.00015513858617521858,,,0.0855362043,https://www.youtube.com/watch?v=ADHJapyoVM4,,,CollegeFootballData.com API,2026-08-31T17:35:08.591776+00:00,/games,1.3
401119270,2019,5,regular,2019-09-28T16:00:00.000Z,False,True,False,True,18419,3996,Yager Stadium,193,Miami (OH),fbs,Mid-American,34,"[0, 13, 21, 0]",0.8348088880037939,1258,1301,2084,Buffalo,fbs,Mid-American,20,"[7, 7, 0, 6]",0.16519111199620606,1419,1376,4.0912571629,,,,CollegeFootballData.com API,2026-08-31T17:35:08.591776+00:00,/games,1.3
401112117,2019,5,regular,2019-09-28T16:00:00.000Z,False,True,False,True,84416,3835,"Memorial Stadium (Norman, OK)",201,Oklahoma,fbs,Big 12,55,"[17, 17, 14, 7]",0.9999688060441577,1897,1966,2641,Texas Tech,fbs,Big 12,16,"[0, 10, 6, 0]",3.119395584227913e-05,1567,1498,0.4136393925,https://www.youtube.com/watch?v=0x0qWFotDw4,,,CollegeFootballData.com API,2026-08-31T17:35:08.591776+00:00,/games,1.3
401112470,2019,5,regular,2019-09-28T16:30:00.000Z,False,True,False,False,44141,3752,Acrisure Stadium,221,Pittsburgh,fbs,ACC,17,"[0, 10, 0, 7]",0.9895544784272704,,,48,Delaware,fcs,CAA,14,"[0, 7, 7, 0]",0.0104455215727296,,,4.9979044197,https://www.youtube.com/watch?v=5BkwmurzBtw,,,CollegeFootballData.com API,2026-08-31T17:35:08.591776+00:00,/games,1.3
401114221,2019,5,regular,2019-09-28T19:30:00.000Z,False,True,False,True,66975,3765,Husky Stadium,264,Washington,fbs,Pac-12,28,"[14, 3, 11, 0]",0.9960173283418805,1805,1822,30,USC,fbs,Pac-12,14,"[0, 7, 7, 0]",0.0039826716581194965,1670,1653,2.09042612999999,https://www.youtube.com/watch?v=SpmbzxwFstU,,,CollegeFootballData.com API,2026-08-31T17:35:08.591776+00:00,/games,1.3
401112076,2019,5,regular,2019-09-28T19:30:00.000Z,False,True,False,True,42359,4727,McLane Stadium,239,Baylor,fbs,Big 12,23,"[0, 7, 13, 3]",0.5994803537971419,1554,1557,66,Iowa State,fbs,Big 12,21,"[0, 0, 0, 21]",0.40051964620285807,1761,1758,7.34354699009999,https://www.youtube.com/watch?v=gARLS-D17VM,,,CollegeFootballData.com API,2026-08-31T17:35:08.591776+00:00,/games,1.3
401114267,2019,5,regular,2019-09-28T19:30:00.000Z,False,True,False,True,12334,4418,Jerry Richardson Stadium,2429,Charlotte,fbs,Conference USA,27,"[7, 7, 7, 6]",0.004921681312068157,1353,1318,2226,Florida Atlantic,fbs,Conference USA,45,"[14, 10, 14, 7]",0.9950783186879318,1435,1470,4.7854852308,https://www.youtube.com/watch?v=jIRE3c-MyTY,,,CollegeFootballData.com API,2026-08-31T17:35:08.591776+00:00,/games,1.3
401112472,2019,5,regular,2019-09-28T19:30:00.000Z,False,True,False,False,77622,3855,Notre Dame Stadium,87,Notre Dame,fbs,FBS Independents,35,"[14, 0, 14, 7]",0.9476394219227612,1856,1867,258,Virginia,fbs,ACC,20,"[7, 10, 0, 3]",0.05236057807723882,1626,1615,5.0374148271,https://www.youtube.com/watch?v=BhBSv3zBmis,,,CollegeFootballData.com API,2026-08-31T17:35:08.591776+00:00,/games,1.3
401121943,2019,5,regular,2019-09-28T19:30:00.000Z,False,True,False,True,25055,3792,Kidd Brewer Stadium,2026,App State,fbs,Sun Belt,56,"[14, 21, 7, 14]",0.995336867030762,1682,1694,324,Coastal Carolina,fbs,Sun Belt,37,"[14, 7, 9, 7]",0.0046631329692380374,1353,1341,2.26307191349999,,,,CollegeFootballData.com API,2026-08-31T17:35:08.591776+00:00,/games,1.3
401112232,2019,5,regular,2019-09-28T19:30:00.000Z,False,True,False,True,50629,3907,Ross-Ade Stadium,2509,Purdue,fbs,Big Ten,31,"[3, 7, 7, 14]",0.10073570170018585,1493,1488,135,Minnesota,fbs,Big Ten,38,"[14, 14, 10, 0]",0.8992642982998141,1602,1607,3.4378553454,https://www.youtube.com/watch?v=CVWhggxy5o8,,,CollegeFootballData.com API,2026-08-31T17:35:08.591776+00:00,/games,1.3
401114356,2019,5,regular,2019-09-28T19:30:00.000Z,False,True,False,False,7284,3985,Warren McGuirk Alumni Stadium,113,Massachusetts,fbs,FBS Independents,37,"[7, 13, 14, 3]",0.9877899787225098,1032,1047,2006,Akron,fbs,Mid-American,29,"[7, 7, 7, 8]",0.012210021277490157,1076,1061,5.1748653577,,,,CollegeFootballData.com API,2026-08-31T17:35:08.591776+00:00,/games,1.3
401110806,2019,5,regular,2019-09-28T19:30:00.000Z,False,True,False,True,99590,3657,Bryant-Denny Stadium,333,Alabama,fbs,SEC,59,"[7, 31, 14, 7]",0.9998129459429211,2140,2144,145,Ole Miss,fbs,SEC,31,"[10, 0, 7, 14]",0.00018705405707886147,1484,1480,0.2624233809,https://www.youtube.com/watch?v=OBj8C-pxNsI,,,CollegeFootballData.com API,2026-08-31T17:35:08.591776+00:00,/games,1.3
401112466,2019,5,regular,2019-09-28T19:30:00.000Z,False,True,False,True,39352,3615,"Alumni Stadium (Chestnut Hill, MA)",103,Boston College,fbs,ACC,24,"[0, 17, 0, 7]",0.4880366306888842,1517,1517,154,Wake Forest,fbs,ACC,27,"[10, 7, 3, 7]",0.5119633693111159,1592,1592,6.9560529739,https://www.youtube.com/watch?v=IKbvLWhvJ-k,,,CollegeFootballData.com API,2026-08-31T17:35:08.591776+00:00,/games,1.3
401112469,2019,5,regular,2019-09-28T19:30:00.000Z,False,True,False,False,31094,3806,Lincoln Financial Field,218,Temple,fbs,American Athletic,24,"[0, 14, 10, 0]",0.9987895541276971,1507,1562,59,Georgia Tech,fbs,ACC,2,"[0, 0, 2, 0]",0.001210445872302901,1524,1469,2.9215467437,https://www.youtube.com/watch?v=Z1TspRoMedw,,,CollegeFootballData.com API,2026-08-31T17:35:08.591776+00:00,/games,1.3
401112161,2019,5,regular,2019-09-28T19:30:00.000Z,False,True,False,True,71048,3936,Spartan Stadium,127,Michigan State,fbs,Big Ten,40,"[7, 14, 0, 19]",0.9720153397709699,1729,1728,84,Indiana,fbs,Big Ten,31,"[7, 7, 3, 14]",0.027984660229030123,1491,1492,6.6153972155,https://www.youtube.com/watch?v=s86A6Gnv8bk,,,CollegeFootballData.com API,2026-08-31T17:35:08.591776+00:00,/games,1.3
401112467,2019,5,regular,2019-09-28T19:30:00.000Z,False,True,False,True,50500,3787,Kenan Stadium,153,North Carolina,fbs,ACC,20,"[7, 7, 0, 6]",0.635886174951421,1439,1468,228,Clemson,fbs,ACC,21,"[0, 14, 0, 7]",0.36411382504857903,2186,2157,4.7047592186,https://www.youtube.com/watch?v=9FEg9tRNLJc,,,CollegeFootballData.com API,2026-08-31T17:35:08.591776+00:00,/games,1.3
401117873,2019,5,regular,2019-09-28T20:00:00.000Z,False,True,False,True,28850,3886,Raymond James Stadium,58,South Florida,fbs,American Athletic,21,"[0, 0, 7, 14]",0.004014977448533725,1310,1264,2567,SMU,fbs,American Athletic,48,"[14, 20, 7, 7]",0.9959850225514663,1540,1586,1.5001456729,https://www.youtube.com/watch?v=KWH1LSyhwSo,,,CollegeFootballData.com API,2026-08-31T17:35:08.591776+00:00,/games,1.3
401110809,2019,5,regular,2019-09-28T20:00:00.000Z,False,True,False,False,79126,3634,Ben Hill Griffin Stadium,57,Florida,fbs,SEC,38,"[7, 10, 14, 7]",0.9999767207935337,,,119,Towson,fcs,CAA,0,"[0, 0, 0, 0]",2.327920646627568e-05,,,0.163424666299999,https://www.youtube.com/watch?v=-fsXPsd_GZQ,,,CollegeFootballData.com API,2026-08-31T17:35:08.591776+00:00,/games,1.3
401114269,2019,5,regular,2019-09-28T21:00:00.000Z,False,True,False,False,32192,3775,Joan C. Edwards Stadium,276,Marshall,fbs,Conference USA,14,"[0, 0, 0, 14]",0.008918073982578519,1514,1410,2132,Cincinnati,fbs,American Athletic,52,"[14, 14, 17, 7]",0.9910819260174215,1581,1685,1.7498459549,https://www.youtube.com/watch?v=wFso6uQimXg,,,CollegeFootballData.com API,2026-08-31T17:35:08.591776+00:00,/games,1.3
401121945,2019,5,regular,2019-09-28T22:00:00.000Z,False,True,False,True,19220,3608,Allen E. Paulson Stadium,290,Georgia Southern,fbs,Sun Belt,24,"[3, 10, 8, 3]",0.005395533607217843,1363,1347,309,Louisiana,fbs,Sun Belt,37,"[7, 10, 7, 13]",0.9946044663927821,1501,1517,6.3367810352,https://www.youtube.com/watch?v=l_6SECRsJ4A,,,CollegeFootballData.com API,2026-08-31T17:35:08.591776+00:00,/games,1.3
401121944,2019,5,regular,2019-09-28T22:00:00.000Z,False,True,False,True,26437,3975,Veterans Memorial Stadium (AL),2653,Troy,fbs,Sun Belt,43,"[10, 21, 6, 6]",0.2837790314758362,1552,1528,2032,Arkansas State,fbs,Sun Belt,50,"[21, 10, 14, 5]",0.7162209685241638,1421,1445,9.2856238794,https://www.youtube.com/watch?v=C_rwTAxnjWo,,,CollegeFootballData.com API,2026-08-31T17:35:08.591776+00:00,/games,1.3
401114350,2019,5,regular,2019-09-28T22:00:00.000Z,False,True,False,False,17101,3992,Williams Stadium (VA),2335,Liberty,fbs,FBS Independents,17,"[7, 7, 3, 0]",0.9939559803191959,1303,1306,167,New Mexico,fbs,Mountain West,10,"[0, 3, 0, 7]",0.006044019680804147,1190,1187,3.54833128819999,,,,CollegeFootballData.com API,2026-08-31T17:35:08.591776+00:00,/games,1.3
401114271,2019,5,regular,2019-09-28T22:00:00.000Z,False,True,False,False,18643,3918,S.B. Ballard Stadium,295,Old Dominion,fbs,Conference USA,21,"[3, 0, 10, 8]",0.9482528763465718,1230,1219,151,East Carolina,fbs,American Athletic,24,"[10, 7, 0, 7]",0.05174712365342815,1128,1139,6.3292992183,https://www.youtube.com/watch?v=VPIF1DBN9AY,,,CollegeFootballData.com API,2026-08-31T17:35:08.591776+00:00,/games,1.3
401117872,2019,5,regular,2019-09-28T23:00:00.000Z,False,True,False,True,44164,3652,FBC Mortgage Stadium,2116,UCF,fbs,American Athletic,56,"[28, 14, 14, 0]",0.9999921106176168,1843,1847,41,UConn,fbs,American Athletic,21,"[0, 0, 7, 14]",7.889382383163834e-06,1015,1011,0.0413912276999991,https://www.youtube.com/watch?v=NP0cod6rE9E,,,CollegeFootballData.com API,2026-08-31T17:35:08.591776+00:00,/games,1.3
401112108,2019,5,regular,2019-09-28T23:00:00.000Z,False,True,False,True,55509,3646,Boone Pickens Stadium,197,Oklahoma State,fbs,Big 12,26,"[10, 6, 7, 3]",0.9849258585045181,1653,1682,2306,Kansas State,fbs,Big 12,13,"[0, 3, 0, 10]",0.015074141495481919,1694,1665,2.56718196369999,https://www.youtube.com/watch?v=dcMIM0HF8F8,,,CollegeFootballData.com API,2026-08-31T17:35:08.591776+00:00,/games,1.3
401114202,2019,5,regular,2019-09-28T23:00:00.000Z,False,True,False,True,32326,3893,Reser Stadium,204,Oregon State,fbs,Pac-12,28,"[0, 0, 7, 21]",0.24953573941549315,1210,1225,24,Stanford,fbs,Pac-12,31,"[7, 7, 7, 10]",0.7504642605845069,1554,1539,3.99590830519999,https://www.youtube.com/watch?v=4_1-3dox9Bw,,,CollegeFootballData.com API,2026-08-31T17:35:08.591776+00:00,/games,1.3
401114272,2019,5,regular,2019-09-28T23:00:00.000Z,False,True,False,True,23337,3815,M. M. Roberts Stadium,2572,Southern Miss,fbs,Conference USA,31,"[14, 10, 7, 0]",0.9992177737531038,1413,1423,2638,UTEP,fbs,Conference USA,13,"[0, 6, 7, 0]",0.0007822262468961672,1078,1068,0.5319913969,https://www.youtube.com/watch?v=LxWZs3SFFYY,,,CollegeFootballData.com API,2026-08-31T17:35:08.591776+00:00,/games,1.3
401121947,2019,5,regular,2019-09-28T23:00:00.000Z,False,True,False,False,19159,3644,Bobcat Stadium (TX),326,Texas State,fbs,Sun Belt,24,"[3, 0, 14, 7]",0.9868985296391014,,,2447,Nicholls,fcs,Southland,3,"[0, 3, 0, 0]",0.013101470360898593,,,3.3391194456,,,,CollegeFootballData.com API,2026-08-31T17:35:08.591776+00:00,/games,1.3
401114273,2019,5,regular,2019-09-28T23:00:00.000Z,False,True,False,True,20304,3796,Houchens Industries-L.T. Smith Stadium,98,Western Kentucky,fbs,Conference USA,20,"[3, 10, 0, 7]",0.8672189561953731,1329,1353,5,UAB,fbs,Conference USA,13,"[3, 7, 3, 0]",0.13278104380462685,1567,1543,6.172078609,https://www.youtube.com/watch?v=2lXeGbTw_N8,,,CollegeFootballData.com API,2026-08-31T17:35:08.591776+00:00,/games,1.3
401121946,2019,5,regular,2019-09-28T23:00:00.000Z,False,True,False,True,16222,3817,Malone Stadium,2433,UL Monroe,fbs,Sun Belt,30,"[7, 10, 0, 13]",0.993654171941641,1232,1245,6,South Alabama,fbs,Sun Belt,17,"[7, 0, 3, 7]",0.006345828058359038,1079,1066,2.6361578874,https://www.youtube.com/watch?v=vrkekaC1aNM,,,CollegeFootballData.com API,2026-08-31T17:35:08.591776+00:00,/games,1.3
401114268,2019,5,regular,2019-09-28T23:00:00.000Z,False,True,False,True,19075,3895,Rice Stadium,242,Rice,fbs,Conference USA,20,"[7, 7, 0, 3, 3]",0.9688870940576391,1179,1189,2348,Louisiana Tech,fbs,Conference USA,23,"[7, 0, 7, 3, 6]",0.031112905942360936,1434,1424,9.0700841545,https://www.youtube.com/watch?v=kAc8z7yMy4c,,,CollegeFootballData.com API,2026-08-31T17:35:08.591776+00:00,/games,1.3
401110808,2019,5,regular,2019-09-28T23:00:00.000Z,False,True,False,True,87451,3785,Jordan-Hare Stadium,2,Auburn,fbs,SEC,56,"[21, 21, 7, 7]",0.9998572643313478,1859,1942,344,Mississippi State,fbs,SEC,23,"[6, 3, 7, 7]",0.00014273566865219411,1795,1712,0.8728879102,https://www.youtube.com/watch?v=isBOeeTj2jw,,,CollegeFootballData.com API,2026-08-31T17:35:08.591776+00:00,/games,1.3
401112468,2019,5,regular,2019-09-28T23:30:00.000Z,False,True,False,True,60351,3697,Doak Campbell Stadium,52,Florida State,fbs,ACC,31,"[3, 14, 7, 7]",0.8501839983536679,1457,1511,152,NC State,fbs,ACC,13,"[0, 6, 0, 7]",0.14981600164633213,1593,1539,3.5654837899,https://www.youtube.com/watch?v=S15VPhokp0I,,,CollegeFootballData.com API,2026-08-31T17:35:08.591776+00:00,/games,1.3
401117513,2019,5,regular,2019-09-28T23:30:00.000Z,False,True,False,True,20017,3905,Maverik Stadium,328,Utah State,fbs,Mountain West,34,"[7, 17, 3, 7]",0.7030501627704349,1723,1708,36,Colorado State,fbs,Mountain West,24,"[7, 14, 3, 0]",0.29694983722956514,1231,1246,4.98423077519999,https://www.youtube.com/watch?v=2Cuabm0uJ_g,,,CollegeFootballData.com API,2026-08-31T17:35:08.591776+00:00,/games,1.3
401110810,2019,5,regular,2019-09-28T23:30:00.000Z,False,True,False,True,80828,3994,Williams-Brice Stadium,2579,South Carolina,fbs,SEC,24,"[7, 3, 7, 7]",0.999372688486364,1496,1547,96,Kentucky,fbs,SEC,7,"[0, 0, 0, 7]",0.0006273115136360419,1633,1582,2.74799764509999,https://www.youtube.com/watch?v=iVvVO7tPa0s,,,CollegeFootballData.com API,2026-08-31T17:35:08.591776+00:00,/games,1.3
401112241,2019,5,regular,2019-09-28T23:30:00.000Z,False,True,False,True,89759,3834,"Memorial Stadium (Lincoln, NE)",158,Nebraska,fbs,Big Ten,7,"[0, 0, 7, 0]",0.003579664976280158,1566,1520,194,Ohio State,fbs,Big Ten,48,"[14, 24, 10, 0]",0.9964203350237198,2157,2203,0.7542584295,https://www.youtube.com/watch?v=M8QpwE94xng,,,CollegeFootballData.com API,2026-08-31T17:35:08.591776+00:00,/games,1.3
401114341,2019,5,regular,2019-09-29T00:00:00.000Z,False,True,False,False,8872,3601,Aggie Memorial Stadium,166,New Mexico State,fbs,FBS Independents,17,"[0, 3, 7, 7]",0.023921472202683928,1047,1070,278,Fresno State,fbs,Mountain West,30,"[7, 17, 6, 0]",0.9760785277973161,1666,1643,1.38111138099999,,,,CollegeFootballData.com API,2026-08-31T17:35:08.591776+00:00,/games,1.3
401114270,2019,5,regular,2019-09-29T00:00:00.000Z,False,True,False,False,30123,3825,DATCU Stadium,249,North Texas,fbs,Conference USA,25,"[0, 6, 12, 7]",0.45998933133132847,1503,1444,248,Houston,fbs,American Athletic,46,"[14, 3, 14, 15]",0.5400106686686715,1461,1520,4.1646813894,https://www.youtube.com/watch?v=rU8Yqb07aeo,,,CollegeFootballData.com API,2026-08-31T17:35:08.591776+00:00,/games,1.3
401117514,2019,5,regular,2019-09-29T00:00:00.000Z,False,True,False,True,23029,3984,War Memorial Stadium,2751,Wyoming,fbs,Mountain West,53,"[7, 26, 0, 20]",0.9996777667079255,1502,1569,2439,UNLV,fbs,Mountain West,17,"[10, 0, 0, 7]",0.0003222332920744808,1230,1163,1.85137234719999,https://www.youtube.com/watch?v=zg_ZSvJBTeo,,,CollegeFootballData.com API,2026-08-31T17:35:08.591776+00:00,/games,1.3
401114226,2019,5,regular,2019-09-29T02:00:00.000Z,False,True,False,True,46115,587,Rice-Eccles Stadium,254,Utah,fbs,Pac-12,38,"[7, 14, 10, 7]",0.9996129146867053,1695,1762,265,Washington State,fbs,Pac-12,13,"[7, 6, 0, 0]",0.0003870853132946772,1724,1657,3.04749024539999,https://www.youtube.com/watch?v=hw2KO6Sn_5M,,,CollegeFootballData.com API,2026-08-31T17:35:08.591776+00:00,/games,1.3
401117515,2019,5,regular,2019-09-29T02:30:00.000Z,False,True,False,True,15137,3816,Mackay Stadium,2440,Nevada,fbs,Mountain West,3,"[0, 3, 0, 0]",0.0037075928578004275,1271,1107,62,Hawai'i,fbs,Mountain West,54,"[7, 24, 14, 9]",0.9962924071421996,1265,1429,2.1737233099,https://www.youtube.com/watch?v=eguD8iDOL40,,,CollegeFootballData.com API,2026-08-31T17:35:08.591776+00:00,/games,1.3
401114166,2019,5,regular,2019-09-29T02:30:00.000Z,False,True,False,True,38283,3619,Arizona Stadium,12,Arizona,fbs,Pac-12,20,"[0, 6, 7, 7]",0.3584084805361565,1489,1489,26,UCLA,fbs,Pac-12,17,"[7, 0, 10, 0]",0.6415915194638435,1405,1405,9.91531139649999,https://www.youtube.com/watch?v=2G0WPZeiYGQ,,,CollegeFootballData.com API,2026-08-31T17:35:08.591776+00:00,/games,1.3
401121948,2019,6,regular,2019-10-03T23:30:00.000Z,False,True,False,True,20013,3797,Ladd Peebles Stadium,6,South Alabama,fbs,Sun Belt,17,"[0, 7, 7, 3, 0, 0]",0.47755993625945864,1066,1078,290,Georgia Southern,fbs,Sun Belt,20,"[0, 10, 0, 7, 0, 3]",0.5224400637405413,1347,1335,8.1206199088,https://www.youtube.com/watch?v=VxEqjRo1mBs,,,CollegeFootballData.com API,2026-08-31T17:35:08.591776+00:00,/games,1.3
401117874,2019,6,regular,2019-10-04T00:00:00.000Z,False,True,False,True,33253,3699,Dowdy-Ficklen Stadium,151,East Carolina,fbs,American Athletic,17,"[7, 3, 0, 7]",0.010475375792838427,1139,1152,218,Temple,fbs,American Athletic,27,"[0, 17, 7, 3]",0.9895246242071616,1562,1549,4.5919200646,https://www.youtube.com/watch?v=IUgxlVGhDHo,,,CollegeFootballData.com API,2026-08-31T17:35:08.591776+00:00,/games,1.3
401117875,2019,6,regular,2019-10-05T00:00:00.000Z,False,True,False,True,40121,3854,Nippert Stadium,2132,Cincinnati,fbs,American Athletic,27,"[0, 10, 10, 7]",0.8296698212376922,1685,1688,2116,UCF,fbs,American Athletic,24,"[3, 13, 0, 8]",0.17033017876230783,1847,1844,8.03310228339999,https://www.youtube.com/watch?v=XmF3CgiSZVA,,,CollegeFootballData.com API,2026-08-31T17:35:08.591776+00:00,/games,1.3
401117519,2019,6,regular,2019-10-05T02:00:00.000Z,False,True,False,True,16119,3935,CEFCU Stadium,23,San José State,fbs,Mountain West,32,"[6, 20, 0, 6]",0.6898265814955874,1195,1214,167,New Mexico,fbs,Mountain West,21,"[0, 7, 7, 7]",0.3101734185044126,1187,1168,2.530904551,https://www.youtube.com/watch?v=d7suslcxMFE,,,CollegeFootballData.com API,2026-08-31T17:35:08.591776+00:00,/games,1.3
401117876,2019,6,regular,2019-10-05T16:00:00.000Z,False,True,False,True,18038,3892,Pratt & Whitney Stadium,41,UConn,fbs,American Athletic,22,"[0, 14, 0, 8]",0.0048869770244621726,1011,971,58,South Florida,fbs,American Athletic,48,"[7, 20, 7, 14]",0.9951130229755378,1264,1304,2.5102206762,https://www.youtube.com/watch?v=1md_3wEMscA,,,CollegeFootballData.com API,2026-08-31T17:35:08.591776+00:00,/games,1.3
401112126,2019,6,regular,2019-10-05T16:00:00.000Z,False,True,False,True,56479,3784,Jones AT&T Stadium,2641,Texas Tech,fbs,Big 12,45,"[13, 7, 14, 11]",0.9281636207054427,1498,1529,197,Oklahoma State,fbs,Big 12,35,"[0, 7, 14, 14]",0.07183637929455733,1682,1651,4.7944356889,https://www.youtube.com/watch?v=dlPdSNA2bPw,,,CollegeFootballData.com API,2026-08-31T17:35:08.591776+00:00,/games,1.3
401114328,2019,6,regular,2019-10-05T16:00:00.000Z,False,True,False,False,38019,3841,Michie Stadium,349,Army,fbs,FBS Independents,33,"[7, 7, 7, 12]",0.015203833515696142,1710,1675,2655,Tulane,fbs,American Athletic,42,"[14, 7, 7, 14]",0.9847961664843039,1520,1555,5.00505449059999,https://www.youtube.com/watch?v=igYkSYQDtqw,,,CollegeFootballData.com API,2026-08-31T17:35:08.591776+00:00,/games,1.3
401110813,2019,6,regular,2019-10-05T16:00:00.000Z,False,True,False,False,100266,3958,Tiger Stadium (LA),99,LSU,fbs,SEC,42,"[7, 14, 14, 7]",0.9999890733800274,1892,1970,328,Utah State,fbs,Mountain West,6,"[6, 0, 0, 0]",1.0926619972595475e-05,1708,1630,0.797370569199999,https://www.youtube.com/watch?v=1FbrJWzrLmc,,,CollegeFootballData.com API,2026-08-31T17:35:08.591776+00:00,/games,1.3
401112260,2019,6,regular,2019-10-05T16:00:00.000Z,False,True,False,True,106536,3632,Beaver Stadium,213,Penn State,fbs,Big Ten,35,"[21, 7, 0, 7]",0.9996348115180754,1984,2003,2509,Purdue,fbs,Big Ten,7,"[0, 7, 0, 0]",0.0003651884819245721,1488,1469,0.3159023905,https://www.youtube.com/watch?v=Kh-CGDSc7X4,,,CollegeFootballData.com API,2026-08-31T17:35:08.591776+00:00,/games,1.3
401112101,2019,6,regular,2019-10-05T16:00:00.000Z,False,True,False,True,34402,3833,Memorial Stadium,2305,Kansas,fbs,Big 12,20,"[7, 0, 0, 13]",0.005760710284071661,1376,1373,201,Oklahoma,fbs,Big 12,45,"[7, 14, 14, 10]",0.9942392897159283,1966,1969,0.879532798899999,https://www.youtube.com/watch?v=QwByD52VHis,,,CollegeFootballData.com API,2026-08-31T17:35:08.591776+00:00,/games,1.3
401112269,2019,6,regular,2019-10-05T16:00:00.000Z,False,True,False,False,74559,347,Camp Randall Stadium,275,Wisconsin,fbs,Big Ten,48,"[7, 21, 13, 7]",0.9999968334725681,1929,1982,2309,Kent State,fbs,Mid-American,0,"[0, 0, 0, 0]",3.166527431930355e-06,1235,1182,0.1150731836,https://www.youtube.com/watch?v=fLkaFvWp81c,,,CollegeFootballData.com API,2026-08-31T17:35:08.591776+00:00,/games,1.3
401112194,2019,6,regular,2019-10-05T16:00:00.000Z,False,True,False,True,111519,3558,Michigan Stadium,130,Michigan,fbs,Big Ten,10,"[10, 0, 0, 0]",0.9739467177623277,1824,1838,2294,Iowa,fbs,Big Ten,3,"[0, 3, 0, 0]",0.026053282237672337,1908,1894,5.7541884332,https://www.youtube.com/watch?v=w2n4PeaXEmE,,,CollegeFootballData.com API,2026-08-31T17:35:08.591776+00:00,/games,1.3
401112205,2019,6,regular,2019-10-05T16:00:00.000Z,False,True,False,True,30185,3754,High Point Solutions Stadium,164,Rutgers,fbs,Big Ten,7,"[0, 7, 0, 0]",0.0041235110312654024,1196,1110,120,Maryland,fbs,Big Ten,48,"[7, 20, 21, 0]",0.9958764889687346,1463,1549,1.9888982482,https://www.youtube.com/watch?v=N0IdO4PJhV0,,,CollegeFootballData.com API,2026-08-31T17:35:08.591776+00:00,/games,1.3
401112473,2019,6,regular,2019-10-05T16:30:00.000Z,False,True,False,True,46007,3873,L&N Federal Credit Union Stadium,97,Louisville,fbs,ACC,41,"[14, 14, 3, 10]",0.9123261427709802,1274,1278,103,Boston College,fbs,ACC,39,"[7, 15, 7, 10]",0.08767385722901977,1517,1513,8.0445029579,https://www.youtube.com/watch?v=PlPYD2sUz6U,,,CollegeFootballData.com API,2026-08-31T17:35:08.591776+00:00,/games,1.3
401112088,2019,6,regular,2019-10-05T18:00:00.000Z,False,True,False,True,59553,3772,Jack Trice Stadium,66,Iowa State,fbs,Big 12,49,"[7, 14, 14, 14]",0.9969424654490326,1758,1813,2628,TCU,fbs,Big 12,24,"[0, 3, 7, 14]",0.0030575345509673557,1687,1632,2.3040335288,https://www.youtube.com/watch?v=_6tIk1-oRd4,,,CollegeFootballData.com API,2026-08-31T17:35:08.591776+00:00,/games,1.3
401119273,2019,6,regular,2019-10-05T19:00:00.000Z,False,True,False,True,15235,3786,Kelly/Shorts Stadium,2117,Central Michigan,fbs,Mid-American,42,"[7, 14, 14, 7]",0.9994879711821494,1173,1272,2199,Eastern Michigan,fbs,Mid-American,16,"[3, 0, 7, 6]",0.0005120288178506183,1432,1333,2.9910255236,,,,CollegeFootballData.com API,2026-08-31T17:35:08.591776+00:00,/games,1.3
401119275,2019,6,regular,2019-10-05T19:30:00.000Z,False,True,False,True,22141,3739,Glass Bowl,2649,Toledo,fbs,Mid-American,31,"[14, 10, 0, 7]",0.9663053607056648,1511,1514,2711,Western Michigan,fbs,Mid-American,24,"[7, 0, 10, 7]",0.03369463929433525,1393,1390,4.9586379303,,,,CollegeFootballData.com API,2026-08-31T17:35:08.591776+00:00,/games,1.3
401119274,2019,6,regular,2019-10-05T19:30:00.000Z,False,True,False,True,20042,3965,UB Stadium,2084,Buffalo,fbs,Mid-American,20,"[0, 7, 0, 7, 6]",0.6789501522273487,1376,1385,195,Ohio,fbs,Mid-American,21,"[0, 0, 7, 7, 7]",0.32104984777265133,1601,1592,8.263357579,,,,CollegeFootballData.com API,2026-08-31T17:35:08.591776+00:00,/games,1.3
401112077,2019,6,regular,2019-10-05T19:30:00.000Z,False,True,False,True,50448,3636,Bill Snyder Family Stadium,2306,Kansas State,fbs,Big 12,12,"[3, 0, 3, 6]",0.038690175637307596,1665,1605,239,Baylor,fbs,Big 12,31,"[0, 10, 7, 14]",0.9613098243626924,1557,1617,4.1752170624,https://www.youtube.com/watch?v=WoBCKqW9UAs,,,CollegeFootballData.com API,2026-08-31T17:35:08.591776+00:00,/games,1.3
401112149,2019,6,regular,2019-10-05T19:30:00.000Z,False,True,False,True,39341,3953,Huntington Bank Stadium,135,Minnesota,fbs,Big Ten,40,"[3, 13, 14, 10]",0.9999651258124491,1607,1639,356,Illinois,fbs,Big Ten,17,"[7, 3, 7, 0]",3.4874187550881786e-05,1372,1340,2.58565825609999,https://www.youtube.com/watch?v=CCog5Y5xfhM,,,CollegeFootballData.com API,2026-08-31T17:35:08.591776+00:00,/games,1.3
401112137,2019,6,regular,2019-10-05T19:30:00.000Z,False,True,False,True,62069,3842,Milan Puskar Stadium,277,West Virginia,fbs,Big 12,31,"[7, 7, 3, 14]",0.052579446008286866,1645,1632,251,Texas,fbs,Big 12,42,"[7, 14, 0, 21]",0.9474205539917131,1760,1773,4.3912835897,https://www.youtube.com/watch?v=P4h1ed8a2Po,,,CollegeFootballData.com API,2026-08-31T17:35:08.591776+00:00,/games,1.3
401117516,2019,6,regular,2019-10-05T19:30:00.000Z,False,True,False,False,37957,3852,Navy-Marine Corps Memorial Stadium,2426,Navy,fbs,American Athletic,34,"[0, 14, 7, 13]",0.979200694252745,1459,1477,2005,Air Force,fbs,Mountain West,25,"[3, 3, 3, 16]",0.02079930574725497,1516,1498,6.90158987,https://www.youtube.com/watch?v=xtZzWdLw0S8,,,CollegeFootballData.com API,2026-08-31T17:35:08.591776+00:00,/games,1.3
401119272,2019,6,regular,2019-10-05T19:30:00.000Z,False,True,False,True,10365,3764,Huskie Stadium,2459,Northern Illinois,fbs,Mid-American,20,"[14, 3, 0, 3]",0.9476912175083209,1328,1305,2050,Ball State,fbs,Mid-American,27,"[0, 3, 14, 10]",0.05230878249167914,1210,1233,5.3026059048,,,,CollegeFootballData.com API,2026-08-31T17:35:08.591776+00:00,/games,1.3
401114275,2019,6,regular,2019-10-05T19:30:00.000Z,False,True,False,True,15023,3725,"Johnny ""Red"" Floyd Stadium",2393,Middle Tennessee,fbs,Conference USA,24,"[10, 7, 0, 7]",0.9864481136171738,1313,1340,276,Marshall,fbs,Conference USA,13,"[7, 6, 0, 0]",0.013551886382826228,1410,1383,5.6042181697,https://www.youtube.com/watch?v=sOCA0d2vomE,,,CollegeFootballData.com API,2026-08-31T17:35:08.591776+00:00,/games,1.3
401112476,2019,6,regular,2019-10-05T19:30:00.000Z,False,True,False,True,53183,3948,Hard Rock Stadium,2390,Miami,fbs,ACC,35,"[0, 7, 7, 21]",0.36032627178534576,1592,1565,259,Virginia Tech,fbs,ACC,42,"[21, 7, 0, 14]",0.6396737282146543,1418,1445,5.5526759118,https://www.youtube.com/watch?v=EtQ06LbB_6Y,,,CollegeFootballData.com API,2026-08-31T17:35:08.591776+00:00,/games,1.3
401114337,2019,6,regular,2019-10-05T19:30:00.000Z,False,True,False,False,77622,3855,Notre Dame Stadium,87,Notre Dame,fbs,FBS Independents,52,"[21, 14, 10, 7]",0.999996636922571,1867,1905,189,Bowling Green,fbs,Mid-American,0,"[0, 0, 0, 0]",3.3630774289861165e-06,937,899,0.0370864088999998,https://www.youtube.com/watch?v=ALhXzLbvvag,,,CollegeFootballData.com API,2026-08-31T17:35:08.591776+00:00,/games,1.3
401121949,2019,6,regular,2019-10-05T19:30:00.000Z,False,True,False,True,16109,4246,Center Parc Stadium,2247,Georgia State,fbs,Sun Belt,52,"[7, 24, 7, 14]",0.9868476163740219,1143,1200,2032,Arkansas State,fbs,Sun Belt,38,"[0, 21, 7, 10]",0.013152383625978148,1445,1388,5.7255905487,,,,CollegeFootballData.com API,2026-08-31T17:35:08.591776+00:00,/games,1.3
401110812,2019,6,regular,2019-10-05T19:30:00.000Z,False,True,False,True,90584,3634,Ben Hill Griffin Stadium,57,Florida,fbs,SEC,24,"[7, 10, 0, 7]",0.8992669477905938,1747,1783,2,Auburn,fbs,SEC,13,"[6, 7, 0, 0]",0.1007330522094062,1942,1906,6.6671402528,https://www.youtube.com/watch?v=FsZu3wL0xTs,,,CollegeFootballData.com API,2026-08-31T17:35:08.591776+00:00,/games,1.3
401117877,2019,6,regular,2019-10-05T19:45:00.000Z,False,True,False,False,17143,3817,Malone Stadium,2433,UL Monroe,fbs,Sun Belt,33,"[3, 14, 9, 7]",0.035240504459700096,1245,1241,235,Memphis,fbs,American Athletic,52,"[7, 22, 10, 13]",0.9647594955402999,1675,1679,2.69362877959999,https://www.youtube.com/watch?v=nGDVo-hXIYo,,,CollegeFootballData.com API,2026-08-31T17:35:08.591776+00:00,/games,1.3
401112475,2019,6,regular,2019-10-05T20:00:00.000Z,False,True,False,True,45044,721,Bobby Dodd Stadium,59,Georgia Tech,fbs,ACC,22,"[0, 0, 7, 15]",0.010950326044781125,1469,1431,153,North Carolina,fbs,ACC,38,"[3, 14, 0, 21]",0.9890496739552189,1468,1506,3.4855205435,https://www.youtube.com/watch?v=0NvN2cwQdp0,,,CollegeFootballData.com API,2026-08-31T17:35:08.591776+00:00,/games,1.3
401110815,2019,6,regular,2019-10-05T20:00:00.000Z,False,True,False,False,50023,3838,Memorial Stadium,142,Missouri,fbs,SEC,42,"[21, 21, 0, 0]",0.9999691578491324,1814,1866,2653,Troy,fbs,Sun Belt,10,"[7, 0, 3, 0]",3.084215086757158e-05,1528,1476,0.7270570011,https://www.youtube.com/watch?v=vdn5n3BC2Oo,,,CollegeFootballData.com API,2026-08-31T17:35:08.591776+00:00,/games,1.3
401112242,2019,6,regular,2019-10-05T20:00:00.000Z,False,True,False,True,89384,3834,"Memorial Stadium (Lincoln, NE)",158,Nebraska,fbs,Big Ten,13,"[7, 3, 0, 3]",0.525732713996187,1520,1522,77,Northwestern,fbs,Big Ten,10,"[0, 3, 7, 0]",0.47426728600381296,1565,1563,8.249839187,https://www.youtube.com/watch?v=T3WbVQp8hrI,,,CollegeFootballData.com API,2026-08-31T17:35:08.591776+00:00,/games,1.3
401114167,2019,6,regular,2019-10-05T20:30:00.000Z,False,True,False,True,52569,3726,Folsom Field,38,Colorado,fbs,Pac-12,30,"[3, 17, 7, 3]",0.2626705193131106,1493,1484,12,Arizona,fbs,Pac-12,35,"[7, 7, 14, 7]",0.7373294806868894,1489,1498,8.1354353133,https://www.youtube.com/watch?v=nUMeRoupkXc,,,CollegeFootballData.com API,2026-08-31T17:35:08.591776+00:00,/games,1.3
401114276,2019,6,regular,2019-10-05T22:00:00.000Z,False,True,False,True,18405,3918,S.B. Ballard Stadium,295,Old Dominion,fbs,Conference USA,3,"[0, 3, 0, 0]",0.005069951241512003,1219,1192,98,Western Kentucky,fbs,Conference USA,20,"[0, 10, 3, 7]",0.994930048758488,1353,1380,3.0281115936,https://www.youtube.com/watch?v=uoBdcOs1rKs,,,CollegeFootballData.com API,2026-08-31T17:35:08.591776+00:00,/games,1.3
401114274,2019,6,regular,2019-10-05T23:00:00.000Z,False,True,False,False,12746,218,FIU Stadium,2229,Florida International,fbs,Conference USA,44,"[17, 17, 10, 0]",0.99999612532705,1362,1449,113,Massachusetts,fbs,FBS Independents,0,"[0, 0, 0, 0]",3.874672950043845e-06,1047,960,0.336571256399999,https://www.youtube.com/watch?v=VOAGtIXiuuw,,,CollegeFootballData.com API,2026-08-31T17:35:08.591776+00:00,/games,1.3
401110816,2019,6,regular,2019-10-05T23:00:00.000Z,False,True,False,True,92709,3853,Neyland Stadium,2633,Tennessee,fbs,SEC,14,"[7, 7, 0, 0]",0.007192618190059621,1331,1325,61,Georgia,fbs,SEC,43,"[10, 16, 3, 14]",0.9928073818099403,1991,1997,2.049967939,https://www.youtube.com/watch?v=FoGc_Zjg6l4,,,CollegeFootballData.com API,2026-08-31T17:35:08.591776+00:00,/games,1.3
401114277,2019,6,regular,2019-10-05T23:00:00.000Z,False,True,False,True,23526,3803,Legion Field,5,UAB,fbs,Conference USA,35,"[0, 21, 14, 0]",0.9952886396368749,1543,1545,242,Rice,fbs,Conference USA,20,"[7, 13, 0, 0]",0.004711360363125139,1189,1187,4.2053450867,https://www.youtube.com/watch?v=FM_mRoD9e4Q,,,CollegeFootballData.com API,2026-08-31T17:35:08.591776+00:00,/games,1.3
401117878,2019,6,regular,2019-10-05T23:30:00.000Z,False,True,False,True,28142,3735,Gerald J. Ford Stadium,2567,SMU,fbs,American Athletic,43,"[6, 3, 0, 21, 7, 0, 6]",0.3153775842142338,1586,1583,202,Tulsa,fbs,American Athletic,37,"[3, 20, 7, 0, 7, 0, 0]",0.6846224157857662,1363,1366,7.32161829609999,https://www.youtube.com/watch?v=VsS6TRsg1_k,,,CollegeFootballData.com API,2026-08-31T17:35:08.591776+00:00,/games,1.3
401110814,2019,6,regular,2019-10-05T23:30:00.000Z,False,True,False,True,47601,3974,Vaught-Hemingway Stadium,145,Ole Miss,fbs,SEC,31,"[10, 0, 14, 7]",0.9998205563387341,1480,1538,238,Vanderbilt,fbs,SEC,6,"[0, 6, 0, 0]",0.00017944366126587674,1436,1378,3.51299807329999,https://www.youtube.com/watch?v=UTgk6G86w-I,,,CollegeFootballData.com API,2026-08-31T17:35:08.591776+00:00,/games,1.3
401112216,2019,6,regular,2019-10-05T23:30:00.000Z,False,True,False,True,104797,3861,Ohio Stadium,194,Ohio State,fbs,Big Ten,34,"[3, 24, 0, 7]",0.9916686788096093,2203,2214,127,Michigan State,fbs,Big Ten,10,"[0, 10, 0, 0]",0.008331321190390706,1728,1717,1.2566887765,https://www.youtube.com/watch?v=eYsN3swjwpM,,,CollegeFootballData.com API,2026-08-31T17:35:08.591776+00:00,/games,1.3
401114177,2019,6,regular,2019-10-06T00:00:00.000Z,False,True,False,True,54766,3626,Autzen Stadium,2483,Oregon,fbs,Pac-12,17,"[0, 0, 10, 7]",0.9709210287803008,1821,1819,25,California,fbs,Pac-12,7,"[7, 0, 0, 0]",0.029078971219699157,1538,1540,5.8083322191,https://www.youtube.com/watch?v=E5jACW0bs5k,,,CollegeFootballData.com API,2026-08-31T17:35:08.591776+00:00,/games,1.3
401114278,2019,6,regular,2019-10-06T00:00:00.000Z,False,True,False,True,13876,3946,Sun Bowl,2638,UTEP,fbs,Conference USA,16,"[0, 3, 7, 6]",0.06359607940305916,1068,1043,2636,UTSA,fbs,Conference USA,26,"[7, 3, 6, 10]",0.9364039205969409,1025,1050,4.4136141711,https://www.youtube.com/watch?v=sjgnbD1q-PY,,,CollegeFootballData.com API,2026-08-31T17:35:08.591776+00:00,/games,1.3
401114342,2019,6,regular,2019-10-06T00:00:00.000Z,False,True,False,False,23140,3601,Aggie Memorial Stadium,166,New Mexico State,fbs,FBS Independents,13,"[0, 0, 6, 7]",0.4399030262067756,1070,1074,2335,Liberty,fbs,FBS Independents,20,"[3, 7, 3, 7]",0.5600969737932244,1306,1302,6.1896285114,,,,CollegeFootballData.com API,2026-08-31T17:35:08.591776+00:00,/games,1.3
401112474,2019,6,regular,2019-10-06T00:00:00.000Z,False,True,False,True,22610,3982,Wallace Wade Stadium,150,Duke,fbs,ACC,30,"[3, 0, 7, 20]",0.31463352877922424,1626,1618,221,Pittsburgh,fbs,ACC,33,"[10, 9, 7, 7]",0.6853664712207758,1575,1583,7.3524879709,https://www.youtube.com/watch?v=6oZiwL-Tzz4,,,CollegeFootballData.com API,2026-08-31T17:35:08.591776+00:00,/games,1.3
401114203,2019,6,regular,2019-10-06T01:00:00.000Z,False,True,False,True,48532,1056,Rose Bowl,26,UCLA,fbs,Pac-12,31,"[0, 10, 14, 7]",0.012142439226496923,1405,1344,204,Oregon State,fbs,Pac-12,48,"[21, 6, 14, 7]",0.9878575607735031,1225,1286,3.3957745072,https://www.youtube.com/watch?v=pwlddeCygn0,,,CollegeFootballData.com API,2026-08-31T17:35:08.591776+00:00,/games,1.3
401117518,2019,6,regular,2019-10-06T02:00:00.000Z,False,True,False,True,29767,5388,Canvas Stadium,36,Colorado State,fbs,Mountain West,10,"[3, 0, 0, 7]",0.015509843327842882,1246,1238,21,San Diego State,fbs,Mountain West,24,"[3, 7, 7, 7]",0.9844901566721571,1506,1514,3.53669606089999,https://www.youtube.com/watch?v=mEXLLxjF73M,,,CollegeFootballData.com API,2026-08-31T17:35:08.591776+00:00,/games,1.3
401114209,2019,6,regular,2019-10-06T02:30:00.000Z,False,True,False,True,33225,3940,Stanford Stadium,24,Stanford,fbs,Pac-12,23,"[3, 10, 7, 3]",0.8445613793171183,1539,1578,264,Washington,fbs,Pac-12,13,"[7, 3, 3, 0]",0.15543862068288172,1822,1783,5.761788682,https://www.youtube.com/watch?v=k36iI3PGYOw,,,CollegeFootballData.com API,2026-08-31T17:35:08.591776+00:00,/games,1.3
401117517,2019,6,regular,2019-10-06T02:30:00.000Z,False,True,False,True,24681,3914,Sam Boyd Stadium,2439,UNLV,fbs,Mountain West,13,"[0, 0, 7, 6]",0.0039484542317293325,1163,1155,68,Boise State,fbs,Mountain West,38,"[7, 10, 7, 14]",0.9960515457682707,1700,1708,0.988818879799999,https://www.youtube.com/watch?v=9_eUHPeoCLc,,,CollegeFootballData.com API,2026-08-31T17:35:08.591776+00:00,/games,1.3
401121950,2019,7,regular,2019-10-10T00:00:00.000Z,False,True,False,True,21012,3666,Cajun Field,309,Louisiana,fbs,Sun Belt,7,"[0, 7, 0, 0]",0.013490586178936581,1517,1511,2026,App State,fbs,Sun Belt,17,"[7, 0, 3, 7]",0.9865094138210634,1694,1700,6.1217314537,https://www.youtube.com/watch?v=GZGx8Z1KwUo,,,CollegeFootballData.com API,2026-08-31T17:35:08.591776+00:00,/games,1.3
401112477,2019,7,regular,2019-10-11T00:00:00.000Z,False,True,False,True,55860,3670,Carter-Finley Stadium,152,NC State,fbs,ACC,16,"[6, 7, 3, 0]",0.984792152346043,1539,1545,183,Syracuse,fbs,ACC,10,"[0, 0, 3, 7]",0.015207847653956996,1512,1506,4.1611704525,https://www.youtube.com/watch?v=-aGdEgLb1bU,,,CollegeFootballData.com API,2026-08-31T17:35:08.591776+00:00,/games,1.3
401121951,2019,7,regular,2019-10-11T01:15:00.000Z,False,True,False,True,16783,3644,Bobcat Stadium (TX),326,Texas State,fbs,Sun Belt,14,"[0, 7, 7, 0]",0.008970058373782643,1148,1135,2433,UL Monroe,fbs,Sun Belt,24,"[7, 10, 0, 7]",0.9910299416262174,1241,1254,6.2255042308,https://www.youtube.com/watch?v=eu92chyUS5s,,,CollegeFootballData.com API,2026-08-31T17:35:08.591776+00:00,/games,1.3
401112478,2019,7,regular,2019-10-12T00:00:00.000Z,False,True,False,True,54538,3948,Hard Rock Stadium,2390,Miami,fbs,ACC,17,"[7, 0, 0, 10]",0.994622378689778,1565,1580,258,Virginia,fbs,ACC,9,"[0, 3, 0, 6]",0.005377621310222014,1615,1600,7.2219940422,https://www.youtube.com/watch?v=N-FVufhKd4c,,,CollegeFootballData.com API,2026-08-31T17:35:08.591776+00:00,/games,1.3
401117522,2019,7,regular,2019-10-12T00:00:00.000Z,False,True,False,True,15393,3971,University Stadium (NM),167,New Mexico,fbs,Mountain West,21,"[6, 8, 0, 7]",0.017245741195916018,1168,1143,36,Colorado State,fbs,Mountain West,35,"[7, 14, 7, 7]",0.982754258804084,1238,1263,4.7780883373,https://www.youtube.com/watch?v=nJjM__squVY,,,CollegeFootballData.com API,2026-08-31T17:35:08.591776+00:00,/games,1.3
401114186,2019,7,regular,2019-10-12T02:00:00.000Z,False,True,False,True,50529,3626,Autzen Stadium,2483,Oregon,fbs,Pac-12,45,"[7, 17, 14, 7]",0.9999819177628323,1819,1897,38,Colorado,fbs,Pac-12,3,"[3, 0, 0, 0]",1.808223716770474e-05,1484,1406,0.7697380059,https://www.youtube.com/watch?v=uBloTzouaW0,,,CollegeFootballData.com API,2026-08-31T17:35:08.591776+00:00,/games,1.3
401112118,2019,7,regular,2019-10-12T16:00:00.000Z,False,True,True,True,92100,499,Cotton Bowl,251,Texas,fbs,Big 12,27,"[0, 3, 14, 10]",0.09846574775909309,1773,1778,201,Oklahoma,fbs,Big 12,34,"[7, 3, 10, 14]",0.9015342522409069,1969,1964,4.25673557409999,https://www.youtube.com/watch?v=SH0lW3QRe3Q,,,CollegeFootballData.com API,2026-08-31T17:35:08.591776+00:00,/games,1.3
401112162,2019,7,regular,2019-10-12T16:00:00.000Z,False,True,False,True,37055,3830,"Memorial Stadium (Bloomington, IN)",84,Indiana,fbs,Big Ten,35,"[21, 0, 14, 0]",0.9999922087565712,1492,1543,164,Rutgers,fbs,Big Ten,0,"[0, 0, 0, 0]",7.791243428756367e-06,1110,1059,0.1614163073,https://www.youtube.com/watch?v=UyaC8yazTxw,,,CollegeFootballData.com API,2026-08-31T17:35:08.591776+00:00,/games,1.3
401112206,2019,7,regular,2019-10-12T16:00:00.000Z,False,True,False,True,52296,3907,Ross-Ade Stadium,2509,Purdue,fbs,Big Ten,40,"[13, 17, 3, 7]",0.999909384052336,1469,1545,120,Maryland,fbs,Big Ten,14,"[0, 14, 0, 0]",9.061594766401893e-05,1549,1473,3.43154821729999,https://www.youtube.com/watch?v=LK1xL7-33D4,,,CollegeFootballData.com API,2026-08-31T17:35:08.591776+00:00,/games,1.3
401117881,2019,7,regular,2019-10-12T16:00:00.000Z,False,True,False,True,34253,3806,Lincoln Financial Field,218,Temple,fbs,American Athletic,30,"[13, 10, 0, 7]",0.2882675538894907,1549,1551,235,Memphis,fbs,American Athletic,28,"[0, 14, 7, 7]",0.7117324461105092,1679,1677,8.1848987057,https://www.youtube.com/watch?v=jlietEGgnh0,,,CollegeFootballData.com API,2026-08-31T17:35:08.591776+00:00,/games,1.3
401119278,2019,7,regular,2019-10-12T16:00:00.000Z,False,True,False,True,21702,3980,Waldo Stadium,2711,Western Michigan,fbs,Mid-American,38,"[0, 21, 0, 17]",0.9961029961381593,1390,1434,193,Miami (OH),fbs,Mid-American,16,"[6, 0, 3, 7]",0.0038970038618406644,1301,1257,4.89768559149999,,,,CollegeFootballData.com API,2026-08-31T17:35:08.591776+00:00,/games,1.3
401110817,2019,7,regular,2019-10-12T16:00:00.000Z,False,True,False,True,92746,3917,Sanford Stadium,61,Georgia,fbs,SEC,17,"[3, 7, 0, 7, 0, 0]",0.8947305774806289,1997,1962,2579,South Carolina,fbs,SEC,20,"[7, 10, 0, 0, 0, 3]",0.1052694225193711,1547,1582,9.9949381728,https://www.youtube.com/watch?v=nYc0UJJv-jw,,,CollegeFootballData.com API,2026-08-31T17:35:08.591776+00:00,/games,1.3
401110821,2019,7,regular,2019-10-12T16:00:00.000Z,False,True,False,True,85462,3853,Neyland Stadium,2633,Tennessee,fbs,SEC,20,"[7, 3, 3, 7]",0.9294125837622916,1325,1373,344,Mississippi State,fbs,SEC,10,"[0, 3, 0, 7]",0.07058741623770837,1712,1664,5.06916461899999,https://www.youtube.com/watch?v=gSPyfUn5M9g,,,CollegeFootballData.com API,2026-08-31T17:35:08.591776+00:00,/games,1.3
401112150,2019,7,regular,2019-10-12T16:00:00.000Z,False,True,False,True,37275,3832,"Memorial Stadium (Champaign, IL)",356,Illinois,fbs,Big Ten,25,"[0, 7, 10, 8]",0.005667925516807311,1340,1346,130,Michigan,fbs,Big Ten,42,"[14, 14, 0, 14]",0.9943320744831927,1838,1832,1.1339127634,https://www.youtube.com/watch?v=gShOMahP5H4,,,CollegeFootballData.com API,2026-08-31T17:35:08.591776+00:00,/games,1.3
401119280,2019,7,regular,2019-10-12T16:00:00.000Z,False,True,False,True,19199,3700,Doyt L. Perry Stadium,189,Bowling Green,fbs,Mid-American,20,"[10, 7, 3, 0]",0.8208718910077046,899,986,2649,Toledo,fbs,Mid-American,7,"[0, 7, 0, 0]",0.17912810899229537,1514,1427,5.7175731394,,,,CollegeFootballData.com API,2026-08-31T17:35:08.591776+00:00,/games,1.3
401112480,2019,7,regular,2019-10-12T16:30:00.000Z,False,True,False,True,21741,3982,Wallace Wade Stadium,150,Duke,fbs,ACC,41,"[10, 28, 3, 0]",0.7855889734016444,1618,1641,59,Georgia Tech,fbs,ACC,23,"[7, 7, 3, 6]",0.21441102659835565,1431,1408,1.42544879389999,https://www.youtube.com/watch?v=Y9XqrxX6dYg,,,CollegeFootballData.com API,2026-08-31T17:35:08.591776+00:00,/games,1.3
401119276,2019,7,regular,2019-10-12T18:00:00.000Z,False,True,False,True,17852,3912,Rynearson Stadium,2199,Eastern Michigan,fbs,Mid-American,23,"[7, 10, 6, 0]",0.07202597170997709,1333,1315,2050,Ball State,fbs,Mid-American,29,"[0, 14, 7, 8]",0.927974028290023,1233,1251,7.3040580753,,,,CollegeFootballData.com API,2026-08-31T17:35:08.591776+00:00,/games,1.3
401114283,2019,7,regular,2019-10-12T18:30:00.000Z,False,True,False,True,18351,3775,Joan C. Edwards Stadium,276,Marshall,fbs,Conference USA,31,"[7, 10, 7, 7]",0.9972242740301128,1383,1395,295,Old Dominion,fbs,Conference USA,17,"[0, 10, 7, 0]",0.0027757259698871772,1192,1180,2.6104146951,https://www.youtube.com/watch?v=x6gSOSVbyEI,,,CollegeFootballData.com API,2026-08-31T17:35:08.591776+00:00,/games,1.3
401114343,2019,7,regular,2019-10-12T19:00:00.000Z,False,True,False,False,15764,3786,Kelly/Shorts Stadium,2117,Central Michigan,fbs,Mid-American,42,"[14, 14, 6, 8]",0.42741347645258193,1272,1284,166,New Mexico State,fbs,FBS Independents,28,"[7, 14, 0, 7]",0.5725865235474181,1074,1062,2.3588825074,,,,CollegeFootballData.com API,2026-08-31T17:35:08.591776+00:00,/games,1.3
401117879,2019,7,regular,2019-10-12T19:30:00.000Z,False,True,False,True,25716,4728,TDECU Stadium,248,Houston,fbs,American Athletic,23,"[3, 7, 7, 6]",0.029028803078301114,1520,1501,2132,Cincinnati,fbs,American Athletic,38,"[14, 7, 0, 17]",0.9709711969216989,1688,1707,4.11675371229999,https://www.youtube.com/watch?v=FFRn_7tAfNg,,,CollegeFootballData.com API,2026-08-31T17:35:08.591776+00:00,/games,1.3
401119279,2019,7,regular,2019-10-12T19:30:00.000Z,False,True,False,True,18019,3876,Peden Stadium,195,Ohio,fbs,Mid-American,36,"[7, 14, 0, 15]",0.046337907385440226,1592,1569,2459,Northern Illinois,fbs,Mid-American,39,"[10, 0, 12, 17]",0.9536620926145598,1305,1328,7.5233776872,,,,CollegeFootballData.com API,2026-08-31T17:35:08.591776+00:00,/games,1.3
401119277,2019,7,regular,2019-10-12T19:30:00.000Z,False,True,False,True,22692,3768,InfoCision Stadium,2006,Akron,fbs,Mid-American,3,"[0, 3, 0, 0]",0.027347228748409957,1061,1015,2309,Kent State,fbs,Mid-American,26,"[7, 10, 0, 9]",0.97265277125159,1182,1228,2.4453678379,,,,CollegeFootballData.com API,2026-08-31T17:35:08.591776+00:00,/games,1.3
401110822,2019,7,regular,2019-10-12T19:30:00.000Z,False,True,False,True,106749,3795,Kyle Field,245,Texas A&M,fbs,SEC,28,"[7, 6, 7, 8]",0.013617477199949152,1746,1739,333,Alabama,fbs,SEC,47,"[14, 10, 10, 13]",0.9863825228000509,2144,2151,2.37622016169999,https://www.youtube.com/watch?v=v8ICkhvkjCo,,,CollegeFootballData.com API,2026-08-31T17:35:08.591776+00:00,/games,1.3
401112217,2019,7,regular,2019-10-12T19:30:00.000Z,False,True,False,True,80470,347,Camp Randall Stadium,275,Wisconsin,fbs,Big Ten,38,"[7, 10, 0, 21]",0.9999557244104839,1982,2056,127,Michigan State,fbs,Big Ten,0,"[0, 0, 0, 0]",4.4275589516140634e-05,1717,1643,1.36349714189999,https://www.youtube.com/watch?v=Ig_B57279Ok,,,CollegeFootballData.com API,2026-08-31T17:35:08.591776+00:00,/games,1.3
401112479,2019,7,regular,2019-10-12T19:30:00.000Z,False,True,False,True,80500,3836,"Memorial Stadium (Clemson, SC)",228,Clemson,fbs,ACC,45,"[14, 14, 14, 3]",0.9989664453926137,2157,2169,52,Florida State,fbs,ACC,14,"[0, 0, 7, 7]",0.0010335546073863,1511,1499,0.2443894865,https://www.youtube.com/watch?v=Vcs8EnyeJ_A,,,CollegeFootballData.com API,2026-08-31T17:35:08.591776+00:00,/games,1.3
401114157,2019,7,regular,2019-10-12T19:30:00.000Z,False,True,False,True,48536,3947,Mountain America Stadium,9,Arizona State,fbs,Pac-12,38,"[0, 17, 7, 14]",0.5243253597055922,1616,1620,265,Washington State,fbs,Pac-12,34,"[10, 7, 14, 3]",0.47567464029440776,1657,1653,7.5769134754,https://www.youtube.com/watch?v=l6y6h5GEc-g,,,CollegeFootballData.com API,2026-08-31T17:35:08.591776+00:00,/games,1.3
401117214,2019,7,regular,2019-10-12T19:30:00.000Z,False,True,False,False,35375,3886,Raymond James Stadium,58,South Florida,fbs,American Athletic,27,"[0, 7, 7, 13]",0.7030666470828538,1304,1312,252,BYU,fbs,FBS Independents,23,"[3, 13, 7, 0]",0.2969333529171462,1470,1462,6.2389582286,https://www.youtube.com/watch?v=PjDwFFdnVkQ,,,CollegeFootballData.com API,2026-08-31T17:35:08.591776+00:00,/games,1.3
401117880,2019,7,regular,2019-10-12T19:45:00.000Z,False,True,False,True,17040,4729,Yulman Stadium,2655,Tulane,fbs,American Athletic,49,"[14, 14, 14, 7]",0.9999352856914542,1555,1603,41,UConn,fbs,American Athletic,7,"[0, 0, 0, 7]",6.471430854582128e-05,971,923,0.148151510099999,https://www.youtube.com/watch?v=wmwGvf1lTvQ,,,CollegeFootballData.com API,2026-08-31T17:35:08.591776+00:00,/games,1.3
401110823,2019,7,regular,2019-10-12T20:00:00.000Z,False,True,False,False,20048,3973,FirstBank Stadium,238,Vanderbilt,fbs,SEC,10,"[7, 3, 0, 0]",0.10294974225073816,1378,1286,2439,UNLV,fbs,Mountain West,34,"[7, 17, 0, 10]",0.8970502577492618,1155,1247,3.5646806075,https://www.youtube.com/watch?v=bvbeLzUU36Q,,,CollegeFootballData.com API,2026-08-31T17:35:08.591776+00:00,/games,1.3
401117524,2019,7,regular,2019-10-12T20:00:00.000Z,False,True,False,True,15311,3816,Mackay Stadium,2440,Nevada,fbs,Mountain West,41,"[14, 10, 7, 10]",0.8133275263498657,1107,1109,23,San José State,fbs,Mountain West,38,"[3, 7, 14, 14]",0.18667247365013429,1214,1212,6.49071409509999,https://www.youtube.com/watch?v=CtJgzXQbVyE,,,CollegeFootballData.com API,2026-08-31T17:35:08.591776+00:00,/games,1.3
401114280,2019,7,regular,2019-10-12T20:00:00.000Z,False,True,False,True,12107,3715,FAU Stadium,2226,Florida Atlantic,fbs,Conference USA,28,"[2, 10, 10, 6]",0.7996939576474754,1470,1490,2393,Middle Tennessee,fbs,Conference USA,13,"[6, 7, 0, 0]",0.20030604235252458,1340,1320,4.0865107157,https://www.youtube.com/watch?v=N6y8fE5RIiI,,,CollegeFootballData.com API,2026-08-31T17:35:08.591776+00:00,/games,1.3
401112482,2019,7,regular,2019-10-12T20:00:00.000Z,False,True,False,False,51716,3799,Lane Stadium,259,Virginia Tech,fbs,ACC,34,"[10, 7, 7, 10]",0.9948133183513763,,,227,Rhode Island,fcs,CAA,17,"[0, 6, 11, 0]",0.005186681648623681,,,0.934353853399998,https://www.youtube.com/watch?v=PWGr2YerIKg,,,CollegeFootballData.com API,2026-08-31T17:35:08.591776+00:00,/games,1.3
401112078,2019,7,regular,2019-10-12T20:00:00.000Z,False,True,False,True,47264,4727,McLane Stadium,239,Baylor,fbs,Big 12,33,"[0, 3, 14, 3, 7, 6]",0.5472991145576119,1617,1617,2641,Texas Tech,fbs,Big 12,30,"[3, 3, 7, 7, 7, 3]",0.45270088544238807,1529,1529,8.9465089293,https://www.youtube.com/watch?v=6PnytLZikls,,,CollegeFootballData.com API,2026-08-31T17:35:08.591776+00:00,/games,1.3
401112089,2019,7,regular,2019-10-12T20:00:00.000Z,False,True,False,True,51836,3842,Milan Puskar Stadium,277,West Virginia,fbs,Big 12,14,"[7, 7, 0, 0]",0.0049898159625642955,1632,1589,66,Iowa State,fbs,Big 12,38,"[0, 14, 7, 17]",0.9950101840374357,1813,1856,4.3833424692,https://www.youtube.com/watch?v=mHsN2VzD1FA,,,CollegeFootballData.com API,2026-08-31T17:35:08.591776+00:00,/games,1.3
401121952,2019,7,regular,2019-10-12T21:00:00.000Z,False,True,False,True,17249,3654,Brooks Stadium (SC),324,Coastal Carolina,fbs,Sun Belt,21,"[3, 3, 7, 8]",0.07689417677174278,1341,1307,2247,Georgia State,fbs,Sun Belt,31,"[3, 14, 14, 0]",0.9231058232282572,1200,1234,4.9172299551,,,,CollegeFootballData.com API,2026-08-31T17:35:08.591776+00:00,/games,1.3
401114284,2019,7,regular,2019-10-12T22:00:00.000Z,False,True,False,True,15728,3604,Alamodome,2636,UTSA,fbs,Conference USA,14,"[0, 7, 7, 0]",0.00701572274486854,1050,1052,5,UAB,fbs,Conference USA,33,"[3, 13, 7, 10]",0.9929842772551315,1545,1543,2.9552232402,https://www.youtube.com/watch?v=EvnieKQIcLY,,,CollegeFootballData.com API,2026-08-31T17:35:08.591776+00:00,/games,1.3
401110820,2019,7,regular,2019-10-12T23:00:00.000Z,False,True,False,True,62621,3838,Memorial Stadium,142,Missouri,fbs,SEC,38,"[3, 9, 23, 3]",0.9539337698019422,1866,1862,145,Ole Miss,fbs,SEC,27,"[7, 0, 7, 13]",0.04606623019805778,1538,1542,3.2937485646,https://www.youtube.com/watch?v=Z7jrqafLJLQ,,,CollegeFootballData.com API,2026-08-31T17:35:08.591776+00:00,/games,1.3
401114281,2019,7,regular,2019-10-12T23:00:00.000Z,False,True,False,False,19682,3776,Joe Aillet Stadium,2348,Louisiana Tech,fbs,Conference USA,69,"[28, 24, 10, 7]",0.9999375641133388,1424,1505,113,Massachusetts,fbs,FBS Independents,21,"[0, 14, 7, 0]",6.243588666121624e-05,960,879,0.121302648500001,https://www.youtube.com/watch?v=GzlKFHSkVuw,,,CollegeFootballData.com API,2026-08-31T17:35:08.591776+00:00,/games,1.3
401114285,2019,7,regular,2019-10-12T23:00:00.000Z,False,True,False,False,16107,3796,Houchens Industries-L.T. Smith Stadium,98,Western Kentucky,fbs,Conference USA,17,"[7, 0, 3, 7]",0.9721024432035205,1380,1416,349,Army,fbs,FBS Independents,8,"[0, 0, 0, 8]",0.02789755679647954,1675,1639,4.0952654184,https://www.youtube.com/watch?v=y6dHubbwNoE,,,CollegeFootballData.com API,2026-08-31T17:35:08.591776+00:00,/games,1.3
401114282,2019,7,regular,2019-10-12T23:00:00.000Z,False,True,False,True,25225,3815,M. M. Roberts Stadium,2572,Southern Miss,fbs,Conference USA,45,"[13, 15, 10, 7]",0.9976361354232345,1423,1465,249,North Texas,fbs,Conference USA,27,"[7, 13, 0, 7]",0.0023638645767655175,1444,1402,4.4453774741,https://www.youtube.com/watch?v=JrGAs3ndO4Q,,,CollegeFootballData.com API,2026-08-31T17:35:08.591776+00:00,/games,1.3
401117520,2019,7,regular,2019-10-12T23:00:00.000Z,False,True,False,True,22544,3713,Falcon Stadium,2005,Air Force,fbs,Mountain West,43,"[7, 15, 7, 14]",0.9846773461890033,1498,1557,278,Fresno State,fbs,Mountain West,24,"[14, 10, 0, 0]",0.015322653810996734,1643,1584,4.25841262279999,https://www.youtube.com/watch?v=dBBhhR1Spz0,,,CollegeFootballData.com API,2026-08-31T17:35:08.591776+00:00,/games,1.3
401114279,2019,7,regular,2019-10-12T23:00:00.000Z,False,True,False,True,16834,218,FIU Stadium,2229,Florida International,fbs,Conference USA,48,"[7, 21, 13, 7]",0.9973784717049291,1449,1497,2429,Charlotte,fbs,Conference USA,23,"[10, 7, 6, 0]",0.0026215282950708962,1318,1270,2.84684270539999,https://www.youtube.com/watch?v=31o0U61zUQs,,,CollegeFootballData.com API,2026-08-31T17:35:08.591776+00:00,/games,1.3
401114222,2019,7,regular,2019-10-12T23:30:00.000Z,False,True,False,False,77622,3855,Notre Dame Stadium,87,Notre Dame,fbs,FBS Independents,30,"[0, 17, 3, 10]",0.3010511492890191,1905,1903,30,USC,fbs,Pac-12,27,"[3, 0, 10, 14]",0.6989488507109809,1653,1655,4.5556305317,https://www.youtube.com/watch?v=TjM7kDhpHw8,,,CollegeFootballData.com API,2026-08-31T17:35:08.591776+00:00,/games,1.3
401112481,2019,7,regular,2019-10-12T23:30:00.000Z,False,True,False,True,24434,3630,Allegacy Federal Credit Union Stadium,154,Wake Forest,fbs,ACC,59,"[7, 14, 10, 28]",0.9613691850494106,1592,1567,97,Louisville,fbs,ACC,62,"[21, 10, 14, 17]",0.0386308149505894,1278,1303,6.2468158781,https://www.youtube.com/watch?v=_7KJA2jaQHQ,,,CollegeFootballData.com API,2026-08-31T17:35:08.591776+00:00,/games,1.3
401112233,2019,7,regular,2019-10-12T23:30:00.000Z,False,True,False,True,43502,3953,Huntington Bank Stadium,135,Minnesota,fbs,Big Ten,34,"[7, 7, 20, 0]",0.9999851032513388,1639,1695,158,Nebraska,fbs,Big Ten,7,"[0, 0, 0, 7]",1.4896748661175074e-05,1522,1466,2.02865320619999,https://www.youtube.com/watch?v=GXTLT5wTH8Y,,,CollegeFootballData.com API,2026-08-31T17:35:08.591776+00:00,/games,1.3
401117882,2019,7,regular,2019-10-12T23:30:00.000Z,False,True,False,True,17951,3674,Chapman Stadium,202,Tulsa,fbs,American Athletic,17,"[3, 0, 7, 7]",0.0040711456624039095,1366,1303,2426,Navy,fbs,American Athletic,45,"[7, 21, 0, 17]",0.995928854337596,1477,1540,2.8085032884,,,,CollegeFootballData.com API,2026-08-31T17:35:08.591776+00:00,/games,1.3
401110818,2019,7,regular,2019-10-12T23:30:00.000Z,False,True,False,True,57060,3683,Kroger Field,96,Kentucky,fbs,SEC,24,"[0, 7, 10, 7]",0.9838670629954263,1582,1579,8,Arkansas,fbs,SEC,20,"[7, 6, 0, 7]",0.016132937004573744,1368,1371,7.0035034706,https://www.youtube.com/watch?v=uVNsWmsu8FM,,,CollegeFootballData.com API,2026-08-31T17:35:08.591776+00:00,/games,1.3
401112195,2019,7,regular,2019-10-12T23:30:00.000Z,False,True,False,True,69034,3793,Kinnick Stadium,2294,Iowa,fbs,Big Ten,12,"[3, 3, 0, 6]",0.4950015120216268,1894,1893,213,Penn State,fbs,Big Ten,17,"[0, 7, 3, 7]",0.5049984879783732,2003,2004,7.1493660762,https://www.youtube.com/watch?v=11C2YgsPc3Q,,,CollegeFootballData.com API,2026-08-31T17:35:08.591776+00:00,/games,1.3
401114204,2019,7,regular,2019-10-13T00:00:00.000Z,False,True,False,True,31730,3893,Reser Stadium,204,Oregon State,fbs,Pac-12,7,"[0, 0, 0, 7]",0.003550411927874613,1286,1214,254,Utah,fbs,Pac-12,52,"[21, 14, 14, 3]",0.9964495880721254,1762,1834,0.8957728282,https://www.youtube.com/watch?v=rWJpTQm1Huo,,,CollegeFootballData.com API,2026-08-31T17:35:08.591776+00:00,/games,1.3
401110819,2019,7,regular,2019-10-13T00:00:00.000Z,False,True,False,True,102321,3958,Tiger Stadium (LA),99,LSU,fbs,SEC,42,"[7, 14, 14, 7]",0.9994971180038683,1970,1983,57,Florida,fbs,SEC,28,"[7, 14, 7, 0]",0.0005028819961316877,1783,1770,4.163846441,https://www.youtube.com/watch?v=DynpyUPpxok,,,CollegeFootballData.com API,2026-08-31T17:35:08.591776+00:00,/games,1.3
401117521,2019,7,regular,2019-10-13T02:15:00.000Z,False,True,False,True,36902,3653,Albertsons Stadium,68,Boise State,fbs,Mountain West,59,"[14, 17, 21, 7]",0.997270229261174,1708,1732,62,Hawai'i,fbs,Mountain West,37,"[7, 7, 7, 16]",0.002729770738825965,1429,1405,1.51292756989999,https://www.youtube.com/watch?v=zH4h2Q7v3wg,,,CollegeFootballData.com API,2026-08-31T17:35:08.591776+00:00,/games,1.3
401117523,2019,7,regular,2019-10-13T02:30:00.000Z,False,True,False,True,28758,3932,Qualcomm Stadium,21,San Diego State,fbs,Mountain West,26,"[3, 3, 13, 7]",0.8597091780259913,1514,1519,2751,Wyoming,fbs,Mountain West,22,"[0, 14, 0, 8]",0.14029082197400866,1569,1564,6.3149326447,https://www.youtube.com/watch?v=B2gN6Z3ZlsI,,,CollegeFootballData.com API,2026-08-31T17:35:08.591776+00:00,/games,1.3
401114168,2019,7,regular,2019-10-13T03:00:00.000Z,False,True,False,True,47933,3619,Arizona Stadium,12,Arizona,fbs,Pac-12,27,"[0, 17, 0, 10]",0.006428287018111304,1498,1467,264,Washington,fbs,Pac-12,51,"[6, 7, 14, 24]",0.9935717129818887,1783,1814,4.9697568136,https://www.youtube.com/watch?v=EWxa5bZ1cmU,,,CollegeFootballData.com API,2026-08-31T17:35:08.591776+00:00,/games,1.3
401121953,2019,8,regular,2019-10-17T00:00:00.000Z,False,True,False,True,23182,3975,Veterans Memorial Stadium (AL),2653,Troy,fbs,Sun Belt,37,"[3, 13, 7, 14]",0.9999307133390809,1476,1494,6,South Alabama,fbs,Sun Belt,13,"[3, 7, 3, 0]",6.928666091909896e-05,1078,1060,3.10956472379999,https://www.youtube.com/watch?v=nSBMhjI0h3g,,,CollegeFootballData.com API,2026-08-31T17:35:08.591776+00:00,/games,1.3
401121954,2019,8,regular,2019-10-17T23:30:00.000Z,False,True,False,True,19176,3625,Centennial Bank Stadium,2032,Arkansas State,fbs,Sun Belt,20,"[7, 3, 3, 7]",0.012087542994397207,1388,1360,309,Louisiana,fbs,Sun Belt,37,"[7, 17, 0, 13]",0.9879124570056028,1511,1539,4.0683519972,https://www.youtube.com/watch?v=rW-BExuBTck,,,CollegeFootballData.com API,2026-08-31T17:35:08.591776+00:00,/games,1.3
401114210,2019,8,regular,2019-10-18T01:00:00.000Z,False,True,False,True,31464,3940,Stanford Stadium,24,Stanford,fbs,Pac-12,16,"[10, 0, 0, 6]",0.010445498603792892,1578,1507,26,UCLA,fbs,Pac-12,34,"[14, 7, 6, 7]",0.9895545013962072,1344,1415,4.57592782629999,https://www.youtube.com/watch?v=q7NAx9AUdsI,,,CollegeFootballData.com API,2026-08-31T17:35:08.591776+00:00,/games,1.3
401114288,2019,8,regular,2019-10-18T22:30:00.000Z,False,True,False,True,15138,3715,FAU Stadium,2226,Florida Atlantic,fbs,Conference USA,31,"[14, 3, 0, 14]",0.8342658895634868,1490,1475,276,Marshall,fbs,Conference USA,36,"[10, 7, 5, 14]",0.1657341104365132,1395,1410,8.4162555191,https://www.youtube.com/watch?v=yT8dp273cuw,,,CollegeFootballData.com API,2026-08-31T17:35:08.591776+00:00,/games,1.3
401112483,2019,8,regular,2019-10-18T23:00:00.000Z,False,True,False,True,44886,1964,JMA Wireless Dome,183,Syracuse,fbs,ACC,20,"[3, 3, 7, 7]",0.05961050040104308,1506,1499,221,Pittsburgh,fbs,ACC,27,"[10, 14, 0, 3]",0.9403894995989569,1583,1590,4.8604519055,https://www.youtube.com/watch?v=oi-dDvK2pxI,,,CollegeFootballData.com API,2026-08-31T17:35:08.591776+00:00,/games,1.3
401112248,2019,8,regular,2019-10-19T00:30:00.000Z,False,True,False,True,47330,3911,Ryan Field,77,Northwestern,fbs,Big Ten,3,"[3, 0, 0, 0]",0.003552676586036523,1563,1500,194,Ohio State,fbs,Big Ten,52,"[7, 24, 7, 14]",0.9964473234139635,2214,2277,0.6901620654,https://www.youtube.com/watch?v=o-sJOjf0ntc,,,CollegeFootballData.com API,2026-08-31T17:35:08.591776+00:00,/games,1.3
401117528,2019,8,regular,2019-10-19T02:00:00.000Z,False,True,False,True,26256,3660,Valley Children's Stadium,278,Fresno State,fbs,Mountain West,56,"[7, 21, 7, 21]",0.9997000483224383,1584,1622,2439,UNLV,fbs,Mountain West,27,"[3, 14, 3, 7]",0.00029995167756169394,1247,1209,2.33228138229999,https://www.youtube.com/watch?v=W-QmSCs1InA,,,CollegeFootballData.com API,2026-08-31T17:35:08.591776+00:00,/games,1.3
401112151,2019,8,regular,2019-10-19T16:00:00.000Z,False,True,False,True,37363,3832,"Memorial Stadium (Champaign, IL)",356,Illinois,fbs,Big Ten,24,"[0, 7, 7, 10]",0.03634434247459254,1346,1364,275,Wisconsin,fbs,Big Ten,23,"[7, 6, 7, 3]",0.9636556575254075,2056,2038,2.9657493659,https://www.youtube.com/watch?v=ojNpMSByGok,,,CollegeFootballData.com API,2026-08-31T17:35:08.591776+00:00,/games,1.3
401117886,2019,8,regular,2019-10-19T16:00:00.000Z,False,True,False,True,19760,3892,Pratt & Whitney Stadium,41,UConn,fbs,American Athletic,17,"[0, 7, 3, 7]",0.6291881071535316,923,949,248,Houston,fbs,American Athletic,24,"[3, 7, 7, 7]",0.3708118928464684,1501,1475,3.5031558386,https://www.youtube.com/watch?v=SZ6xOHlTYJ0,,,CollegeFootballData.com API,2026-08-31T17:35:08.591776+00:00,/games,1.3
401110829,2019,8,regular,2019-10-19T16:00:00.000Z,False,True,False,True,78883,3994,Williams-Brice Stadium,2579,South Carolina,fbs,SEC,27,"[7, 3, 10, 7]",0.08762207839622568,1582,1575,57,Florida,fbs,SEC,38,"[3, 7, 7, 21]",0.9123779216037743,1770,1777,6.37811941329999,https://www.youtube.com/watch?v=CfdSzkXnwPM,,,CollegeFootballData.com API,2026-08-31T17:35:08.591776+00:00,/games,1.3
401112196,2019,8,regular,2019-10-19T16:00:00.000Z,False,True,False,True,69250,3793,Kinnick Stadium,2294,Iowa,fbs,Big Ten,26,"[6, 3, 7, 10]",0.5011798221334332,1893,1884,2509,Purdue,fbs,Big Ten,20,"[0, 7, 0, 13]",0.49882017786656685,1545,1554,2.9310512768,https://www.youtube.com/watch?v=YBncwT30S8I,,,CollegeFootballData.com API,2026-08-31T17:35:08.591776+00:00,/games,1.3
401112488,2019,8,regular,2019-10-19T16:00:00.000Z,False,True,False,True,54106,3948,Hard Rock Stadium,2390,Miami,fbs,ACC,21,"[14, 7, 0, 0, 0]",0.9342484703660484,1580,1553,59,Georgia Tech,fbs,ACC,28,"[14, 7, 0, 0, 7]",0.06575152963395159,1408,1435,6.5742622761,https://www.youtube.com/watch?v=BVLz6YoE3gY,,,CollegeFootballData.com API,2026-08-31T17:35:08.591776+00:00,/games,1.3
401112485,2019,8,regular,2019-10-19T16:00:00.000Z,False,True,False,True,51015,3873,L&N Federal Credit Union Stadium,97,Louisville,fbs,ACC,10,"[0, 3, 0, 7]",0.004242741989458751,1303,1302,228,Clemson,fbs,ACC,45,"[3, 14, 7, 21]",0.9957572580105413,2169,2170,1.461908272,https://www.youtube.com/watch?v=rBfJC6IfWv0,,,CollegeFootballData.com API,2026-08-31T17:35:08.591776+00:00,/games,1.3
401110825,2019,8,regular,2019-10-19T16:00:00.000Z,False,True,False,True,54619,3887,Razorback Stadium,8,Arkansas,fbs,SEC,10,"[0, 0, 10, 0]",0.0037125652993156804,1371,1319,2,Auburn,fbs,SEC,51,"[17, 0, 14, 20]",0.9962874347006844,1906,1958,0.76811221,https://www.youtube.com/watch?v=taX8UxYz5KQ,,,CollegeFootballData.com API,2026-08-31T17:35:08.591776+00:00,/games,1.3
401112119,2019,8,regular,2019-10-19T16:00:00.000Z,False,True,False,True,82620,3835,"Memorial Stadium (Norman, OK)",201,Oklahoma,fbs,Big 12,52,"[14, 14, 21, 3]",0.9993549088188611,1964,2025,277,West Virginia,fbs,Big 12,14,"[0, 14, 0, 0]",0.0006450911811388682,1589,1528,0.272701590799999,https://www.youtube.com/watch?v=AdVg2rx-NI8,,,CollegeFootballData.com API,2026-08-31T17:35:08.591776+00:00,/games,1.3
401119283,2019,8,regular,2019-10-19T16:00:00.000Z,False,True,False,True,15009,3876,Peden Stadium,195,Ohio,fbs,Mid-American,45,"[10, 14, 7, 14]",0.18574184338923302,1569,1561,2309,Kent State,fbs,Mid-American,38,"[14, 10, 0, 14]",0.814258156610767,1228,1236,6.424976226,,,,CollegeFootballData.com API,2026-08-31T17:35:08.591776+00:00,/games,1.3
401112090,2019,8,regular,2019-10-19T16:00:00.000Z,False,True,False,True,52315,3784,Jones AT&T Stadium,2641,Texas Tech,fbs,Big 12,24,"[0, 7, 10, 7]",0.005679110060870583,1529,1535,66,Iowa State,fbs,Big 12,34,"[7, 13, 7, 7]",0.9943208899391294,1856,1850,2.97636368289999,https://www.youtube.com/watch?v=d1FvX0YaCyw,,,CollegeFootballData.com API,2026-08-31T17:35:08.591776+00:00,/games,1.3
401112484,2019,8,regular,2019-10-19T16:00:00.000Z,False,True,False,True,30275,3615,"Alumni Stadium (Chestnut Hill, MA)",103,Boston College,fbs,ACC,45,"[7, 17, 7, 14]",0.9986533757709201,1513,1566,152,NC State,fbs,ACC,24,"[0, 3, 7, 14]",0.0013466242290799402,1545,1492,3.26602125079999,https://www.youtube.com/watch?v=XLORmB15i1w,,,CollegeFootballData.com API,2026-08-31T17:35:08.591776+00:00,/games,1.3
401119285,2019,8,regular,2019-10-19T18:00:00.000Z,False,True,False,True,15113,3919,Scheumann Stadium,2050,Ball State,fbs,Mid-American,52,"[17, 21, 14, 0]",0.9999675001651583,1251,1387,2649,Toledo,fbs,Mid-American,14,"[0, 0, 7, 7]",3.2499834841659414e-05,1427,1291,1.44664991829999,,,,CollegeFootballData.com API,2026-08-31T17:35:08.591776+00:00,/games,1.3
401119282,2019,8,regular,2019-10-19T18:00:00.000Z,False,True,False,True,15100,3700,Doyt L. Perry Stadium,189,Bowling Green,fbs,Mid-American,20,"[7, 0, 7, 6]",0.005820342340438379,986,972,2117,Central Michigan,fbs,Mid-American,38,"[7, 14, 7, 10]",0.9941796576595616,1284,1298,2.9117648341,,,,CollegeFootballData.com API,2026-08-31T17:35:08.591776+00:00,/games,1.3
401119284,2019,8,regular,2019-10-19T18:30:00.000Z,False,True,False,True,11710,3996,Yager Stadium,193,Miami (OH),fbs,Mid-American,27,"[0, 7, 14, 6]",0.886974902581593,1257,1259,2459,Northern Illinois,fbs,Mid-American,24,"[3, 7, 7, 7]",0.11302509741840705,1328,1326,7.30127936649999,,,,CollegeFootballData.com API,2026-08-31T17:35:08.591776+00:00,/games,1.3
401114178,2019,8,regular,2019-10-19T18:30:00.000Z,False,True,False,True,42064,3831,California Memorial Stadium,25,California,fbs,Pac-12,17,"[0, 3, 14, 0]",0.45893627813097976,1540,1510,204,Oregon State,fbs,Pac-12,21,"[7, 7, 0, 7]",0.5410637218690202,1214,1244,9.6665055148,https://www.youtube.com/watch?v=XgS3U13cIcU,,,CollegeFootballData.com API,2026-08-31T17:35:08.591776+00:00,/games,1.3
401112109,2019,8,regular,2019-10-19T18:30:00.000Z,False,True,False,True,48298,3636,Bill Snyder Family Stadium,2306,Kansas State,fbs,Big 12,24,"[7, 7, 3, 7]",0.5943281358725961,1605,1616,2628,TCU,fbs,Big 12,17,"[0, 10, 7, 0]",0.40567186412740386,1632,1621,7.9468112287,https://www.youtube.com/watch?v=rLVobnDL1Uw,,,CollegeFootballData.com API,2026-08-31T17:35:08.591776+00:00,/games,1.3
401121956,2019,8,regular,2019-10-19T19:00:00.000Z,False,True,False,True,11015,3608,Allen E. Paulson Stadium,290,Georgia Southern,fbs,Sun Belt,30,"[3, 7, 0, 0, 7, 7, 6]",0.4842568736694851,1335,1336,324,Coastal Carolina,fbs,Sun Belt,27,"[0, 7, 0, 3, 7, 7, 3]",0.5157431263305149,1307,1306,8.841688544,,,,CollegeFootballData.com API,2026-08-31T17:35:08.591776+00:00,/games,1.3
401117526,2019,8,regular,2019-10-19T19:00:00.000Z,False,True,False,True,22884,3984,War Memorial Stadium,2751,Wyoming,fbs,Mountain West,23,"[7, 0, 6, 10]",0.9278445362719456,1564,1557,167,New Mexico,fbs,Mountain West,10,"[0, 0, 0, 10]",0.07215546372805437,1143,1150,2.5617212772,https://www.youtube.com/watch?v=9ZvIFdE2CqM,,,CollegeFootballData.com API,2026-08-31T17:35:08.591776+00:00,/games,1.3
401119281,2019,8,regular,2019-10-19T19:30:00.000Z,False,True,False,True,16909,3768,InfoCision Stadium,2006,Akron,fbs,Mid-American,0,"[0, 0, 0, 0]",0.2173666641896378,1015,1000,2084,Buffalo,fbs,Mid-American,21,"[7, 0, 7, 7]",0.7826333358103622,1385,1400,2.2770578543,,,,CollegeFootballData.com API,2026-08-31T17:35:08.591776+00:00,/games,1.3
401112163,2019,8,regular,2019-10-19T19:30:00.000Z,False,True,False,True,32606,3665,SECU Stadium,120,Maryland,fbs,Big Ten,28,"[7, 14, 7, 0]",0.13100340575642483,1473,1467,84,Indiana,fbs,Big Ten,34,"[14, 10, 7, 3]",0.8689965942435751,1543,1549,6.0082831458,https://www.youtube.com/watch?v=1ODOe8pxEzE,,,CollegeFootballData.com API,2026-08-31T17:35:08.591776+00:00,/games,1.3
401121955,2019,8,regular,2019-10-19T19:30:00.000Z,False,True,False,True,27717,3792,Kidd Brewer Stadium,2026,App State,fbs,Sun Belt,52,"[21, 10, 7, 14]",0.9998562685144785,1700,1774,2433,UL Monroe,fbs,Sun Belt,7,"[7, 0, 0, 0]",0.00014373148552149217,1254,1180,1.14605344179999,https://www.youtube.com/watch?v=6ia8Y8_FaOo,,,CollegeFootballData.com API,2026-08-31T17:35:08.591776+00:00,/games,1.3
401117887,2019,8,regular,2019-10-19T19:30:00.000Z,False,True,False,True,23132,3735,Gerald J. Ford Stadium,2567,SMU,fbs,American Athletic,45,"[10, 14, 7, 14]",0.9966560579790612,1583,1639,218,Temple,fbs,American Athletic,21,"[0, 7, 7, 7]",0.003343942020938795,1551,1495,2.4053666151,https://www.youtube.com/watch?v=Hl3-wCMj7cI,,,CollegeFootballData.com API,2026-08-31T17:35:08.591776+00:00,/games,1.3
401117883,2019,8,regular,2019-10-19T19:30:00.000Z,False,True,False,True,29774,3852,Navy-Marine Corps Memorial Stadium,2426,Navy,fbs,American Athletic,35,"[7, 14, 0, 14]",0.999979274943414,1540,1599,58,South Florida,fbs,American Athletic,3,"[0, 3, 0, 0]",2.072505658601287e-05,1312,1253,1.099485928,https://www.youtube.com/watch?v=VCd2v2QxW3E,,,CollegeFootballData.com API,2026-08-31T17:35:08.591776+00:00,/games,1.3
401117885,2019,8,regular,2019-10-19T19:30:00.000Z,False,True,False,True,33209,3854,Nippert Stadium,2132,Cincinnati,fbs,American Athletic,24,"[10, 0, 7, 7]",0.8530289766859213,1707,1699,202,Tulsa,fbs,American Athletic,13,"[0, 7, 3, 3]",0.14697102331407874,1303,1311,3.03739574269999,https://www.youtube.com/watch?v=LWj6Ee2VM-g,,,CollegeFootballData.com API,2026-08-31T17:35:08.591776+00:00,/games,1.3
401112489,2019,8,regular,2019-10-19T19:30:00.000Z,False,True,False,True,65632,3799,Lane Stadium,259,Virginia Tech,fbs,ACC,43,"[7, 14, 0, 10, 3, 7, 0, 0, 0, 2]",0.9160661579544622,1445,1446,153,North Carolina,fbs,ACC,41,"[10, 7, 7, 7, 3, 7, 0, 0, 0, 0]",0.08393384204553778,1506,1505,11.0725543192,https://www.youtube.com/watch?v=nWZuWTMUYO8,,,CollegeFootballData.com API,2026-08-31T17:35:08.591776+00:00,/games,1.3
401112234,2019,8,regular,2019-10-19T19:30:00.000Z,False,True,False,True,26429,3754,High Point Solutions Stadium,164,Rutgers,fbs,Big Ten,7,"[0, 0, 0, 7]",0.0036859922954404043,1059,1035,135,Minnesota,fbs,Big Ten,42,"[7, 7, 7, 21]",0.9963140077045596,1695,1719,0.625431054399999,https://www.youtube.com/watch?v=ZDBi_IxsItE,,,CollegeFootballData.com API,2026-08-31T17:35:08.591776+00:00,/games,1.3
401114289,2019,8,regular,2019-10-19T19:30:00.000Z,False,True,False,True,23419,3776,Joe Aillet Stadium,2348,Louisiana Tech,fbs,Conference USA,45,"[7, 17, 0, 21]",0.9994176740109082,1505,1533,2572,Southern Miss,fbs,Conference USA,30,"[14, 13, 0, 3]",0.0005823259890918031,1465,1437,5.77790421989999,https://www.youtube.com/watch?v=SKoqxshiQSA,,,CollegeFootballData.com API,2026-08-31T17:35:08.591776+00:00,/games,1.3
401114196,2019,8,regular,2019-10-19T19:30:00.000Z,False,True,False,True,70867,3765,Husky Stadium,264,Washington,fbs,Pac-12,31,"[7, 14, 10, 0]",0.03073319264838246,1814,1813,2483,Oregon,fbs,Pac-12,35,"[7, 7, 14, 7]",0.9692668073516175,1897,1898,7.62510712449999,https://www.youtube.com/watch?v=cqZR1wtU8Sc,,,CollegeFootballData.com API,2026-08-31T17:35:08.591776+00:00,/games,1.3
401110828,2019,8,regular,2019-10-19T19:30:00.000Z,False,True,False,True,59282,3693,Davis Wade Stadium,344,Mississippi State,fbs,SEC,13,"[0, 7, 0, 6]",0.00557558720118564,1664,1639,99,LSU,fbs,SEC,36,"[3, 19, 14, 0]",0.9944244127988143,1983,2008,1.4094200144,https://www.youtube.com/watch?v=rCYtzeRfBw8,,,CollegeFootballData.com API,2026-08-31T17:35:08.591776+00:00,/games,1.3
401112486,2019,8,regular,2019-10-19T19:30:00.000Z,False,True,False,True,52847,3923,Scott Stadium,258,Virginia,fbs,ACC,48,"[0, 17, 24, 7]",0.9978344312789433,1600,1700,150,Duke,fbs,ACC,14,"[0, 0, 7, 7]",0.0021655687210566654,1641,1541,2.1962291066,https://www.youtube.com/watch?v=5CFijGjb98g,,,CollegeFootballData.com API,2026-08-31T17:35:08.591776+00:00,/games,1.3
401114286,2019,8,regular,2019-10-19T20:00:00.000Z,False,True,False,True,15816,3796,Houchens Industries-L.T. Smith Stadium,98,Western Kentucky,fbs,Conference USA,30,"[7, 10, 13, 0]",0.9966976373789281,1416,1437,2429,Charlotte,fbs,Conference USA,14,"[7, 7, 0, 0]",0.0033023626210718637,1270,1249,3.52365689449999,https://www.youtube.com/watch?v=J2xtrXcihl8,,,CollegeFootballData.com API,2026-08-31T17:35:08.591776+00:00,/games,1.3
401110830,2019,8,regular,2019-10-19T20:00:00.000Z,False,True,False,True,23900,3973,FirstBank Stadium,238,Vanderbilt,fbs,SEC,21,"[0, 14, 0, 7]",0.8492318282538716,1286,1334,142,Missouri,fbs,SEC,14,"[0, 7, 7, 0]",0.15076817174612844,1862,1814,6.6324429734,https://www.youtube.com/watch?v=1IssnzS5bg0,,,CollegeFootballData.com API,2026-08-31T17:35:08.591776+00:00,/games,1.3
401112079,2019,8,regular,2019-10-19T20:00:00.000Z,False,True,False,True,55060,3646,Boone Pickens Stadium,197,Oklahoma State,fbs,Big 12,27,"[6, 7, 7, 7]",0.009312638949481124,1651,1603,239,Baylor,fbs,Big 12,45,"[7, 3, 14, 21]",0.9906873610505189,1617,1665,6.90691987109999,https://www.youtube.com/watch?v=1f8fgFoqLbk,,,CollegeFootballData.com API,2026-08-31T17:35:08.591776+00:00,/games,1.3
401114291,2019,8,regular,2019-10-19T20:00:00.000Z,False,True,False,True,19511,3803,Legion Field,5,UAB,fbs,Conference USA,38,"[14, 14, 7, 3]",0.9992992604688213,1543,1565,295,Old Dominion,fbs,Conference USA,14,"[0, 3, 11, 0]",0.0007007395311786624,1180,1158,1.0190173905,https://www.youtube.com/watch?v=vwHisohyJ6Q,,,CollegeFootballData.com API,2026-08-31T17:35:08.591776+00:00,/games,1.3
401114290,2019,8,regular,2019-10-19T20:00:00.000Z,False,True,False,True,16094,3825,DATCU Stadium,249,North Texas,fbs,Conference USA,33,"[7, 10, 3, 13]",0.4488042742407532,1402,1402,2393,Middle Tennessee,fbs,Conference USA,30,"[3, 13, 0, 14]",0.5511957257592468,1320,1320,7.76329910749999,https://www.youtube.com/watch?v=4sNSvmmBKWk,,,CollegeFootballData.com API,2026-08-31T17:35:08.591776+00:00,/games,1.3
401114158,2019,8,regular,2019-10-19T22:00:00.000Z,False,True,False,True,46402,587,Rice-Eccles Stadium,254,Utah,fbs,Pac-12,21,"[0, 14, 0, 7]",0.9998198370134594,1834,1854,9,Arizona State,fbs,Pac-12,3,"[0, 0, 3, 0]",0.00018016298654055518,1620,1600,2.8228843421,https://www.youtube.com/watch?v=J2ipeDKbuhY,,,CollegeFootballData.com API,2026-08-31T17:35:08.591776+00:00,/games,1.3
401114292,2019,8,regular,2019-10-19T22:00:00.000Z,False,True,False,True,17657,3604,Alamodome,2636,UTSA,fbs,Conference USA,31,"[7, 0, 17, 7]",0.6168255675459976,1052,1059,242,Rice,fbs,Conference USA,27,"[3, 7, 14, 3]",0.3831744324540024,1187,1180,6.17925938989999,https://www.youtube.com/watch?v=a2XD-wm1HAE,,,CollegeFootballData.com API,2026-08-31T17:35:08.591776+00:00,/games,1.3
401110826,2019,8,regular,2019-10-19T22:00:00.000Z,False,True,False,True,92746,3917,Sanford Stadium,61,Georgia,fbs,SEC,21,"[0, 0, 14, 7]",0.9999075214290077,1962,1974,96,Kentucky,fbs,SEC,0,"[0, 0, 0, 0]",9.247857099226042e-05,1579,1567,1.65994941189999,https://www.youtube.com/watch?v=DT67P5dZqE0,,,CollegeFootballData.com API,2026-08-31T17:35:08.591776+00:00,/games,1.3
401114351,2019,8,regular,2019-10-19T22:00:00.000Z,False,True,False,False,18657,3992,Williams Stadium (VA),2335,Liberty,fbs,FBS Independents,59,"[17, 28, 7, 7]",0.9437931950330021,,,311,Maine,fcs,CAA,44,"[3, 14, 7, 20]",0.056206804966997925,,,1.57341282749999,https://www.youtube.com/watch?v=Gn8jyrQOTi0,,,CollegeFootballData.com API,2026-08-31T17:35:08.591776+00:00,/games,1.3
401117888,2019,8,regular,2019-10-19T23:00:00.000Z,False,True,False,True,30221,3805,Simmons Bank Liberty Stadium,235,Memphis,fbs,American Athletic,47,"[13, 21, 6, 7]",0.999874764450857,1677,1748,2655,Tulane,fbs,American Athletic,17,"[3, 7, 0, 7]",0.00012523554914301016,1603,1532,2.59864589159999,https://www.youtube.com/watch?v=-3hfxTM4VtM,,,CollegeFootballData.com API,2026-08-31T17:35:08.591776+00:00,/games,1.3
401112102,2019,8,regular,2019-10-19T23:00:00.000Z,False,True,False,True,97137,3910,DKR-Texas Memorial Stadium,251,Texas,fbs,Big 12,50,"[14, 7, 3, 26]",0.2649038277393307,1778,1773,2305,Kansas,fbs,Big 12,48,"[3, 14, 7, 24]",0.7350961722606693,1373,1378,6.8473278986,https://www.youtube.com/watch?v=MWWAzG9YRm0,,,CollegeFootballData.com API,2026-08-31T17:35:08.591776+00:00,/games,1.3
401119286,2019,8,regular,2019-10-19T23:00:00.000Z,False,True,False,True,20528,3912,Rynearson Stadium,2199,Eastern Michigan,fbs,Mid-American,34,"[3, 7, 10, 14]",0.8135728852645957,1315,1332,2711,Western Michigan,fbs,Mid-American,27,"[7, 7, 7, 6]",0.1864271147354043,1434,1417,7.16610078529999,,,,CollegeFootballData.com API,2026-08-31T17:35:08.591776+00:00,/games,1.3
401117884,2019,8,regular,2019-10-19T23:00:00.000Z,False,True,False,True,42906,3652,FBC Mortgage Stadium,2116,UCF,fbs,American Athletic,41,"[21, 14, 6, 0]",0.9760222745572016,1844,1820,151,East Carolina,fbs,American Athletic,28,"[0, 6, 16, 6]",0.023977725442798414,1152,1176,0.317604410399999,https://www.youtube.com/watch?v=kScyDx04Z40,,,CollegeFootballData.com API,2026-08-31T17:35:08.591776+00:00,/games,1.3
401117529,2019,8,regular,2019-10-19T23:00:00.000Z,False,True,False,True,18285,3935,CEFCU Stadium,23,San José State,fbs,Mountain West,17,"[7, 0, 3, 7]",0.4614460630085117,1212,1216,21,San Diego State,fbs,Mountain West,27,"[7, 6, 14, 0]",0.5385539369914882,1519,1515,3.64868495679999,https://www.youtube.com/watch?v=mHLwz-41E2E,,,CollegeFootballData.com API,2026-08-31T17:35:08.591776+00:00,/games,1.3
401114287,2019,8,regular,2019-10-19T23:00:00.000Z,False,True,False,True,13951,218,FIU Stadium,2229,Florida International,fbs,Conference USA,32,"[3, 15, 0, 14]",0.9970675672750868,1497,1491,2638,UTEP,fbs,Conference USA,17,"[7, 0, 0, 10]",0.00293243272491317,1043,1049,1.0406632125,https://www.youtube.com/watch?v=2pBwQ9F6W-U,,,CollegeFootballData.com API,2026-08-31T17:35:08.591776+00:00,/games,1.3
401114329,2019,8,regular,2019-10-19T23:00:00.000Z,False,True,False,False,21720,4246,Center Parc Stadium,2247,Georgia State,fbs,Sun Belt,28,"[7, 7, 6, 8]",0.9869634982410027,1234,1269,349,Army,fbs,FBS Independents,21,"[7, 7, 7, 0]",0.013036501758997288,1639,1604,5.21777428659999,,,,CollegeFootballData.com API,2026-08-31T17:35:08.591776+00:00,/games,1.3
401114187,2019,8,regular,2019-10-19T23:00:00.000Z,False,True,False,True,28514,3820,Gesa Field,265,Washington State,fbs,Pac-12,41,"[21, 3, 7, 10]",0.9963092093031369,1653,1707,38,Colorado,fbs,Pac-12,10,"[3, 0, 7, 0]",0.0036907906968630666,1406,1352,1.12853004429999,https://www.youtube.com/watch?v=e-r-BVzeYrk,,,CollegeFootballData.com API,2026-08-31T17:35:08.591776+00:00,/games,1.3
401112226,2019,8,regular,2019-10-19T23:30:00.000Z,False,True,False,True,110669,3632,Beaver Stadium,213,Penn State,fbs,Big Ten,28,"[7, 14, 0, 7]",0.7373297514002477,2004,2004,130,Michigan,fbs,Big Ten,21,"[0, 7, 7, 7]",0.2626702485997523,1832,1832,4.0725947433,https://www.youtube.com/watch?v=b8JH3MSSGhM,,,CollegeFootballData.com API,2026-08-31T17:35:08.591776+00:00,/games,1.3
401112487,2019,8,regular,2019-10-19T23:30:00.000Z,False,True,False,True,24782,3630,Allegacy Federal Credit Union Stadium,154,Wake Forest,fbs,ACC,22,"[6, 6, 0, 10]",0.37505692438268107,1567,1567,52,Florida State,fbs,ACC,20,"[0, 14, 0, 6]",0.6249430756173189,1499,1499,9.01231804399999,https://www.youtube.com/watch?v=wcJJjviYHbs,,,CollegeFootballData.com API,2026-08-31T17:35:08.591776+00:00,/games,1.3
401110827,2019,8,regular,2019-10-19T23:30:00.000Z,False,True,False,True,50257,3974,Vaught-Hemingway Stadium,145,Ole Miss,fbs,SEC,17,"[7, 0, 7, 3]",0.05286451996849993,1542,1544,245,Texas A&M,fbs,SEC,24,"[3, 7, 7, 7]",0.9471354800315,1739,1737,7.2748574829,https://www.youtube.com/watch?v=8I3UYGwuW6E,,,CollegeFootballData.com API,2026-08-31T17:35:08.591776+00:00,/games,1.3
401110824,2019,8,regular,2019-10-20T01:00:00.000Z,False,True,False,True,101821,3657,Bryant-Denny Stadium,333,Alabama,fbs,SEC,35,"[14, 7, 7, 7]",0.9976190401553728,2151,2133,2633,Tennessee,fbs,SEC,13,"[7, 3, 3, 0]",0.002380959844627162,1373,1391,0.6158916291,https://www.youtube.com/watch?v=dEFpECimm3k,,,CollegeFootballData.com API,2026-08-31T17:35:08.591776+00:00,/games,1.3
401114169,2019,8,regular,2019-10-20T01:30:00.000Z,False,True,False,True,53826,477,Los Angeles Memorial Coliseum,30,USC,fbs,Pac-12,41,"[10, 7, 10, 14]",0.9910198265547758,1655,1703,12,Arizona,fbs,Pac-12,14,"[0, 0, 0, 14]",0.008980173445224171,1467,1419,2.0280896346,https://www.youtube.com/watch?v=0Rg61I657xU,,,CollegeFootballData.com API,2026-08-31T17:35:08.591776+00:00,/games,1.3
401117215,2019,8,regular,2019-10-20T02:15:00.000Z,False,True,False,False,58930,3801,LaVell Edwards Stadium,252,BYU,fbs,FBS Independents,28,"[7, 0, 21, 0]",0.7571218034518832,1462,1467,68,Boise State,fbs,Mountain West,25,"[7, 3, 0, 15]",0.24287819654811682,1732,1727,5.43444897999999,https://www.youtube.com/watch?v=unFSb22B1kg,,,CollegeFootballData.com API,2026-08-31T17:35:08.591776+00:00,/games,1.3
401117527,2019,8,regular,2019-10-20T02:15:00.000Z,False,True,False,True,15240,3905,Maverik Stadium,328,Utah State,fbs,Mountain West,36,"[9, 13, 0, 14]",0.9900302670260589,1630,1642,2440,Nevada,fbs,Mountain West,10,"[3, 0, 0, 7]",0.009969732973941103,1109,1097,1.1874555726,https://www.youtube.com/watch?v=Ij1Y3n6y0c8,,,CollegeFootballData.com API,2026-08-31T17:35:08.591776+00:00,/games,1.3
401117525,2019,8,regular,2019-10-20T03:00:00.000Z,False,True,False,True,23757,3610,Aloha Stadium,62,Hawai'i,fbs,Mountain West,26,"[3, 17, 0, 6]",0.0044745250855394636,1405,1340,2005,Air Force,fbs,Mountain West,56,"[7, 21, 7, 21]",0.9955254749144605,1557,1622,3.3733261457,https://www.youtube.com/watch?v=AHnq4qQ03ME,,,CollegeFootballData.com API,2026-08-31T17:35:08.591776+00:00,/games,1.3
401117889,2019,9,regular,2019-10-24T23:30:00.000Z,False,True,False,True,24543,4728,TDECU Stadium,248,Houston,fbs,American Athletic,31,"[0, 13, 7, 11]",0.4360947899182291,1475,1480,2567,SMU,fbs,American Athletic,34,"[7, 14, 10, 3]",0.563905210081771,1639,1634,6.366809947,https://www.youtube.com/watch?v=kQUFO1IR4-I,,,CollegeFootballData.com API,2026-08-31T17:35:08.591776+00:00,/games,1.3
401114188,2019,9,regular,2019-10-26T01:00:00.000Z,False,True,False,True,48913,3726,Folsom Field,38,Colorado,fbs,Pac-12,31,"[3, 14, 14, 0]",0.2688235374926079,1352,1367,30,USC,fbs,Pac-12,35,"[7, 7, 7, 14]",0.7311764625073921,1703,1688,7.56866036439999,https://www.youtube.com/watch?v=8IV1HFc0QhQ,,,CollegeFootballData.com API,2026-08-31T17:35:08.591776+00:00,/games,1.3
401112266,2019,9,regular,2019-10-26T16:00:00.000Z,False,True,False,False,23058,3754,High Point Solutions Stadium,164,Rutgers,fbs,Big Ten,44,"[7, 14, 17, 6]",0.44136794026763276,1035,1073,2335,Liberty,fbs,FBS Independents,34,"[14, 7, 3, 10]",0.5586320597323673,1302,1264,4.6757894951,https://www.youtube.com/watch?v=kEEczqF20Eo,,,CollegeFootballData.com API,2026-08-31T17:35:08.591776+00:00,/games,1.3
401112494,2019,9,regular,2019-10-26T16:00:00.000Z,False,True,False,True,47918,3752,Acrisure Stadium,221,Pittsburgh,fbs,ACC,12,"[3, 3, 3, 3]",0.45633719766482767,1590,1581,2390,Miami,fbs,ACC,16,"[3, 7, 0, 6]",0.5436628023351724,1553,1562,8.1398294863,https://www.youtube.com/watch?v=hvNxznRBQDY,,,CollegeFootballData.com API,2026-08-31T17:35:08.591776+00:00,/games,1.3
401114330,2019,9,regular,2019-10-26T16:00:00.000Z,False,True,False,False,35346,3841,Michie Stadium,349,Army,fbs,FBS Independents,29,"[7, 3, 7, 12]",0.5412419520254955,1604,1565,23,San José State,fbs,Mountain West,34,"[7, 16, 0, 11]",0.4587580479745045,1216,1255,4.9341634141,https://www.youtube.com/watch?v=88qYUyig6n8,,,CollegeFootballData.com API,2026-08-31T17:35:08.591776+00:00,/games,1.3
401112197,2019,9,regular,2019-10-26T16:00:00.000Z,False,True,False,True,42104,3911,Ryan Field,77,Northwestern,fbs,Big Ten,0,"[0, 0, 0, 0]",0.006776549658305508,1500,1489,2294,Iowa,fbs,Big Ten,20,"[7, 3, 7, 3]",0.9932234503416945,1884,1895,2.7510473804,https://www.youtube.com/watch?v=SMkXte6FNoo,,,CollegeFootballData.com API,2026-08-31T17:35:08.591776+00:00,/games,1.3
401119288,2019,9,regular,2019-10-26T16:00:00.000Z,False,True,False,True,16778,3980,Waldo Stadium,2711,Western Michigan,fbs,Mid-American,49,"[0, 21, 28, 0]",0.999814453158615,1417,1472,189,Bowling Green,fbs,Mid-American,10,"[3, 0, 7, 0]",0.00018554684138505362,972,917,0.693980688999999,,,,CollegeFootballData.com API,2026-08-31T17:35:08.591776+00:00,/games,1.3
401121957,2019,9,regular,2019-10-26T16:00:00.000Z,False,True,False,True,17969,3797,Ladd Peebles Stadium,6,South Alabama,fbs,Sun Belt,3,"[0, 0, 0, 3]",0.0037611012361206783,1060,1064,2026,App State,fbs,Sun Belt,30,"[7, 6, 10, 7]",0.9962388987638793,1774,1770,0.9727636102,,,,CollegeFootballData.com API,2026-08-31T17:35:08.591776+00:00,/games,1.3
401110835,2019,9,regular,2019-10-26T16:00:00.000Z,False,True,False,True,102025,3795,Kyle Field,245,Texas A&M,fbs,SEC,49,"[14, 14, 14, 7]",0.9580054652868824,1737,1771,344,Mississippi State,fbs,SEC,30,"[0, 10, 7, 13]",0.04199453471311765,1639,1605,1.2910471739,https://www.youtube.com/watch?v=Se-f1QztMYU,,,CollegeFootballData.com API,2026-08-31T17:35:08.591776+00:00,/games,1.3
401112152,2019,9,regular,2019-10-26T16:00:00.000Z,False,True,False,True,58735,3907,Ross-Ade Stadium,2509,Purdue,fbs,Big Ten,6,"[0, 0, 0, 6]",0.005226498656827998,1554,1488,356,Illinois,fbs,Big Ten,24,"[3, 14, 7, 0]",0.994773501343172,1364,1430,4.18900012229999,https://www.youtube.com/watch?v=iyYyUzRFSIM,,,CollegeFootballData.com API,2026-08-31T17:35:08.591776+00:00,/games,1.3
401112110,2019,9,regular,2019-10-26T16:00:00.000Z,False,True,False,True,50394,3636,Bill Snyder Family Stadium,2306,Kansas State,fbs,Big 12,48,"[7, 17, 17, 7]",0.6003844981981735,1616,1651,201,Oklahoma,fbs,Big 12,41,"[17, 6, 0, 18]",0.3996155018018265,2025,1990,3.2397119324,https://www.youtube.com/watch?v=p9FrpTc8VHk,,,CollegeFootballData.com API,2026-08-31T17:35:08.591776+00:00,/games,1.3
401112254,2019,9,regular,2019-10-26T16:00:00.000Z,False,True,False,True,102998,3861,Ohio Stadium,194,Ohio State,fbs,Big Ten,38,"[0, 10, 14, 14]",0.9996684977258133,2277,2332,275,Wisconsin,fbs,Big Ten,7,"[0, 0, 7, 0]",0.0003315022741866569,2038,1983,2.42279388009999,https://www.youtube.com/watch?v=HPTtMy3MilE,,,CollegeFootballData.com API,2026-08-31T17:35:08.591776+00:00,/games,1.3
401114298,2019,9,regular,2019-10-26T17:00:00.000Z,False,True,False,True,20367,3895,Rice Stadium,242,Rice,fbs,Conference USA,6,"[0, 0, 6, 0]",0.0054521907539728486,1180,1172,2572,Southern Miss,fbs,Conference USA,20,"[0, 10, 3, 7]",0.9945478092460271,1437,1445,4.4133094728,https://www.youtube.com/watch?v=yq4tDbSrSJE,,,CollegeFootballData.com API,2026-08-31T17:35:08.591776+00:00,/games,1.3
401119292,2019,9,regular,2019-10-26T18:00:00.000Z,False,True,False,True,5572,3919,Scheumann Stadium,2050,Ball State,fbs,Mid-American,21,"[7, 0, 7, 7]",0.015079251567557276,1387,1374,195,Ohio,fbs,Mid-American,34,"[7, 6, 14, 7]",0.9849207484324427,1561,1574,3.6796951792,,,,CollegeFootballData.com API,2026-08-31T17:35:08.591776+00:00,/games,1.3
401117533,2019,9,regular,2019-10-26T18:00:00.000Z,False,True,False,True,16126,3984,War Memorial Stadium,2751,Wyoming,fbs,Mountain West,31,"[14, 10, 7, 0]",0.9997235095731293,1557,1580,2440,Nevada,fbs,Mountain West,3,"[3, 0, 0, 0]",0.00027649042687072356,1097,1074,0.795247743899999,https://www.youtube.com/watch?v=vBQvc1xV0z4,,,CollegeFootballData.com API,2026-08-31T17:35:08.591776+00:00,/games,1.3
401114297,2019,9,regular,2019-10-26T18:30:00.000Z,False,True,False,True,22099,3775,Joan C. Edwards Stadium,276,Marshall,fbs,Conference USA,26,"[14, 6, 3, 3]",0.7283296087068608,1410,1411,98,Western Kentucky,fbs,Conference USA,23,"[0, 7, 6, 10]",0.2716703912931392,1437,1436,5.2479356602,https://www.youtube.com/watch?v=WMoBuxz6SDI,,,CollegeFootballData.com API,2026-08-31T17:35:08.591776+00:00,/games,1.3
401114344,2019,9,regular,2019-10-26T19:00:00.000Z,False,True,False,False,10907,3608,Allen E. Paulson Stadium,290,Georgia Southern,fbs,Sun Belt,41,"[7, 21, 13, 0]",0.999930489301828,1336,1396,166,New Mexico State,fbs,FBS Independents,7,"[7, 0, 0, 0]",6.951069817195954e-05,1062,1002,1.50589645099999,https://www.youtube.com/watch?v=-Rc5MNUXkFU,,,CollegeFootballData.com API,2026-08-31T17:35:08.591776+00:00,/games,1.3
401114357,2019,9,regular,2019-10-26T19:30:00.000Z,False,True,False,False,12234,3985,Warren McGuirk Alumni Stadium,113,Massachusetts,fbs,FBS Independents,35,"[7, 14, 7, 7]",0.0181529398148686,879,833,41,UConn,fbs,American Athletic,56,"[14, 21, 7, 14]",0.9818470601851313,949,995,2.8604720795,https://www.youtube.com/watch?v=jLYAZsEpISc,,,CollegeFootballData.com API,2026-08-31T17:35:08.591776+00:00,/games,1.3
401114170,2019,9,regular,2019-10-26T19:30:00.000Z,False,True,False,True,31711,3940,Stanford Stadium,24,Stanford,fbs,Pac-12,41,"[7, 24, 7, 3]",0.8899081519582254,1507,1518,12,Arizona,fbs,Pac-12,31,"[10, 14, 7, 0]",0.11009184804177463,1419,1408,6.2725302537,https://www.youtube.com/watch?v=WCaiyvWveUM,,,CollegeFootballData.com API,2026-08-31T17:35:08.591776+00:00,/games,1.3
401112492,2019,9,regular,2019-10-26T19:30:00.000Z,False,True,False,True,50517,3697,Doak Campbell Stadium,52,Florida State,fbs,ACC,35,"[13, 8, 14, 0]",0.9997622150780092,1499,1539,183,Syracuse,fbs,ACC,17,"[0, 3, 0, 14]",0.00023778492199078016,1499,1459,1.6948862293,https://www.youtube.com/watch?v=GpYCH5RqKhE,,,CollegeFootballData.com API,2026-08-31T17:35:08.591776+00:00,/games,1.3
401112091,2019,9,regular,2019-10-26T19:30:00.000Z,False,True,False,True,61500,3772,Jack Trice Stadium,66,Iowa State,fbs,Big 12,27,"[0, 13, 7, 7]",0.926300589477146,1850,1816,197,Oklahoma State,fbs,Big 12,34,"[7, 14, 3, 10]",0.073699410522854,1603,1637,7.74404331979999,https://www.youtube.com/watch?v=B84NK2xngzY,,,CollegeFootballData.com API,2026-08-31T17:35:08.591776+00:00,/games,1.3
401112493,2019,9,regular,2019-10-26T19:30:00.000Z,False,True,False,True,48689,3873,L&N Federal Credit Union Stadium,97,Louisville,fbs,ACC,28,"[7, 0, 7, 14]",0.9399886969986491,1302,1337,258,Virginia,fbs,ACC,21,"[7, 7, 0, 7]",0.060011303001350935,1700,1665,6.1324296114,https://www.youtube.com/watch?v=NhLwIOC8s1E,,,CollegeFootballData.com API,2026-08-31T17:35:08.591776+00:00,/games,1.3
401110833,2019,9,regular,2019-10-26T19:30:00.000Z,False,True,False,True,102160,3958,Tiger Stadium (LA),99,LSU,fbs,SEC,23,"[0, 10, 6, 7]",0.9640542376647604,2008,2008,2,Auburn,fbs,SEC,20,"[3, 7, 3, 7]",0.035945762335239606,1958,1958,6.45240797109999,https://www.youtube.com/watch?v=2YfuWHkjBhc,,,CollegeFootballData.com API,2026-08-31T17:35:08.591776+00:00,/games,1.3
401112218,2019,9,regular,2019-10-26T19:30:00.000Z,False,True,False,True,70298,3936,Spartan Stadium,127,Michigan State,fbs,Big Ten,7,"[0, 0, 7, 0]",0.017803755339300755,1643,1628,213,Penn State,fbs,Big Ten,28,"[7, 14, 7, 0]",0.9821962446606992,2004,2019,2.2829302891,https://www.youtube.com/watch?v=VFLylYA0gKM,,,CollegeFootballData.com API,2026-08-31T17:35:08.591776+00:00,/games,1.3
401112207,2019,9,regular,2019-10-26T19:30:00.000Z,False,True,False,True,44715,3953,Huntington Bank Stadium,135,Minnesota,fbs,Big Ten,52,"[14, 14, 10, 14]",0.9999978855995255,1719,1808,120,Maryland,fbs,Big Ten,10,"[0, 3, 0, 7]",2.1144004744844125e-06,1467,1378,1.0378041045,https://www.youtube.com/watch?v=IhCP6E2-iQA,,,CollegeFootballData.com API,2026-08-31T17:35:08.591776+00:00,/games,1.3
401112164,2019,9,regular,2019-10-26T19:30:00.000Z,False,True,False,True,89317,3834,"Memorial Stadium (Lincoln, NE)",158,Nebraska,fbs,Big Ten,31,"[14, 7, 3, 7]",0.41772069307881243,1466,1459,84,Indiana,fbs,Big Ten,38,"[9, 7, 15, 7]",0.5822793069211876,1549,1556,6.89719778269999,https://www.youtube.com/watch?v=EXiZufhZqdY,,,CollegeFootballData.com API,2026-08-31T17:35:08.591776+00:00,/games,1.3
401114295,2019,9,regular,2019-10-26T19:30:00.000Z,False,True,False,True,17744,3918,S.B. Ballard Stadium,295,Old Dominion,fbs,Conference USA,3,"[0, 3, 0, 0]",0.005951089738098071,1158,1088,2226,Florida Atlantic,fbs,Conference USA,41,"[14, 10, 7, 10]",0.9940489102619019,1475,1545,1.301811139,https://www.youtube.com/watch?v=l2fM1L2hKiY,,,CollegeFootballData.com API,2026-08-31T17:35:08.591776+00:00,/games,1.3
401119289,2019,9,regular,2019-10-26T19:30:00.000Z,False,True,False,True,14850,3965,UB Stadium,2084,Buffalo,fbs,Mid-American,43,"[3, 27, 3, 10]",0.9943903919255527,1400,1445,2117,Central Michigan,fbs,Mid-American,20,"[7, 7, 0, 6]",0.005609608074447325,1298,1253,2.8408725974,,,,CollegeFootballData.com API,2026-08-31T17:35:08.591776+00:00,/games,1.3
401119291,2019,9,regular,2019-10-26T19:30:00.000Z,False,True,False,True,8455,3696,Dix Stadium,2309,Kent State,fbs,Mid-American,16,"[0, 6, 0, 10]",0.20401706494627161,1236,1225,193,Miami (OH),fbs,Mid-American,23,"[6, 3, 7, 7]",0.7959829350537284,1259,1270,6.3306948917,,,,CollegeFootballData.com API,2026-08-31T17:35:08.591776+00:00,/games,1.3
401114294,2019,9,regular,2019-10-26T19:30:00.000Z,False,True,False,True,9512,3725,"Johnny ""Red"" Floyd Stadium",2393,Middle Tennessee,fbs,Conference USA,50,"[14, 0, 23, 13]",0.9984217104945233,1320,1435,2229,Florida International,fbs,Conference USA,17,"[7, 10, 0, 0]",0.001578289505476671,1491,1376,4.63360727799999,https://www.youtube.com/watch?v=ge21HHITfQQ,,,CollegeFootballData.com API,2026-08-31T17:35:08.591776+00:00,/games,1.3
401117890,2019,9,regular,2019-10-26T19:30:00.000Z,False,True,False,True,31118,3852,Navy-Marine Corps Memorial Stadium,2426,Navy,fbs,American Athletic,41,"[21, 10, 0, 10]",0.607094304702915,1599,1599,2655,Tulane,fbs,American Athletic,38,"[0, 14, 14, 10]",0.39290569529708497,1532,1532,6.3745008854,https://www.youtube.com/watch?v=cPT0Tn61ygA,,,CollegeFootballData.com API,2026-08-31T17:35:08.591776+00:00,/games,1.3
401114293,2019,9,regular,2019-10-26T19:30:00.000Z,False,True,False,True,8245,4418,Jerry Richardson Stadium,2429,Charlotte,fbs,Conference USA,39,"[0, 7, 14, 18]",0.9903221227302794,1249,1254,249,North Texas,fbs,Conference USA,38,"[14, 7, 14, 3]",0.00967787726972058,1402,1397,5.3302525876,https://www.youtube.com/watch?v=T1nTnKNJYdY,,,CollegeFootballData.com API,2026-08-31T17:35:08.591776+00:00,/games,1.3
401119287,2019,9,regular,2019-10-26T19:30:00.000Z,False,True,False,True,9027,3764,Huskie Stadium,2459,Northern Illinois,fbs,Mid-American,49,"[7, 14, 14, 14]",0.9999820226236222,1326,1429,2006,Akron,fbs,Mid-American,0,"[0, 0, 0, 0]",1.7977376377764642e-05,1000,897,0.5568402181,,,,CollegeFootballData.com API,2026-08-31T17:35:08.591776+00:00,/games,1.3
401112132,2019,9,regular,2019-10-26T19:30:00.000Z,False,True,False,True,47660,3616,Amon G. Carter Stadium,2628,TCU,fbs,Big 12,37,"[3, 10, 14, 10]",0.7175782277857468,1621,1650,251,Texas,fbs,Big 12,27,"[3, 14, 3, 7]",0.28242177221425324,1773,1744,7.60532508079999,https://www.youtube.com/watch?v=6QokU5C5nR4,,,CollegeFootballData.com API,2026-08-31T17:35:08.591776+00:00,/games,1.3
401119290,2019,9,regular,2019-10-26T19:30:00.000Z,False,True,False,True,18061,3739,Glass Bowl,2649,Toledo,fbs,Mid-American,37,"[7, 3, 21, 0, 6]",0.2532821668224509,1291,1293,2199,Eastern Michigan,fbs,Mid-American,34,"[0, 10, 6, 15, 3]",0.746717833177549,1332,1330,6.1498066998,,,,CollegeFootballData.com API,2026-08-31T17:35:08.591776+00:00,/games,1.3
401117892,2019,9,regular,2019-10-26T19:45:00.000Z,False,True,False,True,33088,3699,Dowdy-Ficklen Stadium,151,East Carolina,fbs,American Athletic,20,"[7, 3, 0, 10]",0.003852862566090727,1176,1118,58,South Florida,fbs,American Athletic,45,"[14, 21, 3, 7]",0.9961471374339093,1253,1311,2.6923441302,https://www.youtube.com/watch?v=hy7gQ4xgrdo,,,CollegeFootballData.com API,2026-08-31T17:35:08.591776+00:00,/games,1.3
401117532,2019,9,regular,2019-10-26T20:00:00.000Z,False,True,False,True,12617,3971,University Stadium (NM),167,New Mexico,fbs,Mountain West,31,"[3, 0, 7, 21]",0.03970322133597378,1150,1136,62,Hawai'i,fbs,Mountain West,45,"[21, 14, 3, 7]",0.9602967786640262,1340,1354,1.71281451459999,https://www.youtube.com/watch?v=rVH9RQzKl0U,,,CollegeFootballData.com API,2026-08-31T17:35:08.591776+00:00,/games,1.3
401112491,2019,9,regular,2019-10-26T20:00:00.000Z,False,True,False,True,50500,3787,Kenan Stadium,153,North Carolina,fbs,ACC,20,"[7, 0, 10, 3]",0.870165337833564,1505,1506,150,Duke,fbs,ACC,17,"[3, 0, 14, 0]",0.12983466216643602,1541,1540,9.3737446956,https://www.youtube.com/watch?v=0sHg3GoKyNE,,,CollegeFootballData.com API,2026-08-31T17:35:08.591776+00:00,/games,1.3
401110834,2019,9,regular,2019-10-26T20:00:00.000Z,False,True,False,True,87397,3853,Neyland Stadium,2633,Tennessee,fbs,SEC,41,"[3, 14, 14, 10]",0.8899419616424821,1391,1458,2579,South Carolina,fbs,SEC,21,"[7, 14, 0, 0]",0.11005803835751793,1575,1508,5.35980721609999,https://www.youtube.com/watch?v=HWVvx0TDsVE,,,CollegeFootballData.com API,2026-08-31T17:35:08.591776+00:00,/games,1.3
401121958,2019,9,regular,2019-10-26T23:00:00.000Z,False,True,False,True,21343,3625,Centennial Bank Stadium,2032,Arkansas State,fbs,Sun Belt,38,"[7, 10, 14, 7]",0.9977007729702988,1360,1395,326,Texas State,fbs,Sun Belt,14,"[0, 14, 0, 0]",0.0022992270297012007,1135,1100,2.74504750639999,https://www.youtube.com/watch?v=TtHx_VdDL7E,,,CollegeFootballData.com API,2026-08-31T17:35:08.591776+00:00,/games,1.3
401117891,2019,9,regular,2019-10-26T23:00:00.000Z,False,True,False,True,29949,3806,Lincoln Financial Field,218,Temple,fbs,American Athletic,21,"[7, 14, 0, 0]",0.007793855349046633,1495,1413,2116,UCF,fbs,American Athletic,63,"[14, 14, 28, 7]",0.9922061446509534,1820,1902,3.0969239655,https://www.youtube.com/watch?v=x6TYzkYIfo4,,,CollegeFootballData.com API,2026-08-31T17:35:08.591776+00:00,/games,1.3
401110831,2019,9,regular,2019-10-26T23:00:00.000Z,False,True,False,True,100233,3657,Bryant-Denny Stadium,333,Alabama,fbs,SEC,48,"[17, 24, 7, 0]",0.9999956094498967,2133,2154,8,Arkansas,fbs,SEC,7,"[0, 0, 0, 7]",4.3905501032615035e-06,1319,1298,0.235728455299999,https://www.youtube.com/watch?v=KdEKW374fCk,,,CollegeFootballData.com API,2026-08-31T17:35:08.591776+00:00,/games,1.3
401112103,2019,9,regular,2019-10-26T23:00:00.000Z,False,True,False,True,31036,3833,Memorial Stadium,2305,Kansas,fbs,Big 12,37,"[0, 14, 6, 17]",0.20039471148650784,1378,1381,2641,Texas Tech,fbs,Big 12,34,"[7, 10, 10, 7]",0.7996052885134921,1535,1532,6.5011548771,https://www.youtube.com/watch?v=97DHByOuPXQ,,,CollegeFootballData.com API,2026-08-31T17:35:08.591776+00:00,/games,1.3
401121959,2019,9,regular,2019-10-26T23:00:00.000Z,False,True,False,True,14527,4246,Center Parc Stadium,2247,Georgia State,fbs,Sun Belt,52,"[7, 21, 7, 17]",0.42246972131249017,1269,1337,2653,Troy,fbs,Sun Belt,33,"[0, 14, 0, 19]",0.5775302786875098,1494,1426,3.44573922829999,https://www.youtube.com/watch?v=nZ7smRTcz9E,,,CollegeFootballData.com API,2026-08-31T17:35:08.591776+00:00,/games,1.3
401117893,2019,9,regular,2019-10-26T23:00:00.000Z,False,True,False,True,17183,3674,Chapman Stadium,202,Tulsa,fbs,American Athletic,41,"[0, 17, 14, 10]",0.6801373431267758,1311,1329,235,Memphis,fbs,American Athletic,42,"[14, 14, 7, 7]",0.31986265687322424,1748,1730,7.8960122696,https://www.youtube.com/watch?v=a6TiezRdTto,,,CollegeFootballData.com API,2026-08-31T17:35:08.591776+00:00,/games,1.3
401110832,2019,9,regular,2019-10-26T23:30:00.000Z,False,True,False,True,48446,3683,Kroger Field,96,Kentucky,fbs,SEC,29,"[0, 22, 0, 7]",0.9998232943318791,1567,1649,142,Missouri,fbs,SEC,7,"[0, 0, 7, 0]",0.00017670566812089117,1814,1732,3.55234340749999,https://www.youtube.com/watch?v=_-XMAnAyEHI,,,CollegeFootballData.com API,2026-08-31T17:35:08.591776+00:00,/games,1.3
401112227,2019,9,regular,2019-10-26T23:30:00.000Z,False,True,False,False,111909,3558,Michigan Stadium,130,Michigan,fbs,Big Ten,45,"[3, 14, 7, 21]",0.9986872349375122,1832,1925,87,Notre Dame,fbs,FBS Independents,14,"[0, 0, 7, 7]",0.0013127650624877862,1903,1810,3.0150092493,https://www.youtube.com/watch?v=VfzyNGTaq3Y,,,CollegeFootballData.com API,2026-08-31T17:35:08.591776+00:00,/games,1.3
401112490,2019,9,regular,2019-10-26T23:30:00.000Z,False,True,False,True,81081,3836,"Memorial Stadium (Clemson, SC)",228,Clemson,fbs,ACC,59,"[17, 21, 14, 7]",0.999980723771752,2170,2246,103,Boston College,fbs,ACC,7,"[0, 7, 0, 0]",1.927622824804409e-05,1566,1490,0.153416513,https://www.youtube.com/watch?v=Oh2xUpqqbR0,,,CollegeFootballData.com API,2026-08-31T17:35:08.591776+00:00,/games,1.3
401114159,2019,9,regular,2019-10-26T23:30:00.000Z,False,True,False,True,39811,1056,Rose Bowl,26,UCLA,fbs,Pac-12,42,"[14, 14, 14, 0]",0.6809487186217694,1415,1446,9,Arizona State,fbs,Pac-12,32,"[7, 0, 3, 22]",0.3190512813782306,1600,1569,3.24429577949999,https://www.youtube.com/watch?v=uJZtashETOw,,,CollegeFootballData.com API,2026-08-31T17:35:08.591776+00:00,/games,1.3
401117531,2019,9,regular,2019-10-26T23:30:00.000Z,False,True,False,True,32890,3660,Valley Children's Stadium,278,Fresno State,fbs,Mountain West,31,"[7, 7, 14, 3]",0.2884839163144333,1622,1566,36,Colorado State,fbs,Mountain West,41,"[14, 7, 3, 17]",0.7115160836855667,1263,1319,8.2886014585,https://www.youtube.com/watch?v=ck4R6YrQp4c,,,CollegeFootballData.com API,2026-08-31T17:35:08.591776+00:00,/games,1.3
401114296,2019,9,regular,2019-10-27T00:00:00.000Z,False,True,False,True,16084,3946,Sun Bowl,2638,UTEP,fbs,Conference USA,21,"[7, 0, 0, 14]",0.01458015951504193,1049,1045,2348,Louisiana Tech,fbs,Conference USA,42,"[7, 21, 14, 0]",0.9854198404849581,1533,1537,1.2614826006,https://www.youtube.com/watch?v=eMMn1n7ORHA,,,CollegeFootballData.com API,2026-08-31T17:35:08.591776+00:00,/games,1.3
401114179,2019,9,regular,2019-10-27T02:00:00.000Z,False,True,False,True,46626,587,Rice-Eccles Stadium,254,Utah,fbs,Pac-12,35,"[7, 21, 7, 0]",0.9999953660923852,1854,1909,25,California,fbs,Pac-12,0,"[0, 0, 0, 0]",4.633907614848276e-06,1510,1455,0.7136092372,https://www.youtube.com/watch?v=wMccXPeHjTI,,,CollegeFootballData.com API,2026-08-31T17:35:08.591776+00:00,/games,1.3
401117530,2019,9,regular,2019-10-27T02:15:00.000Z,False,True,False,True,19248,3713,Falcon Stadium,2005,Air Force,fbs,Mountain West,31,"[0, 17, 7, 7]",0.9968457624700259,1622,1684,328,Utah State,fbs,Mountain West,7,"[0, 0, 7, 0]",0.0031542375299741243,1642,1580,2.3934321891,https://www.youtube.com/watch?v=02c9k2UYztM,,,CollegeFootballData.com API,2026-08-31T17:35:08.591776+00:00,/games,1.3
401114197,2019,9,regular,2019-10-27T02:30:00.000Z,False,True,False,True,59361,3626,Autzen Stadium,2483,Oregon,fbs,Pac-12,37,"[9, 8, 7, 13]",0.33937495681935925,1898,1896,265,Washington State,fbs,Pac-12,35,"[3, 14, 3, 15]",0.6606250431806407,1707,1709,6.2752571408,https://www.youtube.com/watch?v=hzK8ASNEJ6I,,,CollegeFootballData.com API,2026-08-31T17:35:08.591776+00:00,/games,1.3
401117534,2019,9,regular,2019-10-27T02:30:00.000Z,False,True,False,True,19652,3914,Sam Boyd Stadium,2439,UNLV,fbs,Mountain West,17,"[0, 7, 3, 7]",0.9542596144266438,1209,1222,21,San Diego State,fbs,Mountain West,20,"[14, 3, 3, 0]",0.045740385573356246,1515,1502,4.0408027386,https://www.youtube.com/watch?v=KMJslpfCXPE,,,CollegeFootballData.com API,2026-08-31T17:35:08.591776+00:00,/games,1.3
401121960,2019,10,regular,2019-11-01T00:00:00.000Z,False,True,False,True,18796,3792,Kidd Brewer Stadium,2026,App State,fbs,Sun Belt,21,"[0, 7, 0, 14]",0.8930135126482271,1770,1740,290,Georgia Southern,fbs,Sun Belt,24,"[7, 3, 14, 0]",0.10698648735177285,1396,1426,6.3230937458,https://www.youtube.com/watch?v=SfEHYVuQXiE,,,CollegeFootballData.com API,2026-08-31T17:35:08.591776+00:00,/games,1.3
401112080,2019,10,regular,2019-11-01T00:00:00.000Z,False,True,False,True,46379,4727,McLane Stadium,239,Baylor,fbs,Big 12,17,"[7, 0, 7, 3]",0.9938669224449254,1665,1664,277,West Virginia,fbs,Big 12,14,"[0, 0, 14, 0]",0.00613307755507464,1528,1529,6.2751156467,https://www.youtube.com/watch?v=gn20zjECDKY,,,CollegeFootballData.com API,2026-08-31T17:35:08.591776+00:00,/games,1.3
401117894,2019,10,regular,2019-11-02T00:00:00.000Z,False,True,False,True,16659,3892,Pratt & Whitney Stadium,41,UConn,fbs,American Athletic,10,"[7, 3, 0, 0]",0.003603434944715915,995,936,2426,Navy,fbs,American Athletic,56,"[14, 14, 14, 14]",0.9963965650552841,1599,1658,0.970097322699999,https://www.youtube.com/watch?v=62EJUrhBKSE,,,CollegeFootballData.com API,2026-08-31T17:35:08.591776+00:00,/games,1.3
401112208,2019,10,regular,2019-11-02T16:00:00.000Z,False,True,False,True,40701,3665,SECU Stadium,120,Maryland,fbs,Big Ten,7,"[0, 0, 7, 0]",0.004476659046131683,1378,1355,130,Michigan,fbs,Big Ten,38,"[14, 7, 14, 3]",0.9955233409538683,1925,1948,0.5390413113,https://www.youtube.com/watch?v=GSl72XD4PNg,,,CollegeFootballData.com API,2026-08-31T17:35:08.591776+00:00,/games,1.3
401114352,2019,10,regular,2019-11-02T16:00:00.000Z,False,True,False,False,10184,3985,Warren McGuirk Alumni Stadium,113,Massachusetts,fbs,FBS Independents,21,"[7, 7, 7, 0]",0.003596608594077622,833,765,2335,Liberty,fbs,FBS Independents,63,"[28, 21, 14, 0]",0.9964033914059224,1264,1332,0.725954165,https://www.youtube.com/watch?v=kISGeWgapaU,,,CollegeFootballData.com API,2026-08-31T17:35:08.591776+00:00,/games,1.3
401114300,2019,10,regular,2019-11-02T16:00:00.000Z,False,True,False,True,14644,218,FIU Stadium,2229,Florida International,fbs,Conference USA,24,"[3, 6, 7, 8]",0.9899067295742591,1376,1370,295,Old Dominion,fbs,Conference USA,17,"[7, 0, 0, 10]",0.01009327042574093,1088,1094,4.0187619785,https://www.youtube.com/watch?v=OkyoS_JBWPs,,,CollegeFootballData.com API,2026-08-31T17:35:08.591776+00:00,/games,1.3
401112500,2019,10,regular,2019-11-02T16:00:00.000Z,False,True,False,True,31199,3630,Allegacy Federal Credit Union Stadium,154,Wake Forest,fbs,ACC,44,"[21, 13, 10, 0]",0.9998024000639186,1567,1652,152,NC State,fbs,ACC,10,"[0, 10, 0, 0]",0.00019759993608137183,1492,1407,1.2882286102,https://www.youtube.com/watch?v=rUitJcsvRNs,,,CollegeFootballData.com API,2026-08-31T17:35:08.591776+00:00,/games,1.3
401112495,2019,10,regular,2019-11-02T16:00:00.000Z,False,True,False,True,42857,1964,JMA Wireless Dome,183,Syracuse,fbs,ACC,27,"[17, 3, 7, 0]",0.005386030829473298,1459,1375,103,Boston College,fbs,ACC,58,"[10, 34, 7, 7]",0.9946139691705267,1490,1574,2.9331158085,https://www.youtube.com/watch?v=h6YnEMsrR7w,,,CollegeFootballData.com API,2026-08-31T17:35:08.591776+00:00,/games,1.3
401119294,2019,10,regular,2019-11-02T16:00:00.000Z,False,True,False,True,16017,3912,Rynearson Stadium,2199,Eastern Michigan,fbs,Mid-American,14,"[7, 0, 0, 7]",0.005269987397562855,1330,1264,2084,Buffalo,fbs,Mid-American,43,"[2, 27, 7, 7]",0.9947300126024371,1445,1511,2.3821580388,,,,CollegeFootballData.com API,2026-08-31T17:35:08.591776+00:00,/games,1.3
401119295,2019,10,regular,2019-11-02T16:00:00.000Z,False,True,False,True,10438,3786,Kelly/Shorts Stadium,2117,Central Michigan,fbs,Mid-American,48,"[21, 17, 0, 10]",0.999969025320365,1253,1389,2459,Northern Illinois,fbs,Mid-American,10,"[3, 7, 0, 0]",3.0974679634976354e-05,1429,1293,1.6302845599,,,,CollegeFootballData.com API,2026-08-31T17:35:08.591776+00:00,/games,1.3
401110841,2019,10,regular,2019-11-02T16:00:00.000Z,False,True,False,False,100635,3795,Kyle Field,245,Texas A&M,fbs,SEC,45,"[14, 7, 14, 10]",0.9999072149719807,1771,1777,2636,UTSA,fbs,Conference USA,14,"[7, 0, 0, 7]",9.278502801934874e-05,1059,1053,0.306922722799999,https://www.youtube.com/watch?v=GcV4R9Sekb0,,,CollegeFootballData.com API,2026-08-31T17:35:08.591776+00:00,/games,1.3
401112243,2019,10,regular,2019-11-02T16:00:00.000Z,False,True,False,True,50606,3907,Ross-Ade Stadium,2509,Purdue,fbs,Big Ten,31,"[0, 14, 3, 14]",0.9539961982725755,1488,1490,158,Nebraska,fbs,Big Ten,27,"[10, 0, 3, 14]",0.046003801727424465,1459,1457,9.0737335391,https://www.youtube.com/watch?v=m0hKH6Zb0vY,,,CollegeFootballData.com API,2026-08-31T17:35:08.591776+00:00,/games,1.3
401117895,2019,10,regular,2019-11-02T16:00:00.000Z,False,True,False,True,41361,3652,FBC Mortgage Stadium,2116,UCF,fbs,American Athletic,44,"[14, 7, 21, 2]",0.6112471598185104,1902,1898,248,Houston,fbs,American Athletic,29,"[17, 6, 0, 6]",0.3887528401814896,1480,1484,2.58976107209999,https://www.youtube.com/watch?v=PyDENRm1hDo,,,CollegeFootballData.com API,2026-08-31T17:35:08.591776+00:00,/games,1.3
401119293,2019,10,regular,2019-11-02T18:00:00.000Z,False,True,False,True,12113,3700,Doyt L. Perry Stadium,189,Bowling Green,fbs,Mid-American,35,"[7, 14, 7, 7]",0.9999637140935786,917,991,2006,Akron,fbs,Mid-American,6,"[6, 0, 0, 0]",3.6285906421351655e-05,897,823,3.73031483679999,,,,CollegeFootballData.com API,2026-08-31T17:35:08.591776+00:00,/games,1.3
401112501,2019,10,regular,2019-11-02T18:30:00.000Z,False,True,False,False,77622,3855,Notre Dame Stadium,87,Notre Dame,fbs,FBS Independents,21,"[7, 7, 0, 7]",0.586887474174915,1810,1799,259,Virginia Tech,fbs,ACC,20,"[7, 7, 3, 3]",0.41311252582508495,1446,1457,7.3770977034,https://www.youtube.com/watch?v=c6GMaEKCUNo,,,CollegeFootballData.com API,2026-08-31T17:35:08.591776+00:00,/games,1.3
401121962,2019,10,regular,2019-11-02T19:00:00.000Z,False,True,False,True,15098,3654,Brooks Stadium (SC),324,Coastal Carolina,fbs,Sun Belt,36,"[14, 3, 11, 8]",0.5989747307978608,1306,1310,2653,Troy,fbs,Sun Belt,35,"[21, 0, 7, 7]",0.4010252692021392,1426,1422,8.2436915332,https://www.youtube.com/watch?v=naTfq4pSQwA,,,CollegeFootballData.com API,2026-08-31T17:35:08.591776+00:00,/games,1.3
401114302,2019,10,regular,2019-11-02T19:30:00.000Z,False,True,False,True,17385,3895,Rice Stadium,242,Rice,fbs,Conference USA,7,"[0, 7, 0, 0]",0.0047712955010020975,1172,1165,276,Marshall,fbs,Conference USA,20,"[3, 14, 3, 0]",0.9952287044989979,1411,1418,2.9138108721,https://www.youtube.com/watch?v=E4nDQ6XMDjc,,,CollegeFootballData.com API,2026-08-31T17:35:08.591776+00:00,/games,1.3
401114299,2019,10,regular,2019-11-02T19:30:00.000Z,False,True,False,True,13879,4418,Jerry Richardson Stadium,2429,Charlotte,fbs,Conference USA,34,"[14, 10, 10, 0]",0.9839768532934253,1254,1299,2393,Middle Tennessee,fbs,Conference USA,20,"[7, 0, 6, 7]",0.016023146706574676,1435,1390,2.68154893019999,https://www.youtube.com/watch?v=_WwAiHbE9js,,,CollegeFootballData.com API,2026-08-31T17:35:08.591776+00:00,/games,1.3
401112104,2019,10,regular,2019-11-02T19:30:00.000Z,False,True,False,True,47233,3833,Memorial Stadium,2305,Kansas,fbs,Big 12,10,"[3, 0, 0, 7]",0.003992253480282275,1381,1337,2306,Kansas State,fbs,Big 12,38,"[7, 10, 7, 14]",0.9960077465197177,1651,1695,2.2897659401,https://www.youtube.com/watch?v=mZBCfrvJyvs,,,CollegeFootballData.com API,2026-08-31T17:35:08.591776+00:00,/games,1.3
401121961,2019,10,regular,2019-11-02T19:30:00.000Z,False,True,False,True,15327,3817,Malone Stadium,2433,UL Monroe,fbs,Sun Belt,41,"[14, 14, 6, 7]",0.26702880367118736,1180,1183,2032,Arkansas State,fbs,Sun Belt,48,"[3, 28, 3, 14]",0.7329711963288126,1395,1392,6.6434613404,https://www.youtube.com/watch?v=3IvId2A5gxQ,,,CollegeFootballData.com API,2026-08-31T17:35:08.591776+00:00,/games,1.3
401110838,2019,10,regular,2019-11-02T19:30:00.000Z,False,True,True,True,84789,3712,EverBank Stadium,57,Florida,fbs,SEC,17,"[0, 3, 0, 14]",0.24211137903520677,1777,1782,61,Georgia,fbs,SEC,24,"[3, 10, 3, 8]",0.7578886209647933,1974,1969,3.428604601,https://www.youtube.com/watch?v=abgzHzMcMTo,,,CollegeFootballData.com API,2026-08-31T17:35:08.591776+00:00,/games,1.3
401112127,2019,10,regular,2019-11-02T19:30:00.000Z,False,True,False,True,52861,3646,Boone Pickens Stadium,197,Oklahoma State,fbs,Big 12,34,"[10, 7, 7, 10]",0.26996232177930274,1637,1647,2628,TCU,fbs,Big 12,27,"[3, 14, 0, 10]",0.7300376782206972,1650,1640,5.469944469,https://www.youtube.com/watch?v=7FzNp1evRyA,,,CollegeFootballData.com API,2026-08-31T17:35:08.591776+00:00,/games,1.3
401114303,2019,10,regular,2019-11-02T19:30:00.000Z,False,True,False,True,22548,3825,DATCU Stadium,249,North Texas,fbs,Conference USA,52,"[21, 17, 7, 7]",0.9974854393446965,1397,1425,2638,UTEP,fbs,Conference USA,26,"[7, 7, 6, 6]",0.0025145606553035327,1045,1017,0.357659056099999,https://www.youtube.com/watch?v=kCbls-osWdk,,,CollegeFootballData.com API,2026-08-31T17:35:08.591776+00:00,/games,1.3
401112497,2019,10,regular,2019-11-02T19:30:00.000Z,False,True,False,True,63995,3697,Doak Campbell Stadium,52,Florida State,fbs,ACC,10,"[0, 3, 7, 0]",0.02886906734657788,1539,1500,2390,Miami,fbs,ACC,27,"[7, 10, 0, 10]",0.9711309326534221,1562,1601,5.4363043735,https://www.youtube.com/watch?v=ZY_H8SRqd0s,,,CollegeFootballData.com API,2026-08-31T17:35:08.591776+00:00,/games,1.3
401117538,2019,10,regular,2019-11-02T19:30:00.000Z,False,True,False,True,24103,5388,Canvas Stadium,36,Colorado State,fbs,Mountain West,37,"[21, 3, 3, 10]",0.9718669665380734,1319,1356,2439,UNLV,fbs,Mountain West,17,"[0, 0, 3, 14]",0.028133033461926638,1222,1185,1.0209122906,https://www.youtube.com/watch?v=MOaHDMo17TA,,,CollegeFootballData.com API,2026-08-31T17:35:08.591776+00:00,/games,1.3
401114331,2019,10,regular,2019-11-02T19:30:00.000Z,False,True,False,False,41401,3713,Falcon Stadium,2005,Air Force,fbs,Mountain West,17,"[0, 3, 7, 7]",0.9773702325689664,1684,1683,349,Army,fbs,FBS Independents,13,"[0, 6, 7, 0]",0.02262976743103362,1565,1566,5.40860372769999,https://www.youtube.com/watch?v=vQ9b8LF57Ho,,,CollegeFootballData.com API,2026-08-31T17:35:08.591776+00:00,/games,1.3
401112153,2019,10,regular,2019-11-02T19:30:00.000Z,False,True,False,True,35652,3832,"Memorial Stadium (Champaign, IL)",356,Illinois,fbs,Big Ten,38,"[10, 0, 21, 7]",0.9998657990965302,1430,1463,164,Rutgers,fbs,Big Ten,10,"[0, 10, 0, 0]",0.00013420090346982771,1073,1040,1.92409932469999,https://www.youtube.com/watch?v=qlH-OZdj7NE,,,CollegeFootballData.com API,2026-08-31T17:35:08.591776+00:00,/games,1.3
401117898,2019,10,regular,2019-11-02T20:00:00.000Z,False,True,False,True,27417,4729,Yulman Stadium,2655,Tulane,fbs,American Athletic,38,"[10, 14, 7, 7]",0.9862498456496991,1532,1539,202,Tulsa,fbs,American Athletic,26,"[0, 16, 0, 10]",0.013750154350300914,1329,1322,3.898422386,https://www.youtube.com/watch?v=gLaP_pNJ3sY,,,CollegeFootballData.com API,2026-08-31T17:35:08.591776+00:00,/games,1.3
401114301,2019,10,regular,2019-11-02T20:00:00.000Z,False,True,False,True,14212,3796,Houchens Industries-L.T. Smith Stadium,98,Western Kentucky,fbs,Conference USA,24,"[14, 0, 7, 3]",0.11894002535836558,1436,1422,2226,Florida Atlantic,fbs,Conference USA,35,"[0, 21, 7, 7]",0.8810599746416344,1545,1559,5.5602337053,https://www.youtube.com/watch?v=JD_Doo6NJdE,,,CollegeFootballData.com API,2026-08-31T17:35:08.591776+00:00,/games,1.3
401112498,2019,10,regular,2019-11-02T20:00:00.000Z,False,True,False,True,41219,721,Bobby Dodd Stadium,59,Georgia Tech,fbs,ACC,10,"[0, 7, 3, 0]",0.02992624184285711,1435,1427,221,Pittsburgh,fbs,ACC,20,"[10, 7, 0, 3]",0.9700737581571429,1581,1589,2.9303028654,https://www.youtube.com/watch?v=E323JGTdgB4,,,CollegeFootballData.com API,2026-08-31T17:35:08.591776+00:00,/games,1.3
401112496,2019,10,regular,2019-11-02T20:00:00.000Z,False,True,False,False,81500,3836,"Memorial Stadium (Clemson, SC)",228,Clemson,fbs,ACC,59,"[21, 21, 14, 3]",0.9993931362783954,,,2747,Wofford,fcs,Southern,14,"[0, 0, 14, 0]",0.0006068637216045669,,,0.0135307809999994,https://www.youtube.com/watch?v=2h6jhNGeSkg,,,CollegeFootballData.com API,2026-08-31T17:35:08.591776+00:00,/games,1.3
401110836,2019,10,regular,2019-11-02T20:00:00.000Z,False,True,False,True,52256,3887,Razorback Stadium,8,Arkansas,fbs,SEC,24,"[0, 10, 7, 7]",0.004188759531063112,1298,1252,344,Mississippi State,fbs,SEC,54,"[14, 24, 7, 9]",0.9958112404689369,1605,1651,1.5601179609,,,,CollegeFootballData.com API,2026-08-31T17:35:08.591776+00:00,/games,1.3
401114227,2019,10,regular,2019-11-02T20:00:00.000Z,False,True,False,True,69270,3765,Husky Stadium,264,Washington,fbs,Pac-12,28,"[7, 7, 7, 7]",0.20718886611445875,1813,1811,254,Utah,fbs,Pac-12,33,"[0, 13, 6, 14]",0.7928111338855413,1909,1911,7.991243239,https://www.youtube.com/watch?v=U4I1Mxq0qWg,,,CollegeFootballData.com API,2026-08-31T17:35:08.591776+00:00,/games,1.3
401114171,2019,10,regular,2019-11-02T20:30:00.000Z,False,True,False,True,36939,3619,Arizona Stadium,12,Arizona,fbs,Pac-12,38,"[6, 13, 12, 7]",0.022820873466004407,1408,1345,204,Oregon State,fbs,Pac-12,56,"[7, 28, 7, 14]",0.9771791265339956,1244,1307,4.85404397259999,https://www.youtube.com/watch?v=hzFQte1GrpA,,,CollegeFootballData.com API,2026-08-31T17:35:08.591776+00:00,/games,1.3
401121963,2019,10,regular,2019-11-02T21:00:00.000Z,False,True,False,True,21063,3666,Cajun Field,309,Louisiana,fbs,Sun Belt,31,"[0, 10, 21, 0]",0.9999809687896364,1539,1564,326,Texas State,fbs,Sun Belt,3,"[0, 3, 0, 0]",1.90312103636181e-05,1100,1075,1.39816828819999,,,,CollegeFootballData.com API,2026-08-31T17:35:08.591776+00:00,/games,1.3
401110840,2019,10,regular,2019-11-02T23:00:00.000Z,False,True,False,False,85791,3853,Neyland Stadium,2633,Tennessee,fbs,SEC,30,"[6, 17, 7, 0]",0.9950764169910836,1458,1527,5,UAB,fbs,Conference USA,7,"[0, 0, 0, 7]",0.004923583008916377,1565,1496,0.950646408099999,,,,CollegeFootballData.com API,2026-08-31T17:35:08.591776+00:00,/games,1.3
401117896,2019,10,regular,2019-11-02T23:00:00.000Z,False,True,False,True,32276,3699,Dowdy-Ficklen Stadium,151,East Carolina,fbs,American Athletic,43,"[14, 17, 9, 3]",0.5047866465194458,1118,1144,2132,Cincinnati,fbs,American Athletic,46,"[21, 0, 7, 18]",0.4952133534805542,1699,1673,7.50823919029999,https://www.youtube.com/watch?v=b0dtPVTts4o,,,CollegeFootballData.com API,2026-08-31T17:35:08.591776+00:00,/games,1.3
401112165,2019,10,regular,2019-11-02T23:00:00.000Z,False,True,False,True,40924,3830,"Memorial Stadium (Bloomington, IN)",84,Indiana,fbs,Big Ten,34,"[10, 14, 7, 3]",0.9996158155775368,1556,1631,77,Northwestern,fbs,Big Ten,3,"[0, 3, 0, 0]",0.0003841844224632407,1489,1414,1.7093421458,https://www.youtube.com/watch?v=C8PRBHXuODM,,,CollegeFootballData.com API,2026-08-31T17:35:08.591776+00:00,/games,1.3
401110837,2019,10,regular,2019-11-02T23:00:00.000Z,False,True,False,True,87457,3785,Jordan-Hare Stadium,2,Auburn,fbs,SEC,20,"[0, 10, 10, 0]",0.993380901173686,1958,1946,145,Ole Miss,fbs,SEC,14,"[0, 7, 0, 7]",0.006619098826313952,1544,1556,3.5646434989,https://www.youtube.com/watch?v=s36RpR-IgU0,,,CollegeFootballData.com API,2026-08-31T17:35:08.591776+00:00,/games,1.3
401117897,2019,10,regular,2019-11-02T23:30:00.000Z,False,True,False,True,59506,3805,Simmons Bank Liberty Stadium,235,Memphis,fbs,American Athletic,54,"[7, 16, 17, 14]",0.08040903671819662,1730,1733,2567,SMU,fbs,American Athletic,48,"[7, 10, 7, 24]",0.9195909632818033,1634,1631,4.5811095008,https://www.youtube.com/watch?v=fRTPBl_Pn0I,,,CollegeFootballData.com API,2026-08-31T17:35:08.591776+00:00,/games,1.3
401110839,2019,10,regular,2019-11-02T23:30:00.000Z,False,True,False,True,71945,3994,Williams-Brice Stadium,2579,South Carolina,fbs,SEC,24,"[0, 14, 0, 10]",0.9974444549022288,1508,1529,238,Vanderbilt,fbs,SEC,7,"[7, 0, 0, 0]",0.002555545097771228,1334,1313,3.05682800209999,https://www.youtube.com/watch?v=J6kc1Rkk7tw,,,CollegeFootballData.com API,2026-08-31T17:35:08.591776+00:00,/games,1.3
401112499,2019,10,regular,2019-11-02T23:30:00.000Z,False,True,False,True,50500,3787,Kenan Stadium,153,North Carolina,fbs,ACC,31,"[3, 14, 14, 0]",0.03630698960109274,1506,1505,258,Virginia,fbs,ACC,38,"[7, 10, 21, 0]",0.9636930103989072,1665,1666,5.4112662225,https://www.youtube.com/watch?v=FZRX1pSWZmg,,,CollegeFootballData.com API,2026-08-31T17:35:08.591776+00:00,/games,1.3
401114198,2019,10,regular,2019-11-03T00:00:00.000Z,False,True,False,True,63011,477,Los Angeles Memorial Coliseum,30,USC,fbs,Pac-12,24,"[10, 7, 0, 7]",0.007491126619306754,1688,1624,2483,Oregon,fbs,Pac-12,56,"[0, 28, 14, 14]",0.9925088733806933,1896,1960,3.7293135214,https://www.youtube.com/watch?v=fyqjnALX5TI,,,CollegeFootballData.com API,2026-08-31T17:35:08.591776+00:00,/games,1.3
401114189,2019,10,regular,2019-11-03T01:00:00.000Z,False,True,False,True,47118,1056,Rose Bowl,26,UCLA,fbs,Pac-12,31,"[17, 0, 7, 7]",0.9797777837570594,1446,1476,38,Colorado,fbs,Pac-12,14,"[0, 7, 0, 7]",0.020222216242940627,1367,1337,2.6970410307,https://www.youtube.com/watch?v=3gKiTx9QI_A,,,CollegeFootballData.com API,2026-08-31T17:35:08.591776+00:00,/games,1.3
401117216,2019,10,regular,2019-11-03T02:00:00.000Z,False,True,False,False,25472,3905,Maverik Stadium,328,Utah State,fbs,Mountain West,14,"[7, 7, 0, 0]",0.09027943126884448,1580,1488,252,BYU,fbs,FBS Independents,42,"[7, 14, 14, 7]",0.9097205687311555,1467,1559,3.94783541029999,https://www.youtube.com/watch?v=aSZqLWwj_5g,,,CollegeFootballData.com API,2026-08-31T17:35:08.591776+00:00,/games,1.3
401117536,2019,10,regular,2019-11-03T02:30:00.000Z,False,True,False,True,15631,3816,Mackay Stadium,2440,Nevada,fbs,Mountain West,21,"[0, 14, 0, 7]",0.85887355722172,1074,1099,167,New Mexico,fbs,Mountain West,10,"[7, 0, 3, 0]",0.14112644277828001,1136,1111,6.1187481205,https://www.youtube.com/watch?v=e-aseqjYtOQ,,,CollegeFootballData.com API,2026-08-31T17:35:08.591776+00:00,/games,1.3
401117535,2019,10,regular,2019-11-03T02:30:00.000Z,False,True,False,True,19184,3935,CEFCU Stadium,23,San José State,fbs,Mountain West,42,"[14, 10, 10, 8]",0.6982907968563432,1255,1272,68,Boise State,fbs,Mountain West,52,"[7, 10, 14, 21]",0.3017092031436568,1727,1710,7.0738309619,https://www.youtube.com/watch?v=w6XB_-TlcrU,,,CollegeFootballData.com API,2026-08-31T17:35:08.591776+00:00,/games,1.3
401117537,2019,10,regular,2019-11-03T03:59:00.000Z,False,True,False,True,22058,3610,Aloha Stadium,62,Hawai'i,fbs,Mountain West,38,"[0, 24, 0, 14]",0.08325852043278142,1354,1362,278,Fresno State,fbs,Mountain West,41,"[7, 7, 17, 10]",0.9167414795672186,1566,1558,6.7002100269,https://www.youtube.com/watch?v=G9AbU931n8Y,,,CollegeFootballData.com API,2026-08-31T17:35:08.591776+00:00,/games,1.3
401119297,2019,11,regular,2019-11-06T00:00:00.000Z,False,True,False,True,16331,3739,Glass Bowl,2649,Toledo,fbs,Mid-American,35,"[14, 14, 0, 7]",0.9713536409581138,1293,1293,2309,Kent State,fbs,Mid-American,33,"[10, 7, 10, 6]",0.02864635904188617,1225,1225,5.0533344444,https://www.youtube.com/watch?v=1YqoZaK6D4Q,,,CollegeFootballData.com API,2026-08-31T17:35:08.591776+00:00,/games,1.3
401119296,2019,11,regular,2019-11-06T01:00:00.000Z,False,True,False,True,11314,3980,Waldo Stadium,2711,Western Michigan,fbs,Mid-American,35,"[7, 14, 0, 14]",0.5667936620185383,1472,1472,2050,Ball State,fbs,Mid-American,31,"[7, 3, 7, 14]",0.4332063379814617,1374,1374,7.463115082,https://www.youtube.com/watch?v=8jItPknPuL0,,,CollegeFootballData.com API,2026-08-31T17:35:08.591776+00:00,/games,1.3
401119298,2019,11,regular,2019-11-07T01:00:00.000Z,False,True,False,True,20589,3876,Peden Stadium,195,Ohio,fbs,Mid-American,21,"[0, 7, 0, 14]",0.848254809978567,1574,1549,193,Miami (OH),fbs,Mid-American,24,"[0, 7, 7, 10]",0.15174519002143305,1270,1295,7.6298642164,https://www.youtube.com/watch?v=x8hz9KBrRbA,,,CollegeFootballData.com API,2026-08-31T17:35:08.591776+00:00,/games,1.3
401121964,2019,11,regular,2019-11-08T00:30:00.000Z,False,True,False,True,14857,3654,Brooks Stadium (SC),324,Coastal Carolina,fbs,Sun Belt,7,"[0, 0, 0, 7]",0.0038887793212946825,1310,1222,309,Louisiana,fbs,Sun Belt,48,"[14, 10, 21, 3]",0.9961112206787053,1564,1652,0.8518461338,https://www.youtube.com/watch?v=mbkGckrP7o0,,,CollegeFootballData.com API,2026-08-31T17:35:08.591776+00:00,/games,1.3
401117899,2019,11,regular,2019-11-08T01:00:00.000Z,False,True,False,True,26214,3886,Raymond James Stadium,58,South Florida,fbs,American Athletic,7,"[0, 0, 7, 0]",0.08138477827853338,1311,1299,218,Temple,fbs,American Athletic,17,"[0, 7, 7, 3]",0.9186152217214666,1413,1425,5.639874198,https://www.youtube.com/watch?v=5Ka6KKFxVIU,,,CollegeFootballData.com API,2026-08-31T17:35:08.591776+00:00,/games,1.3
401117900,2019,11,regular,2019-11-09T00:00:00.000Z,False,True,False,True,16331,3674,Chapman Stadium,202,Tulsa,fbs,American Athletic,34,"[7, 10, 7, 10]",0.7585704392805875,1322,1332,2116,UCF,fbs,American Athletic,31,"[14, 14, 3, 0]",0.24142956071941246,1898,1888,6.7092658244,https://www.youtube.com/watch?v=UZ9lzKdAYa0,,,CollegeFootballData.com API,2026-08-31T17:35:08.591776+00:00,/games,1.3
401114205,2019,11,regular,2019-11-09T03:30:00.000Z,False,True,False,True,34244,3893,Reser Stadium,204,Oregon State,fbs,Pac-12,7,"[0, 0, 7, 0]",0.004041664349159806,1307,1323,264,Washington,fbs,Pac-12,19,"[3, 7, 9, 0]",0.9959583356508402,1811,1795,3.6319270777,https://www.youtube.com/watch?v=9uBXp22wgYs,,,CollegeFootballData.com API,2026-08-31T17:35:08.591776+00:00,/games,1.3
401110844,2019,11,regular,2019-11-09T17:00:00.000Z,False,True,False,True,86201,3634,Ben Hill Griffin Stadium,57,Florida,fbs,SEC,56,"[0, 14, 28, 14]",0.9999975939163644,1782,1889,238,Vanderbilt,fbs,SEC,0,"[0, 0, 0, 0]",2.40608363555328e-06,1313,1206,0.632506004,https://www.youtube.com/watch?v=-ASlusWHZsw,,,CollegeFootballData.com API,2026-08-31T17:35:08.591776+00:00,/games,1.3
401117902,2019,11,regular,2019-11-09T17:00:00.000Z,False,True,False,True,29528,3735,Gerald J. Ford Stadium,2567,SMU,fbs,American Athletic,59,"[14, 14, 17, 14]",0.7673444370694122,1631,1616,151,East Carolina,fbs,American Athletic,51,"[7, 13, 17, 14]",0.23265556293058776,1144,1159,3.4118546936,https://www.youtube.com/watch?v=zHw2HNWUZ78,,,CollegeFootballData.com API,2026-08-31T17:35:08.591776+00:00,/games,1.3
401112502,2019,11,regular,2019-11-09T17:00:00.000Z,False,True,False,True,37312,3615,"Alumni Stadium (Chestnut Hill, MA)",103,Boston College,fbs,ACC,31,"[7, 7, 0, 17]",0.23426566975035437,1574,1555,52,Florida State,fbs,ACC,38,"[3, 7, 14, 14]",0.7657343302496457,1500,1519,6.8279083539,https://www.youtube.com/watch?v=80Ndka-BTtw,,,CollegeFootballData.com API,2026-08-31T17:35:08.591776+00:00,/games,1.3
401112235,2019,11,regular,2019-11-09T17:00:00.000Z,False,True,False,True,51883,3953,Huntington Bank Stadium,135,Minnesota,fbs,Big Ten,31,"[14, 10, 0, 7]",0.940185317968706,1808,1822,213,Penn State,fbs,Big Ten,26,"[10, 3, 6, 7]",0.05981468203129403,2019,2005,5.5382650042,https://www.youtube.com/watch?v=hJ2X0a0aIWU,,,CollegeFootballData.com API,2026-08-31T17:35:08.591776+00:00,/games,1.3
401114332,2019,11,regular,2019-11-09T17:00:00.000Z,False,True,False,False,35567,3841,Michie Stadium,349,Army,fbs,FBS Independents,63,"[14, 21, 14, 14]",0.9999953167819684,1566,1630,113,Massachusetts,fbs,FBS Independents,7,"[7, 0, 0, 0]",4.683218031598102e-06,765,701,0.207357384100001,https://www.youtube.com/watch?v=lVg4XQNOOsY,,,CollegeFootballData.com API,2026-08-31T17:35:08.591776+00:00,/games,1.3
401112249,2019,11,regular,2019-11-09T17:00:00.000Z,False,True,False,True,37194,3911,Ryan Field,77,Northwestern,fbs,Big Ten,22,"[14, 2, 0, 6]",0.5864586582289325,1414,1415,2509,Purdue,fbs,Big Ten,24,"[0, 7, 14, 3]",0.4135413417710675,1490,1489,8.0456578729,https://www.youtube.com/watch?v=1ANGz-sJqsg,,,CollegeFootballData.com API,2026-08-31T17:35:08.591776+00:00,/games,1.3
401112142,2019,11,regular,2019-11-09T17:00:00.000Z,False,True,False,True,56573,3842,Milan Puskar Stadium,277,West Virginia,fbs,Big 12,17,"[3, 7, 0, 7]",0.09823979562534052,1529,1476,2641,Texas Tech,fbs,Big 12,38,"[21, 14, 0, 3]",0.9017602043746595,1532,1585,1.6481161199,https://www.youtube.com/watch?v=8CqUE1SPEeA,,,CollegeFootballData.com API,2026-08-31T17:35:08.591776+00:00,/games,1.3
401112081,2019,11,regular,2019-11-09T17:00:00.000Z,False,True,False,True,45870,3616,Amon G. Carter Stadium,2628,TCU,fbs,Big 12,23,"[3, 6, 0, 0, 7, 7, 0]",0.3009546189642669,1640,1631,239,Baylor,fbs,Big 12,29,"[0, 0, 3, 6, 7, 7, 6]",0.6990453810357331,1664,1673,9.2060500089,https://www.youtube.com/watch?v=ike9jLKzCEI,,,CollegeFootballData.com API,2026-08-31T17:35:08.591776+00:00,/games,1.3
401110843,2019,11,regular,2019-11-09T17:00:00.000Z,False,True,False,False,42985,3887,Razorback Stadium,8,Arkansas,fbs,SEC,19,"[7, 0, 0, 12]",0.00981836603448335,1252,1202,98,Western Kentucky,fbs,Conference USA,45,"[14, 21, 3, 7]",0.9901816339655166,1422,1472,2.4219423725,https://www.youtube.com/watch?v=53jN4Bxp4To,,,CollegeFootballData.com API,2026-08-31T17:35:08.591776+00:00,/games,1.3
401112209,2019,11,regular,2019-11-09T17:00:00.000Z,False,True,False,True,101022,3861,Ohio Stadium,194,Ohio State,fbs,Big Ten,73,"[21, 21, 10, 21]",0.9980700025108876,2332,2384,120,Maryland,fbs,Big Ten,14,"[0, 0, 7, 7]",0.0019299974891123783,1355,1303,0.0468866373000009,https://www.youtube.com/watch?v=1fU21c71REk,,,CollegeFootballData.com API,2026-08-31T17:35:08.591776+00:00,/games,1.3
401112504,2019,11,regular,2019-11-09T17:30:00.000Z,False,True,False,True,44596,3923,Scott Stadium,258,Virginia,fbs,ACC,33,"[14, 10, 0, 9]",0.9710033993794712,1666,1662,59,Georgia Tech,fbs,ACC,28,"[14, 7, 0, 7]",0.02899660062052878,1427,1431,3.7032869569,https://www.youtube.com/watch?v=dwoIQdPnmXc,,,CollegeFootballData.com API,2026-08-31T17:35:08.591776+00:00,/games,1.3
401114307,2019,11,regular,2019-11-09T19:00:00.000Z,False,True,False,True,16297,3918,S.B. Ballard Stadium,295,Old Dominion,fbs,Conference USA,23,"[10, 10, 3, 0]",0.15793165044710575,1094,1091,2636,UTSA,fbs,Conference USA,24,"[10, 0, 0, 14]",0.8420683495528942,1053,1056,5.12677077949999,https://www.youtube.com/watch?v=gKB0ujpOaQ4,,,CollegeFootballData.com API,2026-08-31T17:35:08.591776+00:00,/games,1.3
401114304,2019,11,regular,2019-11-09T20:00:00.000Z,False,True,False,True,15683,3946,Sun Bowl,2638,UTEP,fbs,Conference USA,21,"[14, 7, 0, 0]",0.06903231953063758,1017,1025,2429,Charlotte,fbs,Conference USA,28,"[0, 7, 14, 7]",0.9309676804693624,1299,1291,6.4701084978,https://www.youtube.com/watch?v=NH1MfP6p-O0,,,CollegeFootballData.com API,2026-08-31T17:35:08.591776+00:00,/games,1.3
401114190,2019,11,regular,2019-11-09T20:00:00.000Z,False,True,False,True,49224,3726,Folsom Field,38,Colorado,fbs,Pac-12,16,"[7, 3, 0, 6]",0.4273642731532093,1337,1340,24,Stanford,fbs,Pac-12,13,"[3, 3, 0, 7]",0.5726357268467908,1518,1515,8.6479743424,https://www.youtube.com/watch?v=OkpF5Yrp9K8,,,CollegeFootballData.com API,2026-08-31T17:35:08.591776+00:00,/games,1.3
401121967,2019,11,regular,2019-11-09T20:00:00.000Z,False,True,False,True,15473,3644,Bobcat Stadium (TX),326,Texas State,fbs,Sun Belt,30,"[3, 10, 14, 3]",0.9806192319991572,1075,1076,6,South Alabama,fbs,Sun Belt,28,"[7, 7, 7, 7]",0.019380768000842763,1064,1063,7.12866798029999,,,,CollegeFootballData.com API,2026-08-31T17:35:08.591776+00:00,/games,1.3
401117901,2019,11,regular,2019-11-09T20:30:00.000Z,False,True,False,True,38919,3854,Nippert Stadium,2132,Cincinnati,fbs,American Athletic,48,"[14, 24, 3, 7]",0.9999949202546062,1673,1713,41,UConn,fbs,American Athletic,3,"[0, 0, 0, 3]",5.079745393765656e-06,936,896,0.133769704399999,https://www.youtube.com/watch?v=xhk7jpD16X0,,,CollegeFootballData.com API,2026-08-31T17:35:08.591776+00:00,/games,1.3
401110842,2019,11,regular,2019-11-09T20:30:00.000Z,False,True,False,True,101821,3657,Bryant-Denny Stadium,333,Alabama,fbs,SEC,41,"[7, 6, 7, 21]",0.05102900616605656,2154,2135,99,LSU,fbs,SEC,46,"[10, 23, 0, 13]",0.9489709938339435,2008,2027,5.7440993865,https://www.youtube.com/watch?v=VTSdow92S6c,,,CollegeFootballData.com API,2026-08-31T17:35:08.591776+00:00,/games,1.3
401112111,2019,11,regular,2019-11-09T20:30:00.000Z,False,True,False,True,97833,3910,DKR-Texas Memorial Stadium,251,Texas,fbs,Big 12,27,"[0, 7, 10, 10]",0.9976462785384298,1744,1744,2306,Kansas State,fbs,Big 12,24,"[14, 0, 0, 10]",0.002353721461570202,1695,1695,7.50319653759999,https://www.youtube.com/watch?v=3ud2IyCulNQ,,,CollegeFootballData.com API,2026-08-31T17:35:08.591776+00:00,/games,1.3
401112506,2019,11,regular,2019-11-09T20:30:00.000Z,False,True,False,True,65632,3799,Lane Stadium,259,Virginia Tech,fbs,ACC,36,"[3, 3, 17, 13]",0.9989500182896048,1457,1522,154,Wake Forest,fbs,ACC,17,"[3, 7, 7, 0]",0.0010499817103951647,1652,1587,5.8839254144,https://www.youtube.com/watch?v=bijZvqGqNbY,,,CollegeFootballData.com API,2026-08-31T17:35:08.591776+00:00,/games,1.3
401114308,2019,11,regular,2019-11-09T20:30:00.000Z,False,True,False,True,23819,3815,M. M. Roberts Stadium,2572,Southern Miss,fbs,Conference USA,37,"[7, 13, 10, 7]",0.999962599858633,1445,1550,5,UAB,fbs,Conference USA,2,"[0, 2, 0, 0]",3.740014136699443e-05,1496,1391,1.88387562719999,https://www.youtube.com/watch?v=VOyNTcgruvA,,,CollegeFootballData.com API,2026-08-31T17:35:08.591776+00:00,/games,1.3
401114160,2019,11,regular,2019-11-09T20:30:00.000Z,False,True,False,True,54191,3947,Mountain America Stadium,9,Arizona State,fbs,Pac-12,26,"[7, 6, 7, 6]",0.0749006442279649,1569,1564,30,USC,fbs,Pac-12,31,"[28, 0, 3, 0]",0.9250993557720351,1624,1629,4.9095957281,https://www.youtube.com/watch?v=Aw1l2vnLhbA,,,CollegeFootballData.com API,2026-08-31T17:35:08.591776+00:00,/games,1.3
401112505,2019,11,regular,2019-11-09T20:30:00.000Z,False,True,False,True,53111,3948,Hard Rock Stadium,2390,Miami,fbs,ACC,52,"[21, 14, 17, 0]",0.9985440688733305,1601,1635,97,Louisville,fbs,ACC,27,"[7, 7, 7, 6]",0.0014559311266695296,1337,1303,2.04449007369999,https://www.youtube.com/watch?v=pmivbUOgxzs,,,CollegeFootballData.com API,2026-08-31T17:35:08.591776+00:00,/games,1.3
401121965,2019,11,regular,2019-11-09T20:30:00.000Z,False,True,False,True,22108,3975,Veterans Memorial Stadium (AL),2653,Troy,fbs,Sun Belt,49,"[14, 13, 0, 22]",0.9972752747639222,1422,1472,290,Georgia Southern,fbs,Sun Belt,28,"[0, 14, 0, 14]",0.0027247252360778074,1426,1376,5.26409100499999,https://www.youtube.com/watch?v=ryKnRhL5e8Q,,,CollegeFootballData.com API,2026-08-31T17:35:08.591776+00:00,/games,1.3
401112154,2019,11,regular,2019-11-09T20:30:00.000Z,False,True,False,True,63370,3936,Spartan Stadium,127,Michigan State,fbs,Big Ten,34,"[14, 14, 3, 3]",0.7324222368551566,1628,1613,356,Illinois,fbs,Big Ten,37,"[3, 7, 0, 27]",0.2675777631448434,1463,1478,3.7908518628,https://www.youtube.com/watch?v=oMzbh9mxdxQ,,,CollegeFootballData.com API,2026-08-31T17:35:08.591776+00:00,/games,1.3
401112198,2019,11,regular,2019-11-09T21:00:00.000Z,False,True,False,True,78018,347,Camp Randall Stadium,275,Wisconsin,fbs,Big Ten,24,"[0, 14, 7, 3]",0.9453416711288803,1983,1982,2294,Iowa,fbs,Big Ten,22,"[3, 3, 0, 16]",0.054658328871119655,1895,1896,4.4389846246,https://www.youtube.com/watch?v=t9mdInLZqcQ,,,CollegeFootballData.com API,2026-08-31T17:35:08.591776+00:00,/games,1.3
401114306,2019,11,regular,2019-11-09T21:00:00.000Z,False,True,False,True,22792,3776,Joe Aillet Stadium,2348,Louisiana Tech,fbs,Conference USA,52,"[7, 10, 14, 21]",0.9998733412405707,1537,1620,249,North Texas,fbs,Conference USA,17,"[3, 0, 0, 14]",0.00012665875942929894,1425,1342,3.3825205036,https://www.youtube.com/watch?v=eW8cV04igGU,,,CollegeFootballData.com API,2026-08-31T17:35:08.591776+00:00,/games,1.3
401110847,2019,11,regular,2019-11-09T21:00:00.000Z,False,True,False,False,45973,3974,Vaught-Hemingway Stadium,145,Ole Miss,fbs,SEC,41,"[10, 14, 7, 10]",0.9999879307214938,1556,1596,166,New Mexico State,fbs,FBS Independents,3,"[0, 3, 0, 0]",1.2069278506166015e-05,1002,962,0.3950469233,,,,CollegeFootballData.com API,2026-08-31T17:35:08.591776+00:00,/games,1.3
401121966,2019,11,regular,2019-11-09T22:00:00.000Z,False,True,False,True,13213,3817,Malone Stadium,2433,UL Monroe,fbs,Sun Belt,45,"[14, 10, 7, 14]",0.855013856317776,1183,1225,2247,Georgia State,fbs,Sun Belt,31,"[10, 14, 7, 0]",0.14498614368222396,1337,1295,7.0310105467,https://www.youtube.com/watch?v=o6n3la2mjWs,,,CollegeFootballData.com API,2026-08-31T17:35:08.591776+00:00,/games,1.3
401114305,2019,11,regular,2019-11-09T23:00:00.000Z,False,True,False,True,17603,3715,FAU Stadium,2226,Florida Atlantic,fbs,Conference USA,37,"[7, 6, 15, 9]",0.9999792968594512,1559,1616,2229,Florida International,fbs,Conference USA,7,"[0, 7, 0, 0]",2.070314054880562e-05,1370,1313,2.2141167274,https://www.youtube.com/watch?v=7F0B7reFwBI,,,CollegeFootballData.com API,2026-08-31T17:35:08.591776+00:00,/games,1.3
401110845,2019,11,regular,2019-11-10T00:00:00.000Z,False,True,False,True,92746,3917,Sanford Stadium,61,Georgia,fbs,SEC,27,"[7, 9, 3, 8]",0.9999814765667812,1969,2012,142,Missouri,fbs,SEC,0,"[0, 0, 0, 0]",1.85234332188422e-05,1732,1689,0.9462505083,https://www.youtube.com/watch?v=mcx0-z194Zg,,,CollegeFootballData.com API,2026-08-31T17:35:08.591776+00:00,/games,1.3
401117540,2019,11,regular,2019-11-10T00:00:00.000Z,False,True,False,True,32037,3660,Valley Children's Stadium,278,Fresno State,fbs,Mountain West,35,"[7, 7, 14, 7]",0.582762974624107,1558,1551,328,Utah State,fbs,Mountain West,37,"[7, 14, 10, 6]",0.417237025375893,1488,1495,7.9065216926,https://www.youtube.com/watch?v=28p5YHObFc4,,,CollegeFootballData.com API,2026-08-31T17:35:08.591776+00:00,/games,1.3
401110848,2019,11,regular,2019-11-10T00:00:00.000Z,False,True,False,False,80849,3994,Williams-Brice Stadium,2579,South Carolina,fbs,SEC,15,"[6, 0, 3, 6]",0.8821913989100229,1529,1535,2026,App State,fbs,Sun Belt,20,"[3, 10, 7, 0]",0.11780860108997715,1740,1734,6.7744763577,https://www.youtube.com/watch?v=k1rNDCh-TR8,,,CollegeFootballData.com API,2026-08-31T17:35:08.591776+00:00,/games,1.3
401114180,2019,11,regular,2019-11-10T00:00:00.000Z,False,True,False,True,39168,3831,California Memorial Stadium,25,California,fbs,Pac-12,33,"[6, 7, 7, 13]",0.9972213763982996,1455,1503,265,Washington State,fbs,Pac-12,20,"[5, 6, 3, 6]",0.0027786236017004473,1709,1661,5.73383413649999,https://www.youtube.com/watch?v=VqlBowLC4g4,,,CollegeFootballData.com API,2026-08-31T17:35:08.591776+00:00,/games,1.3
401114353,2019,11,regular,2019-11-10T00:30:00.000Z,False,True,False,False,54683,3801,LaVell Edwards Stadium,252,BYU,fbs,FBS Independents,31,"[7, 10, 7, 7]",0.3253108478084922,1559,1556,2335,Liberty,fbs,FBS Independents,24,"[7, 0, 10, 7]",0.6746891521915078,1332,1335,3.16814624969999,https://www.youtube.com/watch?v=Uun9ZKw4mAs,,,CollegeFootballData.com API,2026-08-31T17:35:08.591776+00:00,/games,1.3
401111654,2019,11,regular,2019-11-10T00:30:00.000Z,False,True,False,False,40004,3982,Wallace Wade Stadium,150,Duke,fbs,ACC,7,"[0, 7, 0, 0]",0.0036016264523601785,1540,1485,87,Notre Dame,fbs,FBS Independents,38,"[14, 7, 7, 10]",0.9963983735476398,1799,1854,1.9926712889,https://www.youtube.com/watch?v=MErRQh4fvuQ,,,CollegeFootballData.com API,2026-08-31T17:35:08.591776+00:00,/games,1.3
401110846,2019,11,regular,2019-11-10T00:30:00.000Z,False,True,False,True,56760,3683,Kroger Field,96,Kentucky,fbs,SEC,13,"[13, 0, 0, 0]",0.13900167005705327,1649,1634,2633,Tennessee,fbs,SEC,17,"[0, 3, 14, 0]",0.8609983299429467,1527,1542,6.51695084549999,https://www.youtube.com/watch?v=vSXrzlYBmzQ,,,CollegeFootballData.com API,2026-08-31T17:35:08.591776+00:00,/games,1.3
401112503,2019,11,regular,2019-11-10T00:30:00.000Z,False,True,False,True,57886,3670,Carter-Finley Stadium,152,NC State,fbs,ACC,10,"[0, 0, 7, 3]",0.003554413032823578,1407,1378,228,Clemson,fbs,ACC,55,"[28, 14, 7, 6]",0.9964455869671764,2246,2275,0.1186177687,https://www.youtube.com/watch?v=NnJASsH_6N4,,,CollegeFootballData.com API,2026-08-31T17:35:08.591776+00:00,/games,1.3
401112092,2019,11,regular,2019-11-10T01:00:00.000Z,False,True,False,True,83541,3835,"Memorial Stadium (Norman, OK)",201,Oklahoma,fbs,Big 12,42,"[14, 21, 7, 0]",0.4301844915698425,1990,1985,66,Iowa State,fbs,Big 12,41,"[7, 7, 7, 20]",0.5698155084301575,1816,1821,1.7516528599,https://www.youtube.com/watch?v=SbA4UK2OiWo,,,CollegeFootballData.com API,2026-08-31T17:35:08.591776+00:00,/games,1.3
401117541,2019,11,regular,2019-11-10T03:15:00.000Z,False,True,False,True,33018,3653,Albertsons Stadium,68,Boise State,fbs,Mountain West,20,"[7, 0, 3, 7, 3]",0.7347564023477148,1710,1709,2751,Wyoming,fbs,Mountain West,17,"[0, 10, 7, 0, 0]",0.2652435976522852,1580,1581,7.0272767474,https://www.youtube.com/watch?v=pS8phXN93G4,,,CollegeFootballData.com API,2026-08-31T17:35:08.591776+00:00,/games,1.3
401117542,2019,11,regular,2019-11-10T03:30:00.000Z,False,True,False,True,27973,3932,Qualcomm Stadium,21,San Diego State,fbs,Mountain West,13,"[0, 3, 7, 3]",0.21787986355743463,1502,1466,2440,Nevada,fbs,Mountain West,17,"[3, 0, 7, 7]",0.7821201364425654,1099,1135,6.22082164879999,https://www.youtube.com/watch?v=gAjrTTMs9Ks,,,CollegeFootballData.com API,2026-08-31T17:35:08.591776+00:00,/games,1.3
401117543,2019,11,regular,2019-11-10T04:00:00.000Z,False,True,False,True,19858,3610,Aloha Stadium,62,Hawai'i,fbs,Mountain West,42,"[7, 14, 7, 14]",0.791124918594204,1362,1361,23,San José State,fbs,Mountain West,40,"[3, 20, 3, 14]",0.20887508140579603,1272,1273,6.6222130072,https://www.youtube.com/watch?v=uzXWA4G1V5E,,,CollegeFootballData.com API,2026-08-31T17:35:08.591776+00:00,/games,1.3
401119299,2019,12,regular,2019-11-12T23:00:00.000Z,False,True,False,True,10811,3768,InfoCision Stadium,2006,Akron,fbs,Mid-American,14,"[0, 0, 7, 7]",0.0042070868909675815,823,797,2199,Eastern Michigan,fbs,Mid-American,42,"[7, 14, 14, 7]",0.9957929131090324,1264,1290,1.2436875707,https://www.youtube.com/watch?v=rsBAJEhGzjA,,,CollegeFootballData.com API,2026-08-31T17:35:08.591776+00:00,/games,1.3
401119300,2019,12,regular,2019-11-12T23:30:00.000Z,False,True,False,True,11700,3876,Peden Stadium,195,Ohio,fbs,Mid-American,34,"[0, 0, 14, 17, 3]",0.7235218785486479,1549,1540,2711,Western Michigan,fbs,Mid-American,37,"[3, 7, 7, 14, 6]",0.2764781214513521,1472,1481,7.78049673129999,https://www.youtube.com/watch?v=lXwz0WcpZyk,,,CollegeFootballData.com API,2026-08-31T17:35:08.591776+00:00,/games,1.3
401119302,2019,12,regular,2019-11-14T01:00:00.000Z,False,True,False,True,15610,3739,Glass Bowl,2649,Toledo,fbs,Mid-American,28,"[7, 0, 0, 21]",0.832301111628872,1293,1289,2459,Northern Illinois,fbs,Mid-American,31,"[7, 7, 14, 3]",0.167698888371128,1293,1297,6.84362173409999,https://www.youtube.com/watch?v=8jj1d0J20H4,,,CollegeFootballData.com API,2026-08-31T17:35:08.591776+00:00,/games,1.3
401119301,2019,12,regular,2019-11-14T01:00:00.000Z,False,True,False,True,19897,3996,Yager Stadium,193,Miami (OH),fbs,Mid-American,44,"[10, 27, 7, 0]",0.9999939676106487,1295,1374,189,Bowling Green,fbs,Mid-American,3,"[3, 0, 0, 0]",6.0323893512626015e-06,991,912,0.864863281999999,https://www.youtube.com/watch?v=ky8YxwjsJiQ,,,CollegeFootballData.com API,2026-08-31T17:35:08.591776+00:00,/games,1.3
401119303,2019,12,regular,2019-11-15T00:00:00.000Z,False,True,False,True,8450,3696,Dix Stadium,2309,Kent State,fbs,Mid-American,30,"[0, 6, 0, 24]",0.069792302778362,1225,1230,2084,Buffalo,fbs,Mid-American,27,"[7, 10, 7, 3]",0.930207697221638,1511,1506,4.6347941103,https://www.youtube.com/watch?v=gw5AT-zrblQ,,,CollegeFootballData.com API,2026-08-31T17:35:08.591776+00:00,/games,1.3
401112507,2019,12,regular,2019-11-15T01:00:00.000Z,False,True,False,True,39290,3752,Acrisure Stadium,221,Pittsburgh,fbs,ACC,34,"[3, 14, 7, 3, 7]",0.5217258344687353,1589,1594,153,North Carolina,fbs,ACC,27,"[7, 3, 0, 17, 0]",0.4782741655312647,1505,1500,7.90377715209999,https://www.youtube.com/watch?v=RmhpPW1Z_7U,,,CollegeFootballData.com API,2026-08-31T17:35:08.591776+00:00,/games,1.3
401114309,2019,12,regular,2019-11-16T00:00:00.000Z,False,True,False,True,19893,3775,Joan C. Edwards Stadium,276,Marshall,fbs,Conference USA,31,"[0, 17, 7, 7]",0.9994063788639206,1418,1491,2348,Louisiana Tech,fbs,Conference USA,10,"[7, 0, 3, 0]",0.0005936211360794141,1620,1547,4.2249227057,https://www.youtube.com/watch?v=H1lE6yEM3vE,,,CollegeFootballData.com API,2026-08-31T17:35:08.591776+00:00,/games,1.3
401117547,2019,12,regular,2019-11-16T02:30:00.000Z,False,True,False,True,26876,3932,Qualcomm Stadium,21,San Diego State,fbs,Mountain West,17,"[7, 3, 0, 7]",0.9899415627640896,1466,1489,278,Fresno State,fbs,Mountain West,7,"[7, 0, 0, 0]",0.010058437235910378,1551,1528,6.205691233,https://www.youtube.com/watch?v=3Lg12Tk43oU,,,CollegeFootballData.com API,2026-08-31T17:35:08.591776+00:00,/games,1.3
401110852,2019,12,regular,2019-11-16T17:00:00.000Z,False,True,False,True,57280,3838,Memorial Stadium,142,Missouri,fbs,SEC,6,"[0, 3, 3, 0]",0.008416912145059297,1689,1668,57,Florida,fbs,SEC,23,"[3, 3, 14, 3]",0.9915830878549408,1889,1910,3.7862719388,https://www.youtube.com/watch?v=QcsOGLx8az4,,,CollegeFootballData.com API,2026-08-31T17:35:08.591776+00:00,/games,1.3
401117905,2019,12,regular,2019-11-16T17:00:00.000Z,False,True,False,True,27850,3806,Lincoln Financial Field,218,Temple,fbs,American Athletic,29,"[3, 10, 9, 7]",0.9899660915693591,1425,1444,2655,Tulane,fbs,American Athletic,21,"[0, 7, 0, 14]",0.010033908430640892,1539,1520,5.89716862889999,https://www.youtube.com/watch?v=AD0OOpkQXAI,,,CollegeFootballData.com API,2026-08-31T17:35:08.591776+00:00,/games,1.3
401112166,2019,12,regular,2019-11-16T17:00:00.000Z,False,True,False,True,106323,3632,Beaver Stadium,213,Penn State,fbs,Big Ten,34,"[17, 3, 7, 7]",0.9707720267387241,2005,1995,84,Indiana,fbs,Big Ten,27,"[14, 0, 3, 10]",0.029227973261275908,1631,1641,3.8718591998,https://www.youtube.com/watch?v=RAzv73gx_C8,,,CollegeFootballData.com API,2026-08-31T17:35:08.591776+00:00,/games,1.3
401112219,2019,12,regular,2019-11-16T17:00:00.000Z,False,True,False,True,111496,3558,Michigan Stadium,130,Michigan,fbs,Big Ten,44,"[0, 17, 10, 17]",0.9998188898302602,1948,2001,127,Michigan State,fbs,Big Ten,10,"[7, 0, 3, 0]",0.00018111016973976213,1613,1560,2.29015208989999,https://www.youtube.com/watch?v=UaJ2W8mkqkM,,,CollegeFootballData.com API,2026-08-31T17:35:08.591776+00:00,/games,1.3
401112250,2019,12,regular,2019-11-16T17:00:00.000Z,False,True,False,False,29447,3911,Ryan Field,77,Northwestern,fbs,Big Ten,45,"[0, 21, 3, 21]",0.9993063505628821,1415,1441,113,Massachusetts,fbs,FBS Independents,6,"[3, 3, 0, 0]",0.0006936494371179158,701,675,0.4102325503,https://www.youtube.com/watch?v=EFN3auVpqmM,,,CollegeFootballData.com API,2026-08-31T17:35:08.591776+00:00,/games,1.3
401112510,2019,12,regular,2019-11-16T17:00:00.000Z,False,True,False,False,52857,3697,Doak Campbell Stadium,52,Florida State,fbs,ACC,49,"[14, 7, 14, 14]",0.9999400625357692,,,2011,Alabama State,fcs,SWAC,12,"[3, 3, 6, 0]",5.993746423083035e-05,,,0.1626382692,https://www.youtube.com/watch?v=NPeH5H_Jb1Y,,,CollegeFootballData.com API,2026-08-31T17:35:08.591776+00:00,/games,1.3
401112244,2019,12,regular,2019-11-16T17:00:00.000Z,False,True,False,True,88842,3834,"Memorial Stadium (Lincoln, NE)",158,Nebraska,fbs,Big Ten,21,"[7, 7, 7, 0]",0.22804095851501605,1457,1468,275,Wisconsin,fbs,Big Ten,37,"[7, 20, 7, 3]",0.771959041484984,1982,1971,2.6979048733,https://www.youtube.com/watch?v=8Pd2EzfbEig,,,CollegeFootballData.com API,2026-08-31T17:35:08.591776+00:00,/games,1.3
401110851,2019,12,regular,2019-11-16T17:00:00.000Z,False,True,False,True,57607,3693,Davis Wade Stadium,344,Mississippi State,fbs,SEC,7,"[7, 0, 0, 0]",0.003604442811918745,1651,1622,333,Alabama,fbs,SEC,38,"[21, 14, 3, 0]",0.9963955571880813,2135,2164,0.616650767499999,https://www.youtube.com/watch?v=NwfuaNp1sQY,,,CollegeFootballData.com API,2026-08-31T17:35:08.591776+00:00,/games,1.3
401114333,2019,12,regular,2019-11-16T17:00:00.000Z,False,True,False,False,25747,3841,Michie Stadium,349,Army,fbs,FBS Independents,47,"[7, 7, 19, 14]",0.999976970939959,,,2678,VMI,fcs,Southern,6,"[3, 3, 0, 0]",2.3029060041035443e-05,,,3.37563227189999,https://www.youtube.com/watch?v=eipwLrIJXF4,,,CollegeFootballData.com API,2026-08-31T17:35:08.591776+00:00,/games,1.3
401112105,2019,12,regular,2019-11-16T17:00:00.000Z,False,True,False,True,55388,3646,Boone Pickens Stadium,197,Oklahoma State,fbs,Big 12,31,"[14, 10, 7, 0]",0.9973566629579855,1647,1659,2305,Kansas,fbs,Big 12,13,"[0, 0, 0, 13]",0.002643337042014471,1337,1325,0.775232076899999,https://www.youtube.com/watch?v=hFiEi7oDt4k,,,CollegeFootballData.com API,2026-08-31T17:35:08.591776+00:00,/games,1.3
401112133,2019,12,regular,2019-11-16T17:00:00.000Z,False,True,False,True,50459,3784,Jones AT&T Stadium,2641,Texas Tech,fbs,Big 12,31,"[0, 16, 12, 3]",0.8222973787948652,1585,1585,2628,TCU,fbs,Big 12,33,"[17, 10, 0, 6]",0.1777026212051348,1631,1631,6.80301526119999,https://www.youtube.com/watch?v=gMaD7-nAl5Y,,,CollegeFootballData.com API,2026-08-31T17:35:08.591776+00:00,/games,1.3
401114312,2019,12,regular,2019-11-16T18:00:00.000Z,False,True,False,True,19875,3803,Legion Field,5,UAB,fbs,Conference USA,37,"[17, 6, 7, 7]",0.9998727707996735,1391,1420,2638,UTEP,fbs,Conference USA,10,"[0, 7, 0, 3]",0.0001272292003264841,1025,996,1.14758867429999,https://www.youtube.com/watch?v=FG0SJmyX_Os,,,CollegeFootballData.com API,2026-08-31T17:35:08.591776+00:00,/games,1.3
401114338,2019,12,regular,2019-11-16T19:30:00.000Z,False,True,False,False,74080,3855,Notre Dame Stadium,87,Notre Dame,fbs,FBS Independents,52,"[14, 24, 7, 7]",0.9999742945402907,1854,1917,2426,Navy,fbs,American Athletic,20,"[0, 3, 7, 10]",2.570545970925764e-05,1658,1595,0.8933396476,https://www.youtube.com/watch?v=hDUSuGfdImg,,,CollegeFootballData.com API,2026-08-31T17:35:08.591776+00:00,/games,1.3
401121969,2019,12,regular,2019-11-16T20:00:00.000Z,False,True,False,True,18927,3625,Centennial Bank Stadium,2032,Arkansas State,fbs,Sun Belt,28,"[7, 0, 14, 7]",0.9499992420431361,1392,1388,324,Coastal Carolina,fbs,Sun Belt,27,"[3, 10, 0, 14]",0.05000075795686387,1222,1226,8.298263654,https://www.youtube.com/watch?v=NrZX0K8j-wM,,,CollegeFootballData.com API,2026-08-31T17:35:08.591776+00:00,/games,1.3
401121970,2019,12,regular,2019-11-16T20:00:00.000Z,False,True,False,True,10266,3608,Allen E. Paulson Stadium,290,Georgia Southern,fbs,Sun Belt,51,"[7, 17, 7, 20]",0.9972647524762117,1376,1413,2433,UL Monroe,fbs,Sun Belt,29,"[7, 0, 7, 15]",0.0027352475237882867,1225,1188,2.7773832277,,,,CollegeFootballData.com API,2026-08-31T17:35:08.591776+00:00,/games,1.3
401121972,2019,12,regular,2019-11-16T20:00:00.000Z,False,True,False,True,15619,3644,Bobcat Stadium (TX),326,Texas State,fbs,Sun Belt,27,"[3, 7, 10, 7]",0.00809671096361151,1076,1022,2653,Troy,fbs,Sun Belt,63,"[14, 21, 7, 21]",0.9919032890363885,1472,1526,2.4225920625,https://www.youtube.com/watch?v=SiQi3BQz0EM,,,CollegeFootballData.com API,2026-08-31T17:35:08.591776+00:00,/games,1.3
401117217,2019,12,regular,2019-11-16T20:00:00.000Z,False,True,False,False,57379,3801,LaVell Edwards Stadium,252,BYU,fbs,FBS Independents,42,"[7, 21, 14, 0]",0.9999768715945702,,,304,Idaho State,fcs,Big Sky,10,"[0, 3, 7, 0]",2.3128405429839738e-05,,,2.5688589961,https://www.youtube.com/watch?v=bwBylpOom48,,,CollegeFootballData.com API,2026-08-31T17:35:08.591776+00:00,/games,1.3
401117904,2019,12,regular,2019-11-16T20:30:00.000Z,False,True,False,True,25149,4728,TDECU Stadium,248,Houston,fbs,American Athletic,27,"[17, 3, 0, 7]",0.0037780120187187946,1484,1465,235,Memphis,fbs,American Athletic,45,"[7, 21, 14, 3]",0.9962219879812813,1733,1752,3.09607072589999,https://www.youtube.com/watch?v=SLew4PxF9Gk,,,CollegeFootballData.com API,2026-08-31T17:35:08.591776+00:00,/games,1.3
401112511,2019,12,regular,2019-11-16T20:30:00.000Z,False,True,False,True,43263,721,Bobby Dodd Stadium,59,Georgia Tech,fbs,ACC,0,"[0, 0, 0, 0]",0.0034163583473258,1431,1305,259,Virginia Tech,fbs,ACC,45,"[14, 17, 14, 0]",0.9965836416526742,1522,1648,1.420648805,https://www.youtube.com/watch?v=XwKP37UgMng,,,CollegeFootballData.com API,2026-08-31T17:35:08.591776+00:00,/games,1.3
401119304,2019,12,regular,2019-11-16T20:30:00.000Z,False,True,False,True,7249,3919,Scheumann Stadium,2050,Ball State,fbs,Mid-American,44,"[3, 24, 14, 3]",0.08190695150094965,1374,1374,2117,Central Michigan,fbs,Mid-American,45,"[3, 8, 20, 14]",0.9180930484990504,1389,1389,6.36640739429999,,,,CollegeFootballData.com API,2026-08-31T17:35:08.591776+00:00,/games,1.3
401112255,2019,12,regular,2019-11-16T20:30:00.000Z,False,True,False,True,33528,3754,High Point Solutions Stadium,164,Rutgers,fbs,Big Ten,21,"[7, 0, 7, 7]",0.0037315878829437855,1040,1081,194,Ohio State,fbs,Big Ten,56,"[21, 14, 14, 7]",0.9962684121170562,2384,2343,0.0389647264,https://www.youtube.com/watch?v=nvoxlg0kaxk,,,CollegeFootballData.com API,2026-08-31T17:35:08.591776+00:00,/games,1.3
401112093,2019,12,regular,2019-11-16T20:30:00.000Z,False,True,False,True,58946,3772,Jack Trice Stadium,66,Iowa State,fbs,Big 12,23,"[7, 3, 10, 3]",0.8663962932249615,1821,1821,251,Texas,fbs,Big 12,21,"[0, 7, 0, 14]",0.13360370677503852,1744,1744,5.9858812238,https://www.youtube.com/watch?v=Oo45EOulGTI,,,CollegeFootballData.com API,2026-08-31T17:35:08.591776+00:00,/games,1.3
401112508,2019,12,regular,2019-11-16T20:30:00.000Z,False,True,False,True,80875,3836,"Memorial Stadium (Clemson, SC)",228,Clemson,fbs,ACC,52,"[14, 17, 14, 7]",0.9999920516392807,2275,2332,154,Wake Forest,fbs,ACC,3,"[3, 0, 0, 0]",7.948360719267633e-06,1587,1530,0.1062663916,https://www.youtube.com/watch?v=lUZ7GCucSHI,,,CollegeFootballData.com API,2026-08-31T17:35:08.591776+00:00,/games,1.3
401110849,2019,12,regular,2019-11-16T20:30:00.000Z,False,True,False,True,87451,3785,Jordan-Hare Stadium,2,Auburn,fbs,SEC,14,"[0, 0, 0, 14]",0.8811619103806214,1946,1938,61,Georgia,fbs,SEC,21,"[7, 7, 7, 0]",0.11883808961937858,2012,2020,4.7038279455,https://www.youtube.com/watch?v=QRXtWSyD72w,,,CollegeFootballData.com API,2026-08-31T17:35:08.591776+00:00,/games,1.3
401110854,2019,12,regular,2019-11-16T20:30:00.000Z,False,True,False,True,23288,3973,FirstBank Stadium,238,Vanderbilt,fbs,SEC,14,"[14, 0, 0, 0]",0.004006479175352875,1206,1190,96,Kentucky,fbs,SEC,38,"[3, 21, 14, 0]",0.9959935208246471,1634,1650,2.6100748939,,,,CollegeFootballData.com API,2026-08-31T17:35:08.591776+00:00,/games,1.3
401112112,2019,12,regular,2019-11-16T20:30:00.000Z,False,True,False,True,46332,3636,Bill Snyder Family Stadium,2306,Kansas State,fbs,Big 12,20,"[10, 3, 7, 0]",0.30245500234487205,1695,1673,277,West Virginia,fbs,Big 12,24,"[14, 0, 0, 10]",0.697544997655128,1476,1498,7.91651789829999,https://www.youtube.com/watch?v=GJdGYO5MSlQ,,,CollegeFootballData.com API,2026-08-31T17:35:08.591776+00:00,/games,1.3
401112509,2019,12,regular,2019-11-16T21:00:00.000Z,False,True,False,True,16286,3982,Wallace Wade Stadium,150,Duke,fbs,ACC,6,"[0, 6, 0, 0]",0.0035747020776896506,1485,1335,183,Syracuse,fbs,ACC,49,"[14, 0, 21, 14]",0.9964252979223104,1375,1525,3.915019835,https://www.youtube.com/watch?v=XIn4AdBfXyA,,,CollegeFootballData.com API,2026-08-31T17:35:08.591776+00:00,/games,1.3
401112199,2019,12,regular,2019-11-16T21:00:00.000Z,False,True,False,True,67518,3793,Kinnick Stadium,2294,Iowa,fbs,Big Ten,23,"[13, 7, 0, 3]",0.5459993169269416,1896,1897,135,Minnesota,fbs,Big Ten,19,"[0, 6, 7, 6]",0.4540006830730584,1822,1821,4.4181035235,https://www.youtube.com/watch?v=q2q6KPTsB9o,,,CollegeFootballData.com API,2026-08-31T17:35:08.591776+00:00,/games,1.3
401117546,2019,12,regular,2019-11-16T21:00:00.000Z,False,True,False,True,16364,3905,Maverik Stadium,328,Utah State,fbs,Mountain West,26,"[0, 20, 3, 3]",0.8204202496811734,1495,1504,2751,Wyoming,fbs,Mountain West,21,"[0, 14, 0, 7]",0.17957975031882656,1581,1572,6.9866267807,https://www.youtube.com/watch?v=LovhbcMJ2rk,,,CollegeFootballData.com API,2026-08-31T17:35:08.591776+00:00,/games,1.3
401117548,2019,12,regular,2019-11-16T21:00:00.000Z,False,True,False,True,21317,3914,Sam Boyd Stadium,2439,UNLV,fbs,Mountain West,7,"[7, 0, 0, 0]",0.005314031233088789,1185,1170,62,Hawai'i,fbs,Mountain West,21,"[0, 7, 7, 7]",0.9946859687669112,1361,1376,4.5444604573,https://www.youtube.com/watch?v=crJ2Q0JS1vU,,,CollegeFootballData.com API,2026-08-31T17:35:08.591776+00:00,/games,1.3
401114345,2019,12,regular,2019-11-16T21:00:00.000Z,False,True,False,False,25804,3601,Aggie Memorial Stadium,166,New Mexico State,fbs,FBS Independents,41,"[14, 10, 3, 14]",0.9996050616874629,,,2916,Incarnate Word,fcs,Southland,28,"[0, 7, 7, 14]",0.00039493831253711864,,,2.6088159215,,,,CollegeFootballData.com API,2026-08-31T17:35:08.591776+00:00,/games,1.3
401114310,2019,12,regular,2019-11-16T21:30:00.000Z,False,True,False,True,10411,3725,"Johnny ""Red"" Floyd Stadium",2393,Middle Tennessee,fbs,Conference USA,28,"[0, 14, 7, 7]",0.30888939052700304,1390,1371,242,Rice,fbs,Conference USA,31,"[10, 21, 0, 0]",0.691110609472997,1165,1184,5.370055482,https://www.youtube.com/watch?v=F9gec_ueYPs,,,CollegeFootballData.com API,2026-08-31T17:35:08.591776+00:00,/games,1.3
401114231,2019,12,regular,2019-11-16T21:30:00.000Z,False,True,False,True,32952,3820,Gesa Field,265,Washington State,fbs,Pac-12,49,"[13, 9, 10, 17]",0.98726028402269,1661,1714,24,Stanford,fbs,Pac-12,22,"[0, 14, 8, 0]",0.012739715977310051,1515,1462,2.28308086309999,https://www.youtube.com/watch?v=PiCtm4CWQ3U,,,CollegeFootballData.com API,2026-08-31T17:35:08.591776+00:00,/games,1.3
401121971,2019,12,regular,2019-11-16T22:00:00.000Z,False,True,False,True,16748,3797,Ladd Peebles Stadium,6,South Alabama,fbs,Sun Belt,27,"[7, 7, 7, 6]",0.3392057613063509,1063,1088,309,Louisiana,fbs,Sun Belt,37,"[3, 14, 6, 14]",0.6607942386936492,1652,1627,3.19339248279999,,,,CollegeFootballData.com API,2026-08-31T17:35:08.591776+00:00,/games,1.3
401114311,2019,12,regular,2019-11-16T23:00:00.000Z,False,True,False,True,14179,3604,Alamodome,2636,UTSA,fbs,Conference USA,17,"[7, 3, 7, 0]",0.16726897915966996,1056,1058,2572,Southern Miss,fbs,Conference USA,36,"[7, 9, 13, 7]",0.83273102084033,1550,1548,3.17741831489999,https://www.youtube.com/watch?v=6oYD6a-Gfe8,,,CollegeFootballData.com API,2026-08-31T17:35:08.591776+00:00,/games,1.3
401117903,2019,12,regular,2019-11-17T00:00:00.000Z,False,True,False,True,29112,3886,Raymond James Stadium,58,South Florida,fbs,American Athletic,17,"[7, 3, 7, 0]",0.7062669174419749,1299,1317,2132,Cincinnati,fbs,American Athletic,20,"[0, 0, 10, 10]",0.2937330825580251,1713,1695,9.3582097582,https://www.youtube.com/watch?v=048t94O4ENs,,,CollegeFootballData.com API,2026-08-31T17:35:08.591776+00:00,/games,1.3
401117544,2019,12,regular,2019-11-17T00:00:00.000Z,False,True,False,True,24914,5388,Canvas Stadium,36,Colorado State,fbs,Mountain West,21,"[14, 0, 0, 7]",0.008068479530143167,1356,1347,2005,Air Force,fbs,Mountain West,38,"[0, 10, 0, 28]",0.9919315204698569,1683,1692,6.72137113159999,https://www.youtube.com/watch?v=E8jzDNFt5qc,,,CollegeFootballData.com API,2026-08-31T17:35:08.591776+00:00,/games,1.3
401110850,2019,12,regular,2019-11-17T00:00:00.000Z,False,True,False,True,53797,3974,Vaught-Hemingway Stadium,145,Ole Miss,fbs,SEC,37,"[0, 7, 16, 14]",0.24519953900902375,1596,1587,99,LSU,fbs,SEC,58,"[14, 17, 13, 14]",0.7548004609909762,2027,2036,1.13970119619999,https://www.youtube.com/watch?v=I08Hh7WvvGU,,,CollegeFootballData.com API,2026-08-31T17:35:08.591776+00:00,/games,1.3
401110853,2019,12,regular,2019-11-17T00:30:00.000Z,False,True,False,True,104957,3795,Kyle Field,245,Texas A&M,fbs,SEC,30,"[3, 10, 0, 17]",0.9999009999865933,1777,1811,2579,South Carolina,fbs,SEC,6,"[3, 0, 0, 3]",9.900001340668041e-05,1535,1501,2.5826972092,https://www.youtube.com/watch?v=zTxogzRMNzA,,,CollegeFootballData.com API,2026-08-31T17:35:08.591776+00:00,/games,1.3
401121968,2019,12,regular,2019-11-17T00:30:00.000Z,False,True,False,True,17908,4246,Center Parc Stadium,2247,Georgia State,fbs,Sun Belt,27,"[21, 0, 0, 6]",0.004307451123826314,1295,1266,2026,App State,fbs,Sun Belt,56,"[14, 21, 7, 14]",0.9956925488761736,1734,1763,3.64442852729999,,,,CollegeFootballData.com API,2026-08-31T17:35:08.591776+00:00,/games,1.3
401112082,2019,12,regular,2019-11-17T00:30:00.000Z,False,True,False,True,50223,4727,McLane Stadium,239,Baylor,fbs,Big 12,31,"[14, 17, 0, 0]",0.11372212552630476,1673,1686,201,Oklahoma,fbs,Big 12,34,"[3, 7, 7, 17]",0.8862778744736952,1985,1972,6.1926427032,https://www.youtube.com/watch?v=Pi9AFVyEKRk,,,CollegeFootballData.com API,2026-08-31T17:35:08.591776+00:00,/games,1.3
401112512,2019,12,regular,2019-11-17T00:30:00.000Z,False,True,False,True,54089,3670,Carter-Finley Stadium,152,NC State,fbs,ACC,20,"[0, 10, 0, 10]",0.078814554027998,1378,1338,97,Louisville,fbs,ACC,34,"[0, 7, 20, 7]",0.921185445972002,1303,1343,4.04296856919999,https://www.youtube.com/watch?v=vr8mRXDwOOY,,,CollegeFootballData.com API,2026-08-31T17:35:08.591776+00:00,/games,1.3
401114161,2019,12,regular,2019-11-17T00:30:00.000Z,False,True,False,True,30980,3893,Reser Stadium,204,Oregon State,fbs,Pac-12,35,"[14, 14, 7, 0]",0.9423460468063105,1323,1330,9,Arizona State,fbs,Pac-12,34,"[14, 7, 7, 6]",0.05765395319368949,1564,1557,6.97650051089999,https://www.youtube.com/watch?v=PrgXl2KLbkU,,,CollegeFootballData.com API,2026-08-31T17:35:08.591776+00:00,/games,1.3
401114216,2019,12,regular,2019-11-17T01:00:00.000Z,False,True,False,True,47307,587,Rice-Eccles Stadium,254,Utah,fbs,Pac-12,49,"[7, 21, 7, 14]",0.9999964469535804,1911,1989,26,UCLA,fbs,Pac-12,3,"[3, 0, 0, 0]",3.553046419635386e-06,1476,1398,1.1982548137,https://www.youtube.com/watch?v=ChRIj-x3kng,,,CollegeFootballData.com API,2026-08-31T17:35:08.591776+00:00,/games,1.3
401117545,2019,12,regular,2019-11-17T03:15:00.000Z,False,True,False,True,31492,3653,Albertsons Stadium,68,Boise State,fbs,Mountain West,42,"[28, 0, 14, 0]",0.999141256460677,1709,1731,167,New Mexico,fbs,Mountain West,9,"[0, 0, 3, 6]",0.0008587435393230258,1111,1089,0.2011856298,https://www.youtube.com/watch?v=qRp35bCgNOc,,,CollegeFootballData.com API,2026-08-31T17:35:08.591776+00:00,/games,1.3
401114172,2019,12,regular,2019-11-17T03:30:00.000Z,False,True,False,True,54219,3626,Autzen Stadium,2483,Oregon,fbs,Pac-12,34,"[14, 7, 7, 6]",0.9999624729598072,1960,1968,12,Arizona,fbs,Pac-12,6,"[0, 6, 0, 0]",3.7527040192775196e-05,1345,1337,0.435303009899999,https://www.youtube.com/watch?v=93xf63JSBgU,,,CollegeFootballData.com API,2026-08-31T17:35:08.591776+00:00,/games,1.3
401114181,2019,12,regular,2019-11-17T04:00:00.000Z,False,True,False,True,46397,3831,California Memorial Stadium,25,California,fbs,Pac-12,17,"[7, 3, 0, 7]",0.004441881931776301,1503,1454,30,USC,fbs,Pac-12,41,"[10, 7, 17, 7]",0.9955581180682237,1629,1678,3.24177211199999,https://www.youtube.com/watch?v=7LMESgUE1N0,,,CollegeFootballData.com API,2026-08-31T17:35:08.591776+00:00,/games,1.3
401119305,2019,13,regular,2019-11-20T00:30:00.000Z,False,True,False,True,5062,3764,Huskie Stadium,2459,Northern Illinois,fbs,Mid-American,17,"[0, 7, 3, 7]",0.0037590535877002483,1297,1219,2199,Eastern Michigan,fbs,Mid-American,45,"[7, 7, 24, 7]",0.9962409464122998,1290,1368,2.9727212391,https://www.youtube.com/watch?v=Rlbr-KpJjeY,,,CollegeFootballData.com API,2026-08-31T17:35:08.591776+00:00,/games,1.3
401119306,2019,13,regular,2019-11-20T00:30:00.000Z,False,True,False,True,9715,3700,Doyt L. Perry Stadium,189,Bowling Green,fbs,Mid-American,24,"[14, 10, 0, 0]",0.01403608599145276,912,867,195,Ohio,fbs,Mid-American,66,"[24, 14, 28, 0]",0.9859639140085472,1540,1585,1.6349811059,https://www.youtube.com/watch?v=vxA0wcvOfcc,,,CollegeFootballData.com API,2026-08-31T17:35:08.591776+00:00,/games,1.3
401119307,2019,13,regular,2019-11-21T00:30:00.000Z,False,True,False,True,22921,3996,Yager Stadium,193,Miami (OH),fbs,Mid-American,20,"[3, 14, 3, 0]",0.6156129124455572,1374,1368,2006,Akron,fbs,Mid-American,17,"[0, 3, 7, 7]",0.38438708755444284,797,803,2.2275718806,https://www.youtube.com/watch?v=8d6gchP6QT4,,,CollegeFootballData.com API,2026-08-31T17:35:08.591776+00:00,/games,1.3
401119308,2019,13,regular,2019-11-21T00:30:00.000Z,False,True,False,True,13830,3965,UB Stadium,2084,Buffalo,fbs,Mid-American,49,"[14, 14, 7, 14]",0.9995935517040982,1506,1528,2649,Toledo,fbs,Mid-American,30,"[7, 13, 3, 7]",0.00040644829590175124,1289,1267,2.46430895209999,https://www.youtube.com/watch?v=7DEKO83uAxw,,,CollegeFootballData.com API,2026-08-31T17:35:08.591776+00:00,/games,1.3
401112513,2019,13,regular,2019-11-22T01:00:00.000Z,False,True,False,True,38198,721,Bobby Dodd Stadium,59,Georgia Tech,fbs,ACC,28,"[7, 14, 7, 0]",0.8435529185708123,1305,1306,152,NC State,fbs,ACC,26,"[0, 3, 10, 13]",0.15644708142918773,1338,1337,4.4098416873,https://www.youtube.com/watch?v=IxtWxQj3wwc,,,CollegeFootballData.com API,2026-08-31T17:35:08.591776+00:00,/games,1.3
401117550,2019,13,regular,2019-11-23T02:30:00.000Z,False,True,False,True,21152,3984,War Memorial Stadium,2751,Wyoming,fbs,Mountain West,17,"[0, 7, 7, 3]",0.9865043312314183,1572,1574,36,Colorado State,fbs,Mountain West,7,"[0, 7, 0, 0]",0.013495668768581659,1347,1345,4.67656540809999,https://www.youtube.com/watch?v=UZgCsMp0qNo,,,CollegeFootballData.com API,2026-08-31T17:35:08.591776+00:00,/games,1.3
401117906,2019,13,regular,2019-11-23T17:00:00.000Z,False,True,False,True,21032,4729,Yulman Stadium,2655,Tulane,fbs,American Athletic,31,"[0, 7, 10, 14]",0.12367001579686698,1520,1536,2116,UCF,fbs,American Athletic,34,"[10, 7, 14, 3]",0.876329984203133,1888,1872,4.3330530648,https://www.youtube.com/watch?v=qHKHF8HbGQg,,,CollegeFootballData.com API,2026-08-31T17:35:08.591776+00:00,/games,1.3
401114358,2019,13,regular,2019-11-23T17:00:00.000Z,False,True,False,False,8204,3985,Warren McGuirk Alumni Stadium,113,Massachusetts,fbs,FBS Independents,24,"[0, 0, 10, 14]",0.003733637082382622,675,683,252,BYU,fbs,FBS Independents,56,"[7, 42, 7, 0]",0.9962663629176174,1556,1548,0.102260812499999,https://www.youtube.com/watch?v=dVIZJbIwJT0,,,CollegeFootballData.com API,2026-08-31T17:35:08.591776+00:00,/games,1.3
401112155,2019,13,regular,2019-11-23T17:00:00.000Z,False,True,False,True,58331,3793,Kinnick Stadium,2294,Iowa,fbs,Big Ten,19,"[7, 6, 0, 6]",0.8180589162689963,1897,1886,356,Illinois,fbs,Big Ten,10,"[7, 0, 0, 3]",0.1819410837310037,1478,1489,3.62653967,https://www.youtube.com/watch?v=F8lHVz5dhPM,,,CollegeFootballData.com API,2026-08-31T17:35:08.591776+00:00,/games,1.3
401110856,2019,13,regular,2019-11-23T17:00:00.000Z,False,True,False,False,80692,3785,Jordan-Hare Stadium,2,Auburn,fbs,SEC,52,"[7, 24, 7, 14]",0.9999940622837842,,,2535,Samford,fcs,Southern,0,"[0, 0, 0, 0]",5.937716215820288e-06,,,0.0689992298000007,https://www.youtube.com/watch?v=-FDZA5_7FDk,,,CollegeFootballData.com API,2026-08-31T17:35:08.591776+00:00,/games,1.3
401112128,2019,13,regular,2019-11-23T17:00:00.000Z,False,True,False,True,46022,3842,Milan Puskar Stadium,277,West Virginia,fbs,Big 12,13,"[0, 10, 3, 0]",0.404214693997835,1498,1497,197,Oklahoma State,fbs,Big 12,20,"[7, 0, 3, 10]",0.595785306002165,1659,1660,5.5235495123,https://www.youtube.com/watch?v=zWmdHi-orCI,,,CollegeFootballData.com API,2026-08-31T17:35:08.591776+00:00,/games,1.3
401112220,2019,13,regular,2019-11-23T17:00:00.000Z,False,True,False,True,24641,3754,High Point Solutions Stadium,164,Rutgers,fbs,Big Ten,0,"[0, 0, 0, 0]",0.0035434711356012736,1081,1062,127,Michigan State,fbs,Big Ten,27,"[10, 7, 3, 7]",0.9964565288643987,1560,1579,1.1951435053,https://www.youtube.com/watch?v=gMLzUtKYFN8,,,CollegeFootballData.com API,2026-08-31T17:35:08.591776+00:00,/games,1.3
401112520,2019,13,regular,2019-11-23T17:00:00.000Z,False,True,False,False,37329,3923,Scott Stadium,258,Virginia,fbs,ACC,55,"[10, 14, 14, 17]",0.9952295716740658,1662,1698,2335,Liberty,fbs,FBS Independents,27,"[7, 7, 7, 6]",0.004770428325934217,1335,1299,2.0667172404,https://www.youtube.com/watch?v=7O7u99yfs0Y,,,CollegeFootballData.com API,2026-08-31T17:35:08.591776+00:00,/games,1.3
401112236,2019,13,regular,2019-11-23T17:00:00.000Z,False,True,False,True,30246,3911,Ryan Field,77,Northwestern,fbs,Big Ten,22,"[0, 9, 7, 6]",0.1696029296852969,1441,1439,135,Minnesota,fbs,Big Ten,38,"[14, 7, 7, 10]",0.8303970703147031,1821,1823,1.3550595502,https://www.youtube.com/watch?v=lfiXWt_mbtM,,,CollegeFootballData.com API,2026-08-31T17:35:08.591776+00:00,/games,1.3
401117908,2019,13,regular,2019-11-23T17:00:00.000Z,False,True,False,True,12084,3892,Pratt & Whitney Stadium,41,UConn,fbs,American Athletic,24,"[7, 0, 7, 10]",0.2946091595829317,896,902,151,East Carolina,fbs,American Athletic,31,"[10, 7, 7, 7]",0.7053908404170683,1159,1153,5.9656498804,https://www.youtube.com/watch?v=ID6H9O0ma14,,,CollegeFootballData.com API,2026-08-31T17:35:08.591776+00:00,/games,1.3
401110855,2019,13,regular,2019-11-23T17:00:00.000Z,False,True,False,False,101821,3657,Bryant-Denny Stadium,333,Alabama,fbs,SEC,66,"[17, 21, 21, 7]",0.9999981386540944,,,2717,Western Carolina,fcs,Southern,3,"[0, 0, 0, 3]",1.8613459056293635e-06,,,0.00705642869999934,https://www.youtube.com/watch?v=k4mw1kyDjXs,,,CollegeFootballData.com API,2026-08-31T17:35:08.591776+00:00,/games,1.3
401112094,2019,13,regular,2019-11-23T17:00:00.000Z,False,True,False,True,58120,3772,Jack Trice Stadium,66,Iowa State,fbs,Big 12,41,"[7, 7, 7, 20]",0.8348883685677932,1821,1806,2305,Kansas,fbs,Big 12,31,"[6, 3, 15, 7]",0.16511163143220675,1325,1340,3.4532015897,https://www.youtube.com/watch?v=V3Yfq9bg3Gg,,,CollegeFootballData.com API,2026-08-31T17:35:08.591776+00:00,/games,1.3
401112256,2019,13,regular,2019-11-23T17:00:00.000Z,False,True,False,True,104355,3861,Ohio Stadium,194,Ohio State,fbs,Big Ten,28,"[7, 7, 7, 7]",0.9887402654489654,2343,2338,213,Penn State,fbs,Big Ten,17,"[0, 0, 17, 0]",0.011259734551034573,1995,2000,1.9519823798,https://www.youtube.com/watch?v=W2Y_2FHsLwA,,,CollegeFootballData.com API,2026-08-31T17:35:08.591776+00:00,/games,1.3
401119309,2019,13,regular,2019-11-23T17:00:00.000Z,False,True,False,True,8825,3696,Dix Stadium,2309,Kent State,fbs,Mid-American,41,"[7, 14, 10, 10]",0.8861302851900255,1230,1233,2050,Ball State,fbs,Mid-American,38,"[7, 17, 0, 14]",0.11386971480997454,1374,1371,9.0771151478,,,,CollegeFootballData.com API,2026-08-31T17:35:08.591776+00:00,/games,1.3
401183793,2019,13,regular,2019-11-23T19:00:00.000Z,False,True,False,True,13844,3971,University Stadium (NM),167,New Mexico,fbs,Mountain West,22,"[7, 3, 6, 6]",0.010776775975479711,1089,1094,2005,Air Force,fbs,Mountain West,44,"[7, 7, 16, 14]",0.9892232240245203,1692,1687,1.5033173639,https://www.youtube.com/watch?v=-HGisnBOSgI,,,CollegeFootballData.com API,2026-08-31T17:35:08.591776+00:00,/games,1.3
401121976,2019,13,regular,2019-11-23T19:00:00.000Z,False,True,False,True,12501,4246,Center Parc Stadium,2247,Georgia State,fbs,Sun Belt,28,"[0, 14, 7, 7]",0.9986624332357693,1266,1277,6,South Alabama,fbs,Sun Belt,15,"[3, 0, 0, 12]",0.001337566764230691,1088,1077,2.3925794034,,,,CollegeFootballData.com API,2026-08-31T17:35:08.591776+00:00,/games,1.3
401121973,2019,13,regular,2019-11-23T19:30:00.000Z,False,True,False,True,22125,3792,Kidd Brewer Stadium,2026,App State,fbs,Sun Belt,35,"[7, 7, 14, 7]",0.999478092784151,1763,1747,326,Texas State,fbs,Sun Belt,13,"[0, 10, 3, 0]",0.0005219072158489935,1022,1038,1.523950723,,,,CollegeFootballData.com API,2026-08-31T17:35:08.591776+00:00,/games,1.3
401112514,2019,13,regular,2019-11-23T19:30:00.000Z,False,True,False,False,71827,3855,Notre Dame Stadium,87,Notre Dame,fbs,FBS Independents,40,"[3, 13, 17, 7]",0.9995874722923745,1917,1964,103,Boston College,fbs,ACC,7,"[0, 7, 0, 0]",0.0004125277076254541,1555,1508,1.7027356911,https://www.youtube.com/watch?v=VvC68n_FRgY,,,CollegeFootballData.com API,2026-08-31T17:35:08.591776+00:00,/games,1.3
401121974,2019,13,regular,2019-11-23T20:00:00.000Z,False,True,False,True,18319,3625,Centennial Bank Stadium,2032,Arkansas State,fbs,Sun Belt,38,"[14, 21, 3, 0]",0.6494438917144341,1388,1394,290,Georgia Southern,fbs,Sun Belt,33,"[3, 16, 8, 6]",0.35055610828556594,1413,1407,4.2109007617,https://www.youtube.com/watch?v=JGw7n_tMV9o,,,CollegeFootballData.com API,2026-08-31T17:35:08.591776+00:00,/games,1.3
401117911,2019,13,regular,2019-11-23T20:30:00.000Z,False,True,False,True,33732,3852,Navy-Marine Corps Memorial Stadium,2426,Navy,fbs,American Athletic,35,"[7, 3, 10, 15]",0.9890769809937747,1595,1606,2567,SMU,fbs,American Athletic,28,"[7, 14, 0, 7]",0.010923019006225276,1616,1605,7.1638457781,https://www.youtube.com/watch?v=DEH6PG5gyH0,,,CollegeFootballData.com API,2026-08-31T17:35:08.591776+00:00,/games,1.3
401112519,2019,13,regular,2019-11-23T20:30:00.000Z,False,True,False,True,55936,3799,Lane Stadium,259,Virginia Tech,fbs,ACC,28,"[14, 7, 0, 7]",0.9998446012832494,1648,1715,221,Pittsburgh,fbs,ACC,0,"[0, 0, 0, 0]",0.0001553987167506321,1594,1527,1.9927947545,https://www.youtube.com/watch?v=Am_pIfHog4o,,,CollegeFootballData.com API,2026-08-31T17:35:08.591776+00:00,/games,1.3
401114317,2019,13,regular,2019-11-23T20:30:00.000Z,False,True,False,True,18477,3895,Rice Stadium,242,Rice,fbs,Conference USA,20,"[10, 10, 0, 0]",0.9819863365535195,1184,1199,249,North Texas,fbs,Conference USA,14,"[0, 0, 7, 7]",0.018013663446480477,1342,1327,4.4096420332,https://www.youtube.com/watch?v=MW1S1zwl_8Q,,,CollegeFootballData.com API,2026-08-31T17:35:08.591776+00:00,/games,1.3
401112083,2019,13,regular,2019-11-23T20:30:00.000Z,False,True,False,True,49109,4727,McLane Stadium,239,Baylor,fbs,Big 12,24,"[0, 7, 14, 3]",0.9667487648346725,1686,1719,251,Texas,fbs,Big 12,10,"[0, 3, 0, 7]",0.033251235165327464,1744,1711,3.7977361043,https://www.youtube.com/watch?v=z6LTcW1tVU4,,,CollegeFootballData.com API,2026-08-31T17:35:08.591776+00:00,/games,1.3
401110862,2019,13,regular,2019-11-23T20:30:00.000Z,False,True,False,False,19863,3973,FirstBank Stadium,238,Vanderbilt,fbs,SEC,38,"[7, 7, 17, 7]",0.9999915745156858,,,2193,East Tennessee State,fcs,Southern,0,"[0, 0, 0, 0]",8.425484314233955e-06,,,0.783403934099999,,,,CollegeFootballData.com API,2026-08-31T17:35:08.591776+00:00,/games,1.3
401112518,2019,13,regular,2019-11-23T20:30:00.000Z,False,True,False,False,50500,3787,Kenan Stadium,153,North Carolina,fbs,ACC,56,"[21, 21, 14, 0]",0.9999958283270396,,,2382,Mercer,fcs,Southern,7,"[0, 0, 0, 7]",4.17167296040688e-06,,,1.3626463467,https://www.youtube.com/watch?v=NL3RmvMvPTE,,,CollegeFootballData.com API,2026-08-31T17:35:08.591776+00:00,/games,1.3
401112210,2019,13,regular,2019-11-23T20:30:00.000Z,False,True,False,True,34082,3665,SECU Stadium,120,Maryland,fbs,Big Ten,7,"[0, 0, 0, 7]",0.0036224776138830115,1303,1181,158,Nebraska,fbs,Big Ten,54,"[17, 17, 10, 10]",0.996377522386117,1468,1590,1.53452445809999,https://www.youtube.com/watch?v=Sms2FSdvQyE,,,CollegeFootballData.com API,2026-08-31T17:35:08.591776+00:00,/games,1.3
401110858,2019,13,regular,2019-11-23T20:30:00.000Z,False,True,False,False,41495,3683,Kroger Field,96,Kentucky,fbs,SEC,50,"[16, 13, 7, 14]",0.9999286547312379,,,2630,UT Martin,fcs,OVC,7,"[0, 0, 0, 7]",7.134526876206859e-05,,,0.1294452275,,,,CollegeFootballData.com API,2026-08-31T17:35:08.591776+00:00,/games,1.3
401114313,2019,13,regular,2019-11-23T20:30:00.000Z,False,True,False,True,10526,4418,Jerry Richardson Stadium,2429,Charlotte,fbs,Conference USA,24,"[0, 7, 3, 14]",0.9972518633316716,1291,1327,276,Marshall,fbs,Conference USA,13,"[7, 3, 3, 0]",0.0027481366683284048,1491,1455,5.9566424789,https://www.youtube.com/watch?v=MVtv5Hoo9E8,,,CollegeFootballData.com API,2026-08-31T17:35:08.591776+00:00,/games,1.3
401112167,2019,13,regular,2019-11-23T20:30:00.000Z,False,True,False,True,43671,3830,"Memorial Stadium (Bloomington, IN)",84,Indiana,fbs,Big Ten,14,"[7, 7, 0, 0]",0.004330785558483452,1641,1615,130,Michigan,fbs,Big Ten,39,"[7, 14, 18, 0]",0.9956692144415166,2001,2027,3.1968380374,https://www.youtube.com/watch?v=d-7z0FaRies,,,CollegeFootballData.com API,2026-08-31T17:35:08.591776+00:00,/games,1.3
401110857,2019,13,regular,2019-11-23T20:30:00.000Z,False,True,False,True,92746,3917,Sanford Stadium,61,Georgia,fbs,SEC,19,"[3, 10, 3, 3]",0.8280676536150986,2020,2017,245,Texas A&M,fbs,SEC,13,"[0, 3, 3, 7]",0.1719323463849014,1811,1814,3.0908697765,https://www.youtube.com/watch?v=w9AtpJsXOFk,,,CollegeFootballData.com API,2026-08-31T17:35:08.591776+00:00,/games,1.3
401114318,2019,13,regular,2019-11-23T20:30:00.000Z,False,True,False,True,20369,3815,M. M. Roberts Stadium,2572,Southern Miss,fbs,Conference USA,10,"[7, 0, 0, 3]",0.09385598272332432,1548,1495,98,Western Kentucky,fbs,Conference USA,28,"[7, 14, 0, 7]",0.9061440172766757,1472,1525,3.82726794189999,https://www.youtube.com/watch?v=NHJvq3R04Ko,,,CollegeFootballData.com API,2026-08-31T17:35:08.591776+00:00,/games,1.3
401114217,2019,13,regular,2019-11-23T20:30:00.000Z,False,True,False,True,64156,477,Los Angeles Memorial Coliseum,30,USC,fbs,Pac-12,52,"[10, 14, 14, 14]",0.9982267794224011,1678,1690,26,UCLA,fbs,Pac-12,35,"[7, 7, 14, 7]",0.0017732205775988774,1398,1386,3.4660852324,https://www.youtube.com/watch?v=UtPc3WR3lqU,,,CollegeFootballData.com API,2026-08-31T17:35:08.591776+00:00,/games,1.3
401114315,2019,13,regular,2019-11-23T20:30:00.000Z,False,True,False,True,18346,3803,Legion Field,5,UAB,fbs,Conference USA,20,"[3, 10, 7, 0]",0.9868725774465364,1420,1434,2348,Louisiana Tech,fbs,Conference USA,14,"[0, 7, 0, 7]",0.013127422553463552,1547,1533,4.9237473836,https://www.youtube.com/watch?v=_TPZLFFw4ik,,,CollegeFootballData.com API,2026-08-31T17:35:08.591776+00:00,/games,1.3
401117909,2019,13,regular,2019-11-23T21:00:00.000Z,False,True,False,True,25136,3886,Raymond James Stadium,58,South Florida,fbs,American Athletic,10,"[10, 0, 0, 0]",0.005966494532266297,1317,1259,235,Memphis,fbs,American Athletic,49,"[7, 21, 14, 7]",0.9940335054677337,1752,1810,2.886858114,https://www.youtube.com/watch?v=ZWDz3GupP3A,,,CollegeFootballData.com API,2026-08-31T17:35:08.591776+00:00,/games,1.3
401117553,2019,13,regular,2019-11-23T21:00:00.000Z,False,True,False,True,17373,3914,Sam Boyd Stadium,2439,UNLV,fbs,Mountain West,38,"[7, 14, 3, 14]",0.9692478397717715,1170,1172,23,San José State,fbs,Mountain West,35,"[6, 0, 22, 7]",0.030752160228228465,1273,1271,8.1373180151,https://www.youtube.com/watch?v=q6GUii8nvxw,,,CollegeFootballData.com API,2026-08-31T17:35:08.591776+00:00,/games,1.3
401114182,2019,13,regular,2019-11-23T21:00:00.000Z,False,True,False,True,48904,3940,Stanford Stadium,24,Stanford,fbs,Pac-12,20,"[7, 3, 7, 3]",0.13777265243963724,1462,1455,25,California,fbs,Pac-12,24,"[7, 3, 0, 14]",0.8622273475603628,1454,1461,6.2551604801,https://www.youtube.com/watch?v=5XjXmnRCIKk,,,CollegeFootballData.com API,2026-08-31T17:35:08.591776+00:00,/games,1.3
401112516,2019,13,regular,2019-11-23T21:00:00.000Z,False,True,False,True,46769,3873,L&N Federal Credit Union Stadium,97,Louisville,fbs,ACC,56,"[21, 7, 21, 7]",0.9998417966273497,1343,1417,183,Syracuse,fbs,ACC,34,"[3, 7, 17, 7]",0.0001582033726502674,1525,1451,2.1597229486,https://www.youtube.com/watch?v=PEWHw3IKwNs,,,CollegeFootballData.com API,2026-08-31T17:35:08.591776+00:00,/games,1.3
401112263,2019,13,regular,2019-11-23T21:00:00.000Z,False,True,False,True,70747,347,Camp Randall Stadium,275,Wisconsin,fbs,Big Ten,45,"[14, 10, 14, 7]",0.9974403618980003,1971,1975,2509,Purdue,fbs,Big Ten,24,"[3, 14, 7, 0]",0.0025596381019996617,1489,1485,1.4090729108,https://www.youtube.com/watch?v=i1YnDnFP2FI,,,CollegeFootballData.com API,2026-08-31T17:35:08.591776+00:00,/games,1.3
401114319,2019,13,regular,2019-11-23T21:00:00.000Z,False,True,False,False,21584,3601,Aggie Memorial Stadium,166,New Mexico State,fbs,FBS Independents,44,"[7, 7, 7, 23]",0.08427193079721572,962,979,2638,UTEP,fbs,Conference USA,35,"[0, 13, 3, 19]",0.9157280692027843,996,979,6.9335629732,,,,CollegeFootballData.com API,2026-08-31T17:35:08.591776+00:00,/games,1.3
401114316,2019,13,regular,2019-11-23T21:30:00.000Z,False,True,False,True,9806,3725,"Johnny ""Red"" Floyd Stadium",2393,Middle Tennessee,fbs,Conference USA,38,"[14, 14, 7, 3]",0.9985378421004487,1371,1393,295,Old Dominion,fbs,Conference USA,17,"[7, 3, 7, 0]",0.0014621578995512863,1091,1069,1.5856417056,https://www.youtube.com/watch?v=dNz8LkTHskA,,,CollegeFootballData.com API,2026-08-31T17:35:08.591776+00:00,/games,1.3
401121975,2019,13,regular,2019-11-23T22:00:00.000Z,False,True,False,True,10135,3817,Malone Stadium,2433,UL Monroe,fbs,Sun Belt,45,"[14, 7, 10, 14]",0.9908965259005236,1188,1189,324,Coastal Carolina,fbs,Sun Belt,42,"[14, 0, 14, 14]",0.009103474099476427,1226,1225,7.411082893,https://www.youtube.com/watch?v=wOnbfGulLno,,,CollegeFootballData.com API,2026-08-31T17:35:08.591776+00:00,/games,1.3
401121977,2019,13,regular,2019-11-23T22:00:00.000Z,False,True,False,True,14262,3666,Cajun Field,309,Louisiana,fbs,Sun Belt,53,"[14, 17, 19, 3]",0.9999705672425768,1627,1766,2653,Troy,fbs,Sun Belt,3,"[3, 0, 0, 0]",2.9432757423175637e-05,1526,1387,1.1082597558,,,,CollegeFootballData.com API,2026-08-31T17:35:08.591776+00:00,/games,1.3
401114314,2019,13,regular,2019-11-23T23:00:00.000Z,False,True,False,True,14335,3604,Alamodome,2636,UTSA,fbs,Conference USA,26,"[3, 0, 8, 15]",0.01070383410775716,1058,1075,2226,Florida Atlantic,fbs,Conference USA,40,"[7, 10, 16, 7]",0.9892961658922428,1616,1599,1.5391849573,https://www.youtube.com/watch?v=-D6MLCQBHiM,,,CollegeFootballData.com API,2026-08-31T17:35:08.591776+00:00,/games,1.3
401112517,2019,13,regular,2019-11-24T00:00:00.000Z,False,True,False,False,27339,218,FIU Stadium,2229,Florida International,fbs,Conference USA,30,"[10, 3, 3, 14]",0.870246531413682,1313,1338,2390,Miami,fbs,ACC,24,"[0, 0, 3, 21]",0.12975346858631798,1635,1610,6.137390226,https://www.youtube.com/watch?v=dPb6AGkPJdU,,,CollegeFootballData.com API,2026-08-31T17:35:08.591776+00:00,/games,1.3
401117907,2019,13,regular,2019-11-24T00:00:00.000Z,False,True,False,True,30101,3854,Nippert Stadium,2132,Cincinnati,fbs,American Athletic,15,"[0, 6, 7, 2]",0.06385984813486024,1695,1692,218,Temple,fbs,American Athletic,13,"[0, 0, 0, 13]",0.9361401518651398,1444,1447,5.3934207185,https://www.youtube.com/watch?v=vxvmm0XZxTc,,,CollegeFootballData.com API,2026-08-31T17:35:08.591776+00:00,/games,1.3
401110859,2019,13,regular,2019-11-24T00:00:00.000Z,False,True,False,True,101173,3958,Tiger Stadium (LA),99,LSU,fbs,SEC,56,"[7, 21, 21, 7]",0.9999809614834128,2036,2042,8,Arkansas,fbs,SEC,20,"[3, 3, 0, 14]",1.9038516587244203e-05,1202,1196,0.1087567423,https://www.youtube.com/watch?v=GWXuq1JKFa8,,,CollegeFootballData.com API,2026-08-31T17:35:08.591776+00:00,/games,1.3
401112113,2019,13,regular,2019-11-24T00:00:00.000Z,False,True,False,True,50117,3784,Jones AT&T Stadium,2641,Texas Tech,fbs,Big 12,27,"[0, 3, 14, 10]",0.5558217644727941,1585,1586,2306,Kansas State,fbs,Big 12,30,"[3, 3, 17, 7]",0.4441782355272059,1673,1672,7.22144631289999,https://www.youtube.com/watch?v=F4QDg6m_yF8,,,CollegeFootballData.com API,2026-08-31T17:35:08.591776+00:00,/games,1.3
401112515,2019,13,regular,2019-11-24T00:30:00.000Z,False,True,False,True,24130,3630,Allegacy Federal Credit Union Stadium,154,Wake Forest,fbs,ACC,39,"[3, 10, 10, 16]",0.9982092383044034,1530,1538,150,Duke,fbs,ACC,27,"[7, 3, 3, 14]",0.0017907616955965544,1335,1327,6.5661583692,https://www.youtube.com/watch?v=wk5jWOhHSbQ,,,CollegeFootballData.com API,2026-08-31T17:35:08.591776+00:00,/games,1.3
401117910,2019,13,regular,2019-11-24T00:30:00.000Z,False,True,False,True,16120,3674,Chapman Stadium,202,Tulsa,fbs,American Athletic,14,"[7, 0, 0, 7]",0.7959198519173606,1332,1323,248,Houston,fbs,American Athletic,24,"[0, 14, 3, 7]",0.2040801480826394,1465,1474,5.8733327093,https://www.youtube.com/watch?v=5Al1Qn52pyA,,,CollegeFootballData.com API,2026-08-31T17:35:08.591776+00:00,/games,1.3
401110860,2019,13,regular,2019-11-24T00:30:00.000Z,False,True,False,False,54683,3693,Davis Wade Stadium,344,Mississippi State,fbs,SEC,45,"[7, 14, 7, 17]",0.9999752778738036,,,2000,Abilene Christian,fcs,Southland,7,"[0, 7, 0, 0]",2.4722126196419225e-05,,,0.2469867819,,,,CollegeFootballData.com API,2026-08-31T17:35:08.591776+00:00,/games,1.3
401110861,2019,13,regular,2019-11-24T00:30:00.000Z,False,True,False,True,49348,3838,Memorial Stadium,142,Missouri,fbs,SEC,20,"[3, 7, 7, 3]",0.017159737829286013,1668,1653,2633,Tennessee,fbs,SEC,24,"[0, 17, 7, 0]",0.982840262170714,1542,1557,7.8082643146,https://www.youtube.com/watch?v=cMWXhkxI9TQ,,,CollegeFootballData.com API,2026-08-31T17:35:08.591776+00:00,/games,1.3
401114162,2019,13,regular,2019-11-24T00:30:00.000Z,False,True,False,True,51875,3947,Mountain America Stadium,9,Arizona State,fbs,Pac-12,31,"[7, 3, 3, 18]",0.243226650944963,1557,1564,2483,Oregon,fbs,Pac-12,28,"[7, 0, 0, 21]",0.756773349055037,1968,1961,6.531534388,https://www.youtube.com/watch?v=bqnIrNgc1NY,,,CollegeFootballData.com API,2026-08-31T17:35:08.591776+00:00,/games,1.3
401112120,2019,13,regular,2019-11-24T01:00:00.000Z,False,True,False,True,82241,3835,"Memorial Stadium (Norman, OK)",201,Oklahoma,fbs,Big 12,28,"[14, 7, 7, 0]",0.939332645075275,1972,1965,2628,TCU,fbs,Big 12,24,"[0, 10, 7, 7]",0.06066735492472497,1631,1638,2.5883475991,https://www.youtube.com/watch?v=WHoYVdlAv5Y,,,CollegeFootballData.com API,2026-08-31T17:35:08.591776+00:00,/games,1.3
401114206,2019,13,regular,2019-11-24T02:00:00.000Z,False,True,False,True,22016,3820,Gesa Field,265,Washington State,fbs,Pac-12,54,"[7, 14, 14, 19]",0.9885586963317103,1714,1702,204,Oregon State,fbs,Pac-12,53,"[7, 17, 0, 29]",0.01144130366828966,1330,1342,8.1784833747,https://www.youtube.com/watch?v=BGcB1skEF9g,,,CollegeFootballData.com API,2026-08-31T17:35:08.591776+00:00,/games,1.3
401114191,2019,13,regular,2019-11-24T03:00:00.000Z,False,True,False,True,44618,3726,Folsom Field,38,Colorado,fbs,Pac-12,20,"[3, 10, 7, 0]",0.9613687325523024,1340,1373,264,Washington,fbs,Pac-12,14,"[0, 0, 7, 7]",0.038631267447697626,1795,1762,7.0732904527,,,,CollegeFootballData.com API,2026-08-31T17:35:08.591776+00:00,/games,1.3
401114173,2019,13,regular,2019-11-24T03:00:00.000Z,False,True,False,True,35991,3619,Arizona Stadium,12,Arizona,fbs,Pac-12,7,"[0, 0, 0, 7]",0.003766317417813411,1337,1332,254,Utah,fbs,Pac-12,35,"[14, 0, 14, 7]",0.9962336825821866,1989,1994,0.739684974499999,https://www.youtube.com/watch?v=YaFn1i4mpZ8,,,CollegeFootballData.com API,2026-08-31T17:35:08.591776+00:00,/games,1.3
401117549,2019,13,regular,2019-11-24T03:30:00.000Z,False,True,False,True,18315,3905,Maverik Stadium,328,Utah State,fbs,Mountain West,21,"[7, 0, 7, 7]",0.00396452570469545,1504,1432,68,Boise State,fbs,Mountain West,56,"[21, 21, 14, 0]",0.9960354742953046,1731,1803,1.8874547011,https://www.youtube.com/watch?v=l2n-AIREO_Q,,,CollegeFootballData.com API,2026-08-31T17:35:08.591776+00:00,/games,1.3
401117551,2019,13,regular,2019-11-24T03:30:00.000Z,False,True,False,True,32303,3660,Valley Children's Stadium,278,Fresno State,fbs,Mountain West,28,"[7, 14, 7, 0]",0.08449590075523436,1528,1481,2440,Nevada,fbs,Mountain West,35,"[14, 0, 14, 7]",0.9155040992447656,1135,1182,6.7089948883,https://www.youtube.com/watch?v=ozdTpS_PE74,,,CollegeFootballData.com API,2026-08-31T17:35:08.591776+00:00,/games,1.3
401117552,2019,13,regular,2019-11-24T04:00:00.000Z,False,True,False,True,24911,3610,Aloha Stadium,62,Hawai'i,fbs,Mountain West,14,"[7, 0, 7, 0]",0.899942041530228,1376,1379,21,San Diego State,fbs,Mountain West,11,"[0, 3, 0, 8]",0.10005795846977195,1489,1486,6.93741147219999,https://www.youtube.com/watch?v=kRN5KpBdDrQ,,,CollegeFootballData.com API,2026-08-31T17:35:08.591776+00:00,/games,1.3
401119310,2019,14,regular,2019-11-26T23:00:00.000Z,False,True,False,True,21414,3768,InfoCision Stadium,2006,Akron,fbs,Mid-American,3,"[3, 0, 0, 0]",0.00029792870474039667,803,756,195,Ohio,fbs,Mid-American,52,"[14, 17, 7, 14]",0.9997020712952596,1585,1632,0.5616365029,,,,CollegeFootballData.com API,2026-08-31T17:35:08.591776+00:00,/games,1.3
401119311,2019,14,regular,2019-11-27T00:00:00.000Z,False,True,False,True,3568,3764,Huskie Stadium,2459,Northern Illinois,fbs,Mid-American,17,"[3, 7, 0, 7]",0.8337754377780245,1219,1224,2711,Western Michigan,fbs,Mid-American,14,"[0, 0, 7, 7]",0.16622456222197546,1481,1476,8.3890463408,,,,CollegeFootballData.com API,2026-08-31T17:35:08.591776+00:00,/games,1.3
401110863,2019,14,regular,2019-11-29T00:30:00.000Z,False,True,False,True,57529,3693,Davis Wade Stadium,344,Mississippi State,fbs,SEC,21,"[7, 7, 7, 0]",0.615875802868476,1622,1622,145,Ole Miss,fbs,SEC,20,"[0, 14, 0, 6]",0.384124197131524,1587,1587,6.0810634352,https://www.youtube.com/watch?v=-dGesLJS1ys,,,CollegeFootballData.com API,2026-08-31T17:35:08.591776+00:00,/games,1.3
401112521,2019,14,regular,2019-11-29T17:00:00.000Z,False,True,False,True,52619,3923,Scott Stadium,258,Virginia,fbs,ACC,39,"[13, 0, 7, 19]",0.4227435709303661,1698,1714,259,Virginia Tech,fbs,ACC,30,"[3, 3, 21, 3]",0.5772564290696339,1715,1699,8.6088842224,https://www.youtube.com/watch?v=qPD904-4c4o,,,CollegeFootballData.com API,2026-08-31T17:35:08.591776+00:00,/games,1.3
401119314,2019,14,regular,2019-11-29T17:00:00.000Z,False,True,False,True,7155,3919,Scheumann Stadium,2050,Ball State,fbs,Mid-American,41,"[7, 7, 6, 21]",0.9568978640495507,1371,1399,193,Miami (OH),fbs,Mid-American,27,"[7, 20, 0, 0]",0.043102135950449316,1368,1340,5.8528426663,,,,CollegeFootballData.com API,2026-08-31T17:35:08.591776+00:00,/games,1.3
401112138,2019,14,regular,2019-11-29T17:00:00.000Z,False,True,False,True,93747,3910,DKR-Texas Memorial Stadium,251,Texas,fbs,Big 12,49,"[6, 22, 14, 7]",0.9981096094326831,1711,1760,2641,Texas Tech,fbs,Big 12,24,"[14, 7, 3, 0]",0.0018903905673168797,1586,1537,4.7509587964,https://www.youtube.com/watch?v=h4OqvQxCRkc,,,CollegeFootballData.com API,2026-08-31T17:35:08.591776+00:00,/games,1.3
401119313,2019,14,regular,2019-11-29T17:00:00.000Z,False,True,False,True,13444,3912,Rynearson Stadium,2199,Eastern Michigan,fbs,Mid-American,26,"[7, 7, 6, 6]",0.4754943473137647,1368,1341,2309,Kent State,fbs,Mid-American,34,"[14, 10, 7, 3]",0.5245056526862353,1233,1260,5.5463959273,,,,CollegeFootballData.com API,2026-08-31T17:35:08.591776+00:00,/games,1.3
401119315,2019,14,regular,2019-11-29T17:00:00.000Z,False,True,False,True,9101,3786,Kelly/Shorts Stadium,2117,Central Michigan,fbs,Mid-American,49,"[14, 21, 7, 7]",0.9989652323882099,1389,1496,2649,Toledo,fbs,Mid-American,7,"[0, 7, 0, 0]",0.0010347676117901106,1267,1160,0.893877250499999,,,,CollegeFootballData.com API,2026-08-31T17:35:08.591776+00:00,/games,1.3
401119312,2019,14,regular,2019-11-29T17:00:00.000Z,False,True,False,True,13749,3965,UB Stadium,2084,Buffalo,fbs,Mid-American,49,"[21, 14, 0, 14]",0.998943231708154,1528,1568,189,Bowling Green,fbs,Mid-American,7,"[0, 7, 0, 0]",0.0010567682918459775,867,827,0.1958067508,,,,CollegeFootballData.com API,2026-08-31T17:35:08.591776+00:00,/games,1.3
401110864,2019,14,regular,2019-11-29T19:30:00.000Z,False,True,False,True,33961,3983,War Memorial Stadium (AR),8,Arkansas,fbs,SEC,14,"[7, 0, 7, 0]",0.005319706652474584,1196,1211,142,Missouri,fbs,SEC,24,"[0, 10, 7, 7]",0.9946802933475254,1653,1638,4.8532079986,https://www.youtube.com/watch?v=0MKdPq3RTDo,,,CollegeFootballData.com API,2026-08-31T17:35:08.591776+00:00,/games,1.3
401112200,2019,14,regular,2019-11-29T19:30:00.000Z,False,True,False,True,89039,3834,"Memorial Stadium (Lincoln, NE)",158,Nebraska,fbs,Big Ten,24,"[3, 7, 14, 0]",0.8609846706767702,1590,1602,2294,Iowa,fbs,Big Ten,27,"[14, 10, 0, 3]",0.1390153293232298,1886,1874,7.6896141923,https://www.youtube.com/watch?v=NHChm3knZxQ,,,CollegeFootballData.com API,2026-08-31T17:35:08.591776+00:00,/games,1.3
401117913,2019,14,regular,2019-11-29T20:30:00.000Z,False,True,False,True,36472,3805,Simmons Bank Liberty Stadium,235,Memphis,fbs,American Athletic,34,"[17, 3, 0, 14]",0.7757665563439643,1810,1819,2132,Cincinnati,fbs,American Athletic,24,"[3, 14, 0, 7]",0.2242334436560357,1692,1683,4.3092115822,https://www.youtube.com/watch?v=SAB3t4c_wlQ,,,CollegeFootballData.com API,2026-08-31T17:35:08.591776+00:00,/games,1.3
401117554,2019,14,regular,2019-11-29T20:30:00.000Z,False,True,False,True,12324,5388,Canvas Stadium,36,Colorado State,fbs,Mountain West,24,"[7, 7, 7, 3]",0.8969262767433767,1345,1364,68,Boise State,fbs,Mountain West,31,"[7, 17, 0, 7]",0.10307372325662334,1803,1784,3.97038641559999,https://www.youtube.com/watch?v=PkKUFSuQoDM,,,CollegeFootballData.com API,2026-08-31T17:35:08.591776+00:00,/games,1.3
401114232,2019,14,regular,2019-11-29T21:00:00.000Z,False,True,False,True,70931,3765,Husky Stadium,264,Washington,fbs,Pac-12,31,"[7, 14, 7, 3]",0.9841279324334883,1762,1796,265,Washington State,fbs,Pac-12,13,"[7, 3, 3, 0]",0.015872067566511716,1702,1668,2.8204995957,https://www.youtube.com/watch?v=LNJXMZNMHII,,,CollegeFootballData.com API,2026-08-31T17:35:08.591776+00:00,/games,1.3
401112134,2019,14,regular,2019-11-29T21:15:00.000Z,False,True,False,True,40126,3616,Amon G. Carter Stadium,2628,TCU,fbs,Big 12,17,"[7, 3, 7, 0]",0.6497895627117438,1638,1625,277,West Virginia,fbs,Big 12,20,"[7, 3, 3, 7]",0.3502104372882562,1497,1510,6.52880761069999,https://www.youtube.com/watch?v=roLeP2Em2kw,,,CollegeFootballData.com API,2026-08-31T17:35:08.591776+00:00,/games,1.3
401121979,2019,14,regular,2019-11-29T22:00:00.000Z,False,True,False,True,16319,3797,Ladd Peebles Stadium,6,South Alabama,fbs,Sun Belt,34,"[14, 0, 6, 14]",0.961618873218574,1077,1090,2032,Arkansas State,fbs,Sun Belt,30,"[7, 0, 10, 13]",0.03838112678142602,1394,1381,8.9288062296,,,,CollegeFootballData.com API,2026-08-31T17:35:08.591776+00:00,/games,1.3
401121978,2019,14,regular,2019-11-29T23:00:00.000Z,False,True,False,True,18989,3975,Veterans Memorial Stadium (AL),2653,Troy,fbs,Sun Belt,13,"[10, 3, 0, 0]",0.0007125300693060676,1387,1332,2026,App State,fbs,Sun Belt,48,"[20, 14, 7, 7]",0.999287469930694,1747,1802,1.5769104051,https://www.youtube.com/watch?v=71q2DaLssSc,,,CollegeFootballData.com API,2026-08-31T17:35:08.591776+00:00,/games,1.3
401117912,2019,14,regular,2019-11-30T01:00:00.000Z,False,True,False,True,45216,3652,FBC Mortgage Stadium,2116,UCF,fbs,American Athletic,34,"[7, 17, 7, 3]",0.9942994272685187,1872,1878,58,South Florida,fbs,American Athletic,7,"[0, 0, 7, 0]",0.005700572731481279,1259,1253,0.651627277799998,https://www.youtube.com/watch?v=EojMxcBiqpo,,,CollegeFootballData.com API,2026-08-31T17:35:08.591776+00:00,/games,1.3
401121980,2019,14,regular,2019-11-30T17:00:00.000Z,False,True,False,True,15102,3654,Brooks Stadium (SC),324,Coastal Carolina,fbs,Sun Belt,24,"[0, 7, 7, 10]",0.9312298503951582,1225,1224,326,Texas State,fbs,Sun Belt,21,"[0, 7, 0, 14]",0.06877014960484185,1038,1039,5.4982003719,,,,CollegeFootballData.com API,2026-08-31T17:35:08.591776+00:00,/games,1.3
401117915,2019,14,regular,2019-11-30T17:00:00.000Z,False,True,False,True,27978,3699,Dowdy-Ficklen Stadium,151,East Carolina,fbs,American Athletic,24,"[3, 0, 7, 14]",0.0037198732256082147,1153,1106,202,Tulsa,fbs,American Athletic,49,"[7, 14, 14, 14]",0.9962801267743918,1323,1370,2.7394672946,https://www.youtube.com/watch?v=fcBS4v4IXs0,,,CollegeFootballData.com API,2026-08-31T17:35:08.591776+00:00,/games,1.3
401112168,2019,14,regular,2019-11-30T17:00:00.000Z,False,True,False,True,55338,3907,Ross-Ade Stadium,2509,Purdue,fbs,Big Ten,41,"[0, 10, 7, 14, 7, 3]",0.2429281175362354,1485,1488,84,Indiana,fbs,Big Ten,44,"[7, 14, 7, 3, 7, 6]",0.7570718824637646,1615,1612,6.8264793936,https://www.youtube.com/watch?v=pIX_0ZODDxE,,,CollegeFootballData.com API,2026-08-31T17:35:08.591776+00:00,/games,1.3
401112156,2019,14,regular,2019-11-30T17:00:00.000Z,False,True,False,True,35895,3832,"Memorial Stadium (Champaign, IL)",356,Illinois,fbs,Big Ten,10,"[0, 7, 3, 0]",0.0013833696512843133,1489,1436,77,Northwestern,fbs,Big Ten,29,"[3, 7, 7, 12]",0.9986166303487157,1439,1492,4.20859588719999,https://www.youtube.com/watch?v=PGiEhOwE9kI,,,CollegeFootballData.com API,2026-08-31T17:35:08.591776+00:00,/games,1.3
401112228,2019,14,regular,2019-11-30T17:00:00.000Z,False,True,False,True,112071,3558,Michigan Stadium,130,Michigan,fbs,Big Ten,27,"[13, 3, 3, 8]",0.0007459021296551682,2027,1984,194,Ohio State,fbs,Big Ten,56,"[14, 14, 14, 14]",0.9992540978703448,2338,2381,2.6940397338,https://www.youtube.com/watch?v=_G-i2F9tkZ8,,,CollegeFootballData.com API,2026-08-31T17:35:08.591776+00:00,/games,1.3
401110868,2019,14,regular,2019-11-30T17:00:00.000Z,False,True,False,False,48336,3683,Kroger Field,96,Kentucky,fbs,SEC,45,"[7, 10, 14, 14]",0.997602675021799,1650,1709,97,Louisville,fbs,ACC,13,"[6, 7, 0, 0]",0.0023973249782009987,1417,1358,2.75288659069999,https://www.youtube.com/watch?v=G4ydTY33qN0,,,CollegeFootballData.com API,2026-08-31T17:35:08.591776+00:00,/games,1.3
401114321,2019,14,regular,2019-11-30T17:00:00.000Z,False,True,False,True,18596,3775,Joan C. Edwards Stadium,276,Marshall,fbs,Conference USA,30,"[0, 10, 7, 7, 6]",0.4302453446179866,1455,1454,2229,Florida International,fbs,Conference USA,27,"[0, 7, 0, 17, 3]",0.5697546553820134,1338,1339,8.2835783511,https://www.youtube.com/watch?v=r6XmKV377N8,,,CollegeFootballData.com API,2026-08-31T17:35:08.591776+00:00,/games,1.3
401110867,2019,14,regular,2019-11-30T17:00:00.000Z,False,True,False,False,55000,721,Bobby Dodd Stadium,59,Georgia Tech,fbs,ACC,7,"[0, 7, 0, 0]",0.001493256318325487,1306,1262,61,Georgia,fbs,SEC,52,"[17, 0, 21, 14]",0.9985067436816745,2017,2061,0.7146036443,https://www.youtube.com/watch?v=sy66umKsip0,,,CollegeFootballData.com API,2026-08-31T17:35:08.591776+00:00,/games,1.3
401110870,2019,14,regular,2019-11-30T17:00:00.000Z,False,True,False,False,80580,3994,Williams-Brice Stadium,2579,South Carolina,fbs,SEC,3,"[0, 3, 0, 0]",0.001968157377668302,1501,1497,228,Clemson,fbs,ACC,38,"[14, 10, 7, 7]",0.9980318426223317,2332,2336,0.6606450999,https://www.youtube.com/watch?v=WVKNVQyq3c8,,,CollegeFootballData.com API,2026-08-31T17:35:08.591776+00:00,/games,1.3
401112525,2019,14,regular,2019-11-30T17:30:00.000Z,False,True,False,True,33719,1964,JMA Wireless Dome,183,Syracuse,fbs,ACC,39,"[10, 7, 3, 10, 9]",0.3007805809586069,1451,1472,154,Wake Forest,fbs,ACC,30,"[3, 3, 14, 10, 0]",0.6992194190413932,1538,1517,11.9084503954999,https://www.youtube.com/watch?v=z83Xi6YcZhQ,,,CollegeFootballData.com API,2026-08-31T17:35:08.591776+00:00,/games,1.3
401114346,2019,14,regular,2019-11-30T19:00:00.000Z,False,True,False,False,18674,3992,Williams Stadium (VA),2335,Liberty,fbs,FBS Independents,49,"[10, 10, 15, 14]",0.987424738669102,1299,1317,166,New Mexico State,fbs,FBS Independents,28,"[7, 7, 7, 7]",0.012575261330898035,979,961,2.04418805239999,,,,CollegeFootballData.com API,2026-08-31T17:35:08.591776+00:00,/games,1.3
401114324,2019,14,regular,2019-11-30T19:00:00.000Z,False,True,False,True,7589,3796,Houchens Industries-L.T. Smith Stadium,98,Western Kentucky,fbs,Conference USA,31,"[3, 7, 7, 14]",0.6880982605814524,1525,1525,2393,Middle Tennessee,fbs,Conference USA,26,"[3, 10, 0, 13]",0.3119017394185476,1393,1393,6.1988315689,https://www.youtube.com/watch?v=Nzf50AYJ8f8,,,CollegeFootballData.com API,2026-08-31T17:35:08.591776+00:00,/games,1.3
401117556,2019,14,regular,2019-11-30T19:00:00.000Z,False,True,False,True,21425,3713,Falcon Stadium,2005,Air Force,fbs,Mountain West,20,"[0, 7, 3, 10]",0.9986170049178837,1687,1706,2751,Wyoming,fbs,Mountain West,6,"[0, 0, 0, 6]",0.0013829950821162562,1574,1555,2.994978093,https://www.youtube.com/watch?v=7quC8UTgK74,,,CollegeFootballData.com API,2026-08-31T17:35:08.591776+00:00,/games,1.3
401114320,2019,14,regular,2019-11-30T19:00:00.000Z,False,True,False,True,16369,3918,S.B. Ballard Stadium,295,Old Dominion,fbs,Conference USA,22,"[7, 0, 7, 8]",0.0005841884811114136,1069,1056,2429,Charlotte,fbs,Conference USA,38,"[14, 10, 14, 0]",0.9994158115188886,1327,1340,2.511002809,https://www.youtube.com/watch?v=w3p9bL0RPHo,,,CollegeFootballData.com API,2026-08-31T17:35:08.591776+00:00,/games,1.3
401117558,2019,14,regular,2019-11-30T20:00:00.000Z,False,True,False,True,16683,3816,Mackay Stadium,2440,Nevada,fbs,Mountain West,30,"[0, 13, 0, 14, 3]",0.13767798265615377,1182,1177,2439,UNLV,fbs,Mountain West,33,"[17, 7, 0, 3, 6]",0.8623220173438462,1172,1177,8.262552232,https://www.youtube.com/watch?v=XtUqZoiZGMc,,,CollegeFootballData.com API,2026-08-31T17:35:08.591776+00:00,/games,1.3
401114326,2019,14,regular,2019-11-30T20:00:00.000Z,False,True,False,True,11776,3946,Sun Bowl,2638,UTEP,fbs,Conference USA,16,"[6, 10, 0, 0]",0.026767643763408237,979,968,242,Rice,fbs,Conference USA,30,"[14, 0, 10, 6]",0.9732323562365918,1199,1210,5.2991316613,https://www.youtube.com/watch?v=-C7Nfs6iSkY,,,CollegeFootballData.com API,2026-08-31T17:35:08.591776+00:00,/games,1.3
401114322,2019,14,regular,2019-11-30T20:30:00.000Z,False,True,False,True,13414,3715,FAU Stadium,2226,Florida Atlantic,fbs,Conference USA,34,"[10, 7, 7, 10]",0.9817146185228662,1599,1626,2572,Southern Miss,fbs,Conference USA,17,"[0, 10, 7, 0]",0.018285381477133766,1495,1468,2.5123993266,https://www.youtube.com/watch?v=GMoAsXuu2BI,,,CollegeFootballData.com API,2026-08-31T17:35:08.591776+00:00,/games,1.3
401112221,2019,14,regular,2019-11-30T20:30:00.000Z,False,True,False,True,51366,3936,Spartan Stadium,127,Michigan State,fbs,Big Ten,19,"[3, 10, 0, 6]",0.9189200580097843,1579,1575,120,Maryland,fbs,Big Ten,16,"[7, 0, 9, 0]",0.08107994199021573,1181,1185,5.27291221909999,https://www.youtube.com/watch?v=M6OXkDI2as4,,,CollegeFootballData.com API,2026-08-31T17:35:08.591776+00:00,/games,1.3
401110865,2019,14,regular,2019-11-30T20:30:00.000Z,False,True,False,True,87451,3785,Jordan-Hare Stadium,2,Auburn,fbs,SEC,48,"[7, 20, 13, 8]",0.5998912853115326,1938,1942,333,Alabama,fbs,SEC,45,"[3, 28, 7, 7]",0.4001087146884674,2164,2160,8.9433486156,https://www.youtube.com/watch?v=HBVKaWZSWEg,,,CollegeFootballData.com API,2026-08-31T17:35:08.591776+00:00,/games,1.3
401112237,2019,14,regular,2019-11-30T20:30:00.000Z,False,True,False,True,53756,3953,Huntington Bank Stadium,135,Minnesota,fbs,Big Ten,17,"[7, 0, 3, 7]",0.0064616102872084,1823,1786,275,Wisconsin,fbs,Big Ten,38,"[0, 10, 14, 14]",0.9935383897127916,1975,2012,3.39452389259999,https://www.youtube.com/watch?v=CtXfIPNT3ss,,,CollegeFootballData.com API,2026-08-31T17:35:08.591776+00:00,/games,1.3
401112523,2019,14,regular,2019-11-30T20:30:00.000Z,False,True,False,True,15913,3982,Wallace Wade Stadium,150,Duke,fbs,ACC,27,"[3, 10, 0, 14]",0.8582348211139421,1327,1366,2390,Miami,fbs,ACC,17,"[0, 14, 3, 0]",0.14176517888605789,1610,1571,7.3798766367,https://www.youtube.com/watch?v=giDBCJa952M,,,CollegeFootballData.com API,2026-08-31T17:35:08.591776+00:00,/games,1.3
401112084,2019,14,regular,2019-11-30T20:30:00.000Z,False,True,False,True,22531,3833,Memorial Stadium,2305,Kansas,fbs,Big 12,6,"[0, 0, 6, 0]",0.0006018355697755646,1340,1222,239,Baylor,fbs,Big 12,61,"[21, 13, 14, 13]",0.9993981644302244,1719,1837,0.8527078003,https://www.youtube.com/watch?v=kxVUFSvSS-k,,,CollegeFootballData.com API,2026-08-31T17:35:08.591776+00:00,/games,1.3
401112261,2019,14,regular,2019-11-30T20:30:00.000Z,False,True,False,True,98895,3632,Beaver Stadium,213,Penn State,fbs,Big Ten,27,"[7, 0, 6, 14]",0.7993303345404015,2000,1968,164,Rutgers,fbs,Big Ten,6,"[3, 0, 0, 3]",0.20066966545959852,1062,1094,0.4983126307,https://www.youtube.com/watch?v=zqo3Yy1dzeM,,,CollegeFootballData.com API,2026-08-31T17:35:08.591776+00:00,/games,1.3
401117914,2019,14,regular,2019-11-30T20:30:00.000Z,False,True,False,True,26083,3806,Lincoln Financial Field,218,Temple,fbs,American Athletic,49,"[7, 7, 28, 7]",0.9988798258497273,1447,1472,41,UConn,fbs,American Athletic,17,"[14, 3, 0, 0]",0.001120174150272657,902,877,2.1764543704,https://www.youtube.com/watch?v=uVW1NzZAke4,,,CollegeFootballData.com API,2026-08-31T17:35:08.591776+00:00,/games,1.3
401112522,2019,14,regular,2019-11-30T20:30:00.000Z,False,True,False,True,40889,3752,Acrisure Stadium,221,Pittsburgh,fbs,ACC,19,"[0, 9, 7, 3]",0.09579128425873203,1527,1512,103,Boston College,fbs,ACC,26,"[6, 7, 10, 3]",0.9042087157412679,1508,1523,7.1390107262,https://www.youtube.com/watch?v=UtswEpDFxD4,,,CollegeFootballData.com API,2026-08-31T17:35:08.591776+00:00,/games,1.3
401114323,2019,14,regular,2019-11-30T20:30:00.000Z,False,True,False,True,14782,3776,Joe Aillet Stadium,2348,Louisiana Tech,fbs,Conference USA,41,"[14, 10, 10, 7]",0.9892297694771715,1533,1525,2636,UTSA,fbs,Conference USA,27,"[10, 7, 3, 7]",0.01077023052282855,1075,1083,1.8585829382,,,,CollegeFootballData.com API,2026-08-31T17:35:08.591776+00:00,/games,1.3
401114325,2019,14,regular,2019-11-30T21:00:00.000Z,False,True,False,True,16406,3825,DATCU Stadium,249,North Texas,fbs,Conference USA,21,"[7, 7, 7, 0]",0.001898477806439967,1327,1326,5,UAB,fbs,Conference USA,26,"[3, 14, 9, 0]",0.9981015221935601,1434,1435,7.50493665099999,https://www.youtube.com/watch?v=oS9tRzs-z5U,,,CollegeFootballData.com API,2026-08-31T17:35:08.591776+00:00,/games,1.3
401117555,2019,14,regular,2019-11-30T21:00:00.000Z,False,True,False,True,11611,3971,University Stadium (NM),167,New Mexico,fbs,Mountain West,25,"[0, 6, 12, 7]",0.5041198451031547,1094,1095,328,Utah State,fbs,Mountain West,38,"[7, 24, 7, 0]",0.49588015489684534,1432,1431,2.6735459189,https://www.youtube.com/watch?v=7rtwab_IGJU,,,CollegeFootballData.com API,2026-08-31T17:35:08.591776+00:00,/games,1.3
401117917,2019,14,regular,2019-11-30T21:00:00.000Z,False,True,False,True,20761,3735,Gerald J. Ford Stadium,2567,SMU,fbs,American Athletic,37,"[14, 7, 0, 16]",0.8064729948590112,1605,1636,2655,Tulane,fbs,American Athletic,20,"[7, 3, 7, 3]",0.19352700514098875,1536,1505,5.4533821621,https://www.youtube.com/watch?v=AEuMf4c6BIo,,,CollegeFootballData.com API,2026-08-31T17:35:08.591776+00:00,/games,1.3
401114199,2019,14,regular,2019-11-30T21:00:00.000Z,False,True,False,True,56243,3626,Autzen Stadium,2483,Oregon,fbs,Pac-12,24,"[10, 7, 0, 7]",0.7317771297604501,1961,1942,204,Oregon State,fbs,Pac-12,10,"[3, 0, 0, 7]",0.26822287023954994,1342,1361,1.49304114099999,https://www.youtube.com/watch?v=EU3kP_YH53M,,,CollegeFootballData.com API,2026-08-31T17:35:08.591776+00:00,/games,1.3
401110871,2019,14,regular,2019-11-30T21:00:00.000Z,False,True,False,True,87367,3853,Neyland Stadium,2633,Tennessee,fbs,SEC,28,"[7, 14, 0, 7]",0.99790089445669,1557,1564,238,Vanderbilt,fbs,SEC,10,"[3, 0, 0, 7]",0.0020991055433100536,1190,1183,1.08868194509999,https://www.youtube.com/watch?v=JyL6ascHDH8,,,CollegeFootballData.com API,2026-08-31T17:35:08.591776+00:00,/games,1.3
401114212,2019,14,regular,2019-11-30T21:00:00.000Z,False,True,False,False,37391,3940,Stanford Stadium,24,Stanford,fbs,Pac-12,24,"[10, 7, 0, 7]",0.050007585843387506,1455,1454,87,Notre Dame,fbs,FBS Independents,45,"[7, 14, 7, 17]",0.9499924141566125,1964,1965,3.8506693014,https://www.youtube.com/watch?v=2yOwDudPxw8,,,CollegeFootballData.com API,2026-08-31T17:35:08.591776+00:00,/games,1.3
401121981,2019,14,regular,2019-11-30T23:00:00.000Z,False,True,False,True,15175,3608,Allen E. Paulson Stadium,290,Georgia Southern,fbs,Sun Belt,38,"[7, 10, 14, 7]",0.9978618762831357,1407,1465,2247,Georgia State,fbs,Sun Belt,10,"[7, 0, 3, 0]",0.002138123716864282,1277,1219,1.91773189219999,https://www.youtube.com/watch?v=UNT--3l7ja8,,,CollegeFootballData.com API,2026-08-31T17:35:08.591776+00:00,/games,1.3
401112095,2019,14,regular,2019-12-01T00:00:00.000Z,False,True,False,True,48990,3636,Bill Snyder Family Stadium,2306,Kansas State,fbs,Big 12,27,"[7, 7, 3, 10]",0.9749638225365809,1672,1699,66,Iowa State,fbs,Big 12,17,"[0, 14, 3, 0]",0.02503617746341913,1806,1779,5.5952644649,https://www.youtube.com/watch?v=Ho7jw7HTXKU,,,CollegeFootballData.com API,2026-08-31T17:35:08.591776+00:00,/games,1.3
401117916,2019,14,regular,2019-12-01T00:00:00.000Z,False,True,False,True,22824,4728,TDECU Stadium,248,Houston,fbs,American Athletic,41,"[14, 13, 7, 7]",0.0490393196379325,1474,1452,2426,Navy,fbs,American Athletic,56,"[21, 7, 14, 14]",0.9509606803620675,1606,1628,3.8968327197,https://www.youtube.com/watch?v=Xdeva4UBAHc,,,CollegeFootballData.com API,2026-08-31T17:35:08.591776+00:00,/games,1.3
401110869,2019,14,regular,2019-12-01T00:00:00.000Z,False,True,False,True,102218,3958,Tiger Stadium (LA),99,LSU,fbs,SEC,50,"[21, 10, 10, 9]",0.9989630521111187,2042,2138,245,Texas A&M,fbs,SEC,7,"[0, 0, 7, 0]",0.0010369478888813122,1814,1718,0.503235477099999,https://www.youtube.com/watch?v=fo-m6L4zMSo,,,CollegeFootballData.com API,2026-08-31T17:35:08.591776+00:00,/games,1.3
401112524,2019,14,regular,2019-12-01T00:00:00.000Z,False,True,False,True,56413,3670,Carter-Finley Stadium,152,NC State,fbs,ACC,10,"[3, 7, 0, 0]",0.0021858574658131444,1337,1270,153,North Carolina,fbs,ACC,41,"[0, 6, 28, 7]",0.9978141425341869,1500,1567,4.506403188,https://www.youtube.com/watch?v=tovgysZ5FW0,,,CollegeFootballData.com API,2026-08-31T17:35:08.591776+00:00,/games,1.3
401114192,2019,14,regular,2019-12-01T00:30:00.000Z,False,True,False,True,46879,587,Rice-Eccles Stadium,254,Utah,fbs,Pac-12,45,"[0, 17, 14, 14]",0.9941111355623587,1994,2006,38,Colorado,fbs,Pac-12,15,"[7, 0, 0, 8]",0.00588886443764125,1373,1361,1.2763605231,https://www.youtube.com/watch?v=xtke_zIecVY,,,CollegeFootballData.com API,2026-08-31T17:35:08.591776+00:00,/games,1.3
401110866,2019,14,regular,2019-12-01T00:30:00.000Z,False,True,False,False,89409,3634,Ben Hill Griffin Stadium,57,Florida,fbs,SEC,40,"[7, 23, 7, 3]",0.9989659487735925,1910,1926,52,Florida State,fbs,ACC,17,"[7, 0, 10, 0]",0.0010340512264075397,1519,1503,1.0023019812,https://www.youtube.com/watch?v=lGi_h64MwYo,,,CollegeFootballData.com API,2026-08-31T17:35:08.591776+00:00,/games,1.3
401121982,2019,14,regular,2019-12-01T00:30:00.000Z,False,True,False,True,14227,3666,Cajun Field,309,Louisiana,fbs,Sun Belt,31,"[7, 14, 7, 3]",0.9003084832945923,1766,1747,2433,UL Monroe,fbs,Sun Belt,30,"[7, 7, 10, 6]",0.09969151670540766,1189,1208,6.2394729664,,,,CollegeFootballData.com API,2026-08-31T17:35:08.591776+00:00,/games,1.3
401112121,2019,14,regular,2019-12-01T01:00:00.000Z,False,True,False,True,54575,3646,Boone Pickens Stadium,197,Oklahoma State,fbs,Big 12,16,"[7, 6, 3, 0]",0.015963101869982697,1660,1647,201,Oklahoma,fbs,Big 12,34,"[10, 10, 7, 7]",0.9840368981300173,1965,1978,2.6773660937,https://www.youtube.com/watch?v=wqoyTX-iDOA,,,CollegeFootballData.com API,2026-08-31T17:35:08.591776+00:00,/games,1.3
401117218,2019,14,regular,2019-12-01T02:00:00.000Z,False,True,False,False,28180,3932,Qualcomm Stadium,21,San Diego State,fbs,Mountain West,13,"[0, 7, 3, 3]",0.8482053506230025,1486,1508,252,BYU,fbs,FBS Independents,3,"[3, 0, 0, 0]",0.1517946493769975,1548,1526,6.1379877192,https://www.youtube.com/watch?v=ylU5dBU5dX4,,,CollegeFootballData.com API,2026-08-31T17:35:08.591776+00:00,/games,1.3
401114163,2019,14,regular,2019-12-01T03:00:00.000Z,False,True,False,True,54074,3947,Mountain America Stadium,9,Arizona State,fbs,Pac-12,24,"[0, 6, 15, 3]",0.5217409273487985,1564,1565,12,Arizona,fbs,Pac-12,14,"[0, 7, 0, 7]",0.4782590726512015,1332,1331,4.1381411088,https://www.youtube.com/watch?v=vRNBLA37hbQ,,,CollegeFootballData.com API,2026-08-31T17:35:08.591776+00:00,/games,1.3
401117557,2019,14,regular,2019-12-01T03:30:00.000Z,False,True,False,True,12835,3935,CEFCU Stadium,23,San José State,fbs,Mountain West,17,"[3, 0, 7, 7]",0.5733732718476594,1271,1278,278,Fresno State,fbs,Mountain West,16,"[14, 2, 0, 0]",0.4266267281523406,1481,1474,6.22354476149999,https://www.youtube.com/watch?v=noHD_8HFma4,,,CollegeFootballData.com API,2026-08-31T17:35:08.591776+00:00,/games,1.3
401114183,2019,14,regular,2019-12-01T03:30:00.000Z,False,True,False,True,38102,1056,Rose Bowl,26,UCLA,fbs,Pac-12,18,"[7, 3, 8, 0]",0.0382094714025972,1386,1372,25,California,fbs,Pac-12,28,"[7, 7, 7, 7]",0.9617905285974028,1461,1475,5.3214505611,https://www.youtube.com/watch?v=NIwdBmQGnZ4,,,CollegeFootballData.com API,2026-08-31T17:35:08.591776+00:00,/games,1.3
401114334,2019,14,regular,2019-12-01T04:59:00.000Z,False,True,False,False,26256,3610,Aloha Stadium,62,Hawai'i,fbs,Mountain West,52,"[10, 14, 14, 14]",0.43539905616970903,1379,1458,349,Army,fbs,FBS Independents,31,"[10, 7, 14, 0]",0.564600943830291,1630,1551,4.54305163619999,https://www.youtube.com/watch?v=4h1N7EWyW3I,,,CollegeFootballData.com API,2026-08-31T17:35:08.591776+00:00,/games,1.3
401132973,2019,15,regular,2019-12-07T01:00:00.000Z,False,True,True,True,38679,4738,Levi's Stadium,2483,Oregon,fbs,Pac-12,37,"[10, 10, 3, 14]",0.9968815338905763,1942,2011,254,Utah,fbs,Pac-12,15,"[0, 0, 15, 0]",0.0031184661094236787,2006,1937,3.98502683369999,https://www.youtube.com/watch?v=GpyDSr21fFs,,,CollegeFootballData.com API,2026-08-31T17:35:08.591776+00:00,/games,1.3
401132974,2019,15,regular,2019-12-07T17:00:00.000Z,False,True,True,True,65191,3687,AT&T Stadium,201,Oklahoma,fbs,Big 12,30,"[10, 0, 10, 3, 7]",0.9965850685353823,1978,1984,239,Baylor,fbs,Big 12,23,"[0, 13, 0, 10, 0]",0.0034149314646176876,1837,1831,6.0843156736,https://www.youtube.com/watch?v=qBG9dtPd_Ys,,,CollegeFootballData.com API,2026-08-31T17:35:08.591776+00:00,/games,1.3
401132984,2019,15,regular,2019-12-07T17:00:00.000Z,False,True,False,True,18618,3792,Kidd Brewer Stadium,2026,App State,fbs,Sun Belt,45,"[21, 14, 7, 3]",0.7041759958790765,1802,1808,309,Louisiana,fbs,Sun Belt,38,"[7, 10, 7, 14]",0.29582400412092347,1747,1741,2.13474815609999,https://www.youtube.com/watch?v=j-wHpsBKQfs,,,CollegeFootballData.com API,2026-08-31T17:35:08.591776+00:00,/games,1.3
401132982,2019,15,regular,2019-12-07T17:00:00.000Z,False,True,True,True,22427,3727,Ford Field,2117,Central Michigan,fbs,Mid-American,21,"[0, 14, 0, 7]",0.7222622310604426,1496,1483,193,Miami (OH),fbs,Mid-American,26,"[7, 3, 7, 9]",0.2777377689395574,1340,1353,7.3956610565,https://www.youtube.com/watch?v=95jk0LfYi_U,,,CollegeFootballData.com API,2026-08-31T17:35:08.591776+00:00,/games,1.3
401132980,2019,15,regular,2019-12-07T18:30:00.000Z,False,True,False,True,14387,3715,FAU Stadium,2226,Florida Atlantic,fbs,Conference USA,49,"[14, 21, 7, 7]",0.9980247308878029,1626,1727,5,UAB,fbs,Conference USA,6,"[3, 3, 0, 0]",0.001975269112197142,1435,1334,1.3740320244,https://www.youtube.com/watch?v=7R21znaf2vU,,,CollegeFootballData.com API,2026-08-31T17:35:08.591776+00:00,/games,1.3
401132976,2019,15,regular,2019-12-07T20:30:00.000Z,False,True,False,True,33008,3805,Simmons Bank Liberty Stadium,235,Memphis,fbs,American Athletic,29,"[10, 0, 10, 9]",0.6348825030031207,1819,1819,2132,Cincinnati,fbs,American Athletic,24,"[7, 7, 7, 3]",0.36511749699687934,1683,1683,8.54132050279999,https://www.youtube.com/watch?v=Rcc03nOiP5I,,,CollegeFootballData.com API,2026-08-31T17:35:08.591776+00:00,/games,1.3
401132979,2019,15,regular,2019-12-07T21:00:00.000Z,False,True,False,True,23561,3653,Albertsons Stadium,68,Boise State,fbs,Mountain West,31,"[3, 14, 14, 0]",0.9939887015600417,1784,1801,62,Hawai'i,fbs,Mountain West,10,"[3, 0, 0, 7]",0.00601129843995829,1458,1441,2.2998065587,https://www.youtube.com/watch?v=UKy5QHRkPX8,,,CollegeFootballData.com API,2026-08-31T17:35:08.591776+00:00,/games,1.3
401132981,2019,15,regular,2019-12-07T21:00:00.000Z,False,True,True,True,74150,5348,Mercedes-Benz Stadium,99,LSU,fbs,SEC,37,"[14, 3, 17, 3]",0.9986593328230804,2138,2207,61,Georgia,fbs,SEC,10,"[0, 3, 0, 7]",0.0013406671769196077,2061,1992,2.3709263581,https://www.youtube.com/watch?v=GMinxjQVJwU,,,CollegeFootballData.com API,2026-08-31T17:35:08.591776+00:00,/games,1.3
401132975,2019,15,regular,2019-12-08T00:30:00.000Z,False,True,True,True,66810,3628,Bank of America Stadium,228,Clemson,fbs,ACC,62,"[14, 17, 14, 17]",0.9989290989137064,2336,2396,258,Virginia,fbs,ACC,17,"[7, 0, 7, 3]",0.0010709010862935964,1714,1654,0.378997881999998,https://www.youtube.com/watch?v=YMlO3N3khBI,,,CollegeFootballData.com API,2026-08-31T17:35:08.591776+00:00,/games,1.3
401132983,2019,15,regular,2019-12-08T01:00:00.000Z,False,True,True,True,66649,3812,Lucas Oil Stadium,275,Wisconsin,fbs,Big Ten,21,"[7, 14, 0, 0]",0.23838595921810046,2012,2020,194,Ohio State,fbs,Big Ten,34,"[0, 7, 17, 10]",0.7616140407818995,2381,2373,6.05859226229999,https://www.youtube.com/watch?v=NxtU7ihLijA,,,CollegeFootballData.com API,2026-08-31T17:35:08.591776+00:00,/games,1.3
401114335,2019,15,regular,2019-12-14T20:00:00.000Z,False,True,True,False,68705,3806,Lincoln Financial Field,2426,Navy,fbs,American Athletic,31,"[0, 14, 7, 10]",0.9981021505262377,1628,1687,349,Army,fbs,FBS Independents,7,"[7, 0, 0, 0]",0.0018978494737622587,1551,1492,2.08320388089999,https://www.youtube.com/watch?v=tfcFYTNSaFg,,,CollegeFootballData.com API,2026-08-31T17:35:08.591776+00:00,/games,1.3
401135260,2019,1,postseason,2019-12-20T19:00:00.000Z,False,True,True,False,13547,4779,Thomas A. Robinson National Stadium,2429,Charlotte,fbs,Conference USA,9,"[0, 0, 6, 3]",0.18468858938307497,1340,1315,2084,Buffalo,fbs,Mid-American,31,"[7, 10, 7, 7]",0.815311410616925,1568,1593,1.9006440172,https://www.youtube.com/watch?v=6L4gSOlFtH4,MAKERS WANTED BAHAMAS BOWL,,CollegeFootballData.com API,2026-08-31T17:35:08.591776+00:00,/games,1.3
401135261,2019,1,postseason,2019-12-21T00:30:00.000Z,False,True,True,False,12120,1400,Toyota Stadium,2309,Kent State,fbs,Mid-American,51,"[17, 6, 3, 25]",0.79058010464584,1260,1299,328,Utah State,fbs,Mountain West,41,"[10, 7, 10, 14]",0.20941989535415995,1431,1392,8.61550985259999,https://www.youtube.com/watch?v=X03SMweA9zA,TROPICAL SMOOTHIE CAFE FRISCO BOWL,,CollegeFootballData.com API,2026-08-31T17:35:08.591776+00:00,/games,1.3
401135263,2019,1,postseason,2019-12-21T19:00:00.000Z,False,True,True,False,18823,3971,University Stadium (NM),21,San Diego State,fbs,Mountain West,48,"[7, 13, 21, 7]",0.9983825402441319,1508,1619,2117,Central Michigan,fbs,Mid-American,11,"[3, 0, 8, 0]",0.0016174597558681336,1483,1372,3.0397527427,https://www.youtube.com/watch?v=CyHpIf9usiw,NEW MEXICO BOWL,,CollegeFootballData.com API,2026-08-31T17:35:08.591776+00:00,/games,1.3
401147693,2019,1,postseason,2019-12-21T19:30:00.000Z,False,True,True,False,18158,5403,Orlando City Stadium,290,Georgia Southern,fbs,Sun Belt,16,"[0, 7, 6, 3]",0.4264874624211265,1465,1447,2335,Liberty,fbs,FBS Independents,23,"[7, 9, 7, 0]",0.5735125375788734,1317,1335,5.2244081869,https://www.youtube.com/watch?v=cA-0_OQsJPA,FBC MORTGAGE CURE BOWL,,CollegeFootballData.com API,2026-08-31T17:35:08.591776+00:00,/games,1.3
401135264,2019,1,postseason,2019-12-21T20:30:00.000Z,False,True,False,False,23187,3715,FAU Stadium,2226,Florida Atlantic,fbs,Conference USA,52,"[7, 21, 14, 10]",0.9889870271298161,1727,1777,2567,SMU,fbs,American Athletic,28,"[0, 14, 0, 14]",0.01101297287018388,1636,1586,4.4268225835,https://www.youtube.com/watch?v=gEOKrF4pREw,CHERIBUNDI BOCA RATON BOWL,,CollegeFootballData.com API,2026-08-31T17:35:08.591776+00:00,/games,1.3
401135265,2019,1,postseason,2019-12-21T22:30:00.000Z,False,True,True,False,16209,3689,Cramton Bowl,2032,Arkansas State,fbs,Sun Belt,34,"[14, 6, 7, 7]",0.4209151433788165,1381,1396,2229,Florida International,fbs,Conference USA,26,"[0, 13, 10, 3]",0.5790848566211835,1339,1324,8.1959363369,https://www.youtube.com/watch?v=FjFI2HZEDIs,CAMELLIA BOWL,,CollegeFootballData.com API,2026-08-31T17:35:08.591776+00:00,/games,1.3
401135266,2019,1,postseason,2019-12-22T00:30:00.000Z,False,True,True,False,34197,3914,Sam Boyd Stadium,264,Washington,fbs,Pac-12,38,"[7, 10, 7, 14]",0.5772245628241275,1796,1890,68,Boise State,fbs,Mountain West,7,"[0, 0, 7, 0]",0.4227754371758725,1801,1707,2.42441178929999,https://www.youtube.com/watch?v=GyH0VewFnrE,MITSUBISHI MOTORS LAS VEGAS BOWL,,CollegeFootballData.com API,2026-08-31T17:35:08.591776+00:00,/games,1.3
401135267,2019,1,postseason,2019-12-22T02:00:00.000Z,False,True,True,False,21202,3493,Caesars Superdome,5,UAB,fbs,Conference USA,17,"[14, 0, 3, 0]",0.8767925261548036,1334,1348,2026,App State,fbs,Sun Belt,31,"[0, 10, 21, 0]",0.12320747384519637,1808,1794,3.94199485889999,https://www.youtube.com/watch?v=wCBVb0LzvMI,R+L CARRIERS NEW ORLEANS BOWL,,CollegeFootballData.com API,2026-08-31T17:35:08.591776+00:00,/games,1.3
401135268,2019,1,postseason,2019-12-23T19:30:00.000Z,False,True,True,False,28987,3886,Raymond James Stadium,276,Marshall,fbs,Conference USA,25,"[0, 7, 18, 0]",0.4393270067070414,1454,1446,2116,UCF,fbs,American Athletic,48,"[21, 3, 21, 3]",0.5606729932929586,1878,1886,1.3258406184,https://www.youtube.com/watch?v=t4Jy3IqIEoY,BAD BOY MOWERS GASPARILLA BOWL,,CollegeFootballData.com API,2026-08-31T17:35:08.591776+00:00,/games,1.3
401135269,2019,1,postseason,2019-12-25T01:00:00.000Z,False,True,True,False,21582,3610,Aloha Stadium,252,BYU,fbs,FBS Independents,34,"[7, 17, 7, 3]",0.26573341068354395,1526,1520,62,Hawai'i,fbs,Mountain West,38,"[14, 17, 0, 7]",0.734266589316456,1441,1447,9.10788583699999,https://www.youtube.com/watch?v=R9-8U-L1tgI,SOFI HAWAI'I BOWL,,CollegeFootballData.com API,2026-08-31T17:35:08.591776+00:00,/games,1.3
401135270,2019,1,postseason,2019-12-26T21:00:00.000Z,False,True,True,False,33129,3766,Independence Stadium,2390,Miami,fbs,ACC,0,"[0, 0, 0, 0]",0.006779976626374599,1571,1542,2348,Louisiana Tech,fbs,Conference USA,14,"[0, 7, 0, 7]",0.9932200233736254,1525,1554,5.8891216813,https://www.youtube.com/watch?v=0IRsWXxm-Mg,WALK-ON'S INDEPENDENCE BOWL,,CollegeFootballData.com API,2026-08-31T17:35:08.591776+00:00,/games,1.3
401135271,2019,1,postseason,2019-12-27T01:00:00.000Z,False,True,True,False,34765,3727,Ford Field,2199,Eastern Michigan,fbs,Mid-American,30,"[10, 10, 0, 10]",0.2714675325287925,1341,1348,221,Pittsburgh,fbs,ACC,34,"[0, 17, 3, 14]",0.7285324674712075,1512,1505,10.7420242279999,https://www.youtube.com/watch?v=2u8UI4J9pbc,QUICK LANE BOWL,,CollegeFootballData.com API,2026-08-31T17:35:08.591776+00:00,/games,1.3
401135272,2019,1,postseason,2019-12-27T17:00:00.000Z,False,True,True,False,24242,3852,Navy-Marine Corps Memorial Stadium,218,Temple,fbs,American Athletic,13,"[0, 6, 7, 0]",0.000784423354247978,1472,1367,153,North Carolina,fbs,ACC,55,"[7, 13, 21, 14]",0.999215576645752,1567,1672,2.6900937707,https://www.youtube.com/watch?v=WIT_ObaUp18,MILITARY BOWL PRESENTED BY NORTHROP GRUMMAN,,CollegeFootballData.com API,2026-08-31T17:35:08.591776+00:00,/games,1.3
401135273,2019,1,postseason,2019-12-27T20:20:00.000Z,False,True,True,False,36895,4102,Yankee Stadium,154,Wake Forest,fbs,ACC,21,"[7, 14, 0, 0]",0.013748978709302348,1517,1515,127,Michigan State,fbs,Big Ten,27,"[10, 10, 7, 0]",0.9862510212906976,1575,1577,6.1014856855,https://www.youtube.com/watch?v=GJNHtKi8ZGA,NEW ERA PINSTRIPE BOWL,,CollegeFootballData.com API,2026-08-31T17:35:08.591776+00:00,/games,1.3
401135274,2019,1,postseason,2019-12-27T23:45:00.000Z,False,True,True,False,68415,3891,NRG Stadium,245,Texas A&M,fbs,SEC,24,"[0, 7, 7, 10]",0.8949341332137576,1718,1721,197,Oklahoma State,fbs,Big 12,21,"[14, 0, 0, 7]",0.10506586678624241,1647,1644,6.32500126269999,https://www.youtube.com/watch?v=_zK5-PvrCHg,ACADEMY SPORTS + OUTDOORS TEXAS BOWL,,CollegeFootballData.com API,2026-08-31T17:35:08.591776+00:00,/games,1.3
401136253,2019,1,postseason,2019-12-28T01:00:00.000Z,False,True,True,False,50123,3932,Qualcomm Stadium,2294,Iowa,fbs,Big Ten,49,"[7, 21, 7, 14]",0.9966077648089539,1874,1924,30,USC,fbs,Pac-12,24,"[7, 10, 7, 0]",0.0033922351910461446,1690,1640,5.04858360789999,https://www.youtube.com/watch?v=lP3_eIR8How,SAN DIEGO COUNTY CREDIT UNION HOLIDAY BOWL,,CollegeFootballData.com API,2026-08-31T17:35:08.591776+00:00,/games,1.3
401135275,2019,1,postseason,2019-12-28T03:15:00.000Z,False,True,True,False,34105,4251,Chase Field,265,Washington State,fbs,Pac-12,21,"[0, 14, 0, 7]",0.05416734714436531,1668,1657,2005,Air Force,fbs,Mountain West,31,"[0, 17, 7, 7]",0.9458326528556347,1706,1717,4.479868181,https://www.youtube.com/watch?v=p-wyr7pvgUg,CHEEZ-IT BOWL,,CollegeFootballData.com API,2026-08-31T17:35:08.591776+00:00,/games,1.3
401135277,2019,1,postseason,2019-12-28T17:00:00.000Z,False,True,True,False,54828,3687,AT&T Stadium,213,Penn State,fbs,Big Ten,53,"[7, 28, 10, 8]",0.9559174747371629,1968,1990,235,Memphis,fbs,American Athletic,39,"[13, 10, 13, 3]",0.04408252526283707,1819,1797,6.3523769306,https://www.youtube.com/watch?v=e5yGFZ33txs,GOODYEAR COTTON BOWL CLASSIC,,CollegeFootballData.com API,2026-08-31T17:35:08.591776+00:00,/games,1.3
401135276,2019,1,postseason,2019-12-28T17:00:00.000Z,False,True,True,False,46948,4013,Camping World Stadium,66,Iowa State,fbs,Big 12,9,"[0, 6, 3, 0]",0.008293153746721363,1779,1744,87,Notre Dame,fbs,FBS Independents,33,"[10, 10, 10, 3]",0.9917068462532787,1965,2000,2.5571766049,https://www.youtube.com/watch?v=BrzEcImDAJM,CAMPING WORLD BOWL,,CollegeFootballData.com API,2026-08-31T17:35:08.591776+00:00,/games,1.3
401135278,2019,1,postseason,2019-12-28T21:20:00.000Z,False,True,True,False,78347,5348,Mercedes-Benz Stadium,99,LSU,fbs,SEC,63,"[21, 28, 7, 7]",0.9989586505694205,2207,2285,201,Oklahoma,fbs,Big 12,28,"[7, 7, 7, 7]",0.0010413494305795412,1984,1906,0.962122578000001,https://www.youtube.com/watch?v=zJglr8rAa_k,CHICK-FIL-A PEACH BOWL - CFP SEMIFINAL,"{'competition': 'cfp', 'format': 'four_team', 'round': 'semifinal', 'roundName': 'Semifinal', 'bracketSlot': 'SF1', 'homeSeed': 1, 'awaySeed': 4, 'bowlName': 'Peach Bowl'}",CollegeFootballData.com API,2026-08-31T17:35:08.591776+00:00,/games,1.3
401135279,2019,1,postseason,2019-12-29T01:20:00.000Z,False,True,True,False,71330,3970,State Farm Stadium,194,Ohio State,fbs,Big Ten,23,"[10, 6, 0, 7]",0.5945342262684744,2373,2369,228,Clemson,fbs,ACC,29,"[0, 14, 7, 8]",0.4054657737315256,2396,2400,9.3753528302,https://www.youtube.com/watch?v=3ZhYjN0jBhc,PLAYSTATION FIESTA BOWL - CFP SEMIFINAL,"{'competition': 'cfp', 'format': 'four_team', 'round': 'semifinal', 'roundName': 'Semifinal', 'bracketSlot': 'SF2', 'homeSeed': 2, 'awaySeed': 3, 'bowlName': 'Fiesta Bowl'}",CollegeFootballData.com API,2026-08-31T17:35:08.591776+00:00,/games,1.3
401135280,2019,1,postseason,2019-12-30T17:30:00.000Z,False,True,True,False,13164,3735,Gerald J. Ford Stadium,2711,Western Michigan,fbs,Mid-American,20,"[3, 7, 7, 3]",0.32213470345932893,1476,1478,98,Western Kentucky,fbs,Conference USA,23,"[0, 10, 0, 13]",0.6778652965406711,1525,1523,8.7001105542,https://www.youtube.com/watch?v=6-bnPG8H_zc,SERVPRO FIRST RESPONDER BOWL,,CollegeFootballData.com API,2026-08-31T17:35:08.591776+00:00,/games,1.3
401135281,2019,1,postseason,2019-12-30T21:00:00.000Z,False,True,True,False,46850,3810,Nissan Stadium,97,Louisville,fbs,ACC,38,"[0, 10, 14, 14]",0.8143085271801082,1358,1405,344,Mississippi State,fbs,SEC,28,"[7, 7, 0, 14]",0.18569147281989185,1622,1575,5.02703091849999,https://www.youtube.com/watch?v=G30q1G1nPpo,FRANKLIN AMERICAN MORTGAGE MUSIC CITY BOWL,,CollegeFootballData.com API,2026-08-31T17:35:08.591776+00:00,/games,1.3
401136254,2019,1,postseason,2019-12-30T21:00:00.000Z,False,True,True,False,34177,4738,Levi's Stadium,356,Illinois,fbs,Big Ten,20,"[10, 3, 0, 7]",0.06497729479389036,1436,1412,25,California,fbs,Pac-12,35,"[7, 14, 7, 7]",0.9350227052061096,1475,1499,3.62910110569999,https://www.youtube.com/watch?v=Gk3hB8tUGag,REDBOX BOWL,,CollegeFootballData.com API,2026-08-31T17:35:08.591776+00:00,/games,1.3
401135282,2019,1,postseason,2019-12-31T01:00:00.000Z,False,True,True,False,65157,3948,Hard Rock Stadium,258,Virginia,fbs,ACC,28,"[7, 7, 0, 14]",0.04147689846436926,1654,1663,57,Florida,fbs,SEC,36,"[14, 10, 3, 9]",0.9585231015356307,1926,1917,2.78766108279999,https://www.youtube.com/watch?v=C2B5B6r8mjw,CAPITAL ONE ORANGE BOWL,,CollegeFootballData.com API,2026-08-31T17:35:08.591776+00:00,/games,1.3
401135283,2019,1,postseason,2019-12-31T17:00:00.000Z,False,True,True,False,44138,3628,Bank of America Stadium,96,Kentucky,fbs,SEC,37,"[7, 7, 10, 13]",0.9533078837380123,1709,1724,259,Virginia Tech,fbs,ACC,30,"[10, 7, 10, 3]",0.04669211626198766,1699,1684,6.15870600929999,https://www.youtube.com/watch?v=-6GMCihb28w,,,CollegeFootballData.com API,2026-08-31T17:35:08.591776+00:00,/games,1.3
401136255,2019,1,postseason,2019-12-31T19:00:00.000Z,False,True,True,False,42412,3946,Sun Bowl,9,Arizona State,fbs,Pac-12,20,"[3, 6, 0, 11]",0.06139785593613855,1565,1574,52,Florida State,fbs,ACC,14,"[0, 0, 14, 0]",0.9386021440638614,1503,1494,7.88259641829999,https://www.youtube.com/watch?v=233w_HsTAqI,,,CollegeFootballData.com API,2026-08-31T17:35:08.591776+00:00,/games,1.3
401135284,2019,1,postseason,2019-12-31T20:45:00.000Z,False,True,True,False,50515,3805,Simmons Bank Liberty Stadium,2306,Kansas State,fbs,Big 12,17,"[0, 10, 0, 7]",0.004717252307964644,1699,1698,2426,Navy,fbs,American Athletic,20,"[3, 7, 7, 3]",0.9952827476920354,1687,1688,5.8223261836,https://www.youtube.com/watch?v=lz2NoCUrlWw,,,CollegeFootballData.com API,2026-08-31T17:35:08.591776+00:00,/games,1.3
401147695,2019,1,postseason,2019-12-31T21:30:00.000Z,False,True,True,False,36892,3619,Arizona Stadium,2247,Georgia State,fbs,Sun Belt,17,"[7, 3, 7, 0]",0.016546421618826083,1219,1207,2751,Wyoming,fbs,Mountain West,38,"[17, 7, 14, 0]",0.9834535783811739,1555,1567,3.0577512086,https://www.youtube.com/watch?v=lt51DGwLgO8,,,CollegeFootballData.com API,2026-08-31T17:35:08.591776+00:00,/games,1.3
401135285,2019,1,postseason,2020-01-01T00:30:00.000Z,False,True,True,False,60147,3604,Alamodome,251,Texas,fbs,Big 12,38,"[3, 7, 14, 14]",0.9983780419333973,1760,1866,254,Utah,fbs,Pac-12,10,"[0, 0, 3, 7]",0.0016219580666027023,1937,1831,3.4112766973,https://www.youtube.com/watch?v=Lp7ib-Boqyg,,,CollegeFootballData.com API,2026-08-31T17:35:08.591776+00:00,/games,1.3
401135286,2019,1,postseason,2020-01-01T18:00:00.000Z,False,True,True,False,59746,4013,Camping World Stadium,333,Alabama,fbs,SEC,35,"[7, 7, 7, 14]",0.9984405285143154,2160,2193,130,Michigan,fbs,Big Ten,16,"[10, 6, 0, 0]",0.0015594714856845826,1984,1951,5.2110284169,https://www.youtube.com/watch?v=25mEkGRpkVc,VRBO CITRUS BOWL,,CollegeFootballData.com API,2026-08-31T17:35:08.591776+00:00,/games,1.3
401135287,2019,1,postseason,2020-01-01T18:00:00.000Z,False,True,True,False,45652,3886,Raymond James Stadium,2,Auburn,fbs,SEC,24,"[10, 7, 7, 0]",0.07649296797330014,1942,1923,135,Minnesota,fbs,Big Ten,31,"[10, 14, 0, 7]",0.9235070320266998,1786,1805,6.32437735829999,https://www.youtube.com/watch?v=RLHyvHIF1Uk,OUTBACK BOWL,,CollegeFootballData.com API,2026-08-31T17:35:08.591776+00:00,/games,1.3
401135288,2019,1,postseason,2020-01-01T22:10:00.000Z,False,True,True,False,90462,1056,Rose Bowl,275,Wisconsin,fbs,Big Ten,27,"[10, 7, 7, 3]",0.6306454084306707,2020,2021,2483,Oregon,fbs,Pac-12,28,"[7, 7, 7, 7]",0.36935459156932926,2011,2010,7.4020689577,https://www.youtube.com/watch?v=WlDYs6Xxupo,ROSE BOWL GAME PRESENTED BY NORTHWESTERN MUTUAL,,CollegeFootballData.com API,2026-08-31T17:35:08.591776+00:00,/games,1.3
401135289,2019,1,postseason,2020-01-02T01:45:00.000Z,False,True,True,False,55211,3493,Caesars Superdome,239,Baylor,fbs,Big 12,14,"[0, 0, 14, 0]",0.004284879399672174,1831,1825,61,Georgia,fbs,SEC,26,"[3, 16, 7, 0]",0.9957151206003279,1992,1998,3.4444944682,https://www.youtube.com/watch?v=LczwzZWDy40,ALLSTATE SUGAR BOWL,,CollegeFootballData.com API,2026-08-31T17:35:08.591776+00:00,/games,1.3
401135290,2019,1,postseason,2020-01-02T20:00:00.000Z,False,True,True,False,27193,3803,Legion Field,2132,Cincinnati,fbs,American Athletic,38,"[7, 10, 7, 14]",0.9973304008616461,1683,1759,103,Boston College,fbs,ACC,6,"[0, 0, 6, 0]",0.002669599138353851,1523,1447,1.89150441959999,https://www.youtube.com/watch?v=INMGJYN_V2g,TICKETSMARTER BIRMINGHAM BOWL,,CollegeFootballData.com API,2026-08-31T17:35:08.591776+00:00,/games,1.3
401135291,2019,1,postseason,2020-01-03T00:00:00.000Z,False,True,True,False,61789,3712,EverBank Stadium,2633,Tennessee,fbs,SEC,23,"[0, 6, 3, 14]",0.16313978982861882,1564,1567,84,Indiana,fbs,Big Ten,22,"[0, 3, 16, 3]",0.8368602101713811,1612,1609,6.6600307487,https://www.youtube.com/watch?v=iH_u2HWaM5U,TAXSLAYER GATOR BOWL,,CollegeFootballData.com API,2026-08-31T17:35:08.591776+00:00,/games,1.3
401135292,2019,1,postseason,2020-01-03T20:30:00.000Z,False,True,True,False,13611,3653,Albertsons Stadium,2440,Nevada,fbs,Mountain West,21,"[3, 6, 0, 12]",0.0020685402629568575,1177,1196,195,Ohio,fbs,Mid-American,30,"[3, 17, 10, 0]",0.9979314597370431,1632,1613,2.7887463141,https://www.youtube.com/watch?v=9dwhpnIughM,FAMOUS IDAHO POTATO BOWL,,CollegeFootballData.com API,2026-08-31T17:35:08.591776+00:00,/games,1.3
401135293,2019,1,postseason,2020-01-04T16:30:00.000Z,False,True,True,False,38513,3616,Amon G. Carter Stadium,2655,Tulane,fbs,American Athletic,30,"[0, 6, 24, 0]",0.9736480893145654,1505,1546,2572,Southern Miss,fbs,Conference USA,13,"[13, 0, 0, 0]",0.026351910685434632,1468,1427,4.72416581729999,https://www.youtube.com/watch?v=K_unTr4wYmo,LOCKHEED MARTIN ARMED FORCES BOWL,,CollegeFootballData.com API,2026-08-31T17:35:08.591776+00:00,/games,1.3
401135294,2019,1,postseason,2020-01-07T00:30:00.000Z,False,True,True,False,29212,3797,Ladd Peebles Stadium,193,Miami (OH),fbs,Mid-American,17,"[0, 7, 3, 7]",0.17844870613275307,1353,1367,309,Louisiana,fbs,Sun Belt,27,"[0, 10, 14, 3]",0.8215512938672469,1741,1727,3.5357904068,https://www.youtube.com/watch?v=7TI61ngR2oI,LENDINGTREE BOWL,,CollegeFootballData.com API,2026-08-31T17:35:08.591776+00:00,/games,1.3
401135295,2019,1,postseason,2020-01-14T01:00:00.000Z,False,True,True,False,76885,3493,Caesars Superdome,99,LSU,fbs,SEC,42,"[7, 21, 7, 7]",0.9844961061275428,2285,2342,228,Clemson,fbs,ACC,25,"[7, 10, 8, 0]",0.015503893872457208,2400,2343,5.1873471877,https://www.youtube.com/watch?v=17RWyRHPe1A,CFP NATIONAL CHAMPIONSHIP PRES. BY AT&T,"{'competition': 'cfp', 'format': 'four_team', 'round': 'championship', 'roundName': 'National Championship', 'bracketSlot': 'CH', 'homeSeed': 1, 'awaySeed': 3, 'bowlName': None}",CollegeFootballData.com API,2026-08-31T17:35:08.591776+00:00,/games,1.3
