id,season,week,seasonType,startDate,startTimeTBD,completed,neutralSite,conferenceGame,attendance,venueId,venue,homeId,homeTeam,homeClassification,homeConference,homePoints,homeLineScores,homePostgameWinProbability,homePregameElo,homePostgameElo,awayId,awayTeam,awayClassification,awayConference,awayPoints,awayLineScores,awayPostgameWinProbability,awayPregameElo,awayPostgameElo,excitementIndex,highlights,notes,playoff,_source,_retrieval_date,_endpoint,_schema_version
400763593,2015,1,regular,2015-09-03T22:00:00.000Z,False,True,False,False,39184,3652,FBC Mortgage Stadium,2116,UCF,fbs,American Athletic,14,"[7, 7, 0, 0]",0.10131731322441452,1626,1609,2229,Florida International,fbs,Conference USA,15,"[3, 0, 6, 6]",0.8986826867755855,1321,1338,5.3903379073,,,,CollegeFootballData.com API,2026-08-31T17:32:19.562789+00:00,/games,1.3
400603840,2015,1,regular,2015-09-03T22:00:00.000Z,False,True,True,False,51664,3628,Bank of America Stadium,2579,South Carolina,fbs,SEC,17,"[0, 10, 0, 7]",0.32245932505239777,1646,1646,153,North Carolina,fbs,ACC,13,"[7, 6, 0, 0]",0.6775406749476023,1477,1477,7.94978585869999,,,,CollegeFootballData.com API,2026-08-31T17:32:19.562789+00:00,/games,1.3
400787299,2015,1,regular,2015-09-03T23:00:00.000Z,False,True,False,False,10473,3919,Scheumann Stadium,2050,Ball State,fbs,Mid-American,48,"[3, 17, 14, 14]",0.5333798288849951,,,2678,VMI,fcs,Southern,36,"[0, 10, 7, 19]",0.46662017111500487,,,4.7380781049,,,,CollegeFootballData.com API,2026-08-31T17:32:19.562789+00:00,/games,1.3
400756896,2015,1,regular,2015-09-03T23:00:00.000Z,False,True,False,False,27126,3630,Allegacy Federal Credit Union Stadium,154,Wake Forest,fbs,ACC,41,"[3, 21, 14, 3]",0.9999861779726812,,,2210,Elon,fcs,CAA,3,"[0, 0, 3, 0]",1.3822027318810548e-05,,,2.0872957646,,,,CollegeFootballData.com API,2026-08-31T17:32:19.562789+00:00,/games,1.3
400763399,2015,1,regular,2015-09-03T23:00:00.000Z,False,True,False,False,19717,3786,Kelly/Shorts Stadium,2117,Central Michigan,fbs,Mid-American,13,"[3, 3, 7, 0]",0.08629501978357867,1417,1407,197,Oklahoma State,fbs,Big 12,24,"[3, 7, 7, 7]",0.9137049802164213,1567,1577,3.1885406359,,,,CollegeFootballData.com API,2026-08-31T17:32:19.562789+00:00,/games,1.3
400756895,2015,1,regular,2015-09-03T23:30:00.000Z,False,True,False,False,49196,721,Bobby Dodd Stadium,59,Georgia Tech,fbs,ACC,69,"[34, 14, 14, 7]",0.9999971059852482,,,2016,Alcorn State,fcs,SWAC,6,"[0, 0, 6, 0]",2.8940147518419224e-06,,,1.04662376849999,,,,CollegeFootballData.com API,2026-08-31T17:32:19.562789+00:00,/games,1.3
400764854,2015,1,regular,2015-09-03T23:30:00.000Z,False,True,False,False,26113,3892,Pratt & Whitney Stadium,41,UConn,fbs,American Athletic,20,"[6, 0, 7, 7]",0.9751954499165597,,,222,Villanova,fcs,CAA,15,"[0, 9, 0, 6]",0.02480455008344029,,,6.3109494228,,,,CollegeFootballData.com API,2026-08-31T17:32:19.562789+00:00,/games,1.3
400603839,2015,1,regular,2015-09-04T00:00:00.000Z,False,True,False,False,30307,3973,FirstBank Stadium,238,Vanderbilt,fbs,SEC,12,"[0, 3, 0, 9]",0.6903780159152395,1365,1371,98,Western Kentucky,fbs,Conference USA,14,"[0, 0, 7, 7]",0.3096219840847605,1521,1515,5.6575509609,,,,CollegeFootballData.com API,2026-08-31T17:32:19.562789+00:00,/games,1.3
400756883,2015,1,regular,2015-09-04T00:30:00.000Z,False,True,False,False,47825,587,Rice-Eccles Stadium,254,Utah,fbs,Pac-12,24,"[3, 7, 7, 7]",0.9017524508885089,1603,1610,130,Michigan,fbs,Big Ten,17,"[0, 3, 7, 7]",0.09824754911149114,1553,1546,4.6176711164,,,,CollegeFootballData.com API,2026-08-31T17:32:19.562789+00:00,/games,1.3
400763398,2015,1,regular,2015-09-04T01:00:00.000Z,False,True,False,False,54147,3953,Huntington Bank Stadium,135,Minnesota,fbs,Big Ten,17,"[0, 3, 7, 7]",0.07837070413274612,1633,1645,2628,TCU,fbs,Big 12,23,"[10, 0, 10, 3]",0.9216292958672538,1963,1951,2.7537930284,,,,CollegeFootballData.com API,2026-08-31T17:32:19.562789+00:00,/games,1.3
400787110,2015,1,regular,2015-09-04T01:00:00.000Z,False,True,False,False,21209,3905,Maverik Stadium,328,Utah State,fbs,Mountain West,12,"[5, 0, 0, 7]",0.29176428020527856,,,253,Southern Utah,fcs,Big Sky,9,"[6, 3, 0, 0]",0.7082357197947214,,,8.8452949667,,,,CollegeFootballData.com API,2026-08-31T17:32:19.562789+00:00,/games,1.3
400787302,2015,1,regular,2015-09-04T01:00:00.000Z,False,True,False,False,11587,3791,Kibbie Dome,70,Idaho,fbs,Sun Belt,28,"[3, 10, 0, 15]",0.005922595239181424,1167,1142,195,Ohio,fbs,Mid-American,45,"[21, 7, 3, 14]",0.9940774047608186,1321,1346,4.9746849037,,,,CollegeFootballData.com API,2026-08-31T17:32:19.562789+00:00,/games,1.3
400756894,2015,1,regular,2015-09-04T01:30:00.000Z,False,True,False,False,25470,4729,Yulman Stadium,2655,Tulane,fbs,American Athletic,7,"[0, 0, 0, 7]",0.005530112651445365,1311,1259,150,Duke,fbs,ACC,37,"[3, 10, 3, 21]",0.9944698873485547,1572,1624,2.7582590138,,,,CollegeFootballData.com API,2026-08-31T17:32:19.562789+00:00,/games,1.3
400756882,2015,1,regular,2015-09-04T02:00:00.000Z,False,True,False,False,51111,3619,Arizona Stadium,12,Arizona,fbs,Pac-12,42,"[14, 7, 14, 7]",0.15371950284735622,1649,1642,2636,UTSA,fbs,Conference USA,32,"[0, 20, 6, 6]",0.8462804971526438,1294,1301,1.45698808729999,,,,CollegeFootballData.com API,2026-08-31T17:32:19.562789+00:00,/games,1.3
400799923,2015,1,regular,2015-09-04T02:00:00.000Z,False,True,False,False,32547,3660,Valley Children's Stadium,278,Fresno State,fbs,Mountain West,34,"[14, 7, 10, 3]",0.9879852752659197,,,2000,Abilene Christian,fcs,Southland,13,"[7, 0, 0, 6]",0.012014724734080273,,,3.63336776399999,,,,CollegeFootballData.com API,2026-08-31T17:32:19.562789+00:00,/games,1.3
400787109,2015,1,regular,2015-09-04T02:00:00.000Z,False,True,False,False,15198,3935,CEFCU Stadium,23,San José State,fbs,Mountain West,43,"[20, 6, 10, 7]",0.9992858856570889,,,160,New Hampshire,fcs,CAA,13,"[0, 7, 0, 6]",0.0007141143429111318,,,2.0077161215,,,,CollegeFootballData.com API,2026-08-31T17:32:19.562789+00:00,/games,1.3
400787108,2015,1,regular,2015-09-04T02:00:00.000Z,False,True,False,False,21483,3816,Mackay Stadium,2440,Nevada,fbs,Mountain West,31,"[7, 14, 3, 7]",0.9974701755161006,,,302,UC Davis,fcs,Big Sky,17,"[0, 3, 0, 14]",0.002529824483899379,,,2.4004603686,,,,CollegeFootballData.com API,2026-08-31T17:32:19.562789+00:00,/games,1.3
400787107,2015,1,regular,2015-09-04T05:00:00.000Z,False,True,False,False,24255,3610,Aloha Stadium,62,Hawai'i,fbs,Mountain West,28,"[8, 10, 7, 3]",0.78293813326226,1347,1360,38,Colorado,fbs,Pac-12,20,"[0, 14, 3, 3]",0.21706186673774003,1357,1344,,,,,CollegeFootballData.com API,2026-08-31T17:32:19.562789+00:00,/games,1.3
400763587,2015,1,regular,2015-09-04T19:30:00.000Z,False,True,False,False,10252,3495,Georgia Dome,2247,Georgia State,fbs,Sun Belt,20,"[0, 3, 3, 14]",0.5179462015256432,1092,1110,2429,Charlotte,fbs,Conference USA,23,"[13, 7, 3, 0]",0.4820537984743568,1500,1482,4.9427680109,,,,CollegeFootballData.com API,2026-08-31T17:32:19.562789+00:00,/games,1.3
400764855,2015,1,regular,2015-09-04T23:00:00.000Z,False,True,False,False,32047,3735,Gerald J. Ford Stadium,2567,SMU,fbs,American Athletic,21,"[14, 7, 0, 0]",0.003645725186432551,1147,1132,239,Baylor,fbs,Big 12,56,"[28, 0, 14, 14]",0.9963542748135674,1874,1889,1.80597644569999,,,,CollegeFootballData.com API,2026-08-31T17:32:19.562789+00:00,/games,1.3
400763470,2015,1,regular,2015-09-04T23:00:00.000Z,False,True,False,False,30885,3980,Waldo Stadium,2711,Western Michigan,fbs,Mid-American,24,"[7, 3, 7, 7]",0.08767580318556788,1444,1451,127,Michigan State,fbs,Big Ten,37,"[20, 7, 7, 3]",0.9123241968144321,1850,1843,1.2308073913,,,,CollegeFootballData.com API,2026-08-31T17:32:19.562789+00:00,/games,1.3
400760491,2015,1,regular,2015-09-04T23:00:00.000Z,False,True,False,False,22523,3841,Michie Stadium,349,Army,fbs,FBS Independents,35,"[14, 7, 8, 6]",0.5078210156917,,,2230,Fordham,fcs,Patriot,37,"[14, 13, 2, 8]",0.4921789843083,,,6.95966309979999,,,,CollegeFootballData.com API,2026-08-31T17:32:19.562789+00:00,/games,1.3
400756903,2015,1,regular,2015-09-04T23:00:00.000Z,False,True,False,False,30112,1964,JMA Wireless Dome,183,Syracuse,fbs,ACC,47,"[14, 17, 9, 7]",0.9999822963474416,,,227,Rhode Island,fcs,CAA,0,"[0, 0, 0, 0]",1.7703652558376248e-05,,,2.0281674299,,,,CollegeFootballData.com API,2026-08-31T17:32:19.562789+00:00,/games,1.3
400756887,2015,1,regular,2015-09-05T00:00:00.000Z,False,True,False,False,35160,3893,Reser Stadium,204,Oregon State,fbs,Pac-12,26,"[0, 6, 7, 13]",0.99973849786178,,,2692,Weber State,fcs,Big Sky,7,"[0, 0, 7, 0]",0.00026150213821996005,,,4.2286517652,,,,CollegeFootballData.com API,2026-08-31T17:32:19.562789+00:00,/games,1.3
400756888,2015,1,regular,2015-09-05T02:26:00.000Z,False,True,False,False,36836,3653,Albertsons Stadium,68,Boise State,fbs,Mountain West,16,"[6, 10, 0, 0]",0.9599791190224326,1716,1716,264,Washington,fbs,Pac-12,13,"[0, 0, 10, 3]",0.0400208809775674,1625,1625,5.211559612,,,,CollegeFootballData.com API,2026-08-31T17:32:19.562789+00:00,/games,1.3
400756891,2015,1,regular,2015-09-05T16:00:00.000Z,False,True,False,False,36024,3911,Ryan Field,77,Northwestern,fbs,Big Ten,16,"[3, 7, 0, 6]",0.9090407690878116,1482,1520,24,Stanford,fbs,Pac-12,6,"[3, 0, 0, 3]",0.09095923091218838,1747,1709,6.251687021,,,,CollegeFootballData.com API,2026-08-31T17:32:19.562789+00:00,/games,1.3
400763496,2015,1,regular,2015-09-05T16:00:00.000Z,False,True,True,False,47453,3754,High Point Solutions Stadium,164,Rutgers,fbs,Big Ten,63,"[7, 14, 28, 14]",0.9994791848250604,,,2450,Norfolk State,fcs,MEAC,13,"[7, 6, 0, 0]",0.0005208151749396261,,,2.76958499919999,,,,CollegeFootballData.com API,2026-08-31T17:32:19.562789+00:00,/games,1.3
400763401,2015,1,regular,2015-09-05T16:00:00.000Z,False,True,False,False,0,3833,Memorial Stadium,2305,Kansas,fbs,Big 12,38,"[7, 7, 14, 10]",0.1413291240686219,,,2571,South Dakota State,fcs,MVFC,41,"[17, 14, 3, 7]",0.8586708759313781,,,6.7413022896,,,,CollegeFootballData.com API,2026-08-31T17:32:19.562789+00:00,/games,1.3
400763494,2015,1,regular,2015-09-05T16:00:00.000Z,False,True,False,False,38117,3665,SECU Stadium,120,Maryland,fbs,Big Ten,50,"[10, 12, 7, 21]",0.9976395169850133,,,257,Richmond,fcs,CAA,21,"[7, 7, 0, 7]",0.002360483014986703,,,3.66056612949999,,,,CollegeFootballData.com API,2026-08-31T17:32:19.562789+00:00,/games,1.3
400603831,2015,1,regular,2015-09-05T16:00:00.000Z,False,True,False,False,92746,3917,Sanford Stadium,61,Georgia,fbs,SEC,51,"[14, 21, 9, 7]",0.9993728217566958,1856,1894,2433,UL Monroe,fbs,Sun Belt,14,"[0, 7, 7, 0]",0.0006271782433041606,1312,1274,0.181193705199999,,,,CollegeFootballData.com API,2026-08-31T17:32:19.562789+00:00,/games,1.3
400763473,2015,1,regular,2015-09-05T16:00:00.000Z,False,True,False,False,59450,3793,Kinnick Stadium,2294,Iowa,fbs,Big Ten,31,"[7, 10, 7, 7]",0.998287714671344,,,2287,Illinois State,fcs,MVFC,14,"[0, 0, 0, 14]",0.0017122853286559714,,,2.3130227547,,,,CollegeFootballData.com API,2026-08-31T17:32:19.562789+00:00,/games,1.3
400603835,2015,1,regular,2015-09-05T16:00:00.000Z,False,True,False,False,60186,3974,Vaught-Hemingway Stadium,145,Ole Miss,fbs,SEC,76,"[27, 14, 14, 21]",0.9999975285075248,,,2630,UT Martin,fcs,OVC,3,"[0, 0, 3, 0]",2.4714924752311518e-06,,,1.0053332697,,,,CollegeFootballData.com API,2026-08-31T17:32:19.562789+00:00,/games,1.3
400764860,2015,1,regular,2015-09-05T16:00:00.000Z,False,True,False,False,28015,3852,Navy-Marine Corps Memorial Stadium,2426,Navy,fbs,American Athletic,48,"[10, 21, 7, 10]",0.9999305408892315,,,2142,Colgate,fcs,Patriot,10,"[3, 0, 0, 7]",6.945911076849942e-05,,,2.0128745899,,,,CollegeFootballData.com API,2026-08-31T17:32:19.562789+00:00,/games,1.3
400756898,2015,1,regular,2015-09-05T16:30:00.000Z,False,True,False,False,81345,3836,"Memorial Stadium (Clemson, SC)",228,Clemson,fbs,ACC,49,"[14, 21, 7, 7]",0.9999892892225151,,,2747,Wofford,fcs,Southern,10,"[0, 7, 3, 0]",1.0710777484934653e-05,,,1.7580469261,,,,CollegeFootballData.com API,2026-08-31T17:32:19.562789+00:00,/games,1.3
400756897,2015,1,regular,2015-09-05T17:00:00.000Z,False,True,False,False,0,3615,"Alumni Stadium (Chestnut Hill, MA)",103,Boston College,fbs,ACC,24,"[0, 10, 0, 14]",0.9990420942980396,,,311,Maine,fcs,CAA,3,"[3, 0, 0, 0]",0.0009579057019604154,,,4.65380828879999,,,,CollegeFootballData.com API,2026-08-31T17:32:19.562789+00:00,/games,1.3
400756902,2015,1,regular,2015-09-05T17:00:00.000Z,False,True,False,False,49969,3752,Acrisure Stadium,221,Pittsburgh,fbs,ACC,45,"[14, 10, 7, 14]",0.7945516672225329,,,2754,Youngstown State,fcs,MVFC,37,"[3, 10, 10, 14]",0.2054483327774671,,,3.2830088886,,,,CollegeFootballData.com API,2026-08-31T17:32:19.562789+00:00,/games,1.3
400756889,2015,1,regular,2015-09-05T18:00:00.000Z,False,True,False,False,24302,3820,Gesa Field,265,Washington State,fbs,Pac-12,17,"[3, 7, 0, 7]",0.24702671105678178,,,2502,Portland State,fcs,Big Sky,24,"[0, 0, 10, 14]",0.7529732889432182,,,6.2588713017,,,,CollegeFootballData.com API,2026-08-31T17:32:19.562789+00:00,/games,1.3
400835430,2015,1,regular,2015-09-05T18:00:00.000Z,False,True,False,False,36693,3832,"Memorial Stadium (Champaign, IL)",356,Illinois,fbs,Big Ten,52,"[28, 10, 7, 7]",0.9999945402233071,1406,1537,2309,Kent State,fbs,Mid-American,3,"[0, 0, 0, 3]",5.459776692862128e-06,1273,1142,1.2777666493,,,,CollegeFootballData.com API,2026-08-31T17:32:19.562789+00:00,/games,1.3
400787303,2015,1,regular,2015-09-05T19:30:00.000Z,False,True,False,False,20872,3965,UB Stadium,2084,Buffalo,fbs,Mid-American,51,"[7, 17, 14, 13]",0.9994177939163478,,,399,UAlbany,fcs,CAA,14,"[7, 0, 0, 7]",0.0005822060836522258,,,2.5342659869,,,,CollegeFootballData.com API,2026-08-31T17:32:19.562789+00:00,/games,1.3
400763495,2015,1,regular,2015-09-05T19:30:00.000Z,False,True,False,False,89959,3834,"Memorial Stadium (Lincoln, NE)",158,Nebraska,fbs,Big Ten,28,"[14, 0, 14, 0]",0.5220133742296728,1673,1657,252,BYU,fbs,FBS Independents,33,"[7, 17, 0, 9]",0.47798662577032724,1569,1585,7.5396838635,,,,CollegeFootballData.com API,2026-08-31T17:32:19.562789+00:00,/games,1.3
400787412,2015,1,regular,2015-09-05T19:30:00.000Z,False,True,False,False,24314,3792,Kidd Brewer Stadium,2026,App State,fbs,Sun Belt,49,"[7, 21, 21, 0]",0.9999949723260483,,,47,Howard,fcs,MEAC,0,"[0, 0, 0, 0]",5.027673951718548e-06,,,1.72500081359999,,,,CollegeFootballData.com API,2026-08-31T17:32:19.562789+00:00,/games,1.3
400763497,2015,1,regular,2015-09-05T19:30:00.000Z,False,True,False,False,69176,3806,Lincoln Financial Field,218,Temple,fbs,American Athletic,27,"[0, 7, 10, 10]",0.9976601330366646,1489,1533,213,Penn State,fbs,Big Ten,10,"[10, 0, 0, 0]",0.002339866963335435,1556,1512,4.1035578849,,,,CollegeFootballData.com API,2026-08-31T17:32:19.562789+00:00,/games,1.3
400603828,2015,1,regular,2015-09-05T19:30:00.000Z,False,True,False,False,67708,3887,Razorback Stadium,8,Arkansas,fbs,SEC,48,"[14, 14, 17, 3]",0.9999817481673314,1741,1792,2638,UTEP,fbs,Conference USA,13,"[0, 10, 3, 0]",1.825183266856989e-05,1359,1308,0.142683040099999,,,,CollegeFootballData.com API,2026-08-31T17:32:19.562789+00:00,/games,1.3
400763406,2015,1,regular,2015-09-05T19:30:00.000Z,False,True,False,False,60073,3784,Jones AT&T Stadium,2641,Texas Tech,fbs,Big 12,59,"[14, 28, 17, 0]",0.2830810780654998,,,2534,Sam Houston,fcs,Southland,45,"[14, 17, 0, 14]",0.7169189219345002,,,4.79691612629999,,,,CollegeFootballData.com API,2026-08-31T17:32:19.562789+00:00,/games,1.3
400603829,2015,1,regular,2015-09-05T19:30:00.000Z,False,True,True,False,73927,3495,Georgia Dome,2,Auburn,fbs,SEC,31,"[7, 10, 7, 7]",0.4455522525629152,1732,1744,97,Louisville,fbs,ACC,24,"[0, 0, 10, 14]",0.5544477474370848,1682,1670,2.8054821473,,,,CollegeFootballData.com API,2026-08-31T17:32:19.562789+00:00,/games,1.3
400787111,2015,1,regular,2015-09-05T19:30:00.000Z,False,True,False,False,33734,3713,Falcon Stadium,2005,Air Force,fbs,Mountain West,63,"[7, 21, 28, 7]",0.999965500597554,,,2415,Morgan State,fcs,MEAC,7,"[0, 7, 0, 0]",3.4499402446042104e-05,,,2.0252589326,,,,CollegeFootballData.com API,2026-08-31T17:32:19.562789+00:00,/games,1.3
400787304,2015,1,regular,2015-09-05T19:30:00.000Z,False,True,False,False,14397,3996,Yager Stadium,193,Miami (OH),fbs,Mid-American,26,"[7, 6, 0, 13]",0.9995288153853598,,,2506,Presbyterian,fcs,Big South,7,"[0, 0, 7, 0]",0.000471184614640241,,,5.0541224538,,,,CollegeFootballData.com API,2026-08-31T17:32:19.562789+00:00,/games,1.3
400763592,2015,1,regular,2015-09-05T19:30:00.000Z,False,True,False,False,0,3674,Chapman Stadium,202,Tulsa,fbs,American Athletic,47,"[14, 7, 7, 13, 6]",0.5761552059149949,1285,1286,2226,Florida Atlantic,fbs,Conference USA,44,"[7, 10, 21, 3, 3]",0.4238447940850051,1311,1310,10.3803286388,,,,CollegeFootballData.com API,2026-08-31T17:32:19.562789+00:00,/games,1.3
400756904,2015,1,regular,2015-09-05T19:30:00.000Z,False,True,False,False,68615,1056,Rose Bowl,26,UCLA,fbs,Pac-12,34,"[7, 10, 14, 3]",0.9973154452533917,1690,1712,258,Virginia,fbs,ACC,16,"[3, 6, 0, 7]",0.0026845547466083364,1494,1472,2.5875267865,,,,CollegeFootballData.com API,2026-08-31T17:32:19.562789+00:00,/games,1.3
400763588,2015,1,regular,2015-09-05T19:30:00.000Z,False,True,False,False,6474,3912,Rynearson Stadium,2199,Eastern Michigan,fbs,Mid-American,34,"[14, 3, 14, 3]",0.5401587616144408,1027,1037,295,Old Dominion,fbs,Conference USA,38,"[7, 3, 21, 7]",0.45984123838555924,1295,1285,7.7497659326,,,,CollegeFootballData.com API,2026-08-31T17:32:19.562789+00:00,/games,1.3
400834350,2015,1,regular,2015-09-05T20:00:00.000Z,False,True,True,False,61323,3810,Nissan Stadium,2633,Tennessee,fbs,SEC,59,"[21, 14, 14, 10]",0.9105874027749374,1613,1670,189,Bowling Green,fbs,Mid-American,30,"[10, 10, 10, 0]",0.08941259722506256,1379,1322,2.23764243579999,,,,CollegeFootballData.com API,2026-08-31T17:32:19.562789+00:00,/games,1.3
400603834,2015,1,regular,2015-09-05T20:00:00.000Z,False,True,False,False,64670,3838,Memorial Stadium,142,Missouri,fbs,SEC,34,"[14, 3, 10, 7]",0.9955221414481773,,,2546,Southeast Missouri State,fcs,OVC,3,"[0, 3, 0, 0]",0.0044778585518227,,,2.7986117194,,,,CollegeFootballData.com API,2026-08-31T17:32:19.562789+00:00,/games,1.3
400787112,2015,1,regular,2015-09-05T20:00:00.000Z,False,True,True,False,24571,3761,Sonny Lubick Field at Hughes Stadium,36,Colorado State,fbs,Mountain West,65,"[24, 21, 13, 7]",0.9999953304988869,,,2542,Savannah State,fcs,MEAC,13,"[0, 7, 0, 6]",4.669501113108154e-06,,,1.4340014957,,,,CollegeFootballData.com API,2026-08-31T17:32:19.562789+00:00,/games,1.3
400787116,2015,1,regular,2015-09-05T20:00:00.000Z,False,True,False,False,23669,3984,War Memorial Stadium,2751,Wyoming,fbs,Mountain West,13,"[0, 0, 0, 13]",0.017837248685188573,,,155,North Dakota,fcs,Big Sky,24,"[7, 7, 0, 10]",0.9821627513148115,,,3.6184302914,,,,CollegeFootballData.com API,2026-08-31T17:32:19.562789+00:00,/games,1.3
400763472,2015,1,regular,2015-09-05T20:00:00.000Z,False,True,False,False,36071,3830,"Memorial Stadium (Bloomington, IN)",84,Indiana,fbs,Big Ten,48,"[7, 14, 17, 10]",0.3151461488703864,,,79,Southern Illinois,fcs,MVFC,47,"[11, 21, 0, 15]",0.6848538511296136,,,9.5526425697,,,,CollegeFootballData.com API,2026-08-31T17:32:19.562789+00:00,/games,1.3
400763591,2015,1,regular,2015-09-05T20:40:00.000Z,False,True,False,False,18296,3895,Rice Stadium,242,Rice,fbs,Conference USA,56,"[14, 21, 7, 14]",0.9997726805313012,,,2681,Wagner,fcs,NEC,16,"[3, 0, 6, 7]",0.0002273194686988056,,,1.6098316806,,,,CollegeFootballData.com API,2026-08-31T17:32:19.562789+00:00,/games,1.3
400756890,2015,1,regular,2015-09-05T21:00:00.000Z,False,True,False,False,60606,3831,California Memorial Stadium,25,California,fbs,Pac-12,73,"[35, 17, 14, 7]",0.9999975130957351,,,2755,Grambling,fcs,SWAC,14,"[0, 0, 0, 14]",2.486904264853429e-06,,,0.0383880520999994,,,,CollegeFootballData.com API,2026-08-31T17:32:19.562789+00:00,/games,1.3
400756901,2015,1,regular,2015-09-05T22:00:00.000Z,False,True,False,False,57451,3670,Carter-Finley Stadium,152,NC State,fbs,ACC,49,"[14, 14, 14, 7]",0.9973834773677397,1543,1579,2653,Troy,fbs,Sun Belt,21,"[7, 7, 7, 0]",0.0026165226322603097,1210,1174,0.855163850399998,,,,CollegeFootballData.com API,2026-08-31T17:32:19.562789+00:00,/games,1.3
400764857,2015,1,regular,2015-09-05T22:00:00.000Z,False,True,False,False,40712,3699,Dowdy-Ficklen Stadium,151,East Carolina,fbs,American Athletic,28,"[14, 0, 7, 7]",0.6204675150593444,,,119,Towson,fcs,CAA,20,"[7, 3, 3, 7]",0.3795324849406556,,,1.5161786341,,,,CollegeFootballData.com API,2026-08-31T17:32:19.562789+00:00,/games,1.3
400756900,2015,1,regular,2015-09-05T22:00:00.000Z,False,True,False,False,43467,3948,Hard Rock Stadium,2390,Miami,fbs,ACC,45,"[7, 24, 7, 7]",0.9999915370494411,,,2065,Bethune-Cookman,fcs,MEAC,0,"[0, 0, 0, 0]",8.462950558896232e-06,,,0.144402864399999,,,,CollegeFootballData.com API,2026-08-31T17:32:19.562789+00:00,/games,1.3
400787414,2015,1,regular,2015-09-05T22:00:00.000Z,False,True,True,False,12289,3797,Ladd Peebles Stadium,6,South Alabama,fbs,Sun Belt,33,"[13, 0, 10, 10]",0.5150031600572766,,,2241,Gardner-Webb,fcs,Big South,23,"[0, 9, 7, 7]",0.48499683994272336,,,6.1527940817,,,,CollegeFootballData.com API,2026-08-31T17:32:19.562789+00:00,/games,1.3
400603838,2015,1,regular,2015-09-05T23:00:00.000Z,False,True,True,False,66308,3891,NRG Stadium,245,Texas A&M,fbs,SEC,38,"[7, 7, 3, 21]",0.9968752861141709,1628,1692,9,Arizona State,fbs,Pac-12,17,"[0, 7, 7, 3]",0.0031247138858291335,1683,1619,7.6177245484,,,,CollegeFootballData.com API,2026-08-31T17:32:19.562789+00:00,/games,1.3
400764861,2015,1,regular,2015-09-05T23:00:00.000Z,False,True,False,False,30434,3886,Raymond James Stadium,58,South Florida,fbs,American Athletic,51,"[3, 13, 14, 21]",0.9999617623855066,,,50,Florida A&M,fcs,MEAC,3,"[0, 0, 3, 0]",3.823761449339713e-05,,,3.1526835614,,,,CollegeFootballData.com API,2026-08-31T17:32:19.562789+00:00,/games,1.3
400763589,2015,1,regular,2015-09-05T23:00:00.000Z,False,True,False,False,27905,3776,Joe Aillet Stadium,2348,Louisiana Tech,fbs,Conference USA,62,"[24, 28, 7, 3]",0.9999590762500903,,,2582,Southern,fcs,SWAC,15,"[8, 0, 7, 0]",4.092374990971592e-05,,,2.03101894629999,,,,CollegeFootballData.com API,2026-08-31T17:32:19.562789+00:00,/games,1.3
400763590,2015,1,regular,2015-09-05T23:00:00.000Z,False,True,False,False,15908,3725,"Johnny ""Red"" Floyd Stadium",2393,Middle Tennessee,fbs,Conference USA,70,"[14, 28, 14, 14]",0.9999885332756349,,,2296,Jackson State,fcs,SWAC,14,"[0, 14, 0, 0]",1.1466724365138958e-05,,,2.66764578459999,,,,CollegeFootballData.com API,2026-08-31T17:32:19.562789+00:00,/games,1.3
400763404,2015,1,regular,2015-09-05T23:00:00.000Z,False,True,False,False,85370,3835,"Memorial Stadium (Norman, OK)",201,Oklahoma,fbs,Big 12,41,"[3, 14, 21, 3]",0.9999785062742874,1664,1728,2006,Akron,fbs,Mid-American,3,"[0, 3, 0, 0]",2.1493725712584677e-05,1314,1250,0.304607963699999,,,,CollegeFootballData.com API,2026-08-31T17:32:19.562789+00:00,/games,1.3
400764859,2015,1,regular,2015-09-05T23:00:00.000Z,False,True,False,False,41730,3805,Simmons Bank Liberty Stadium,235,Memphis,fbs,American Athletic,63,"[28, 14, 14, 7]",0.999957206553458,,,2623,Missouri State,fcs,MVFC,7,"[0, 0, 7, 0]",4.2793446542011004e-05,,,1.08445349479999,,,,CollegeFootballData.com API,2026-08-31T17:32:19.562789+00:00,/games,1.3
400603832,2015,1,regular,2015-09-05T23:00:00.000Z,False,True,False,False,62933,3683,Kroger Field,96,Kentucky,fbs,SEC,40,"[14, 10, 9, 7]",0.972552919387981,1401,1414,309,Louisiana,fbs,Sun Belt,33,"[0, 7, 10, 16]",0.027447080612018948,1453,1440,4.5826612569,,,,CollegeFootballData.com API,2026-08-31T17:32:19.562789+00:00,/games,1.3
400763402,2015,1,regular,2015-09-05T23:10:00.000Z,False,True,False,False,53297,3636,Bill Snyder Family Stadium,2306,Kansas State,fbs,Big 12,34,"[7, 17, 3, 7]",0.9988119831767045,,,233,South Dakota,fcs,MVFC,0,"[0, 0, 0, 0]",0.0011880168232955013,,,1.9405406246,,,,CollegeFootballData.com API,2026-08-31T17:32:19.562789+00:00,/games,1.3
400763403,2015,1,regular,2015-09-05T23:30:00.000Z,False,True,False,False,0,3855,Notre Dame Stadium,87,Notre Dame,fbs,FBS Independents,38,"[14, 3, 14, 7]",0.9999803952329244,1595,1689,251,Texas,fbs,Big 12,3,"[0, 0, 3, 0]",1.9604767075631635e-05,1564,1470,1.4919953583,,,,CollegeFootballData.com API,2026-08-31T17:32:19.562789+00:00,/games,1.3
400763407,2015,1,regular,2015-09-05T23:30:00.000Z,False,True,False,False,55182,3842,Milan Puskar Stadium,277,West Virginia,fbs,Big 12,44,"[10, 6, 14, 14]",0.9999686043355015,1590,1707,290,Georgia Southern,fbs,Sun Belt,0,"[0, 0, 0, 0]",3.13956644985014e-05,1491,1374,0.186293933499999,,,,CollegeFootballData.com API,2026-08-31T17:32:19.562789+00:00,/games,1.3
400787115,2015,1,regular,2015-09-05T23:30:00.000Z,False,True,False,False,15455,3764,Huskie Stadium,2459,Northern Illinois,fbs,Mid-American,38,"[3, 7, 14, 14]",0.9967923421465893,1513,1509,2439,UNLV,fbs,Mountain West,30,"[7, 10, 3, 10]",0.003207657853410706,1233,1237,6.47799940699999,,,,CollegeFootballData.com API,2026-08-31T17:32:19.562789+00:00,/games,1.3
400603830,2015,1,regular,2015-09-05T23:30:00.000Z,False,True,False,False,90227,3634,Ben Hill Griffin Stadium,57,Florida,fbs,SEC,61,"[7, 27, 13, 14]",0.9999690831702176,1661,1730,166,New Mexico State,fbs,Sun Belt,13,"[0, 13, 0, 0]",3.09168297824014e-05,1100,1031,0.114491788199999,,,,CollegeFootballData.com API,2026-08-31T17:32:19.562789+00:00,/games,1.3
400756886,2015,1,regular,2015-09-06T00:00:00.000Z,False,True,False,False,58128,3626,Autzen Stadium,2483,Oregon,fbs,Pac-12,61,"[20, 17, 17, 7]",0.9968412511655457,,,331,Eastern Washington,fcs,Big Sky,42,"[7, 14, 14, 7]",0.003158748834454328,,,0.380310328399999,,,,CollegeFootballData.com API,2026-08-31T17:32:19.562789+00:00,/games,1.3
400764858,2015,1,regular,2015-09-06T00:00:00.000Z,False,True,False,False,30479,4728,TDECU Stadium,248,Houston,fbs,American Athletic,52,"[14, 10, 7, 21]",0.9987412075695923,,,2635,Tennessee Tech,fcs,OVC,24,"[3, 7, 0, 14]",0.001258792430407718,,,0.2574621353,,,,CollegeFootballData.com API,2026-08-31T17:32:19.562789+00:00,/games,1.3
400603827,2015,1,regular,2015-09-06T00:00:00.000Z,False,True,True,False,64279,3687,AT&T Stadium,333,Alabama,fbs,SEC,35,"[7, 7, 14, 7]",0.9990319500049339,1920,1949,275,Wisconsin,fbs,Big Ten,17,"[0, 7, 3, 7]",0.0009680499950660559,1731,1702,2.3188703692,,,,CollegeFootballData.com API,2026-08-31T17:32:19.562789+00:00,/games,1.3
400791346,2015,1,regular,2015-09-06T00:00:00.000Z,False,True,True,False,48785,3932,Qualcomm Stadium,21,San Diego State,fbs,Mountain West,37,"[14, 6, 7, 10]",0.9998320826982782,,,301,San Diego,fcs,Pioneer,3,"[0, 0, 3, 0]",0.0001679173017218316,,,0.154819072799999,,,,CollegeFootballData.com API,2026-08-31T17:32:19.562789+00:00,/games,1.3
400763400,2015,1,regular,2015-09-06T00:00:00.000Z,False,True,False,False,61500,3772,Jack Trice Stadium,66,Iowa State,fbs,Big 12,31,"[0, 10, 14, 7]",0.9991032856677085,,,2460,Northern Iowa,fcs,MVFC,7,"[0, 7, 0, 0]",0.0008967143322915483,,,4.0441584948,,,,CollegeFootballData.com API,2026-08-31T17:32:19.562789+00:00,/games,1.3
400787114,2015,1,regular,2015-09-06T00:05:00.000Z,False,True,False,False,21930,3971,University Stadium (NM),167,New Mexico,fbs,Mountain West,66,"[21, 17, 21, 7]",0.9999860058697845,,,2400,Mississippi Valley State,fcs,SWAC,0,"[0, 0, 0, 0]",1.3994130215522205e-05,,,0.0593646451000005,,,,CollegeFootballData.com API,2026-08-31T17:32:19.562789+00:00,/games,1.3
400764856,2015,1,regular,2015-09-06T00:45:00.000Z,False,True,False,False,39095,3854,Nippert Stadium,2132,Cincinnati,fbs,American Athletic,52,"[7, 28, 17, 0]",0.9999741120231079,,,2010,Alabama A&M,fcs,SWAC,10,"[7, 0, 0, 3]",2.5887976892069453e-05,,,2.38585817809999,,,,CollegeFootballData.com API,2026-08-31T17:32:19.562789+00:00,/games,1.3
400756899,2015,1,regular,2015-09-06T01:03:00.000Z,False,True,False,False,80917,3697,Doak Campbell Stadium,52,Florida State,fbs,ACC,59,"[14, 7, 14, 24]",0.9995339585462581,1779,1852,326,Texas State,fbs,Sun Belt,16,"[0, 10, 0, 6]",0.00046604145374185,1379,1306,0.335453698699999,,,,CollegeFootballData.com API,2026-08-31T17:32:19.562789+00:00,/games,1.3
400603836,2015,1,regular,2015-09-06T02:00:00.000Z,False,True,False,False,36641,3815,M. M. Roberts Stadium,2572,Southern Miss,fbs,Conference USA,16,"[10, 0, 3, 3]",0.011669660445037068,1177,1188,344,Mississippi State,fbs,SEC,34,"[7, 7, 13, 7]",0.988330339554963,1759,1748,4.2311197985,,,,CollegeFootballData.com API,2026-08-31T17:32:19.562789+00:00,/games,1.3
400756884,2015,1,regular,2015-09-06T03:00:00.000Z,False,True,False,False,79809,477,Los Angeles Memorial Coliseum,30,USC,fbs,Pac-12,55,"[14, 14, 14, 13]",0.9997983607749661,1747,1857,2032,Arkansas State,fbs,Sun Belt,6,"[0, 0, 6, 0]",0.00020163922503391163,1473,1363,0.281041783399999,,,,CollegeFootballData.com API,2026-08-31T17:32:19.562789+00:00,/games,1.3
400763498,2015,1,regular,2015-09-06T19:00:00.000Z,False,True,False,False,38791,3775,Joan C. Edwards Stadium,276,Marshall,fbs,Conference USA,41,"[17, 0, 10, 14]",0.9876556066164425,1749,1740,2509,Purdue,fbs,Big Ten,31,"[14, 7, 7, 3]",0.012344393383557528,1350,1359,8.3381392364,,,,CollegeFootballData.com API,2026-08-31T17:32:19.562789+00:00,/games,1.3
400756905,2015,1,regular,2015-09-08T00:00:00.000Z,False,True,False,False,65632,3799,Lane Stadium,259,Virginia Tech,fbs,ACC,24,"[0, 17, 0, 7]",0.009306516786933982,1574,1575,194,Ohio State,fbs,Big Ten,42,"[14, 0, 14, 14]",0.990693483213066,2033,2032,3.35191795539999,,,,CollegeFootballData.com API,2026-08-31T17:32:19.562789+00:00,/games,1.3
400763599,2015,2,regular,2015-09-11T00:00:00.000Z,False,True,False,True,0,3796,Houchens Industries-L.T. Smith Stadium,98,Western Kentucky,fbs,Conference USA,41,"[14, 13, 11, 3]",0.413452093913969,1515,1519,2348,Louisiana Tech,fbs,Conference USA,38,"[0, 17, 7, 14]",0.586547906086031,1701,1697,5.5593610037,,,,CollegeFootballData.com API,2026-08-31T17:32:19.562789+00:00,/games,1.3
400756912,2015,2,regular,2015-09-12T00:00:00.000Z,False,True,False,False,30321,3715,FAU Stadium,2226,Florida Atlantic,fbs,Conference USA,20,"[10, 7, 3, 0]",0.04479940436999183,1310,1278,2390,Miami,fbs,ACC,44,"[14, 6, 17, 7]",0.9552005956300081,1589,1621,3.2574067248,,,,CollegeFootballData.com API,2026-08-31T17:32:19.562789+00:00,/games,1.3
400787981,2015,2,regular,2015-09-12T01:00:00.000Z,False,True,False,False,46011,587,Rice-Eccles Stadium,254,Utah,fbs,Pac-12,24,"[7, 7, 7, 3]",0.9847690817227387,1610,1624,328,Utah State,fbs,Mountain West,14,"[0, 14, 0, 0]",0.015230918277261307,1572,1558,4.19545219,,,,CollegeFootballData.com API,2026-08-31T17:32:19.562789+00:00,/games,1.3
400792601,2015,2,regular,2015-09-12T15:30:00.000Z,False,True,False,False,72811,3697,Doak Campbell Stadium,52,Florida State,fbs,ACC,34,"[7, 0, 17, 10]",0.9932111539190236,1852,1851,58,South Florida,fbs,American Athletic,14,"[0, 7, 0, 7]",0.006788846080976407,1336,1337,1.47985787689999,,,,CollegeFootballData.com API,2026-08-31T17:32:19.562789+00:00,/games,1.3
400763508,2015,2,regular,2015-09-12T16:00:00.000Z,False,True,False,False,76535,347,Camp Randall Stadium,275,Wisconsin,fbs,Big Ten,58,"[13, 24, 14, 7]",0.999977624381625,1702,1813,193,Miami (OH),fbs,Mid-American,0,"[0, 0, 0, 0]",2.2375618375036765e-05,1217,1106,0.212929681399999,,,,CollegeFootballData.com API,2026-08-31T17:32:19.562789+00:00,/games,1.3
400760492,2015,2,regular,2015-09-12T16:00:00.000Z,False,True,False,False,28260,3892,Pratt & Whitney Stadium,41,UConn,fbs,American Athletic,22,"[3, 9, 7, 3]",0.9868225971287788,1259,1265,349,Army,fbs,FBS Independents,17,"[3, 7, 0, 7]",0.013177402871221156,1290,1284,4.1038971135,,,,CollegeFootballData.com API,2026-08-31T17:32:19.562789+00:00,/games,1.3
400763500,2015,2,regular,2015-09-12T16:00:00.000Z,False,True,False,False,37733,3832,"Memorial Stadium (Champaign, IL)",356,Illinois,fbs,Big Ten,44,"[10, 20, 0, 14]",0.9999794366264172,,,2710,Western Illinois,fcs,MVFC,0,"[0, 0, 0, 0]",2.05633735828048e-05,,,0.4573179804,,,,CollegeFootballData.com API,2026-08-31T17:32:19.562789+00:00,/games,1.3
400603863,2015,2,regular,2015-09-12T16:00:00.000Z,False,True,False,False,0,3785,Jordan-Hare Stadium,2,Auburn,fbs,SEC,27,"[3, 3, 7, 7, 7]",0.5401958815354829,,,55,Jacksonville State,fcs,OVC,20,"[0, 10, 0, 10, 0]",0.4598041184645171,,,3.9203912821,,,,CollegeFootballData.com API,2026-08-31T17:32:19.562789+00:00,/games,1.3
400763594,2015,2,regular,2015-09-12T16:00:00.000Z,False,True,False,False,16631,4418,Jerry Richardson Stadium,2429,Charlotte,fbs,Conference USA,34,"[7, 17, 10, 0]",0.9988777514840432,,,2506,Presbyterian,fcs,Big South,10,"[0, 0, 0, 10]",0.0011222485159567697,,,2.5076978583,,,,CollegeFootballData.com API,2026-08-31T17:32:19.562789+00:00,/games,1.3
400756911,2015,2,regular,2015-09-12T16:00:00.000Z,False,True,False,False,50019,3873,L&N Federal Credit Union Stadium,97,Louisville,fbs,ACC,31,"[7, 7, 3, 14]",0.7497857721065084,1670,1659,248,Houston,fbs,American Athletic,34,"[7, 3, 7, 17]",0.25021422789349157,1563,1574,8.7753345361,,,,CollegeFootballData.com API,2026-08-31T17:32:19.562789+00:00,/games,1.3
400763414,2015,2,regular,2015-09-12T16:00:00.000Z,False,True,False,False,29424,3604,Alamodome,2636,UTSA,fbs,Conference USA,3,"[3, 0, 0, 0]",0.003770502741540137,1301,1279,2306,Kansas State,fbs,Big 12,30,"[0, 7, 6, 17]",0.9962294972584599,1749,1771,2.1633424417,,,,CollegeFootballData.com API,2026-08-31T17:32:19.562789+00:00,/games,1.3
400763502,2015,2,regular,2015-09-12T16:00:00.000Z,False,True,False,False,36332,3665,SECU Stadium,120,Maryland,fbs,Big Ten,27,"[10, 3, 7, 7]",0.005607530263728113,1495,1420,189,Bowling Green,fbs,Mid-American,48,"[0, 6, 14, 28]",0.9943924697362719,1322,1397,7.2069351043,,,,CollegeFootballData.com API,2026-08-31T17:32:19.562789+00:00,/games,1.3
400757019,2015,2,regular,2015-09-12T16:00:00.000Z,False,True,False,False,109651,3558,Michigan Stadium,130,Michigan,fbs,Big Ten,35,"[3, 14, 3, 15]",0.9997707118153628,1546,1609,204,Oregon State,fbs,Pac-12,7,"[7, 0, 0, 0]",0.00022928818463718859,1459,1396,3.56509965119999,,,,CollegeFootballData.com API,2026-08-31T17:32:19.562789+00:00,/games,1.3
400763507,2015,2,regular,2015-09-12T16:00:00.000Z,False,True,False,False,41158,3907,Ross-Ade Stadium,2509,Purdue,fbs,Big Ten,38,"[14, 10, 7, 7]",0.993483736181414,,,282,Indiana State,fcs,MVFC,14,"[0, 7, 7, 0]",0.006516263818586054,,,1.95143962249999,,,,CollegeFootballData.com API,2026-08-31T17:32:19.562789+00:00,/games,1.3
400763506,2015,2,regular,2015-09-12T16:00:00.000Z,False,True,False,False,93065,3632,Beaver Stadium,213,Penn State,fbs,Big Ten,27,"[0, 10, 3, 14]",0.9881807915373687,1512,1528,2084,Buffalo,fbs,Mid-American,14,"[0, 0, 7, 7]",0.011819208462631292,1402,1386,3.3960794192,,,,CollegeFootballData.com API,2026-08-31T17:32:19.562789+00:00,/games,1.3
400756916,2015,2,regular,2015-09-12T16:30:00.000Z,False,True,False,True,26670,1964,JMA Wireless Dome,183,Syracuse,fbs,ACC,30,"[3, 10, 7, 10]",0.806469390866389,1427,1444,154,Wake Forest,fbs,ACC,17,"[7, 10, 0, 0]",0.19353060913361098,1325,1308,6.4819536136,,,,CollegeFootballData.com API,2026-08-31T17:32:19.562789+00:00,/games,1.3
400756907,2015,2,regular,2015-09-12T16:30:00.000Z,False,True,False,False,81467,3836,"Memorial Stadium (Clemson, SC)",228,Clemson,fbs,ACC,41,"[3, 28, 7, 3]",0.9999705589828013,1768,1818,2026,App State,fbs,Sun Belt,10,"[0, 0, 3, 7]",2.9441017198705843e-05,1483,1433,0.917926693600001,,,,CollegeFootballData.com API,2026-08-31T17:32:19.562789+00:00,/games,1.3
400756906,2015,2,regular,2015-09-12T17:00:00.000Z,False,True,False,False,26132,3615,"Alumni Stadium (Chestnut Hill, MA)",103,Boston College,fbs,ACC,76,"[41, 21, 7, 7]",0.9999988547235261,,,47,Howard,fcs,MEAC,0,"[0, 0, 0, 0]",1.1452764738795196e-06,,,0.0203404688000006,,,,CollegeFootballData.com API,2026-08-31T17:32:19.562789+00:00,/games,1.3
400757020,2015,2,regular,2015-09-12T18:00:00.000Z,False,True,False,False,55010,3765,Husky Stadium,264,Washington,fbs,Pac-12,49,"[0, 28, 21, 0]",0.9999894405066828,,,16,Sacramento State,fcs,Big Sky,0,"[0, 0, 0, 0]",1.0559493317185975e-05,,,0.450861996199999,,,,CollegeFootballData.com API,2026-08-31T17:32:19.562789+00:00,/games,1.3
400757016,2015,2,regular,2015-09-12T18:00:00.000Z,False,True,False,False,35094,3726,Folsom Field,38,Colorado,fbs,Pac-12,48,"[14, 17, 17, 0]",0.9998536097076575,1344,1425,113,Massachusetts,fbs,Mid-American,14,"[7, 7, 0, 0]",0.0001463902923425353,1240,1159,1.50242844979999,,,,CollegeFootballData.com API,2026-08-31T17:32:19.562789+00:00,/games,1.3
400787306,2015,2,regular,2015-09-12T19:00:00.000Z,False,True,False,False,21092,3786,Kelly/Shorts Stadium,2117,Central Michigan,fbs,Mid-American,31,"[7, 24, 0, 0]",0.9995253506377635,,,2405,Monmouth,fcs,Big South,10,"[0, 3, 7, 0]",0.0004746493622365122,,,0.5871567046,,,,CollegeFootballData.com API,2026-08-31T17:32:19.562789+00:00,/games,1.3
400763415,2015,2,regular,2015-09-12T19:00:00.000Z,False,True,False,False,54090,3784,Jones AT&T Stadium,2641,Texas Tech,fbs,Big 12,69,"[17, 21, 17, 14]",0.9998625660214265,1405,1541,2638,UTEP,fbs,Conference USA,20,"[7, 10, 0, 3]",0.00013743397857346462,1308,1172,1.16416720059999,,,,CollegeFootballData.com API,2026-08-31T17:32:19.562789+00:00,/games,1.3
400763416,2015,2,regular,2015-09-12T19:00:00.000Z,False,True,False,False,52899,3842,Milan Puskar Stadium,277,West Virginia,fbs,Big 12,41,"[6, 14, 14, 7]",0.9675230639091154,1707,1739,2335,Liberty,fcs,Big South,17,"[0, 0, 7, 10]",0.032476936090884645,1451,1419,0.202856836899999,,,,CollegeFootballData.com API,2026-08-31T17:32:19.562789+00:00,/games,1.3
400603866,2015,2,regular,2015-09-12T19:30:00.000Z,False,True,False,False,60302,3974,Vaught-Hemingway Stadium,145,Ole Miss,fbs,SEC,73,"[28, 7, 21, 17]",0.999975715414417,1687,1804,278,Fresno State,fbs,Mountain West,21,"[0, 14, 7, 0]",2.4284585583012053e-05,1387,1270,0.3442194748,,,,CollegeFootballData.com API,2026-08-31T17:32:19.562789+00:00,/games,1.3
400763505,2015,2,regular,2015-09-12T19:30:00.000Z,False,True,False,False,107145,3861,Ohio Stadium,194,Ohio State,fbs,Big Ten,38,"[7, 7, 3, 21]",0.9997563079341408,2032,2059,62,Hawai'i,fbs,Mountain West,0,"[0, 0, 0, 0]",0.00024369206585916903,1360,1333,0.382140789299999,,,,CollegeFootballData.com API,2026-08-31T17:32:19.562789+00:00,/games,1.3
400763598,2015,2,regular,2015-09-12T19:30:00.000Z,False,True,False,False,23042,3815,M. M. Roberts Stadium,2572,Southern Miss,fbs,Conference USA,52,"[7, 21, 21, 3]",0.9999940557802709,,,2046,Austin Peay,fcs,OVC,6,"[6, 0, 0, 0]",5.94421972910375e-06,,,0.133723701699999,,,,CollegeFootballData.com API,2026-08-31T17:32:19.562789+00:00,/games,1.3
400756918,2015,2,regular,2015-09-12T19:30:00.000Z,False,True,False,False,60118,3799,Lane Stadium,259,Virginia Tech,fbs,ACC,42,"[7, 7, 21, 7]",0.9999933225121828,,,231,Furman,fcs,Southern,3,"[0, 0, 3, 0]",6.677487817241534e-06,,,0.349987776499999,,,,CollegeFootballData.com API,2026-08-31T17:32:19.562789+00:00,/games,1.3
400756917,2015,2,regular,2015-09-12T19:30:00.000Z,False,True,False,False,58200,3923,Scott Stadium,258,Virginia,fbs,ACC,27,"[0, 14, 0, 13]",0.34704603992759725,1472,1475,87,Notre Dame,fbs,FBS Independents,34,"[12, 0, 14, 8]",0.6529539600724028,1689,1686,6.4263006302,,,,CollegeFootballData.com API,2026-08-31T17:32:19.562789+00:00,/games,1.3
400757021,2015,2,regular,2015-09-12T19:30:00.000Z,False,True,False,False,46536,3754,High Point Solutions Stadium,164,Rutgers,fbs,Big Ten,34,"[0, 6, 6, 22]",0.27236926527535027,1477,1469,265,Washington State,fbs,Pac-12,37,"[7, 6, 7, 17]",0.7276307347246498,1421,1429,7.9350183898,,,,CollegeFootballData.com API,2026-08-31T17:32:19.562789+00:00,/games,1.3
400763412,2015,2,regular,2015-09-12T19:30:00.000Z,False,True,False,False,45786,3616,Amon G. Carter Stadium,2628,TCU,fbs,Big 12,70,"[21, 14, 21, 14]",0.9999978823664564,,,2617,Stephen F. Austin,fcs,Southland,7,"[0, 0, 0, 7]",2.1176335436301486e-06,,,0.0446837672000002,,,,CollegeFootballData.com API,2026-08-31T17:32:19.562789+00:00,/games,1.3
400787307,2015,2,regular,2015-09-12T19:30:00.000Z,False,True,False,False,17465,3764,Huskie Stadium,2459,Northern Illinois,fbs,Mid-American,57,"[6, 14, 20, 17]",0.9995499017522884,,,93,Murray State,fcs,OVC,26,"[7, 3, 6, 10]",0.00045009824771158335,,,1.01854292509999,,,,CollegeFootballData.com API,2026-08-31T17:32:19.562789+00:00,/games,1.3
400603870,2015,2,regular,2015-09-12T19:30:00.000Z,False,True,False,True,37185,3973,FirstBank Stadium,238,Vanderbilt,fbs,SEC,14,"[0, 6, 0, 8]",0.0981616005516083,1371,1379,61,Georgia,fbs,SEC,31,"[7, 7, 10, 7]",0.9018383994483917,1894,1886,3.05809288349999,,,,CollegeFootballData.com API,2026-08-31T17:32:19.562789+00:00,/games,1.3
400756910,2015,2,regular,2015-09-12T19:30:00.000Z,False,True,False,False,50435,721,Bobby Dodd Stadium,59,Georgia Tech,fbs,ACC,65,"[7, 21, 16, 21]",0.9999872307529329,1781,1877,2655,Tulane,fbs,American Athletic,10,"[0, 7, 0, 3]",1.2769247067057066e-05,1259,1163,0.374074902299999,,,,CollegeFootballData.com API,2026-08-31T17:32:19.562789+00:00,/games,1.3
400763499,2015,2,regular,2015-09-12T19:30:00.000Z,False,True,False,False,32500,3761,Sonny Lubick Field at Hughes Stadium,36,Colorado State,fbs,Mountain West,20,"[7, 0, 3, 10, 0]",0.03140384309768081,1535,1537,135,Minnesota,fbs,Big Ten,23,"[0, 6, 7, 7, 3]",0.9685961569023191,1645,1643,10.5311320725,,,,CollegeFootballData.com API,2026-08-31T17:32:19.562789+00:00,/games,1.3
400603860,2015,2,regular,2015-09-12T20:00:00.000Z,False,True,False,False,98568,3657,Bryant-Denny Stadium,333,Alabama,fbs,SEC,37,"[7, 16, 14, 0]",0.999526912467391,1949,1958,2393,Middle Tennessee,fbs,Conference USA,10,"[0, 3, 0, 7]",0.0004730875326089956,1375,1366,0.342316888199999,,,,CollegeFootballData.com API,2026-08-31T17:32:19.562789+00:00,/games,1.3
400763504,2015,2,regular,2015-09-12T20:00:00.000Z,False,True,False,False,29131,3911,Ryan Field,77,Northwestern,fbs,Big Ten,41,"[10, 17, 14, 0]",0.9999885456540685,,,2197,Eastern Illinois,fcs,OVC,0,"[0, 0, 0, 0]",1.1454345931527499e-05,,,0.443188398499999,,,,CollegeFootballData.com API,2026-08-31T17:32:19.562789+00:00,/games,1.3
400787119,2015,2,regular,2015-09-12T20:00:00.000Z,False,True,False,False,19112,3984,War Memorial Stadium,2751,Wyoming,fbs,Mountain West,29,"[7, 7, 15, 0]",0.04283512941103746,1294,1216,2199,Eastern Michigan,fbs,Mid-American,48,"[14, 24, 7, 3]",0.9571648705889625,1037,1115,2.9225134987,,,,CollegeFootballData.com API,2026-08-31T17:32:19.562789+00:00,/games,1.3
400603861,2015,2,regular,2015-09-12T20:00:00.000Z,False,True,False,False,49591,3983,War Memorial Stadium (AR),8,Arkansas,fbs,SEC,12,"[0, 7, 0, 5]",0.2982780356910109,1792,1766,2649,Toledo,fbs,Mid-American,16,"[6, 3, 7, 0]",0.7017219643089891,1516,1542,6.8413150309,,,,CollegeFootballData.com API,2026-08-31T17:32:19.562789+00:00,/games,1.3
400763409,2015,2,regular,2015-09-12T20:45:00.000Z,False,True,False,False,61500,3772,Jack Trice Stadium,66,Iowa State,fbs,Big 12,17,"[3, 14, 0, 0]",0.014290901246301136,1337,1327,2294,Iowa,fbs,Big Ten,31,"[3, 7, 7, 14]",0.9857090987536988,1566,1576,8.4103610493,,,,CollegeFootballData.com API,2026-08-31T17:32:19.562789+00:00,/games,1.3
400757022,2015,2,regular,2015-09-12T21:00:00.000Z,False,True,False,False,50830,3831,California Memorial Stadium,25,California,fbs,Pac-12,35,"[0, 14, 14, 7]",0.9999797791588123,1417,1502,21,San Diego State,fbs,Mountain West,7,"[7, 0, 0, 0]",2.0220841187690297e-05,1506,1421,3.09803125149999,,,,CollegeFootballData.com API,2026-08-31T17:32:19.562789+00:00,/games,1.3
400787305,2015,2,regular,2015-09-12T22:00:00.000Z,False,True,False,False,15091,3696,Dix Stadium,2309,Kent State,fbs,Mid-American,45,"[16, 20, 9, 0]",0.9999798343524517,,,2169,Delaware State,fcs,MEAC,13,"[0, 6, 0, 7]",2.0165647548253673e-05,,,0.436283523799999,,,,CollegeFootballData.com API,2026-08-31T17:32:19.562789+00:00,/games,1.3
400756908,2015,2,regular,2015-09-12T22:00:00.000Z,False,True,False,False,33941,3982,Wallace Wade Stadium,150,Duke,fbs,ACC,55,"[7, 17, 17, 14]",0.9999910615960966,,,2428,North Carolina Central,fcs,MEAC,0,"[0, 0, 0, 0]",8.938403903369085e-06,,,0.149096931899999,,,,CollegeFootballData.com API,2026-08-31T17:32:19.562789+00:00,/games,1.3
400787308,2015,2,regular,2015-09-12T22:00:00.000Z,False,True,False,False,23520,3608,Allen E. Paulson Stadium,290,Georgia Southern,fbs,Sun Belt,43,"[7, 16, 10, 10]",0.9999135951949494,1374,1450,2711,Western Michigan,fbs,Mid-American,17,"[3, 6, 0, 8]",8.640480505062165e-05,1451,1375,2.4649116763,,,,CollegeFootballData.com API,2026-08-31T17:32:19.562789+00:00,/games,1.3
400603868,2015,2,regular,2015-09-12T22:00:00.000Z,False,True,False,False,102455,3853,Neyland Stadium,2633,Tennessee,fbs,SEC,24,"[10, 7, 0, 0, 7, 0]",0.18960246972342723,1670,1661,201,Oklahoma,fbs,Big 12,31,"[0, 3, 0, 14, 7, 7]",0.8103975302765728,1728,1737,6.1781192801,,,,CollegeFootballData.com API,2026-08-31T17:32:19.562789+00:00,/games,1.3
400756913,2015,2,regular,2015-09-12T22:00:00.000Z,False,True,False,False,44000,3787,Kenan Stadium,153,North Carolina,fbs,ACC,53,"[22, 14, 17, 0]",0.999878645421628,,,2448,North Carolina A&T,fcs,MEAC,14,"[0, 0, 7, 7]",0.0001213545783720349,,,0.0977228791999997,,,,CollegeFootballData.com API,2026-08-31T17:32:19.562789+00:00,/games,1.3
400756915,2015,2,regular,2015-09-12T22:00:00.000Z,False,True,False,False,23425,3768,InfoCision Stadium,2006,Akron,fbs,Mid-American,7,"[0, 7, 0, 0]",0.1396267301742005,1250,1237,221,Pittsburgh,fbs,ACC,24,"[3, 7, 7, 7]",0.8603732698257995,1531,1544,3.3948323837,,,,CollegeFootballData.com API,2026-08-31T17:32:19.562789+00:00,/games,1.3
400756914,2015,2,regular,2015-09-12T22:00:00.000Z,False,True,False,False,57600,3670,Carter-Finley Stadium,152,NC State,fbs,ACC,35,"[0, 14, 14, 7]",0.999978389118724,,,2198,Eastern Kentucky,fcs,OVC,0,"[0, 0, 0, 0]",2.1610881275946348e-05,,,0.5146436348,,,,CollegeFootballData.com API,2026-08-31T17:32:19.562789+00:00,/games,1.3
400787416,2015,2,regular,2015-09-12T23:00:00.000Z,False,True,False,False,26824,3666,Cajun Field,309,Louisiana,fbs,Sun Belt,44,"[14, 13, 7, 10]",0.9999839114361369,,,2466,Northwestern State,fcs,Southland,17,"[0, 10, 7, 0]",1.6088563863148053e-05,,,2.3336804045,,,,CollegeFootballData.com API,2026-08-31T17:32:19.562789+00:00,/games,1.3
400787419,2015,2,regular,2015-09-12T23:00:00.000Z,False,True,False,False,17517,3975,Veterans Memorial Stadium (AL),2653,Troy,fbs,Sun Belt,44,"[14, 7, 6, 17]",0.9690830115692884,,,2127,Charleston Southern,fcs,Big South,16,"[7, 2, 0, 7]",0.030916988430711556,,,2.5283001804,,,,CollegeFootballData.com API,2026-08-31T17:32:19.562789+00:00,/games,1.3
400603864,2015,2,regular,2015-09-12T23:00:00.000Z,False,True,False,False,88034,3634,Ben Hill Griffin Stadium,57,Florida,fbs,SEC,31,"[10, 0, 14, 7]",0.9678846675731358,1730,1732,151,East Carolina,fbs,American Athletic,24,"[7, 0, 7, 10]",0.03211533242686415,1594,1592,5.7148052741,,,,CollegeFootballData.com API,2026-08-31T17:32:19.562789+00:00,/games,1.3
400763597,2015,2,regular,2015-09-12T23:00:00.000Z,False,True,False,False,25401,3735,Gerald J. Ford Stadium,2567,SMU,fbs,American Athletic,31,"[7, 0, 3, 21]",0.9511770791596974,1132,1193,249,North Texas,fbs,Conference USA,13,"[3, 3, 7, 0]",0.0488229208403026,1332,1271,6.54166606109999,,,,CollegeFootballData.com API,2026-08-31T17:32:19.562789+00:00,/games,1.3
400787418,2015,2,regular,2015-09-12T23:00:00.000Z,False,True,False,False,24561,3644,Bobcat Stadium (TX),326,Texas State,fbs,Sun Belt,63,"[35, 21, 7, 0]",0.9999870000990075,,,2504,Prairie View A&M,fcs,SWAC,24,"[3, 14, 0, 7]",1.2999900992460844e-05,,,0.1424193142,,,,CollegeFootballData.com API,2026-08-31T17:32:19.562789+00:00,/games,1.3
400763410,2015,2,regular,2015-09-12T23:00:00.000Z,False,True,False,False,37798,3833,Memorial Stadium,2305,Kansas,fbs,Big 12,23,"[10, 3, 7, 3]",0.004163187380116388,1310,1256,235,Memphis,fbs,American Athletic,55,"[10, 14, 24, 7]",0.9958368126198837,1603,1657,4.03200284699999,,,,CollegeFootballData.com API,2026-08-31T17:32:19.562789+00:00,/games,1.3
400603869,2015,2,regular,2015-09-12T23:00:00.000Z,False,True,False,False,104213,3795,Kyle Field,245,Texas A&M,fbs,SEC,56,"[28, 21, 0, 7]",0.9999889291564433,1692,1752,2050,Ball State,fbs,Mid-American,23,"[3, 0, 10, 10]",1.1070843556670873e-05,1443,1383,0.2339715774,,,,CollegeFootballData.com API,2026-08-31T17:32:19.562789+00:00,/games,1.3
400763595,2015,2,regular,2015-09-12T23:00:00.000Z,False,True,False,False,25210,3876,Peden Stadium,195,Ohio,fbs,Mid-American,21,"[7, 7, 0, 7]",0.8528163494312818,1346,1399,276,Marshall,fbs,Conference USA,10,"[0, 7, 3, 0]",0.14718365056871818,1740,1687,8.13053612359999,,,,CollegeFootballData.com API,2026-08-31T17:32:19.562789+00:00,/games,1.3
400756892,2015,2,regular,2015-09-12T23:00:00.000Z,False,True,False,False,24355,3816,Mackay Stadium,2440,Nevada,fbs,Mountain West,20,"[3, 10, 0, 7]",0.004203040466583681,1443,1402,12,Arizona,fbs,Pac-12,44,"[14, 7, 13, 10]",0.9957969595334163,1642,1683,2.4855591376,,,,CollegeFootballData.com API,2026-08-31T17:32:19.562789+00:00,/games,1.3
400787417,2015,2,regular,2015-09-12T23:00:00.000Z,False,True,False,False,20397,3817,Malone Stadium,2433,UL Monroe,fbs,Sun Belt,47,"[10, 30, 0, 7]",0.9999929606273043,,,2447,Nicholls,fcs,Southland,0,"[0, 0, 0, 0]",7.039372695749613e-06,,,0.114401305800001,,,,CollegeFootballData.com API,2026-08-31T17:32:19.562789+00:00,/games,1.3
400603862,2015,2,regular,2015-09-12T23:00:00.000Z,False,True,False,False,29143,3625,Centennial Bank Stadium,2032,Arkansas State,fbs,Sun Belt,20,"[0, 17, 0, 3]",0.06359803994695887,1363,1374,142,Missouri,fbs,SEC,27,"[3, 7, 14, 3]",0.9364019600530411,1701,1690,6.48849125979999,,,,CollegeFootballData.com API,2026-08-31T17:32:19.562789+00:00,/games,1.3
400763596,2015,2,regular,2015-09-12T23:15:00.000Z,False,True,False,False,20118,3918,S.B. Ballard Stadium,295,Old Dominion,fbs,Conference USA,24,"[7, 7, 7, 3]",0.9967950996465171,,,2450,Norfolk State,fcs,MEAC,10,"[0, 10, 0, 0]",0.0032049003534828646,,,1.7089280521,,,,CollegeFootballData.com API,2026-08-31T17:32:19.562789+00:00,/games,1.3
400763408,2015,2,regular,2015-09-12T23:30:00.000Z,False,True,False,False,44491,4727,McLane Stadium,239,Baylor,fbs,Big 12,66,"[13, 22, 14, 17]",0.9989287222752988,,,2320,Lamar,fcs,Southland,31,"[7, 14, 3, 7]",0.0010712777247011696,,,0.0861883134000007,,,,CollegeFootballData.com API,2026-08-31T17:32:19.562789+00:00,/games,1.3
400763411,2015,2,regular,2015-09-12T23:30:00.000Z,False,True,False,False,56262,3646,Boone Pickens Stadium,197,Oklahoma State,fbs,Big 12,32,"[10, 0, 10, 12]",0.9997522292223545,,,2110,Central Arkansas,fcs,Southland,8,"[0, 0, 8, 0]",0.00024777077764548405,,,0.2744945336,,,,CollegeFootballData.com API,2026-08-31T17:32:19.562789+00:00,/games,1.3
400603867,2015,2,regular,2015-09-12T23:30:00.000Z,False,True,False,True,82178,3994,Williams-Brice Stadium,2579,South Carolina,fbs,SEC,22,"[7, 0, 6, 9]",0.46444535077100574,1646,1623,96,Kentucky,fbs,SEC,26,"[14, 10, 0, 2]",0.5355546492289942,1414,1437,5.50730784279999,,,,CollegeFootballData.com API,2026-08-31T17:32:19.562789+00:00,/games,1.3
400757018,2015,2,regular,2015-09-13T00:00:00.000Z,False,True,False,False,76526,3936,Spartan Stadium,127,Michigan State,fbs,Big Ten,31,"[7, 7, 10, 7]",0.7728772736416241,1843,1845,2483,Oregon,fbs,Pac-12,28,"[7, 0, 7, 14]",0.22712272635837594,1936,1934,6.56049610689999,,,,CollegeFootballData.com API,2026-08-31T17:32:19.562789+00:00,/games,1.3
400757014,2015,2,regular,2015-09-13T00:00:00.000Z,False,True,False,False,72422,477,Los Angeles Memorial Coliseum,30,USC,fbs,Pac-12,59,"[21, 17, 14, 7]",0.9999890344609191,1857,1913,70,Idaho,fbs,Sun Belt,9,"[0, 3, 6, 0]",1.096553908086495e-05,1142,1086,0.0321637514999993,,,,CollegeFootballData.com API,2026-08-31T17:32:19.562789+00:00,/games,1.3
400764863,2015,2,regular,2015-09-13T00:00:00.000Z,False,True,False,False,24167,3971,University Stadium (NM),167,New Mexico,fbs,Mountain West,21,"[14, 0, 7, 0]",0.009698394169818434,1304,1255,202,Tulsa,fbs,American Athletic,40,"[10, 10, 10, 10]",0.9903016058301816,1286,1335,6.3043783871,,,,CollegeFootballData.com API,2026-08-31T17:32:19.562789+00:00,/games,1.3
400764862,2015,2,regular,2015-09-13T00:00:00.000Z,False,True,False,True,38112,3854,Nippert Stadium,2132,Cincinnati,fbs,American Athletic,26,"[0, 6, 6, 14]",0.497263437596822,1583,1563,218,Temple,fbs,American Athletic,34,"[3, 7, 21, 3]",0.502736562403178,1533,1553,5.07719716129999,,,,CollegeFootballData.com API,2026-08-31T17:32:19.562789+00:00,/games,1.3
400763413,2015,2,regular,2015-09-13T00:00:00.000Z,False,True,False,False,86458,3910,DKR-Texas Memorial Stadium,251,Texas,fbs,Big 12,42,"[21, 0, 21, 0]",0.9339620114966554,1470,1499,242,Rice,fbs,Conference USA,28,"[0, 14, 0, 14]",0.06603798850334464,1473,1444,1.2349825326,,,,CollegeFootballData.com API,2026-08-31T17:32:19.562789+00:00,/games,1.3
400763503,2015,2,regular,2015-09-13T00:00:00.000Z,False,True,False,False,89822,3834,"Memorial Stadium (Lincoln, NE)",158,Nebraska,fbs,Big Ten,48,"[14, 10, 7, 17]",0.9999708308052948,1657,1732,6,South Alabama,fbs,Sun Belt,9,"[0, 0, 3, 6]",2.916919470519197e-05,1371,1296,0.360162814799999,,,,CollegeFootballData.com API,2026-08-31T17:32:19.562789+00:00,/games,1.3
400787415,2015,2,regular,2015-09-13T00:00:00.000Z,False,True,False,True,27201,3601,Aggie Memorial Stadium,166,New Mexico State,fbs,Sun Belt,32,"[7, 6, 6, 13]",0.0190683271812986,1031,1033,2247,Georgia State,fbs,Sun Belt,34,"[10, 14, 3, 7]",0.9809316728187014,1110,1108,8.175755456,,,,CollegeFootballData.com API,2026-08-31T17:32:19.562789+00:00,/games,1.3
400763501,2015,2,regular,2015-09-13T00:00:00.000Z,False,True,False,False,41509,3830,"Memorial Stadium (Bloomington, IN)",84,Indiana,fbs,Big Ten,36,"[0, 13, 6, 17]",0.999162711199936,1413,1435,2229,Florida International,fbs,Conference USA,22,"[7, 7, 0, 8]",0.0008372888000639511,1338,1316,6.8697364824,,,,CollegeFootballData.com API,2026-08-31T17:32:19.562789+00:00,/games,1.3
400603865,2015,2,regular,2015-09-13T01:15:00.000Z,False,True,False,True,62531,3693,Davis Wade Stadium,344,Mississippi State,fbs,SEC,19,"[0, 3, 3, 13]",0.8949964326285715,1748,1743,99,LSU,fbs,SEC,21,"[14, 0, 7, 0]",0.10500356737142846,1711,1716,5.7071534849,,,,CollegeFootballData.com API,2026-08-31T17:32:19.562789+00:00,/games,1.3
400787118,2015,2,regular,2015-09-13T02:15:00.000Z,False,True,False,False,63470,3801,LaVell Edwards Stadium,252,BYU,fbs,FBS Independents,35,"[7, 0, 7, 21]",0.96560276750183,1585,1615,68,Boise State,fbs,Mountain West,24,"[7, 3, 14, 0]",0.03439723249816995,1716,1686,8.8706751624,,,,CollegeFootballData.com API,2026-08-31T17:32:19.562789+00:00,/games,1.3
400787117,2015,2,regular,2015-09-13T02:15:00.000Z,False,True,False,True,22389,3713,Falcon Stadium,2005,Air Force,fbs,Mountain West,37,"[7, 7, 3, 20]",0.9969740857404202,1455,1487,23,San José State,fbs,Mountain West,16,"[7, 0, 9, 0]",0.003025914259579765,1282,1250,5.0084964497,,,,CollegeFootballData.com API,2026-08-31T17:32:19.562789+00:00,/games,1.3
400757015,2015,2,regular,2015-09-13T02:30:00.000Z,False,True,False,False,31262,3914,Sam Boyd Stadium,2439,UNLV,fbs,Mountain West,3,"[0, 0, 0, 3]",0.0037332458861106975,1237,1198,26,UCLA,fbs,Pac-12,37,"[10, 7, 17, 3]",0.9962667541138893,1712,1751,0.732637360199999,,,,CollegeFootballData.com API,2026-08-31T17:32:19.562789+00:00,/games,1.3
400757023,2015,2,regular,2015-09-13T02:30:00.000Z,False,True,False,False,50420,3940,Stanford Stadium,24,Stanford,fbs,Pac-12,31,"[0, 10, 7, 14]",0.9993254201955286,1709,1758,2116,UCF,fbs,American Athletic,7,"[0, 0, 0, 7]",0.0006745798044713869,1609,1560,2.9093973977,,,,CollegeFootballData.com API,2026-08-31T17:32:19.562789+00:00,/games,1.3
400756893,2015,2,regular,2015-09-13T03:00:00.000Z,False,True,False,False,46500,3947,Mountain America Stadium,9,Arizona State,fbs,Pac-12,35,"[7, 14, 0, 14]",0.9962311922115914,,,13,Cal Poly,fcs,Big Sky,21,"[0, 14, 7, 0]",0.0037688077884086013,,,1.8784780609,,,,CollegeFootballData.com API,2026-08-31T17:32:19.562789+00:00,/games,1.3
400756919,2015,3,regular,2015-09-17T23:30:00.000Z,False,True,False,True,55396,3873,L&N Federal Credit Union Stadium,97,Louisville,fbs,ACC,17,"[0, 3, 7, 7]",0.08315809239109984,1659,1664,228,Clemson,fbs,ACC,20,"[0, 7, 10, 3]",0.9168419076089002,1818,1813,6.42264078419999,,,,CollegeFootballData.com API,2026-08-31T17:32:19.562789+00:00,/games,1.3
400756920,2015,3,regular,2015-09-19T00:00:00.000Z,False,True,False,True,39111,3615,"Alumni Stadium (Chestnut Hill, MA)",103,Boston College,fbs,ACC,0,"[0, 0, 0, 0]",0.05039042877100775,1531,1528,52,Florida State,fbs,ACC,14,"[7, 0, 0, 7]",0.9496095712289923,1851,1854,3.08192837469999,,,,CollegeFootballData.com API,2026-08-31T17:32:19.562789+00:00,/games,1.3
400787120,2015,3,regular,2015-09-19T01:00:00.000Z,False,True,False,False,33868,3653,Albertsons Stadium,68,Boise State,fbs,Mountain West,52,"[14, 7, 28, 3]",0.9999815730725332,,,304,Idaho State,fcs,Big Sky,0,"[0, 0, 0, 0]",1.842692746678587e-05,,,0.336876556099999,,,,CollegeFootballData.com API,2026-08-31T17:32:19.562789+00:00,/games,1.3
400787241,2015,3,regular,2015-09-19T02:00:00.000Z,False,True,False,False,43310,3947,Mountain America Stadium,9,Arizona State,fbs,Pac-12,34,"[0, 10, 14, 10]",0.9998980073266506,1619,1641,167,New Mexico,fbs,Mountain West,10,"[0, 0, 10, 0]",0.00010199267334942697,1255,1233,1.5271254676,,,,CollegeFootballData.com API,2026-08-31T17:32:19.562789+00:00,/games,1.3
400756930,2015,3,regular,2015-09-19T16:00:00.000Z,False,True,False,False,29124,3841,Michie Stadium,349,Army,fbs,FBS Independents,14,"[0, 7, 0, 7]",0.1244904874422874,1284,1281,154,Wake Forest,fbs,ACC,17,"[0, 0, 7, 10]",0.8755095125577126,1308,1311,7.89272695719999,,,,CollegeFootballData.com API,2026-08-31T17:32:19.562789+00:00,/games,1.3
400787310,2015,3,regular,2015-09-19T16:00:00.000Z,False,True,False,False,16763,3768,InfoCision Stadium,2006,Akron,fbs,Mid-American,52,"[7, 21, 10, 14]",0.9998670786368808,,,2542,Savannah State,fcs,MEAC,9,"[3, 6, 0, 0]",0.00013292136311915392,,,0.174088836,,,,CollegeFootballData.com API,2026-08-31T17:32:19.562789+00:00,/games,1.3
400763510,2015,3,regular,2015-09-19T16:00:00.000Z,False,True,False,False,36827,3665,SECU Stadium,120,Maryland,fbs,Big Ten,35,"[14, 7, 7, 7]",0.9934240788704981,1420,1452,58,South Florida,fbs,American Athletic,17,"[7, 3, 7, 0]",0.006575921129501894,1337,1305,3.1313502344,,,,CollegeFootballData.com API,2026-08-31T17:32:19.562789+00:00,/games,1.3
400763512,2015,3,regular,2015-09-19T16:00:00.000Z,False,True,False,False,74211,3936,Spartan Stadium,127,Michigan State,fbs,Big Ten,35,"[14, 14, 7, 0]",0.5453446299770823,1845,1844,2005,Air Force,fbs,Mountain West,21,"[7, 0, 7, 7]",0.45465537002291767,1487,1488,0.524569535699999,,,,CollegeFootballData.com API,2026-08-31T17:32:19.562789+00:00,/games,1.3
400763511,2015,3,regular,2015-09-19T16:00:00.000Z,False,True,False,False,108683,3558,Michigan Stadium,130,Michigan,fbs,Big Ten,28,"[7, 14, 0, 7]",0.9987207947305138,1609,1619,2439,UNLV,fbs,Mountain West,7,"[0, 0, 0, 7]",0.0012792052694862166,1198,1188,0.247736650199999,,,,CollegeFootballData.com API,2026-08-31T17:32:19.562789+00:00,/games,1.3
400763513,2015,3,regular,2015-09-19T16:00:00.000Z,False,True,False,False,52823,3953,Huntington Bank Stadium,135,Minnesota,fbs,Big Ten,10,"[3, 7, 0, 0]",0.9966737857721224,1643,1638,2309,Kent State,fbs,Mid-American,7,"[0, 0, 7, 0]",0.0033262142278775997,1142,1147,4.06860788899999,,,,CollegeFootballData.com API,2026-08-31T17:32:19.562789+00:00,/games,1.3
400603858,2015,3,regular,2015-09-19T16:00:00.000Z,False,True,False,False,102591,3795,Kyle Field,245,Texas A&M,fbs,SEC,44,"[14, 10, 14, 6]",0.9987075881470283,1752,1758,2440,Nevada,fbs,Mountain West,27,"[7, 3, 10, 7]",0.0012924118529716866,1402,1396,0.910045405700001,,,,CollegeFootballData.com API,2026-08-31T17:32:19.562789+00:00,/games,1.3
400603856,2015,3,regular,2015-09-19T16:00:00.000Z,False,True,False,False,70079,3838,Memorial Stadium,142,Missouri,fbs,SEC,9,"[2, 0, 7, 0]",0.4812466600110256,1690,1686,41,UConn,fbs,American Athletic,6,"[6, 0, 0, 0]",0.5187533399889743,1265,1269,4.5056262015,,,,CollegeFootballData.com API,2026-08-31T17:32:19.562789+00:00,/games,1.3
400763600,2015,3,regular,2015-09-19T16:00:00.000Z,False,True,False,False,15397,3715,FAU Stadium,2226,Florida Atlantic,fbs,Conference USA,15,"[2, 7, 0, 6]",0.311662355022877,1278,1245,2084,Buffalo,fbs,Mid-American,33,"[0, 7, 19, 7]",0.688337644977123,1386,1419,6.2163966397,,,,CollegeFootballData.com API,2026-08-31T17:32:19.562789+00:00,/games,1.3
400756924,2015,3,regular,2015-09-19T16:00:00.000Z,False,True,False,False,41000,3787,Kenan Stadium,153,North Carolina,fbs,ACC,48,"[10, 10, 7, 21]",0.9995430031189615,1477,1580,356,Illinois,fbs,Big Ten,14,"[0, 7, 0, 7]",0.0004569968810385072,1537,1434,2.71512490949999,,,,CollegeFootballData.com API,2026-08-31T17:32:19.562789+00:00,/games,1.3
400763418,2015,3,regular,2015-09-19T16:00:00.000Z,False,True,False,False,85657,3835,"Memorial Stadium (Norman, OK)",201,Oklahoma,fbs,Big 12,52,"[17, 14, 14, 7]",0.9634613428386921,1737,1733,202,Tulsa,fbs,American Athletic,38,"[3, 21, 7, 7]",0.036538657161307886,1335,1339,0.634954627399999,,,,CollegeFootballData.com API,2026-08-31T17:32:19.562789+00:00,/games,1.3
400756927,2015,3,regular,2015-09-19T16:30:00.000Z,False,True,False,False,27949,1964,JMA Wireless Dome,183,Syracuse,fbs,ACC,30,"[10, 14, 0, 0, 6]",0.5800210226399892,1444,1444,2117,Central Michigan,fbs,Mid-American,27,"[3, 7, 7, 7, 3]",0.4199789773600108,1407,1407,6.2913452231,,,,CollegeFootballData.com API,2026-08-31T17:32:19.562789+00:00,/games,1.3
400756921,2015,3,regular,2015-09-19T16:30:00.000Z,False,True,False,False,24127,3982,Wallace Wade Stadium,150,Duke,fbs,ACC,10,"[7, 0, 0, 3]",0.6655458539413127,1624,1597,77,Northwestern,fbs,Big Ten,19,"[0, 3, 9, 7]",0.3344541460586873,1520,1547,6.7212319452,,,,CollegeFootballData.com API,2026-08-31T17:32:19.562789+00:00,/games,1.3
400757030,2015,3,regular,2015-09-19T18:00:00.000Z,False,True,False,False,56859,3626,Autzen Stadium,2483,Oregon,fbs,Pac-12,61,"[13, 20, 14, 14]",0.9962276258067678,1934,1934,2247,Georgia State,fbs,Sun Belt,28,"[7, 0, 21, 0]",0.0037723741932321753,1108,1108,0.102695352399999,,,,CollegeFootballData.com API,2026-08-31T17:32:19.562789+00:00,/games,1.3
400787309,2015,3,regular,2015-09-19T18:00:00.000Z,False,True,False,False,22985,3876,Peden Stadium,195,Ohio,fbs,Mid-American,35,"[7, 14, 0, 14]",0.9990490438325768,,,2545,SE Louisiana,fcs,Southland,14,"[0, 0, 7, 7]",0.0009509561674232447,,,1.5419544153,,,,CollegeFootballData.com API,2026-08-31T17:32:19.562789+00:00,/games,1.3
400763605,2015,3,regular,2015-09-19T18:30:00.000Z,False,True,False,True,19602,3825,DATCU Stadium,249,North Texas,fbs,Conference USA,24,"[3, 7, 7, 7]",0.20018901609771575,1271,1255,242,Rice,fbs,Conference USA,38,"[0, 17, 21, 0]",0.7998109839022842,1444,1460,3.2858443917,,,,CollegeFootballData.com API,2026-08-31T17:32:19.562789+00:00,/games,1.3
400764869,2015,3,regular,2015-09-19T19:00:00.000Z,False,True,False,False,10141,3738,Gillette Stadium,113,Massachusetts,fbs,Mid-American,23,"[0, 17, 0, 6]",0.4751693244974566,1159,1176,218,Temple,fbs,American Athletic,25,"[7, 10, 3, 5]",0.5248306755025434,1553,1536,8.87544679779999,,,,CollegeFootballData.com API,2026-08-31T17:32:19.562789+00:00,/games,1.3
400764864,2015,3,regular,2015-09-19T19:00:00.000Z,False,True,False,False,21178,3700,Doyt L. Perry Stadium,189,Bowling Green,fbs,Mid-American,41,"[14, 13, 7, 7]",0.5137500191636204,1397,1407,235,Memphis,fbs,American Athletic,44,"[10, 7, 17, 10]",0.4862499808363796,1657,1647,9.5420807014,,,,CollegeFootballData.com API,2026-08-31T17:32:19.562789+00:00,/games,1.3
400763417,2015,3,regular,2015-09-19T19:00:00.000Z,False,True,False,False,53540,3636,Bill Snyder Family Stadium,2306,Kansas State,fbs,Big 12,39,"[3, 3, 7, 10, 7, 3, 6]",0.5554585215081798,1771,1775,2348,Louisiana Tech,fbs,Conference USA,33,"[0, 10, 3, 10, 7, 3, 0]",0.44454147849182024,1697,1693,9.04146611769999,,,,CollegeFootballData.com API,2026-08-31T17:32:19.562789+00:00,/games,1.3
400787311,2015,3,regular,2015-09-19T19:00:00.000Z,False,True,False,True,4463,3912,Rynearson Stadium,2199,Eastern Michigan,fbs,Mid-American,17,"[3, 14, 0, 0]",0.025588512048501422,1115,1114,2050,Ball State,fbs,Mid-American,28,"[0, 14, 0, 14]",0.9744114879514986,1383,1384,6.35903512619999,,,,CollegeFootballData.com API,2026-08-31T17:32:19.562789+00:00,/games,1.3
400756923,2015,3,regular,2015-09-19T19:30:00.000Z,False,True,False,False,53580,3948,Hard Rock Stadium,2390,Miami,fbs,ACC,36,"[17, 3, 10, 3, 3]",0.4649093831825758,1621,1623,158,Nebraska,fbs,Big Ten,33,"[0, 3, 7, 23, 0]",0.5350906168174242,1732,1730,3.6576485137,,,,CollegeFootballData.com API,2026-08-31T17:32:19.562789+00:00,/games,1.3
400764865,2015,3,regular,2015-09-19T19:30:00.000Z,False,True,False,False,18484,3996,Yager Stadium,193,Miami (OH),fbs,Mid-American,33,"[7, 16, 7, 3]",0.0628260723951724,1106,1127,2132,Cincinnati,fbs,American Athletic,37,"[14, 10, 6, 7]",0.9371739276048277,1563,1542,7.8680826722,,,,CollegeFootballData.com API,2026-08-31T17:32:19.562789+00:00,/games,1.3
400756929,2015,3,regular,2015-09-19T19:30:00.000Z,False,True,False,False,45759,3907,Ross-Ade Stadium,2509,Purdue,fbs,Big Ten,24,"[7, 10, 0, 7]",0.010519297099036849,1359,1311,259,Virginia Tech,fbs,ACC,51,"[10, 14, 17, 10]",0.9894807029009631,1575,1623,4.2833313228,,,,CollegeFootballData.com API,2026-08-31T17:32:19.562789+00:00,/games,1.3
400756922,2015,3,regular,2015-09-19T19:30:00.000Z,False,True,False,False,80795,3855,Notre Dame Stadium,87,Notre Dame,fbs,FBS Independents,30,"[7, 6, 3, 14]",0.994375477008177,1686,1711,59,Georgia Tech,fbs,ACC,22,"[0, 7, 0, 15]",0.005624522991823033,1877,1852,5.02572311869999,,,,CollegeFootballData.com API,2026-08-31T17:32:19.562789+00:00,/games,1.3
400763516,2015,3,regular,2015-09-19T19:30:00.000Z,False,True,False,False,77157,347,Camp Randall Stadium,275,Wisconsin,fbs,Big Ten,28,"[7, 7, 7, 7]",0.9998618417901961,1813,1812,2653,Troy,fbs,Sun Belt,3,"[3, 0, 0, 0]",0.00013815820980389582,1174,1175,0.5401642896,,,,CollegeFootballData.com API,2026-08-31T17:32:19.562789+00:00,/games,1.3
400763514,2015,3,regular,2015-09-19T19:30:00.000Z,False,True,False,False,104095,3861,Ohio Stadium,194,Ohio State,fbs,Big Ten,20,"[3, 7, 10, 0]",0.9442147041156724,2059,2041,2459,Northern Illinois,fbs,Mid-American,13,"[7, 3, 0, 3]",0.05578529588432757,1509,1527,2.46982753689999,,,,CollegeFootballData.com API,2026-08-31T17:32:19.562789+00:00,/games,1.3
400763602,2015,3,regular,2015-09-19T19:30:00.000Z,False,True,False,False,24114,3775,Joan C. Edwards Stadium,276,Marshall,fbs,Conference USA,45,"[10, 14, 14, 7]",0.9999439807396697,,,2450,Norfolk State,fcs,MEAC,7,"[7, 0, 0, 0]",5.60192603302756e-05,,,0.311343426899999,,,,CollegeFootballData.com API,2026-08-31T17:32:19.562789+00:00,/games,1.3
400603854,2015,3,regular,2015-09-19T19:30:00.000Z,False,True,False,True,102321,3958,Tiger Stadium (LA),99,LSU,fbs,SEC,45,"[14, 10, 14, 7]",0.9984348331140719,1716,1779,2,Auburn,fbs,SEC,21,"[0, 0, 14, 7]",0.0015651668859281154,1744,1681,1.5320680052,,,,CollegeFootballData.com API,2026-08-31T17:32:19.562789+00:00,/games,1.3
400756928,2015,3,regular,2015-09-19T19:30:00.000Z,False,True,False,False,41881,3923,Scott Stadium,258,Virginia,fbs,ACC,35,"[7, 14, 14, 0]",0.987732874611441,,,2729,William & Mary,fcs,CAA,29,"[7, 13, 0, 9]",0.012267125388559008,,,2.7295910673,,,,CollegeFootballData.com API,2026-08-31T17:32:19.562789+00:00,/games,1.3
400763419,2015,3,regular,2015-09-19T19:30:00.000Z,False,True,False,False,54351,3646,Boone Pickens Stadium,197,Oklahoma State,fbs,Big 12,69,"[17, 14, 10, 28]",0.9999410617111982,1577,1705,2636,UTSA,fbs,Conference USA,14,"[0, 7, 0, 7]",5.893828880176866e-05,1279,1151,0.295020736699999,,,,CollegeFootballData.com API,2026-08-31T17:32:19.562789+00:00,/games,1.3
400764866,2015,3,regular,2015-09-19T19:30:00.000Z,False,True,False,True,34717,3852,Navy-Marine Corps Memorial Stadium,2426,Navy,fbs,American Athletic,45,"[7, 21, 0, 17]",0.9957344100098235,1545,1610,151,East Carolina,fbs,American Athletic,21,"[7, 7, 0, 7]",0.004265589990176455,1592,1527,2.7719272801,,,,CollegeFootballData.com API,2026-08-31T17:32:19.562789+00:00,/games,1.3
400603855,2015,3,regular,2015-09-19T20:00:00.000Z,False,True,False,False,61574,3693,Davis Wade Stadium,344,Mississippi State,fbs,SEC,62,"[20, 14, 14, 14]",0.9999944958452774,,,2466,Northwestern State,fcs,Southland,13,"[0, 6, 7, 0]",5.504154722557608e-06,,,0.0580969341000001,,,,CollegeFootballData.com API,2026-08-31T17:32:19.562789+00:00,/games,1.3
400603859,2015,3,regular,2015-09-19T20:00:00.000Z,False,True,False,False,31399,3973,FirstBank Stadium,238,Vanderbilt,fbs,SEC,47,"[3, 16, 21, 7]",0.9999839909868237,,,2046,Austin Peay,fcs,OVC,7,"[0, 7, 0, 0]",1.600901317633241e-05,,,0.258641061,,,,CollegeFootballData.com API,2026-08-31T17:32:19.562789+00:00,/games,1.3
400763509,2015,3,regular,2015-09-19T20:00:00.000Z,False,True,False,False,44823,3830,"Memorial Stadium (Bloomington, IN)",84,Indiana,fbs,Big Ten,38,"[7, 10, 21, 0]",0.48958356616118565,1435,1437,98,Western Kentucky,fbs,Conference USA,35,"[7, 21, 0, 7]",0.5104164338388144,1519,1517,7.0576849589,,,,CollegeFootballData.com API,2026-08-31T17:32:19.562789+00:00,/games,1.3
400787442,2015,3,regular,2015-09-19T21:00:00.000Z,False,True,False,False,11633,3791,Kibbie Dome,70,Idaho,fbs,Sun Belt,41,"[14, 13, 7, 7]",0.38240412226092546,,,2747,Wofford,fcs,Southern,38,"[3, 14, 14, 7]",0.6175958777390745,,,8.7034178819,,,,CollegeFootballData.com API,2026-08-31T17:32:19.562789+00:00,/games,1.3
400757032,2015,3,regular,2015-09-19T21:00:00.000Z,False,True,False,False,59464,3765,Husky Stadium,264,Washington,fbs,Pac-12,31,"[3, 14, 14, 0]",0.9991697458162895,1625,1647,328,Utah State,fbs,Mountain West,17,"[0, 10, 0, 7]",0.0008302541837105215,1558,1536,3.1413616496,,,,CollegeFootballData.com API,2026-08-31T17:32:19.562789+00:00,/games,1.3
400603852,2015,3,regular,2015-09-19T22:00:00.000Z,False,True,False,True,92746,3917,Sanford Stadium,61,Georgia,fbs,SEC,52,"[3, 21, 21, 7]",0.9999773837656266,1886,1941,2579,South Carolina,fbs,SEC,20,"[3, 10, 0, 7]",2.261623437338489e-05,1623,1568,1.38517486219999,,,,CollegeFootballData.com API,2026-08-31T17:32:19.562789+00:00,/games,1.3
400764868,2015,3,regular,2015-09-19T22:00:00.000Z,False,True,False,False,36484,3652,FBC Mortgage Stadium,2116,UCF,fbs,American Athletic,15,"[7, 5, 3, 0]",0.1529864866972871,,,231,Furman,fcs,Southern,16,"[0, 7, 6, 3]",0.8470135133027129,,,5.0345246323,,,,CollegeFootballData.com API,2026-08-31T17:32:19.562789+00:00,/games,1.3
400763601,2015,3,regular,2015-09-19T22:00:00.000Z,False,True,False,False,16567,218,FIU Stadium,2229,Florida International,fbs,Conference USA,39,"[12, 14, 13, 0]",0.9998841221688044,,,2428,North Carolina Central,fcs,MEAC,14,"[7, 7, 0, 0]",0.0001158778311955988,,,0.555007386,,,,CollegeFootballData.com API,2026-08-31T17:32:19.562789+00:00,/games,1.3
400787441,2015,3,regular,2015-09-19T22:00:00.000Z,False,True,False,False,24872,3608,Allen E. Paulson Stadium,290,Georgia Southern,fbs,Sun Belt,48,"[10, 21, 10, 7]",0.9998787917514482,,,2643,The Citadel,fcs,Southern,13,"[0, 0, 7, 6]",0.00012120824855177403,,,0.277053701299999,,,,CollegeFootballData.com API,2026-08-31T17:32:19.562789+00:00,/games,1.3
400763606,2015,3,regular,2015-09-19T23:00:00.000Z,False,True,False,False,27252,3644,Bobcat Stadium (TX),326,Texas State,fbs,Sun Belt,50,"[3, 22, 3, 22]",0.45896469593036016,1306,1286,2572,Southern Miss,fbs,Conference USA,56,"[14, 7, 21, 14]",0.5410353040696398,1188,1208,5.8077407852,,,,CollegeFootballData.com API,2026-08-31T17:32:19.562789+00:00,/games,1.3
400756925,2015,3,regular,2015-09-19T23:00:00.000Z,False,True,False,False,20118,3918,S.B. Ballard Stadium,295,Old Dominion,fbs,Conference USA,14,"[0, 7, 7, 0]",0.07559093096064624,1285,1255,152,NC State,fbs,ACC,38,"[7, 14, 7, 10]",0.9244090690393537,1579,1609,2.2084970383,,,,CollegeFootballData.com API,2026-08-31T17:32:19.562789+00:00,/games,1.3
400757028,2015,3,regular,2015-09-19T23:00:00.000Z,False,True,True,False,66253,3937,Sports Authority Field at Mile High,36,Colorado State,fbs,Mountain West,24,"[14, 0, 3, 7, 0]",0.6753364197000763,1537,1531,38,Colorado,fbs,Pac-12,27,"[0, 10, 7, 7, 3]",0.3246635802999237,1425,1431,9.6061178596,,,,CollegeFootballData.com API,2026-08-31T17:32:19.562789+00:00,/games,1.3
400603851,2015,3,regular,2015-09-19T23:00:00.000Z,False,True,False,False,73334,3887,Razorback Stadium,8,Arkansas,fbs,SEC,24,"[7, 14, 3, 0]",0.09238808959724196,1766,1721,2641,Texas Tech,fbs,Big 12,35,"[14, 7, 7, 7]",0.907611910402758,1541,1586,4.8444808568,,,,CollegeFootballData.com API,2026-08-31T17:32:19.562789+00:00,/games,1.3
400603857,2015,3,regular,2015-09-19T23:00:00.000Z,False,True,False,False,102136,3853,Neyland Stadium,2633,Tennessee,fbs,SEC,55,"[10, 31, 14, 0]",0.9999805017234292,,,2717,Western Carolina,fcs,Southern,10,"[0, 3, 0, 7]",1.9498276570772965e-05,,,0.133740864299999,,,,CollegeFootballData.com API,2026-08-31T17:32:19.562789+00:00,/games,1.3
400787420,2015,3,regular,2015-09-19T23:00:00.000Z,False,True,False,False,26634,3625,Centennial Bank Stadium,2032,Arkansas State,fbs,Sun Belt,70,"[21, 21, 21, 7]",0.9999962017072943,,,2623,Missouri State,fcs,MVFC,7,"[0, 0, 7, 0]",3.798292705692319e-06,,,0.3313644681,,,,CollegeFootballData.com API,2026-08-31T17:32:19.562789+00:00,/games,1.3
400763603,2015,3,regular,2015-09-19T23:00:00.000Z,False,True,False,True,16030,3725,"Johnny ""Red"" Floyd Stadium",2393,Middle Tennessee,fbs,Conference USA,73,"[42, 7, 17, 7]",0.9999946847748845,1366,1578,2429,Charlotte,fbs,Conference USA,14,"[7, 7, 0, 0]",5.315225115487543e-06,1482,1270,0.427892774500001,,,,CollegeFootballData.com API,2026-08-31T17:32:19.562789+00:00,/games,1.3
400787312,2015,3,regular,2015-09-19T23:00:00.000Z,False,True,False,False,20543,3980,Waldo Stadium,2711,Western Michigan,fbs,Mid-American,52,"[10, 14, 14, 14]",0.9986276701679023,,,93,Murray State,fcs,OVC,20,"[0, 6, 0, 14]",0.001372329832097674,,,0.444817636099999,,,,CollegeFootballData.com API,2026-08-31T17:32:19.562789+00:00,/games,1.3
400603853,2015,3,regular,2015-09-19T23:30:00.000Z,False,True,False,True,63040,3683,Kroger Field,96,Kentucky,fbs,SEC,9,"[3, 0, 0, 6]",0.15273533351014842,1437,1448,57,Florida,fbs,SEC,14,"[7, 7, 0, 0]",0.8472646664898515,1732,1721,5.5937601847,,,,CollegeFootballData.com API,2026-08-31T17:32:19.562789+00:00,/games,1.3
400757034,2015,3,regular,2015-09-19T23:30:00.000Z,False,True,False,False,91568,3910,DKR-Texas Memorial Stadium,251,Texas,fbs,Big 12,44,"[7, 17, 0, 20]",0.3287524237604427,1499,1498,25,California,fbs,Pac-12,45,"[7, 17, 21, 0]",0.6712475762395573,1502,1503,5.6740754017,,,,CollegeFootballData.com API,2026-08-31T17:32:19.562789+00:00,/games,1.3
400787243,2015,3,regular,2015-09-20T00:00:00.000Z,False,True,False,False,18194,3932,Qualcomm Stadium,21,San Diego State,fbs,Mountain West,27,"[0, 17, 3, 7, 0]",0.9317595127242639,1421,1398,6,South Alabama,fbs,Sun Belt,34,"[3, 7, 7, 10, 7]",0.06824048727573606,1296,1319,7.30998903929999,,,,CollegeFootballData.com API,2026-08-31T17:32:19.562789+00:00,/games,1.3
400763420,2015,3,regular,2015-09-20T00:00:00.000Z,False,True,False,False,48127,3616,Amon G. Carter Stadium,2628,TCU,fbs,Big 12,56,"[14, 14, 14, 14]",0.8289754877266383,1951,1929,2567,SMU,fbs,American Athletic,37,"[10, 7, 17, 3]",0.17102451227336168,1193,1215,0.7883049667,,,,CollegeFootballData.com API,2026-08-31T17:32:19.562789+00:00,/games,1.3
400763604,2015,3,regular,2015-09-20T00:00:00.000Z,False,True,False,False,17210,3601,Aggie Memorial Stadium,166,New Mexico State,fbs,Sun Belt,47,"[13, 3, 14, 14, 3]",0.9671586229289645,1033,1037,2638,UTEP,fbs,Conference USA,50,"[9, 0, 7, 28, 6]",0.032841377071035516,1172,1168,7.91998888139999,,,,CollegeFootballData.com API,2026-08-31T17:32:19.562789+00:00,/games,1.3
400764867,2015,3,regular,2015-09-20T00:00:00.000Z,False,True,False,False,21114,4729,Yulman Stadium,2655,Tulane,fbs,American Athletic,38,"[3, 21, 14, 0]",0.9999856376169665,,,311,Maine,fcs,CAA,7,"[7, 0, 0, 0]",1.4362383033539317e-05,,,2.2777562506,,,,CollegeFootballData.com API,2026-08-31T17:32:19.562789+00:00,/games,1.3
400757031,2015,3,regular,2015-09-20T00:00:00.000Z,False,True,False,False,34573,3893,Reser Stadium,204,Oregon State,fbs,Pac-12,35,"[7, 7, 21, 0]",0.998222010109287,1396,1412,23,San José State,fbs,Mountain West,21,"[7, 14, 0, 0]",0.0017779898907129832,1250,1234,4.53089166709999,,,,CollegeFootballData.com API,2026-08-31T17:32:19.562789+00:00,/games,1.3
400763421,2015,3,regular,2015-09-20T00:00:00.000Z,False,True,False,False,23104,3739,Glass Bowl,2649,Toledo,fbs,Mid-American,30,"[10, 3, 7, 0, 3, 7]",0.21441666577518917,1542,1540,66,Iowa State,fbs,Big 12,23,"[3, 7, 0, 10, 3, 0]",0.7855833342248109,1327,1329,7.0527724031,,,,CollegeFootballData.com API,2026-08-31T17:32:19.562789+00:00,/games,1.3
400763515,2015,3,regular,2015-09-20T00:00:00.000Z,False,True,False,True,103323,3632,Beaver Stadium,213,Penn State,fbs,Big Ten,28,"[0, 21, 0, 7]",0.9999079274959048,1528,1584,164,Rutgers,fbs,Big Ten,3,"[0, 0, 0, 3]",9.207250409515311e-05,1469,1413,2.57306662979999,,,,CollegeFootballData.com API,2026-08-31T17:32:19.562789+00:00,/games,1.3
400757026,2015,3,regular,2015-09-20T00:00:00.000Z,False,True,False,True,78306,477,Los Angeles Memorial Coliseum,30,USC,fbs,Pac-12,31,"[14, 7, 7, 3]",0.016018427758403484,1913,1878,24,Stanford,fbs,Pac-12,41,"[7, 17, 7, 10]",0.9839815722415965,1758,1793,5.2390638433,,,,CollegeFootballData.com API,2026-08-31T17:32:19.562789+00:00,/games,1.3
400756926,2015,3,regular,2015-09-20T00:00:00.000Z,False,True,False,False,63636,3793,Kinnick Stadium,2294,Iowa,fbs,Big Ten,27,"[3, 14, 0, 10]",0.9735259874915645,1576,1577,221,Pittsburgh,fbs,ACC,24,"[0, 7, 10, 7]",0.026474012508435507,1544,1543,6.4603234827,,,,CollegeFootballData.com API,2026-08-31T17:32:19.562789+00:00,/games,1.3
400757033,2015,3,regular,2015-09-20T00:30:00.000Z,False,True,False,False,31105,3820,Gesa Field,265,Washington State,fbs,Pac-12,31,"[7, 14, 0, 10]",0.9988182953113988,1429,1447,2751,Wyoming,fbs,Mountain West,14,"[14, 0, 0, 0]",0.0011817046886012372,1216,1198,2.4625590137,,,,CollegeFootballData.com API,2026-08-31T17:32:19.562789+00:00,/games,1.3
400603850,2015,3,regular,2015-09-20T01:15:00.000Z,False,True,False,True,101821,3657,Bryant-Denny Stadium,333,Alabama,fbs,SEC,37,"[0, 10, 7, 20]",0.33093139744213274,1958,1935,145,Ole Miss,fbs,SEC,43,"[3, 14, 13, 13]",0.6690686025578673,1804,1827,6.3052521722,,,,CollegeFootballData.com API,2026-08-31T17:32:19.562789+00:00,/games,1.3
400757029,2015,3,regular,2015-09-20T02:30:00.000Z,False,True,False,False,33675,3660,Valley Children's Stadium,278,Fresno State,fbs,Mountain West,24,"[3, 0, 0, 21]",0.0949991319728052,1270,1254,254,Utah,fbs,Pac-12,45,"[10, 7, 7, 21]",0.9050008680271948,1624,1640,2.0564132847,,,,CollegeFootballData.com API,2026-08-31T17:32:19.562789+00:00,/games,1.3
400757027,2015,3,regular,2015-09-20T02:30:00.000Z,False,True,False,False,67612,1056,Rose Bowl,26,UCLA,fbs,Pac-12,24,"[0, 3, 7, 14]",0.5827608141847778,1751,1748,252,BYU,fbs,FBS Independents,23,"[7, 3, 7, 6]",0.41723918581522224,1615,1618,7.627743602,,,,CollegeFootballData.com API,2026-08-31T17:32:19.562789+00:00,/games,1.3
400757024,2015,3,regular,2015-09-20T03:00:00.000Z,False,True,False,False,51494,3619,Arizona Stadium,12,Arizona,fbs,Pac-12,77,"[7, 35, 14, 21]",0.9999585182406321,,,2464,Northern Arizona,fcs,Big Sky,13,"[6, 7, 0, 0]",4.1481759367911764e-05,,,0.417272903499999,,,,CollegeFootballData.com API,2026-08-31T17:32:19.562789+00:00,/games,1.3
400787242,2015,3,regular,2015-09-20T03:59:00.000Z,False,True,True,False,25714,3610,Aloha Stadium,62,Hawai'i,fbs,Mountain West,47,"[3, 10, 13, 21]",0.998372317967752,,,302,UC Davis,fcs,Big Sky,27,"[3, 7, 0, 17]",0.0016276820322479457,,,1.8751181317,,,,CollegeFootballData.com API,2026-08-31T17:32:19.562789+00:00,/games,1.3
400764870,2015,4,regular,2015-09-24T23:30:00.000Z,False,True,False,True,45172,3805,Simmons Bank Liberty Stadium,235,Memphis,fbs,American Athletic,53,"[14, 14, 3, 22]",0.603277479865273,1647,1651,2132,Cincinnati,fbs,American Athletic,46,"[10, 20, 3, 13]",0.396722520134727,1542,1538,12.0715982911,,,,CollegeFootballData.com API,2026-08-31T17:32:19.562789+00:00,/games,1.3
400756931,2015,4,regular,2015-09-26T00:00:00.000Z,False,True,False,False,42427,3923,Scott Stadium,258,Virginia,fbs,ACC,14,"[7, 7, 0, 0]",0.003538025002349245,1475,1378,68,Boise State,fbs,Mountain West,56,"[17, 12, 17, 10]",0.9964619749976508,1686,1783,2.6222330256,,,,CollegeFootballData.com API,2026-08-31T17:32:19.562789+00:00,/games,1.3
400757035,2015,4,regular,2015-09-26T02:00:00.000Z,False,True,False,True,37302,3893,Reser Stadium,204,Oregon State,fbs,Pac-12,24,"[7, 10, 0, 7]",0.32786812819762573,1412,1406,24,Stanford,fbs,Pac-12,42,"[14, 7, 14, 7]",0.6721318718023743,1793,1799,2.83420787499999,,,,CollegeFootballData.com API,2026-08-31T17:32:19.562789+00:00,/games,1.3
400756933,2015,4,regular,2015-09-26T16:00:00.000Z,False,True,False,True,20101,3982,Wallace Wade Stadium,150,Duke,fbs,ACC,34,"[19, 0, 7, 8]",0.9303735406313207,1597,1649,59,Georgia Tech,fbs,ACC,20,"[3, 7, 3, 7]",0.06962645936867928,1852,1800,5.7972356148,,,,CollegeFootballData.com API,2026-08-31T17:32:19.562789+00:00,/games,1.3
400763522,2015,4,regular,2015-09-26T16:00:00.000Z,False,True,False,False,89899,3834,"Memorial Stadium (Lincoln, NE)",158,Nebraska,fbs,Big Ten,36,"[10, 12, 7, 7]",0.9686545218202743,1730,1713,2572,Southern Miss,fbs,Conference USA,28,"[0, 0, 7, 21]",0.03134547817972566,1208,1225,1.33238074449999,,,,CollegeFootballData.com API,2026-08-31T17:32:19.562789+00:00,/games,1.3
400763519,2015,4,regular,2015-09-26T16:00:00.000Z,False,True,False,False,108940,3558,Michigan Stadium,130,Michigan,fbs,Big Ten,31,"[7, 24, 0, 0]",0.9999873657195727,1619,1703,252,BYU,fbs,FBS Independents,0,"[0, 0, 0, 0]",1.2634280427303857e-05,1618,1534,1.81035507409999,,,,CollegeFootballData.com API,2026-08-31T17:32:19.562789+00:00,/games,1.3
400603845,2015,4,regular,2015-09-26T16:00:00.000Z,False,True,False,False,92746,3917,Sanford Stadium,61,Georgia,fbs,SEC,48,"[17, 3, 28, 0]",0.9999632725353403,,,2582,Southern,fcs,SWAC,6,"[0, 6, 0, 0]",3.672746465965826e-05,,,0.0369241653999997,,,,CollegeFootballData.com API,2026-08-31T17:32:19.562789+00:00,/games,1.3
400603849,2015,4,regular,2015-09-26T16:00:00.000Z,False,True,False,False,43101,1964,JMA Wireless Dome,183,Syracuse,fbs,ACC,24,"[0, 3, 7, 14]",0.08095955130524764,1444,1451,99,LSU,fbs,SEC,34,"[7, 0, 17, 10]",0.9190404486947523,1779,1772,1.884935958,,,,CollegeFootballData.com API,2026-08-31T17:32:19.562789+00:00,/games,1.3
400763520,2015,4,regular,2015-09-26T16:00:00.000Z,False,True,False,False,75218,3936,Spartan Stadium,127,Michigan State,fbs,Big Ten,30,"[7, 10, 0, 13]",0.997091958070702,1844,1849,2117,Central Michigan,fbs,Mid-American,10,"[0, 7, 3, 0]",0.0029080419292980553,1407,1402,1.18477568309999,,,,CollegeFootballData.com API,2026-08-31T17:32:19.562789+00:00,/games,1.3
400764871,2015,4,regular,2015-09-26T16:00:00.000Z,False,True,False,True,0,3892,Pratt & Whitney Stadium,41,UConn,fbs,American Athletic,18,"[3, 7, 0, 8]",0.035129288127920974,1269,1276,2426,Navy,fbs,American Athletic,28,"[7, 14, 0, 7]",0.9648707118720791,1610,1603,2.659398864,,,,CollegeFootballData.com API,2026-08-31T17:32:19.562789+00:00,/games,1.3
400763526,2015,4,regular,2015-09-26T16:00:00.000Z,False,True,False,False,33162,3907,Ross-Ade Stadium,2509,Purdue,fbs,Big Ten,28,"[7, 7, 7, 7]",0.011476023542875672,1311,1305,189,Bowling Green,fbs,Mid-American,35,"[7, 14, 0, 14]",0.9885239764571243,1407,1413,9.8854158524,,,,CollegeFootballData.com API,2026-08-31T17:32:19.562789+00:00,/games,1.3
400603848,2015,4,regular,2015-09-26T16:00:00.000Z,False,True,False,False,78411,3994,Williams-Brice Stadium,2579,South Carolina,fbs,SEC,31,"[3, 5, 20, 3]",0.9978807414692614,1568,1605,2116,UCF,fbs,American Athletic,14,"[0, 14, 0, 0]",0.002119258530738577,1560,1523,4.0770564553,,,,CollegeFootballData.com API,2026-08-31T17:32:19.562789+00:00,/games,1.3
400763423,2015,4,regular,2015-09-26T16:00:00.000Z,False,True,False,False,46136,3754,High Point Solutions Stadium,164,Rutgers,fbs,Big Ten,27,"[7, 13, 7, 0]",0.9976056920925067,1413,1426,2305,Kansas,fbs,Big 12,14,"[0, 7, 7, 0]",0.002394307907493287,1256,1243,2.0200023644,,,,CollegeFootballData.com API,2026-08-31T17:32:19.562789+00:00,/games,1.3
400756935,2015,4,regular,2015-09-26T16:30:00.000Z,False,True,False,False,39000,3787,Kenan Stadium,153,North Carolina,fbs,ACC,41,"[7, 6, 14, 14]",0.9999454649422107,,,48,Delaware,fcs,CAA,14,"[7, 0, 7, 0]",5.453505778929557e-05,,,0.371109724699999,,,,CollegeFootballData.com API,2026-08-31T17:32:19.562789+00:00,/games,1.3
400756938,2015,4,regular,2015-09-26T16:30:00.000Z,False,True,False,False,22508,3630,Allegacy Federal Credit Union Stadium,154,Wake Forest,fbs,ACC,24,"[0, 10, 0, 14]",0.1395830006584572,1311,1307,84,Indiana,fbs,Big Ten,31,"[7, 10, 7, 7]",0.8604169993415428,1437,1441,5.048770325,,,,CollegeFootballData.com API,2026-08-31T17:32:19.562789+00:00,/games,1.3
400756932,2015,4,regular,2015-09-26T17:00:00.000Z,False,True,False,False,30193,3615,"Alumni Stadium (Chestnut Hill, MA)",103,Boston College,fbs,ACC,17,"[0, 7, 7, 3]",0.9819967141818423,1528,1529,2459,Northern Illinois,fbs,Mid-American,14,"[0, 7, 0, 7]",0.018003285818157688,1527,1526,6.5275712608,,,,CollegeFootballData.com API,2026-08-31T17:32:19.562789+00:00,/games,1.3
400757038,2015,4,regular,2015-09-26T17:30:00.000Z,False,True,False,False,37302,3726,Folsom Field,38,Colorado,fbs,Pac-12,48,"[21, 3, 17, 7]",0.9999849257950093,,,2447,Nicholls,fcs,Southland,0,"[0, 0, 0, 0]",1.5074204990694895e-05,,,0.0398866267000006,,,,CollegeFootballData.com API,2026-08-31T17:32:19.562789+00:00,/games,1.3
400763609,2015,4,regular,2015-09-26T18:30:00.000Z,False,True,False,True,20010,3776,Joe Aillet Stadium,2348,Louisiana Tech,fbs,Conference USA,27,"[7, 10, 0, 10]",0.9671631610923881,1693,1685,2229,Florida International,fbs,Conference USA,17,"[0, 3, 7, 7]",0.03283683890761191,1316,1324,2.5230623004,,,,CollegeFootballData.com API,2026-08-31T17:32:19.562789+00:00,/games,1.3
400763422,2015,4,regular,2015-09-26T19:00:00.000Z,False,True,False,False,43619,4727,McLane Stadium,239,Baylor,fbs,Big 12,70,"[21, 21, 21, 7]",0.9999922956918615,1889,1991,242,Rice,fbs,Conference USA,17,"[10, 0, 7, 0]",7.704308138456462e-06,1460,1358,0.1756292955,,,,CollegeFootballData.com API,2026-08-31T17:32:19.562789+00:00,/games,1.3
400763426,2015,4,regular,2015-09-26T19:00:00.000Z,False,True,False,False,61174,3842,Milan Puskar Stadium,277,West Virginia,fbs,Big 12,45,"[21, 17, 0, 7]",0.9999876353865623,1739,1813,120,Maryland,fbs,Big Ten,6,"[0, 0, 0, 6]",1.2364613437676475e-05,1452,1378,0.756686807799998,,,,CollegeFootballData.com API,2026-08-31T17:32:19.562789+00:00,/games,1.3
400787246,2015,4,regular,2015-09-26T19:00:00.000Z,False,True,False,True,18723,3984,War Memorial Stadium,2751,Wyoming,fbs,Mountain West,28,"[0, 14, 7, 7]",0.7609238555859629,1198,1180,167,New Mexico,fbs,Mountain West,38,"[14, 14, 7, 3]",0.23907614441403713,1233,1251,2.7423207466,,,,CollegeFootballData.com API,2026-08-31T17:32:19.562789+00:00,/games,1.3
400763608,2015,4,regular,2015-09-26T19:30:00.000Z,False,True,False,False,15424,3696,Dix Stadium,2309,Kent State,fbs,Mid-American,29,"[6, 7, 6, 3, 7, 0]",0.9142580953446645,1147,1171,276,Marshall,fbs,Conference USA,36,"[7, 0, 7, 8, 7, 7]",0.08574190465533549,1687,1663,11.3025601217,,,,CollegeFootballData.com API,2026-08-31T17:32:19.562789+00:00,/games,1.3
400787245,2015,4,regular,2015-09-26T19:30:00.000Z,False,True,False,False,19072,3965,UB Stadium,2084,Buffalo,fbs,Mid-American,21,"[7, 3, 3, 8]",0.43349222857407776,1419,1413,2440,Nevada,fbs,Mountain West,24,"[14, 3, 0, 7]",0.5665077714259222,1396,1402,7.1182849857,,,,CollegeFootballData.com API,2026-08-31T17:32:19.562789+00:00,/games,1.3
400763613,2015,4,regular,2015-09-26T19:30:00.000Z,False,True,False,False,20320,3796,Houchens Industries-L.T. Smith Stadium,98,Western Kentucky,fbs,Conference USA,56,"[21, 28, 0, 7]",0.9998167235153047,1517,1588,193,Miami (OH),fbs,Mid-American,14,"[0, 7, 0, 7]",0.0001832764846952939,1127,1056,0.279826865999999,,,,CollegeFootballData.com API,2026-08-31T17:32:19.562789+00:00,/games,1.3
400763518,2015,4,regular,2015-09-26T19:30:00.000Z,False,True,False,False,56041,3793,Kinnick Stadium,2294,Iowa,fbs,Big Ten,62,"[14, 21, 13, 14]",0.9999790556973186,1577,1670,249,North Texas,fbs,Conference USA,16,"[0, 13, 3, 0]",2.0944302681402682e-05,1255,1162,0.346770991699999,,,,CollegeFootballData.com API,2026-08-31T17:32:19.562789+00:00,/games,1.3
400603844,2015,4,regular,2015-09-26T19:30:00.000Z,False,True,False,True,90527,3634,Ben Hill Griffin Stadium,57,Florida,fbs,SEC,28,"[7, 0, 7, 14]",0.36486876087653264,1721,1720,2633,Tennessee,fbs,SEC,27,"[7, 10, 3, 7]",0.6351312391234674,1661,1662,6.8801248513,,,,CollegeFootballData.com API,2026-08-31T17:32:19.562789+00:00,/games,1.3
400763583,2015,4,regular,2015-09-26T19:30:00.000Z,False,True,False,False,80795,3855,Notre Dame Stadium,87,Notre Dame,fbs,FBS Independents,62,"[14, 21, 20, 7]",0.998340136623098,1711,1745,113,Massachusetts,fbs,Mid-American,27,"[6, 14, 0, 7]",0.0016598633769020488,1176,1142,0.8093868626,,,,CollegeFootballData.com API,2026-08-31T17:32:19.562789+00:00,/games,1.3
400763424,2015,4,regular,2015-09-26T19:30:00.000Z,False,True,False,True,87073,3910,DKR-Texas Memorial Stadium,251,Texas,fbs,Big 12,27,"[6, 14, 7, 0]",0.15953617269098302,1498,1506,197,Oklahoma State,fbs,Big 12,30,"[14, 3, 7, 6]",0.840463827309017,1705,1697,9.5832100061,,,,CollegeFootballData.com API,2026-08-31T17:32:19.562789+00:00,/games,1.3
400763521,2015,4,regular,2015-09-26T19:30:00.000Z,False,True,False,False,53917,3953,Huntington Bank Stadium,135,Minnesota,fbs,Big Ten,27,"[0, 14, 3, 10]",0.9502865441373841,1638,1636,195,Ohio,fbs,Mid-American,24,"[7, 7, 0, 10]",0.049713455862615885,1399,1401,8.7196772237,,,,CollegeFootballData.com API,2026-08-31T17:32:19.562789+00:00,/games,1.3
400763610,2015,4,regular,2015-09-26T19:30:00.000Z,False,True,False,False,20118,3918,S.B. Ballard Stadium,295,Old Dominion,fbs,Conference USA,0,"[0, 0, 0, 0]",0.003790899526331642,1255,1128,2026,App State,fbs,Sun Belt,49,"[7, 28, 14, 0]",0.9962091004736684,1433,1560,1.80452598879999,,,,CollegeFootballData.com API,2026-08-31T17:32:19.562789+00:00,/games,1.3
400756937,2015,4,regular,2015-09-26T19:30:00.000Z,False,True,False,False,50514,3699,Dowdy-Ficklen Stadium,151,East Carolina,fbs,American Athletic,35,"[14, 7, 14, 0]",0.9176098487330859,1527,1542,259,Virginia Tech,fbs,ACC,28,"[14, 0, 7, 7]",0.08239015126691407,1623,1608,5.832329348,,,,CollegeFootballData.com API,2026-08-31T17:32:19.562789+00:00,/games,1.3
400763524,2015,4,regular,2015-09-26T19:30:00.000Z,False,True,False,False,106123,3861,Ohio Stadium,194,Ohio State,fbs,Big Ten,38,"[7, 17, 7, 7]",0.9999016378280439,2041,2040,2711,Western Michigan,fbs,Mid-American,12,"[0, 6, 6, 0]",9.83621719561345e-05,1375,1376,0.544893319599999,,,,CollegeFootballData.com API,2026-08-31T17:32:19.562789+00:00,/games,1.3
400763525,2015,4,regular,2015-09-26T19:30:00.000Z,False,True,False,False,95107,3632,Beaver Stadium,213,Penn State,fbs,Big Ten,37,"[10, 17, 0, 10]",0.9971882650899029,1584,1601,21,San Diego State,fbs,Mountain West,21,"[7, 7, 7, 0]",0.002811734910097119,1398,1381,3.2363138567,,,,CollegeFootballData.com API,2026-08-31T17:32:19.562789+00:00,/games,1.3
400603841,2015,4,regular,2015-09-26T20:00:00.000Z,False,True,False,False,101323,3657,Bryant-Denny Stadium,333,Alabama,fbs,SEC,34,"[7, 7, 10, 10]",0.9999428169366917,1935,1953,2433,UL Monroe,fbs,Sun Belt,0,"[0, 0, 0, 0]",5.7183063308263726e-05,1274,1256,0.256862615399999,,,,CollegeFootballData.com API,2026-08-31T17:32:19.562789+00:00,/games,1.3
400763517,2015,4,regular,2015-09-26T20:00:00.000Z,False,True,False,False,44366,3832,"Memorial Stadium (Champaign, IL)",356,Illinois,fbs,Big Ten,27,"[7, 10, 7, 3]",0.3356487178616466,1434,1436,2393,Middle Tennessee,fbs,Conference USA,25,"[3, 9, 0, 13]",0.6643512821383535,1578,1576,6.6622778475,,,,CollegeFootballData.com API,2026-08-31T17:32:19.562789+00:00,/games,1.3
400763425,2015,4,regular,2015-09-26T20:45:00.000Z,False,True,False,True,61283,3784,Jones AT&T Stadium,2641,Texas Tech,fbs,Big 12,52,"[14, 14, 10, 14]",0.024801159291499602,1586,1601,2628,TCU,fbs,Big 12,55,"[16, 17, 7, 15]",0.9751988407085004,1929,1914,9.5521472396,,,,CollegeFootballData.com API,2026-08-31T17:32:19.562789+00:00,/games,1.3
400757040,2015,4,regular,2015-09-26T21:00:00.000Z,False,True,False,True,61066,3765,Husky Stadium,264,Washington,fbs,Pac-12,24,"[7, 0, 14, 3]",0.1697506332448502,1647,1625,25,California,fbs,Pac-12,30,"[3, 17, 7, 3]",0.8302493667551498,1503,1525,5.3111342706,,,,CollegeFootballData.com API,2026-08-31T17:32:19.562789+00:00,/games,1.3
400756934,2015,4,regular,2015-09-26T22:00:00.000Z,False,True,False,False,50121,3873,L&N Federal Credit Union Stadium,97,Louisville,fbs,ACC,45,"[21, 10, 7, 7]",0.9999943353780176,,,2535,Samford,fcs,Southern,3,"[0, 3, 0, 0]",5.664621982370832e-06,,,0.141030254999999,,,,CollegeFootballData.com API,2026-08-31T17:32:19.562789+00:00,/games,1.3
400760493,2015,4,regular,2015-09-26T22:00:00.000Z,False,True,False,False,6513,3912,Rynearson Stadium,2199,Eastern Michigan,fbs,Mid-American,36,"[3, 14, 13, 6]",0.008586931192694689,1114,1076,349,Army,fbs,FBS Independents,58,"[15, 14, 7, 22]",0.9914130688073053,1281,1319,3.3246241351,,,,CollegeFootballData.com API,2026-08-31T17:32:19.562789+00:00,/games,1.3
400787314,2015,4,regular,2015-09-26T23:00:00.000Z,False,True,False,False,21385,3739,Glass Bowl,2649,Toledo,fbs,Mid-American,37,"[17, 10, 3, 7]",0.9999271777848078,1540,1600,2032,Arkansas State,fbs,Sun Belt,7,"[0, 7, 0, 0]",7.282221519222531e-05,1374,1314,1.36584244349999,,,,CollegeFootballData.com API,2026-08-31T17:32:19.562789+00:00,/games,1.3
400603847,2015,4,regular,2015-09-26T23:00:00.000Z,False,True,False,True,60654,3974,Vaught-Hemingway Stadium,145,Ole Miss,fbs,SEC,27,"[7, 6, 7, 7]",0.9725612096385227,1827,1816,238,Vanderbilt,fbs,SEC,16,"[3, 0, 10, 3]",0.02743879036147734,1379,1390,2.45025518939999,,,,CollegeFootballData.com API,2026-08-31T17:32:19.562789+00:00,/games,1.3
400787313,2015,4,regular,2015-09-26T23:00:00.000Z,False,True,False,False,24679,3666,Cajun Field,309,Louisiana,fbs,Sun Belt,14,"[0, 7, 0, 7]",0.007003278137748034,1440,1361,2006,Akron,fbs,Mid-American,35,"[7, 7, 14, 7]",0.992996721862252,1237,1316,3.2241824794,,,,CollegeFootballData.com API,2026-08-31T17:32:19.562789+00:00,/games,1.3
400763607,2015,4,regular,2015-09-26T23:00:00.000Z,False,True,False,True,0,4418,Jerry Richardson Stadium,2429,Charlotte,fbs,Conference USA,7,"[0, 0, 0, 7]",0.012120371920213167,1270,1247,2226,Florida Atlantic,fbs,Conference USA,17,"[7, 3, 0, 7]",0.9878796280797868,1245,1268,5.7141539311,,,,CollegeFootballData.com API,2026-08-31T17:32:19.562789+00:00,/games,1.3
400603842,2015,4,regular,2015-09-26T23:00:00.000Z,False,True,True,True,67339,3687,AT&T Stadium,8,Arkansas,fbs,SEC,21,"[7, 0, 7, 7, 0]",0.30257920083620454,1721,1716,245,Texas A&M,fbs,SEC,28,"[0, 10, 3, 8, 7]",0.6974207991637955,1758,1763,6.2092424037,,,,CollegeFootballData.com API,2026-08-31T17:32:19.562789+00:00,/games,1.3
400768337,2015,4,regular,2015-09-26T23:00:00.000Z,False,True,False,False,22314,3735,Gerald J. Ford Stadium,2567,SMU,fbs,American Athletic,45,"[7, 7, 17, 14]",0.22904257491181956,1215,1220,256,James Madison,fcs,CAA,48,"[10, 7, 17, 14]",0.7709574250881804,1378,1373,8.826083242,,,,CollegeFootballData.com API,2026-08-31T17:32:19.562789+00:00,/games,1.3
400763612,2015,4,regular,2015-09-26T23:00:00.000Z,False,True,False,False,24705,3604,Alamodome,2636,UTSA,fbs,Conference USA,31,"[7, 10, 7, 7]",0.6273283920641635,1151,1167,36,Colorado State,fbs,Mountain West,33,"[9, 7, 14, 3]",0.37267160793583654,1531,1515,6.1560777576,,,,CollegeFootballData.com API,2026-08-31T17:32:19.562789+00:00,/games,1.3
400603846,2015,4,regular,2015-09-26T23:30:00.000Z,False,True,False,True,58008,3683,Kroger Field,96,Kentucky,fbs,SEC,21,"[0, 7, 7, 7]",0.885331699916792,1448,1476,142,Missouri,fbs,SEC,13,"[7, 0, 3, 3]",0.11466830008320805,1686,1658,6.695952684,,,,CollegeFootballData.com API,2026-08-31T17:32:19.562789+00:00,/games,1.3
400603843,2015,4,regular,2015-09-26T23:30:00.000Z,False,True,False,True,87451,3785,Jordan-Hare Stadium,2,Auburn,fbs,SEC,9,"[0, 0, 6, 3]",0.2485065903586069,1681,1670,344,Mississippi State,fbs,SEC,17,"[7, 7, 3, 0]",0.7514934096413931,1743,1754,4.3317085577,,,,CollegeFootballData.com API,2026-08-31T17:32:19.562789+00:00,/games,1.3
400763523,2015,4,regular,2015-09-27T00:00:00.000Z,False,True,False,False,30107,3911,Ryan Field,77,Northwestern,fbs,Big Ten,24,"[0, 7, 17, 0]",0.7450193316913443,1547,1546,2050,Ball State,fbs,Mid-American,19,"[3, 7, 6, 3]",0.25498066830865573,1384,1385,5.0407167225,,,,CollegeFootballData.com API,2026-08-31T17:32:19.562789+00:00,/games,1.3
400763527,2015,4,regular,2015-09-27T00:00:00.000Z,False,True,False,False,80829,347,Camp Randall Stadium,275,Wisconsin,fbs,Big Ten,28,"[7, 7, 7, 7]",0.999987211421842,1812,1833,62,Hawai'i,fbs,Mountain West,0,"[0, 0, 0, 0]",1.2788578158007269e-05,1333,1312,0.728650253799999,,,,CollegeFootballData.com API,2026-08-31T17:32:19.562789+00:00,/games,1.3
400763611,2015,4,regular,2015-09-27T00:00:00.000Z,False,True,False,False,22322,3946,Sun Bowl,2638,UTEP,fbs,Conference USA,27,"[7, 3, 7, 10]",0.9903095611974798,,,2916,Incarnate Word,fcs,Southland,17,"[3, 7, 7, 0]",0.009690438802520185,,,2.92495277909999,,,,CollegeFootballData.com API,2026-08-31T17:32:19.562789+00:00,/games,1.3
400757036,2015,4,regular,2015-09-27T00:00:00.000Z,False,True,False,True,56004,3619,Arizona Stadium,12,Arizona,fbs,Pac-12,30,"[7, 7, 9, 7]",0.023458792793163725,1683,1621,26,UCLA,fbs,Pac-12,56,"[14, 28, 7, 7]",0.9765412072068362,1748,1810,2.6630475499,,,,CollegeFootballData.com API,2026-08-31T17:32:19.562789+00:00,/games,1.3
400764872,2015,4,regular,2015-09-27T00:00:00.000Z,False,True,False,False,35257,4728,TDECU Stadium,248,Houston,fbs,American Athletic,59,"[14, 28, 10, 7]",0.9999794186726422,1574,1668,326,Texas State,fbs,Sun Belt,14,"[7, 0, 0, 7]",2.058132735782703e-05,1286,1192,0.7053851541,,,,CollegeFootballData.com API,2026-08-31T17:32:19.562789+00:00,/games,1.3
400756936,2015,4,regular,2015-09-27T00:00:00.000Z,False,True,False,False,21314,3797,Ladd Peebles Stadium,6,South Alabama,fbs,Sun Belt,13,"[7, 3, 3, 0]",0.00360495644586964,1319,1205,152,NC State,fbs,ACC,63,"[28, 14, 7, 14]",0.9963950435541303,1609,1723,1.03407880809999,,,,CollegeFootballData.com API,2026-08-31T17:32:19.562789+00:00,/games,1.3
400757039,2015,4,regular,2015-09-27T00:30:00.000Z,False,True,False,True,57145,3626,Autzen Stadium,2483,Oregon,fbs,Pac-12,20,"[6, 7, 0, 7]",0.0036744106878630377,1934,1757,254,Utah,fbs,Pac-12,62,"[6, 21, 28, 7]",0.996325589312137,1640,1817,3.5856244103,,,,CollegeFootballData.com API,2026-08-31T17:32:19.562789+00:00,/games,1.3
400787247,2015,4,regular,2015-09-27T01:00:00.000Z,False,True,True,False,16717,3914,Sam Boyd Stadium,2439,UNLV,fbs,Mountain West,80,"[35, 17, 21, 7]",0.9999928320819921,,,304,Idaho State,fcs,Big Sky,8,"[0, 8, 0, 0]",7.167918007922047e-06,,,0.723160874099999,,,,CollegeFootballData.com API,2026-08-31T17:32:19.562789+00:00,/games,1.3
400787443,2015,4,regular,2015-09-27T01:00:00.000Z,False,True,False,True,14441,3791,Kibbie Dome,70,Idaho,fbs,Sun Belt,20,"[3, 10, 7, 0]",0.04289703590858063,1086,1063,290,Georgia Southern,fbs,Sun Belt,44,"[10, 6, 14, 14]",0.9571029640914194,1450,1473,2.305097606,,,,CollegeFootballData.com API,2026-08-31T17:32:19.562789+00:00,/games,1.3
400757037,2015,4,regular,2015-09-27T02:30:00.000Z,False,True,False,True,61904,3947,Mountain America Stadium,9,Arizona State,fbs,Pac-12,14,"[0, 0, 7, 7]",0.1361921641195327,1641,1593,30,USC,fbs,Pac-12,42,"[7, 28, 0, 7]",0.8638078358804673,1878,1926,2.24026846359999,,,,CollegeFootballData.com API,2026-08-31T17:32:19.562789+00:00,/games,1.3
400787244,2015,4,regular,2015-09-27T02:30:00.000Z,False,True,False,True,17264,3935,CEFCU Stadium,23,San José State,fbs,Mountain West,49,"[14, 7, 14, 14]",0.999927237230082,1234,1303,278,Fresno State,fbs,Mountain West,23,"[0, 10, 13, 0]",7.276276991796671e-05,1254,1185,2.9706954604,,,,CollegeFootballData.com API,2026-08-31T17:32:19.562789+00:00,/games,1.3
400764873,2015,5,regular,2015-10-01T23:30:00.000Z,False,True,False,False,40101,3854,Nippert Stadium,2132,Cincinnati,fbs,American Athletic,34,"[14, 13, 0, 7]",0.92714561018858,1538,1564,2390,Miami,fbs,ACC,23,"[13, 7, 0, 3]",0.07285438981142,1623,1597,7.33822584959999,,,,CollegeFootballData.com API,2026-08-31T17:32:19.562789+00:00,/games,1.3
400764875,2015,5,regular,2015-10-02T23:00:00.000Z,False,True,False,True,22546,3886,Raymond James Stadium,58,South Florida,fbs,American Athletic,17,"[7, 3, 0, 7]",0.3493152168643627,1305,1317,235,Memphis,fbs,American Athletic,24,"[0, 7, 10, 7]",0.6506847831356373,1651,1639,5.0106787424,,,,CollegeFootballData.com API,2026-08-31T17:32:19.562789+00:00,/games,1.3
400763614,2015,5,regular,2015-10-02T23:00:00.000Z,False,True,False,False,13105,4418,Jerry Richardson Stadium,2429,Charlotte,fbs,Conference USA,3,"[0, 3, 0, 0]",0.013140679027414408,1247,1186,218,Temple,fbs,American Athletic,37,"[3, 7, 20, 7]",0.9868593209725856,1536,1597,1.7266308765,,,,CollegeFootballData.com API,2026-08-31T17:32:19.562789+00:00,/games,1.3
400764874,2015,5,regular,2015-10-03T02:15:00.000Z,False,True,False,False,56393,3801,LaVell Edwards Stadium,252,BYU,fbs,FBS Independents,30,"[7, 0, 3, 20]",0.9564189977212191,1534,1548,41,UConn,fbs,American Athletic,13,"[0, 7, 3, 3]",0.04358100227878092,1276,1262,6.0856263784,,,,CollegeFootballData.com API,2026-08-31T17:32:19.562789+00:00,/games,1.3
400760494,2015,5,regular,2015-10-03T16:00:00.000Z,False,True,False,False,107387,3632,Beaver Stadium,213,Penn State,fbs,Big Ten,20,"[7, 3, 10, 0]",0.9053572660563685,1601,1595,349,Army,fbs,FBS Independents,14,"[0, 0, 7, 7]",0.09464273394363154,1319,1325,5.0197565411,,,,CollegeFootballData.com API,2026-08-31T17:32:19.562789+00:00,/games,1.3
400763533,2015,5,regular,2015-10-03T16:00:00.000Z,False,True,False,True,80933,347,Camp Randall Stadium,275,Wisconsin,fbs,Big Ten,6,"[3, 0, 3, 0]",0.8358031331535838,1833,1815,2294,Iowa,fbs,Big Ten,10,"[0, 10, 0, 0]",0.1641968668464162,1670,1688,7.0877293342,,,,CollegeFootballData.com API,2026-08-31T17:32:19.562789+00:00,/games,1.3
400764878,2015,5,regular,2015-10-03T16:00:00.000Z,False,True,False,True,20024,4729,Yulman Stadium,2655,Tulane,fbs,American Athletic,45,"[7, 17, 14, 7]",0.9936698117759594,1163,1226,2116,UCF,fbs,American Athletic,31,"[7, 3, 0, 21]",0.006330188224040634,1523,1460,3.73685497739999,,,,CollegeFootballData.com API,2026-08-31T17:32:19.562789+00:00,/games,1.3
400756945,2015,5,regular,2015-10-03T16:00:00.000Z,False,True,False,True,0,3799,Lane Stadium,259,Virginia Tech,fbs,ACC,13,"[0, 7, 3, 3]",0.04782758966327957,1608,1597,221,Pittsburgh,fbs,ACC,17,"[10, 0, 7, 0]",0.9521724103367204,1543,1554,6.80145207059999,,,,CollegeFootballData.com API,2026-08-31T17:32:19.562789+00:00,/games,1.3
400763427,2015,5,regular,2015-10-03T16:00:00.000Z,False,True,False,True,55837,3772,Jack Trice Stadium,66,Iowa State,fbs,Big 12,38,"[3, 14, 14, 7]",0.9999248506471329,1329,1382,2305,Kansas,fbs,Big 12,13,"[0, 0, 6, 7]",7.514935286712099e-05,1243,1190,1.9006700763,,,,CollegeFootballData.com API,2026-08-31T17:32:19.562789+00:00,/games,1.3
400763530,2015,5,regular,2015-10-03T16:00:00.000Z,False,True,False,True,51802,3665,SECU Stadium,120,Maryland,fbs,Big Ten,0,"[0, 0, 0, 0]",0.003456663413493626,1378,1340,130,Michigan,fbs,Big Ten,28,"[0, 6, 15, 7]",0.9965433365865064,1703,1741,3.3616752942,,,,CollegeFootballData.com API,2026-08-31T17:32:19.562789+00:00,/games,1.3
400763531,2015,5,regular,2015-10-03T16:00:00.000Z,False,True,False,True,74418,3936,Spartan Stadium,127,Michigan State,fbs,Big Ten,24,"[14, 7, 0, 3]",0.9899578434156863,1849,1844,2509,Purdue,fbs,Big Ten,21,"[0, 0, 7, 14]",0.010042156584313733,1305,1310,2.49100477099999,,,,CollegeFootballData.com API,2026-08-31T17:32:19.562789+00:00,/games,1.3
400603883,2015,5,regular,2015-10-03T16:00:00.000Z,False,True,False,True,66751,3838,Memorial Stadium,142,Missouri,fbs,SEC,24,"[7, 10, 7, 0]",0.9337552771034991,1658,1682,2579,South Carolina,fbs,SEC,10,"[3, 7, 0, 0]",0.06624472289650085,1605,1581,4.6817571972,,,,CollegeFootballData.com API,2026-08-31T17:32:19.562789+00:00,/games,1.3
400763430,2015,5,regular,2015-10-03T16:00:00.000Z,False,True,False,True,48694,3616,Amon G. Carter Stadium,2628,TCU,fbs,Big 12,50,"[30, 7, 10, 3]",0.9999013107628185,1914,1986,251,Texas,fbs,Big 12,7,"[0, 0, 0, 7]",9.868923718148181e-05,1506,1434,0.3971362879,,,,CollegeFootballData.com API,2026-08-31T17:32:19.562789+00:00,/games,1.3
400764879,2015,5,regular,2015-10-03T16:00:00.000Z,False,True,False,True,17146,3674,Chapman Stadium,202,Tulsa,fbs,American Athletic,24,"[10, 0, 7, 7]",0.1096557856573006,1339,1337,248,Houston,fbs,American Athletic,38,"[7, 14, 3, 14]",0.8903442143426994,1668,1670,4.8632967601,,,,CollegeFootballData.com API,2026-08-31T17:32:19.562789+00:00,/games,1.3
400763428,2015,5,regular,2015-10-03T16:00:00.000Z,False,True,False,True,84384,3835,"Memorial Stadium (Norman, OK)",201,Oklahoma,fbs,Big 12,44,"[7, 17, 10, 10]",0.9505519009663692,1733,1788,277,West Virginia,fbs,Big 12,24,"[0, 7, 17, 0]",0.04944809903363079,1813,1758,4.2450683617,,,,CollegeFootballData.com API,2026-08-31T17:32:19.562789+00:00,/games,1.3
400763532,2015,5,regular,2015-10-03T16:00:00.000Z,False,True,False,True,30044,3911,Ryan Field,77,Northwestern,fbs,Big Ten,27,"[3, 7, 10, 7]",0.9998382155492797,1546,1627,135,Minnesota,fbs,Big Ten,0,"[0, 0, 0, 0]",0.00016178445072034808,1636,1555,2.7856373411,,,,CollegeFootballData.com API,2026-08-31T17:32:19.562789+00:00,/games,1.3
400756943,2015,5,regular,2015-10-03T16:30:00.000Z,False,True,False,True,56417,3670,Carter-Finley Stadium,152,NC State,fbs,ACC,13,"[0, 7, 6, 0]",0.45412023547234426,1723,1705,97,Louisville,fbs,ACC,20,"[7, 10, 3, 0]",0.5458797645276557,1664,1682,6.2405638397,,,,CollegeFootballData.com API,2026-08-31T17:32:19.562789+00:00,/games,1.3
400787316,2015,5,regular,2015-10-03T18:00:00.000Z,False,True,False,True,17301,3768,InfoCision Stadium,2006,Akron,fbs,Mid-American,12,"[3, 3, 3, 3]",0.5821077796577481,1316,1318,195,Ohio,fbs,Mid-American,14,"[7, 7, 0, 0]",0.41789222034225193,1401,1399,5.89035868739999,,,,CollegeFootballData.com API,2026-08-31T17:32:19.562789+00:00,/games,1.3
400763620,2015,5,regular,2015-10-03T19:00:00.000Z,False,True,False,False,13525,3985,Warren McGuirk Alumni Stadium,113,Massachusetts,fbs,Mid-American,24,"[7, 10, 0, 7]",0.9958699114747507,1142,1173,2229,Florida International,fbs,Conference USA,14,"[0, 7, 7, 0]",0.00413008852524932,1324,1293,6.0457124263,,,,CollegeFootballData.com API,2026-08-31T17:32:19.562789+00:00,/games,1.3
400787317,2015,5,regular,2015-10-03T19:00:00.000Z,False,True,False,True,10002,3919,Scheumann Stadium,2050,Ball State,fbs,Mid-American,10,"[0, 3, 0, 7]",0.010045759160156105,1385,1373,2649,Toledo,fbs,Mid-American,24,"[0, 24, 0, 0]",0.9899542408398438,1600,1612,2.5312082985,,,,CollegeFootballData.com API,2026-08-31T17:32:19.562789+00:00,/games,1.3
400787315,2015,5,regular,2015-10-03T19:00:00.000Z,False,True,False,True,17380,3786,Kelly/Shorts Stadium,2117,Central Michigan,fbs,Mid-American,29,"[3, 0, 23, 3]",0.8972822611098334,1402,1428,2459,Northern Illinois,fbs,Mid-American,19,"[10, 0, 3, 6]",0.10271773889016655,1526,1500,4.73003262899999,,,,CollegeFootballData.com API,2026-08-31T17:32:19.562789+00:00,/games,1.3
400756939,2015,5,regular,2015-10-03T19:30:00.000Z,False,True,False,True,20009,3982,Wallace Wade Stadium,150,Duke,fbs,ACC,9,"[3, 6, 0, 0]",0.8758570371291817,1649,1648,103,Boston College,fbs,ACC,7,"[0, 0, 7, 0]",0.12414296287081827,1529,1530,5.784181788,,,,CollegeFootballData.com API,2026-08-31T17:32:19.562789+00:00,/games,1.3
400787318,2015,5,regular,2015-10-03T19:30:00.000Z,False,True,False,True,20843,3965,UB Stadium,2084,Buffalo,fbs,Mid-American,22,"[3, 3, 3, 13]",0.20485731657647058,1413,1402,189,Bowling Green,fbs,Mid-American,28,"[7, 14, 0, 7]",0.7951426834235295,1413,1424,2.9751720117,,,,CollegeFootballData.com API,2026-08-31T17:32:19.562789+00:00,/games,1.3
400787319,2015,5,regular,2015-10-03T19:30:00.000Z,False,True,False,True,10991,3696,Dix Stadium,2309,Kent State,fbs,Mid-American,20,"[6, 7, 7, 0]",0.24220487800970336,1171,1173,193,Miami (OH),fbs,Mid-American,14,"[0, 0, 0, 14]",0.7577951219902966,1056,1054,2.76234521669999,,,,CollegeFootballData.com API,2026-08-31T17:32:19.562789+00:00,/games,1.3
400763616,2015,5,regular,2015-10-03T19:30:00.000Z,False,True,False,True,18473,3775,Joan C. Edwards Stadium,276,Marshall,fbs,Conference USA,27,"[7, 7, 7, 6]",0.9990816042870589,1663,1660,295,Old Dominion,fbs,Conference USA,7,"[0, 0, 0, 7]",0.0009183957129410558,1128,1131,1.33022834879999,,,,CollegeFootballData.com API,2026-08-31T17:32:19.562789+00:00,/games,1.3
400764876,2015,5,regular,2015-10-03T19:30:00.000Z,False,True,False,False,32705,3852,Navy-Marine Corps Memorial Stadium,2426,Navy,fbs,American Athletic,33,"[7, 14, 6, 6]",0.9999376306776865,1603,1644,2005,Air Force,fbs,Mountain West,11,"[0, 0, 3, 8]",6.236932231351577e-05,1488,1447,2.0535807182,,,,CollegeFootballData.com API,2026-08-31T17:32:19.562789+00:00,/games,1.3
400756942,2015,5,regular,2015-10-03T19:30:00.000Z,False,True,False,True,50585,721,Bobby Dodd Stadium,59,Georgia Tech,fbs,ACC,31,"[7, 14, 7, 3]",0.26891444877951826,1800,1769,153,North Carolina,fbs,ACC,38,"[0, 14, 10, 14]",0.7310855512204817,1580,1611,4.5974578999,,,,CollegeFootballData.com API,2026-08-31T17:32:19.562789+00:00,/games,1.3
400603879,2015,5,regular,2015-10-03T19:30:00.000Z,False,True,False,True,92746,3917,Sanford Stadium,61,Georgia,fbs,SEC,10,"[0, 3, 7, 0]",0.004318880035536639,1941,1865,333,Alabama,fbs,SEC,38,"[3, 21, 14, 0]",0.9956811199644634,1953,2029,2.66273805989999,,,,CollegeFootballData.com API,2026-08-31T17:32:19.562789+00:00,/games,1.3
400763431,2015,5,regular,2015-10-03T19:30:00.000Z,False,True,True,True,56179,3687,AT&T Stadium,239,Baylor,fbs,Big 12,63,"[28, 21, 7, 7]",0.9985779341634208,1991,2028,2641,Texas Tech,fbs,Big 12,35,"[14, 7, 7, 7]",0.0014220658365792227,1601,1564,1.01453187959999,,,,CollegeFootballData.com API,2026-08-31T17:32:19.562789+00:00,/games,1.3
400787446,2015,5,regular,2015-10-03T19:30:00.000Z,False,True,True,False,11512,3495,Georgia Dome,2247,Georgia State,fbs,Sun Belt,33,"[14, 0, 10, 9]",0.056797256988148234,1108,1116,2335,Liberty,fcs,Big South,41,"[7, 14, 7, 13]",0.9432027430118518,1419,1411,5.2715202276,,,,CollegeFootballData.com API,2026-08-31T17:32:19.562789+00:00,/games,1.3
400763617,2015,5,regular,2015-10-03T19:30:00.000Z,False,True,False,True,20124,3895,Rice Stadium,242,Rice,fbs,Conference USA,10,"[3, 7, 0, 0]",0.005285519966289231,1358,1273,98,Western Kentucky,fbs,Conference USA,49,"[21, 14, 0, 14]",0.9947144800337108,1588,1673,1.7796098455,,,,CollegeFootballData.com API,2026-08-31T17:32:19.562789+00:00,/games,1.3
400787253,2015,5,regular,2015-10-03T19:30:00.000Z,False,True,False,False,19345,3792,Kidd Brewer Stadium,2026,App State,fbs,Sun Belt,31,"[14, 7, 7, 3]",0.9940318829452213,1560,1566,2751,Wyoming,fbs,Mountain West,13,"[0, 7, 0, 6]",0.005968117054778732,1180,1174,1.14001236199999,,,,CollegeFootballData.com API,2026-08-31T17:32:19.562789+00:00,/games,1.3
400756941,2015,5,regular,2015-10-03T19:30:00.000Z,False,True,False,True,28588,3630,Allegacy Federal Credit Union Stadium,154,Wake Forest,fbs,ACC,16,"[3, 7, 0, 6]",0.03747503811673642,1307,1331,52,Florida State,fbs,ACC,24,"[7, 7, 10, 0]",0.9625249618832635,1854,1830,2.4990970739,,,,CollegeFootballData.com API,2026-08-31T17:32:19.562789+00:00,/games,1.3
400763529,2015,5,regular,2015-10-03T19:30:00.000Z,False,True,False,True,52929,3830,"Memorial Stadium (Bloomington, IN)",84,Indiana,fbs,Big Ten,27,"[3, 7, 7, 10]",0.30389326702389585,1441,1469,194,Ohio State,fbs,Big Ten,34,"[0, 6, 14, 14]",0.6961067329761041,2040,2012,7.6416601507,,,,CollegeFootballData.com API,2026-08-31T17:32:19.562789+00:00,/games,1.3
400763429,2015,5,regular,2015-10-03T20:00:00.000Z,False,True,False,True,57618,3646,Boone Pickens Stadium,197,Oklahoma State,fbs,Big 12,36,"[7, 13, 6, 10]",0.9738470385507038,1697,1699,2306,Kansas State,fbs,Big 12,34,"[14, 14, 0, 6]",0.02615296144929624,1775,1773,10.675265491,,,,CollegeFootballData.com API,2026-08-31T17:32:19.562789+00:00,/games,1.3
400764877,2015,5,regular,2015-10-03T20:00:00.000Z,False,True,False,True,17136,3735,Gerald J. Ford Stadium,2567,SMU,fbs,American Athletic,23,"[13, 10, 0, 0]",0.0046126554804316496,1220,1187,151,East Carolina,fbs,American Athletic,49,"[7, 14, 14, 14]",0.9953873445195683,1542,1575,4.78300837349999,,,,CollegeFootballData.com API,2026-08-31T17:32:19.562789+00:00,/games,1.3
400603877,2015,5,regular,2015-10-03T20:00:00.000Z,False,True,False,False,87451,3785,Jordan-Hare Stadium,2,Auburn,fbs,SEC,35,"[14, 7, 7, 7]",0.9581296426404555,1670,1669,23,San José State,fbs,Mountain West,21,"[7, 0, 7, 7]",0.041870357359544474,1303,1304,1.50885651239999,,,,CollegeFootballData.com API,2026-08-31T17:32:19.562789+00:00,/games,1.3
400757044,2015,5,regular,2015-10-03T20:00:00.000Z,False,True,False,True,42042,3831,California Memorial Stadium,25,California,fbs,Pac-12,34,"[7, 6, 21, 0]",0.6246665589357884,1525,1528,265,Washington State,fbs,Pac-12,28,"[7, 14, 7, 0]",0.3753334410642116,1447,1444,6.8570298708,,,,CollegeFootballData.com API,2026-08-31T17:32:19.562789+00:00,/games,1.3
400763528,2015,5,regular,2015-10-03T20:02:00.000Z,False,True,False,True,40138,3832,"Memorial Stadium (Champaign, IL)",356,Illinois,fbs,Big Ten,14,"[0, 0, 0, 14]",0.7801487725555571,1436,1444,158,Nebraska,fbs,Big Ten,13,"[0, 10, 3, 0]",0.21985122744444285,1713,1705,6.1373903271,,,,CollegeFootballData.com API,2026-08-31T17:32:19.562789+00:00,/games,1.3
400603881,2015,5,regular,2015-10-03T23:00:00.000Z,False,True,False,False,102321,3958,Tiger Stadium (LA),99,LSU,fbs,SEC,44,"[14, 6, 10, 14]",0.9998015190512073,1772,1760,2199,Eastern Michigan,fbs,Mid-American,22,"[0, 14, 8, 0]",0.00019848094879271194,1076,1088,0.1665453277,,,,CollegeFootballData.com API,2026-08-31T17:32:19.562789+00:00,/games,1.3
400787249,2015,5,regular,2015-10-03T23:00:00.000Z,False,True,False,True,22059,3905,Maverik Stadium,328,Utah State,fbs,Mountain West,33,"[3, 14, 6, 10]",0.9827976703698066,1536,1565,36,Colorado State,fbs,Mountain West,18,"[3, 7, 0, 8]",0.017202329630193414,1515,1486,4.4165027923,,,,CollegeFootballData.com API,2026-08-31T17:32:19.562789+00:00,/games,1.3
400763615,2015,5,regular,2015-10-03T23:00:00.000Z,False,True,False,False,26910,3776,Joe Aillet Stadium,2348,Louisiana Tech,fbs,Conference USA,43,"[7, 22, 7, 7]",0.9999090898614197,1685,1724,309,Louisiana,fbs,Sun Belt,14,"[7, 0, 7, 0]",9.091013858031349e-05,1361,1322,2.89646034549999,,,,CollegeFootballData.com API,2026-08-31T17:32:19.562789+00:00,/games,1.3
400603884,2015,5,regular,2015-10-03T23:00:00.000Z,False,True,False,True,101265,3853,Neyland Stadium,2633,Tennessee,fbs,SEC,20,"[14, 3, 3, 0]",0.14334117115961384,1662,1659,8,Arkansas,fbs,SEC,24,"[7, 10, 7, 0]",0.8566588288403861,1716,1719,6.7549346082,,,,CollegeFootballData.com API,2026-08-31T17:32:19.562789+00:00,/games,1.3
400603878,2015,5,regular,2015-10-03T23:00:00.000Z,False,True,False,True,90585,3634,Ben Hill Griffin Stadium,57,Florida,fbs,SEC,38,"[13, 12, 0, 13]",0.9988284568039043,1720,1806,145,Ole Miss,fbs,SEC,10,"[0, 0, 3, 7]",0.0011715431960956924,1816,1730,2.7774422959,,,,CollegeFootballData.com API,2026-08-31T17:32:19.562789+00:00,/games,1.3
400787251,2015,5,regular,2015-10-03T23:00:00.000Z,False,True,False,True,29551,3816,Mackay Stadium,2440,Nevada,fbs,Mountain West,17,"[0, 0, 3, 14]",0.23900166434380066,1402,1374,2439,UNLV,fbs,Mountain West,23,"[7, 6, 0, 10]",0.7609983356561993,1188,1216,7.3726842259,,,,CollegeFootballData.com API,2026-08-31T17:32:19.562789+00:00,/games,1.3
400763618,2015,5,regular,2015-10-03T23:00:00.000Z,False,True,False,True,26430,3815,M. M. Roberts Stadium,2572,Southern Miss,fbs,Conference USA,49,"[7, 14, 14, 14]",0.9999692854760749,1225,1315,249,North Texas,fbs,Conference USA,14,"[0, 0, 0, 14]",3.071452392511276e-05,1162,1072,1.5428753232,,,,CollegeFootballData.com API,2026-08-31T17:32:19.562789+00:00,/games,1.3
400787445,2015,5,regular,2015-10-03T23:00:00.000Z,False,True,False,True,16791,3817,Malone Stadium,2433,UL Monroe,fbs,Sun Belt,31,"[0, 10, 7, 14]",0.040387610083832605,1256,1229,290,Georgia Southern,fbs,Sun Belt,51,"[10, 21, 0, 20]",0.9596123899161674,1473,1500,2.58150865689999,,,,CollegeFootballData.com API,2026-08-31T17:32:19.562789+00:00,/games,1.3
400787447,2015,5,regular,2015-10-03T23:00:00.000Z,False,True,False,True,22873,3975,Veterans Memorial Stadium (AL),2653,Troy,fbs,Sun Belt,18,"[8, 7, 0, 3]",0.024158291628070993,1175,1166,6,South Alabama,fbs,Sun Belt,24,"[14, 7, 3, 0]",0.975841708371929,1205,1214,7.0118823356,,,,CollegeFootballData.com API,2026-08-31T17:32:19.562789+00:00,/games,1.3
400603882,2015,5,regular,2015-10-03T23:00:00.000Z,False,True,False,False,25411,3725,"Johnny ""Red"" Floyd Stadium",2393,Middle Tennessee,fbs,Conference USA,13,"[3, 3, 0, 7]",0.14228228746006422,1576,1557,238,Vanderbilt,fbs,SEC,17,"[3, 0, 0, 14]",0.8577177125399358,1390,1409,6.71587334439999,,,,CollegeFootballData.com API,2026-08-31T17:32:19.562789+00:00,/games,1.3
400787444,2015,5,regular,2015-10-03T23:00:00.000Z,False,True,False,True,23411,3625,Centennial Bank Stadium,2032,Arkansas State,fbs,Sun Belt,49,"[7, 21, 14, 7]",0.9938604331453981,1314,1322,70,Idaho,fbs,Sun Belt,35,"[7, 7, 7, 14]",0.00613956685460193,1063,1055,1.9048031802,,,,CollegeFootballData.com API,2026-08-31T17:32:19.562789+00:00,/games,1.3
400757042,2015,5,regular,2015-10-03T23:30:00.000Z,False,True,False,True,80113,1056,Rose Bowl,26,UCLA,fbs,Pac-12,23,"[0, 10, 0, 13]",0.015547436085051486,1810,1752,9,Arizona State,fbs,Pac-12,38,"[9, 6, 14, 9]",0.9844525639149485,1593,1651,6.82899681819999,,,,CollegeFootballData.com API,2026-08-31T17:32:19.562789+00:00,/games,1.3
400603885,2015,5,regular,2015-10-03T23:30:00.000Z,False,True,False,True,104455,3795,Kyle Field,245,Texas A&M,fbs,SEC,30,"[14, 10, 3, 3]",0.9923353993318309,1763,1788,344,Mississippi State,fbs,SEC,17,"[3, 7, 0, 7]",0.007664600668169097,1754,1729,3.0416488935,,,,CollegeFootballData.com API,2026-08-31T17:32:19.562789+00:00,/games,1.3
400603880,2015,5,regular,2015-10-03T23:30:00.000Z,False,True,False,False,0,3683,Kroger Field,96,Kentucky,fbs,SEC,34,"[7, 0, 6, 14, 7]",0.7623604252880773,,,2198,Eastern Kentucky,fcs,OVC,27,"[0, 6, 7, 14, 0]",0.23763957471192265,,,6.3513583253,,,,CollegeFootballData.com API,2026-08-31T17:32:19.562789+00:00,/games,1.3
400763619,2015,5,regular,2015-10-04T00:00:00.000Z,False,True,False,True,25951,3946,Sun Bowl,2638,UTEP,fbs,Conference USA,6,"[0, 0, 0, 6]",0.00985683955200599,1168,1121,2636,UTSA,fbs,Conference USA,25,"[0, 3, 15, 7]",0.990143160447994,1167,1214,4.13519868619999,,,,CollegeFootballData.com API,2026-08-31T17:32:19.562789+00:00,/games,1.3
400756940,2015,5,regular,2015-10-04T00:00:00.000Z,False,True,False,False,82415,3836,"Memorial Stadium (Clemson, SC)",228,Clemson,fbs,ACC,24,"[14, 0, 7, 3]",0.21143303144156306,1813,1813,87,Notre Dame,fbs,FBS Independents,22,"[3, 0, 0, 19]",0.7885669685584369,1745,1745,4.01151623589999,,,,CollegeFootballData.com API,2026-08-31T17:32:19.562789+00:00,/games,1.3
400787252,2015,5,regular,2015-10-04T00:00:00.000Z,False,True,False,False,30900,3971,University Stadium (NM),167,New Mexico,fbs,Mountain West,38,"[14, 0, 15, 9]",0.9779473133310935,1251,1252,166,New Mexico State,fbs,Sun Belt,29,"[17, 9, 3, 0]",0.022052686668906474,1037,1036,7.1722079737,,,,CollegeFootballData.com API,2026-08-31T17:32:19.562789+00:00,/games,1.3
400787248,2015,5,regular,2015-10-04T02:15:00.000Z,False,True,False,True,35907,3653,Albertsons Stadium,68,Boise State,fbs,Mountain West,55,"[14, 35, 3, 3]",0.99999547635699,1783,1886,62,Hawai'i,fbs,Mountain West,0,"[0, 0, 0, 0]",4.523643009957112e-06,1312,1209,0.4122737729,,,,CollegeFootballData.com API,2026-08-31T17:32:19.562789+00:00,/games,1.3
400757041,2015,5,regular,2015-10-04T02:30:00.000Z,False,True,False,True,46628,3940,Stanford Stadium,24,Stanford,fbs,Pac-12,55,"[13, 14, 21, 7]",0.9997722669414746,1799,1884,12,Arizona,fbs,Pac-12,17,"[0, 3, 14, 0]",0.00022773305852541448,1621,1536,1.0099260573,,,,CollegeFootballData.com API,2026-08-31T17:32:19.562789+00:00,/games,1.3
400787250,2015,5,regular,2015-10-04T02:30:00.000Z,False,True,False,True,29996,3932,Qualcomm Stadium,21,San Diego State,fbs,Mountain West,21,"[7, 0, 7, 7]",0.9991556369158582,1381,1393,278,Fresno State,fbs,Mountain West,7,"[0, 7, 0, 0]",0.0008443630841418193,1185,1173,3.59894183659999,,,,CollegeFootballData.com API,2026-08-31T17:32:19.562789+00:00,/games,1.3
400757043,2015,5,regular,2015-10-04T03:05:00.000Z,False,True,False,True,46222,3726,Folsom Field,38,Colorado,fbs,Pac-12,24,"[7, 10, 0, 7]",0.021892355836599226,1431,1422,2483,Oregon,fbs,Pac-12,41,"[7, 10, 14, 10]",0.9781076441634008,1757,1766,4.2095254352,,,,CollegeFootballData.com API,2026-08-31T17:32:19.562789+00:00,/games,1.3
400764880,2015,6,regular,2015-10-09T00:00:00.000Z,False,True,False,True,25204,4728,TDECU Stadium,248,Houston,fbs,American Athletic,49,"[7, 21, 14, 7]",0.9974156278828579,1670,1674,2567,SMU,fbs,American Athletic,28,"[14, 7, 0, 7]",0.0025843721171421308,1187,1183,3.0523135842,,,,CollegeFootballData.com API,2026-08-31T17:32:19.562789+00:00,/games,1.3
400757045,2015,6,regular,2015-10-09T01:00:00.000Z,False,True,False,True,63623,477,Los Angeles Memorial Coliseum,30,USC,fbs,Pac-12,12,"[3, 3, 0, 6]",0.6718556924994781,1926,1894,264,Washington,fbs,Pac-12,17,"[0, 3, 7, 7]",0.3281443075005219,1625,1657,6.84668198269999,,,,CollegeFootballData.com API,2026-08-31T17:32:19.562789+00:00,/games,1.3
400763623,2015,6,regular,2015-10-09T23:00:00.000Z,False,True,False,True,22763,3775,Joan C. Edwards Stadium,276,Marshall,fbs,Conference USA,31,"[7, 10, 14, 0]",0.3865569218505664,1660,1676,2572,Southern Miss,fbs,Conference USA,10,"[7, 3, 0, 0]",0.6134430781494336,1315,1299,3.36096729789999,,,,CollegeFootballData.com API,2026-08-31T17:32:19.562789+00:00,/games,1.3
400756946,2015,6,regular,2015-10-10T00:00:00.000Z,False,True,False,True,61183,3799,Lane Stadium,259,Virginia Tech,fbs,ACC,28,"[0, 21, 0, 7]",0.9851578682443493,1597,1638,152,NC State,fbs,ACC,13,"[3, 7, 3, 0]",0.014842131755650745,1705,1664,4.6569867733,,,,CollegeFootballData.com API,2026-08-31T17:32:19.562789+00:00,/games,1.3
400763434,2015,6,regular,2015-10-10T16:00:00.000Z,False,True,True,True,91546,499,Cotton Bowl,251,Texas,fbs,Big 12,24,"[14, 0, 3, 7]",0.9675134863723898,1434,1477,201,Oklahoma,fbs,Big 12,17,"[0, 3, 7, 7]",0.032486513627610236,1788,1745,5.6053585475,,,,CollegeFootballData.com API,2026-08-31T17:32:19.562789+00:00,/games,1.3
400763537,2015,6,regular,2015-10-10T16:00:00.000Z,False,True,False,True,107869,3861,Ohio Stadium,194,Ohio State,fbs,Big Ten,49,"[7, 14, 14, 14]",0.9969869208844964,2012,2000,120,Maryland,fbs,Big Ten,28,"[7, 7, 7, 7]",0.0030130791155036363,1340,1352,1.30197205399999,,,,CollegeFootballData.com API,2026-08-31T17:32:19.562789+00:00,/games,1.3
400756949,2015,6,regular,2015-10-10T16:00:00.000Z,False,True,False,False,39712,3841,Michie Stadium,349,Army,fbs,FBS Independents,3,"[0, 0, 3, 0]",0.011132083691802588,1325,1246,150,Duke,fbs,ACC,44,"[10, 17, 3, 14]",0.9888679163081974,1648,1727,1.5621616173,,,,CollegeFootballData.com API,2026-08-31T17:32:19.562789+00:00,/games,1.3
400763622,2015,6,regular,2015-10-10T16:00:00.000Z,False,True,False,True,13799,218,FIU Stadium,2229,Florida International,fbs,Conference USA,52,"[21, 21, 3, 7]",0.9999948424322779,1293,1386,2638,UTEP,fbs,Conference USA,12,"[0, 3, 7, 2]",5.157567722124945e-06,1121,1028,0.459660533399999,,,,CollegeFootballData.com API,2026-08-31T17:32:19.562789+00:00,/games,1.3
400787323,2015,6,regular,2015-10-10T16:00:00.000Z,False,True,False,True,20201,3980,Waldo Stadium,2711,Western Michigan,fbs,Mid-American,41,"[10, 17, 7, 7]",0.25790532185109594,1376,1377,2117,Central Michigan,fbs,Mid-American,39,"[7, 9, 3, 20]",0.7420946781489041,1428,1427,5.4649127642,,,,CollegeFootballData.com API,2026-08-31T17:32:19.562789+00:00,/games,1.3
400763534,2015,6,regular,2015-10-10T16:00:00.000Z,False,True,False,True,66693,3793,Kinnick Stadium,2294,Iowa,fbs,Big Ten,29,"[6, 10, 7, 6]",0.9182261948857512,1688,1687,356,Illinois,fbs,Big Ten,20,"[7, 0, 6, 7]",0.08177380511424881,1444,1445,5.7704598309,,,,CollegeFootballData.com API,2026-08-31T17:32:19.562789+00:00,/games,1.3
400764882,2015,6,regular,2015-10-10T16:00:00.000Z,False,True,False,True,35179,3806,Lincoln Financial Field,218,Temple,fbs,American Athletic,49,"[7, 14, 21, 7]",0.9999591438784649,1597,1661,2655,Tulane,fbs,American Athletic,10,"[3, 7, 0, 0]",4.085612153514884e-05,1226,1162,2.3951193122,,,,CollegeFootballData.com API,2026-08-31T17:32:19.562789+00:00,/games,1.3
400603902,2015,6,regular,2015-10-10T16:00:00.000Z,False,True,False,False,60154,3974,Vaught-Hemingway Stadium,145,Ole Miss,fbs,SEC,52,"[17, 14, 14, 7]",0.9999925906036912,1730,1786,166,New Mexico State,fbs,Sun Belt,3,"[3, 0, 0, 0]",7.409396308832861e-06,1036,980,0.0869998066000011,,,,CollegeFootballData.com API,2026-08-31T17:32:19.562789+00:00,/games,1.3
400763626,2015,6,regular,2015-10-10T16:00:00.000Z,False,True,False,True,16993,3796,Houchens Industries-L.T. Smith Stadium,98,Western Kentucky,fbs,Conference USA,58,"[28, 24, 3, 3]",0.9988907719094376,1673,1739,2393,Middle Tennessee,fbs,Conference USA,28,"[7, 7, 7, 7]",0.001109228090562353,1557,1491,0.945993046799999,,,,CollegeFootballData.com API,2026-08-31T17:32:19.562789+00:00,/games,1.3
400763538,2015,6,regular,2015-10-10T16:00:00.000Z,False,True,False,True,97873,3632,Beaver Stadium,213,Penn State,fbs,Big Ten,29,"[7, 12, 0, 10]",0.9995224109722924,1595,1635,84,Indiana,fbs,Big Ten,7,"[7, 0, 0, 0]",0.00047758902770755896,1469,1429,3.5100818152,,,,CollegeFootballData.com API,2026-08-31T17:32:19.562789+00:00,/games,1.3
400763432,2015,6,regular,2015-10-10T16:00:00.000Z,False,True,False,True,25910,3833,Memorial Stadium,2305,Kansas,fbs,Big 12,7,"[7, 0, 0, 0]",0.003608882666727731,1190,1120,239,Baylor,fbs,Big 12,66,"[24, 28, 14, 0]",0.9963911173332722,2028,2098,0.1571139289,,,,CollegeFootballData.com API,2026-08-31T17:32:19.562789+00:00,/games,1.3
400756951,2015,6,regular,2015-10-10T16:30:00.000Z,False,True,False,True,45237,3752,Acrisure Stadium,221,Pittsburgh,fbs,ACC,26,"[17, 0, 7, 2]",0.9925671046826413,1554,1554,258,Virginia,fbs,ACC,19,"[3, 7, 3, 6]",0.00743289531735869,1378,1378,3.42748529049999,,,,CollegeFootballData.com API,2026-08-31T17:32:19.562789+00:00,/games,1.3
400787325,2015,6,regular,2015-10-10T18:00:00.000Z,False,True,False,True,25086,3876,Peden Stadium,195,Ohio,fbs,Mid-American,34,"[7, 10, 10, 7]",0.9999441085073572,1399,1442,193,Miami (OH),fbs,Mid-American,3,"[0, 3, 0, 0]",5.589149264284554e-05,1054,1011,0.945997662399999,,,,CollegeFootballData.com API,2026-08-31T17:32:19.562789+00:00,/games,1.3
400787321,2015,6,regular,2015-10-10T18:00:00.000Z,False,True,False,True,17118,3700,Doyt L. Perry Stadium,189,Bowling Green,fbs,Mid-American,62,"[14, 14, 24, 10]",0.9930090949930072,1424,1457,113,Massachusetts,fbs,Mid-American,38,"[10, 7, 14, 7]",0.0069909050069928425,1173,1140,2.05903719399999,,,,CollegeFootballData.com API,2026-08-31T17:32:19.562789+00:00,/games,1.3
400763621,2015,6,regular,2015-10-10T18:30:00.000Z,False,True,False,True,13191,3715,FAU Stadium,2226,Florida Atlantic,fbs,Conference USA,26,"[7, 7, 6, 6]",0.10890595051758871,1268,1267,242,Rice,fbs,Conference USA,27,"[14, 0, 0, 13]",0.8910940494824113,1273,1274,6.7692266781,,,,CollegeFootballData.com API,2026-08-31T17:32:19.562789+00:00,/games,1.3
400756947,2015,6,regular,2015-10-10T19:00:00.000Z,False,True,False,True,30094,3615,"Alumni Stadium (Chestnut Hill, MA)",103,Boston College,fbs,ACC,0,"[0, 0, 0, 0]",0.4069122765841843,1530,1513,154,Wake Forest,fbs,ACC,3,"[0, 0, 3, 0]",0.5930877234158157,1331,1348,9.2178737519,,,,CollegeFootballData.com API,2026-08-31T17:32:19.562789+00:00,/games,1.3
400787322,2015,6,regular,2015-10-10T19:00:00.000Z,False,True,False,True,5638,3912,Rynearson Stadium,2199,Eastern Michigan,fbs,Mid-American,21,"[7, 7, 7, 0]",0.006512612676215676,1088,1045,2006,Akron,fbs,Mid-American,47,"[14, 26, 7, 0]",0.9934873873237843,1318,1361,1.79244303959999,,,,CollegeFootballData.com API,2026-08-31T17:32:19.562789+00:00,/games,1.3
400787320,2015,6,regular,2015-10-10T19:00:00.000Z,False,True,False,True,23118,3739,Glass Bowl,2649,Toledo,fbs,Mid-American,38,"[7, 17, 7, 7]",0.9999872450733002,1612,1645,2309,Kent State,fbs,Mid-American,7,"[7, 0, 0, 0]",1.2754926699831692e-05,1173,1140,2.6593450207,,,,CollegeFootballData.com API,2026-08-31T17:32:19.562789+00:00,/games,1.3
400756948,2015,6,regular,2015-10-10T19:30:00.000Z,False,True,False,True,80983,3836,"Memorial Stadium (Clemson, SC)",228,Clemson,fbs,ACC,43,"[19, 14, 7, 3]",0.9995949015854487,1813,1852,59,Georgia Tech,fbs,ACC,24,"[3, 7, 7, 7]",0.0004050984145512748,1769,1730,1.57221663999999,,,,CollegeFootballData.com API,2026-08-31T17:32:19.562789+00:00,/games,1.3
400763584,2015,6,regular,2015-10-10T19:30:00.000Z,False,True,False,False,80795,3855,Notre Dame Stadium,87,Notre Dame,fbs,FBS Independents,41,"[7, 17, 14, 3]",0.9988169755203816,1745,1773,2426,Navy,fbs,American Athletic,24,"[7, 14, 3, 0]",0.0011830244796183775,1644,1616,2.1412106893,,,,CollegeFootballData.com API,2026-08-31T17:32:19.562789+00:00,/games,1.3
400603903,2015,6,regular,2015-10-10T19:30:00.000Z,False,True,False,True,42058,3958,Tiger Stadium (LA),99,LSU,fbs,SEC,45,"[7, 10, 21, 7]",0.9973259061143155,1760,1791,2579,South Carolina,fbs,SEC,24,"[3, 7, 14, 0]",0.0026740938856845142,1581,1550,4.6566139037,,,,CollegeFootballData.com API,2026-08-31T17:32:19.562789+00:00,/games,1.3
400787448,2015,6,regular,2015-10-10T19:30:00.000Z,False,True,False,True,10101,3495,Georgia Dome,2247,Georgia State,fbs,Sun Belt,3,"[0, 3, 0, 0]",0.0037079098232394667,1116,1074,2026,App State,fbs,Sun Belt,37,"[17, 3, 10, 7]",0.9962920901767606,1566,1608,1.13601035029999,,,,CollegeFootballData.com API,2026-08-31T17:32:19.562789+00:00,/games,1.3
400763535,2015,6,regular,2015-10-10T19:30:00.000Z,False,True,False,True,110452,3558,Michigan Stadium,130,Michigan,fbs,Big Ten,38,"[21, 7, 3, 7]",0.9999858487456185,1741,1835,77,Northwestern,fbs,Big Ten,0,"[0, 0, 0, 0]",1.415125438153364e-05,1627,1533,0.805903607199999,,,,CollegeFootballData.com API,2026-08-31T17:32:19.562789+00:00,/games,1.3
400787324,2015,6,regular,2015-10-10T19:30:00.000Z,False,True,False,True,13535,3764,Huskie Stadium,2459,Northern Illinois,fbs,Mid-American,59,"[0, 28, 10, 21]",0.9979224166645793,1500,1528,2050,Ball State,fbs,Mid-American,41,"[3, 17, 7, 14]",0.0020775833354207407,1373,1345,3.7435715022,,,,CollegeFootballData.com API,2026-08-31T17:32:19.562789+00:00,/games,1.3
400763435,2015,6,regular,2015-10-10T19:30:00.000Z,False,True,False,True,53891,3784,Jones AT&T Stadium,2641,Texas Tech,fbs,Big 12,66,"[17, 21, 7, 21]",0.995507505576721,1564,1638,66,Iowa State,fbs,Big 12,31,"[7, 14, 3, 7]",0.0044924944232790365,1382,1308,1.63395660689999,,,,CollegeFootballData.com API,2026-08-31T17:32:19.562789+00:00,/games,1.3
400756952,2015,6,regular,2015-10-10T19:30:00.000Z,False,True,False,False,27235,3886,Raymond James Stadium,58,South Florida,fbs,American Athletic,45,"[0, 10, 21, 14]",0.9982652215613892,1317,1382,183,Syracuse,fbs,ACC,24,"[0, 3, 14, 7]",0.0017347784386108067,1451,1386,4.1338198321,,,,CollegeFootballData.com API,2026-08-31T17:32:19.562789+00:00,/games,1.3
400603904,2015,6,regular,2015-10-10T19:30:00.000Z,False,True,False,True,102455,3853,Neyland Stadium,2633,Tennessee,fbs,SEC,38,"[3, 14, 14, 7]",0.8461343828712358,1659,1681,61,Georgia,fbs,SEC,31,"[7, 17, 0, 7]",0.15386561712876423,1865,1843,8.2541033771,,,,CollegeFootballData.com API,2026-08-31T17:32:19.562789+00:00,/games,1.3
400763536,2015,6,regular,2015-10-10T19:30:00.000Z,False,True,False,True,89886,3834,"Memorial Stadium (Lincoln, NE)",158,Nebraska,fbs,Big Ten,21,"[0, 14, 0, 7]",0.009590999702453857,1705,1708,275,Wisconsin,fbs,Big Ten,23,"[0, 7, 3, 13]",0.9904090002975462,1815,1812,9.0685313506,,,,CollegeFootballData.com API,2026-08-31T17:32:19.562789+00:00,/games,1.3
400763539,2015,6,regular,2015-10-10T19:30:00.000Z,False,True,False,True,33780,3907,Ross-Ade Stadium,2509,Purdue,fbs,Big Ten,13,"[6, 0, 0, 7]",0.0042843725285930485,1310,1263,135,Minnesota,fbs,Big Ten,41,"[0, 10, 28, 3]",0.995715627471407,1555,1602,3.69594852109999,,,,CollegeFootballData.com API,2026-08-31T17:32:19.562789+00:00,/games,1.3
400764884,2015,6,regular,2015-10-10T19:45:00.000Z,False,True,False,True,26669,3652,FBC Mortgage Stadium,2116,UCF,fbs,American Athletic,13,"[3, 0, 0, 10]",0.008820938816726413,1460,1360,41,UConn,fbs,American Athletic,40,"[9, 14, 17, 0]",0.9911790611832736,1262,1362,3.0087080093,,,,CollegeFootballData.com API,2026-08-31T17:32:19.562789+00:00,/games,1.3
400757046,2015,6,regular,2015-10-10T20:00:00.000Z,False,True,False,True,52987,3619,Arizona Stadium,12,Arizona,fbs,Pac-12,44,"[13, 21, 10, 0]",0.9992291797518824,1536,1624,204,Oregon State,fbs,Pac-12,7,"[0, 7, 0, 0]",0.0007708202481175874,1406,1318,0.9773222837,,,,CollegeFootballData.com API,2026-08-31T17:32:19.562789+00:00,/games,1.3
400603900,2015,6,regular,2015-10-10T20:00:00.000Z,False,True,False,False,60866,3693,Davis Wade Stadium,344,Mississippi State,fbs,SEC,45,"[21, 17, 0, 7]",0.9995537703613393,1729,1742,2653,Troy,fbs,Sun Belt,17,"[0, 0, 14, 3]",0.0004462296386607001,1166,1153,0.125611639199999,,,,CollegeFootballData.com API,2026-08-31T17:32:19.562789+00:00,/games,1.3
400763624,2015,6,regular,2015-10-10T21:00:00.000Z,False,True,False,False,19801,3825,DATCU Stadium,249,North Texas,fbs,Conference USA,7,"[0, 0, 0, 7]",0.0035403703140673972,,,2502,Portland State,fcs,Big Sky,66,"[14, 31, 14, 7]",0.9964596296859326,,,1.8411063757,,,,CollegeFootballData.com API,2026-08-31T17:32:19.562789+00:00,/games,1.3
400757049,2015,6,regular,2015-10-10T22:00:00.000Z,False,True,False,True,57775,3626,Autzen Stadium,2483,Oregon,fbs,Pac-12,38,"[10, 7, 7, 7, 7]",0.4212071041418133,1766,1725,265,Washington State,fbs,Pac-12,45,"[7, 7, 7, 10, 14]",0.5787928958581867,1444,1485,7.5775164586,,,,CollegeFootballData.com API,2026-08-31T17:32:19.562789+00:00,/games,1.3
400764883,2015,6,regular,2015-10-10T22:00:00.000Z,False,True,False,False,17490,3674,Chapman Stadium,202,Tulsa,fbs,American Athletic,34,"[10, 10, 0, 14]",0.9818979953152812,1337,1346,2433,UL Monroe,fbs,Sun Belt,24,"[0, 7, 17, 0]",0.018102004684718787,1229,1220,7.4421716263,,,,CollegeFootballData.com API,2026-08-31T17:32:19.562789+00:00,/games,1.3
400763436,2015,6,regular,2015-10-10T23:00:00.000Z,False,True,False,True,60410,3842,Milan Puskar Stadium,277,West Virginia,fbs,Big 12,26,"[0, 2, 14, 10, 0]",0.337917102735259,1758,1740,197,Oklahoma State,fbs,Big 12,33,"[7, 10, 6, 3, 7]",0.662082897264741,1699,1717,11.0855282548,,,,CollegeFootballData.com API,2026-08-31T17:32:19.562789+00:00,/games,1.3
400787449,2015,6,regular,2015-10-10T23:00:00.000Z,False,True,False,True,21377,3666,Cajun Field,309,Louisiana,fbs,Sun Belt,49,"[7, 7, 28, 7]",0.9966907064091742,1322,1361,326,Texas State,fbs,Sun Belt,27,"[7, 7, 7, 6]",0.003309293590825768,1192,1153,3.8508000621,,,,CollegeFootballData.com API,2026-08-31T17:32:19.562789+00:00,/games,1.3
400603899,2015,6,regular,2015-10-10T23:00:00.000Z,False,True,False,True,101821,3657,Bryant-Denny Stadium,333,Alabama,fbs,SEC,27,"[3, 0, 7, 17]",0.9117871830819145,2029,2030,8,Arkansas,fbs,SEC,14,"[0, 7, 0, 7]",0.08821281691808547,1719,1718,5.0911560485,,,,CollegeFootballData.com API,2026-08-31T17:32:19.562789+00:00,/games,1.3
400763625,2015,6,regular,2015-10-10T23:00:00.000Z,False,True,False,True,24392,3604,Alamodome,2636,UTSA,fbs,Conference USA,31,"[3, 7, 14, 7]",0.10040213081873918,1214,1237,2348,Louisiana Tech,fbs,Conference USA,34,"[10, 14, 7, 3]",0.8995978691812608,1724,1701,6.410453096,,,,CollegeFootballData.com API,2026-08-31T17:32:19.562789+00:00,/games,1.3
400787258,2015,6,regular,2015-10-10T23:00:00.000Z,False,True,False,True,20426,3816,Mackay Stadium,2440,Nevada,fbs,Mountain West,35,"[0, 14, 7, 14]",0.9994658613623056,1374,1403,167,New Mexico,fbs,Mountain West,17,"[3, 7, 0, 7]",0.0005341386376943591,1252,1223,4.83152299359999,,,,CollegeFootballData.com API,2026-08-31T17:32:19.562789+00:00,/games,1.3
400787255,2015,6,regular,2015-10-10T23:00:00.000Z,False,True,False,True,26117,3761,Sonny Lubick Field at Hughes Stadium,36,Colorado State,fbs,Mountain West,10,"[0, 10, 0, 0]",0.009036853221177369,1486,1447,68,Boise State,fbs,Mountain West,41,"[17, 10, 7, 7]",0.9909631467788226,1886,1925,1.5107488943,,,,CollegeFootballData.com API,2026-08-31T17:32:19.562789+00:00,/games,1.3
400763433,2015,6,regular,2015-10-10T23:30:00.000Z,False,True,False,True,53671,3636,Bill Snyder Family Stadium,2306,Kansas State,fbs,Big 12,45,"[7, 28, 0, 10]",0.029579476898234817,1773,1776,2628,TCU,fbs,Big 12,52,"[14, 3, 14, 21]",0.9704205231017652,1986,1983,8.0579005029,,,,CollegeFootballData.com API,2026-08-31T17:32:19.562789+00:00,/games,1.3
400764881,2015,6,regular,2015-10-10T23:30:00.000Z,False,True,False,False,60186,3801,LaVell Edwards Stadium,252,BYU,fbs,FBS Independents,45,"[7, 21, 10, 7]",0.51560417812417,1548,1559,151,East Carolina,fbs,American Athletic,38,"[14, 7, 0, 17]",0.48439582187582997,1575,1564,5.97713837519999,,,,CollegeFootballData.com API,2026-08-31T17:32:19.562789+00:00,/games,1.3
400603901,2015,6,regular,2015-10-10T23:30:00.000Z,False,True,False,True,70767,3838,Memorial Stadium,142,Missouri,fbs,SEC,3,"[3, 0, 0, 0]",0.00491222467454682,1682,1651,57,Florida,fbs,SEC,21,"[14, 0, 7, 0]",0.9950877753254532,1806,1837,3.4514242553,,,,CollegeFootballData.com API,2026-08-31T17:32:19.562789+00:00,/games,1.3
400763540,2015,6,regular,2015-10-11T00:00:00.000Z,False,True,False,True,50373,3754,High Point Solutions Stadium,164,Rutgers,fbs,Big Ten,24,"[0, 14, 7, 3]",0.11682387996454988,1426,1443,127,Michigan State,fbs,Big Ten,31,"[7, 3, 14, 7]",0.8831761200354501,1844,1827,4.9001101617,,,,CollegeFootballData.com API,2026-08-31T17:32:19.562789+00:00,/games,1.3
400756950,2015,6,regular,2015-10-11T00:00:00.000Z,False,True,False,True,82329,3697,Doak Campbell Stadium,52,Florida State,fbs,ACC,29,"[14, 6, 0, 9]",0.9084425710401106,1830,1826,2390,Miami,fbs,ACC,24,"[3, 7, 7, 7]",0.09155742895988939,1597,1601,5.2447084778,,,,CollegeFootballData.com API,2026-08-31T17:32:19.562789+00:00,/games,1.3
400787259,2015,6,regular,2015-10-11T01:00:00.000Z,False,True,False,True,19190,3914,Sam Boyd Stadium,2439,UNLV,fbs,Mountain West,27,"[7, 3, 0, 17, 0]",0.024461541121227816,1216,1212,23,San José State,fbs,Mountain West,33,"[0, 17, 3, 7, 6]",0.9755384588787722,1304,1308,8.8613902627,,,,CollegeFootballData.com API,2026-08-31T17:32:19.562789+00:00,/games,1.3
400757047,2015,6,regular,2015-10-11T02:00:00.000Z,False,True,False,True,44157,3947,Mountain America Stadium,9,Arizona State,fbs,Pac-12,48,"[17, 7, 14, 10]",0.9980555171747048,1651,1689,38,Colorado,fbs,Pac-12,23,"[7, 3, 7, 6]",0.0019444828252952462,1422,1384,1.44589604209999,,,,CollegeFootballData.com API,2026-08-31T17:32:19.562789+00:00,/games,1.3
400757048,2015,6,regular,2015-10-11T02:15:00.000Z,False,True,False,True,47798,587,Rice-Eccles Stadium,254,Utah,fbs,Pac-12,30,"[10, 14, 3, 3]",0.6903247834958497,1817,1811,25,California,fbs,Pac-12,24,"[7, 10, 7, 0]",0.3096752165041503,1528,1534,5.507847071,,,,CollegeFootballData.com API,2026-08-31T17:32:19.562789+00:00,/games,1.3
400787254,2015,6,regular,2015-10-11T02:26:00.000Z,False,True,False,True,22023,3713,Falcon Stadium,2005,Air Force,fbs,Mountain West,31,"[0, 7, 7, 17]",0.947743055278513,1447,1453,2751,Wyoming,fbs,Mountain West,17,"[0, 3, 0, 14]",0.05225694472148701,1174,1168,2.0942400822,,,,CollegeFootballData.com API,2026-08-31T17:32:19.562789+00:00,/games,1.3
400787256,2015,6,regular,2015-10-11T02:30:00.000Z,False,True,False,True,30540,3660,Valley Children's Stadium,278,Fresno State,fbs,Mountain West,14,"[7, 0, 0, 7]",0.003937448905928727,1173,1100,328,Utah State,fbs,Mountain West,56,"[7, 22, 14, 13]",0.9960625510940713,1565,1638,2.1739979597,,,,CollegeFootballData.com API,2026-08-31T17:32:19.562789+00:00,/games,1.3
400787257,2015,6,regular,2015-10-11T03:59:00.000Z,False,True,False,True,28543,3610,Aloha Stadium,62,Hawai'i,fbs,Mountain West,14,"[0, 7, 7, 0]",0.044745005234289786,1209,1194,21,San Diego State,fbs,Mountain West,28,"[14, 7, 0, 7]",0.9552549947657102,1393,1408,4.15786398,,,,CollegeFootballData.com API,2026-08-31T17:32:19.562789+00:00,/games,1.3
400787450,2015,7,regular,2015-10-14T00:00:00.000Z,False,True,False,True,18538,3797,Ladd Peebles Stadium,6,South Alabama,fbs,Sun Belt,31,"[7, 14, 3, 7]",0.02387899260289532,1214,1181,2032,Arkansas State,fbs,Sun Belt,49,"[14, 0, 6, 29]",0.9761210073971047,1322,1355,7.7038826956,,,,CollegeFootballData.com API,2026-08-31T17:32:19.562789+00:00,/games,1.3
400603898,2015,7,regular,2015-10-15T23:00:00.000Z,False,True,False,True,63407,3683,Kroger Field,96,Kentucky,fbs,SEC,27,"[7, 3, 10, 7]",0.1589724298417316,1476,1483,2,Auburn,fbs,SEC,30,"[14, 9, 0, 7]",0.8410275701582683,1669,1662,7.8883389221,,,,CollegeFootballData.com API,2026-08-31T17:32:19.562789+00:00,/games,1.3
400763629,2015,7,regular,2015-10-15T23:30:00.000Z,False,True,False,True,10155,3825,DATCU Stadium,249,North Texas,fbs,Conference USA,28,"[0, 14, 0, 14]",0.004191564449247366,1072,1071,98,Western Kentucky,fbs,Conference USA,55,"[14, 20, 14, 7]",0.9958084355507526,1739,1740,0.7218616754,,,,CollegeFootballData.com API,2026-08-31T17:32:19.562789+00:00,/games,1.3
400757050,2015,7,regular,2015-10-16T02:30:00.000Z,False,True,False,True,50464,3940,Stanford Stadium,24,Stanford,fbs,Pac-12,56,"[14, 21, 21, 0]",0.9937851106310281,1884,1920,26,UCLA,fbs,Pac-12,35,"[10, 7, 3, 15]",0.006214889368971854,1752,1716,1.7171809366,,,,CollegeFootballData.com API,2026-08-31T17:32:19.562789+00:00,/games,1.3
400764886,2015,7,regular,2015-10-17T00:00:00.000Z,False,True,False,False,0,3801,LaVell Edwards Stadium,252,BYU,fbs,FBS Independents,38,"[0, 10, 7, 21]",0.9924552194800433,1559,1588,2132,Cincinnati,fbs,American Athletic,24,"[10, 7, 7, 0]",0.007544780519956662,1564,1535,7.4210458695,,,,CollegeFootballData.com API,2026-08-31T17:32:19.562789+00:00,/games,1.3
400790882,2015,7,regular,2015-10-17T01:00:00.000Z,False,True,False,True,22509,3905,Maverik Stadium,328,Utah State,fbs,Mountain West,52,"[17, 28, 7, 0]",0.9998331120672209,1638,1741,68,Boise State,fbs,Mountain West,26,"[3, 7, 7, 9]",0.00016688793277908065,1925,1822,2.9635186192,,,,CollegeFootballData.com API,2026-08-31T17:32:19.562789+00:00,/games,1.3
400764885,2015,7,regular,2015-10-17T01:00:00.000Z,False,True,False,True,21522,4729,Yulman Stadium,2655,Tulane,fbs,American Athletic,7,"[0, 7, 0, 0]",0.004758518837478826,1162,1124,248,Houston,fbs,American Athletic,42,"[7, 21, 14, 0]",0.9952414811625212,1674,1712,1.2947831455,,,,CollegeFootballData.com API,2026-08-31T17:32:19.562789+00:00,/games,1.3
400790883,2015,7,regular,2015-10-17T02:30:00.000Z,False,True,False,True,25604,3660,Valley Children's Stadium,278,Fresno State,fbs,Mountain West,31,"[7, 7, 3, 14]",0.9855222621980289,1100,1102,2439,UNLV,fbs,Mountain West,28,"[7, 7, 14, 0]",0.014477737801971147,1212,1210,7.99927464879999,,,,CollegeFootballData.com API,2026-08-31T17:32:19.562789+00:00,/games,1.3
400764888,2015,7,regular,2015-10-17T16:00:00.000Z,False,True,False,True,43065,3699,Dowdy-Ficklen Stadium,151,East Carolina,fbs,American Athletic,30,"[7, 13, 3, 7]",0.9944070989047699,1564,1572,202,Tulsa,fbs,American Athletic,17,"[0, 0, 0, 17]",0.0055929010952301406,1346,1338,2.3661988074,,,,CollegeFootballData.com API,2026-08-31T17:32:19.562789+00:00,/games,1.3
400763628,2015,7,regular,2015-10-17T16:00:00.000Z,False,True,False,True,13227,3725,"Johnny ""Red"" Floyd Stadium",2393,Middle Tennessee,fbs,Conference USA,42,"[7, 21, 7, 7]",0.9987149638907049,1491,1497,2229,Florida International,fbs,Conference USA,34,"[9, 7, 3, 15]",0.0012850361092950902,1386,1380,4.23052759859999,,,,CollegeFootballData.com API,2026-08-31T17:32:19.562789+00:00,/games,1.3
400603894,2015,7,regular,2015-10-17T16:00:00.000Z,False,True,False,False,60241,3805,Simmons Bank Liberty Stadium,235,Memphis,fbs,American Athletic,37,"[7, 17, 7, 6]",0.9869738270409797,1639,1677,145,Ole Miss,fbs,SEC,24,"[14, 0, 10, 0]",0.01302617295902031,1786,1748,5.9537611378,,,,CollegeFootballData.com API,2026-08-31T17:32:19.562789+00:00,/games,1.3
400763439,2015,7,regular,2015-10-17T16:00:00.000Z,False,True,False,True,25186,3833,Memorial Stadium,2305,Kansas,fbs,Big 12,20,"[0, 0, 6, 14]",0.41409111944345334,1120,1140,2641,Texas Tech,fbs,Big 12,30,"[3, 17, 3, 7]",0.5859088805565467,1638,1618,1.8383820186,,,,CollegeFootballData.com API,2026-08-31T17:32:19.562789+00:00,/games,1.3
400764887,2015,7,regular,2015-10-17T16:00:00.000Z,False,True,False,True,31719,3892,Pratt & Whitney Stadium,41,UConn,fbs,American Athletic,20,"[0, 3, 10, 7]",0.6694537343945242,1362,1348,58,South Florida,fbs,American Athletic,28,"[0, 7, 14, 7]",0.33054626560547584,1382,1396,6.2726179399,,,,CollegeFootballData.com API,2026-08-31T17:32:19.562789+00:00,/games,1.3
400760495,2015,7,regular,2015-10-17T16:00:00.000Z,False,True,False,False,33257,3841,Michie Stadium,349,Army,fbs,FBS Independents,21,"[0, 7, 7, 7]",0.9745003128857238,,,2083,Bucknell,fcs,Patriot,14,"[0, 14, 0, 0]",0.025499687114276193,,,5.9211441493,,,,CollegeFootballData.com API,2026-08-31T17:32:19.562789+00:00,/games,1.3
400763437,2015,7,regular,2015-10-17T16:00:00.000Z,False,True,False,True,45370,4727,McLane Stadium,239,Baylor,fbs,Big 12,62,"[17, 10, 21, 14]",0.9990343278353485,2098,2120,277,West Virginia,fbs,Big 12,38,"[7, 10, 7, 14]",0.0009656721646514876,1740,1718,1.47248767789999,,,,CollegeFootballData.com API,2026-08-31T17:32:19.562789+00:00,/games,1.3
400756954,2015,7,regular,2015-10-17T16:00:00.000Z,False,True,False,True,71225,3697,Doak Campbell Stadium,52,Florida State,fbs,ACC,41,"[3, 3, 21, 14]",0.951450997128774,1826,1858,97,Louisville,fbs,ACC,21,"[7, 0, 7, 7]",0.04854900287122599,1682,1650,4.1491264317,,,,CollegeFootballData.com API,2026-08-31T17:32:19.562789+00:00,/games,1.3
400603895,2015,7,regular,2015-10-17T16:00:00.000Z,False,True,False,False,61651,3693,Davis Wade Stadium,344,Mississippi State,fbs,SEC,45,"[7, 17, 14, 7]",0.9951078466254316,1742,1800,2348,Louisiana Tech,fbs,Conference USA,20,"[14, 3, 3, 0]",0.0048921533745683865,1701,1643,3.1045026894,,,,CollegeFootballData.com API,2026-08-31T17:32:19.562789+00:00,/games,1.3
400787330,2015,7,regular,2015-10-17T16:00:00.000Z,False,True,False,True,18204,3739,Glass Bowl,2649,Toledo,fbs,Mid-American,63,"[0, 28, 28, 7]",0.9999805080847229,1645,1694,2199,Eastern Michigan,fbs,Mid-American,20,"[6, 0, 0, 14]",1.9491915277058958e-05,1045,996,1.0493583266,,,,CollegeFootballData.com API,2026-08-31T17:32:19.562789+00:00,/games,1.3
400763627,2015,7,regular,2015-10-17T16:00:00.000Z,False,True,False,True,17129,3715,FAU Stadium,2226,Florida Atlantic,fbs,Conference USA,17,"[3, 7, 7, 0]",0.10736864147410356,1267,1268,276,Marshall,fbs,Conference USA,33,"[9, 14, 7, 3]",0.8926313585258965,1676,1675,3.2699031071,,,,CollegeFootballData.com API,2026-08-31T17:32:19.562789+00:00,/games,1.3
400763544,2015,7,regular,2015-10-17T16:00:00.000Z,False,True,False,True,44135,3911,Ryan Field,77,Northwestern,fbs,Big Ten,10,"[0, 10, 0, 0]",0.0050442695724036025,1533,1469,2294,Iowa,fbs,Big Ten,40,"[3, 13, 14, 10]",0.9949557304275964,1687,1751,3.4964067055,,,,CollegeFootballData.com API,2026-08-31T17:32:19.562789+00:00,/games,1.3
400787328,2015,7,regular,2015-10-17T16:00:00.000Z,False,True,False,True,22855,3876,Peden Stadium,195,Ohio,fbs,Mid-American,14,"[0, 7, 0, 7]",0.0044613918635960335,1442,1330,2711,Western Michigan,fbs,Mid-American,49,"[0, 14, 21, 14]",0.9955386081364039,1377,1489,3.9500235832,,,,CollegeFootballData.com API,2026-08-31T17:32:19.562789+00:00,/games,1.3
400763546,2015,7,regular,2015-10-17T16:00:00.000Z,False,True,False,True,80794,347,Camp Randall Stadium,275,Wisconsin,fbs,Big Ten,24,"[7, 3, 7, 7]",0.9978319639489576,1812,1802,2509,Purdue,fbs,Big Ten,7,"[0, 7, 0, 0]",0.0021680360510424324,1263,1273,2.18465921639999,,,,CollegeFootballData.com API,2026-08-31T17:32:19.562789+00:00,/games,1.3
400756955,2015,7,regular,2015-10-17T16:30:00.000Z,False,True,False,True,46208,721,Bobby Dodd Stadium,59,Georgia Tech,fbs,ACC,28,"[7, 14, 0, 7]",0.8393553944109958,1730,1714,221,Pittsburgh,fbs,ACC,31,"[7, 14, 7, 3]",0.16064460558900417,1554,1570,7.1848051239,,,,CollegeFootballData.com API,2026-08-31T17:32:19.562789+00:00,/games,1.3
400787332,2015,7,regular,2015-10-17T17:00:00.000Z,False,True,False,True,14301,3786,Kelly/Shorts Stadium,2117,Central Michigan,fbs,Mid-American,51,"[14, 23, 7, 7]",0.9999566215865515,1427,1529,2084,Buffalo,fbs,Mid-American,14,"[7, 0, 0, 7]",4.337841344848048e-05,1402,1300,1.51572177159999,,,,CollegeFootballData.com API,2026-08-31T17:32:19.562789+00:00,/games,1.3
400787327,2015,7,regular,2015-10-17T18:30:00.000Z,False,True,False,True,20278,3996,Yager Stadium,193,Miami (OH),fbs,Mid-American,12,"[0, 3, 2, 7]",0.004384522072080141,1011,980,2459,Northern Illinois,fbs,Mid-American,45,"[21, 0, 10, 14]",0.9956154779279198,1528,1559,1.1642243181,,,,CollegeFootballData.com API,2026-08-31T17:32:19.562789+00:00,/games,1.3
400787331,2015,7,regular,2015-10-17T19:00:00.000Z,False,True,False,True,20021,3700,Doyt L. Perry Stadium,189,Bowling Green,fbs,Mid-American,59,"[7, 21, 21, 10]",0.9999845431318197,1457,1593,2006,Akron,fbs,Mid-American,10,"[7, 3, 0, 0]",1.5456868180274697e-05,1361,1225,0.740828824399999,,,,CollegeFootballData.com API,2026-08-31T17:32:19.562789+00:00,/games,1.3
400787329,2015,7,regular,2015-10-17T19:00:00.000Z,False,True,False,False,7564,3919,Scheumann Stadium,2050,Ball State,fbs,Mid-American,19,"[3, 7, 3, 6]",0.01678479557285823,1345,1291,2247,Georgia State,fbs,Sun Belt,31,"[7, 17, 0, 7]",0.9832152044271417,1074,1128,6.9513449111,,,,CollegeFootballData.com API,2026-08-31T17:32:19.562789+00:00,/games,1.3
400763541,2015,7,regular,2015-10-17T19:30:00.000Z,False,True,False,True,40567,3830,"Memorial Stadium (Bloomington, IN)",84,Indiana,fbs,Big Ten,52,"[10, 14, 28, 0]",0.8313875582442875,1429,1425,164,Rutgers,fbs,Big Ten,55,"[7, 20, 6, 22]",0.16861244175571255,1443,1447,7.0084874799,,,,CollegeFootballData.com API,2026-08-31T17:32:19.562789+00:00,/games,1.3
400763542,2015,7,regular,2015-10-17T19:30:00.000Z,False,True,False,True,111740,3558,Michigan Stadium,130,Michigan,fbs,Big Ten,23,"[0, 10, 10, 3]",0.3567014605834911,1835,1828,127,Michigan State,fbs,Big Ten,27,"[0, 7, 7, 13]",0.6432985394165089,1827,1834,8.37285859919999,,,,CollegeFootballData.com API,2026-08-31T17:32:19.562789+00:00,/games,1.3
400756958,2015,7,regular,2015-10-17T19:30:00.000Z,False,True,False,True,39223,3923,Scott Stadium,258,Virginia,fbs,ACC,44,"[0, 14, 0, 10, 7, 7, 6]",0.2567100332160275,1378,1386,183,Syracuse,fbs,ACC,38,"[0, 21, 3, 0, 7, 7, 0]",0.7432899667839725,1386,1378,10.1499536788,,,,CollegeFootballData.com API,2026-08-31T17:32:19.562789+00:00,/games,1.3
400787260,2015,7,regular,2015-10-17T19:30:00.000Z,False,True,False,True,32546,3761,Sonny Lubick Field at Hughes Stadium,36,Colorado State,fbs,Mountain West,38,"[14, 7, 14, 3]",0.9949610399176719,1447,1479,2005,Air Force,fbs,Mountain West,23,"[6, 7, 0, 10]",0.00503896008232807,1453,1421,2.79038413749999,,,,CollegeFootballData.com API,2026-08-31T17:32:19.562789+00:00,/games,1.3
400787453,2015,7,regular,2015-10-17T19:30:00.000Z,False,True,False,True,20107,3975,Veterans Memorial Stadium (AL),2653,Troy,fbs,Sun Belt,16,"[0, 0, 3, 13]",0.35601951964162637,1153,1142,70,Idaho,fbs,Sun Belt,19,"[0, 6, 10, 3]",0.6439804803583736,1055,1066,9.2884525657,,,,CollegeFootballData.com API,2026-08-31T17:32:19.562789+00:00,/games,1.3
400763440,2015,7,regular,2015-10-17T19:30:00.000Z,False,True,False,True,52867,3636,Bill Snyder Family Stadium,2306,Kansas State,fbs,Big 12,0,"[0, 0, 0, 0]",0.0035285748290953163,1776,1591,201,Oklahoma,fbs,Big 12,55,"[14, 21, 13, 7]",0.9964714251709047,1745,1930,1.5043543099,,,,CollegeFootballData.com API,2026-08-31T17:32:19.562789+00:00,/games,1.3
400787326,2015,7,regular,2015-10-17T19:30:00.000Z,False,True,False,True,15217,3985,Warren McGuirk Alumni Stadium,113,Massachusetts,fbs,Mid-American,10,"[0, 10, 0, 0]",0.0687185121758464,1140,1131,2309,Kent State,fbs,Mid-American,15,"[0, 10, 3, 2]",0.9312814878241535,1140,1149,7.4556173377,,,,CollegeFootballData.com API,2026-08-31T17:32:19.562789+00:00,/games,1.3
400756956,2015,7,regular,2015-10-17T19:30:00.000Z,False,True,False,True,50787,3948,Hard Rock Stadium,2390,Miami,fbs,ACC,30,"[10, 10, 3, 7]",0.9420345487614382,1601,1621,259,Virginia Tech,fbs,ACC,20,"[10, 3, 0, 7]",0.05796545123856178,1638,1618,5.3211467564,,,,CollegeFootballData.com API,2026-08-31T17:32:19.562789+00:00,/games,1.3
400603897,2015,7,regular,2015-10-17T19:30:00.000Z,False,True,False,True,105733,3795,Kyle Field,245,Texas A&M,fbs,SEC,23,"[3, 10, 7, 3]",0.012472649171705472,1788,1769,333,Alabama,fbs,SEC,41,"[14, 14, 3, 10]",0.9875273508282946,2030,2049,3.5545564829,,,,CollegeFootballData.com API,2026-08-31T17:32:19.562789+00:00,/games,1.3
400763543,2015,7,regular,2015-10-17T19:30:00.000Z,False,True,False,True,54062,3953,Huntington Bank Stadium,135,Minnesota,fbs,Big Ten,25,"[7, 7, 0, 11]",0.007126734002131783,1602,1554,158,Nebraska,fbs,Big Ten,48,"[14, 10, 7, 17]",0.9928732659978682,1708,1756,3.2671198827,,,,CollegeFootballData.com API,2026-08-31T17:32:19.562789+00:00,/games,1.3
400763630,2015,7,regular,2015-10-17T19:30:00.000Z,False,True,False,True,20118,3918,S.B. Ballard Stadium,295,Old Dominion,fbs,Conference USA,37,"[6, 6, 10, 15]",0.6436016651081773,1131,1133,2429,Charlotte,fbs,Conference USA,34,"[14, 10, 0, 10]",0.3563983348918227,1186,1184,9.7323375049,,,,CollegeFootballData.com API,2026-08-31T17:32:19.562789+00:00,/games,1.3
400787264,2015,7,regular,2015-10-17T20:00:00.000Z,False,True,False,True,17026,3984,War Memorial Stadium,2751,Wyoming,fbs,Mountain West,28,"[0, 21, 7, 0]",0.9312983631742452,1168,1192,2440,Nevada,fbs,Mountain West,21,"[0, 7, 7, 7]",0.06870163682575481,1403,1379,4.0241748801,,,,CollegeFootballData.com API,2026-08-31T17:32:19.562789+00:00,/games,1.3
400757055,2015,7,regular,2015-10-17T20:00:00.000Z,False,True,False,True,32952,3820,Gesa Field,265,Washington State,fbs,Pac-12,52,"[14, 31, 0, 7]",0.9998810204929529,1485,1518,204,Oregon State,fbs,Pac-12,31,"[3, 14, 0, 14]",0.00011897950704709004,1318,1285,1.38519516789999,,,,CollegeFootballData.com API,2026-08-31T17:32:19.562789+00:00,/games,1.3
400603896,2015,7,regular,2015-10-17T20:00:00.000Z,False,True,False,True,75159,3994,Williams-Brice Stadium,2579,South Carolina,fbs,SEC,19,"[6, 0, 10, 3]",0.9287155567182812,1550,1555,238,Vanderbilt,fbs,SEC,10,"[0, 7, 3, 0]",0.07128444328171879,1409,1404,6.0690794819,,,,CollegeFootballData.com API,2026-08-31T17:32:19.562789+00:00,/games,1.3
400787452,2015,7,regular,2015-10-17T22:00:00.000Z,False,True,False,True,23551,3608,Allen E. Paulson Stadium,290,Georgia Southern,fbs,Sun Belt,56,"[14, 21, 14, 7]",0.9995762918683796,1500,1522,166,New Mexico State,fbs,Sun Belt,26,"[0, 7, 7, 12]",0.0004237081316204039,980,958,0.4432350249,,,,CollegeFootballData.com API,2026-08-31T17:32:19.562789+00:00,/games,1.3
400756953,2015,7,regular,2015-10-17T23:00:00.000Z,False,True,False,True,81416,3836,"Memorial Stadium (Clemson, SC)",228,Clemson,fbs,ACC,34,"[10, 7, 10, 7]",0.9988906433324584,1852,1859,103,Boston College,fbs,ACC,17,"[7, 3, 0, 7]",0.0011093566675416389,1513,1506,2.5743403728,,,,CollegeFootballData.com API,2026-08-31T17:32:19.562789+00:00,/games,1.3
400763631,2015,7,regular,2015-10-17T23:00:00.000Z,False,True,False,True,28745,3815,M. M. Roberts Stadium,2572,Southern Miss,fbs,Conference USA,32,"[7, 9, 10, 6]",0.9997946187343012,1299,1345,2636,UTSA,fbs,Conference USA,10,"[0, 0, 10, 0]",0.00020538126569880077,1237,1191,2.2613957842,,,,CollegeFootballData.com API,2026-08-31T17:32:19.562789+00:00,/games,1.3
400603893,2015,7,regular,2015-10-17T23:00:00.000Z,False,True,False,True,102321,3958,Tiger Stadium (LA),99,LSU,fbs,SEC,35,"[0, 28, 0, 7]",0.9415852732837475,1791,1803,57,Florida,fbs,SEC,28,"[7, 7, 14, 0]",0.058414726716252474,1837,1825,4.50174997609999,,,,CollegeFootballData.com API,2026-08-31T17:32:19.562789+00:00,/games,1.3
400787451,2015,7,regular,2015-10-17T23:00:00.000Z,False,True,False,True,11767,3817,Malone Stadium,2433,UL Monroe,fbs,Sun Belt,14,"[7, 7, 0, 0]",0.003764659398964437,1220,1137,2026,App State,fbs,Sun Belt,59,"[10, 14, 21, 14]",0.9962353406010356,1608,1691,2.72445837529999,,,,CollegeFootballData.com API,2026-08-31T17:32:19.562789+00:00,/games,1.3
400787262,2015,7,regular,2015-10-17T23:00:00.000Z,False,True,False,True,20541,3971,University Stadium (NM),167,New Mexico,fbs,Mountain West,28,"[7, 7, 7, 7]",0.17388911498139828,1223,1223,62,Hawai'i,fbs,Mountain West,27,"[10, 14, 0, 3]",0.8261108850186017,1194,1194,7.7619595535,,,,CollegeFootballData.com API,2026-08-31T17:32:19.562789+00:00,/games,1.3
400763438,2015,7,regular,2015-10-17T23:00:00.000Z,False,True,False,True,52480,3772,Jack Trice Stadium,66,Iowa State,fbs,Big 12,21,"[21, 0, 0, 0]",0.018129044998844546,1308,1315,2628,TCU,fbs,Big 12,45,"[14, 10, 7, 14]",0.9818709550011555,1983,1976,3.5888841964,,,,CollegeFootballData.com API,2026-08-31T17:32:19.562789+00:00,/games,1.3
400756957,2015,7,regular,2015-10-17T23:00:00.000Z,False,True,False,True,50500,3787,Kenan Stadium,153,North Carolina,fbs,ACC,50,"[0, 29, 7, 14]",0.9999621314969337,1611,1679,154,Wake Forest,fbs,ACC,14,"[7, 7, 0, 0]",3.786850306630729e-05,1348,1280,2.16302489599999,,,,CollegeFootballData.com API,2026-08-31T17:32:19.562789+00:00,/games,1.3
400757053,2015,7,regular,2015-10-17T23:30:00.000Z,False,True,False,False,80795,3855,Notre Dame Stadium,87,Notre Dame,fbs,FBS Independents,41,"[21, 3, 0, 17]",0.7360577346975249,1773,1799,30,USC,fbs,Pac-12,31,"[10, 14, 7, 0]",0.2639422653024751,1894,1868,6.0937860088,,,,CollegeFootballData.com API,2026-08-31T17:32:19.562789+00:00,/games,1.3
400603892,2015,7,regular,2015-10-17T23:30:00.000Z,False,True,False,True,92746,3917,Sanford Stadium,61,Georgia,fbs,SEC,9,"[0, 3, 3, 3]",0.7630530096032379,1843,1842,142,Missouri,fbs,SEC,6,"[3, 3, 0, 0]",0.23694699039676215,1651,1652,6.8681020136,,,,CollegeFootballData.com API,2026-08-31T17:32:19.562789+00:00,/games,1.3
400764889,2015,7,regular,2015-10-17T23:30:00.000Z,False,True,False,True,31372,3806,Lincoln Financial Field,218,Temple,fbs,American Athletic,30,"[7, 7, 0, 16]",0.9915719299849551,1661,1665,2116,UCF,fbs,American Athletic,16,"[3, 10, 3, 0]",0.008428070015044864,1360,1356,4.3589192151,,,,CollegeFootballData.com API,2026-08-31T17:32:19.562789+00:00,/games,1.3
400763545,2015,7,regular,2015-10-18T00:00:00.000Z,False,True,False,True,108423,3861,Ohio Stadium,194,Ohio State,fbs,Big Ten,38,"[0, 21, 0, 17]",0.9988334430301419,2000,2032,213,Penn State,fbs,Big Ten,10,"[3, 0, 7, 0]",0.0011665569698581235,1635,1603,1.8149265689,,,,CollegeFootballData.com API,2026-08-31T17:32:19.562789+00:00,/games,1.3
400757051,2015,7,regular,2015-10-18T01:00:00.000Z,False,True,False,True,39666,3726,Folsom Field,38,Colorado,fbs,Pac-12,31,"[7, 10, 7, 7]",0.03242940860660628,1384,1389,12,Arizona,fbs,Pac-12,38,"[17, 0, 0, 21]",0.9675705913933937,1624,1619,7.3791187665,,,,CollegeFootballData.com API,2026-08-31T17:32:19.562789+00:00,/games,1.3
400757052,2015,7,regular,2015-10-18T02:00:00.000Z,False,True,False,True,46192,587,Rice-Eccles Stadium,254,Utah,fbs,Pac-12,34,"[7, 7, 0, 20]",0.996608335163835,1811,1834,9,Arizona State,fbs,Pac-12,18,"[10, 0, 8, 0]",0.0033916648361650426,1689,1666,6.9686351617,,,,CollegeFootballData.com API,2026-08-31T17:32:19.562789+00:00,/games,1.3
400787265,2015,7,regular,2015-10-18T02:30:00.000Z,False,True,False,True,16339,3935,CEFCU Stadium,23,San José State,fbs,Mountain West,7,"[0, 7, 0, 0]",0.003978931324536703,1308,1259,21,San Diego State,fbs,Mountain West,30,"[7, 10, 13, 0]",0.9960210686754633,1408,1457,2.291521571,,,,CollegeFootballData.com API,2026-08-31T17:32:19.562789+00:00,/games,1.3
400757054,2015,7,regular,2015-10-18T02:30:00.000Z,False,True,False,True,69285,3765,Husky Stadium,264,Washington,fbs,Pac-12,20,"[0, 3, 10, 7]",0.12038188083916171,1657,1651,2483,Oregon,fbs,Pac-12,26,"[6, 10, 7, 3]",0.8796181191608383,1725,1731,4.521294496,,,,CollegeFootballData.com API,2026-08-31T17:32:19.562789+00:00,/games,1.3
400787454,2015,8,regular,2015-10-21T00:00:00.000Z,False,True,False,True,0,3625,Centennial Bank Stadium,2032,Arkansas State,fbs,Sun Belt,37,"[13, 21, 3, 0]",0.8302427944139116,1355,1373,309,Louisiana,fbs,Sun Belt,27,"[0, 14, 7, 6]",0.16975720558608842,1361,1343,2.5117038087,,,,CollegeFootballData.com API,2026-08-31T17:32:19.562789+00:00,/games,1.3
400764890,2015,8,regular,2015-10-22T23:00:00.000Z,False,True,False,True,39417,3699,Dowdy-Ficklen Stadium,151,East Carolina,fbs,American Athletic,14,"[0, 14, 0, 0]",0.06852362676288475,1572,1559,218,Temple,fbs,American Athletic,24,"[3, 7, 0, 14]",0.9314763732371153,1665,1678,7.99163670089999,,,,CollegeFootballData.com API,2026-08-31T17:32:19.562789+00:00,/games,1.3
400787455,2015,8,regular,2015-10-22T23:30:00.000Z,False,True,False,True,24121,3792,Kidd Brewer Stadium,2026,App State,fbs,Sun Belt,31,"[3, 14, 7, 7]",0.9983855103440337,1691,1715,290,Georgia Southern,fbs,Sun Belt,13,"[7, 0, 0, 6]",0.0016144896559663335,1522,1498,3.549357829,,,,CollegeFootballData.com API,2026-08-31T17:32:19.562789+00:00,/games,1.3
400757056,2015,8,regular,2015-10-23T01:00:00.000Z,False,True,False,True,57046,1056,Rose Bowl,26,UCLA,fbs,Pac-12,40,"[10, 16, 14, 0]",0.9297583582576503,1716,1734,25,California,fbs,Pac-12,24,"[3, 7, 6, 8]",0.0702416417423497,1534,1516,2.5248546074,,,,CollegeFootballData.com API,2026-08-31T17:32:19.562789+00:00,/games,1.3
400764891,2015,8,regular,2015-10-24T00:00:00.000Z,False,True,False,True,20216,3674,Chapman Stadium,202,Tulsa,fbs,American Athletic,42,"[7, 14, 14, 7]",0.007521829224925846,1338,1312,235,Memphis,fbs,American Athletic,66,"[14, 21, 17, 14]",0.9924781707750742,1677,1703,3.4935915843,,,,CollegeFootballData.com API,2026-08-31T17:32:19.562789+00:00,/games,1.3
400790884,2015,8,regular,2015-10-24T02:30:00.000Z,False,True,False,True,25898,3932,Qualcomm Stadium,21,San Diego State,fbs,Mountain West,48,"[17, 17, 0, 14]",0.999826588943068,1457,1593,328,Utah State,fbs,Mountain West,14,"[0, 7, 7, 0]",0.00017341105693202685,1741,1605,1.81944494549999,,,,CollegeFootballData.com API,2026-08-31T17:32:19.562789+00:00,/games,1.3
400756960,2015,8,regular,2015-10-24T16:00:00.000Z,False,True,False,True,45211,3948,Hard Rock Stadium,2390,Miami,fbs,ACC,0,"[0, 0, 0, 0]",0.003479517040190753,1621,1470,228,Clemson,fbs,ACC,58,"[21, 21, 3, 13]",0.9965204829598092,1859,2010,1.4979092265,,,,CollegeFootballData.com API,2026-08-31T17:32:19.562789+00:00,/games,1.3
400763632,2015,8,regular,2015-10-24T16:00:00.000Z,False,True,False,True,13813,4418,Jerry Richardson Stadium,2429,Charlotte,fbs,Conference USA,10,"[3, 0, 7, 0]",0.006181299412950935,1184,1107,2572,Southern Miss,fbs,Conference USA,44,"[10, 13, 14, 7]",0.993818700587049,1345,1422,1.8242967753,,,,CollegeFootballData.com API,2026-08-31T17:32:19.562789+00:00,/games,1.3
400756965,2015,8,regular,2015-10-24T16:00:00.000Z,False,True,False,True,29832,1964,JMA Wireless Dome,183,Syracuse,fbs,ACC,20,"[7, 10, 0, 3]",0.6183251446460535,1378,1385,221,Pittsburgh,fbs,ACC,23,"[3, 10, 0, 10]",0.3816748553539465,1570,1563,7.512684316,,,,CollegeFootballData.com API,2026-08-31T17:32:19.562789+00:00,/games,1.3
400763444,2015,8,regular,2015-10-24T16:00:00.000Z,False,True,False,True,88283,3910,DKR-Texas Memorial Stadium,251,Texas,fbs,Big 12,23,"[3, 13, 0, 7]",0.9923066037226907,1477,1516,2306,Kansas State,fbs,Big 12,9,"[0, 6, 3, 0]",0.00769339627730925,1591,1552,4.0317901987,,,,CollegeFootballData.com API,2026-08-31T17:32:19.562789+00:00,/games,1.3
400603887,2015,8,regular,2015-10-24T16:00:00.000Z,False,True,False,True,72008,3887,Razorback Stadium,8,Arkansas,fbs,SEC,54,"[7, 7, 7, 3, 7, 7, 8, 8]",0.9021809611657011,1718,1727,2,Auburn,fbs,SEC,46,"[0, 7, 7, 10, 7, 7, 8, 0]",0.09781903883429888,1662,1653,9.28762976849999,,,,CollegeFootballData.com API,2026-08-31T17:32:19.562789+00:00,/games,1.3
400760496,2015,8,regular,2015-10-24T16:00:00.000Z,False,True,False,False,24409,3895,Rice Stadium,242,Rice,fbs,Conference USA,38,"[14, 10, 0, 14]",0.9887103202713924,1274,1282,349,Army,fbs,FBS Independents,31,"[0, 14, 7, 10]",0.011289679728607616,1246,1238,7.3565030698,,,,CollegeFootballData.com API,2026-08-31T17:32:19.562789+00:00,/games,1.3
400763550,2015,8,regular,2015-10-24T16:00:00.000Z,False,True,False,True,89493,3834,"Memorial Stadium (Lincoln, NE)",158,Nebraska,fbs,Big Ten,28,"[5, 7, 7, 9]",0.09978114021609076,1756,1736,77,Northwestern,fbs,Big Ten,30,"[7, 10, 3, 10]",0.9002188597839093,1469,1489,9.14928035339999,,,,CollegeFootballData.com API,2026-08-31T17:32:19.562789+00:00,/games,1.3
400756964,2015,8,regular,2015-10-24T16:00:00.000Z,False,True,False,True,30464,3630,Allegacy Federal Credit Union Stadium,154,Wake Forest,fbs,ACC,17,"[0, 7, 3, 7, 0]",0.509408625233354,1280,1274,152,NC State,fbs,ACC,35,"[28, 0, 0, 7, 0]",0.49059137476664605,1664,1670,1.6239566015,,,,CollegeFootballData.com API,2026-08-31T17:32:19.562789+00:00,/games,1.3
400764895,2015,8,regular,2015-10-24T16:00:00.000Z,False,True,False,True,28350,3652,FBC Mortgage Stadium,2116,UCF,fbs,American Athletic,10,"[7, 3, 0, 0]",0.005180305780585942,1356,1255,248,Houston,fbs,American Athletic,59,"[7, 17, 28, 7]",0.9948196942194141,1712,1813,2.09715877609999,,,,CollegeFootballData.com API,2026-08-31T17:32:19.562789+00:00,/games,1.3
400763441,2015,8,regular,2015-10-24T16:00:00.000Z,False,True,False,True,45512,4727,McLane Stadium,239,Baylor,fbs,Big 12,45,"[21, 14, 0, 10]",0.9964964722264326,2120,2093,66,Iowa State,fbs,Big 12,27,"[0, 7, 7, 13]",0.0035035277735674386,1315,1342,0.191351099099999,,,,CollegeFootballData.com API,2026-08-31T17:32:19.562789+00:00,/games,1.3
400756959,2015,8,regular,2015-10-24T16:30:00.000Z,False,True,False,True,41486,3873,L&N Federal Credit Union Stadium,97,Louisville,fbs,ACC,17,"[7, 10, 0, 0]",0.9940720569947689,1650,1649,103,Boston College,fbs,ACC,14,"[0, 7, 7, 0]",0.00592794300523114,1506,1507,6.08542324659999,,,,CollegeFootballData.com API,2026-08-31T17:32:19.562789+00:00,/games,1.3
400787334,2015,8,regular,2015-10-24T17:00:00.000Z,False,True,False,True,14739,3696,Dix Stadium,2309,Kent State,fbs,Mid-American,0,"[0, 0, 0, 0]",0.003484801075578862,1149,1063,189,Bowling Green,fbs,Mid-American,48,"[14, 17, 10, 7]",0.9965151989244211,1593,1679,1.37977769269999,,,,CollegeFootballData.com API,2026-08-31T17:32:19.562789+00:00,/games,1.3
400764893,2015,8,regular,2015-10-24T17:00:00.000Z,False,True,False,True,32033,3852,Navy-Marine Corps Memorial Stadium,2426,Navy,fbs,American Athletic,31,"[7, 3, 7, 14]",0.9313698559245522,1616,1611,2655,Tulane,fbs,American Athletic,14,"[0, 7, 0, 7]",0.06863014407544776,1124,1129,1.9353149074,,,,CollegeFootballData.com API,2026-08-31T17:32:19.562789+00:00,/games,1.3
400787266,2015,8,regular,2015-10-24T18:00:00.000Z,False,True,False,True,20213,3713,Falcon Stadium,2005,Air Force,fbs,Mountain West,42,"[7, 14, 14, 7]",0.9999859802905726,1421,1458,278,Fresno State,fbs,Mountain West,14,"[14, 0, 0, 0]",1.4019709427381954e-05,1102,1065,2.49931452369999,,,,CollegeFootballData.com API,2026-08-31T17:32:19.562789+00:00,/games,1.3
400787337,2015,8,regular,2015-10-24T18:00:00.000Z,False,True,False,True,18523,3980,Waldo Stadium,2711,Western Michigan,fbs,Mid-American,35,"[7, 14, 7, 7]",0.9974155612605196,1489,1493,193,Miami (OH),fbs,Mid-American,13,"[10, 0, 3, 0]",0.0025844387394804436,980,976,1.360865838,,,,CollegeFootballData.com API,2026-08-31T17:32:19.562789+00:00,/games,1.3
400787336,2015,8,regular,2015-10-24T19:00:00.000Z,False,True,False,True,10025,3919,Scheumann Stadium,2050,Ball State,fbs,Mid-American,21,"[7, 7, 0, 7]",0.011278382643236636,1291,1301,2117,Central Michigan,fbs,Mid-American,23,"[10, 0, 7, 6]",0.9887216173567633,1529,1519,7.6941382587,,,,CollegeFootballData.com API,2026-08-31T17:32:19.562789+00:00,/games,1.3
400787338,2015,8,regular,2015-10-24T19:00:00.000Z,False,True,False,True,0,3738,Gillette Stadium,113,Massachusetts,fbs,Mid-American,35,"[14, 14, 0, 7]",0.009680852751117033,1131,1145,2649,Toledo,fbs,Mid-American,51,"[3, 7, 21, 20]",0.9903191472488829,1694,1680,6.26823470149999,,,,CollegeFootballData.com API,2026-08-31T17:32:19.562789+00:00,/games,1.3
400787429,2015,8,regular,2015-10-24T19:00:00.000Z,False,True,False,False,56015,3801,LaVell Edwards Stadium,252,BYU,fbs,FBS Independents,70,"[28, 21, 14, 7]",0.9999969738837803,,,2681,Wagner,fcs,NEC,6,"[0, 0, 6, 0]",3.0261162197176006e-06,,,0.00647995220000074,,,,CollegeFootballData.com API,2026-08-31T17:32:19.562789+00:00,/games,1.3
400756963,2015,8,regular,2015-10-24T19:30:00.000Z,False,True,False,True,52000,3787,Kenan Stadium,153,North Carolina,fbs,ACC,26,"[7, 6, 3, 10]",0.9907116976861137,1679,1681,258,Virginia,fbs,ACC,13,"[10, 3, 0, 0]",0.009288302313886332,1386,1384,4.01693131689999,,,,CollegeFootballData.com API,2026-08-31T17:32:19.562789+00:00,/games,1.3
400763549,2015,8,regular,2015-10-24T19:30:00.000Z,False,True,False,True,74144,3936,Spartan Stadium,127,Michigan State,fbs,Big Ten,52,"[7, 14, 7, 24]",0.9939493377978609,1834,1856,84,Indiana,fbs,Big Ten,26,"[7, 13, 6, 0]",0.006050662202139123,1425,1403,5.0838017606,,,,CollegeFootballData.com API,2026-08-31T17:32:19.562789+00:00,/games,1.3
400763547,2015,8,regular,2015-10-24T19:30:00.000Z,False,True,False,True,45438,3832,"Memorial Stadium (Champaign, IL)",356,Illinois,fbs,Big Ten,13,"[3, 3, 7, 0]",0.07335375700061013,1445,1451,275,Wisconsin,fbs,Big Ten,24,"[0, 10, 7, 7]",0.9266462429993899,1802,1796,5.25975576059999,,,,CollegeFootballData.com API,2026-08-31T17:32:19.562789+00:00,/games,1.3
400603886,2015,8,regular,2015-10-24T19:30:00.000Z,False,True,False,True,101821,3657,Bryant-Denny Stadium,333,Alabama,fbs,SEC,19,"[7, 0, 3, 9]",0.6383514117065179,2049,2040,2633,Tennessee,fbs,SEC,14,"[7, 0, 0, 7]",0.3616485882934821,1681,1690,5.9038891794,,,,CollegeFootballData.com API,2026-08-31T17:32:19.562789+00:00,/games,1.3
400756961,2015,8,regular,2015-10-24T19:30:00.000Z,False,True,False,True,63257,3799,Lane Stadium,259,Virginia Tech,fbs,ACC,43,"[7, 3, 6, 8, 3, 7, 3, 6]",0.4772883568099439,1618,1621,150,Duke,fbs,ACC,45,"[14, 0, 7, 3, 3, 7, 3, 8]",0.522711643190056,1727,1724,12.0800708832,,,,CollegeFootballData.com API,2026-08-31T17:32:19.562789+00:00,/games,1.3
400787335,2015,8,regular,2015-10-24T19:30:00.000Z,False,True,False,True,17245,3764,Huskie Stadium,2459,Northern Illinois,fbs,Mid-American,49,"[14, 21, 7, 7]",0.9999398624487551,1559,1572,2199,Eastern Michigan,fbs,Mid-American,21,"[0, 0, 14, 7]",6.0137551244898724e-05,996,983,0.4571795875,,,,CollegeFootballData.com API,2026-08-31T17:32:19.562789+00:00,/games,1.3
400763548,2015,8,regular,2015-10-24T19:30:00.000Z,False,True,True,True,68948,3814,M&T Bank Stadium,120,Maryland,fbs,Big Ten,30,"[7, 6, 14, 3]",0.8462999541317782,1352,1358,213,Penn State,fbs,Big Ten,31,"[7, 10, 7, 7]",0.15370004586822184,1603,1597,9.0112514795,,,,CollegeFootballData.com API,2026-08-31T17:32:19.562789+00:00,/games,1.3
400763635,2015,8,regular,2015-10-24T19:30:00.000Z,False,True,False,True,27217,3775,Joan C. Edwards Stadium,276,Marshall,fbs,Conference USA,30,"[17, 7, 3, 3]",0.9951391260171837,1675,1661,249,North Texas,fbs,Conference USA,13,"[0, 3, 3, 7]",0.004860873982816316,1071,1085,0.3284405314,,,,CollegeFootballData.com API,2026-08-31T17:32:19.562789+00:00,/games,1.3
400763443,2015,8,regular,2015-10-24T19:30:00.000Z,False,True,False,True,59486,3646,Boone Pickens Stadium,197,Oklahoma State,fbs,Big 12,58,"[14, 21, 21, 2]",0.9999907051423761,1717,1784,2305,Kansas,fbs,Big 12,10,"[0, 10, 0, 0]",9.294857623909358e-06,1140,1073,0.183274151499999,,,,CollegeFootballData.com API,2026-08-31T17:32:19.562789+00:00,/games,1.3
400787333,2015,8,regular,2015-10-24T19:30:00.000Z,False,True,False,True,17128,3965,UB Stadium,2084,Buffalo,fbs,Mid-American,41,"[14, 17, 0, 10]",0.9996821295540529,1300,1363,195,Ohio,fbs,Mid-American,17,"[7, 3, 7, 0]",0.00031787044594711045,1330,1267,3.4490674646,,,,CollegeFootballData.com API,2026-08-31T17:32:19.562789+00:00,/games,1.3
400763442,2015,8,regular,2015-10-24T19:30:00.000Z,False,True,False,True,85312,3835,"Memorial Stadium (Norman, OK)",201,Oklahoma,fbs,Big 12,63,"[14, 14, 21, 14]",0.9998538097564721,1930,1992,2641,Texas Tech,fbs,Big 12,27,"[3, 14, 10, 0]",0.00014619024352791055,1618,1556,2.0632195505,,,,CollegeFootballData.com API,2026-08-31T17:32:19.562789+00:00,/games,1.3
400763634,2015,8,regular,2015-10-24T19:30:00.000Z,False,True,False,True,15024,3776,Joe Aillet Stadium,2348,Louisiana Tech,fbs,Conference USA,45,"[14, 21, 0, 10]",0.9998916340479043,1643,1702,2393,Middle Tennessee,fbs,Conference USA,16,"[7, 3, 0, 6]",0.00010836595209573474,1497,1438,1.7434472957,,,,CollegeFootballData.com API,2026-08-31T17:32:19.562789+00:00,/games,1.3
400757057,2015,8,regular,2015-10-24T20:00:00.000Z,False,True,False,True,47847,3619,Arizona Stadium,12,Arizona,fbs,Pac-12,42,"[0, 21, 7, 14]",0.16640962966815306,1619,1608,265,Washington State,fbs,Pac-12,45,"[14, 17, 7, 7]",0.8335903703318469,1518,1529,6.69792155879999,,,,CollegeFootballData.com API,2026-08-31T17:32:19.562789+00:00,/games,1.3
400603891,2015,8,regular,2015-10-24T20:00:00.000Z,False,True,False,True,31128,3973,FirstBank Stadium,238,Vanderbilt,fbs,SEC,10,"[0, 7, 0, 3]",0.9697549985977955,1404,1429,142,Missouri,fbs,SEC,3,"[0, 3, 0, 0]",0.03024500140220454,1652,1627,6.9090343569,,,,CollegeFootballData.com API,2026-08-31T17:32:19.562789+00:00,/games,1.3
400787268,2015,8,regular,2015-10-24T20:00:00.000Z,False,True,False,True,19992,3816,Mackay Stadium,2440,Nevada,fbs,Mountain West,30,"[0, 10, 3, 17]",0.9400220588504707,1379,1383,62,Hawai'i,fbs,Mountain West,20,"[3, 14, 3, 0]",0.05997794114952926,1194,1190,7.0089118335,,,,CollegeFootballData.com API,2026-08-31T17:32:19.562789+00:00,/games,1.3
400764894,2015,8,regular,2015-10-24T20:00:00.000Z,False,True,False,True,24338,3886,Raymond James Stadium,58,South Florida,fbs,American Athletic,38,"[3, 14, 7, 14]",0.9969960094041008,1396,1433,2567,SMU,fbs,American Athletic,14,"[7, 0, 0, 7]",0.0030039905958991753,1183,1146,2.35023448999999,,,,CollegeFootballData.com API,2026-08-31T17:32:19.562789+00:00,/games,1.3
400764892,2015,8,regular,2015-10-24T20:30:00.000Z,False,True,False,True,40124,3854,Nippert Stadium,2132,Cincinnati,fbs,American Athletic,37,"[14, 10, 3, 10]",0.9999700512789078,1535,1574,41,UConn,fbs,American Athletic,13,"[7, 3, 0, 3]",2.9948721092187824e-05,1348,1309,1.99367888199999,,,,CollegeFootballData.com API,2026-08-31T17:32:19.562789+00:00,/games,1.3
400787456,2015,8,regular,2015-10-24T21:00:00.000Z,False,True,False,True,14414,3791,Kibbie Dome,70,Idaho,fbs,Sun Belt,27,"[3, 10, 7, 7]",0.9814749616302717,1066,1101,2433,UL Monroe,fbs,Sun Belt,13,"[7, 3, 3, 0]",0.018525038369728297,1137,1102,5.17302100389999,,,,CollegeFootballData.com API,2026-08-31T17:32:19.562789+00:00,/games,1.3
400763633,2015,8,regular,2015-10-24T22:00:00.000Z,False,True,False,True,17961,218,FIU Stadium,2229,Florida International,fbs,Conference USA,41,"[7, 10, 10, 14]",0.9978468757742338,1380,1428,295,Old Dominion,fbs,Conference USA,12,"[0, 6, 6, 0]",0.0021531242257661898,1133,1085,1.50270535979999,,,,CollegeFootballData.com API,2026-08-31T17:32:19.562789+00:00,/games,1.3
400787269,2015,8,regular,2015-10-24T23:00:00.000Z,False,True,False,True,11646,3935,CEFCU Stadium,23,San José State,fbs,Mountain West,31,"[7, 14, 7, 3]",0.9764894129453335,1259,1274,167,New Mexico,fbs,Mountain West,21,"[7, 7, 0, 7]",0.023510587054666465,1223,1208,3.43687061979999,,,,CollegeFootballData.com API,2026-08-31T17:32:19.562789+00:00,/games,1.3
400603890,2015,8,regular,2015-10-24T23:00:00.000Z,False,True,False,True,60674,3974,Vaught-Hemingway Stadium,145,Ole Miss,fbs,SEC,23,"[7, 9, 7, 0]",0.9980173325201455,1748,1797,245,Texas A&M,fbs,SEC,3,"[0, 3, 0, 0]",0.0019826674798545385,1769,1720,3.5226923592,,,,CollegeFootballData.com API,2026-08-31T17:32:19.562789+00:00,/games,1.3
400763636,2015,8,regular,2015-10-24T23:00:00.000Z,False,True,False,True,22468,3946,Sun Bowl,2638,UTEP,fbs,Conference USA,27,"[7, 7, 7, 6]",0.7656519364340945,1028,1064,2226,Florida Atlantic,fbs,Conference USA,17,"[0, 17, 0, 0]",0.23434806356590554,1268,1232,7.0623443498,,,,CollegeFootballData.com API,2026-08-31T17:32:19.562789+00:00,/games,1.3
400603888,2015,8,regular,2015-10-24T23:00:00.000Z,False,True,False,False,101561,3958,Tiger Stadium (LA),99,LSU,fbs,SEC,48,"[7, 7, 20, 14]",0.994094902842348,1803,1869,98,Western Kentucky,fbs,Conference USA,20,"[0, 7, 6, 7]",0.005905097157651973,1740,1674,2.0007566226,,,,CollegeFootballData.com API,2026-08-31T17:32:19.562789+00:00,/games,1.3
400787458,2015,8,regular,2015-10-24T23:00:00.000Z,False,True,False,True,14523,3644,Bobcat Stadium (TX),326,Texas State,fbs,Sun Belt,36,"[0, 19, 7, 10]",0.9002133882283933,1153,1196,6,South Alabama,fbs,Sun Belt,18,"[3, 0, 7, 8]",0.09978661177160675,1181,1138,4.3066210319,,,,CollegeFootballData.com API,2026-08-31T17:32:19.562789+00:00,/games,1.3
400756962,2015,8,regular,2015-10-24T23:00:00.000Z,False,True,False,True,55000,721,Bobby Dodd Stadium,59,Georgia Tech,fbs,ACC,22,"[3, 7, 3, 9]",0.5994575143566303,1714,1729,52,Florida State,fbs,ACC,16,"[3, 13, 0, 0]",0.4005424856433697,1858,1843,6.0579041837,,,,CollegeFootballData.com API,2026-08-31T17:32:19.562789+00:00,/games,1.3
400757058,2015,8,regular,2015-10-24T23:30:00.000Z,False,True,False,True,73435,477,Los Angeles Memorial Coliseum,30,USC,fbs,Pac-12,42,"[7, 21, 7, 7]",0.9981755710735987,1868,1905,254,Utah,fbs,Pac-12,24,"[14, 3, 0, 7]",0.0018244289264013336,1834,1797,3.8899128914,,,,CollegeFootballData.com API,2026-08-31T17:32:19.562789+00:00,/games,1.3
400603889,2015,8,regular,2015-10-24T23:30:00.000Z,False,True,False,True,61168,3693,Davis Wade Stadium,344,Mississippi State,fbs,SEC,42,"[7, 21, 7, 7]",0.9999537907652769,1800,1832,96,Kentucky,fbs,SEC,16,"[10, 3, 3, 0]",4.620923472309357e-05,1483,1451,2.821291445,,,,CollegeFootballData.com API,2026-08-31T17:32:19.562789+00:00,/games,1.3
400787457,2015,8,regular,2015-10-25T00:00:00.000Z,False,True,False,True,10325,3601,Aggie Memorial Stadium,166,New Mexico State,fbs,Sun Belt,7,"[0, 7, 0, 0]",0.003895477152699576,958,846,2653,Troy,fbs,Sun Belt,52,"[21, 24, 7, 0]",0.9961045228473004,1142,1254,1.5258527472,,,,CollegeFootballData.com API,2026-08-31T17:32:19.562789+00:00,/games,1.3
400763551,2015,8,regular,2015-10-25T00:00:00.000Z,False,True,False,True,53111,3754,High Point Solutions Stadium,164,Rutgers,fbs,Big Ten,7,"[0, 0, 0, 7]",0.004078720086179016,1447,1397,194,Ohio State,fbs,Big Ten,49,"[7, 14, 21, 7]",0.995921279913821,2032,2082,0.9279781111,,,,CollegeFootballData.com API,2026-08-31T17:32:19.562789+00:00,/games,1.3
400787267,2015,8,regular,2015-10-25T02:21:00.000Z,False,True,False,True,31946,3653,Albertsons Stadium,68,Boise State,fbs,Mountain West,34,"[17, 7, 10, 0]",0.9980757601664078,1822,1812,2751,Wyoming,fbs,Mountain West,14,"[0, 7, 0, 7]",0.001924239833592245,1192,1202,0.2311873367,,,,CollegeFootballData.com API,2026-08-31T17:32:19.562789+00:00,/games,1.3
400757059,2015,8,regular,2015-10-25T02:30:00.000Z,False,True,False,True,36977,3893,Reser Stadium,204,Oregon State,fbs,Pac-12,13,"[7, 3, 0, 3]",0.6703083200128349,1285,1285,38,Colorado,fbs,Pac-12,17,"[3, 7, 0, 7]",0.3296916799871651,1389,1389,8.77168878929999,,,,CollegeFootballData.com API,2026-08-31T17:32:19.562789+00:00,/games,1.3
400757060,2015,8,regular,2015-10-25T02:36:00.000Z,False,True,False,True,50424,3940,Stanford Stadium,24,Stanford,fbs,Pac-12,31,"[7, 10, 14, 0]",0.9905661481459793,1920,1933,264,Washington,fbs,Pac-12,14,"[0, 0, 7, 7]",0.00943385185402068,1651,1638,0.971504202499999,,,,CollegeFootballData.com API,2026-08-31T17:32:19.562789+00:00,/games,1.3
400756966,2015,9,regular,2015-10-29T23:00:00.000Z,False,True,False,True,43049,3752,Acrisure Stadium,221,Pittsburgh,fbs,ACC,19,"[3, 0, 10, 6]",0.15309298928101545,1563,1559,153,North Carolina,fbs,ACC,26,"[3, 17, 3, 3]",0.8469070107189846,1681,1685,3.6040967851,,,,CollegeFootballData.com API,2026-08-31T17:32:19.562789+00:00,/games,1.3
400787340,2015,9,regular,2015-10-29T23:30:00.000Z,False,True,False,True,12697,3996,Yager Stadium,193,Miami (OH),fbs,Mid-American,24,"[7, 10, 0, 7]",0.5644313056310426,976,992,2084,Buffalo,fbs,Mid-American,29,"[10, 7, 12, 0]",0.4355686943689574,1363,1347,4.8585586437,,,,CollegeFootballData.com API,2026-08-31T17:32:19.562789+00:00,/games,1.3
400787459,2015,9,regular,2015-10-29T23:30:00.000Z,False,True,False,True,0,3608,Allen E. Paulson Stadium,290,Georgia Southern,fbs,Sun Belt,37,"[7, 7, 10, 13]",0.9999442559101489,1498,1526,326,Texas State,fbs,Sun Belt,13,"[0, 6, 7, 0]",5.5744089851095247e-05,1196,1168,1.3044095927,,,,CollegeFootballData.com API,2026-08-31T17:32:19.562789+00:00,/games,1.3
400787339,2015,9,regular,2015-10-29T23:30:00.000Z,False,True,False,True,3534,3912,Rynearson Stadium,2199,Eastern Michigan,fbs,Mid-American,28,"[7, 7, 7, 7]",0.01910271632038259,983,959,2711,Western Michigan,fbs,Mid-American,58,"[13, 10, 21, 14]",0.9808972836796174,1493,1517,1.5722194092,,,,CollegeFootballData.com API,2026-08-31T17:32:19.562789+00:00,/games,1.3
400763445,2015,9,regular,2015-10-29T23:30:00.000Z,False,True,False,True,45947,3616,Amon G. Carter Stadium,2628,TCU,fbs,Big 12,40,"[17, 6, 14, 3]",0.9998974984297673,1976,2026,277,West Virginia,fbs,Big 12,10,"[0, 10, 0, 0]",0.00010250157023272699,1718,1668,1.55053298669999,,,,CollegeFootballData.com API,2026-08-31T17:32:19.562789+00:00,/games,1.3
400757061,2015,9,regular,2015-10-30T02:30:00.000Z,False,True,False,True,56534,3947,Mountain America Stadium,9,Arizona State,fbs,Pac-12,55,"[0, 14, 17, 10, 7, 7, 0]",0.8074830681898713,1666,1660,2483,Oregon,fbs,Pac-12,61,"[10, 7, 17, 7, 7, 7, 6]",0.19251693181012874,1731,1737,11.31711565,,,,CollegeFootballData.com API,2026-08-31T17:32:19.562789+00:00,/games,1.3
400756967,2015,9,regular,2015-10-30T23:00:00.000Z,False,True,False,True,24922,3630,Allegacy Federal Credit Union Stadium,154,Wake Forest,fbs,ACC,19,"[10, 9, 0, 0]",0.02740775097889652,1274,1289,97,Louisville,fbs,ACC,20,"[0, 17, 3, 0]",0.9725922490211035,1649,1634,8.6460459238,,,,CollegeFootballData.com API,2026-08-31T17:32:19.562789+00:00,/games,1.3
400764896,2015,9,regular,2015-10-30T23:00:00.000Z,False,True,False,True,23168,3892,Pratt & Whitney Stadium,41,UConn,fbs,American Athletic,31,"[3, 7, 14, 7]",0.9959552876093101,1309,1376,151,East Carolina,fbs,American Athletic,13,"[6, 0, 0, 7]",0.004044712390689931,1559,1492,4.71114688169999,,,,CollegeFootballData.com API,2026-08-31T17:32:19.562789+00:00,/games,1.3
400763641,2015,9,regular,2015-10-31T00:00:00.000Z,False,True,False,True,18010,3895,Rice Stadium,242,Rice,fbs,Conference USA,17,"[7, 0, 3, 7]",0.00667837406894787,1282,1262,2348,Louisiana Tech,fbs,Conference USA,42,"[14, 14, 7, 7]",0.9933216259310521,1702,1722,2.3833113423,,,,CollegeFootballData.com API,2026-08-31T17:32:19.562789+00:00,/games,1.3
400790885,2015,9,regular,2015-10-31T02:26:00.000Z,False,True,False,True,20964,3905,Maverik Stadium,328,Utah State,fbs,Mountain West,58,"[14, 16, 7, 21]",0.999374260079163,1605,1642,2751,Wyoming,fbs,Mountain West,27,"[7, 7, 7, 6]",0.0006257399208370318,1202,1165,0.737035888299999,,,,CollegeFootballData.com API,2026-08-31T17:32:19.562789+00:00,/games,1.3
400763554,2015,9,regular,2015-10-31T16:00:00.000Z,False,True,False,True,94417,3632,Beaver Stadium,213,Penn State,fbs,Big Ten,39,"[12, 3, 10, 14]",0.9999732982144302,1597,1690,356,Illinois,fbs,Big Ten,0,"[0, 0, 0, 0]",2.6701785569849257e-05,1451,1358,2.19077409839999,,,,CollegeFootballData.com API,2026-08-31T17:32:19.562789+00:00,/games,1.3
400756971,2015,9,regular,2015-10-31T16:00:00.000Z,False,True,False,True,67630,3697,Doak Campbell Stadium,52,Florida State,fbs,ACC,45,"[14, 14, 7, 10]",0.9998935613336386,1843,1856,183,Syracuse,fbs,ACC,21,"[7, 7, 0, 7]",0.00010643866636139698,1385,1372,1.3854589127,,,,CollegeFootballData.com API,2026-08-31T17:32:19.562789+00:00,/games,1.3
400764899,2015,9,regular,2015-10-31T16:00:00.000Z,False,True,False,True,26766,3852,Navy-Marine Corps Memorial Stadium,2426,Navy,fbs,American Athletic,29,"[3, 10, 3, 13]",0.9970695934522077,1611,1620,58,South Florida,fbs,American Athletic,17,"[10, 0, 7, 0]",0.002930406547792308,1433,1424,6.4754472224,,,,CollegeFootballData.com API,2026-08-31T17:32:19.562789+00:00,/games,1.3
400763555,2015,9,regular,2015-10-31T16:00:00.000Z,False,True,False,True,31351,3907,Ross-Ade Stadium,2509,Purdue,fbs,Big Ten,55,"[7, 14, 21, 13]",0.7062558557752028,1273,1328,158,Nebraska,fbs,Big Ten,45,"[3, 6, 7, 29]",0.2937441442247972,1736,1681,5.7594498532,,,,CollegeFootballData.com API,2026-08-31T17:32:19.562789+00:00,/games,1.3
400763640,2015,9,regular,2015-10-31T16:00:00.000Z,False,True,False,True,20118,3918,S.B. Ballard Stadium,295,Old Dominion,fbs,Conference USA,30,"[3, 7, 7, 13]",0.01104145340976749,1085,1082,98,Western Kentucky,fbs,Conference USA,55,"[10, 21, 10, 14]",0.9889585465902325,1674,1677,1.0595140609,,,,CollegeFootballData.com API,2026-08-31T17:32:19.562789+00:00,/games,1.3
400603872,2015,9,regular,2015-10-31T16:00:00.000Z,False,True,False,True,87451,3785,Jordan-Hare Stadium,2,Auburn,fbs,SEC,19,"[3, 7, 3, 6]",0.06216117741366322,1653,1649,145,Ole Miss,fbs,SEC,27,"[3, 7, 10, 7]",0.9378388225863368,1797,1801,7.17492374789999,,,,CollegeFootballData.com API,2026-08-31T17:32:19.562789+00:00,/games,1.3
400603876,2015,9,regular,2015-10-31T16:00:00.000Z,False,True,False,True,102154,3795,Kyle Field,245,Texas A&M,fbs,SEC,35,"[7, 14, 14, 0]",0.9684857144986226,1720,1721,2579,South Carolina,fbs,SEC,28,"[7, 14, 7, 0]",0.03151428550137736,1555,1554,4.9972325353,,,,CollegeFootballData.com API,2026-08-31T17:32:19.562789+00:00,/games,1.3
400764897,2015,9,regular,2015-10-31T16:00:00.000Z,False,True,False,True,30131,3854,Nippert Stadium,2132,Cincinnati,fbs,American Athletic,52,"[21, 14, 14, 3]",0.9999922932890182,1574,1664,2116,UCF,fbs,American Athletic,7,"[0, 0, 0, 7]",7.706710981825182e-06,1255,1165,0.5305818122,,,,CollegeFootballData.com API,2026-08-31T17:32:19.562789+00:00,/games,1.3
400763556,2015,9,regular,2015-10-31T16:00:00.000Z,False,True,False,True,74575,347,Camp Randall Stadium,275,Wisconsin,fbs,Big Ten,48,"[10, 17, 14, 7]",0.9998629524873276,1796,1854,164,Rutgers,fbs,Big Ten,10,"[3, 0, 7, 0]",0.00013704751267240578,1397,1339,0.7573573129,,,,CollegeFootballData.com API,2026-08-31T17:32:19.562789+00:00,/games,1.3
400756968,2015,9,regular,2015-10-31T16:30:00.000Z,False,True,False,True,28108,3615,"Alumni Stadium (Chestnut Hill, MA)",103,Boston College,fbs,ACC,10,"[0, 0, 3, 7]",0.07142873847834073,1507,1481,259,Virginia Tech,fbs,ACC,26,"[10, 10, 3, 3]",0.9285712615216593,1621,1647,2.82257466759999,,,,CollegeFootballData.com API,2026-08-31T17:32:19.562789+00:00,/games,1.3
400787342,2015,9,regular,2015-10-31T17:00:00.000Z,False,True,False,True,4576,3919,Scheumann Stadium,2050,Ball State,fbs,Mid-American,20,"[3, 7, 10, 0]",0.9088775356358625,1301,1307,113,Massachusetts,fbs,Mid-American,10,"[0, 3, 7, 0]",0.09112246436413751,1145,1139,4.3766962142,,,,CollegeFootballData.com API,2026-08-31T17:32:19.562789+00:00,/games,1.3
400787341,2015,9,regular,2015-10-31T18:00:00.000Z,False,True,False,True,18981,3768,InfoCision Stadium,2006,Akron,fbs,Mid-American,6,"[0, 6, 0, 0]",0.12120605527224179,1225,1232,2117,Central Michigan,fbs,Mid-American,14,"[0, 7, 7, 0]",0.8787939447277582,1519,1512,5.224496945,,,,CollegeFootballData.com API,2026-08-31T17:32:19.562789+00:00,/games,1.3
400763642,2015,9,regular,2015-10-31T18:30:00.000Z,False,True,False,True,0,3815,M. M. Roberts Stadium,2572,Southern Miss,fbs,Conference USA,34,"[7, 6, 7, 14]",0.9995393937788171,1422,1437,2638,UTEP,fbs,Conference USA,13,"[0, 3, 3, 7]",0.00046060622118293537,1064,1049,1.6665282357,,,,CollegeFootballData.com API,2026-08-31T17:32:19.562789+00:00,/games,1.3
400757064,2015,9,regular,2015-10-31T19:00:00.000Z,False,True,False,True,51508,1056,Rose Bowl,26,UCLA,fbs,Pac-12,35,"[7, 14, 7, 7]",0.9751495245437252,1734,1727,38,Colorado,fbs,Pac-12,31,"[0, 6, 10, 15]",0.024850475456274834,1389,1396,5.4534269228,,,,CollegeFootballData.com API,2026-08-31T17:32:19.562789+00:00,/games,1.3
400757063,2015,9,regular,2015-10-31T19:00:00.000Z,False,True,False,True,52060,3831,California Memorial Stadium,25,California,fbs,Pac-12,21,"[7, 0, 7, 7]",0.36171114571996643,1516,1532,30,USC,fbs,Pac-12,27,"[0, 10, 17, 0]",0.6382888542800336,1905,1889,3.351451908,,,,CollegeFootballData.com API,2026-08-31T17:32:19.562789+00:00,/games,1.3
400756972,2015,9,regular,2015-10-31T19:00:00.000Z,False,True,False,True,32308,3923,Scott Stadium,258,Virginia,fbs,ACC,27,"[10, 0, 10, 7]",0.9422416685044267,1384,1410,59,Georgia Tech,fbs,ACC,21,"[7, 7, 0, 7]",0.0577583314955733,1729,1703,5.76598643479999,,,,CollegeFootballData.com API,2026-08-31T17:32:19.562789+00:00,/games,1.3
400763448,2015,9,regular,2015-10-31T19:30:00.000Z,False,True,False,True,54872,3784,Jones AT&T Stadium,2641,Texas Tech,fbs,Big 12,53,"[24, 14, 0, 15]",0.009680804503438901,1556,1538,197,Oklahoma State,fbs,Big 12,70,"[14, 14, 14, 28]",0.9903191954965611,1784,1802,8.250297305,,,,CollegeFootballData.com API,2026-08-31T17:32:19.562789+00:00,/games,1.3
400787272,2015,9,regular,2015-10-31T19:30:00.000Z,False,True,False,True,14315,3914,Sam Boyd Stadium,2439,UNLV,fbs,Mountain West,27,"[3, 14, 3, 7]",0.006717417039332582,1210,1201,68,Boise State,fbs,Mountain West,55,"[10, 14, 3, 28]",0.9932825829606674,1812,1821,2.51719434519999,,,,CollegeFootballData.com API,2026-08-31T17:32:19.562789+00:00,/games,1.3
400763638,2015,9,regular,2015-10-31T19:30:00.000Z,False,True,False,True,16432,3715,FAU Stadium,2226,Florida Atlantic,fbs,Conference USA,31,"[7, 10, 0, 14]",0.9972863761222457,1232,1278,2229,Florida International,fbs,Conference USA,17,"[0, 7, 3, 7]",0.002713623877754312,1428,1382,4.178167554,,,,CollegeFootballData.com API,2026-08-31T17:32:19.562789+00:00,/games,1.3
400756969,2015,9,regular,2015-10-31T19:30:00.000Z,False,True,False,True,57600,3670,Carter-Finley Stadium,152,NC State,fbs,ACC,41,"[13, 7, 7, 14]",0.009936217403077973,1670,1667,228,Clemson,fbs,ACC,56,"[16, 10, 21, 9]",0.9900637825969221,2010,2013,4.019665282,,,,CollegeFootballData.com API,2026-08-31T17:32:19.562789+00:00,/games,1.3
400763637,2015,9,regular,2015-10-31T19:30:00.000Z,False,True,False,True,15381,4418,Jerry Richardson Stadium,2429,Charlotte,fbs,Conference USA,10,"[0, 3, 0, 7]",0.0084215311080748,1107,1103,276,Marshall,fbs,Conference USA,34,"[14, 17, 0, 3]",0.9915784688919252,1661,1665,0.9554357435,,,,CollegeFootballData.com API,2026-08-31T17:32:19.562789+00:00,/games,1.3
400787273,2015,9,regular,2015-10-31T19:30:00.000Z,False,True,False,True,18125,3761,Sonny Lubick Field at Hughes Stadium,36,Colorado State,fbs,Mountain West,17,"[7, 3, 0, 7]",0.018483027294062444,1479,1429,21,San Diego State,fbs,Mountain West,41,"[7, 6, 14, 14]",0.9815169727059375,1593,1643,4.0756122392,,,,CollegeFootballData.com API,2026-08-31T17:32:19.562789+00:00,/games,1.3
400787460,2015,9,regular,2015-10-31T19:30:00.000Z,False,True,False,True,26130,3792,Kidd Brewer Stadium,2026,App State,fbs,Sun Belt,44,"[14, 3, 14, 0, 7, 3, 3]",0.3644438071164628,1715,1711,2653,Troy,fbs,Sun Belt,41,"[7, 3, 14, 7, 7, 3, 0]",0.6355561928835372,1254,1258,6.22265550469999,,,,CollegeFootballData.com API,2026-08-31T17:32:19.562789+00:00,/games,1.3
400763552,2015,9,regular,2015-10-31T19:30:00.000Z,False,True,False,True,62667,3793,Kinnick Stadium,2294,Iowa,fbs,Big Ten,31,"[7, 14, 0, 10]",0.995442289204248,1751,1752,120,Maryland,fbs,Big Ten,15,"[0, 0, 0, 15]",0.004557710795751957,1358,1357,1.40004958849999,,,,CollegeFootballData.com API,2026-08-31T17:32:19.562789+00:00,/games,1.3
400763447,2015,9,regular,2015-10-31T19:30:00.000Z,False,True,False,True,26677,3833,Memorial Stadium,2305,Kansas,fbs,Big 12,7,"[0, 7, 0, 0]",0.003570047285675419,1073,1025,201,Oklahoma,fbs,Big 12,62,"[21, 17, 17, 7]",0.9964299527143246,1992,2040,0.1508707636,,,,CollegeFootballData.com API,2026-08-31T17:32:19.562789+00:00,/games,1.3
400603873,2015,9,regular,2015-10-31T19:30:00.000Z,False,True,True,True,84628,3712,EverBank Stadium,57,Florida,fbs,SEC,27,"[6, 14, 0, 7]",0.9994896372682981,1825,1895,61,Georgia,fbs,SEC,3,"[0, 0, 3, 0]",0.0005103627317019077,1842,1772,3.0561596463,,,,CollegeFootballData.com API,2026-08-31T17:32:19.562789+00:00,/games,1.3
400764900,2015,9,regular,2015-10-31T20:00:00.000Z,False,True,False,True,18217,3735,Gerald J. Ford Stadium,2567,SMU,fbs,American Athletic,31,"[14, 7, 3, 7]",0.0482584868184264,1146,1141,202,Tulsa,fbs,American Athletic,40,"[3, 20, 10, 7]",0.9517415131815736,1312,1317,6.5749794691,,,,CollegeFootballData.com API,2026-08-31T17:32:19.562789+00:00,/games,1.3
400603871,2015,9,regular,2015-10-31T20:00:00.000Z,False,True,False,False,64206,3887,Razorback Stadium,8,Arkansas,fbs,SEC,63,"[7, 28, 21, 7]",0.9997671323578433,,,2630,UT Martin,fcs,OVC,28,"[0, 14, 7, 7]",0.00023286764215668665,,,0.1439673664,,,,CollegeFootballData.com API,2026-08-31T17:32:19.562789+00:00,/games,1.3
400787463,2015,9,regular,2015-10-31T21:00:00.000Z,False,True,False,True,17410,3666,Cajun Field,309,Louisiana,fbs,Sun Belt,30,"[3, 6, 7, 14]",0.8694299167039139,1343,1339,2433,UL Monroe,fbs,Sun Belt,24,"[14, 10, 0, 0]",0.1305700832960861,1102,1106,6.7249131064,,,,CollegeFootballData.com API,2026-08-31T17:32:19.562789+00:00,/games,1.3
400787461,2015,9,regular,2015-10-31T23:00:00.000Z,False,True,False,True,18217,3625,Centennial Bank Stadium,2032,Arkansas State,fbs,Sun Belt,48,"[13, 7, 7, 21]",0.9825539165576167,1373,1381,2247,Georgia State,fbs,Sun Belt,34,"[6, 21, 7, 0]",0.017446083442383298,1128,1120,6.3385050753,,,,CollegeFootballData.com API,2026-08-31T17:32:19.562789+00:00,/games,1.3
400757065,2015,9,regular,2015-10-31T23:00:00.000Z,False,True,False,True,45853,587,Rice-Eccles Stadium,254,Utah,fbs,Pac-12,27,"[14, 0, 0, 13]",0.9926441832737545,1797,1787,204,Oregon State,fbs,Pac-12,12,"[0, 6, 0, 6]",0.007355816726245523,1285,1295,1.56651897789999,,,,CollegeFootballData.com API,2026-08-31T17:32:19.562789+00:00,/games,1.3
400763446,2015,9,regular,2015-10-31T23:00:00.000Z,False,True,False,True,53616,3772,Jack Trice Stadium,66,Iowa State,fbs,Big 12,24,"[7, 3, 7, 7]",0.9998572745214214,1342,1423,251,Texas,fbs,Big 12,0,"[0, 0, 0, 0]",0.00014272547857863138,1516,1435,4.5958926279,,,,CollegeFootballData.com API,2026-08-31T17:32:19.562789+00:00,/games,1.3
400763639,2015,9,regular,2015-10-31T23:00:00.000Z,False,True,False,True,10292,3825,DATCU Stadium,249,North Texas,fbs,Conference USA,30,"[0, 7, 7, 16]",0.7368344397654919,1085,1101,2636,UTSA,fbs,Conference USA,23,"[7, 3, 7, 6]",0.2631655602345081,1191,1175,6.9549491113,,,,CollegeFootballData.com API,2026-08-31T17:32:19.562789+00:00,/games,1.3
400603874,2015,9,regular,2015-10-31T23:00:00.000Z,False,True,False,False,29565,4728,TDECU Stadium,248,Houston,fbs,American Athletic,34,"[7, 13, 14, 0]",0.999957336289451,1813,1860,238,Vanderbilt,fbs,SEC,0,"[0, 0, 0, 0]",4.266371054895135e-05,1429,1382,1.4049242962,,,,CollegeFootballData.com API,2026-08-31T17:32:19.562789+00:00,/games,1.3
400763553,2015,9,regular,2015-10-31T23:00:00.000Z,False,True,False,True,50709,3953,Huntington Bank Stadium,135,Minnesota,fbs,Big Ten,26,"[3, 13, 7, 3]",0.4735656377550293,1554,1565,130,Michigan,fbs,Big Ten,29,"[7, 7, 7, 8]",0.5264343622449708,1828,1817,8.4821006495,,,,CollegeFootballData.com API,2026-08-31T17:32:19.562789+00:00,/games,1.3
400764898,2015,9,regular,2015-10-31T23:00:00.000Z,False,True,False,True,30381,3805,Simmons Bank Liberty Stadium,235,Memphis,fbs,American Athletic,41,"[0, 15, 12, 14]",0.9985729260671898,1703,1715,2655,Tulane,fbs,American Athletic,13,"[6, 7, 0, 0]",0.0014270739328101634,1129,1117,2.53088392809999,,,,CollegeFootballData.com API,2026-08-31T17:32:19.562789+00:00,/games,1.3
400756970,2015,9,regular,2015-10-31T23:00:00.000Z,False,True,False,True,30143,3982,Wallace Wade Stadium,150,Duke,fbs,ACC,27,"[0, 3, 9, 15]",0.25002221121591245,1724,1703,2390,Miami,fbs,ACC,30,"[0, 14, 0, 16]",0.7499777887840875,1470,1491,8.1440026232,,,,CollegeFootballData.com API,2026-08-31T17:32:19.562789+00:00,/games,1.3
400603875,2015,9,regular,2015-10-31T23:30:00.000Z,False,True,False,True,60886,3683,Kroger Field,96,Kentucky,fbs,SEC,21,"[7, 7, 7, 0]",0.04031849473963972,1451,1394,2633,Tennessee,fbs,SEC,52,"[7, 17, 28, 0]",0.9596815052603602,1690,1747,3.5488111626,,,,CollegeFootballData.com API,2026-08-31T17:32:19.562789+00:00,/games,1.3
400787462,2015,9,regular,2015-11-01T00:00:00.000Z,False,True,False,True,7546,3601,Aggie Memorial Stadium,166,New Mexico State,fbs,Sun Belt,55,"[0, 7, 14, 27, 7]",0.6305630236522709,846,871,70,Idaho,fbs,Sun Belt,48,"[10, 13, 10, 15, 0]",0.3694369763477291,1101,1076,5.5416776871,,,,CollegeFootballData.com API,2026-08-31T17:32:19.562789+00:00,/games,1.3
400763585,2015,9,regular,2015-11-01T00:00:00.000Z,False,True,False,False,69280,3806,Lincoln Financial Field,218,Temple,fbs,American Athletic,20,"[3, 7, 0, 10]",0.0820147406131089,1678,1679,87,Notre Dame,fbs,FBS Independents,24,"[7, 7, 3, 7]",0.9179852593868911,1799,1798,5.959834502,,,,CollegeFootballData.com API,2026-08-31T17:32:19.562789+00:00,/games,1.3
400757066,2015,9,regular,2015-11-01T02:30:00.000Z,False,True,False,True,30012,3820,Gesa Field,265,Washington State,fbs,Pac-12,28,"[3, 9, 10, 6]",0.8592626384357017,1529,1547,24,Stanford,fbs,Pac-12,30,"[3, 0, 17, 10]",0.14073736156429828,1933,1915,7.7261577098,,,,CollegeFootballData.com API,2026-08-31T17:32:19.562789+00:00,/games,1.3
400787271,2015,9,regular,2015-11-01T02:30:00.000Z,False,True,False,True,22430,3610,Aloha Stadium,62,Hawai'i,fbs,Mountain West,7,"[0, 0, 0, 7]",0.0035455543970902004,1190,1069,2005,Air Force,fbs,Mountain West,58,"[14, 20, 3, 21]",0.9964544456029099,1458,1579,1.5837190209,,,,CollegeFootballData.com API,2026-08-31T17:32:19.562789+00:00,/games,1.3
400757062,2015,9,regular,2015-11-01T03:00:00.000Z,False,True,False,True,56749,3765,Husky Stadium,264,Washington,fbs,Pac-12,49,"[7, 14, 21, 7]",0.9999479504627032,1638,1773,12,Arizona,fbs,Pac-12,3,"[3, 0, 0, 0]",5.2049537296761095e-05,1608,1473,2.74233496019999,,,,CollegeFootballData.com API,2026-08-31T17:32:19.562789+00:00,/games,1.3
400787343,2015,10,regular,2015-11-04T01:00:00.000Z,False,True,False,True,23089,3739,Glass Bowl,2649,Toledo,fbs,Mid-American,27,"[17, 0, 7, 3]",0.8040961295666679,1680,1664,2459,Northern Illinois,fbs,Mid-American,32,"[10, 6, 3, 13]",0.19590387043333213,1572,1588,7.7387324874,,,,CollegeFootballData.com API,2026-08-31T17:32:19.562789+00:00,/games,1.3
400787344,2015,10,regular,2015-11-05T01:00:00.000Z,False,True,False,True,16233,3700,Doyt L. Perry Stadium,189,Bowling Green,fbs,Mid-American,62,"[14, 13, 21, 14]",0.9999859946595385,1679,1735,195,Ohio,fbs,Mid-American,24,"[7, 7, 3, 7]",1.4005340461475946e-05,1267,1211,2.05540930209999,,,,CollegeFootballData.com API,2026-08-31T17:32:19.562789+00:00,/games,1.3
400787345,2015,10,regular,2015-11-06T00:00:00.000Z,False,True,False,True,10379,3696,Dix Stadium,2309,Kent State,fbs,Mid-American,17,"[0, 10, 7, 0]",0.41211847004710583,1063,1075,2084,Buffalo,fbs,Mid-American,18,"[6, 0, 0, 12]",0.5878815299528941,1347,1335,,,,,CollegeFootballData.com API,2026-08-31T17:32:19.562789+00:00,/games,1.3
400763449,2015,10,regular,2015-11-06T00:30:00.000Z,False,True,False,True,52108,3636,Bill Snyder Family Stadium,2306,Kansas State,fbs,Big 12,24,"[7, 0, 3, 14]",0.3078714220724654,1552,1576,239,Baylor,fbs,Big 12,31,"[14, 7, 7, 3]",0.6921285779275346,2093,2069,1.9507000655,,,,CollegeFootballData.com API,2026-08-31T17:32:19.562789+00:00,/games,1.3
400787346,2015,10,regular,2015-11-06T00:30:00.000Z,False,True,False,True,12058,3980,Waldo Stadium,2711,Western Michigan,fbs,Mid-American,54,"[7, 23, 17, 7]",0.9999890096829643,1517,1629,2050,Ball State,fbs,Mid-American,7,"[0, 0, 7, 0]",1.0990317035663999e-05,1307,1195,1.12426185569999,,,,CollegeFootballData.com API,2026-08-31T17:32:19.562789+00:00,/games,1.3
400787464,2015,10,regular,2015-11-06T00:30:00.000Z,False,True,False,True,18721,3792,Kidd Brewer Stadium,2026,App State,fbs,Sun Belt,27,"[14, 7, 0, 6]",0.616700769882062,1711,1647,2032,Arkansas State,fbs,Sun Belt,40,"[14, 3, 17, 6]",0.383299230117938,1381,1445,4.29031010589999,,,,CollegeFootballData.com API,2026-08-31T17:32:19.562789+00:00,/games,1.3
400603911,2015,10,regular,2015-11-06T02:00:00.000Z,False,True,False,True,58878,3838,Memorial Stadium,142,Missouri,fbs,SEC,13,"[3, 10, 0, 0]",0.008141279219162013,1627,1604,344,Mississippi State,fbs,SEC,31,"[7, 7, 17, 0]",0.991858720780838,1832,1855,3.5667583881,,,,CollegeFootballData.com API,2026-08-31T17:32:19.562789+00:00,/games,1.3
400790886,2015,10,regular,2015-11-06T03:30:00.000Z,False,True,False,True,25476,3660,Valley Children's Stadium,278,Fresno State,fbs,Mountain West,16,"[0, 16, 0, 0]",0.023743541757038654,1065,1062,2440,Nevada,fbs,Mountain West,30,"[7, 10, 6, 7]",0.9762564582429614,1383,1386,4.61701124919999,,,,CollegeFootballData.com API,2026-08-31T17:32:19.562789+00:00,/games,1.3
400763646,2015,10,regular,2015-11-07T01:00:00.000Z,False,True,False,True,23031,3946,Sun Bowl,2638,UTEP,fbs,Conference USA,24,"[0, 14, 7, 3]",0.628819848035859,1049,1053,242,Rice,fbs,Conference USA,21,"[0, 14, 7, 0]",0.371180151964141,1262,1258,,,,,CollegeFootballData.com API,2026-08-31T17:32:19.562789+00:00,/games,1.3
400764901,2015,10,regular,2015-11-07T01:00:00.000Z,False,True,False,True,17232,3735,Gerald J. Ford Stadium,2567,SMU,fbs,American Athletic,40,"[0, 17, 7, 16]",0.012740912584893528,1141,1144,218,Temple,fbs,American Athletic,60,"[14, 7, 17, 22]",0.9872590874151065,1679,1676,3.5888653558,,,,CollegeFootballData.com API,2026-08-31T17:32:19.562789+00:00,/games,1.3
400790887,2015,10,regular,2015-11-07T04:30:00.000Z,False,True,False,False,15652,3935,CEFCU Stadium,23,San José State,fbs,Mountain West,16,"[3, 7, 0, 6]",0.22189782429788704,1274,1287,252,BYU,fbs,FBS Independents,17,"[7, 7, 0, 3]",0.7781021757021129,1588,1575,4.5476708117,,,,CollegeFootballData.com API,2026-08-31T17:32:19.562789+00:00,/games,1.3
400763563,2015,10,regular,2015-11-07T17:00:00.000Z,False,True,False,True,40197,3907,Ross-Ade Stadium,2509,Purdue,fbs,Big Ten,14,"[0, 7, 0, 7]",0.0036767957060844037,1328,1234,356,Illinois,fbs,Big Ten,48,"[10, 17, 14, 7]",0.9963232042939156,1358,1452,2.6454410368,,,,CollegeFootballData.com API,2026-08-31T17:32:19.562789+00:00,/games,1.3
400763648,2015,10,regular,2015-11-07T17:00:00.000Z,False,True,False,True,18421,3796,Houchens Industries-L.T. Smith Stadium,98,Western Kentucky,fbs,Conference USA,35,"[0, 14, 14, 7]",0.9228645019809198,1677,1677,2226,Florida Atlantic,fbs,Conference USA,19,"[7, 6, 6, 0]",0.07713549801908015,1278,1278,3.0846118406,,,,CollegeFootballData.com API,2026-08-31T17:32:19.562789+00:00,/games,1.3
400763561,2015,10,regular,2015-11-07T17:00:00.000Z,False,True,False,True,34116,3911,Ryan Field,77,Northwestern,fbs,Big Ten,23,"[0, 20, 0, 3]",0.4840609981069384,1489,1492,213,Penn State,fbs,Big Ten,21,"[0, 7, 7, 7]",0.5159390018930616,1690,1687,9.1050657485,,,,CollegeFootballData.com API,2026-08-31T17:32:19.562789+00:00,/games,1.3
400763453,2015,10,regular,2015-11-07T17:00:00.000Z,False,True,False,True,54932,3842,Milan Puskar Stadium,277,West Virginia,fbs,Big 12,31,"[7, 10, 7, 7]",0.8862700398004831,1668,1668,2641,Texas Tech,fbs,Big 12,26,"[7, 7, 3, 9]",0.11372996019951687,1538,1538,5.77680742029999,,,,CollegeFootballData.com API,2026-08-31T17:32:19.562789+00:00,/games,1.3
400787348,2015,10,regular,2015-11-07T17:00:00.000Z,False,True,False,True,6228,3738,Gillette Stadium,113,Massachusetts,fbs,Mid-American,13,"[7, 6, 0, 0]",0.030460960384204053,1139,1139,2006,Akron,fbs,Mid-American,17,"[7, 0, 7, 3]",0.9695390396157959,1232,1232,8.5207492415,,,,CollegeFootballData.com API,2026-08-31T17:32:19.562789+00:00,/games,1.3
400603907,2015,10,regular,2015-11-07T17:00:00.000Z,False,True,False,True,92746,3917,Sanford Stadium,61,Georgia,fbs,SEC,27,"[10, 0, 14, 3]",0.9997162633263076,1772,1792,96,Kentucky,fbs,SEC,3,"[0, 3, 0, 0]",0.00028373667369241407,1394,1374,1.5774614903,,,,CollegeFootballData.com API,2026-08-31T17:32:19.562789+00:00,/games,1.3
400603906,2015,10,regular,2015-11-07T17:00:00.000Z,False,True,False,True,0,3634,Ben Hill Griffin Stadium,57,Florida,fbs,SEC,9,"[6, 0, 0, 3]",0.93615812647687,1895,1888,238,Vanderbilt,fbs,SEC,7,"[0, 7, 0, 0]",0.06384187352312998,1382,1389,6.17170479089999,,,,CollegeFootballData.com API,2026-08-31T17:32:19.562789+00:00,/games,1.3
400756978,2015,10,regular,2015-11-07T17:00:00.000Z,False,True,False,False,68400,3752,Acrisure Stadium,221,Pittsburgh,fbs,ACC,30,"[3, 0, 14, 13]",0.010316531534888675,1559,1554,87,Notre Dame,fbs,FBS Independents,42,"[7, 14, 7, 14]",0.9896834684651113,1798,1803,2.8014613683,,,,CollegeFootballData.com API,2026-08-31T17:32:19.562789+00:00,/games,1.3
400756975,2015,10,regular,2015-11-07T17:00:00.000Z,False,True,False,True,60000,3787,Kenan Stadium,153,North Carolina,fbs,ACC,66,"[21, 17, 21, 7]",0.9998377292298668,1685,1786,150,Duke,fbs,ACC,31,"[3, 7, 14, 7]",0.00016227077013319935,1703,1602,1.7395482485,,,,CollegeFootballData.com API,2026-08-31T17:32:19.562789+00:00,/games,1.3
400764906,2015,10,regular,2015-11-07T17:00:00.000Z,False,True,False,True,16128,3674,Chapman Stadium,202,Tulsa,fbs,American Athletic,45,"[14, 10, 0, 21]",0.9870000742408606,1317,1335,2116,UCF,fbs,American Athletic,30,"[3, 0, 17, 10]",0.012999925759139441,1165,1147,2.95348897799999,,,,CollegeFootballData.com API,2026-08-31T17:32:19.562789+00:00,/games,1.3
400763643,2015,10,regular,2015-11-07T17:00:00.000Z,False,True,False,True,14200,218,FIU Stadium,2229,Florida International,fbs,Conference USA,48,"[14, 20, 7, 7]",0.977661369089801,1382,1394,2429,Charlotte,fbs,Conference USA,31,"[7, 3, 7, 14]",0.022338630910199053,1103,1091,1.0412315012,,,,CollegeFootballData.com API,2026-08-31T17:32:19.562789+00:00,/games,1.3
400756976,2015,10,regular,2015-11-07T17:30:00.000Z,False,True,False,True,46158,3873,L&N Federal Credit Union Stadium,97,Louisville,fbs,ACC,41,"[7, 14, 10, 10]",0.9998557263306065,1634,1666,183,Syracuse,fbs,ACC,17,"[10, 0, 0, 7]",0.00014427366939351316,1372,1340,2.89783567449999,,,,CollegeFootballData.com API,2026-08-31T17:32:19.562789+00:00,/games,1.3
400756973,2015,10,regular,2015-11-07T17:30:00.000Z,False,True,False,True,28533,3615,"Alumni Stadium (Chestnut Hill, MA)",103,Boston College,fbs,ACC,8,"[0, 0, 0, 8]",0.02183371225157188,1481,1462,152,NC State,fbs,ACC,24,"[0, 14, 7, 3]",0.9781662877484281,1667,1686,2.67763713359999,,,,CollegeFootballData.com API,2026-08-31T17:32:19.562789+00:00,/games,1.3
400757070,2015,10,regular,2015-11-07T18:00:00.000Z,False,True,False,True,40142,3726,Folsom Field,38,Colorado,fbs,Pac-12,10,"[7, 0, 3, 0]",0.004416992332684273,1396,1368,24,Stanford,fbs,Pac-12,42,"[7, 21, 7, 7]",0.9955830076673158,1915,1943,1.5628399619,,,,CollegeFootballData.com API,2026-08-31T17:32:19.562789+00:00,/games,1.3
400787465,2015,10,regular,2015-11-07T19:00:00.000Z,False,True,False,True,10070,3495,Georgia Dome,2247,Georgia State,fbs,Sun Belt,21,"[7, 7, 7, 0]",0.8643567493624161,1120,1129,309,Louisiana,fbs,Sun Belt,23,"[17, 0, 3, 3]",0.13564325063758387,1339,1330,8.116952896,,,,CollegeFootballData.com API,2026-08-31T17:32:19.562789+00:00,/games,1.3
400787347,2015,10,regular,2015-11-07T19:30:00.000Z,False,True,False,True,12756,3996,Yager Stadium,193,Miami (OH),fbs,Mid-American,28,"[7, 14, 7, 0]",0.9988295801422813,992,1020,2199,Eastern Michigan,fbs,Mid-American,13,"[0, 3, 7, 3]",0.0011704198577187075,959,931,2.12139453629999,,,,CollegeFootballData.com API,2026-08-31T17:32:19.562789+00:00,/games,1.3
400787466,2015,10,regular,2015-11-07T20:00:00.000Z,False,True,False,True,17651,3797,Ladd Peebles Stadium,6,South Alabama,fbs,Sun Belt,52,"[0, 7, 21, 24]",0.0539036409286015,1138,1144,70,Idaho,fbs,Sun Belt,45,"[10, 14, 7, 14]",0.9460963590713986,1076,1070,5.9998765738,,,,CollegeFootballData.com API,2026-08-31T17:32:19.562789+00:00,/games,1.3
400756977,2015,10,regular,2015-11-07T20:00:00.000Z,False,True,False,True,40963,3948,Hard Rock Stadium,2390,Miami,fbs,ACC,27,"[0, 14, 3, 10]",0.4850444574267548,1491,1494,258,Virginia,fbs,ACC,21,"[0, 8, 7, 6]",0.5149555425732453,1410,1407,5.4515257262,,,,CollegeFootballData.com API,2026-08-31T17:32:19.562789+00:00,/games,1.3
400787275,2015,10,regular,2015-11-07T20:00:00.000Z,False,True,False,True,18682,3984,War Memorial Stadium,2751,Wyoming,fbs,Mountain West,7,"[0, 0, 0, 7]",0.004902009907616571,1165,1145,36,Colorado State,fbs,Mountain West,26,"[17, 6, 3, 0]",0.9950979900923834,1429,1449,1.1808487488,,,,CollegeFootballData.com API,2026-08-31T17:32:19.562789+00:00,/games,1.3
400603908,2015,10,regular,2015-11-07T20:30:00.000Z,False,True,False,True,60680,3974,Vaught-Hemingway Stadium,145,Ole Miss,fbs,SEC,52,"[7, 10, 14, 14, 7]",0.6808636872333091,1801,1796,8,Arkansas,fbs,SEC,53,"[7, 10, 14, 14, 8]",0.31913631276669086,1727,1732,8.4269436137,,,,CollegeFootballData.com API,2026-08-31T17:32:19.562789+00:00,/games,1.3
400760497,2015,10,regular,2015-11-07T20:30:00.000Z,False,True,False,False,37716,3713,Falcon Stadium,2005,Air Force,fbs,Mountain West,20,"[0, 10, 0, 10]",0.9994628440676484,1579,1586,349,Army,fbs,FBS Independents,3,"[0, 0, 3, 0]",0.0005371559323515962,1238,1231,1.70854547279999,,,,CollegeFootballData.com API,2026-08-31T17:32:19.562789+00:00,/games,1.3
400763558,2015,10,regular,2015-11-07T20:30:00.000Z,False,True,False,True,44678,3665,SECU Stadium,120,Maryland,fbs,Big Ten,24,"[7, 10, 0, 7]",0.4260529799575637,1357,1379,275,Wisconsin,fbs,Big Ten,31,"[14, 3, 7, 7]",0.5739470200424364,1854,1832,3.9563537364,,,,CollegeFootballData.com API,2026-08-31T17:32:19.562789+00:00,/games,1.3
400764903,2015,10,regular,2015-11-07T20:30:00.000Z,False,True,False,True,32889,4728,TDECU Stadium,248,Houston,fbs,American Athletic,33,"[7, 7, 16, 3]",0.14547653011462128,1860,1859,2132,Cincinnati,fbs,American Athletic,30,"[0, 14, 8, 8]",0.8545234698853788,1664,1665,4.72621240539999,,,,CollegeFootballData.com API,2026-08-31T17:32:19.562789+00:00,/games,1.3
400787278,2015,10,regular,2015-11-07T20:30:00.000Z,False,True,False,True,19886,3971,University Stadium (NM),167,New Mexico,fbs,Mountain West,14,"[0, 7, 7, 0]",0.08977011346524318,1208,1220,328,Utah State,fbs,Mountain West,13,"[0, 3, 7, 3]",0.9102298865347568,1642,1630,7.8856239167,,,,CollegeFootballData.com API,2026-08-31T17:32:19.562789+00:00,/games,1.3
400787467,2015,10,regular,2015-11-07T20:30:00.000Z,False,True,False,True,18041,3975,Veterans Memorial Stadium (AL),2653,Troy,fbs,Sun Belt,51,"[27, 21, 3, 0]",0.9999599338081069,1258,1343,2433,UL Monroe,fbs,Sun Belt,14,"[14, 0, 0, 0]",4.0066191893117775e-05,1106,1021,1.8602648687,,,,CollegeFootballData.com API,2026-08-31T17:32:19.562789+00:00,/games,1.3
400757068,2015,10,regular,2015-11-07T20:30:00.000Z,False,True,False,True,32952,3820,Gesa Field,265,Washington State,fbs,Pac-12,38,"[0, 10, 7, 21]",0.98333465573139,1547,1586,9,Arizona State,fbs,Pac-12,24,"[14, 0, 7, 3]",0.016665344268609994,1660,1621,7.1962859926,,,,CollegeFootballData.com API,2026-08-31T17:32:19.562789+00:00,/games,1.3
400763451,2015,10,regular,2015-11-07T20:30:00.000Z,False,True,False,True,59061,3646,Boone Pickens Stadium,197,Oklahoma State,fbs,Big 12,49,"[14, 14, 14, 7]",0.48827789399176297,1802,1874,2628,TCU,fbs,Big 12,29,"[9, 0, 7, 13]",0.5117221060082371,2026,1954,3.8202326162,,,,CollegeFootballData.com API,2026-08-31T17:32:19.562789+00:00,/games,1.3
400763557,2015,10,regular,2015-11-07T20:30:00.000Z,False,True,False,True,44739,3830,"Memorial Stadium (Bloomington, IN)",84,Indiana,fbs,Big Ten,27,"[3, 14, 0, 10]",0.46549920211015583,1403,1414,2294,Iowa,fbs,Big Ten,35,"[7, 14, 0, 14]",0.5345007978898442,1752,1741,5.1844092529,,,,CollegeFootballData.com API,2026-08-31T17:32:19.562789+00:00,/games,1.3
400763644,2015,10,regular,2015-11-07T20:30:00.000Z,False,True,False,True,16986,3776,Joe Aillet Stadium,2348,Louisiana Tech,fbs,Conference USA,56,"[21, 7, 14, 14]",0.9999888226070995,1722,1769,249,North Texas,fbs,Conference USA,13,"[0, 0, 0, 13]",1.1177392900463268e-05,1101,1054,0.166779557599999,,,,CollegeFootballData.com API,2026-08-31T17:32:19.562789+00:00,/games,1.3
400756974,2015,10,regular,2015-11-07T20:30:00.000Z,False,True,False,True,83099,3836,"Memorial Stadium (Clemson, SC)",228,Clemson,fbs,ACC,23,"[3, 3, 7, 10]",0.9918313051866913,2013,2019,52,Florida State,fbs,ACC,13,"[7, 3, 3, 0]",0.00816869481330873,1856,1850,7.4355737264,,,,CollegeFootballData.com API,2026-08-31T17:32:19.562789+00:00,/games,1.3
400763559,2015,10,regular,2015-11-07T20:30:00.000Z,False,True,False,True,109879,3558,Michigan Stadium,130,Michigan,fbs,Big Ten,49,"[14, 21, 11, 3]",0.9999896324063212,1817,1851,164,Rutgers,fbs,Big Ten,16,"[3, 13, 0, 0]",1.0367593678783926e-05,1339,1305,0.660158327999999,,,,CollegeFootballData.com API,2026-08-31T17:32:19.562789+00:00,/games,1.3
400763645,2015,10,regular,2015-11-07T20:30:00.000Z,False,True,False,True,18760,3725,"Johnny ""Red"" Floyd Stadium",2393,Middle Tennessee,fbs,Conference USA,27,"[0, 7, 10, 0, 7, 0, 3]",0.39732777786459644,1438,1442,276,Marshall,fbs,Conference USA,24,"[7, 0, 0, 10, 7, 0, 0]",0.6026722221354035,1665,1661,9.8167769313,,,,CollegeFootballData.com API,2026-08-31T17:32:19.562789+00:00,/games,1.3
400764905,2015,10,regular,2015-11-07T21:00:00.000Z,False,True,False,True,26775,4729,Yulman Stadium,2655,Tulane,fbs,American Athletic,3,"[0, 3, 0, 0]",0.11146788268320233,1117,1127,41,UConn,fbs,American Athletic,7,"[7, 0, 0, 0]",0.8885321173167977,1376,1366,6.6807457807,,,,CollegeFootballData.com API,2026-08-31T17:32:19.562789+00:00,/games,1.3
400603909,2015,10,regular,2015-11-07T21:00:00.000Z,False,True,False,True,101253,3853,Neyland Stadium,2633,Tennessee,fbs,SEC,27,"[14, 3, 7, 3]",0.8604920685511941,1747,1746,2579,South Carolina,fbs,SEC,24,"[0, 3, 21, 0]",0.1395079314488059,1554,1555,3.5803304687,,,,CollegeFootballData.com API,2026-08-31T17:32:19.562789+00:00,/games,1.3
400787468,2015,10,regular,2015-11-07T21:00:00.000Z,False,True,False,True,15421,3644,Bobcat Stadium (TX),326,Texas State,fbs,Sun Belt,21,"[0, 14, 0, 7]",0.03162506596160025,1168,1119,166,New Mexico State,fbs,Sun Belt,31,"[7, 3, 7, 14]",0.9683749340383998,871,920,8.1831004705,,,,CollegeFootballData.com API,2026-08-31T17:32:19.562789+00:00,/games,1.3
400757069,2015,10,regular,2015-11-07T21:30:00.000Z,False,True,False,True,38074,3893,Reser Stadium,204,Oregon State,fbs,Pac-12,0,"[0, 0, 0, 0]",0.005561210123160192,1295,1230,26,UCLA,fbs,Pac-12,41,"[0, 24, 17, 0]",0.9944387898768398,1727,1792,1.9658927371,,,,CollegeFootballData.com API,2026-08-31T17:32:19.562789+00:00,/games,1.3
400787277,2015,10,regular,2015-11-07T23:00:00.000Z,False,True,False,True,20006,3914,Sam Boyd Stadium,2439,UNLV,fbs,Mountain West,41,"[7, 7, 10, 17]",0.9949774568158577,1201,1234,62,Hawai'i,fbs,Mountain West,21,"[0, 7, 7, 7]",0.005022543184142303,1069,1036,4.17029047669999,,,,CollegeFootballData.com API,2026-08-31T17:32:19.562789+00:00,/games,1.3
400764904,2015,10,regular,2015-11-08T00:00:00.000Z,False,True,False,True,55212,3805,Simmons Bank Liberty Stadium,235,Memphis,fbs,American Athletic,20,"[10, 0, 10, 0]",0.014727329001935775,1715,1636,2426,Navy,fbs,American Athletic,45,"[7, 10, 14, 14]",0.9852726709980643,1620,1699,4.663538323,,,,CollegeFootballData.com API,2026-08-31T17:32:19.562789+00:00,/games,1.3
400763450,2015,10,regular,2015-11-08T00:00:00.000Z,False,True,False,True,85595,3835,"Memorial Stadium (Norman, OK)",201,Oklahoma,fbs,Big 12,52,"[21, 0, 17, 14]",0.9998276765982447,2040,2068,66,Iowa State,fbs,Big 12,16,"[3, 6, 0, 7]",0.00017232340175532546,1423,1395,0.665096755899998,,,,CollegeFootballData.com API,2026-08-31T17:32:19.562789+00:00,/games,1.3
400763560,2015,10,regular,2015-11-08T00:00:00.000Z,False,True,False,True,90094,3834,"Memorial Stadium (Lincoln, NE)",158,Nebraska,fbs,Big Ten,39,"[10, 3, 7, 19]",0.573401129296329,1681,1687,127,Michigan State,fbs,Big Ten,38,"[3, 14, 14, 7]",0.426598870703671,1856,1850,6.2928227126,,,,CollegeFootballData.com API,2026-08-31T17:32:19.562789+00:00,/games,1.3
400763647,2015,10,regular,2015-11-08T00:00:00.000Z,False,True,False,True,19586,3604,Alamodome,2636,UTSA,fbs,Conference USA,31,"[14, 0, 7, 10]",0.03092450515666782,1175,1160,295,Old Dominion,fbs,Conference USA,36,"[3, 13, 7, 13]",0.9690754948433322,1082,1097,7.6949780739,,,,CollegeFootballData.com API,2026-08-31T17:32:19.562789+00:00,/games,1.3
400603910,2015,10,regular,2015-11-08T00:30:00.000Z,False,True,False,True,104625,3795,Kyle Field,245,Texas A&M,fbs,SEC,10,"[3, 0, 7, 0]",0.012270982112676175,1721,1675,2,Auburn,fbs,SEC,26,"[7, 7, 6, 6]",0.9877290178873238,1649,1695,3.8745350348,,,,CollegeFootballData.com API,2026-08-31T17:32:19.562789+00:00,/games,1.3
400764902,2015,10,regular,2015-11-08T00:30:00.000Z,False,True,False,True,45194,3699,Dowdy-Ficklen Stadium,151,East Carolina,fbs,American Athletic,17,"[0, 7, 7, 3]",0.13952107309816497,1492,1479,58,South Florida,fbs,American Athletic,22,"[2, 10, 0, 10]",0.860478926901835,1424,1437,8.3309258821,,,,CollegeFootballData.com API,2026-08-31T17:32:19.562789+00:00,/games,1.3
400757071,2015,10,regular,2015-11-08T00:30:00.000Z,False,True,False,True,61420,3765,Husky Stadium,264,Washington,fbs,Pac-12,23,"[3, 10, 7, 3]",0.09378593021764499,1773,1751,254,Utah,fbs,Pac-12,34,"[0, 24, 0, 10]",0.906214069782355,1787,1809,7.81827890149999,,,,CollegeFootballData.com API,2026-08-31T17:32:19.562789+00:00,/games,1.3
400763562,2015,10,regular,2015-11-08T01:00:00.000Z,False,True,False,True,108075,3861,Ohio Stadium,194,Ohio State,fbs,Big Ten,28,"[0, 14, 7, 7]",0.9935271455532797,2082,2070,135,Minnesota,fbs,Big Ten,14,"[0, 0, 0, 14]",0.0064728544467203,1565,1577,1.6339116527,,,,CollegeFootballData.com API,2026-08-31T17:32:19.562789+00:00,/games,1.3
400603905,2015,10,regular,2015-11-08T01:00:00.000Z,False,True,False,True,101821,3657,Bryant-Denny Stadium,333,Alabama,fbs,SEC,30,"[0, 13, 14, 3]",0.9959700853355231,2040,2054,99,LSU,fbs,SEC,16,"[0, 10, 0, 6]",0.004029914664476886,1869,1855,3.70505922649999,,,,CollegeFootballData.com API,2026-08-31T17:32:19.562789+00:00,/games,1.3
400763452,2015,10,regular,2015-11-08T01:00:00.000Z,False,True,False,True,92529,3910,DKR-Texas Memorial Stadium,251,Texas,fbs,Big 12,59,"[17, 7, 14, 21]",0.9987260959438446,1435,1494,2305,Kansas,fbs,Big 12,20,"[7, 7, 0, 6]",0.0012739040561553505,1025,966,0.3864014598,,,,CollegeFootballData.com API,2026-08-31T17:32:19.562789+00:00,/games,1.3
400757067,2015,10,regular,2015-11-08T03:30:00.000Z,False,True,False,True,76309,477,Los Angeles Memorial Coliseum,30,USC,fbs,Pac-12,38,"[0, 17, 0, 21]",0.9362631306072939,1889,1877,12,Arizona,fbs,Pac-12,30,"[7, 10, 3, 10]",0.06373686939270606,1473,1485,5.1618323702,,,,CollegeFootballData.com API,2026-08-31T17:32:19.562789+00:00,/games,1.3
400757072,2015,10,regular,2015-11-08T03:30:00.000Z,False,True,False,True,56604,3626,Autzen Stadium,2483,Oregon,fbs,Pac-12,44,"[3, 28, 3, 10]",0.9996216656131319,1737,1753,25,California,fbs,Pac-12,28,"[10, 0, 11, 7]",0.0003783343868680733,1532,1516,3.6973397293,,,,CollegeFootballData.com API,2026-08-31T17:32:19.562789+00:00,/games,1.3
400787350,2015,11,regular,2015-11-11T01:00:00.000Z,False,True,False,True,13490,3786,Kelly/Shorts Stadium,2117,Central Michigan,fbs,Mid-American,23,"[0, 10, 7, 6]",0.3137199787456081,1512,1514,2649,Toledo,fbs,Mid-American,28,"[14, 7, 0, 7]",0.6862800212543919,1664,1662,4.8491100891,,,,CollegeFootballData.com API,2026-08-31T17:32:19.562789+00:00,/games,1.3
400787349,2015,11,regular,2015-11-11T01:00:00.000Z,False,True,False,True,15654,3876,Peden Stadium,195,Ohio,fbs,Mid-American,27,"[7, 3, 10, 7]",0.9998305186765064,1211,1265,2309,Kent State,fbs,Mid-American,0,"[0, 0, 0, 0]",0.00016948132349359213,1075,1021,2.31995579369999,,,,CollegeFootballData.com API,2026-08-31T17:32:19.562789+00:00,/games,1.3
400787351,2015,11,regular,2015-11-12T01:00:00.000Z,False,True,False,True,17180,3965,UB Stadium,2084,Buffalo,fbs,Mid-American,30,"[3, 0, 13, 14]",0.4033369634952394,1335,1333,2459,Northern Illinois,fbs,Mid-American,41,"[14, 14, 3, 10]",0.5966630365047606,1588,1590,3.4417269702,,,,CollegeFootballData.com API,2026-08-31T17:32:19.562789+00:00,/games,1.3
400787352,2015,11,regular,2015-11-12T01:00:00.000Z,False,True,False,True,14436,3980,Waldo Stadium,2711,Western Michigan,fbs,Mid-American,27,"[10, 10, 7, 0]",0.059247607448784566,1629,1607,189,Bowling Green,fbs,Mid-American,41,"[14, 13, 14, 0]",0.9407523925512155,1735,1757,5.7062703228,,,,CollegeFootballData.com API,2026-08-31T17:32:19.562789+00:00,/games,1.3
400787469,2015,11,regular,2015-11-13T00:30:00.000Z,False,True,False,True,14096,3797,Ladd Peebles Stadium,6,South Alabama,fbs,Sun Belt,32,"[7, 10, 0, 15]",0.9611142000913152,1144,1165,309,Louisiana,fbs,Sun Belt,25,"[6, 0, 7, 12]",0.03888579990868479,1330,1309,7.76316463889999,,,,CollegeFootballData.com API,2026-08-31T17:32:19.562789+00:00,/games,1.3
400756979,2015,11,regular,2015-11-13T00:30:00.000Z,False,True,False,True,48522,721,Bobby Dodd Stadium,59,Georgia Tech,fbs,ACC,21,"[14, 0, 7, 0]",0.3558947029851871,1703,1697,259,Virginia Tech,fbs,ACC,23,"[0, 14, 3, 6]",0.6441052970148129,1647,1653,6.6203519709,,,,CollegeFootballData.com API,2026-08-31T17:32:19.562789+00:00,/games,1.3
400757073,2015,11,regular,2015-11-14T02:00:00.000Z,False,True,False,True,37905,3726,Folsom Field,38,Colorado,fbs,Pac-12,24,"[7, 10, 0, 7]",0.25356775110473434,1368,1391,30,USC,fbs,Pac-12,27,"[3, 3, 14, 7]",0.7464322488952657,1877,1854,5.9466541032,,,,CollegeFootballData.com API,2026-08-31T17:32:19.562789+00:00,/games,1.3
400763456,2015,11,regular,2015-11-14T17:00:00.000Z,False,True,False,True,44375,3616,Amon G. Carter Stadium,2628,TCU,fbs,Big 12,23,"[10, 0, 3, 10]",0.4246827023144506,1954,1922,2305,Kansas,fbs,Big 12,17,"[3, 7, 0, 7]",0.5753172976855494,966,998,1.6133702533,,,,CollegeFootballData.com API,2026-08-31T17:32:19.562789+00:00,/games,1.3
400763564,2015,11,regular,2015-11-14T17:00:00.000Z,False,True,False,True,51515,3832,"Memorial Stadium (Champaign, IL)",356,Illinois,fbs,Big Ten,3,"[0, 3, 0, 0]",0.004986796837762903,1452,1451,194,Ohio State,fbs,Big Ten,28,"[7, 7, 7, 7]",0.9950132031622371,2070,2071,2.43112319589999,,,,CollegeFootballData.com API,2026-08-31T17:32:19.562789+00:00,/games,1.3
400756981,2015,11,regular,2015-11-14T17:00:00.000Z,False,True,False,True,30241,3982,Wallace Wade Stadium,150,Duke,fbs,ACC,13,"[7, 3, 3, 0]",0.007074067652833516,1602,1553,221,Pittsburgh,fbs,ACC,31,"[7, 3, 14, 7]",0.9929259323471665,1554,1603,4.8975039209,,,,CollegeFootballData.com API,2026-08-31T17:32:19.562789+00:00,/games,1.3
400760498,2015,11,regular,2015-11-14T17:00:00.000Z,False,True,False,False,31217,3841,Michie Stadium,349,Army,fbs,FBS Independents,31,"[7, 14, 0, 10]",0.3950100880408082,1231,1220,2655,Tulane,fbs,American Athletic,34,"[7, 21, 0, 6]",0.6049899119591917,1127,1138,7.0119041947,,,,CollegeFootballData.com API,2026-08-31T17:32:19.562789+00:00,/games,1.3
400603935,2015,11,regular,2015-11-14T17:00:00.000Z,False,True,False,False,96197,3853,Neyland Stadium,2633,Tennessee,fbs,SEC,24,"[7, 10, 0, 7]",0.9998949776387422,1746,1738,249,North Texas,fbs,Conference USA,0,"[0, 0, 0, 0]",0.0001050223612577561,1054,1062,0.1484527399,,,,CollegeFootballData.com API,2026-08-31T17:32:19.562789+00:00,/games,1.3
400763652,2015,11,regular,2015-11-14T17:00:00.000Z,False,True,False,True,20118,3918,S.B. Ballard Stadium,295,Old Dominion,fbs,Conference USA,31,"[3, 14, 7, 7]",0.6013306961619053,1097,1111,2638,UTEP,fbs,Conference USA,21,"[9, 6, 0, 6]",0.39866930383809474,1053,1039,6.42647979479999,,,,CollegeFootballData.com API,2026-08-31T17:32:19.562789+00:00,/games,1.3
400763567,2015,11,regular,2015-11-14T17:00:00.000Z,False,True,False,True,73406,3936,Spartan Stadium,127,Michigan State,fbs,Big Ten,24,"[7, 10, 7, 0]",0.9141610153775469,1850,1846,120,Maryland,fbs,Big Ten,7,"[7, 0, 0, 0]",0.0858389846224531,1379,1383,3.2915766538,,,,CollegeFootballData.com API,2026-08-31T17:32:19.562789+00:00,/games,1.3
400603934,2015,11,regular,2015-11-14T17:00:00.000Z,False,True,False,True,78536,3994,Williams-Brice Stadium,2579,South Carolina,fbs,SEC,14,"[0, 0, 0, 14]",0.08019993202906096,1555,1561,57,Florida,fbs,SEC,24,"[7, 7, 3, 7]",0.919800067970939,1888,1882,3.1094393095,,,,CollegeFootballData.com API,2026-08-31T17:32:19.562789+00:00,/games,1.3
400763458,2015,11,regular,2015-11-14T17:00:00.000Z,False,True,False,True,56736,3842,Milan Puskar Stadium,277,West Virginia,fbs,Big 12,38,"[7, 14, 7, 10]",0.9361511057668984,1668,1692,251,Texas,fbs,Big 12,20,"[10, 0, 7, 3]",0.06384889423310158,1494,1470,4.69061199409999,,,,CollegeFootballData.com API,2026-08-31T17:32:19.562789+00:00,/games,1.3
400763650,2015,11,regular,2015-11-14T17:00:00.000Z,False,True,False,True,13233,3715,FAU Stadium,2226,Florida Atlantic,fbs,Conference USA,17,"[7, 7, 3, 0]",0.09053255574404956,1278,1277,2393,Middle Tennessee,fbs,Conference USA,24,"[10, 7, 7, 0]",0.9094674442559505,1442,1443,5.3789257856,,,,CollegeFootballData.com API,2026-08-31T17:32:19.562789+00:00,/games,1.3
400763568,2015,11,regular,2015-11-14T17:00:00.000Z,False,True,False,True,30003,3911,Ryan Field,77,Northwestern,fbs,Big Ten,21,"[7, 7, 0, 7]",0.9747841742329709,1492,1488,2509,Purdue,fbs,Big Ten,14,"[7, 0, 7, 0]",0.025215825767029076,1234,1238,6.52518171879999,,,,CollegeFootballData.com API,2026-08-31T17:32:19.562789+00:00,/games,1.3
400603931,2015,11,regular,2015-11-14T17:00:00.000Z,False,True,False,True,87451,3785,Jordan-Hare Stadium,2,Auburn,fbs,SEC,13,"[7, 3, 0, 3]",0.6809419390265093,1695,1689,61,Georgia,fbs,SEC,20,"[0, 3, 7, 10]",0.31905806097349065,1792,1798,5.5477434694,,,,CollegeFootballData.com API,2026-08-31T17:32:19.562789+00:00,/games,1.3
400787353,2015,11,regular,2015-11-14T17:00:00.000Z,False,True,False,True,15629,3996,Yager Stadium,193,Miami (OH),fbs,Mid-American,28,"[7, 0, 7, 14]",0.01964618418502074,1020,1019,2006,Akron,fbs,Mid-American,37,"[14, 13, 7, 3]",0.9803538158149793,1232,1233,4.2262551987,,,,CollegeFootballData.com API,2026-08-31T17:32:19.562789+00:00,/games,1.3
400756983,2015,11,regular,2015-11-14T17:30:00.000Z,False,True,False,True,51233,3873,L&N Federal Credit Union Stadium,97,Louisville,fbs,ACC,38,"[3, 14, 7, 14]",0.9854837036885999,1666,1662,258,Virginia,fbs,ACC,31,"[7, 10, 0, 14]",0.014516296311400056,1407,1411,5.17759072839999,,,,CollegeFootballData.com API,2026-08-31T17:32:19.562789+00:00,/games,1.3
400756982,2015,11,regular,2015-11-14T17:30:00.000Z,False,True,False,True,71210,3697,Doak Campbell Stadium,52,Florida State,fbs,ACC,34,"[7, 10, 10, 7]",0.9856645702106487,1850,1872,152,NC State,fbs,ACC,17,"[17, 0, 0, 0]",0.014335429789351317,1686,1664,5.1302518163,,,,CollegeFootballData.com API,2026-08-31T17:32:19.562789+00:00,/games,1.3
400787280,2015,11,regular,2015-11-14T19:00:00.000Z,False,True,False,True,20083,3713,Falcon Stadium,2005,Air Force,fbs,Mountain West,35,"[14, 7, 14, 0]",0.9933271523968493,1586,1598,328,Utah State,fbs,Mountain West,28,"[14, 0, 14, 0]",0.006672847603150678,1630,1618,6.035311393,,,,CollegeFootballData.com API,2026-08-31T17:32:19.562789+00:00,/games,1.3
400763649,2015,11,regular,2015-11-14T19:00:00.000Z,False,True,False,True,11331,4418,Jerry Richardson Stadium,2429,Charlotte,fbs,Conference USA,27,"[0, 7, 14, 6, 0]",0.12066076755997358,1091,1091,2636,UTSA,fbs,Conference USA,30,"[0, 0, 20, 7, 3]",0.8793392324400264,1160,1160,11.4603286096,,,,CollegeFootballData.com API,2026-08-31T17:32:19.562789+00:00,/games,1.3
400787471,2015,11,regular,2015-11-14T20:00:00.000Z,False,True,False,True,9063,3817,Malone Stadium,2433,UL Monroe,fbs,Sun Belt,21,"[0, 21, 0, 0]",0.007258805317153626,1021,964,2032,Arkansas State,fbs,Sun Belt,59,"[7, 28, 10, 14]",0.9927411946828464,1445,1502,3.50211461759999,,,,CollegeFootballData.com API,2026-08-31T17:32:19.562789+00:00,/games,1.3
400787354,2015,11,regular,2015-11-14T20:00:00.000Z,False,True,False,True,2759,3912,Rynearson Stadium,2199,Eastern Michigan,fbs,Mid-American,17,"[3, 7, 0, 7]",0.08038041123099068,931,926,113,Massachusetts,fbs,Mid-American,28,"[7, 7, 7, 7]",0.9196195887690093,1139,1144,4.0921299387,,,,CollegeFootballData.com API,2026-08-31T17:32:19.562789+00:00,/games,1.3
400757075,2015,11,regular,2015-11-14T20:00:00.000Z,False,True,False,True,51695,3947,Mountain America Stadium,9,Arizona State,fbs,Pac-12,27,"[0, 3, 7, 17]",0.28108301284138104,1621,1648,264,Washington,fbs,Pac-12,17,"[10, 7, 0, 0]",0.718916987158619,1751,1724,6.5613760579,,,,CollegeFootballData.com API,2026-08-31T17:32:19.562789+00:00,/games,1.3
400763565,2015,11,regular,2015-11-14T20:30:00.000Z,False,True,False,True,49557,3830,"Memorial Stadium (Bloomington, IN)",84,Indiana,fbs,Big Ten,41,"[6, 10, 10, 8, 7, 0]",0.2854548831734996,1414,1432,130,Michigan,fbs,Big Ten,48,"[7, 17, 0, 10, 7, 7]",0.7145451168265005,1851,1833,8.0822552742,,,,CollegeFootballData.com API,2026-08-31T17:32:19.562789+00:00,/games,1.3
400763455,2015,11,regular,2015-11-14T20:30:00.000Z,False,True,False,True,54180,3772,Jack Trice Stadium,66,Iowa State,fbs,Big 12,31,"[17, 7, 7, 0]",0.5321343913593569,1395,1417,197,Oklahoma State,fbs,Big 12,35,"[7, 7, 7, 14]",0.4678656086406431,1874,1852,8.43403045799999,,,,CollegeFootballData.com API,2026-08-31T17:32:19.562789+00:00,/games,1.3
400756980,2015,11,regular,2015-11-14T20:30:00.000Z,False,True,False,True,36736,1964,JMA Wireless Dome,183,Syracuse,fbs,ACC,27,"[14, 3, 7, 3]",0.00765504515653853,1340,1371,228,Clemson,fbs,ACC,37,"[21, 10, 0, 6]",0.9923449548434615,2019,1988,1.758173706,,,,CollegeFootballData.com API,2026-08-31T17:32:19.562789+00:00,/games,1.3
400764909,2015,11,regular,2015-11-14T20:30:00.000Z,False,True,False,True,35778,3852,Navy-Marine Corps Memorial Stadium,2426,Navy,fbs,American Athletic,55,"[14, 14, 6, 21]",0.999304314955668,1699,1748,2567,SMU,fbs,American Athletic,14,"[0, 7, 7, 0]",0.0006956850443320395,1144,1095,0.545856897199999,,,,CollegeFootballData.com API,2026-08-31T17:32:19.562789+00:00,/games,1.3
400763651,2015,11,regular,2015-11-14T20:30:00.000Z,False,True,False,True,26572,3775,Joan C. Edwards Stadium,276,Marshall,fbs,Conference USA,52,"[21, 17, 7, 7]",0.9999955320212293,1661,1783,2229,Florida International,fbs,Conference USA,0,"[0, 0, 0, 0]",4.467978770739123e-06,1394,1272,0.832329287699999,,,,CollegeFootballData.com API,2026-08-31T17:32:19.562789+00:00,/games,1.3
400756984,2015,11,regular,2015-11-14T20:30:00.000Z,False,True,False,True,61000,3787,Kenan Stadium,153,North Carolina,fbs,ACC,59,"[7, 24, 21, 7]",0.9982402301168157,1786,1857,2390,Miami,fbs,ACC,21,"[0, 0, 7, 14]",0.00175976988318427,1494,1423,1.3514852151,,,,CollegeFootballData.com API,2026-08-31T17:32:19.562789+00:00,/games,1.3
400763457,2015,11,regular,2015-11-14T20:30:00.000Z,False,True,False,True,53833,3784,Jones AT&T Stadium,2641,Texas Tech,fbs,Big 12,59,"[28, 7, 10, 14]",0.9951787375952627,1538,1573,2306,Kansas State,fbs,Big 12,44,"[7, 14, 7, 16]",0.004821262404737348,1576,1541,2.48823959519999,,,,CollegeFootballData.com API,2026-08-31T17:32:19.562789+00:00,/games,1.3
400763653,2015,11,regular,2015-11-14T20:30:00.000Z,False,True,False,True,18656,3895,Rice Stadium,242,Rice,fbs,Conference USA,10,"[0, 0, 0, 10]",0.0035751404968498,1258,1109,2572,Southern Miss,fbs,Conference USA,65,"[7, 35, 10, 13]",0.9964248595031502,1437,1586,2.3029169544,,,,CollegeFootballData.com API,2026-08-31T17:32:19.562789+00:00,/games,1.3
400763569,2015,11,regular,2015-11-14T20:30:00.000Z,False,True,False,True,45606,3754,High Point Solutions Stadium,164,Rutgers,fbs,Big Ten,14,"[0, 7, 7, 0]",0.013681840056436188,1305,1301,158,Nebraska,fbs,Big Ten,31,"[14, 7, 7, 3]",0.9863181599435639,1687,1691,2.07427579309999,,,,CollegeFootballData.com API,2026-08-31T17:32:19.562789+00:00,/games,1.3
400756985,2015,11,regular,2015-11-14T20:30:00.000Z,False,True,False,False,80795,3855,Notre Dame Stadium,87,Notre Dame,fbs,FBS Independents,28,"[14, 7, 0, 7]",0.9990659981021942,1803,1804,154,Wake Forest,fbs,ACC,7,"[0, 0, 7, 0]",0.0009340018978057918,1289,1288,0.564121307900001,,,,CollegeFootballData.com API,2026-08-31T17:32:19.562789+00:00,/games,1.3
400603933,2015,11,regular,2015-11-14T20:30:00.000Z,False,True,False,True,62435,3693,Davis Wade Stadium,344,Mississippi State,fbs,SEC,6,"[0, 3, 3, 0]",0.3272745737778133,1855,1811,333,Alabama,fbs,SEC,31,"[0, 21, 3, 7]",0.6727254262221867,2054,2098,2.8517275049,,,,CollegeFootballData.com API,2026-08-31T17:32:19.562789+00:00,/games,1.3
400787472,2015,11,regular,2015-11-14T20:30:00.000Z,False,True,False,True,18455,3975,Veterans Memorial Stadium (AL),2653,Troy,fbs,Sun Belt,10,"[10, 0, 0, 0]",0.0038317012689633233,1343,1266,290,Georgia Southern,fbs,Sun Belt,45,"[10, 14, 7, 14]",0.9961682987310366,1526,1603,2.49733516819999,,,,CollegeFootballData.com API,2026-08-31T17:32:19.562789+00:00,/games,1.3
400787284,2015,11,regular,2015-11-14T21:00:00.000Z,False,True,False,True,17215,3816,Mackay Stadium,2440,Nevada,fbs,Mountain West,37,"[7, 3, 7, 14, 6]",0.46361959027510646,1386,1386,23,San José State,fbs,Mountain West,34,"[0, 14, 7, 10, 3]",0.5363804097248935,1287,1287,7.624346763,,,,CollegeFootballData.com API,2026-08-31T17:32:19.562789+00:00,/games,1.3
400787473,2015,11,regular,2015-11-14T21:00:00.000Z,False,True,False,True,13238,3644,Bobcat Stadium (TX),326,Texas State,fbs,Sun Belt,19,"[6, 6, 0, 7]",0.02286232269471302,1119,1063,2247,Georgia State,fbs,Sun Belt,41,"[14, 17, 7, 3]",0.977137677305287,1129,1185,3.21670569,,,,CollegeFootballData.com API,2026-08-31T17:32:19.562789+00:00,/games,1.3
400603937,2015,11,regular,2015-11-14T21:00:00.000Z,False,True,False,True,30301,3973,FirstBank Stadium,238,Vanderbilt,fbs,SEC,21,"[7, 14, 0, 0]",0.3942610920373428,1389,1391,96,Kentucky,fbs,SEC,17,"[3, 7, 7, 0]",0.6057389079626572,1374,1372,6.41642123389999,,,,CollegeFootballData.com API,2026-08-31T17:32:19.562789+00:00,/games,1.3
400787470,2015,11,regular,2015-11-14T22:00:00.000Z,False,True,False,True,10113,3791,Kibbie Dome,70,Idaho,fbs,Sun Belt,20,"[7, 6, 0, 7]",0.004130027010515164,1070,1061,2026,App State,fbs,Sun Belt,47,"[7, 14, 14, 12]",0.9958699729894849,1647,1656,1.7875211091,,,,CollegeFootballData.com API,2026-08-31T17:32:19.562789+00:00,/games,1.3
400764908,2015,11,regular,2015-11-15T00:00:00.000Z,False,True,False,True,42159,4728,TDECU Stadium,248,Houston,fbs,American Athletic,35,"[0, 7, 7, 21]",0.3444390337961854,1859,1853,235,Memphis,fbs,American Athletic,34,"[3, 17, 7, 7]",0.6555609662038147,1636,1642,5.8998965438,,,,CollegeFootballData.com API,2026-08-31T17:32:19.562789+00:00,/games,1.3
400764910,2015,11,regular,2015-11-15T00:00:00.000Z,False,True,False,True,28393,3886,Raymond James Stadium,58,South Florida,fbs,American Athletic,44,"[7, 24, 3, 10]",0.8771059187028419,1437,1514,218,Temple,fbs,American Athletic,23,"[7, 3, 10, 3]",0.12289408129715806,1676,1599,3.5007903054,,,,CollegeFootballData.com API,2026-08-31T17:32:19.562789+00:00,/games,1.3
400787282,2015,11,regular,2015-11-15T00:00:00.000Z,False,True,False,True,15641,3761,Sonny Lubick Field at Hughes Stadium,36,Colorado State,fbs,Mountain West,49,"[14, 14, 7, 14]",0.9982522995772909,1449,1459,2439,UNLV,fbs,Mountain West,35,"[14, 7, 7, 7]",0.0017477004227091086,1234,1224,3.5779486048,,,,CollegeFootballData.com API,2026-08-31T17:32:19.562789+00:00,/games,1.3
400603936,2015,11,regular,2015-11-15T00:00:00.000Z,False,True,False,False,101583,3795,Kyle Field,245,Texas A&M,fbs,SEC,41,"[7, 14, 13, 7]",0.9998891799593704,,,2717,Western Carolina,fcs,Southern,17,"[0, 14, 0, 3]",0.00011082004062956674,,,0.620143035599999,,,,CollegeFootballData.com API,2026-08-31T17:32:19.562789+00:00,/games,1.3
400603932,2015,11,regular,2015-11-15T00:15:00.000Z,False,True,False,True,101699,3958,Tiger Stadium (LA),99,LSU,fbs,SEC,14,"[0, 7, 7, 0]",0.12038704818279794,1855,1800,8,Arkansas,fbs,SEC,31,"[7, 14, 3, 7]",0.879612951817202,1732,1787,4.4297026972,,,,CollegeFootballData.com API,2026-08-31T17:32:19.562789+00:00,/games,1.3
400764907,2015,11,regular,2015-11-15T00:30:00.000Z,False,True,False,True,35015,3854,Nippert Stadium,2132,Cincinnati,fbs,American Athletic,49,"[14, 7, 14, 14]",0.9777878524306494,1665,1661,202,Tulsa,fbs,American Athletic,38,"[7, 7, 10, 14]",0.022212147569350638,1335,1339,3.98502912769999,,,,CollegeFootballData.com API,2026-08-31T17:32:19.562789+00:00,/games,1.3
400785063,2015,11,regular,2015-11-15T00:30:00.000Z,False,True,True,False,42824,3622,GEHA Field at Arrowhead Stadium,142,Missouri,fbs,SEC,20,"[3, 3, 0, 14]",0.6493581263127703,1604,1611,252,BYU,fbs,FBS Independents,16,"[0, 3, 7, 6]",0.35064187368722965,1575,1568,7.34822839449999,,,,CollegeFootballData.com API,2026-08-31T17:32:19.562789+00:00,/games,1.3
400757077,2015,11,regular,2015-11-15T00:30:00.000Z,False,True,False,True,48633,3940,Stanford Stadium,24,Stanford,fbs,Pac-12,36,"[10, 13, 0, 13]",0.5591642030132518,1943,1929,2483,Oregon,fbs,Pac-12,38,"[14, 7, 14, 3]",0.44083579698674824,1753,1767,6.90779125619999,,,,CollegeFootballData.com API,2026-08-31T17:32:19.562789+00:00,/games,1.3
400763454,2015,11,regular,2015-11-15T01:00:00.000Z,False,True,False,True,49875,4727,McLane Stadium,239,Baylor,fbs,Big 12,34,"[6, 7, 14, 7]",0.24379164913189522,2069,2048,201,Oklahoma,fbs,Big 12,44,"[7, 13, 14, 10]",0.7562083508681048,2068,2089,7.1954014232,,,,CollegeFootballData.com API,2026-08-31T17:32:19.562789+00:00,/games,1.3
400763566,2015,11,regular,2015-11-15T01:00:00.000Z,False,True,False,True,70585,3793,Kinnick Stadium,2294,Iowa,fbs,Big Ten,40,"[7, 17, 3, 13]",0.7850590050332673,1741,1739,135,Minnesota,fbs,Big Ten,35,"[7, 7, 7, 14]",0.2149409949667327,1577,1579,3.3614890949,,,,CollegeFootballData.com API,2026-08-31T17:32:19.562789+00:00,/games,1.3
400757074,2015,11,regular,2015-11-15T03:00:00.000Z,False,True,False,True,48912,3619,Arizona Stadium,12,Arizona,fbs,Pac-12,37,"[17, 3, 7, 0, 3, 7]",0.7153588471947245,1485,1515,254,Utah,fbs,Pac-12,30,"[7, 10, 10, 0, 3, 0]",0.28464115280527547,1809,1779,9.186225802,,,,CollegeFootballData.com API,2026-08-31T17:32:19.562789+00:00,/games,1.3
400787281,2015,11,regular,2015-11-15T03:15:00.000Z,False,True,False,True,32780,3653,Albertsons Stadium,68,Boise State,fbs,Mountain West,24,"[0, 3, 7, 14]",0.22981973644389816,1821,1752,167,New Mexico,fbs,Mountain West,31,"[7, 7, 3, 14]",0.7701802635561018,1220,1289,7.04951558999999,,,,CollegeFootballData.com API,2026-08-31T17:32:19.562789+00:00,/games,1.3
400757078,2015,11,regular,2015-11-15T03:30:00.000Z,False,True,False,True,41874,3831,California Memorial Stadium,25,California,fbs,Pac-12,54,"[7, 17, 20, 10]",0.9988061852425628,1516,1562,204,Oregon State,fbs,Pac-12,24,"[0, 10, 14, 0]",0.0011938147574371838,1230,1184,1.53718759109999,,,,CollegeFootballData.com API,2026-08-31T17:32:19.562789+00:00,/games,1.3
400787285,2015,11,regular,2015-11-15T03:30:00.000Z,False,True,False,True,36688,3932,Qualcomm Stadium,21,San Diego State,fbs,Mountain West,38,"[14, 7, 3, 14]",0.9998731638725531,1643,1681,2751,Wyoming,fbs,Mountain West,3,"[0, 0, 0, 3]",0.00012683612744690542,1145,1107,0.768356861699999,,,,CollegeFootballData.com API,2026-08-31T17:32:19.562789+00:00,/games,1.3
400757076,2015,11,regular,2015-11-15T03:45:00.000Z,False,True,False,True,76255,1056,Rose Bowl,26,UCLA,fbs,Pac-12,27,"[6, 10, 0, 11]",0.6084428851920366,1792,1771,265,Washington State,fbs,Pac-12,31,"[7, 7, 7, 10]",0.3915571148079634,1586,1607,9.98245638559999,,,,CollegeFootballData.com API,2026-08-31T17:32:19.562789+00:00,/games,1.3
400787283,2015,11,regular,2015-11-15T04:00:00.000Z,False,True,False,True,21485,3610,Aloha Stadium,62,Hawai'i,fbs,Mountain West,14,"[0, 7, 7, 0]",0.01959781958785623,1036,962,278,Fresno State,fbs,Mountain West,42,"[7, 21, 7, 7]",0.9804021804121438,1062,1136,3.7127795467,,,,CollegeFootballData.com API,2026-08-31T17:32:19.562789+00:00,/games,1.3
400787356,2015,12,regular,2015-11-17T23:00:00.000Z,False,True,False,True,23492,3700,Doyt L. Perry Stadium,189,Bowling Green,fbs,Mid-American,28,"[0, 14, 14, 0]",0.03299748102142796,1757,1709,2649,Toledo,fbs,Mid-American,44,"[17, 13, 7, 7]",0.967002518978572,1662,1710,4.8157971945,,,,CollegeFootballData.com API,2026-08-31T17:32:19.562789+00:00,/games,1.3
400787355,2015,12,regular,2015-11-18T00:00:00.000Z,False,True,False,True,16148,3876,Peden Stadium,195,Ohio,fbs,Mid-American,48,"[14, 14, 13, 7]",0.9972073327585714,1265,1296,2050,Ball State,fbs,Mid-American,31,"[3, 7, 14, 7]",0.0027926672414285703,1195,1164,1.7824312224,,,,CollegeFootballData.com API,2026-08-31T17:32:19.562789+00:00,/games,1.3
400787357,2015,12,regular,2015-11-19T01:00:00.000Z,False,True,False,True,8742,3696,Dix Stadium,2309,Kent State,fbs,Mid-American,14,"[0, 14, 0, 0]",0.08129572955458433,1021,1034,2117,Central Michigan,fbs,Mid-American,27,"[17, 3, 7, 0]",0.9187042704454157,1514,1501,,,,,CollegeFootballData.com API,2026-08-31T17:32:19.562789+00:00,/games,1.3
400787358,2015,12,regular,2015-11-19T01:00:00.000Z,False,True,False,True,10194,3764,Huskie Stadium,2459,Northern Illinois,fbs,Mid-American,27,"[7, 7, 0, 13]",0.6782336625247583,1590,1603,2711,Western Michigan,fbs,Mid-American,19,"[3, 7, 9, 0]",0.32176633747524175,1607,1594,7.7479550689,,,,CollegeFootballData.com API,2026-08-31T17:32:19.562789+00:00,/games,1.3
400764911,2015,12,regular,2015-11-20T00:30:00.000Z,False,True,False,True,23734,3652,FBC Mortgage Stadium,2116,UCF,fbs,American Athletic,7,"[7, 0, 0, 0]",0.003634504252547442,1147,1082,151,East Carolina,fbs,American Athletic,44,"[14, 17, 13, 0]",0.9963654957474526,1479,1544,1.61370976879999,,,,CollegeFootballData.com API,2026-08-31T17:32:19.562789+00:00,/games,1.3
400787474,2015,12,regular,2015-11-20T02:30:00.000Z,False,True,False,True,14003,3644,Bobcat Stadium (TX),326,Texas State,fbs,Sun Belt,16,"[3, 7, 0, 6]",0.9838911957164148,1063,1080,2433,UL Monroe,fbs,Sun Belt,3,"[3, 0, 0, 0]",0.016108804283585187,964,947,4.86661078689999,,,,CollegeFootballData.com API,2026-08-31T17:32:19.562789+00:00,/games,1.3
400764912,2015,12,regular,2015-11-21T01:00:00.000Z,False,True,False,True,26522,3886,Raymond James Stadium,58,South Florida,fbs,American Athletic,65,"[27, 24, 7, 7]",0.9999866506957913,1514,1645,2132,Cincinnati,fbs,American Athletic,27,"[0, 3, 17, 7]",1.3349304208709611e-05,1661,1530,1.30970212509999,,,,CollegeFootballData.com API,2026-08-31T17:32:19.562789+00:00,/games,1.3
400790881,2015,12,regular,2015-11-21T02:30:00.000Z,False,True,False,True,30332,3653,Albertsons Stadium,68,Boise State,fbs,Mountain West,30,"[13, 0, 7, 10]",0.27373283631586737,1752,1726,2005,Air Force,fbs,Mountain West,37,"[3, 21, 10, 3]",0.7262671636841327,1598,1624,4.1039901941,,,,CollegeFootballData.com API,2026-08-31T17:32:19.562789+00:00,/games,1.3
400603924,2015,12,regular,2015-11-21T17:00:00.000Z,False,True,False,False,90107,3634,Ben Hill Griffin Stadium,57,Florida,fbs,SEC,20,"[0, 0, 14, 0, 6]",0.43091803252354327,1882,1863,2226,Florida Atlantic,fbs,Conference USA,14,"[0, 0, 7, 7, 0]",0.5690819674764567,1277,1296,4.47729299709999,,,,CollegeFootballData.com API,2026-08-31T17:32:19.562789+00:00,/games,1.3
400763571,2015,12,regular,2015-11-21T17:00:00.000Z,False,True,False,True,33685,3665,SECU Stadium,120,Maryland,fbs,Big Ten,28,"[21, 0, 7, 0]",0.007197732633400351,1383,1341,84,Indiana,fbs,Big Ten,47,"[10, 20, 17, 0]",0.9928022673665996,1432,1474,4.9230866266,,,,CollegeFootballData.com API,2026-08-31T17:32:19.562789+00:00,/games,1.3
400763572,2015,12,regular,2015-11-21T17:00:00.000Z,False,True,False,True,47976,3953,Huntington Bank Stadium,135,Minnesota,fbs,Big Ten,32,"[7, 14, 3, 8]",0.6106763153079626,1579,1585,356,Illinois,fbs,Big Ten,23,"[7, 6, 7, 3]",0.3893236846920374,1451,1445,7.53666616189999,,,,CollegeFootballData.com API,2026-08-31T17:32:19.562789+00:00,/games,1.3
400763574,2015,12,regular,2015-11-21T17:00:00.000Z,False,True,False,True,107418,3632,Beaver Stadium,213,Penn State,fbs,Big Ten,16,"[3, 7, 0, 6]",0.012118155313502932,1687,1674,130,Michigan,fbs,Big Ten,28,"[7, 7, 7, 7]",0.9878818446864971,1833,1846,4.6346752565,,,,CollegeFootballData.com API,2026-08-31T17:32:19.562789+00:00,/games,1.3
400764915,2015,12,regular,2015-11-21T17:00:00.000Z,False,True,False,True,31708,3806,Lincoln Financial Field,218,Temple,fbs,American Athletic,31,"[0, 14, 0, 17]",0.9988688449390278,1599,1647,235,Memphis,fbs,American Athletic,12,"[3, 6, 3, 0]",0.0011311550609721666,1642,1594,5.4503716994,,,,CollegeFootballData.com API,2026-08-31T17:32:19.562789+00:00,/games,1.3
400756992,2015,12,regular,2015-11-21T17:00:00.000Z,False,True,False,True,65632,3799,Lane Stadium,259,Virginia Tech,fbs,ACC,27,"[0, 3, 7, 14, 3]",0.13747318574320608,1653,1660,153,North Carolina,fbs,ACC,30,"[7, 0, 3, 14, 6]",0.8625268142567939,1857,1850,7.446757626,,,,CollegeFootballData.com API,2026-08-31T17:32:19.562789+00:00,/games,1.3
400760499,2015,12,regular,2015-11-21T17:00:00.000Z,False,True,False,False,30113,3841,Michie Stadium,349,Army,fbs,FBS Independents,21,"[0, 14, 7, 0]",0.1256332186980559,1220,1206,164,Rutgers,fbs,Big Ten,31,"[14, 10, 7, 0]",0.8743667813019441,1301,1315,2.9958246053,,,,CollegeFootballData.com API,2026-08-31T17:32:19.562789+00:00,/games,1.3
400763570,2015,12,regular,2015-11-21T17:00:00.000Z,False,True,False,True,62920,3793,Kinnick Stadium,2294,Iowa,fbs,Big Ten,40,"[14, 6, 7, 13]",0.9944226671914452,1739,1739,2509,Purdue,fbs,Big Ten,20,"[0, 10, 3, 7]",0.005577332808554769,1238,1238,3.4206438923,,,,CollegeFootballData.com API,2026-08-31T17:32:19.562789+00:00,/games,1.3
400763459,2015,12,regular,2015-11-21T17:00:00.000Z,False,True,False,True,21415,3833,Memorial Stadium,2305,Kansas,fbs,Big 12,0,"[0, 0, 0, 0]",0.0033993888777293247,998,941,277,West Virginia,fbs,Big 12,49,"[28, 14, 7, 0]",0.9966006111222707,1692,1749,0.1972255434,,,,CollegeFootballData.com API,2026-08-31T17:32:19.562789+00:00,/games,1.3
400763460,2015,12,regular,2015-11-21T17:00:00.000Z,False,True,False,True,53297,3636,Bill Snyder Family Stadium,2306,Kansas State,fbs,Big 12,38,"[7, 7, 7, 17]",0.5858308669482271,1541,1540,66,Iowa State,fbs,Big 12,35,"[7, 28, 0, 0]",0.41416913305177294,1417,1418,5.9448776178,,,,CollegeFootballData.com API,2026-08-31T17:32:19.562789+00:00,/games,1.3
400763655,2015,12,regular,2015-11-21T17:00:00.000Z,False,True,False,True,13922,3725,"Johnny ""Red"" Floyd Stadium",2393,Middle Tennessee,fbs,Conference USA,41,"[14, 17, 10, 0]",0.9999255539409564,1443,1491,249,North Texas,fbs,Conference USA,7,"[0, 7, 0, 0]",7.444605904360913e-05,1062,1014,0.355425439299999,,,,CollegeFootballData.com API,2026-08-31T17:32:19.562789+00:00,/games,1.3
400603929,2015,12,regular,2015-11-21T17:00:00.000Z,False,True,False,False,77241,3994,Williams-Brice Stadium,2579,South Carolina,fbs,SEC,22,"[3, 6, 7, 6]",0.8330009397598183,,,2643,The Citadel,fcs,Southern,23,"[14, 0, 0, 9]",0.16699906024018174,,,6.2979423103,,,,CollegeFootballData.com API,2026-08-31T17:32:19.562789+00:00,/games,1.3
400756993,2015,12,regular,2015-11-21T17:30:00.000Z,False,True,False,True,55260,3670,Carter-Finley Stadium,152,NC State,fbs,ACC,42,"[14, 7, 14, 7]",0.9972078681587861,1664,1666,183,Syracuse,fbs,ACC,29,"[3, 6, 7, 13]",0.002792131841213852,1371,1369,1.4248755844,,,,CollegeFootballData.com API,2026-08-31T17:32:19.562789+00:00,/games,1.3
400756990,2015,12,regular,2015-11-21T17:30:00.000Z,False,True,False,True,51355,3948,Hard Rock Stadium,2390,Miami,fbs,ACC,38,"[7, 17, 7, 7]",0.994763749288779,1423,1489,59,Georgia Tech,fbs,ACC,21,"[7, 0, 0, 14]",0.005236250711221024,1697,1631,2.59075581189999,,,,CollegeFootballData.com API,2026-08-31T17:32:19.562789+00:00,/games,1.3
400787359,2015,12,regular,2015-11-21T18:00:00.000Z,False,True,False,True,8839,3985,Warren McGuirk Alumni Stadium,113,Massachusetts,fbs,Mid-American,13,"[3, 3, 7, 0]",0.02436852664948377,1144,1121,193,Miami (OH),fbs,Mid-American,20,"[0, 3, 7, 10]",0.9756314733505163,1019,1042,7.49618874429999,,,,CollegeFootballData.com API,2026-08-31T17:32:19.562789+00:00,/games,1.3
400787475,2015,12,regular,2015-11-21T19:00:00.000Z,False,True,False,True,10033,3495,Georgia Dome,2247,Georgia State,fbs,Sun Belt,24,"[0, 7, 3, 14]",0.995537128932913,1185,1212,6,South Alabama,fbs,Sun Belt,10,"[7, 3, 0, 0]",0.004462871067086982,1165,1138,5.2098968621,,,,CollegeFootballData.com API,2026-08-31T17:32:19.562789+00:00,/games,1.3
400763654,2015,12,regular,2015-11-21T19:30:00.000Z,False,True,False,True,14380,218,FIU Stadium,2229,Florida International,fbs,Conference USA,7,"[0, 0, 0, 7]",0.001,1272,1154,98,Western Kentucky,fbs,Conference USA,63,"[21, 14, 21, 7]",0.999,1677,1795,,,,,CollegeFootballData.com API,2026-08-31T17:32:19.562789+00:00,/games,1.3
400756989,2015,12,regular,2015-11-21T20:00:00.000Z,False,True,False,False,66412,3697,Doak Campbell Stadium,52,Florida State,fbs,ACC,52,"[7, 17, 21, 7]",0.9997320395042919,,,236,Chattanooga,fcs,Southern,13,"[3, 3, 0, 7]",0.0002679604957080972,,,0.563673624999999,,,,CollegeFootballData.com API,2026-08-31T17:32:19.562789+00:00,/games,1.3
400787288,2015,12,regular,2015-11-21T20:00:00.000Z,False,True,False,False,57515,3801,LaVell Edwards Stadium,252,BYU,fbs,FBS Independents,52,"[3, 21, 14, 14]",0.9999863237563815,1568,1634,278,Fresno State,fbs,Mountain West,10,"[3, 0, 0, 7]",1.3676243618476747e-05,1136,1070,0.955809799399999,,,,CollegeFootballData.com API,2026-08-31T17:32:19.562789+00:00,/games,1.3
400757079,2015,12,regular,2015-11-21T20:30:00.000Z,False,True,False,True,64885,3947,Mountain America Stadium,9,Arizona State,fbs,Pac-12,52,"[14, 17, 0, 21]",0.9764275090976573,1648,1668,12,Arizona,fbs,Pac-12,37,"[0, 10, 13, 14]",0.023572490902342702,1515,1495,2.97040383959999,,,,CollegeFootballData.com API,2026-08-31T17:32:19.562789+00:00,/games,1.3
400763656,2015,12,regular,2015-11-21T20:30:00.000Z,False,True,False,True,29568,3815,M. M. Roberts Stadium,2572,Southern Miss,fbs,Conference USA,56,"[14, 0, 28, 14]",0.9991530111108089,1586,1600,295,Old Dominion,fbs,Conference USA,31,"[7, 10, 14, 0]",0.0008469888891911026,1111,1097,4.0645614306,,,,CollegeFootballData.com API,2026-08-31T17:32:19.562789+00:00,/games,1.3
400756987,2015,12,regular,2015-11-21T20:30:00.000Z,False,True,False,True,81577,3836,"Memorial Stadium (Clemson, SC)",228,Clemson,fbs,ACC,33,"[20, 10, 3, 0]",0.999529742312417,1988,1972,154,Wake Forest,fbs,ACC,13,"[0, 7, 0, 6]",0.00047025768758302,1288,1304,0.334794560399999,,,,CollegeFootballData.com API,2026-08-31T17:32:19.562789+00:00,/games,1.3
400763573,2015,12,regular,2015-11-21T20:30:00.000Z,False,True,False,True,108975,3861,Ohio Stadium,194,Ohio State,fbs,Big Ten,14,"[0, 7, 7, 0]",0.48169767117697365,2071,2052,127,Michigan State,fbs,Big Ten,17,"[0, 7, 0, 10]",0.5183023288230264,1846,1865,6.5789758562,,,,CollegeFootballData.com API,2026-08-31T17:32:19.562789+00:00,/games,1.3
400764913,2015,12,regular,2015-11-21T20:30:00.000Z,False,True,False,True,26879,3892,Pratt & Whitney Stadium,41,UConn,fbs,American Athletic,20,"[7, 3, 3, 7]",0.7616225887520568,1366,1374,248,Houston,fbs,American Athletic,17,"[0, 3, 0, 14]",0.2383774112479432,1853,1845,8.8711195891,,,,CollegeFootballData.com API,2026-08-31T17:32:19.562789+00:00,/games,1.3
400757080,2015,12,regular,2015-11-21T20:30:00.000Z,False,True,False,True,59094,3626,Autzen Stadium,2483,Oregon,fbs,Pac-12,48,"[14, 17, 7, 10]",0.9993965131331036,1767,1823,30,USC,fbs,Pac-12,28,"[7, 7, 14, 0]",0.0006034868668963744,1854,1798,3.3703751146,,,,CollegeFootballData.com API,2026-08-31T17:32:19.562789+00:00,/games,1.3
400757081,2015,12,regular,2015-11-21T20:30:00.000Z,False,True,False,True,46230,587,Rice-Eccles Stadium,254,Utah,fbs,Pac-12,9,"[0, 6, 3, 0]",0.20594135873280187,1779,1763,26,UCLA,fbs,Pac-12,17,"[10, 0, 7, 0]",0.7940586412671982,1771,1787,5.4642992014,,,,CollegeFootballData.com API,2026-08-31T17:32:19.562789+00:00,/games,1.3
400763575,2015,12,regular,2015-11-21T20:30:00.000Z,False,True,False,True,75276,347,Camp Randall Stadium,275,Wisconsin,fbs,Big Ten,7,"[0, 0, 7, 0]",0.29826247128990585,1832,1793,77,Northwestern,fbs,Big Ten,13,"[7, 3, 0, 3]",0.7017375287100942,1488,1527,7.7275283933,,,,CollegeFootballData.com API,2026-08-31T17:32:19.562789+00:00,/games,1.3
400787360,2015,12,regular,2015-11-21T20:30:00.000Z,False,True,False,True,15727,3768,InfoCision Stadium,2006,Akron,fbs,Mid-American,42,"[14, 14, 7, 7]",0.9974110513682987,1233,1294,2084,Buffalo,fbs,Mid-American,21,"[0, 14, 0, 7]",0.0025889486317013377,1333,1272,3.04235319369999,,,,CollegeFootballData.com API,2026-08-31T17:32:19.562789+00:00,/games,1.3
400787290,2015,12,regular,2015-11-21T20:30:00.000Z,False,True,False,True,18922,3905,Maverik Stadium,328,Utah State,fbs,Mountain West,31,"[0, 7, 14, 10]",0.44559256062784114,1618,1614,2440,Nevada,fbs,Mountain West,27,"[7, 14, 6, 0]",0.5544074393721589,1386,1390,7.48526471889999,,,,CollegeFootballData.com API,2026-08-31T17:32:19.562789+00:00,/games,1.3
400603928,2015,12,regular,2015-11-21T20:30:00.000Z,False,True,False,True,60705,3974,Vaught-Hemingway Stadium,145,Ole Miss,fbs,SEC,38,"[3, 21, 14, 0]",0.9912019473316842,1796,1846,99,LSU,fbs,SEC,17,"[0, 7, 10, 0]",0.008798052668315792,1800,1750,3.0640012378,,,,CollegeFootballData.com API,2026-08-31T17:32:19.562789+00:00,/games,1.3
400763657,2015,12,regular,2015-11-21T20:30:00.000Z,False,True,False,True,22286,3946,Sun Bowl,2638,UTEP,fbs,Conference USA,15,"[0, 10, 2, 3]",0.35869745543542486,1039,1070,2348,Louisiana Tech,fbs,Conference USA,17,"[3, 7, 7, 0]",0.6413025445645751,1769,1738,5.60909331489999,,,,CollegeFootballData.com API,2026-08-31T17:32:19.562789+00:00,/games,1.3
400756988,2015,12,regular,2015-11-21T20:30:00.000Z,False,True,False,True,35178,3923,Scott Stadium,258,Virginia,fbs,ACC,42,"[21, 7, 14, 0]",0.9289465766525364,1411,1432,150,Duke,fbs,ACC,34,"[7, 6, 7, 14]",0.07105342334746356,1553,1532,3.4281006256,,,,CollegeFootballData.com API,2026-08-31T17:32:19.562789+00:00,/games,1.3
400756991,2015,12,regular,2015-11-21T20:45:00.000Z,False,True,False,True,42119,3752,Acrisure Stadium,221,Pittsburgh,fbs,ACC,45,"[7, 35, 0, 3]",0.9909788415843354,1603,1627,97,Louisville,fbs,ACC,34,"[10, 14, 3, 7]",0.009021158415664643,1662,1638,4.3306128451,,,,CollegeFootballData.com API,2026-08-31T17:32:19.562789+00:00,/games,1.3
400603923,2015,12,regular,2015-11-21T21:00:00.000Z,False,True,False,False,87451,3785,Jordan-Hare Stadium,2,Auburn,fbs,SEC,56,"[14, 21, 14, 7]",0.9968899462837697,1689,1682,70,Idaho,fbs,Sun Belt,34,"[7, 10, 3, 14]",0.003110053716230299,1061,1068,0.416289164899999,,,,CollegeFootballData.com API,2026-08-31T17:32:19.562789+00:00,/games,1.3
400603921,2015,12,regular,2015-11-21T21:00:00.000Z,False,True,False,False,100611,3657,Bryant-Denny Stadium,333,Alabama,fbs,SEC,56,"[28, 21, 0, 7]",0.9999954889216769,,,2127,Charleston Southern,fcs,Big South,6,"[0, 0, 0, 6]",4.5110783231105955e-06,,,0.0421864612999995,,,,CollegeFootballData.com API,2026-08-31T17:32:19.562789+00:00,/games,1.3
400787476,2015,12,regular,2015-11-21T22:00:00.000Z,False,True,False,True,17023,3666,Cajun Field,309,Louisiana,fbs,Sun Belt,34,"[7, 10, 3, 14]",0.3968563113675542,1309,1278,166,New Mexico State,fbs,Sun Belt,37,"[3, 17, 7, 10]",0.6031436886324457,920,951,8.184860542,,,,CollegeFootballData.com API,2026-08-31T17:32:19.562789+00:00,/games,1.3
400787287,2015,12,regular,2015-11-21T22:30:00.000Z,False,True,False,True,21643,3971,University Stadium (NM),167,New Mexico,fbs,Mountain West,21,"[7, 7, 7, 0]",0.26848145887013625,1289,1289,36,Colorado State,fbs,Mountain West,28,"[14, 3, 3, 8]",0.7315185411298637,1459,1459,5.8101586554,,,,CollegeFootballData.com API,2026-08-31T17:32:19.562789+00:00,/games,1.3
400757083,2015,12,regular,2015-11-21T23:00:00.000Z,False,True,False,True,34390,3893,Reser Stadium,204,Oregon State,fbs,Pac-12,7,"[0, 0, 7, 0]",0.003700487308155687,1184,1120,264,Washington,fbs,Pac-12,52,"[28, 17, 7, 0]",0.9962995126918444,1724,1788,0.577018901199999,,,,CollegeFootballData.com API,2026-08-31T17:32:19.562789+00:00,/games,1.3
400603925,2015,12,regular,2015-11-22T00:00:00.000Z,False,True,False,False,92746,3917,Sanford Stadium,61,Georgia,fbs,SEC,23,"[7, 0, 7, 3, 6]",0.9616482601041758,1798,1796,290,Georgia Southern,fbs,Sun Belt,17,"[0, 7, 7, 3, 0]",0.03835173989582419,1603,1605,7.4511594918,,,,CollegeFootballData.com API,2026-08-31T17:32:19.562789+00:00,/games,1.3
400764916,2015,12,regular,2015-11-22T00:00:00.000Z,False,True,False,True,22749,3674,Chapman Stadium,202,Tulsa,fbs,American Athletic,21,"[0, 7, 7, 7]",0.03974058280179804,1339,1323,2426,Navy,fbs,American Athletic,44,"[7, 16, 14, 7]",0.960259417198202,1748,1764,1.88726340719999,,,,CollegeFootballData.com API,2026-08-31T17:32:19.562789+00:00,/games,1.3
400763658,2015,12,regular,2015-11-22T00:00:00.000Z,False,True,False,True,20437,3604,Alamodome,2636,UTSA,fbs,Conference USA,34,"[7, 21, 6, 0]",0.9946932806399446,1160,1173,242,Rice,fbs,Conference USA,24,"[10, 7, 7, 0]",0.005306719360055445,1109,1096,5.6644641166,,,,CollegeFootballData.com API,2026-08-31T17:32:19.562789+00:00,/games,1.3
400603922,2015,12,regular,2015-11-22T00:00:00.000Z,False,True,False,True,71936,3887,Razorback Stadium,8,Arkansas,fbs,SEC,50,"[7, 14, 21, 8]",0.16468685831565477,1787,1787,344,Mississippi State,fbs,SEC,51,"[14, 17, 0, 20]",0.8353131416843452,1811,1811,7.6668519227,,,,CollegeFootballData.com API,2026-08-31T17:32:19.562789+00:00,/games,1.3
400603927,2015,12,regular,2015-11-22T00:15:00.000Z,False,True,False,True,59575,3838,Memorial Stadium,142,Missouri,fbs,SEC,8,"[0, 0, 0, 8]",0.012228481138063978,1611,1599,2633,Tennessee,fbs,SEC,19,"[6, 10, 3, 0]",0.987771518861936,1738,1750,3.0645492417,,,,CollegeFootballData.com API,2026-08-31T17:32:19.562789+00:00,/games,1.3
400603926,2015,12,regular,2015-11-22T00:30:00.000Z,False,True,False,False,56195,3683,Kroger Field,96,Kentucky,fbs,SEC,58,"[10, 10, 17, 21]",0.9997224281163402,1372,1477,2429,Charlotte,fbs,Conference USA,10,"[0, 3, 0, 7]",0.000277571883659844,1091,986,0.725466441000001,,,,CollegeFootballData.com API,2026-08-31T17:32:19.562789+00:00,/games,1.3
400763462,2015,12,regular,2015-11-22T00:30:00.000Z,False,True,False,True,58669,3646,Boone Pickens Stadium,197,Oklahoma State,fbs,Big 12,35,"[14, 0, 7, 14]",0.08588820356488001,1852,1848,239,Baylor,fbs,Big 12,45,"[14, 10, 14, 7]",0.91411179643512,2048,2052,5.3685554878,,,,CollegeFootballData.com API,2026-08-31T17:32:19.562789+00:00,/games,1.3
400603930,2015,12,regular,2015-11-22T00:30:00.000Z,False,True,False,True,32482,3973,FirstBank Stadium,238,Vanderbilt,fbs,SEC,0,"[0, 0, 0, 0]",0.00641767194022896,1391,1357,245,Texas A&M,fbs,SEC,25,"[6, 10, 6, 3]",0.9935823280597711,1675,1709,3.1483580095,,,,CollegeFootballData.com API,2026-08-31T17:32:19.562789+00:00,/games,1.3
400756986,2015,12,regular,2015-11-22T00:30:00.000Z,False,True,True,False,38686,4245,Fenway Park,87,Notre Dame,fbs,FBS Independents,19,"[10, 0, 6, 3]",0.9868368297258953,1804,1796,103,Boston College,fbs,ACC,16,"[0, 0, 3, 13]",0.01316317027410474,1462,1470,2.56232585939999,,,,CollegeFootballData.com API,2026-08-31T17:32:19.562789+00:00,/games,1.3
400764914,2015,12,regular,2015-11-22T01:00:00.000Z,False,True,False,True,14954,3735,Gerald J. Ford Stadium,2567,SMU,fbs,American Athletic,49,"[14, 21, 0, 14]",0.9993373448875229,1095,1174,2655,Tulane,fbs,American Athletic,21,"[0, 7, 7, 7]",0.0006626551124770952,1138,1059,2.54842974029999,,,,CollegeFootballData.com API,2026-08-31T17:32:19.562789+00:00,/games,1.3
400763461,2015,12,regular,2015-11-22T01:00:00.000Z,False,True,False,True,85821,3835,"Memorial Stadium (Norman, OK)",201,Oklahoma,fbs,Big 12,30,"[7, 16, 7, 0]",0.8532609240982227,2089,2085,2628,TCU,fbs,Big 12,29,"[7, 0, 6, 16]",0.14673907590177726,1922,1926,4.85196592919999,,,,CollegeFootballData.com API,2026-08-31T17:32:19.562789+00:00,/games,1.3
400757084,2015,12,regular,2015-11-22T03:30:00.000Z,False,True,False,True,51424,3940,Stanford Stadium,24,Stanford,fbs,Pac-12,35,"[7, 14, 0, 14]",0.25357933172181263,1929,1926,25,California,fbs,Pac-12,22,"[3, 3, 10, 6]",0.7464206682781873,1562,1565,2.97699389109999,,,,CollegeFootballData.com API,2026-08-31T17:32:19.562789+00:00,/games,1.3
400787291,2015,12,regular,2015-11-22T03:30:00.000Z,False,True,False,True,14738,3914,Sam Boyd Stadium,2439,UNLV,fbs,Mountain West,14,"[0, 0, 14, 0]",0.004401911610666947,1224,1171,21,San Diego State,fbs,Mountain West,52,"[14, 17, 14, 7]",0.9955980883893331,1681,1734,1.3254594559,,,,CollegeFootballData.com API,2026-08-31T17:32:19.562789+00:00,/games,1.3
400757082,2015,12,regular,2015-11-22T03:45:00.000Z,False,True,False,True,25121,3820,Gesa Field,265,Washington State,fbs,Pac-12,27,"[7, 7, 3, 10]",0.9945684175345894,1607,1643,38,Colorado,fbs,Pac-12,3,"[0, 0, 3, 0]",0.005431582465410645,1391,1355,2.20221880069999,,,,CollegeFootballData.com API,2026-08-31T17:32:19.562789+00:00,/games,1.3
400787289,2015,12,regular,2015-11-22T04:00:00.000Z,False,True,False,True,20320,3610,Aloha Stadium,62,Hawai'i,fbs,Mountain West,23,"[0, 0, 14, 9]",0.0038967675777329762,962,948,23,San José State,fbs,Mountain West,42,"[21, 14, 7, 0]",0.9961032324222671,1287,1301,1.0880414504,,,,CollegeFootballData.com API,2026-08-31T17:32:19.562789+00:00,/games,1.3
400787361,2015,13,regular,2015-11-25T00:00:00.000Z,False,True,False,True,5201,3919,Scheumann Stadium,2050,Ball State,fbs,Mid-American,10,"[0, 0, 7, 3]",0.003670955039435837,1164,1122,189,Bowling Green,fbs,Mid-American,48,"[13, 14, 7, 14]",0.9963290449605642,1709,1751,1.07208035899999,,,,CollegeFootballData.com API,2026-08-31T17:32:19.562789+00:00,/games,1.3
400787362,2015,13,regular,2015-11-25T00:30:00.000Z,False,True,False,True,9755,3764,Huskie Stadium,2459,Northern Illinois,fbs,Mid-American,21,"[7, 0, 7, 7]",0.28817189287392797,1603,1571,195,Ohio,fbs,Mid-American,26,"[7, 13, 0, 6]",0.711828107126072,1296,1328,6.15204882279999,,,,CollegeFootballData.com API,2026-08-31T17:32:19.562789+00:00,/games,1.3
400763463,2015,13,regular,2015-11-27T00:30:00.000Z,False,True,False,True,94299,3910,DKR-Texas Memorial Stadium,251,Texas,fbs,Big 12,45,"[0, 10, 14, 21]",0.06939196491389714,1470,1472,2641,Texas Tech,fbs,Big 12,48,"[0, 17, 10, 21]",0.9306080350861029,1573,1571,8.36791826729999,,,,CollegeFootballData.com API,2026-08-31T17:32:19.562789+00:00,/games,1.3
400764918,2015,13,regular,2015-11-27T00:30:00.000Z,False,True,False,True,25967,3652,FBC Mortgage Stadium,2116,UCF,fbs,American Athletic,3,"[3, 0, 0, 0]",0.0036137507080328734,1082,1033,58,South Florida,fbs,American Athletic,44,"[7, 17, 14, 6]",0.9963862492919672,1645,1694,1.2077712716,,,,CollegeFootballData.com API,2026-08-31T17:32:19.562789+00:00,/games,1.3
400787366,2015,13,regular,2015-11-27T17:00:00.000Z,False,True,False,True,16391,3768,InfoCision Stadium,2006,Akron,fbs,Mid-American,20,"[7, 7, 3, 3]",0.999703074116107,1294,1315,2309,Kent State,fbs,Mid-American,0,"[0, 0, 0, 0]",0.00029692588389296226,1034,1013,2.68649457499999,,,,CollegeFootballData.com API,2026-08-31T17:32:19.562789+00:00,/games,1.3
400756994,2015,13,regular,2015-11-27T17:00:00.000Z,False,True,False,True,40126,3752,Acrisure Stadium,221,Pittsburgh,fbs,ACC,24,"[0, 3, 7, 14]",0.37280477954407143,1627,1608,2390,Miami,fbs,ACC,29,"[17, 6, 0, 6]",0.6271952204559286,1489,1508,2.88733018499999,,,,CollegeFootballData.com API,2026-08-31T17:32:19.562789+00:00,/games,1.3
400764917,2015,13,regular,2015-11-27T17:00:00.000Z,False,True,False,True,40562,4728,TDECU Stadium,248,Houston,fbs,American Athletic,52,"[14, 10, 14, 14]",0.9803957564081305,1845,1886,2426,Navy,fbs,American Athletic,31,"[7, 7, 3, 14]",0.01960424359186952,1764,1723,3.5764217545,,,,CollegeFootballData.com API,2026-08-31T17:32:19.562789+00:00,/games,1.3
400787363,2015,13,regular,2015-11-27T17:00:00.000Z,False,True,False,True,16151,3739,Glass Bowl,2649,Toledo,fbs,Mid-American,30,"[7, 14, 3, 6]",0.2736728332901188,1710,1693,2711,Western Michigan,fbs,Mid-American,35,"[11, 14, 7, 3]",0.7263271667098812,1594,1611,,,,,CollegeFootballData.com API,2026-08-31T17:32:19.562789+00:00,/games,1.3
400763664,2015,13,regular,2015-11-27T17:00:00.000Z,False,True,False,True,17687,3796,Houchens Industries-L.T. Smith Stadium,98,Western Kentucky,fbs,Conference USA,49,"[7, 28, 6, 8]",0.9987817240472642,1795,1844,276,Marshall,fbs,Conference USA,28,"[0, 14, 7, 7]",0.0012182759527358256,1783,1734,1.7767601317,,,,CollegeFootballData.com API,2026-08-31T17:32:19.562789+00:00,/games,1.3
400787364,2015,13,regular,2015-11-27T18:00:00.000Z,False,True,False,True,8049,3786,Kelly/Shorts Stadium,2117,Central Michigan,fbs,Mid-American,35,"[0, 7, 28, 0]",0.9939031982922868,1501,1482,2199,Eastern Michigan,fbs,Mid-American,28,"[7, 14, 7, 0]",0.006096801707713206,926,945,5.8744581341,,,,CollegeFootballData.com API,2026-08-31T17:32:19.562789+00:00,/games,1.3
400787477,2015,13,regular,2015-11-27T19:00:00.000Z,False,True,False,True,10113,3495,Georgia Dome,2247,Georgia State,fbs,Sun Belt,31,"[7, 10, 14, 0]",0.9945598089651277,1212,1233,2653,Troy,fbs,Sun Belt,21,"[0, 7, 7, 7]",0.005440191034872255,1266,1245,4.4139640434,,,,CollegeFootballData.com API,2026-08-31T17:32:19.562789+00:00,/games,1.3
400603912,2015,13,regular,2015-11-27T19:30:00.000Z,False,True,False,True,72496,3887,Razorback Stadium,8,Arkansas,fbs,SEC,28,"[7, 14, 7, 0]",0.9998010756159615,1787,1829,142,Missouri,fbs,SEC,3,"[0, 3, 0, 0]",0.00019892438403845691,1599,1557,1.49886728709999,,,,CollegeFootballData.com API,2026-08-31T17:32:19.562789+00:00,/games,1.3
400757086,2015,13,regular,2015-11-27T20:30:00.000Z,False,True,False,True,70438,3765,Husky Stadium,264,Washington,fbs,Pac-12,45,"[7, 10, 7, 21]",0.9970552817854924,1788,1867,265,Washington State,fbs,Pac-12,10,"[3, 0, 7, 0]",0.002944718214507591,1643,1564,3.4009437484,,,,CollegeFootballData.com API,2026-08-31T17:32:19.562789+00:00,/games,1.3
400790888,2015,13,regular,2015-11-27T20:30:00.000Z,False,True,False,True,15770,3935,CEFCU Stadium,23,San José State,fbs,Mountain West,23,"[3, 7, 0, 13]",0.17356211199192642,1301,1301,68,Boise State,fbs,Mountain West,40,"[0, 9, 7, 24]",0.8264378880080736,1726,1726,4.6133497558,,,,CollegeFootballData.com API,2026-08-31T17:32:19.562789+00:00,/games,1.3
400763576,2015,13,regular,2015-11-27T20:30:00.000Z,False,True,False,True,90830,3834,"Memorial Stadium (Lincoln, NE)",158,Nebraska,fbs,Big Ten,20,"[0, 10, 7, 3]",0.42554315874631854,1691,1679,2294,Iowa,fbs,Big Ten,28,"[0, 14, 14, 0]",0.5744568412536815,1739,1751,5.7821588066,,,,CollegeFootballData.com API,2026-08-31T17:32:19.562789+00:00,/games,1.3
400757085,2015,13,regular,2015-11-27T21:00:00.000Z,False,True,False,True,57814,3626,Autzen Stadium,2483,Oregon,fbs,Pac-12,52,"[14, 17, 7, 14]",0.9677044655571678,1823,1797,204,Oregon State,fbs,Pac-12,42,"[7, 0, 14, 21]",0.032295534442832174,1120,1146,1.45412356819999,,,,CollegeFootballData.com API,2026-08-31T17:32:19.562789+00:00,/games,1.3
400787365,2015,13,regular,2015-11-27T21:30:00.000Z,False,True,False,True,15648,3965,UB Stadium,2084,Buffalo,fbs,Mid-American,26,"[10, 7, 3, 6]",0.3991377762477148,1272,1252,113,Massachusetts,fbs,Mid-American,31,"[14, 14, 0, 3]",0.6008622237522852,1121,1141,8.2856358875,,,,CollegeFootballData.com API,2026-08-31T17:32:19.562789+00:00,/games,1.3
400763464,2015,13,regular,2015-11-28T00:30:00.000Z,False,True,False,True,47675,3616,Amon G. Carter Stadium,2628,TCU,fbs,Big 12,28,"[7, 7, 0, 0, 7, 7]",0.45818944604250844,1926,1943,239,Baylor,fbs,Big 12,21,"[14, 0, 0, 0, 7, 0]",0.5418105539574916,2052,2035,12.877408475,,,,CollegeFootballData.com API,2026-08-31T17:32:19.562789+00:00,/games,1.3
400764922,2015,13,regular,2015-11-28T01:00:00.000Z,False,True,False,True,22672,4729,Yulman Stadium,2655,Tulane,fbs,American Athletic,34,"[7, 17, 3, 7]",0.015323835981327876,1059,1058,202,Tulsa,fbs,American Athletic,45,"[7, 7, 10, 21]",0.9846761640186721,1323,1324,8.4533907843,,,,CollegeFootballData.com API,2026-08-31T17:32:19.562789+00:00,/games,1.3
400763659,2015,13,regular,2015-11-28T17:00:00.000Z,False,True,False,True,19028,3776,Joe Aillet Stadium,2348,Louisiana Tech,fbs,Conference USA,24,"[3, 7, 7, 7]",0.0046785666436461445,1738,1619,2572,Southern Miss,fbs,Conference USA,58,"[7, 17, 7, 27]",0.9953214333563538,1600,1719,4.0673783853,,,,CollegeFootballData.com API,2026-08-31T17:32:19.562789+00:00,/games,1.3
400603919,2015,13,regular,2015-11-28T17:00:00.000Z,False,True,False,False,81409,3994,Williams-Brice Stadium,2579,South Carolina,fbs,SEC,32,"[0, 3, 14, 15]",0.012959402747301101,1561,1579,228,Clemson,fbs,ACC,37,"[0, 14, 14, 9]",0.9870405972526989,1972,1954,3.605984966,,,,CollegeFootballData.com API,2026-08-31T17:32:19.562789+00:00,/games,1.3
400764920,2015,13,regular,2015-11-28T17:00:00.000Z,False,True,False,True,30075,3805,Simmons Bank Liberty Stadium,235,Memphis,fbs,American Athletic,63,"[28, 28, 7, 0]",0.9999967713995326,1594,1732,2567,SMU,fbs,American Athletic,0,"[0, 0, 0, 0]",3.2286004674197955e-06,1174,1036,0.2252695889,,,,CollegeFootballData.com API,2026-08-31T17:32:19.562789+00:00,/games,1.3
400603916,2015,13,regular,2015-11-28T17:00:00.000Z,False,True,False,False,62512,3683,Kroger Field,96,Kentucky,fbs,SEC,24,"[21, 3, 0, 0]",0.054925360584860757,1477,1460,97,Louisville,fbs,ACC,38,"[7, 0, 17, 14]",0.9450746394151393,1638,1655,5.78769125319999,,,,CollegeFootballData.com API,2026-08-31T17:32:19.562789+00:00,/games,1.3
400763582,2015,13,regular,2015-11-28T17:00:00.000Z,False,True,False,True,44846,3754,High Point Solutions Stadium,164,Rutgers,fbs,Big Ten,41,"[7, 24, 7, 3]",0.6219576599983546,1315,1308,120,Maryland,fbs,Big Ten,46,"[0, 13, 14, 19]",0.3780423400016454,1341,1348,8.0615557887,,,,CollegeFootballData.com API,2026-08-31T17:32:19.562789+00:00,/games,1.3
400756998,2015,13,regular,2015-11-28T17:00:00.000Z,False,True,False,True,53777,3923,Scott Stadium,258,Virginia,fbs,ACC,20,"[3, 3, 7, 7]",0.17521851720376042,1432,1441,259,Virginia Tech,fbs,ACC,23,"[3, 3, 0, 17]",0.8247814827962396,1660,1651,9.5036607676,,,,CollegeFootballData.com API,2026-08-31T17:32:19.562789+00:00,/games,1.3
400603915,2015,13,regular,2015-11-28T17:00:00.000Z,False,True,False,False,55000,721,Bobby Dodd Stadium,59,Georgia Tech,fbs,ACC,7,"[0, 0, 0, 7]",0.014360191771707768,1631,1632,61,Georgia,fbs,SEC,13,"[7, 0, 3, 3]",0.9856398082282922,1796,1795,3.24974363439999,,,,CollegeFootballData.com API,2026-08-31T17:32:19.562789+00:00,/games,1.3
400763467,2015,13,regular,2015-11-28T17:00:00.000Z,False,True,False,True,42446,3842,Milan Puskar Stadium,277,West Virginia,fbs,Big 12,30,"[7, 6, 10, 7]",0.9942149724427475,1749,1774,66,Iowa State,fbs,Big 12,6,"[0, 6, 0, 0]",0.00578502755725252,1418,1393,2.5939622804,,,,CollegeFootballData.com API,2026-08-31T17:32:19.562789+00:00,/games,1.3
400763661,2015,13,regular,2015-11-28T17:00:00.000Z,False,True,False,True,20118,3918,S.B. Ballard Stadium,295,Old Dominion,fbs,Conference USA,31,"[3, 7, 21, 0]",0.019386145652568968,1097,1105,2226,Florida Atlantic,fbs,Conference USA,33,"[14, 10, 3, 6]",0.980613854347431,1296,1288,8.6860629322,,,,CollegeFootballData.com API,2026-08-31T17:32:19.562789+00:00,/games,1.3
400763581,2015,13,regular,2015-11-28T17:00:00.000Z,False,True,False,True,37152,3907,Ross-Ade Stadium,2509,Purdue,fbs,Big Ten,36,"[7, 7, 14, 8]",0.021412859239494205,1238,1218,84,Indiana,fbs,Big Ten,54,"[10, 14, 14, 16]",0.9785871407605058,1474,1494,4.2202654467,,,,CollegeFootballData.com API,2026-08-31T17:32:19.562789+00:00,/games,1.3
400764919,2015,13,regular,2015-11-28T17:00:00.000Z,False,True,False,True,40743,3699,Dowdy-Ficklen Stadium,151,East Carolina,fbs,American Athletic,16,"[10, 0, 0, 6]",0.28067371205385216,1544,1539,2132,Cincinnati,fbs,American Athletic,19,"[0, 6, 10, 3]",0.7193262879461478,1530,1535,7.9117798508,,,,CollegeFootballData.com API,2026-08-31T17:32:19.562789+00:00,/games,1.3
400763578,2015,13,regular,2015-11-28T17:00:00.000Z,False,True,False,True,111829,3558,Michigan Stadium,130,Michigan,fbs,Big Ten,13,"[0, 10, 0, 3]",0.0040889483838729875,1846,1791,194,Ohio State,fbs,Big Ten,42,"[7, 7, 14, 14]",0.995911051616127,2052,2107,2.8441349819,,,,CollegeFootballData.com API,2026-08-31T17:32:19.562789+00:00,/games,1.3
400756995,2015,13,regular,2015-11-28T17:30:00.000Z,False,True,False,True,30317,1964,JMA Wireless Dome,183,Syracuse,fbs,ACC,20,"[0, 10, 7, 3]",0.7192693109407432,1369,1371,103,Boston College,fbs,ACC,17,"[7, 0, 7, 3]",0.2807306890592568,1470,1468,9.9543440931,,,,CollegeFootballData.com API,2026-08-31T17:32:19.562789+00:00,/games,1.3
400756996,2015,13,regular,2015-11-28T17:30:00.000Z,False,True,False,True,26435,3630,Allegacy Federal Credit Union Stadium,154,Wake Forest,fbs,ACC,21,"[7, 0, 0, 14]",0.730888625561216,1304,1309,150,Duke,fbs,ACC,27,"[7, 10, 7, 3]",0.26911137443878397,1532,1527,3.3785700799,,,,CollegeFootballData.com API,2026-08-31T17:32:19.562789+00:00,/games,1.3
400787478,2015,13,regular,2015-11-28T19:00:00.000Z,False,True,False,True,16124,3792,Kidd Brewer Stadium,2026,App State,fbs,Sun Belt,28,"[7, 7, 7, 7]",0.9997534105315103,1656,1669,309,Louisiana,fbs,Sun Belt,7,"[0, 0, 0, 7]",0.00024658946848965524,1278,1265,3.04766637989999,,,,CollegeFootballData.com API,2026-08-31T17:32:19.562789+00:00,/games,1.3
400787480,2015,13,regular,2015-11-28T19:00:00.000Z,False,True,False,True,15125,3608,Allen E. Paulson Stadium,290,Georgia Southern,fbs,Sun Belt,55,"[7, 21, 17, 10]",0.9999763629624073,1605,1655,6,South Alabama,fbs,Sun Belt,17,"[7, 7, 3, 0]",2.3637037592671994e-05,1138,1088,1.81604898899999,,,,CollegeFootballData.com API,2026-08-31T17:32:19.562789+00:00,/games,1.3
400787298,2015,13,regular,2015-11-28T19:00:00.000Z,False,True,False,True,11149,3984,War Memorial Stadium,2751,Wyoming,fbs,Mountain West,35,"[0, 14, 7, 14]",0.3520713831876494,1107,1120,2439,UNLV,fbs,Mountain West,28,"[7, 0, 7, 14]",0.6479286168123506,1171,1158,6.3038921503,,,,CollegeFootballData.com API,2026-08-31T17:32:19.562789+00:00,/games,1.3
400763663,2015,13,regular,2015-11-28T19:30:00.000Z,False,True,False,True,19504,3604,Alamodome,2636,UTSA,fbs,Conference USA,7,"[0, 0, 0, 7]",0.003579944513554321,1173,1113,2393,Middle Tennessee,fbs,Conference USA,42,"[7, 14, 14, 7]",0.9964200554864456,1491,1551,1.7125688013,,,,CollegeFootballData.com API,2026-08-31T17:32:19.562789+00:00,/games,1.3
400757089,2015,13,regular,2015-11-28T19:30:00.000Z,False,True,False,True,45823,587,Rice-Eccles Stadium,254,Utah,fbs,Pac-12,20,"[7, 3, 10, 0]",0.8452348366393814,1763,1752,38,Colorado,fbs,Pac-12,14,"[0, 7, 0, 7]",0.15476516336061863,1355,1366,2.89641964739999,,,,CollegeFootballData.com API,2026-08-31T17:32:19.562789+00:00,/games,1.3
400603913,2015,13,regular,2015-11-28T20:30:00.000Z,False,True,False,True,87451,3785,Jordan-Hare Stadium,2,Auburn,fbs,SEC,13,"[6, 0, 7, 0]",0.009527707293848805,1682,1683,333,Alabama,fbs,SEC,29,"[3, 9, 7, 10]",0.9904722927061512,2098,2097,4.59560355559999,,,,CollegeFootballData.com API,2026-08-31T17:32:19.562789+00:00,/games,1.3
400757088,2015,13,regular,2015-11-28T20:30:00.000Z,False,True,False,True,83602,477,Los Angeles Memorial Coliseum,30,USC,fbs,Pac-12,40,"[3, 17, 13, 7]",0.9973476620040883,1798,1840,26,UCLA,fbs,Pac-12,21,"[7, 7, 7, 0]",0.002652337995911691,1787,1745,5.9168591433,,,,CollegeFootballData.com API,2026-08-31T17:32:19.562789+00:00,/games,1.3
400763579,2015,13,regular,2015-11-28T20:30:00.000Z,False,True,False,True,74705,3936,Spartan Stadium,127,Michigan State,fbs,Big Ten,55,"[6, 14, 14, 21]",0.9989375145518161,1865,1952,213,Penn State,fbs,Big Ten,16,"[0, 10, 0, 6]",0.0010624854481838808,1674,1587,1.91492241679999,,,,CollegeFootballData.com API,2026-08-31T17:32:19.562789+00:00,/games,1.3
400763660,2015,13,regular,2015-11-28T20:30:00.000Z,False,True,False,True,8305,3825,DATCU Stadium,249,North Texas,fbs,Conference USA,17,"[3, 0, 14, 0]",0.01867487260841037,1014,1013,2638,UTEP,fbs,Conference USA,20,"[0, 0, 13, 7]",0.9813251273915896,1070,1071,8.1615951062,,,,CollegeFootballData.com API,2026-08-31T17:32:19.562789+00:00,/games,1.3
400787297,2015,13,regular,2015-11-28T20:30:00.000Z,False,True,False,False,22509,3905,Maverik Stadium,328,Utah State,fbs,Mountain West,28,"[7, 14, 0, 7]",0.046568098015425136,1614,1556,252,BYU,fbs,FBS Independents,51,"[10, 14, 14, 13]",0.9534319019845748,1634,1692,5.075071927,,,,CollegeFootballData.com API,2026-08-31T17:32:19.562789+00:00,/games,1.3
400756997,2015,13,regular,2015-11-28T20:30:00.000Z,False,True,False,True,57600,3670,Carter-Finley Stadium,152,NC State,fbs,ACC,34,"[7, 7, 9, 11]",0.08442937938741704,1666,1659,153,North Carolina,fbs,ACC,45,"[35, 0, 0, 10]",0.915570620612583,1850,1857,1.93297187849999,,,,CollegeFootballData.com API,2026-08-31T17:32:19.562789+00:00,/games,1.3
400763580,2015,13,regular,2015-11-28T20:30:00.000Z,False,True,False,True,52850,3953,Huntington Bank Stadium,135,Minnesota,fbs,Big Ten,21,"[7, 7, 0, 7]",0.33834882910760233,1585,1582,275,Wisconsin,fbs,Big Ten,31,"[7, 21, 3, 0]",0.6616511708923977,1793,1796,3.67595255329999,,,,CollegeFootballData.com API,2026-08-31T17:32:19.562789+00:00,/games,1.3
400763577,2015,13,regular,2015-11-28T20:30:00.000Z,False,True,True,True,33514,3933,Soldier Field,356,Illinois,fbs,Big Ten,14,"[7, 0, 7, 0]",0.08280069821196458,1445,1437,77,Northwestern,fbs,Big Ten,24,"[14, 7, 0, 3]",0.9171993017880354,1527,1535,4.2522090255,,,,CollegeFootballData.com API,2026-08-31T17:32:19.562789+00:00,/games,1.3
400763662,2015,13,regular,2015-11-28T20:30:00.000Z,False,True,False,True,16539,3895,Rice Stadium,242,Rice,fbs,Conference USA,27,"[0, 0, 10, 17]",0.9991609400957142,1096,1131,2429,Charlotte,fbs,Conference USA,7,"[0, 0, 0, 7]",0.0008390599042857882,986,951,3.4618253442,,,,CollegeFootballData.com API,2026-08-31T17:32:19.562789+00:00,/games,1.3
400763465,2015,13,regular,2015-11-28T21:00:00.000Z,False,True,False,True,23842,3833,Memorial Stadium,2305,Kansas,fbs,Big 12,14,"[7, 0, 0, 7]",0.003913298130702674,941,924,2306,Kansas State,fbs,Big 12,45,"[28, 7, 3, 7]",0.9960867018692974,1540,1557,0.5728549521,,,,CollegeFootballData.com API,2026-08-31T17:32:19.562789+00:00,/games,1.3
400603920,2015,13,regular,2015-11-28T21:00:00.000Z,False,True,False,True,98327,3853,Neyland Stadium,2633,Tennessee,fbs,SEC,53,"[17, 10, 16, 10]",0.9912812449647246,1750,1771,238,Vanderbilt,fbs,SEC,28,"[7, 7, 0, 14]",0.008718755035275416,1357,1336,1.13480726409999,,,,CollegeFootballData.com API,2026-08-31T17:32:19.562789+00:00,/games,1.3
400787479,2015,13,regular,2015-11-28T21:00:00.000Z,False,True,False,True,25147,3601,Aggie Memorial Stadium,166,New Mexico State,fbs,Sun Belt,28,"[7, 7, 7, 7]",0.016101114694396144,951,946,2032,Arkansas State,fbs,Sun Belt,52,"[21, 14, 10, 7]",0.9838988853056039,1502,1507,1.9930667198,,,,CollegeFootballData.com API,2026-08-31T17:32:19.562789+00:00,/games,1.3
400787481,2015,13,regular,2015-11-28T22:00:00.000Z,False,True,False,True,7727,3791,Kibbie Dome,70,Idaho,fbs,Sun Belt,38,"[7, 17, 0, 14]",0.78293813326226,1068,1078,326,Texas State,fbs,Sun Belt,31,"[3, 14, 7, 7]",0.21706186673774003,1080,1070,,,,,CollegeFootballData.com API,2026-08-31T17:32:19.562789+00:00,/games,1.3
400764921,2015,13,regular,2015-11-29T00:00:00.000Z,False,True,False,True,28236,3806,Lincoln Financial Field,218,Temple,fbs,American Athletic,27,"[7, 3, 10, 7]",0.9998641488275306,1647,1677,41,UConn,fbs,American Athletic,3,"[0, 0, 0, 3]",0.00013585117246939227,1374,1344,1.7426129465,,,,CollegeFootballData.com API,2026-08-31T17:32:19.562789+00:00,/games,1.3
400603918,2015,13,regular,2015-11-29T00:15:00.000Z,False,True,False,True,62265,3693,Davis Wade Stadium,344,Mississippi State,fbs,SEC,27,"[0, 3, 10, 14]",0.01035359578723061,1811,1791,145,Ole Miss,fbs,SEC,38,"[21, 7, 3, 7]",0.9896464042127694,1846,1866,2.5246696411,,,,CollegeFootballData.com API,2026-08-31T17:32:19.562789+00:00,/games,1.3
400603917,2015,13,regular,2015-11-29T00:30:00.000Z,False,True,False,True,101803,3958,Tiger Stadium (LA),99,LSU,fbs,SEC,19,"[6, 0, 7, 6]",0.9309689960811827,1750,1769,245,Texas A&M,fbs,SEC,7,"[7, 0, 0, 0]",0.06903100391881734,1709,1690,6.28650248809999,,,,CollegeFootballData.com API,2026-08-31T17:32:19.562789+00:00,/games,1.3
400603914,2015,13,regular,2015-11-29T00:30:00.000Z,False,True,False,False,90916,3634,Ben Hill Griffin Stadium,57,Florida,fbs,SEC,2,"[0, 0, 0, 2]",0.539671359938417,1863,1797,52,Florida State,fbs,ACC,27,"[0, 10, 3, 14]",0.460328640061583,1872,1938,4.356652107,,,,CollegeFootballData.com API,2026-08-31T17:32:19.562789+00:00,/games,1.3
400757090,2015,13,regular,2015-11-29T00:30:00.000Z,False,True,False,False,51424,3940,Stanford Stadium,24,Stanford,fbs,Pac-12,38,"[14, 7, 7, 10]",0.8593626508720937,1926,1925,87,Notre Dame,fbs,FBS Independents,36,"[7, 13, 9, 7]",0.14063734912790626,1796,1797,7.7897949367,,,,CollegeFootballData.com API,2026-08-31T17:32:19.562789+00:00,/games,1.3
400763466,2015,13,regular,2015-11-29T01:00:00.000Z,False,True,False,True,58231,3646,Boone Pickens Stadium,197,Oklahoma State,fbs,Big 12,23,"[10, 10, 3, 0]",0.004390787980713539,1848,1778,201,Oklahoma,fbs,Big 12,58,"[14, 30, 7, 7]",0.9956092120192864,2085,2155,2.5035007508,,,,CollegeFootballData.com API,2026-08-31T17:32:19.562789+00:00,/games,1.3
400787294,2015,13,regular,2015-11-29T02:00:00.000Z,False,True,False,True,26375,3660,Valley Children's Stadium,278,Fresno State,fbs,Mountain West,31,"[10, 14, 0, 7]",0.968841052548543,1070,1087,36,Colorado State,fbs,Mountain West,34,"[7, 7, 13, 7]",0.031158947451456975,1459,1442,8.824660122,,,,CollegeFootballData.com API,2026-08-31T17:32:19.562789+00:00,/games,1.3
400757087,2015,13,regular,2015-11-29T03:00:00.000Z,False,True,False,True,45385,3831,California Memorial Stadium,25,California,fbs,Pac-12,48,"[3, 7, 21, 17]",0.3113936698368777,1565,1567,9,Arizona State,fbs,Pac-12,46,"[10, 17, 6, 13]",0.6886063301631222,1668,1666,8.3864882733,,,,CollegeFootballData.com API,2026-08-31T17:32:19.562789+00:00,/games,1.3
400787292,2015,13,regular,2015-11-29T03:15:00.000Z,False,True,False,True,18868,3971,University Stadium (NM),167,New Mexico,fbs,Mountain West,47,"[14, 17, 3, 13]",0.9969777454904403,1289,1341,2005,Air Force,fbs,Mountain West,35,"[7, 7, 7, 14]",0.0030222545095597297,1624,1572,4.5827364034,,,,CollegeFootballData.com API,2026-08-31T17:32:19.562789+00:00,/games,1.3
400787296,2015,13,regular,2015-11-29T03:45:00.000Z,False,True,False,True,22939,3932,Qualcomm Stadium,21,San Diego State,fbs,Mountain West,31,"[14, 7, 3, 7]",0.9997049361447684,1734,1741,2440,Nevada,fbs,Mountain West,14,"[7, 7, 0, 0]",0.00029506385523159206,1390,1383,2.3875136223,,,,CollegeFootballData.com API,2026-08-31T17:32:19.562789+00:00,/games,1.3
400787295,2015,13,regular,2015-11-29T04:00:00.000Z,False,True,False,False,21284,3610,Aloha Stadium,62,Hawai'i,fbs,Mountain West,28,"[7, 14, 7, 0]",0.8122008466258601,948,949,2433,UL Monroe,fbs,Sun Belt,26,"[3, 7, 10, 6]",0.18779915337413988,947,946,6.034664005,,,,CollegeFootballData.com API,2026-08-31T17:32:19.562789+00:00,/games,1.3
400852680,2015,14,regular,2015-12-05T01:00:00.000Z,False,True,True,True,16425,3727,Ford Field,2459,Northern Illinois,fbs,Mid-American,14,"[0, 0, 14, 0]",0.03946305956948267,1571,1547,189,Bowling Green,fbs,Mid-American,34,"[7, 14, 7, 6]",0.9605369404305173,1751,1775,2.86326371639999,,,,CollegeFootballData.com API,2026-08-31T17:32:19.562789+00:00,/games,1.3
400763468,2015,14,regular,2015-12-05T17:00:00.000Z,False,True,False,True,48093,4727,McLane Stadium,239,Baylor,fbs,Big 12,17,"[0, 0, 10, 7]",0.5342030387048547,2035,1975,251,Texas,fbs,Big 12,23,"[17, 3, 0, 3]",0.46579696129514525,1472,1532,5.7828551378,,,,CollegeFootballData.com API,2026-08-31T17:32:19.562789+00:00,/games,1.3
400852678,2015,14,regular,2015-12-05T17:00:00.000Z,False,True,False,True,35721,4728,TDECU Stadium,248,Houston,fbs,American Athletic,24,"[7, 10, 7, 0]",0.9646898931709234,1886,1891,218,Temple,fbs,American Athletic,13,"[0, 3, 7, 3]",0.03531010682907665,1677,1672,2.86789059659999,,,,CollegeFootballData.com API,2026-08-31T17:32:19.562789+00:00,/games,1.3
400852672,2015,14,regular,2015-12-05T17:00:00.000Z,False,True,False,True,16823,3796,Houchens Industries-L.T. Smith Stadium,98,Western Kentucky,fbs,Conference USA,45,"[7, 14, 10, 14]",0.9954589443310385,1844,1870,2572,Southern Miss,fbs,Conference USA,28,"[7, 14, 7, 0]",0.004541055668961458,1719,1693,6.5738809284,,,,CollegeFootballData.com API,2026-08-31T17:32:19.562789+00:00,/games,1.3
400787484,2015,14,regular,2015-12-05T19:00:00.000Z,False,True,False,True,23401,3608,Allen E. Paulson Stadium,290,Georgia Southern,fbs,Sun Belt,7,"[0, 7, 0, 0]",0.003664095811039088,1655,1521,2247,Georgia State,fbs,Sun Belt,34,"[0, 7, 13, 14]",0.9963359041889609,1233,1367,3.6338349898,,,,CollegeFootballData.com API,2026-08-31T17:32:19.562789+00:00,/games,1.3
400787483,2015,14,regular,2015-12-05T20:00:00.000Z,False,True,False,True,20143,3625,Centennial Bank Stadium,2032,Arkansas State,fbs,Sun Belt,55,"[14, 13, 14, 14]",0.9999898230245982,1507,1560,326,Texas State,fbs,Sun Belt,17,"[0, 7, 3, 7]",1.0176975401843258e-05,1070,1017,0.503418972199999,,,,CollegeFootballData.com API,2026-08-31T17:32:19.562789+00:00,/games,1.3
400787486,2015,14,regular,2015-12-05T20:00:00.000Z,False,True,False,True,7774,3817,Malone Stadium,2433,UL Monroe,fbs,Sun Belt,42,"[7, 7, 21, 7]",0.38418162146816975,946,956,166,New Mexico State,fbs,Sun Belt,35,"[14, 7, 14, 0]",0.6158183785318303,946,936,7.6122921719,,,,CollegeFootballData.com API,2026-08-31T17:32:19.562789+00:00,/games,1.3
400852681,2015,14,regular,2015-12-05T21:00:00.000Z,False,True,True,True,75320,3495,Georgia Dome,333,Alabama,fbs,SEC,29,"[2, 10, 10, 7]",0.9994173317709917,2097,2106,57,Florida,fbs,SEC,15,"[0, 7, 0, 8]",0.0005826682290083207,1797,1788,2.8600001017,,,,CollegeFootballData.com API,2026-08-31T17:32:19.562789+00:00,/games,1.3
400763469,2015,14,regular,2015-12-05T21:30:00.000Z,False,True,False,True,52918,3636,Bill Snyder Family Stadium,2306,Kansas State,fbs,Big 12,24,"[0, 3, 14, 7]",0.024941515418561908,1557,1564,277,West Virginia,fbs,Big 12,23,"[3, 10, 7, 3]",0.9750584845814381,1774,1767,11.201119885,,,,CollegeFootballData.com API,2026-08-31T17:32:19.562789+00:00,/games,1.3
400787485,2015,14,regular,2015-12-05T22:00:00.000Z,False,True,False,True,22264,3666,Cajun Field,309,Louisiana,fbs,Sun Belt,17,"[0, 10, 7, 0]",0.06259086916730769,1265,1199,2653,Troy,fbs,Sun Belt,41,"[24, 0, 17, 0]",0.9374091308326923,1245,1311,3.2301518378,,,,CollegeFootballData.com API,2026-08-31T17:32:19.562789+00:00,/games,1.3
400787482,2015,14,regular,2015-12-06T00:30:00.000Z,False,True,False,True,12346,3797,Ladd Peebles Stadium,6,South Alabama,fbs,Sun Belt,27,"[7, 0, 10, 10]",0.028977739670811745,1088,1115,2026,App State,fbs,Sun Belt,34,"[14, 10, 0, 10]",0.9710222603291883,1669,1642,4.8834369597,,,,CollegeFootballData.com API,2026-08-31T17:32:19.562789+00:00,/games,1.3
400852675,2015,14,regular,2015-12-06T00:30:00.000Z,False,True,False,True,20959,3932,Qualcomm Stadium,21,San Diego State,fbs,Mountain West,27,"[0, 10, 7, 10]",0.9400157449539683,1741,1740,2005,Air Force,fbs,Mountain West,24,"[7, 3, 7, 7]",0.059984255046031665,1572,1573,7.00855988229999,,,,CollegeFootballData.com API,2026-08-31T17:32:19.562789+00:00,/games,1.3
400852677,2015,14,regular,2015-12-06T00:45:00.000Z,False,True,True,True,58476,4738,Levi's Stadium,24,Stanford,fbs,Pac-12,41,"[3, 10, 14, 14]",0.991938116532564,1925,1967,30,USC,fbs,Pac-12,22,"[0, 3, 13, 6]",0.00806188346743597,1840,1798,5.1961020134,,,,CollegeFootballData.com API,2026-08-31T17:32:19.562789+00:00,/games,1.3
400852682,2015,14,regular,2015-12-06T01:00:00.000Z,False,True,True,True,66985,3812,Lucas Oil Stadium,2294,Iowa,fbs,Big Ten,13,"[3, 3, 0, 7]",0.12964922835305137,1751,1759,127,Michigan State,fbs,Big Ten,16,"[3, 0, 6, 7]",0.8703507716469486,1952,1944,7.7791631218,,,,CollegeFootballData.com API,2026-08-31T17:32:19.562789+00:00,/games,1.3
400852676,2015,14,regular,2015-12-06T01:00:00.000Z,False,True,True,True,74514,3628,Bank of America Stadium,228,Clemson,fbs,ACC,45,"[7, 14, 14, 10]",0.9941060814503739,1954,1965,153,North Carolina,fbs,ACC,37,"[9, 7, 7, 14]",0.005893918549626065,1857,1846,5.2444737856,,,,CollegeFootballData.com API,2026-08-31T17:32:19.562789+00:00,/games,1.3
400760500,2015,15,regular,2015-12-12T20:00:00.000Z,False,True,True,False,69722,3806,Lincoln Financial Field,2426,Navy,fbs,American Athletic,21,"[7, 7, 7, 0]",0.14136217091695794,1723,1707,349,Army,fbs,FBS Independents,17,"[10, 7, 0, 0]",0.8586378290830421,1206,1222,4.7145613064,,,,CollegeFootballData.com API,2026-08-31T17:32:19.562789+00:00,/games,1.3
400852668,2015,1,postseason,2015-12-19T19:00:00.000Z,False,True,True,False,30289,3971,University Stadium (NM),167,New Mexico,fbs,Mountain West,37,"[3, 14, 14, 6]",0.012542631477271613,1341,1342,12,Arizona,fbs,Pac-12,45,"[7, 21, 14, 3]",0.9874573685227284,1495,1494,4.693835281,,GILDAN NEW MEXICO BOWL,,CollegeFootballData.com API,2026-08-31T17:32:19.562789+00:00,/games,1.3
400852684,2015,1,postseason,2015-12-19T20:30:00.000Z,False,True,True,False,42213,3914,Sam Boyd Stadium,254,Utah,fbs,Pac-12,35,"[35, 0, 0, 0]",0.7286588571692444,1752,1764,252,BYU,fbs,FBS Independents,28,"[0, 7, 7, 14]",0.2713411428307556,1692,1680,1.56136886799999,,ROYAL PURPLE LAS VEGAS BOWL,,CollegeFootballData.com API,2026-08-31T17:32:19.562789+00:00,/games,1.3
400852685,2015,1,postseason,2015-12-19T22:30:00.000Z,False,True,True,False,21395,3689,Cramton Bowl,2026,App State,fbs,Sun Belt,31,"[7, 0, 0, 24]",0.9449465259430178,1642,1635,195,Ohio,fbs,Mid-American,29,"[0, 17, 7, 5]",0.05505347405698224,1328,1335,7.3640609455,,RAYCOM MEDIA CAMELLIA BOWL,,CollegeFootballData.com API,2026-08-31T17:32:19.562789+00:00,/games,1.3
400852683,2015,1,postseason,2015-12-20T00:00:00.000Z,False,True,True,False,18536,4013,Camping World Stadium,2247,Georgia State,fbs,Sun Belt,16,"[0, 7, 0, 9]",0.17666368686591025,1367,1344,23,San José State,fbs,Mountain West,27,"[0, 10, 3, 14]",0.8233363131340897,1301,1324,6.2069797146,,AUTONATION CURE BOWL,,CollegeFootballData.com API,2026-08-31T17:32:19.562789+00:00,/games,1.3
400852686,2015,1,postseason,2015-12-20T02:00:00.000Z,False,True,True,False,32847,3493,Caesars Superdome,2348,Louisiana Tech,fbs,Conference USA,47,"[10, 7, 17, 13]",0.9999063560076399,1619,1664,2032,Arkansas State,fbs,Sun Belt,28,"[3, 14, 3, 8]",9.364399236011511e-05,1560,1515,6.01860681349999,,R+L CARRIERS NEW ORLEANS BOWL,,CollegeFootballData.com API,2026-08-31T17:32:19.562789+00:00,/games,1.3
400852687,2015,1,postseason,2015-12-21T19:30:00.000Z,False,True,True,False,21712,4223,Marlins Park,58,South Florida,fbs,American Athletic,35,"[7, 7, 7, 14]",0.6419546999630585,1694,1693,98,Western Kentucky,fbs,Conference USA,45,"[0, 10, 28, 7]",0.35804530003694146,1870,1871,7.3984660249,,MIAMI BEACH BOWL,,CollegeFootballData.com API,2026-08-31T17:32:19.562789+00:00,/games,1.3
400852708,2015,1,postseason,2015-12-22T20:30:00.000Z,False,True,True,False,18876,3653,Albertsons Stadium,328,Utah State,fbs,Mountain West,21,"[0, 7, 7, 7]",0.9019713178601776,1556,1547,2006,Akron,fbs,Mid-American,23,"[7, 6, 7, 3]",0.09802868213982241,1315,1324,8.188704342,,FAMOUS IDAHO POTATO BOWL,,CollegeFootballData.com API,2026-08-31T17:32:19.562789+00:00,/games,1.3
400852709,2015,1,postseason,2015-12-23T00:00:00.000Z,False,True,True,False,25908,3715,FAU Stadium,2649,Toledo,fbs,Mid-American,32,"[0, 12, 0, 20]",0.9288579538361003,1693,1730,218,Temple,fbs,American Athletic,17,"[3, 0, 6, 8]",0.07114204616389974,1672,1635,5.77477788789999,,MARMOT BOCA RATON BOWL,,CollegeFootballData.com API,2026-08-31T17:32:19.562789+00:00,/games,1.3
400852710,2015,1,postseason,2015-12-23T21:30:00.000Z,False,True,True,False,21501,3932,Qualcomm Stadium,2459,Northern Illinois,fbs,Mid-American,7,"[0, 7, 0, 0]",0.0035391872456839737,1547,1433,68,Boise State,fbs,Mountain West,55,"[21, 10, 10, 14]",0.996460812754316,1726,1840,1.5100135786,,SAN DIEGO COUNTY CREDIT UNION POINSETTIA BOWL,,CollegeFootballData.com API,2026-08-31T17:32:19.562789+00:00,/games,1.3
400852711,2015,1,postseason,2015-12-24T01:00:00.000Z,False,True,True,False,28656,3797,Ladd Peebles Stadium,189,Bowling Green,fbs,Mid-American,27,"[13, 14, 0, 0]",0.0095786261432844,1775,1661,290,Georgia Southern,fbs,Sun Belt,58,"[9, 14, 21, 14]",0.9904213738567156,1521,1635,4.61061553889999,,GODADDY BOWL,,CollegeFootballData.com API,2026-08-31T17:32:19.562789+00:00,/games,1.3
400852713,2015,1,postseason,2015-12-24T17:00:00.000Z,False,True,True,False,13123,4779,Thomas A. Robinson National Stadium,2711,Western Michigan,fbs,Mid-American,45,"[17, 0, 7, 21]",0.9420399105423032,1611,1641,2393,Middle Tennessee,fbs,Conference USA,31,"[17, 0, 7, 7]",0.05796008945769682,1551,1521,6.7992091033,,POPEYES BAHAMAS BOWL,,CollegeFootballData.com API,2026-08-31T17:32:19.562789+00:00,/games,1.3
400852714,2015,1,postseason,2015-12-25T01:00:00.000Z,False,True,True,False,22793,3610,Aloha Stadium,2132,Cincinnati,fbs,American Athletic,7,"[0, 0, 0, 7]",0.0037968950546023905,1535,1469,21,San Diego State,fbs,Mountain West,42,"[14, 7, 7, 14]",0.9962031049453977,1740,1806,2.2894683389,,HAWAI'I BOWL,,CollegeFootballData.com API,2026-08-31T17:32:19.562789+00:00,/games,1.3
400852715,2015,1,postseason,2015-12-26T16:00:00.000Z,False,True,True,False,14652,4113,Tropicana Field,276,Marshall,fbs,Conference USA,16,"[7, 6, 0, 3]",0.9102782262946949,1734,1724,41,UConn,fbs,American Athletic,10,"[7, 0, 3, 0]",0.0897217737053051,1344,1354,5.4330095359,,ST. PETERSBURG BOWL,,CollegeFootballData.com API,2026-08-31T17:32:19.562789+00:00,/games,1.3
400852716,2015,1,postseason,2015-12-26T19:15:00.000Z,False,True,True,False,41180,3946,Sun Bowl,265,Washington State,fbs,Pac-12,20,"[7, 13, 0, 0]",0.6519733085530507,1564,1574,2390,Miami,fbs,ACC,14,"[7, 0, 0, 7]",0.3480266914469493,1508,1498,4.7570922227,,HYUNDAI SUN BOWL,,CollegeFootballData.com API,2026-08-31T17:32:19.562789+00:00,/games,1.3
400852717,2015,1,postseason,2015-12-26T19:20:00.000Z,False,True,True,False,20229,499,Cotton Bowl,2572,Southern Miss,fbs,Conference USA,31,"[7, 10, 7, 7]",0.011373404212231942,1693,1686,264,Washington,fbs,Pac-12,44,"[14, 7, 10, 13]",0.988626595787768,1867,1874,4.6525476689,,ZAXBY'S HEART OF DALLAS BOWL,,CollegeFootballData.com API,2026-08-31T17:32:19.562789+00:00,/games,1.3
400852718,2015,1,postseason,2015-12-26T20:30:00.000Z,False,True,True,False,37218,4102,Yankee Stadium,150,Duke,fbs,ACC,44,"[10, 7, 10, 14, 3]",0.08312206852922596,1527,1532,84,Indiana,fbs,Big Ten,41,"[0, 17, 14, 10, 0]",0.916877931470774,1494,1489,11.3538402758,,NEW ERA PINSTRIPE BOWL,,CollegeFootballData.com API,2026-08-31T17:32:19.562789+00:00,/games,1.3
400852719,2015,1,postseason,2015-12-26T22:45:00.000Z,False,True,True,False,31289,3766,Independence Stadium,259,Virginia Tech,fbs,ACC,55,"[24, 21, 7, 3]",0.4314249321950521,1651,1643,202,Tulsa,fbs,American Athletic,52,"[21, 10, 6, 15]",0.5685750678049479,1324,1332,3.1652527467,,CAMPING WORLD INDEPENDENCE BOWL,,CollegeFootballData.com API,2026-08-31T17:32:19.562789+00:00,/games,1.3
400852720,2015,1,postseason,2015-12-27T02:15:00.000Z,False,True,True,False,33527,4738,Levi's Stadium,158,Nebraska,fbs,Big Ten,37,"[7, 14, 9, 7]",0.991753322590483,1679,1702,26,UCLA,fbs,Pac-12,29,"[7, 14, 0, 8]",0.008246677409517011,1745,1722,5.6475646934,,FOSTER FARMS BOWL,,CollegeFootballData.com API,2026-08-31T17:32:19.562789+00:00,/games,1.3
400852721,2015,1,postseason,2015-12-28T19:30:00.000Z,False,True,True,False,36352,3852,Navy-Marine Corps Memorial Stadium,2426,Navy,fbs,American Athletic,44,"[14, 7, 10, 13]",0.9996885912752966,1707,1739,221,Pittsburgh,fbs,ACC,28,"[7, 0, 14, 7]",0.0003114087247033659,1608,1576,2.5597149316,,MILITARY BOWL PRESENTED BY NORTHROP GRUMMAN,,CollegeFootballData.com API,2026-08-31T17:32:19.562789+00:00,/games,1.3
400852722,2015,1,postseason,2015-12-28T22:00:00.000Z,False,True,True,False,34217,3727,Ford Field,135,Minnesota,fbs,Big Ten,21,"[3, 7, 3, 8]",0.9391069421070444,1582,1591,2117,Central Michigan,fbs,Mid-American,14,"[0, 7, 0, 7]",0.06089305789295563,1482,1473,5.8507419378,,QUICK LANE BOWL,,CollegeFootballData.com API,2026-08-31T17:32:19.562789+00:00,/games,1.3
400852723,2015,1,postseason,2015-12-29T19:00:00.000Z,False,True,True,False,38915,3616,Amon G. Carter Stadium,2005,Air Force,fbs,Mountain West,36,"[7, 14, 8, 7]",0.005925475835901396,1573,1533,25,California,fbs,Pac-12,55,"[14, 21, 17, 3]",0.9940745241640986,1567,1607,3.0202902774,,LOCKHEED MARTIN ARMED FORCES BOWL,,CollegeFootballData.com API,2026-08-31T17:32:19.562789+00:00,/games,1.3
400852724,2015,1,postseason,2015-12-29T22:30:00.000Z,False,True,True,False,40418,4013,Camping World Stadium,239,Baylor,fbs,Big 12,49,"[14, 14, 14, 7]",0.8662613183148831,1975,1991,153,North Carolina,fbs,ACC,38,"[7, 10, 14, 7]",0.13373868168511693,1846,1830,4.5394987062,,RUSSELL ATHLETIC BOWL,,CollegeFootballData.com API,2026-08-31T17:32:19.562789+00:00,/games,1.3
400852725,2015,1,postseason,2015-12-30T00:30:00.000Z,False,True,True,True,20425,3619,Arizona Stadium,36,Colorado State,fbs,Mountain West,23,"[0, 13, 7, 3]",0.56671201448641,1442,1435,2440,Nevada,fbs,Mountain West,28,"[3, 16, 3, 6]",0.43328798551359005,1383,1390,7.70818740099999,,NOVA HOME LOANS ARIZONA BOWL,,CollegeFootballData.com API,2026-08-31T17:32:19.562789+00:00,/games,1.3
400852726,2015,1,postseason,2015-12-30T02:00:00.000Z,False,True,True,False,71307,3891,NRG Stadium,2641,Texas Tech,fbs,Big 12,27,"[6, 7, 7, 7]",0.0043740355039188425,1571,1523,99,LSU,fbs,SEC,56,"[14, 7, 21, 14]",0.9956259644960812,1769,1817,4.0078149144,,ADVOCARE V100 TEXAS BOWL,,CollegeFootballData.com API,2026-08-31T17:32:19.562789+00:00,/games,1.3
400852727,2015,1,postseason,2015-12-30T17:00:00.000Z,False,True,True,False,59430,3803,Legion Field,235,Memphis,fbs,American Athletic,10,"[0, 10, 0, 0]",0.003934916896232688,1732,1681,2,Auburn,fbs,SEC,31,"[10, 0, 7, 14]",0.9960650831037673,1683,1734,5.3957327565,,,,CollegeFootballData.com API,2026-08-31T17:32:19.562789+00:00,/games,1.3
400852728,2015,1,postseason,2015-12-30T20:30:00.000Z,False,True,True,False,46423,3628,Bank of America Stadium,344,Mississippi State,fbs,SEC,51,"[14, 17, 6, 14]",0.9981267520653404,1791,1841,152,NC State,fbs,ACC,28,"[0, 14, 7, 7]",0.0018732479346595943,1659,1609,2.55487489799999,,,,CollegeFootballData.com API,2026-08-31T17:32:19.562789+00:00,/games,1.3
400852729,2015,1,postseason,2015-12-31T00:00:00.000Z,False,True,True,False,50478,3810,Nissan Stadium,97,Louisville,fbs,ACC,27,"[20, 0, 7, 0]",0.9736672014332854,1655,1671,245,Texas A&M,fbs,SEC,21,"[7, 7, 0, 7]",0.026332798566714555,1690,1674,7.06431454479999,,,,CollegeFootballData.com API,2026-08-31T17:32:19.562789+00:00,/games,1.3
400852730,2015,1,postseason,2015-12-31T03:30:00.000Z,False,True,True,False,48329,3932,Qualcomm Stadium,275,Wisconsin,fbs,Big Ten,23,"[0, 13, 7, 3]",0.8899150741932307,1796,1800,30,USC,fbs,Pac-12,21,"[0, 7, 7, 7]",0.11008492580676932,1798,1794,8.2425664062,,NATIONAL FUNDING HOLIDAY BOWL,,CollegeFootballData.com API,2026-08-31T17:32:19.562789+00:00,/games,1.3
400852731,2015,1,postseason,2015-12-31T17:00:00.000Z,False,True,True,False,71007,3495,Georgia Dome,52,Florida State,fbs,ACC,24,"[3, 0, 7, 14]",0.028437400439433005,1938,1909,248,Houston,fbs,American Athletic,38,"[7, 14, 0, 17]",0.971562599560567,1891,1920,5.74428080639999,,,,CollegeFootballData.com API,2026-08-31T17:32:19.562789+00:00,/games,1.3
400852733,2015,1,postseason,2015-12-31T21:00:00.000Z,False,True,True,False,67615,3948,Hard Rock Stadium,228,Clemson,fbs,ACC,37,"[3, 13, 14, 7]",0.999188772377025,1965,2042,201,Oklahoma,fbs,Big 12,17,"[7, 10, 0, 0]",0.0008112276229750304,2155,2078,5.6050713588,,,"{'competition': 'cfp', 'format': 'four_team', 'round': 'semifinal', 'roundName': 'Semifinal', 'bracketSlot': 'SF1', 'homeSeed': 1, 'awaySeed': 4, 'bowlName': 'Orange Bowl'}",CollegeFootballData.com API,2026-08-31T17:32:19.562789+00:00,/games,1.3
400852732,2015,1,postseason,2016-01-01T01:20:00.000Z,False,True,True,False,82812,3687,AT&T Stadium,333,Alabama,fbs,SEC,38,"[0, 10, 21, 7]",0.9999948401595928,2106,2202,127,Michigan State,fbs,Big Ten,0,"[0, 0, 0, 0]",5.159840407165106e-06,1944,1848,2.7187454911,,,"{'competition': 'cfp', 'format': 'four_team', 'round': 'semifinal', 'roundName': 'Semifinal', 'bracketSlot': 'SF2', 'homeSeed': 2, 'awaySeed': 3, 'bowlName': 'Cotton Bowl'}",CollegeFootballData.com API,2026-08-31T17:32:19.562789+00:00,/games,1.3
400852734,2015,1,postseason,2016-01-01T17:00:00.000Z,False,True,True,False,53202,3886,Raymond James Stadium,2633,Tennessee,fbs,SEC,45,"[7, 10, 7, 21]",0.9998252987898256,1771,1860,77,Northwestern,fbs,Big Ten,6,"[0, 6, 0, 0]",0.00017470121017437723,1535,1446,2.80184819929999,,OUTBACK BOWL,,CollegeFootballData.com API,2026-08-31T17:32:19.562789+00:00,/games,1.3
400852735,2015,1,postseason,2016-01-01T18:00:00.000Z,False,True,True,False,63113,4013,Camping World Stadium,57,Florida,fbs,SEC,7,"[7, 0, 0, 0]",0.0038704393133785226,1788,1699,130,Michigan,fbs,Big Ten,41,"[7, 10, 14, 10]",0.9961295606866215,1791,1880,3.02988026109999,,BUFFALO WILD WINGS CITRUS BOWL,,CollegeFootballData.com API,2026-08-31T17:32:19.562789+00:00,/games,1.3
400852736,2015,1,postseason,2016-01-01T18:00:00.000Z,False,True,True,False,71123,3970,State Farm Stadium,194,Ohio State,fbs,Big Ten,44,"[14, 14, 7, 9]",0.9767767090610481,2107,2120,87,Notre Dame,fbs,FBS Independents,28,"[0, 14, 7, 7]",0.023223290938951924,1797,1784,2.9065932528,,BATTLEFROG FIESTA BOWL,,CollegeFootballData.com API,2026-08-31T17:32:19.562789+00:00,/games,1.3
400852737,2015,1,postseason,2016-01-01T22:00:00.000Z,False,True,True,False,94268,1056,Rose Bowl,2294,Iowa,fbs,Big Ten,16,"[0, 0, 3, 13]",0.004422344325969905,1759,1712,24,Stanford,fbs,Pac-12,45,"[21, 14, 3, 7]",0.9955776556740301,1967,2014,0.9003048273,,ROSE BOWL GAME PRES. BY NORTHWESTERN MUTUAL,,CollegeFootballData.com API,2026-08-31T17:32:19.562789+00:00,/games,1.3
400852738,2015,1,postseason,2016-01-02T01:30:00.000Z,False,True,True,False,72117,3493,Caesars Superdome,145,Ole Miss,fbs,SEC,48,"[10, 24, 7, 7]",0.9992385665186043,1866,1937,197,Oklahoma State,fbs,Big 12,20,"[3, 3, 7, 7]",0.0007614334813956791,1778,1707,2.1278640084,,ALLSTATE SUGAR BOWL,,CollegeFootballData.com API,2026-08-31T17:32:19.562789+00:00,/games,1.3
400852739,2015,1,postseason,2016-01-02T17:00:00.000Z,False,True,True,False,58212,3712,EverBank Stadium,61,Georgia,fbs,SEC,24,"[3, 14, 7, 0]",0.22969071946488812,1795,1797,213,Penn State,fbs,Big Ten,17,"[0, 3, 0, 14]",0.7703092805351119,1587,1585,3.811666303,,TAXSLAYER BOWL,,CollegeFootballData.com API,2026-08-31T17:32:19.562789+00:00,/games,1.3
400852740,2015,1,postseason,2016-01-02T20:20:00.000Z,False,True,True,False,61136,3805,Simmons Bank Liberty Stadium,8,Arkansas,fbs,SEC,45,"[14, 10, 7, 14]",0.9992994140328401,1829,1862,2306,Kansas State,fbs,Big 12,23,"[10, 3, 10, 0]",0.000700585967159939,1564,1531,2.2183254421,,AUTOZONE LIBERTY BOWL,,CollegeFootballData.com API,2026-08-31T17:32:19.562789+00:00,/games,1.3
400852741,2015,1,postseason,2016-01-02T23:45:00.000Z,False,True,True,False,64569,3604,Alamodome,2628,TCU,fbs,Big 12,47,"[0, 0, 17, 14, 7, 3, 6]",0.8970774758350919,1943,1947,2483,Oregon,fbs,Pac-12,41,"[21, 10, 0, 0, 7, 3, 0]",0.1029225241649081,1797,1793,5.843764838,,VALERO ALAMO BOWL,,CollegeFootballData.com API,2026-08-31T17:32:19.562789+00:00,/games,1.3
400852742,2015,1,postseason,2016-01-03T03:15:00.000Z,False,True,True,False,39321,4251,Chase Field,9,Arizona State,fbs,Pac-12,42,"[3, 15, 14, 10]",0.1568407194297567,1666,1669,277,West Virginia,fbs,Big 12,43,"[9, 13, 14, 7]",0.8431592805702433,1767,1764,10.648417741,,MOTEL 6 CACTUS BOWL,,CollegeFootballData.com API,2026-08-31T17:32:19.562789+00:00,/games,1.3
400852743,2015,1,postseason,2016-01-12T01:30:00.000Z,False,True,True,False,75765,3970,State Farm Stadium,228,Clemson,fbs,ACC,40,"[14, 0, 10, 16]",0.9803904606149318,2042,2047,333,Alabama,fbs,SEC,45,"[7, 7, 7, 24]",0.019609539385068153,2202,2197,7.9314835754,,CFP NATIONAL CHAMPIONSHIP GAME PRES. BY AT&T,"{'competition': 'cfp', 'format': 'four_team', 'round': 'championship', 'roundName': 'National Championship', 'bracketSlot': 'CH', 'homeSeed': 1, 'awaySeed': 2, 'bowlName': None}",CollegeFootballData.com API,2026-08-31T17:32:19.562789+00:00,/games,1.3
