season,game_id,cfbd_total,sbro_total,discrepancy,totals_confidence,totals_market_quality_flag
2014,400548092,,53.5,,sbro_heuristic_only_unvalidated,single_source
2014,400547839,,41.5,,sbro_heuristic_only_unvalidated,single_source
2014,400548257,,54.0,,sbro_heuristic_only_unvalidated,single_source
2014,400548401,,25.0,,sbro_heuristic_only_unvalidated,single_source
2014,400547751,,38.0,,sbro_heuristic_only_unvalidated,single_source
2014,400548090,,53.0,,sbro_heuristic_only_unvalidated,single_source
2014,400547904,,17.5,,sbro_heuristic_only_unvalidated,single_source
2014,400547916,,33.0,,sbro_heuristic_only_unvalidated,single_source
2014,400547928,,17.5,,sbro_heuristic_only_unvalidated,single_source
2014,400548091,,,,,missing
2014,400547795,,31.5,,sbro_heuristic_only_unvalidated,single_source
2014,400548255,,65.5,,sbro_heuristic_only_unvalidated,single_source
2014,400548256,,56.5,,sbro_heuristic_only_unvalidated,single_source
2014,400548404,,59.0,,sbro_heuristic_only_unvalidated,single_source
2014,400548259,,42.5,,sbro_heuristic_only_unvalidated,single_source
2014,400548007,,24.5,,sbro_heuristic_only_unvalidated,single_source
2014,400547825,,22.0,,sbro_heuristic_only_unvalidated,single_source
2014,400547772,,28.0,,sbro_heuristic_only_unvalidated,single_source
2014,400548400,,21.5,,sbro_heuristic_only_unvalidated,single_source
2014,400548179,,6.0,,sbro_heuristic_only_unvalidated,single_source
2014,400548258,,32.5,,sbro_heuristic_only_unvalidated,single_source
2014,400548095,,16.5,,sbro_heuristic_only_unvalidated,single_source
2014,400550418,,60.0,,sbro_heuristic_only_unvalidated,single_source
2014,400548036,69.0,69.5,0.5,cross_validated_vs_cfbd,verified
2014,400548200,,66.0,,sbro_heuristic_only_unvalidated,single_source
2014,400547764,,60.5,,sbro_heuristic_only_unvalidated,single_source
2014,400548035,,61.5,,sbro_heuristic_only_unvalidated,single_source
2014,400548382,,72.5,,sbro_heuristic_only_unvalidated,single_source
2014,400547860,,72.5,,sbro_heuristic_only_unvalidated,single_source
2014,400547958,,55.5,,sbro_heuristic_only_unvalidated,single_source
2014,400548302,,61.0,,sbro_heuristic_only_unvalidated,single_source
2014,400547888,,68.0,,sbro_heuristic_only_unvalidated,single_source
2014,400548241,,53.0,,sbro_heuristic_only_unvalidated,single_source
2014,400548340,,53.0,,sbro_heuristic_only_unvalidated,single_source
2014,400548240,,53.5,,sbro_heuristic_only_unvalidated,single_source
2014,400548447,,64.0,,sbro_heuristic_only_unvalidated,single_source
2014,400548242,,63.0,,sbro_heuristic_only_unvalidated,single_source
2014,400610210,,41.0,,sbro_heuristic_only_unvalidated,single_source
2014,400610208,49.0,49.5,0.5,cross_validated_vs_cfbd,verified
2014,400610226,,67.0,,sbro_heuristic_only_unvalidated,single_source
2014,400610223,,43.0,,sbro_heuristic_only_unvalidated,single_source
2014,400610215,,55.0,,sbro_heuristic_only_unvalidated,single_source
2014,400610214,,51.0,,sbro_heuristic_only_unvalidated,single_source
2014,400610206,,44.5,,sbro_heuristic_only_unvalidated,single_source
2014,400610182,,55.0,,sbro_heuristic_only_unvalidated,single_source
2014,400610178,,58.0,,sbro_heuristic_only_unvalidated,single_source
2014,400610177,,74.0,,sbro_heuristic_only_unvalidated,single_source
2014,400610179,,69.0,,sbro_heuristic_only_unvalidated,single_source
2014,400610217,,46.5,,sbro_heuristic_only_unvalidated,single_source
2014,400610219,,65.0,,sbro_heuristic_only_unvalidated,single_source
2014,400610218,,61.5,,sbro_heuristic_only_unvalidated,single_source
2014,400610213,,,,,missing
2014,400610224,,51.5,,sbro_heuristic_only_unvalidated,single_source
2014,400547787,,45.0,,sbro_heuristic_only_unvalidated,single_source
2014,400548463,,59.0,,sbro_heuristic_only_unvalidated,single_source
2014,400547830,,22.0,,sbro_heuristic_only_unvalidated,single_source
2014,400548344,,,,,missing
2014,400548331,,43.0,,sbro_heuristic_only_unvalidated,single_source
2014,400548394,,31.0,,sbro_heuristic_only_unvalidated,single_source
2014,400547969,,34.0,,sbro_heuristic_only_unvalidated,single_source
2014,400548188,,37.0,,sbro_heuristic_only_unvalidated,single_source
2014,400548363,,56.0,,sbro_heuristic_only_unvalidated,single_source
2014,400548328,,51.5,,sbro_heuristic_only_unvalidated,single_source
2014,400548329,,37.5,,sbro_heuristic_only_unvalidated,single_source
2014,400547841,,25.0,,sbro_heuristic_only_unvalidated,single_source
2014,400547847,,24.0,,sbro_heuristic_only_unvalidated,single_source
2014,400548345,,45.0,,sbro_heuristic_only_unvalidated,single_source
2014,400548330,,30.5,,sbro_heuristic_only_unvalidated,single_source
2014,400548001,,40.5,,sbro_heuristic_only_unvalidated,single_source
2014,400548460,,3.5,,sbro_heuristic_only_unvalidated,single_source
2014,400548016,,13.5,,sbro_heuristic_only_unvalidated,single_source
2014,400547651,,49.5,,sbro_heuristic_only_unvalidated,single_source
2014,400547741,,34.0,,sbro_heuristic_only_unvalidated,single_source
2014,400548410,,40.5,,sbro_heuristic_only_unvalidated,single_source
2014,400610227,,57.0,,sbro_heuristic_only_unvalidated,single_source
2014,400610228,,54.0,,sbro_heuristic_only_unvalidated,single_source
2014,400610200,,70.5,,sbro_heuristic_only_unvalidated,single_source
2014,400610325,,72.0,,sbro_heuristic_only_unvalidated,single_source
2014,400547646,,27.0,,sbro_heuristic_only_unvalidated,single_source
2014,400548173,56.0,56.5,0.5,cross_validated_vs_cfbd,verified
2014,400548409,,64.5,,sbro_heuristic_only_unvalidated,single_source
2014,400547809,,45.5,,sbro_heuristic_only_unvalidated,single_source
2014,400548223,,55.0,,sbro_heuristic_only_unvalidated,single_source
2014,400547905,,68.5,,sbro_heuristic_only_unvalidated,single_source
2014,400547986,,50.5,,sbro_heuristic_only_unvalidated,single_source
2014,400547989,,53.0,,sbro_heuristic_only_unvalidated,single_source
2014,400548098,,53.0,,sbro_heuristic_only_unvalidated,single_source
2014,400548396,,58.5,,sbro_heuristic_only_unvalidated,single_source
2014,400547655,,57.5,,sbro_heuristic_only_unvalidated,single_source
2014,400548101,,56.5,,sbro_heuristic_only_unvalidated,single_source
2014,400548183,,58.5,,sbro_heuristic_only_unvalidated,single_source
2014,400547845,,65.5,,sbro_heuristic_only_unvalidated,single_source
2014,400547658,,62.5,,sbro_heuristic_only_unvalidated,single_source
2014,400548021,,48.0,,sbro_heuristic_only_unvalidated,single_source
2014,400548106,,69.5,,sbro_heuristic_only_unvalidated,single_source
2014,400547659,,58.0,,sbro_heuristic_only_unvalidated,single_source
2014,400548193,,63.5,,sbro_heuristic_only_unvalidated,single_source
2014,400548024,,56.5,,sbro_heuristic_only_unvalidated,single_source
2014,400547850,,58.5,,sbro_heuristic_only_unvalidated,single_source
2014,400548392,,58.5,,sbro_heuristic_only_unvalidated,single_source
2014,400548023,,70.5,,sbro_heuristic_only_unvalidated,single_source
2014,400547730,,57.5,,sbro_heuristic_only_unvalidated,single_source
2014,400548389,,50.0,,sbro_heuristic_only_unvalidated,single_source
2014,400547990,,59.0,,sbro_heuristic_only_unvalidated,single_source
2014,400547848,,50.0,,sbro_heuristic_only_unvalidated,single_source
2014,400548390,59.0,,,,single_source
2014,400548265,,54.5,,sbro_heuristic_only_unvalidated,single_source
2014,400548263,,68.5,,sbro_heuristic_only_unvalidated,single_source
2014,400547660,,54.0,,sbro_heuristic_only_unvalidated,single_source
2014,400547781,,44.0,,sbro_heuristic_only_unvalidated,single_source
2014,400547983,,49.0,,sbro_heuristic_only_unvalidated,single_source
2014,400547661,,51.5,,sbro_heuristic_only_unvalidated,single_source
2014,400547773,,55.5,,sbro_heuristic_only_unvalidated,single_source
2014,400547816,,50.0,,sbro_heuristic_only_unvalidated,single_source
2014,400547849,,61.0,,sbro_heuristic_only_unvalidated,single_source
2014,400547917,,76.0,,sbro_heuristic_only_unvalidated,single_source
2014,400548019,,57.5,,sbro_heuristic_only_unvalidated,single_source
2014,400548109,,48.5,,sbro_heuristic_only_unvalidated,single_source
2014,400548189,,63.5,,sbro_heuristic_only_unvalidated,single_source
2014,400547663,,52.0,,sbro_heuristic_only_unvalidated,single_source
2014,400547753,,57.0,,sbro_heuristic_only_unvalidated,single_source
2014,400547788,,52.5,,sbro_heuristic_only_unvalidated,single_source
2014,400548096,,11.5,,sbro_heuristic_only_unvalidated,single_source
2014,400548107,,51.0,,sbro_heuristic_only_unvalidated,single_source
2014,400548406,,38.5,,sbro_heuristic_only_unvalidated,single_source
2014,400547837,,32.5,,sbro_heuristic_only_unvalidated,single_source
2014,400547763,,56.5,,sbro_heuristic_only_unvalidated,single_source
2014,400548407,,31.5,,sbro_heuristic_only_unvalidated,single_source
2014,400548004,,2.0,,sbro_heuristic_only_unvalidated,single_source
2014,400548006,,41.0,,sbro_heuristic_only_unvalidated,single_source
2014,400548175,,16.5,,sbro_heuristic_only_unvalidated,single_source
2014,400548405,,12.5,,sbro_heuristic_only_unvalidated,single_source
2014,400547851,,66.5,,sbro_heuristic_only_unvalidated,single_source
2014,400547852,,49.0,,sbro_heuristic_only_unvalidated,single_source
2014,400547945,,50.0,,sbro_heuristic_only_unvalidated,single_source
2014,400547855,,50.5,,sbro_heuristic_only_unvalidated,single_source
2014,400547906,,,,,missing
2014,400548391,,54.0,,sbro_heuristic_only_unvalidated,single_source
2014,400548110,,57.5,,sbro_heuristic_only_unvalidated,single_source
2014,400548022,,70.0,,sbro_heuristic_only_unvalidated,single_source
2014,400547665,,52.5,,sbro_heuristic_only_unvalidated,single_source
2014,400547831,,45.0,,sbro_heuristic_only_unvalidated,single_source
2014,400547853,,55.0,,sbro_heuristic_only_unvalidated,single_source
2014,400548020,,62.5,,sbro_heuristic_only_unvalidated,single_source
2014,400548108,,62.0,,sbro_heuristic_only_unvalidated,single_source
2014,400548413,,71.0,,sbro_heuristic_only_unvalidated,single_source
2014,400548388,,55.0,,sbro_heuristic_only_unvalidated,single_source
2014,400547664,,54.0,,sbro_heuristic_only_unvalidated,single_source
2014,400547995,,52.5,,sbro_heuristic_only_unvalidated,single_source
2014,400548026,,55.0,,sbro_heuristic_only_unvalidated,single_source
2014,400548412,,56.0,,sbro_heuristic_only_unvalidated,single_source
2014,400547970,,60.0,,sbro_heuristic_only_unvalidated,single_source
2014,400548192,,,,,missing
2014,400547856,,64.5,,sbro_heuristic_only_unvalidated,single_source
2014,400547666,,41.5,,sbro_heuristic_only_unvalidated,single_source
2014,400547742,,55.0,,sbro_heuristic_only_unvalidated,single_source
2014,400548267,,79.0,,sbro_heuristic_only_unvalidated,single_source
2014,400548384,,50.5,,sbro_heuristic_only_unvalidated,single_source
2014,400547858,,66.0,,sbro_heuristic_only_unvalidated,single_source
2014,400547671,,60.0,,sbro_heuristic_only_unvalidated,single_source
2014,400548386,,48.0,,sbro_heuristic_only_unvalidated,single_source
2014,400547954,,52.5,,sbro_heuristic_only_unvalidated,single_source
2014,400548387,,51.5,,sbro_heuristic_only_unvalidated,single_source
2014,400547918,,71.0,,sbro_heuristic_only_unvalidated,single_source
2014,400547822,,49.0,,sbro_heuristic_only_unvalidated,single_source
2014,400547789,,54.5,,sbro_heuristic_only_unvalidated,single_source
2014,400547774,,51.5,,sbro_heuristic_only_unvalidated,single_source
2014,400547810,,,,,missing
2014,400548031,,63.0,,sbro_heuristic_only_unvalidated,single_source
2014,400547673,,54.5,,sbro_heuristic_only_unvalidated,single_source
2014,400547817,,55.0,,sbro_heuristic_only_unvalidated,single_source
2014,400548196,,58.0,,sbro_heuristic_only_unvalidated,single_source
2014,400547669,,67.5,,sbro_heuristic_only_unvalidated,single_source
2014,400547782,,45.5,,sbro_heuristic_only_unvalidated,single_source
2014,400547832,,48.5,,sbro_heuristic_only_unvalidated,single_source
2014,400548191,,57.0,,sbro_heuristic_only_unvalidated,single_source
2014,400548025,,64.0,,sbro_heuristic_only_unvalidated,single_source
2014,400547672,,39.0,,sbro_heuristic_only_unvalidated,single_source
2014,400548264,,68.0,,sbro_heuristic_only_unvalidated,single_source
2014,400547857,,45.0,,sbro_heuristic_only_unvalidated,single_source
2014,400547946,,53.5,,sbro_heuristic_only_unvalidated,single_source
2014,400547996,,55.5,,sbro_heuristic_only_unvalidated,single_source
2014,400548030,,36.5,,sbro_heuristic_only_unvalidated,single_source
2014,400547907,,62.0,,sbro_heuristic_only_unvalidated,single_source
2014,400547962,,49.5,,sbro_heuristic_only_unvalidated,single_source
2014,400547987,,48.0,,sbro_heuristic_only_unvalidated,single_source
2014,400548027,,48.0,,sbro_heuristic_only_unvalidated,single_source
2014,400548268,,,,,missing
2014,400547668,,61.0,,sbro_heuristic_only_unvalidated,single_source
2014,400547670,,60.5,,sbro_heuristic_only_unvalidated,single_source
2014,400548028,,23.0,,sbro_heuristic_only_unvalidated,single_source
2014,400548032,,59.0,,sbro_heuristic_only_unvalidated,single_source
2014,400548111,,59.5,,sbro_heuristic_only_unvalidated,single_source
2014,400548112,,56.5,,sbro_heuristic_only_unvalidated,single_source
2014,400548115,,65.0,,sbro_heuristic_only_unvalidated,single_source
2014,400548203,,46.0,,sbro_heuristic_only_unvalidated,single_source
2014,400548414,,58.5,,sbro_heuristic_only_unvalidated,single_source
2014,400548197,,62.0,,sbro_heuristic_only_unvalidated,single_source
2014,400560174,,64.0,,sbro_heuristic_only_unvalidated,single_source
2014,400548266,,,,,missing
2014,400548194,61.0,60.5,0.5,cross_validated_vs_cfbd,verified
2014,400548198,,56.5,,sbro_heuristic_only_unvalidated,single_source
2014,400548269,,64.5,,sbro_heuristic_only_unvalidated,single_source
2014,400547859,,69.5,,sbro_heuristic_only_unvalidated,single_source
2014,400547818,,53.5,,sbro_heuristic_only_unvalidated,single_source
2014,400547955,,46.5,,sbro_heuristic_only_unvalidated,single_source
2014,400547676,,,,,missing
2014,400548381,,57.0,,sbro_heuristic_only_unvalidated,single_source
2014,400548380,,61.0,,sbro_heuristic_only_unvalidated,single_source
2014,400548273,,,,,missing
2014,400548379,,57.0,,sbro_heuristic_only_unvalidated,single_source
2014,400548114,,23.0,,sbro_heuristic_only_unvalidated,single_source
2014,400548113,,12.5,,sbro_heuristic_only_unvalidated,single_source
2014,400548195,,17.5,,sbro_heuristic_only_unvalidated,single_source
2014,400548270,,57.0,,sbro_heuristic_only_unvalidated,single_source
2014,400547678,,50.5,,sbro_heuristic_only_unvalidated,single_source
2014,400547908,,58.5,,sbro_heuristic_only_unvalidated,single_source
2014,400547674,,61.0,,sbro_heuristic_only_unvalidated,single_source
2014,400547861,,53.0,,sbro_heuristic_only_unvalidated,single_source
2014,400547677,,47.0,,sbro_heuristic_only_unvalidated,single_source
2014,400547679,,53.0,,sbro_heuristic_only_unvalidated,single_source
2014,400547930,,47.0,,sbro_heuristic_only_unvalidated,single_source
2014,400547978,,46.0,,sbro_heuristic_only_unvalidated,single_source
2014,400548383,,48.0,,sbro_heuristic_only_unvalidated,single_source
2014,400547732,,56.0,,sbro_heuristic_only_unvalidated,single_source
2014,400547827,,49.5,,sbro_heuristic_only_unvalidated,single_source
2014,400547811,,,,,missing
2014,400547919,,70.5,,sbro_heuristic_only_unvalidated,single_source
2014,400548116,,70.0,,sbro_heuristic_only_unvalidated,single_source
2014,400547823,,46.5,,sbro_heuristic_only_unvalidated,single_source
2014,400547833,,43.5,,sbro_heuristic_only_unvalidated,single_source
2014,400547947,,43.5,,sbro_heuristic_only_unvalidated,single_source
2014,400548033,,54.5,,sbro_heuristic_only_unvalidated,single_source
2014,400548038,,66.0,,sbro_heuristic_only_unvalidated,single_source
2014,400548119,,51.5,,sbro_heuristic_only_unvalidated,single_source
2014,400547675,,46.5,,sbro_heuristic_only_unvalidated,single_source
2014,400548271,,61.5,,sbro_heuristic_only_unvalidated,single_source
2014,400547862,,42.5,,sbro_heuristic_only_unvalidated,single_source
2014,400548034,,45.0,,sbro_heuristic_only_unvalidated,single_source
2014,400548416,,58.5,,sbro_heuristic_only_unvalidated,single_source
2014,400547743,,63.5,,sbro_heuristic_only_unvalidated,single_source
2014,400548037,,58.5,,sbro_heuristic_only_unvalidated,single_source
2014,400548117,,58.5,,sbro_heuristic_only_unvalidated,single_source
2014,400548199,,57.5,,sbro_heuristic_only_unvalidated,single_source
2014,400548417,,,,,missing
2014,400547754,,59.0,,sbro_heuristic_only_unvalidated,single_source
2014,400547680,,65.5,,sbro_heuristic_only_unvalidated,single_source
2014,400548202,,55.5,,sbro_heuristic_only_unvalidated,single_source
2014,400548272,,60.5,,sbro_heuristic_only_unvalidated,single_source
2014,400548201,,55.5,,sbro_heuristic_only_unvalidated,single_source
2014,400548459,,14.5,,sbro_heuristic_only_unvalidated,single_source
2014,400548274,,81.5,,sbro_heuristic_only_unvalidated,single_source
2014,400547682,,48.5,,sbro_heuristic_only_unvalidated,single_source
2014,400548039,,48.0,,sbro_heuristic_only_unvalidated,single_source
2014,400547783,,46.5,,sbro_heuristic_only_unvalidated,single_source
2014,400548207,,59.0,,sbro_heuristic_only_unvalidated,single_source
2014,400547765,,56.0,,sbro_heuristic_only_unvalidated,single_source
2014,400548374,,,,,missing
2014,400547867,,57.0,,sbro_heuristic_only_unvalidated,single_source
2014,400548373,,56.0,,sbro_heuristic_only_unvalidated,single_source
2014,400548377,,72.0,,sbro_heuristic_only_unvalidated,single_source
2014,400547865,,59.0,,sbro_heuristic_only_unvalidated,single_source
2014,400548276,,65.0,,sbro_heuristic_only_unvalidated,single_source
2014,400548279,46.0,47.0,1.0,cross_validated_vs_cfbd,source_variance
2014,400547956,,55.0,,sbro_heuristic_only_unvalidated,single_source
2014,400548378,,53.0,,sbro_heuristic_only_unvalidated,single_source
2014,400548275,,68.0,,sbro_heuristic_only_unvalidated,single_source
2014,400547979,,48.0,,sbro_heuristic_only_unvalidated,single_source
2014,400547937,,59.0,,sbro_heuristic_only_unvalidated,single_source
2014,400547863,,64.0,,sbro_heuristic_only_unvalidated,single_source
2014,400547684,,59.0,,sbro_heuristic_only_unvalidated,single_source
2014,400547864,,67.0,,sbro_heuristic_only_unvalidated,single_source
2014,400547909,,54.0,,sbro_heuristic_only_unvalidated,single_source
2014,400548041,,75.0,,sbro_heuristic_only_unvalidated,single_source
2014,400548042,,60.0,,sbro_heuristic_only_unvalidated,single_source
2014,400548120,,58.0,,sbro_heuristic_only_unvalidated,single_source
2014,400548376,,53.0,,sbro_heuristic_only_unvalidated,single_source
2014,400547797,,57.0,,sbro_heuristic_only_unvalidated,single_source
2014,400548122,,51.0,,sbro_heuristic_only_unvalidated,single_source
2014,400547920,,59.0,,sbro_heuristic_only_unvalidated,single_source
2014,400548126,,58.0,,sbro_heuristic_only_unvalidated,single_source
2014,400547685,,63.0,,sbro_heuristic_only_unvalidated,single_source
2014,400547744,,64.0,,sbro_heuristic_only_unvalidated,single_source
2014,400548044,,55.0,,sbro_heuristic_only_unvalidated,single_source
2014,400548121,,76.0,,sbro_heuristic_only_unvalidated,single_source
2014,400548124,,49.0,,sbro_heuristic_only_unvalidated,single_source
2014,400548205,,56.0,,sbro_heuristic_only_unvalidated,single_source
2014,400547866,,59.0,,sbro_heuristic_only_unvalidated,single_source
2014,400548277,,53.0,,sbro_heuristic_only_unvalidated,single_source
2014,400548123,,,,,missing
2014,400548418,,52.0,,sbro_heuristic_only_unvalidated,single_source
2014,400547683,,62.0,,sbro_heuristic_only_unvalidated,single_source
2014,400547997,,47.0,,sbro_heuristic_only_unvalidated,single_source
2014,400548040,,57.0,,sbro_heuristic_only_unvalidated,single_source
2014,400548043,,70.0,,sbro_heuristic_only_unvalidated,single_source
2014,400548125,,62.0,,sbro_heuristic_only_unvalidated,single_source
2014,400548208,,56.0,,sbro_heuristic_only_unvalidated,single_source
2014,400548419,,53.0,,sbro_heuristic_only_unvalidated,single_source
2014,400548420,64.75,65.0,0.25,cross_validated_vs_cfbd,verified
2014,400548422,,65.0,,sbro_heuristic_only_unvalidated,single_source
2014,400547790,,58.0,,sbro_heuristic_only_unvalidated,single_source
2014,400547812,,46.0,,sbro_heuristic_only_unvalidated,single_source
2014,400548375,,55.0,,sbro_heuristic_only_unvalidated,single_source
2014,400548209,,57.0,,sbro_heuristic_only_unvalidated,single_source
2014,400548421,,63.0,,sbro_heuristic_only_unvalidated,single_source
2014,400548206,,54.0,,sbro_heuristic_only_unvalidated,single_source
2014,400548278,,70.0,,sbro_heuristic_only_unvalidated,single_source
2014,400547686,,46.0,,sbro_heuristic_only_unvalidated,single_source
2014,400548280,,52.0,,sbro_heuristic_only_unvalidated,single_source
2014,400548214,,53.5,,sbro_heuristic_only_unvalidated,single_source
2014,400548212,,65.0,,sbro_heuristic_only_unvalidated,single_source
2014,400547766,,55.5,,sbro_heuristic_only_unvalidated,single_source
2014,400548369,,61.5,,sbro_heuristic_only_unvalidated,single_source
2014,400548368,,64.0,,sbro_heuristic_only_unvalidated,single_source
2014,400547868,,66.5,,sbro_heuristic_only_unvalidated,single_source
2014,400547798,,61.5,,sbro_heuristic_only_unvalidated,single_source
2014,400548365,,54.0,,sbro_heuristic_only_unvalidated,single_source
2014,400547957,,49.0,,sbro_heuristic_only_unvalidated,single_source
2014,400547870,,44.5,,sbro_heuristic_only_unvalidated,single_source
2014,400548282,,73.5,,sbro_heuristic_only_unvalidated,single_source
2014,400548370,,57.0,,sbro_heuristic_only_unvalidated,single_source
2014,400547871,,49.0,,sbro_heuristic_only_unvalidated,single_source
2014,400547689,,57.0,,sbro_heuristic_only_unvalidated,single_source
2014,400547755,,59.0,,sbro_heuristic_only_unvalidated,single_source
2014,400547687,,66.5,,sbro_heuristic_only_unvalidated,single_source
2014,400547691,,57.5,,sbro_heuristic_only_unvalidated,single_source
2014,400547869,,76.5,,sbro_heuristic_only_unvalidated,single_source
2014,400547910,,59.0,,sbro_heuristic_only_unvalidated,single_source
2014,400547921,,54.0,,sbro_heuristic_only_unvalidated,single_source
2014,400547963,45.0,44.5,0.5,cross_validated_vs_cfbd,verified
2014,400548046,,68.0,,sbro_heuristic_only_unvalidated,single_source
2014,400548049,,57.5,,sbro_heuristic_only_unvalidated,single_source
2014,400548367,,51.5,,sbro_heuristic_only_unvalidated,single_source
2014,400548128,,56.0,,sbro_heuristic_only_unvalidated,single_source
2014,400548127,,67.0,,sbro_heuristic_only_unvalidated,single_source
2014,400548130,,55.5,,sbro_heuristic_only_unvalidated,single_source
2014,400548131,,56.5,,sbro_heuristic_only_unvalidated,single_source
2014,400548424,,62.0,,sbro_heuristic_only_unvalidated,single_source
2014,400548132,,53.0,,sbro_heuristic_only_unvalidated,single_source
2014,400548426,,63.0,,sbro_heuristic_only_unvalidated,single_source
2014,400547733,,55.0,,sbro_heuristic_only_unvalidated,single_source
2014,400547745,,46.5,,sbro_heuristic_only_unvalidated,single_source
2014,400547872,,61.5,,sbro_heuristic_only_unvalidated,single_source
2014,400548047,,57.5,,sbro_heuristic_only_unvalidated,single_source
2014,400548129,,,,,missing
2014,400548425,,63.0,,sbro_heuristic_only_unvalidated,single_source
2014,400548464,,38.0,,sbro_heuristic_only_unvalidated,single_source
2014,400547690,,48.0,,sbro_heuristic_only_unvalidated,single_source
2014,400547948,,41.5,,sbro_heuristic_only_unvalidated,single_source
2014,400548045,,42.5,,sbro_heuristic_only_unvalidated,single_source
2014,400548366,,44.5,,sbro_heuristic_only_unvalidated,single_source
2014,400548048,,63.5,,sbro_heuristic_only_unvalidated,single_source
2014,400548210,,50.0,,sbro_heuristic_only_unvalidated,single_source
2014,400548211,64.75,64.0,0.75,cross_validated_vs_cfbd,source_variance
2014,400548213,47.0,46.5,0.5,cross_validated_vs_cfbd,verified
2014,400548427,61.75,62.0,0.25,cross_validated_vs_cfbd,verified
2014,400548284,,53.5,,sbro_heuristic_only_unvalidated,single_source
2014,400547813,,,,,missing
2014,400548216,,61.0,,sbro_heuristic_only_unvalidated,single_source
2014,400547694,,52.0,,sbro_heuristic_only_unvalidated,single_source
2014,400547767,,60.0,,sbro_heuristic_only_unvalidated,single_source
2014,400548361,,,,,missing
2014,400547874,,80.5,,sbro_heuristic_only_unvalidated,single_source
2014,400548364,,62.5,,sbro_heuristic_only_unvalidated,single_source
2014,400547922,,59.5,,sbro_heuristic_only_unvalidated,single_source
2014,400548288,,64.5,,sbro_heuristic_only_unvalidated,single_source
2014,400548359,,54.0,,sbro_heuristic_only_unvalidated,single_source
2014,400547877,,54.0,,sbro_heuristic_only_unvalidated,single_source
2014,400547876,,62.0,,sbro_heuristic_only_unvalidated,single_source
2014,400547984,,62.5,,sbro_heuristic_only_unvalidated,single_source
2014,400548285,,53.5,,sbro_heuristic_only_unvalidated,single_source
2014,400547971,,55.0,,sbro_heuristic_only_unvalidated,single_source
2014,400548286,,60.0,,sbro_heuristic_only_unvalidated,single_source
2014,400547734,,45.5,,sbro_heuristic_only_unvalidated,single_source
2014,400548050,,56.0,,sbro_heuristic_only_unvalidated,single_source
2014,400547692,,44.0,,sbro_heuristic_only_unvalidated,single_source
2014,400547695,50.5,49.5,1.0,cross_validated_vs_cfbd,source_variance
2014,400547819,,44.5,,sbro_heuristic_only_unvalidated,single_source
2014,400547931,,45.5,,sbro_heuristic_only_unvalidated,single_source
2014,400547964,,48.5,,sbro_heuristic_only_unvalidated,single_source
2014,400548051,,65.0,,sbro_heuristic_only_unvalidated,single_source
2014,400548052,,44.5,,sbro_heuristic_only_unvalidated,single_source
2014,400547756,,49.0,,sbro_heuristic_only_unvalidated,single_source
2014,400548133,,47.5,,sbro_heuristic_only_unvalidated,single_source
2014,400548138,,68.0,,sbro_heuristic_only_unvalidated,single_source
2014,400548136,,63.0,,sbro_heuristic_only_unvalidated,single_source
2014,400548428,,64.5,,sbro_heuristic_only_unvalidated,single_source
2014,400547693,,62.0,,sbro_heuristic_only_unvalidated,single_source
2014,400547805,,48.0,,sbro_heuristic_only_unvalidated,single_source
2014,400547873,,58.0,,sbro_heuristic_only_unvalidated,single_source
2014,400548053,,66.5,,sbro_heuristic_only_unvalidated,single_source
2014,400548134,,51.5,,sbro_heuristic_only_unvalidated,single_source
2014,400548135,,53.5,,sbro_heuristic_only_unvalidated,single_source
2014,400548287,,73.0,,sbro_heuristic_only_unvalidated,single_source
2014,400548137,,,,,missing
2014,400548430,,67.5,,sbro_heuristic_only_unvalidated,single_source
2014,400547775,67.75,67.5,0.25,cross_validated_vs_cfbd,verified
2014,400548054,,55.0,,sbro_heuristic_only_unvalidated,single_source
2014,400548217,,55.0,,sbro_heuristic_only_unvalidated,single_source
2014,400548362,,44.5,,sbro_heuristic_only_unvalidated,single_source
2014,400548360,,49.5,,sbro_heuristic_only_unvalidated,single_source
2014,400548429,,56.0,,sbro_heuristic_only_unvalidated,single_source
2014,400547875,,45.5,,sbro_heuristic_only_unvalidated,single_source
2014,400548219,,59.0,,sbro_heuristic_only_unvalidated,single_source
2014,400548218,,48.5,,sbro_heuristic_only_unvalidated,single_source
2014,400548431,59.0,59.0,0.0,cross_validated_vs_cfbd,verified
2014,400547696,,55.5,,sbro_heuristic_only_unvalidated,single_source
2014,400547791,,47.5,,sbro_heuristic_only_unvalidated,single_source
2014,400548289,,78.0,,sbro_heuristic_only_unvalidated,single_source
2014,400547697,,60.0,,sbro_heuristic_only_unvalidated,single_source
2014,400550419,,55.0,,sbro_heuristic_only_unvalidated,single_source
2014,400548221,,58.0,,sbro_heuristic_only_unvalidated,single_source
2014,400548355,,59.0,,sbro_heuristic_only_unvalidated,single_source
2014,400548354,,45.5,,sbro_heuristic_only_unvalidated,single_source
2014,400548357,,46.5,,sbro_heuristic_only_unvalidated,single_source
2014,400548356,,62.5,,sbro_heuristic_only_unvalidated,single_source
2014,400547949,,44.5,,sbro_heuristic_only_unvalidated,single_source
2014,400547880,,71.5,,sbro_heuristic_only_unvalidated,single_source
2014,400547878,,47.0,,sbro_heuristic_only_unvalidated,single_source
2014,400547985,,52.5,,sbro_heuristic_only_unvalidated,single_source
2014,400548291,,,,,missing
2014,400548290,,73.5,,sbro_heuristic_only_unvalidated,single_source
2014,400547972,,60.5,,sbro_heuristic_only_unvalidated,single_source
2014,400548292,51.5,52.0,0.5,cross_validated_vs_cfbd,verified
2014,400547746,,47.0,,sbro_heuristic_only_unvalidated,single_source
2014,400547879,,67.5,,sbro_heuristic_only_unvalidated,single_source
2014,400548055,,66.0,,sbro_heuristic_only_unvalidated,single_source
2014,400548294,,65.5,,sbro_heuristic_only_unvalidated,single_source
2014,400547699,,51.0,,sbro_heuristic_only_unvalidated,single_source
2014,400547911,,54.0,,sbro_heuristic_only_unvalidated,single_source
2014,400547938,,56.0,,sbro_heuristic_only_unvalidated,single_source
2014,400548057,,56.0,,sbro_heuristic_only_unvalidated,single_source
2014,400548059,,58.5,,sbro_heuristic_only_unvalidated,single_source
2014,400547799,,61.0,,sbro_heuristic_only_unvalidated,single_source
2014,400548142,,62.0,,sbro_heuristic_only_unvalidated,single_source
2014,400548224,,53.5,,sbro_heuristic_only_unvalidated,single_source
2014,400548139,,52.5,,sbro_heuristic_only_unvalidated,single_source
2014,400548143,,53.0,,sbro_heuristic_only_unvalidated,single_source
2014,400548144,,69.5,,sbro_heuristic_only_unvalidated,single_source
2014,400548432,,66.0,,sbro_heuristic_only_unvalidated,single_source
2014,400548141,,53.5,,sbro_heuristic_only_unvalidated,single_source
2014,400547735,,41.0,,sbro_heuristic_only_unvalidated,single_source
2014,400547776,,,,,missing
2014,400548056,,55.5,,sbro_heuristic_only_unvalidated,single_source
2014,400548140,,54.5,,sbro_heuristic_only_unvalidated,single_source
2014,400548293,,43.5,,sbro_heuristic_only_unvalidated,single_source
2014,400548058,,78.0,,sbro_heuristic_only_unvalidated,single_source
2014,400548225,,50.5,,sbro_heuristic_only_unvalidated,single_source
2014,400548358,,42.5,,sbro_heuristic_only_unvalidated,single_source
2014,400547698,,46.0,,sbro_heuristic_only_unvalidated,single_source
2014,400548060,,47.0,,sbro_heuristic_only_unvalidated,single_source
2014,400548222,,54.5,,sbro_heuristic_only_unvalidated,single_source
2014,400548433,,,,,missing
2014,400547768,,51.5,,sbro_heuristic_only_unvalidated,single_source
2014,400550420,,61.0,,sbro_heuristic_only_unvalidated,single_source
2014,400547700,,56.5,,sbro_heuristic_only_unvalidated,single_source
2014,400547701,,57.0,,sbro_heuristic_only_unvalidated,single_source
2014,400548349,,,,,missing
2014,400548299,,56.5,,sbro_heuristic_only_unvalidated,single_source
2014,400547885,,69.5,,sbro_heuristic_only_unvalidated,single_source
2014,400547882,,53.0,,sbro_heuristic_only_unvalidated,single_source
2014,400548465,,54.5,,sbro_heuristic_only_unvalidated,single_source
2014,400548348,,45.5,,sbro_heuristic_only_unvalidated,single_source
2014,400548295,,70.5,,sbro_heuristic_only_unvalidated,single_source
2014,400547884,,61.0,,sbro_heuristic_only_unvalidated,single_source
2014,400548296,,56.0,,sbro_heuristic_only_unvalidated,single_source
2014,400547973,,59.0,,sbro_heuristic_only_unvalidated,single_source
2014,400547912,,62.0,,sbro_heuristic_only_unvalidated,single_source
2014,400547883,,61.5,,sbro_heuristic_only_unvalidated,single_source
2014,400547703,,61.5,,sbro_heuristic_only_unvalidated,single_source
2014,400547757,,,,,missing
2014,400548226,,54.0,,sbro_heuristic_only_unvalidated,single_source
2014,400547702,,38.5,,sbro_heuristic_only_unvalidated,single_source
2014,400547932,,43.5,,sbro_heuristic_only_unvalidated,single_source
2014,400547939,,44.0,,sbro_heuristic_only_unvalidated,single_source
2014,400547998,,51.5,,sbro_heuristic_only_unvalidated,single_source
2014,400548061,,45.0,,sbro_heuristic_only_unvalidated,single_source
2014,400548353,,61.0,,sbro_heuristic_only_unvalidated,single_source
2014,400547736,,40.0,,sbro_heuristic_only_unvalidated,single_source
2014,400547792,,67.5,,sbro_heuristic_only_unvalidated,single_source
2014,400548145,,48.0,,sbro_heuristic_only_unvalidated,single_source
2014,400548298,,54.5,,sbro_heuristic_only_unvalidated,single_source
2014,400548146,,55.5,,sbro_heuristic_only_unvalidated,single_source
2014,400547806,,53.5,,sbro_heuristic_only_unvalidated,single_source
2014,400548063,,68.5,,sbro_heuristic_only_unvalidated,single_source
2014,400547777,,53.5,,sbro_heuristic_only_unvalidated,single_source
2014,400547923,,51.5,,sbro_heuristic_only_unvalidated,single_source
2014,400548064,,64.0,,sbro_heuristic_only_unvalidated,single_source
2014,400548435,,62.0,,sbro_heuristic_only_unvalidated,single_source
2014,400547704,,45.0,,sbro_heuristic_only_unvalidated,single_source
2014,400548351,,47.0,,sbro_heuristic_only_unvalidated,single_source
2014,400548439,,62.5,,sbro_heuristic_only_unvalidated,single_source
2014,400548297,,68.0,,sbro_heuristic_only_unvalidated,single_source
2014,400548436,,65.5,,sbro_heuristic_only_unvalidated,single_source
2014,400548438,57.0,57.0,0.0,cross_validated_vs_cfbd,verified
2014,400548231,62.0,61.5,0.5,cross_validated_vs_cfbd,verified
2014,400548062,,57.5,,sbro_heuristic_only_unvalidated,single_source
2014,400548065,,60.0,,sbro_heuristic_only_unvalidated,single_source
2014,400548227,,57.5,,sbro_heuristic_only_unvalidated,single_source
2014,400547881,,57.0,,sbro_heuristic_only_unvalidated,single_source
2014,400548352,,55.5,,sbro_heuristic_only_unvalidated,single_source
2014,400548066,,55.5,,sbro_heuristic_only_unvalidated,single_source
2014,400548230,,48.5,,sbro_heuristic_only_unvalidated,single_source
2014,400548300,,63.5,,sbro_heuristic_only_unvalidated,single_source
2014,400548228,,57.5,,sbro_heuristic_only_unvalidated,single_source
2014,400548229,41.5,41.5,0.0,cross_validated_vs_cfbd,verified
2014,400548147,,59.5,,sbro_heuristic_only_unvalidated,single_source
2014,400548148,,57.5,,sbro_heuristic_only_unvalidated,single_source
2014,400548149,,56.5,,sbro_heuristic_only_unvalidated,single_source
2014,400548150,,62.5,,sbro_heuristic_only_unvalidated,single_source
2014,400547747,,42.5,,sbro_heuristic_only_unvalidated,single_source
2014,400550749,,48.0,,sbro_heuristic_only_unvalidated,single_source
2014,400548237,,48.0,,sbro_heuristic_only_unvalidated,single_source
2014,400548346,,68.5,,sbro_heuristic_only_unvalidated,single_source
2014,400548304,,62.0,,sbro_heuristic_only_unvalidated,single_source
2014,400548342,,46.5,,sbro_heuristic_only_unvalidated,single_source
2014,400547886,,58.5,,sbro_heuristic_only_unvalidated,single_source
2014,400548303,,,,,missing
2014,400548301,,,,,missing
2014,400548343,,58.0,,sbro_heuristic_only_unvalidated,single_source
2014,400547758,,52.5,,sbro_heuristic_only_unvalidated,single_source
2014,400547889,,51.0,,sbro_heuristic_only_unvalidated,single_source
2014,400547778,,62.5,,sbro_heuristic_only_unvalidated,single_source
2014,400547992,,52.0,,sbro_heuristic_only_unvalidated,single_source
2014,400547708,,57.0,,sbro_heuristic_only_unvalidated,single_source
2014,400547924,,44.5,,sbro_heuristic_only_unvalidated,single_source
2014,400547933,,43.0,,sbro_heuristic_only_unvalidated,single_source
2014,400548069,,53.5,,sbro_heuristic_only_unvalidated,single_source
2014,400548071,,42.5,,sbro_heuristic_only_unvalidated,single_source
2014,400548441,,52.5,,sbro_heuristic_only_unvalidated,single_source
2014,400548442,,64.5,,sbro_heuristic_only_unvalidated,single_source
2014,400547705,,48.0,,sbro_heuristic_only_unvalidated,single_source
2014,400547706,,46.0,,sbro_heuristic_only_unvalidated,single_source
2014,400547887,,52.0,,sbro_heuristic_only_unvalidated,single_source
2014,400547950,,41.5,,sbro_heuristic_only_unvalidated,single_source
2014,400548067,,60.5,,sbro_heuristic_only_unvalidated,single_source
2014,400548440,,51.5,,sbro_heuristic_only_unvalidated,single_source
2014,400548072,,69.0,,sbro_heuristic_only_unvalidated,single_source
2014,400548232,,57.0,,sbro_heuristic_only_unvalidated,single_source
2014,400548305,,59.5,,sbro_heuristic_only_unvalidated,single_source
2014,400548443,,60.5,,sbro_heuristic_only_unvalidated,single_source
2014,400548236,,57.5,,sbro_heuristic_only_unvalidated,single_source
2014,400548068,,54.5,,sbro_heuristic_only_unvalidated,single_source
2014,400548070,,63.5,,sbro_heuristic_only_unvalidated,single_source
2014,400548233,,60.0,,sbro_heuristic_only_unvalidated,single_source
2014,400548234,,57.5,,sbro_heuristic_only_unvalidated,single_source
2014,400547737,,45.5,,sbro_heuristic_only_unvalidated,single_source
2014,400548347,,43.5,,sbro_heuristic_only_unvalidated,single_source
2014,400548444,67.0,67.0,0.0,cross_validated_vs_cfbd,verified
2014,400548235,,57.5,,sbro_heuristic_only_unvalidated,single_source
2014,400548151,,51.0,,sbro_heuristic_only_unvalidated,single_source
2014,400548152,,,,,missing
2014,400548153,65.0,65.0,0.0,cross_validated_vs_cfbd,verified
2014,400548154,,54.5,,sbro_heuristic_only_unvalidated,single_source
2014,400547710,,71.5,,sbro_heuristic_only_unvalidated,single_source
2014,400548076,,47.0,,sbro_heuristic_only_unvalidated,single_source
2014,400548306,,72.0,,sbro_heuristic_only_unvalidated,single_source
2014,400547709,,54.5,,sbro_heuristic_only_unvalidated,single_source
2014,400548338,,55.0,,sbro_heuristic_only_unvalidated,single_source
2014,400547892,,55.0,,sbro_heuristic_only_unvalidated,single_source
2014,400547965,,56.5,,sbro_heuristic_only_unvalidated,single_source
2014,400548337,,71.0,,sbro_heuristic_only_unvalidated,single_source
2014,400547940,,58.0,,sbro_heuristic_only_unvalidated,single_source
2014,400548307,,,,,missing
2014,400547974,,55.5,,sbro_heuristic_only_unvalidated,single_source
2014,400548336,,45.0,,sbro_heuristic_only_unvalidated,single_source
2014,400547980,,54.0,,sbro_heuristic_only_unvalidated,single_source
2014,400547748,,57.0,,sbro_heuristic_only_unvalidated,single_source
2014,400547759,,47.5,,sbro_heuristic_only_unvalidated,single_source
2014,400548309,,41.0,,sbro_heuristic_only_unvalidated,single_source
2014,400548341,,55.5,,sbro_heuristic_only_unvalidated,single_source
2014,400547713,,40.0,,sbro_heuristic_only_unvalidated,single_source
2014,400547913,,54.0,,sbro_heuristic_only_unvalidated,single_source
2014,400548077,,71.5,,sbro_heuristic_only_unvalidated,single_source
2014,400548339,,57.0,,sbro_heuristic_only_unvalidated,single_source
2014,400547800,,67.5,,sbro_heuristic_only_unvalidated,single_source
2014,400548156,,54.0,,sbro_heuristic_only_unvalidated,single_source
2014,400548238,,53.0,,sbro_heuristic_only_unvalidated,single_source
2014,400548074,,66.0,,sbro_heuristic_only_unvalidated,single_source
2014,400547807,,44.5,,sbro_heuristic_only_unvalidated,single_source
2014,400548445,,62.0,,sbro_heuristic_only_unvalidated,single_source
2014,400547711,,49.0,,sbro_heuristic_only_unvalidated,single_source
2014,400547890,,65.0,,sbro_heuristic_only_unvalidated,single_source
2014,400547925,,53.0,,sbro_heuristic_only_unvalidated,single_source
2014,400548073,,49.5,,sbro_heuristic_only_unvalidated,single_source
2014,400548446,,60.0,,sbro_heuristic_only_unvalidated,single_source
2014,400548448,51.5,,,,single_source
2014,400547891,,46.5,,sbro_heuristic_only_unvalidated,single_source
2014,400548449,,50.5,,sbro_heuristic_only_unvalidated,single_source
2014,400548157,,52.0,,sbro_heuristic_only_unvalidated,single_source
2014,400548159,,59.0,,sbro_heuristic_only_unvalidated,single_source
2014,400547893,58.5,58.5,0.0,cross_validated_vs_cfbd,verified
2014,400547760,,67.0,,sbro_heuristic_only_unvalidated,single_source
2014,400550421,58.0,58.0,0.0,cross_validated_vs_cfbd,verified
2014,400548078,,49.0,,sbro_heuristic_only_unvalidated,single_source
2014,400548243,,49.0,,sbro_heuristic_only_unvalidated,single_source
2014,400548313,,74.0,,sbro_heuristic_only_unvalidated,single_source
2014,400547738,,57.5,,sbro_heuristic_only_unvalidated,single_source
2014,400548335,,56.0,,sbro_heuristic_only_unvalidated,single_source
2014,400547926,,67.0,,sbro_heuristic_only_unvalidated,single_source
2014,400547896,,67.5,,sbro_heuristic_only_unvalidated,single_source
2014,400548312,,62.5,,sbro_heuristic_only_unvalidated,single_source
2014,400547999,,57.5,,sbro_heuristic_only_unvalidated,single_source
2014,400548311,,71.0,,sbro_heuristic_only_unvalidated,single_source
2014,400548310,,53.5,,sbro_heuristic_only_unvalidated,single_source
2014,400547934,,50.0,,sbro_heuristic_only_unvalidated,single_source
2014,400548334,,49.0,,sbro_heuristic_only_unvalidated,single_source
2014,400547894,,55.0,,sbro_heuristic_only_unvalidated,single_source
2014,400547749,,57.5,,sbro_heuristic_only_unvalidated,single_source
2014,400547966,,53.0,,sbro_heuristic_only_unvalidated,single_source
2014,400547784,,51.5,,sbro_heuristic_only_unvalidated,single_source
2014,400547714,,48.5,,sbro_heuristic_only_unvalidated,single_source
2014,400547717,,57.0,,sbro_heuristic_only_unvalidated,single_source
2014,400547914,,44.5,,sbro_heuristic_only_unvalidated,single_source
2014,400547981,,51.0,,sbro_heuristic_only_unvalidated,single_source
2014,400548082,,67.5,,sbro_heuristic_only_unvalidated,single_source
2014,400548083,,55.5,,sbro_heuristic_only_unvalidated,single_source
2014,400548333,,57.0,,sbro_heuristic_only_unvalidated,single_source
2014,400547828,,38.0,,sbro_heuristic_only_unvalidated,single_source
2014,400548081,,65.5,,sbro_heuristic_only_unvalidated,single_source
2014,400548162,,51.5,,sbro_heuristic_only_unvalidated,single_source
2014,400548245,,65.5,,sbro_heuristic_only_unvalidated,single_source
2014,400548161,,53.5,,sbro_heuristic_only_unvalidated,single_source
2014,400548450,62.5,62.5,0.0,cross_validated_vs_cfbd,verified
2014,400547716,,61.5,,sbro_heuristic_only_unvalidated,single_source
2014,400547814,,,,,missing
2014,400547895,,72.5,,sbro_heuristic_only_unvalidated,single_source
2014,400547941,,43.5,,sbro_heuristic_only_unvalidated,single_source
2014,400548079,,46.0,,sbro_heuristic_only_unvalidated,single_source
2014,400547718,,45.5,,sbro_heuristic_only_unvalidated,single_source
2014,400548315,,56.0,,sbro_heuristic_only_unvalidated,single_source
2014,400548452,,56.0,,sbro_heuristic_only_unvalidated,single_source
2014,400547793,,45.0,,sbro_heuristic_only_unvalidated,single_source
2014,400548080,,57.0,,sbro_heuristic_only_unvalidated,single_source
2014,400547715,,55.5,,sbro_heuristic_only_unvalidated,single_source
2014,400548244,,51.5,,sbro_heuristic_only_unvalidated,single_source
2014,400548246,,63.5,,sbro_heuristic_only_unvalidated,single_source
2014,400548314,,,,,missing
2014,400548247,,56.0,,sbro_heuristic_only_unvalidated,single_source
2014,400548164,52.75,52.5,0.25,cross_validated_vs_cfbd,verified
2014,400547897,,53.5,,sbro_heuristic_only_unvalidated,single_source
2014,400548327,,53.0,,sbro_heuristic_only_unvalidated,single_source
2014,400548317,,48.5,,sbro_heuristic_only_unvalidated,single_source
2014,400548316,,,,,missing
2014,400548325,,43.0,,sbro_heuristic_only_unvalidated,single_source
2014,400548084,,75.0,,sbro_heuristic_only_unvalidated,single_source
2014,400548167,,58.5,,sbro_heuristic_only_unvalidated,single_source
2014,400547719,,42.5,,sbro_heuristic_only_unvalidated,single_source
2014,400547721,,50.5,,sbro_heuristic_only_unvalidated,single_source
2014,400547935,53.0,53.0,0.0,cross_validated_vs_cfbd,verified
2014,400548163,,43.0,,sbro_heuristic_only_unvalidated,single_source
2014,400548165,,57.5,,sbro_heuristic_only_unvalidated,single_source
2014,400548166,,54.5,,sbro_heuristic_only_unvalidated,single_source
2014,400548168,,60.0,,sbro_heuristic_only_unvalidated,single_source
2014,400548453,,54.0,,sbro_heuristic_only_unvalidated,single_source
2014,400548249,,62.0,,sbro_heuristic_only_unvalidated,single_source
2014,400547824,38.0,38.0,0.0,cross_validated_vs_cfbd,verified
2014,400547720,,70.0,,sbro_heuristic_only_unvalidated,single_source
2014,400548320,,66.5,,sbro_heuristic_only_unvalidated,single_source
2014,400547771,,52.5,,sbro_heuristic_only_unvalidated,single_source
2014,400548324,52.25,,,,single_source
2014,400547951,,55.0,,sbro_heuristic_only_unvalidated,single_source
2014,400547899,,79.5,,sbro_heuristic_only_unvalidated,single_source
2014,400547779,,67.0,,sbro_heuristic_only_unvalidated,single_source
2014,400547959,,43.5,,sbro_heuristic_only_unvalidated,single_source
2014,400547900,,51.5,,sbro_heuristic_only_unvalidated,single_source
2014,400547967,,49.0,,sbro_heuristic_only_unvalidated,single_source
2014,400547750,,53.0,,sbro_heuristic_only_unvalidated,single_source
2014,400547785,,51.5,,sbro_heuristic_only_unvalidated,single_source
2014,400548250,,54.5,,sbro_heuristic_only_unvalidated,single_source
2014,400548319,,53.0,,sbro_heuristic_only_unvalidated,single_source
2014,400547722,,58.0,,sbro_heuristic_only_unvalidated,single_source
2014,400547898,,62.5,,sbro_heuristic_only_unvalidated,single_source
2014,400547915,,52.0,,sbro_heuristic_only_unvalidated,single_source
2014,400547927,,54.5,,sbro_heuristic_only_unvalidated,single_source
2014,400548085,,66.0,,sbro_heuristic_only_unvalidated,single_source
2014,400548086,,47.5,,sbro_heuristic_only_unvalidated,single_source
2014,400548088,,41.0,,sbro_heuristic_only_unvalidated,single_source
2014,400547739,,45.5,,sbro_heuristic_only_unvalidated,single_source
2014,400547801,,69.5,,sbro_heuristic_only_unvalidated,single_source
2014,400548458,59.5,59.5,0.0,cross_validated_vs_cfbd,verified
2014,400548454,,63.5,,sbro_heuristic_only_unvalidated,single_source
2014,400548456,,60.0,,sbro_heuristic_only_unvalidated,single_source
2014,400548253,,61.5,,sbro_heuristic_only_unvalidated,single_source
2014,400548455,,65.0,,sbro_heuristic_only_unvalidated,single_source
2014,400547942,,53.0,,sbro_heuristic_only_unvalidated,single_source
2014,400548089,,57.5,,sbro_heuristic_only_unvalidated,single_source
2014,400548254,,47.0,,sbro_heuristic_only_unvalidated,single_source
2014,400548318,,63.0,,sbro_heuristic_only_unvalidated,single_source
2014,400547723,,44.5,,sbro_heuristic_only_unvalidated,single_source
2014,400548326,,49.5,,sbro_heuristic_only_unvalidated,single_source
2014,400548322,,71.5,,sbro_heuristic_only_unvalidated,single_source
2014,400548457,,54.0,,sbro_heuristic_only_unvalidated,single_source
2014,400547761,,44.5,,sbro_heuristic_only_unvalidated,single_source
2014,400547794,,56.0,,sbro_heuristic_only_unvalidated,single_source
2014,400548087,,52.5,,sbro_heuristic_only_unvalidated,single_source
2014,400548251,,60.5,,sbro_heuristic_only_unvalidated,single_source
2014,400548252,,62.5,,sbro_heuristic_only_unvalidated,single_source
2014,400548321,,62.5,,sbro_heuristic_only_unvalidated,single_source
2014,400547724,,55.0,,sbro_heuristic_only_unvalidated,single_source
2014,400609076,,72.5,,sbro_heuristic_only_unvalidated,single_source
2014,400609055,,64.0,,sbro_heuristic_only_unvalidated,single_source
2014,400609098,,49.0,,sbro_heuristic_only_unvalidated,single_source
2014,400547902,,68.5,,sbro_heuristic_only_unvalidated,single_source
2014,400608167,,64.0,,sbro_heuristic_only_unvalidated,single_source
2014,400609096,,55.0,,sbro_heuristic_only_unvalidated,single_source
2014,400547903,,71.0,,sbro_heuristic_only_unvalidated,single_source
2014,400547901,,57.5,,sbro_heuristic_only_unvalidated,single_source
2014,400609154,,70.0,,sbro_heuristic_only_unvalidated,single_source
2014,400547725,,57.0,,sbro_heuristic_only_unvalidated,single_source
2014,400547726,,43.5,,sbro_heuristic_only_unvalidated,single_source
2014,400609077,,67.5,,sbro_heuristic_only_unvalidated,single_source
2014,400547727,,41.5,,sbro_heuristic_only_unvalidated,single_source
2014,400548461,,56.0,,sbro_heuristic_only_unvalidated,single_source
2014,400610221,,57.5,,sbro_heuristic_only_unvalidated,single_source
2014,400610197,62.75,62.5,0.25,cross_validated_vs_cfbd,verified
2014,400610202,,45.5,,sbro_heuristic_only_unvalidated,single_source
2014,400610198,,59.0,,sbro_heuristic_only_unvalidated,single_source
2014,400610201,,55.0,,sbro_heuristic_only_unvalidated,single_source
2014,400610225,,56.0,,sbro_heuristic_only_unvalidated,single_source
2014,400610203,,,,,missing
2014,400610199,51.0,52.0,1.0,cross_validated_vs_cfbd,source_variance
2014,400610205,,67.0,,sbro_heuristic_only_unvalidated,single_source
2014,400610204,,58.5,,sbro_heuristic_only_unvalidated,single_source
2014,400610222,,54.5,,sbro_heuristic_only_unvalidated,single_source
2014,400610212,,72.0,,sbro_heuristic_only_unvalidated,single_source
2014,400610209,,48.0,,sbro_heuristic_only_unvalidated,single_source
2014,400610211,,64.5,,sbro_heuristic_only_unvalidated,single_source
2014,400610220,,63.0,,sbro_heuristic_only_unvalidated,single_source
2014,400610207,,50.0,,sbro_heuristic_only_unvalidated,single_source
2014,400610216,62.0,62.0,0.0,cross_validated_vs_cfbd,verified
2014,400548008,52.75,52.0,0.75,cross_validated_vs_cfbd,source_variance
2014,400547728,,48.5,,sbro_heuristic_only_unvalidated,single_source
2014,400548005,62.0,63.5,1.5,cross_validated_vs_cfbd,source_conflict
2014,400548094,,27.0,,sbro_heuristic_only_unvalidated,single_source
2014,400548170,,27.5,,sbro_heuristic_only_unvalidated,single_source
2014,400547936,,24.5,,sbro_heuristic_only_unvalidated,single_source
2014,400547649,,16.5,,sbro_heuristic_only_unvalidated,single_source
2014,400547994,,38.0,,sbro_heuristic_only_unvalidated,single_source
2014,400547844,,33.0,,sbro_heuristic_only_unvalidated,single_source
2014,400548105,,38.5,,sbro_heuristic_only_unvalidated,single_source
2014,400547821,,14.5,,sbro_heuristic_only_unvalidated,single_source
2014,400548015,,41.0,,sbro_heuristic_only_unvalidated,single_source
2014,400548408,,32.5,,sbro_heuristic_only_unvalidated,single_source
2014,400548262,,28.0,,sbro_heuristic_only_unvalidated,single_source
2014,400548261,,,,,missing
2014,400548187,,28.5,,sbro_heuristic_only_unvalidated,single_source
2014,400548178,51.0,51.0,0.0,cross_validated_vs_cfbd,verified
2014,400547786,55.5,52.5,3.0,cross_validated_vs_cfbd,source_conflict
2014,400548018,,55.0,,sbro_heuristic_only_unvalidated,single_source
2014,400610180,,60.0,,sbro_heuristic_only_unvalidated,single_source
2014,400610181,,,,,missing
2014,400548011,,56.5,,sbro_heuristic_only_unvalidated,single_source
2014,400547648,75.0,74.0,1.0,cross_validated_vs_cfbd,source_variance
2014,400547843,,54.5,,sbro_heuristic_only_unvalidated,single_source
2014,400547729,,50.0,,sbro_heuristic_only_unvalidated,single_source
2014,400548184,,67.5,,sbro_heuristic_only_unvalidated,single_source
2014,400548013,,51.5,,sbro_heuristic_only_unvalidated,single_source
2014,400547657,,56.0,,sbro_heuristic_only_unvalidated,single_source
2014,400547653,,44.5,,sbro_heuristic_only_unvalidated,single_source
2014,400548395,,49.5,,sbro_heuristic_only_unvalidated,single_source
2014,400548099,,50.5,,sbro_heuristic_only_unvalidated,single_source
2014,400548017,,58.0,,sbro_heuristic_only_unvalidated,single_source
2014,400548182,,65.5,,sbro_heuristic_only_unvalidated,single_source
2014,400548260,,52.5,,sbro_heuristic_only_unvalidated,single_source
2014,400547654,,53.0,,sbro_heuristic_only_unvalidated,single_source
2014,400547929,,52.0,,sbro_heuristic_only_unvalidated,single_source
2014,400547961,,50.0,,sbro_heuristic_only_unvalidated,single_source
2014,400547976,,59.0,,sbro_heuristic_only_unvalidated,single_source
2014,400548103,,52.5,,sbro_heuristic_only_unvalidated,single_source
2014,400547656,,55.0,,sbro_heuristic_only_unvalidated,single_source
2014,400548185,,66.5,,sbro_heuristic_only_unvalidated,single_source
2014,400547650,,64.5,,sbro_heuristic_only_unvalidated,single_source
2014,400547796,,59.5,,sbro_heuristic_only_unvalidated,single_source
2014,400547803,,64.5,,sbro_heuristic_only_unvalidated,single_source
2014,400547752,,64.0,,sbro_heuristic_only_unvalidated,single_source
2014,400548014,,58.5,,sbro_heuristic_only_unvalidated,single_source
2014,400548411,,,,,missing
2014,400547846,,47.5,,sbro_heuristic_only_unvalidated,single_source
2014,400548180,,51.0,,sbro_heuristic_only_unvalidated,single_source
2014,400548181,,54.0,,sbro_heuristic_only_unvalidated,single_source
2014,400547662,,54.0,,sbro_heuristic_only_unvalidated,single_source
2014,400547688,,42.0,,sbro_heuristic_only_unvalidated,single_source
2014,400548281,,,,,missing
2014,400548323,,55.0,,sbro_heuristic_only_unvalidated,single_source
2014,400547640,50.0,50.0,0.0,cross_validated_vs_cfbd,verified
2014,400547641,54.0,54.0,0.0,cross_validated_vs_cfbd,verified
2014,400548003,,64.0,,sbro_heuristic_only_unvalidated,single_source
2014,400547644,,56.5,,sbro_heuristic_only_unvalidated,single_source
2014,400548171,,53.5,,sbro_heuristic_only_unvalidated,single_source
2014,400548177,59.5,,,,single_source
2014,400553383,,57.5,,sbro_heuristic_only_unvalidated,single_source
2014,400547952,,34.5,,sbro_heuristic_only_unvalidated,single_source
2014,400547815,,14.5,,sbro_heuristic_only_unvalidated,single_source
2014,400547820,50.5,50.0,0.5,cross_validated_vs_cfbd,verified
2014,400547642,43.75,43.5,0.25,cross_validated_vs_cfbd,verified
2014,400548402,61.0,60.5,0.5,cross_validated_vs_cfbd,verified
2014,400548169,52.0,,,,single_source
2014,400547829,,,,,missing
2014,400547647,46.5,45.5,1.0,cross_validated_vs_cfbd,source_variance
2014,400547993,61.0,61.0,0.0,cross_validated_vs_cfbd,verified
2014,400547982,,54.0,,sbro_heuristic_only_unvalidated,single_source
2014,400547943,,54.0,,sbro_heuristic_only_unvalidated,single_source
2014,400547988,50.0,49.0,1.0,cross_validated_vs_cfbd,source_variance
2014,400548010,,58.0,,sbro_heuristic_only_unvalidated,single_source
2014,400547802,,58.0,,sbro_heuristic_only_unvalidated,single_source
2014,400547762,65.0,64.5,0.5,cross_validated_vs_cfbd,verified
2014,400547835,53.5,53.0,0.5,cross_validated_vs_cfbd,verified
2014,400547834,,56.5,,sbro_heuristic_only_unvalidated,single_source
2014,400548398,,56.5,,sbro_heuristic_only_unvalidated,single_source
2014,400547740,55.5,56.0,0.5,cross_validated_vs_cfbd,verified
2014,400548000,49.5,49.0,0.5,cross_validated_vs_cfbd,verified
2014,400548172,58.5,58.0,0.5,cross_validated_vs_cfbd,verified
2014,400547968,51.75,50.5,1.25,cross_validated_vs_cfbd,source_variance
2014,400547975,63.75,64.0,0.25,cross_validated_vs_cfbd,verified
2014,400548097,,47.0,,sbro_heuristic_only_unvalidated,single_source
2014,400548009,,54.5,,sbro_heuristic_only_unvalidated,single_source
2014,400547836,,47.5,,sbro_heuristic_only_unvalidated,single_source
2014,400548102,,61.0,,sbro_heuristic_only_unvalidated,single_source
2014,400548104,52.75,53.5,0.75,cross_validated_vs_cfbd,source_variance
2014,400547953,,57.0,,sbro_heuristic_only_unvalidated,single_source
2014,400548186,,67.5,,sbro_heuristic_only_unvalidated,single_source
2014,400547826,,46.5,,sbro_heuristic_only_unvalidated,single_source
2014,400547652,,57.0,,sbro_heuristic_only_unvalidated,single_source
2014,400547944,,56.0,,sbro_heuristic_only_unvalidated,single_source
2014,400548385,,63.5,,sbro_heuristic_only_unvalidated,single_source
2014,400548002,,63.0,,sbro_heuristic_only_unvalidated,single_source
2014,400548029,,60.5,,sbro_heuristic_only_unvalidated,single_source
2014,400548204,,53.0,,sbro_heuristic_only_unvalidated,single_source
2014,400548283,,67.0,,sbro_heuristic_only_unvalidated,single_source
2014,400548215,,57.0,,sbro_heuristic_only_unvalidated,single_source
2014,400548220,,47.0,,sbro_heuristic_only_unvalidated,single_source
2014,400548350,,56.0,,sbro_heuristic_only_unvalidated,single_source
2014,400547769,,55.0,,sbro_heuristic_only_unvalidated,single_source
2014,400548155,,56.0,,sbro_heuristic_only_unvalidated,single_source
2014,400548248,,46.5,,sbro_heuristic_only_unvalidated,single_source
2014,400547770,,62.0,,sbro_heuristic_only_unvalidated,single_source
2014,400548308,,63.5,,sbro_heuristic_only_unvalidated,single_source
2014,400547712,,49.0,,sbro_heuristic_only_unvalidated,single_source
2014,400548075,,47.5,,sbro_heuristic_only_unvalidated,single_source
2014,400548332,,45.5,,sbro_heuristic_only_unvalidated,single_source
2014,400548239,,56.5,,sbro_heuristic_only_unvalidated,single_source
2014,400548158,,47.0,,sbro_heuristic_only_unvalidated,single_source
2014,400548093,,29.0,,sbro_heuristic_only_unvalidated,single_source
2014,400547838,,34.0,,sbro_heuristic_only_unvalidated,single_source
2014,400547780,,35.0,,sbro_heuristic_only_unvalidated,single_source
2014,400548100,,5.5,,sbro_heuristic_only_unvalidated,single_source
2014,400548397,,46.5,,sbro_heuristic_only_unvalidated,single_source
2014,400547804,,41.0,,sbro_heuristic_only_unvalidated,single_source
2014,400547842,,46.5,,sbro_heuristic_only_unvalidated,single_source
2014,400548393,,41.5,,sbro_heuristic_only_unvalidated,single_source
2014,400548423,,3.0,,sbro_heuristic_only_unvalidated,single_source
2014,400548372,,20.0,,sbro_heuristic_only_unvalidated,single_source
2014,400548371,,25.0,,sbro_heuristic_only_unvalidated,single_source
2014,400547808,,,,,missing
2014,400548012,,16.0,,sbro_heuristic_only_unvalidated,single_source
2014,400547731,,23.0,,sbro_heuristic_only_unvalidated,single_source
2014,400547643,,39.5,,sbro_heuristic_only_unvalidated,single_source
2014,400548174,,24.5,,sbro_heuristic_only_unvalidated,single_source
2014,400548190,,55.0,,sbro_heuristic_only_unvalidated,single_source
2014,400547977,,25.5,,sbro_heuristic_only_unvalidated,single_source
2014,400547991,,3.0,,sbro_heuristic_only_unvalidated,single_source
2014,400547667,,23.5,,sbro_heuristic_only_unvalidated,single_source
2014,400547645,,39.5,,sbro_heuristic_only_unvalidated,single_source
2014,400548118,,7.0,,sbro_heuristic_only_unvalidated,single_source
2014,400547960,,62.5,,sbro_heuristic_only_unvalidated,single_source
2014,400547840,,7.0,,sbro_heuristic_only_unvalidated,single_source
2014,400548403,,54.0,,sbro_heuristic_only_unvalidated,single_source
2015,400764857,,58.0,,sbro_heuristic_only_unvalidated,single_source
2015,400763400,,60.0,,sbro_heuristic_only_unvalidated,single_source
2015,400756890,,73.5,,sbro_heuristic_only_unvalidated,single_source
2015,400764858,,55.0,,sbro_heuristic_only_unvalidated,single_source
2015,400787114,,59.0,,sbro_heuristic_only_unvalidated,single_source
2015,400791346,,46.5,,sbro_heuristic_only_unvalidated,single_source
2015,400763412,,70.5,,sbro_heuristic_only_unvalidated,single_source
2015,400787302,,57.0,,sbro_heuristic_only_unvalidated,single_source
2015,400756894,,52.0,,sbro_heuristic_only_unvalidated,single_source
2015,400787107,,60.5,,sbro_heuristic_only_unvalidated,single_source
2015,400764855,,69.5,,sbro_heuristic_only_unvalidated,single_source
2015,400763470,,55.5,,sbro_heuristic_only_unvalidated,single_source
2015,400756888,,53.0,,sbro_heuristic_only_unvalidated,single_source
2015,400787345,,43.5,,sbro_heuristic_only_unvalidated,single_source
2015,400763646,,56.5,,sbro_heuristic_only_unvalidated,single_source
2015,400603827,,44.5,,sbro_heuristic_only_unvalidated,single_source
2015,400852723,,71.5,,sbro_heuristic_only_unvalidated,single_source
2015,400852725,,56.0,,sbro_heuristic_only_unvalidated,single_source
2015,400852730,,51.0,,sbro_heuristic_only_unvalidated,single_source
2015,400852727,,64.5,,sbro_heuristic_only_unvalidated,single_source
2015,400852728,,61.5,,sbro_heuristic_only_unvalidated,single_source
2015,400852729,,49.5,,sbro_heuristic_only_unvalidated,single_source
2015,400852733,,64.0,,sbro_heuristic_only_unvalidated,single_source
2015,400852732,,46.0,,sbro_heuristic_only_unvalidated,single_source
2015,400852731,,57.0,,sbro_heuristic_only_unvalidated,single_source
2015,400852737,,51.5,,sbro_heuristic_only_unvalidated,single_source
2015,400852736,,58.5,,sbro_heuristic_only_unvalidated,single_source
2015,400852738,,,,,missing
2015,400852734,,49.0,,sbro_heuristic_only_unvalidated,single_source
2015,400852735,,40.0,,sbro_heuristic_only_unvalidated,single_source
2015,400852741,73.5,73.5,0.0,cross_validated_vs_cfbd,verified
2015,400852739,,44.0,,sbro_heuristic_only_unvalidated,single_source
2015,400852740,,56.0,,sbro_heuristic_only_unvalidated,single_source
2015,400852742,,61.0,,sbro_heuristic_only_unvalidated,single_source
2015,400852743,,50.5,,sbro_heuristic_only_unvalidated,single_source
2015,400756902,,,,,missing
2015,400763594,,,,,missing
2015,400763416,,59.5,,sbro_heuristic_only_unvalidated,single_source
2015,400787306,,56.5,,sbro_heuristic_only_unvalidated,single_source
2015,400763500,,59.5,,sbro_heuristic_only_unvalidated,single_source
2015,400603863,,63.0,,sbro_heuristic_only_unvalidated,single_source
2015,400763507,,53.0,,sbro_heuristic_only_unvalidated,single_source
2015,400756906,,58.5,,sbro_heuristic_only_unvalidated,single_source
2015,400757020,,,,,missing
2015,400763398,,57.5,,sbro_heuristic_only_unvalidated,single_source
2015,400756882,,,,,missing
2015,400603840,,62.0,,sbro_heuristic_only_unvalidated,single_source
2015,400763593,,44.5,,sbro_heuristic_only_unvalidated,single_source
2015,400763399,,57.5,,sbro_heuristic_only_unvalidated,single_source
2015,400603839,,60.0,,sbro_heuristic_only_unvalidated,single_source
2015,400756883,,44.0,,sbro_heuristic_only_unvalidated,single_source
2015,400852713,,67.0,,sbro_heuristic_only_unvalidated,single_source
2015,400852714,,56.5,,sbro_heuristic_only_unvalidated,single_source
2015,400852715,,44.0,,sbro_heuristic_only_unvalidated,single_source
2015,400852716,,62.5,,sbro_heuristic_only_unvalidated,single_source
2015,400603838,,65.0,,sbro_heuristic_only_unvalidated,single_source
2015,400763404,,56.5,,sbro_heuristic_only_unvalidated,single_source
2015,400756901,,61.5,,sbro_heuristic_only_unvalidated,single_source
2015,400603832,58.0,58.0,0.0,cross_validated_vs_cfbd,verified
2015,400763403,,48.0,,sbro_heuristic_only_unvalidated,single_source
2015,400756900,,,,,missing
2015,400763587,,68.0,,sbro_heuristic_only_unvalidated,single_source
2015,400603830,,54.0,,sbro_heuristic_only_unvalidated,single_source
2015,400763407,,55.0,,sbro_heuristic_only_unvalidated,single_source
2015,400787115,,,,,missing
2015,400756907,,57.0,,sbro_heuristic_only_unvalidated,single_source
2015,400756911,,56.0,,sbro_heuristic_only_unvalidated,single_source
2015,400757019,,46.0,,sbro_heuristic_only_unvalidated,single_source
2015,400760492,,47.5,,sbro_heuristic_only_unvalidated,single_source
2015,400763414,,50.0,,sbro_heuristic_only_unvalidated,single_source
2015,400763502,,70.5,,sbro_heuristic_only_unvalidated,single_source
2015,400763506,,47.5,,sbro_heuristic_only_unvalidated,single_source
2015,400763508,,52.0,,sbro_heuristic_only_unvalidated,single_source
2015,400756916,,41.0,,sbro_heuristic_only_unvalidated,single_source
2015,400757016,,61.0,,sbro_heuristic_only_unvalidated,single_source
2015,400787119,,52.0,,sbro_heuristic_only_unvalidated,single_source
2015,400763409,,47.5,,sbro_heuristic_only_unvalidated,single_source
2015,400757022,,59.0,,sbro_heuristic_only_unvalidated,single_source
2015,400756915,,50.0,,sbro_heuristic_only_unvalidated,single_source
2015,400787308,,56.5,,sbro_heuristic_only_unvalidated,single_source
2015,400603864,,53.5,,sbro_heuristic_only_unvalidated,single_source
2015,400763410,,63.0,,sbro_heuristic_only_unvalidated,single_source
2015,400763595,,53.0,,sbro_heuristic_only_unvalidated,single_source
2015,400763597,60.0,59.5,0.5,cross_validated_vs_cfbd,verified
2015,400787419,,54.0,,sbro_heuristic_only_unvalidated,single_source
2015,400603867,,55.5,,sbro_heuristic_only_unvalidated,single_source
2015,400763413,,49.5,,sbro_heuristic_only_unvalidated,single_source
2015,400763501,,56.0,,sbro_heuristic_only_unvalidated,single_source
2015,400763503,,54.0,,sbro_heuristic_only_unvalidated,single_source
2015,400764862,,55.5,,sbro_heuristic_only_unvalidated,single_source
2015,400764863,,71.5,,sbro_heuristic_only_unvalidated,single_source
2015,400787415,,64.0,,sbro_heuristic_only_unvalidated,single_source
2015,400787117,,58.5,,sbro_heuristic_only_unvalidated,single_source
2015,400757023,,46.0,,sbro_heuristic_only_unvalidated,single_source
2015,400756919,54.0,54.0,0.0,cross_validated_vs_cfbd,verified
2015,400756920,,47.5,,sbro_heuristic_only_unvalidated,single_source
2015,400787241,,63.5,,sbro_heuristic_only_unvalidated,single_source
2015,400763514,,67.5,,sbro_heuristic_only_unvalidated,single_source
2015,400603850,,52.0,,sbro_heuristic_only_unvalidated,single_source
2015,400763420,,69.0,,sbro_heuristic_only_unvalidated,single_source
2015,400763512,,54.5,,sbro_heuristic_only_unvalidated,single_source
2015,400757026,,50.5,,sbro_heuristic_only_unvalidated,single_source
2015,400603852,,54.0,,sbro_heuristic_only_unvalidated,single_source
2015,400756922,,56.5,,sbro_heuristic_only_unvalidated,single_source
2015,400757027,,58.0,,sbro_heuristic_only_unvalidated,single_source
2015,400757030,,71.0,,sbro_heuristic_only_unvalidated,single_source
2015,400603854,,50.0,,sbro_heuristic_only_unvalidated,single_source
2015,400763418,,70.5,,sbro_heuristic_only_unvalidated,single_source
2015,400603858,,64.5,,sbro_heuristic_only_unvalidated,single_source
2015,400757029,,53.0,,sbro_heuristic_only_unvalidated,single_source
2015,400603856,,41.0,,sbro_heuristic_only_unvalidated,single_source
2015,400756921,,50.0,,sbro_heuristic_only_unvalidated,single_source
2015,400763516,,59.0,,sbro_heuristic_only_unvalidated,single_source
2015,400763419,,56.0,,sbro_heuristic_only_unvalidated,single_source
2015,400756924,,63.0,,sbro_heuristic_only_unvalidated,single_source
2015,400756930,,49.5,,sbro_heuristic_only_unvalidated,single_source
2015,400763510,,52.0,,sbro_heuristic_only_unvalidated,single_source
2015,400763511,,50.0,,sbro_heuristic_only_unvalidated,single_source
2015,400763513,,47.0,,sbro_heuristic_only_unvalidated,single_source
2015,400763600,59.5,59.5,0.0,cross_validated_vs_cfbd,verified
2015,400756927,,47.0,,sbro_heuristic_only_unvalidated,single_source
2015,400763605,,53.0,,sbro_heuristic_only_unvalidated,single_source
2015,400763417,,52.0,,sbro_heuristic_only_unvalidated,single_source
2015,400764864,,71.5,,sbro_heuristic_only_unvalidated,single_source
2015,400764869,,55.0,,sbro_heuristic_only_unvalidated,single_source
2015,400787311,,61.5,,sbro_heuristic_only_unvalidated,single_source
2015,400756923,,59.0,,sbro_heuristic_only_unvalidated,single_source
2015,400756929,,49.0,,sbro_heuristic_only_unvalidated,single_source
2015,400764865,,59.5,,sbro_heuristic_only_unvalidated,single_source
2015,400787418,,73.0,,sbro_heuristic_only_unvalidated,single_source
2015,400756908,,60.5,,sbro_heuristic_only_unvalidated,single_source
2015,400756913,,66.0,,sbro_heuristic_only_unvalidated,single_source
2015,400787305,,43.0,,sbro_heuristic_only_unvalidated,single_source
2015,400756928,,45.0,,sbro_heuristic_only_unvalidated,single_source
2015,400763598,,49.5,,sbro_heuristic_only_unvalidated,single_source
2015,400756918,,44.0,,sbro_heuristic_only_unvalidated,single_source
2015,400787307,,,,,missing
2015,400763504,,50.0,,sbro_heuristic_only_unvalidated,single_source
2015,400756893,,64.5,,sbro_heuristic_only_unvalidated,single_source
2015,400787120,,61.5,,sbro_heuristic_only_unvalidated,single_source
2015,400757024,,,,,missing
2015,400756914,,59.0,,sbro_heuristic_only_unvalidated,single_source
2015,400764866,,58.5,,sbro_heuristic_only_unvalidated,single_source
2015,400763509,,72.0,,sbro_heuristic_only_unvalidated,single_source
2015,400757032,,,,,missing
2015,400603851,,69.0,,sbro_heuristic_only_unvalidated,single_source
2015,400756925,,57.0,,sbro_heuristic_only_unvalidated,single_source
2015,400757028,,56.0,,sbro_heuristic_only_unvalidated,single_source
2015,400763603,,65.5,,sbro_heuristic_only_unvalidated,single_source
2015,400763606,,66.5,,sbro_heuristic_only_unvalidated,single_source
2015,400603853,,53.0,,sbro_heuristic_only_unvalidated,single_source
2015,400757034,,58.0,,sbro_heuristic_only_unvalidated,single_source
2015,400756926,,48.5,,sbro_heuristic_only_unvalidated,single_source
2015,400757031,,50.0,,sbro_heuristic_only_unvalidated,single_source
2015,400763421,,58.0,,sbro_heuristic_only_unvalidated,single_source
2015,400763515,,47.0,,sbro_heuristic_only_unvalidated,single_source
2015,400763604,,60.0,,sbro_heuristic_only_unvalidated,single_source
2015,400787243,,47.5,,sbro_heuristic_only_unvalidated,single_source
2015,400757033,,66.5,,sbro_heuristic_only_unvalidated,single_source
2015,400764870,,70.5,,sbro_heuristic_only_unvalidated,single_source
2015,400757035,,47.0,,sbro_heuristic_only_unvalidated,single_source
2015,400756931,,48.5,,sbro_heuristic_only_unvalidated,single_source
2015,400763524,,62.0,,sbro_heuristic_only_unvalidated,single_source
2015,400763520,,55.5,,sbro_heuristic_only_unvalidated,single_source
2015,400763425,,83.5,,sbro_heuristic_only_unvalidated,single_source
2015,400603847,,,,,missing
2015,400763422,,74.0,,sbro_heuristic_only_unvalidated,single_source
2015,400763583,,61.5,,sbro_heuristic_only_unvalidated,single_source
2015,400603845,,73.5,,sbro_heuristic_only_unvalidated,single_source
2015,400603849,,46.0,,sbro_heuristic_only_unvalidated,single_source
2015,400757036,,,,,missing
2015,400603841,,53.5,,sbro_heuristic_only_unvalidated,single_source
2015,400757039,,63.0,,sbro_heuristic_only_unvalidated,single_source
2015,400603842,,61.5,,sbro_heuristic_only_unvalidated,single_source
2015,400763523,,48.5,,sbro_heuristic_only_unvalidated,single_source
2015,400757037,,62.0,,sbro_heuristic_only_unvalidated,single_source
2015,400756933,,55.5,,sbro_heuristic_only_unvalidated,single_source
2015,400763519,,48.5,,sbro_heuristic_only_unvalidated,single_source
2015,400763527,,52.5,,sbro_heuristic_only_unvalidated,single_source
2015,400787420,,61.0,,sbro_heuristic_only_unvalidated,single_source
2015,400764867,,39.0,,sbro_heuristic_only_unvalidated,single_source
2015,400603859,,54.0,,sbro_heuristic_only_unvalidated,single_source
2015,400763601,,46.0,,sbro_heuristic_only_unvalidated,single_source
2015,400787442,,62.0,,sbro_heuristic_only_unvalidated,single_source
2015,400787242,,54.5,,sbro_heuristic_only_unvalidated,single_source
2015,400764868,,52.5,,sbro_heuristic_only_unvalidated,single_source
2015,400763424,,61.0,,sbro_heuristic_only_unvalidated,single_source
2015,400603846,,44.0,,sbro_heuristic_only_unvalidated,single_source
2015,400603848,,45.0,,sbro_heuristic_only_unvalidated,single_source
2015,400763423,,63.0,,sbro_heuristic_only_unvalidated,single_source
2015,400763522,,65.0,,sbro_heuristic_only_unvalidated,single_source
2015,400763526,,74.5,,sbro_heuristic_only_unvalidated,single_source
2015,400756938,,54.0,,sbro_heuristic_only_unvalidated,single_source
2015,400756932,,44.5,,sbro_heuristic_only_unvalidated,single_source
2015,400763609,,55.5,,sbro_heuristic_only_unvalidated,single_source
2015,400763426,,57.0,,sbro_heuristic_only_unvalidated,single_source
2015,400787246,,59.0,,sbro_heuristic_only_unvalidated,single_source
2015,400603844,,51.5,,sbro_heuristic_only_unvalidated,single_source
2015,400756937,,50.5,,sbro_heuristic_only_unvalidated,single_source
2015,400763518,,54.0,,sbro_heuristic_only_unvalidated,single_source
2015,400763521,,47.0,,sbro_heuristic_only_unvalidated,single_source
2015,400763525,,40.0,,sbro_heuristic_only_unvalidated,single_source
2015,400763608,,47.0,,sbro_heuristic_only_unvalidated,single_source
2015,400763610,,54.5,,sbro_heuristic_only_unvalidated,single_source
2015,400763613,,66.5,,sbro_heuristic_only_unvalidated,single_source
2015,400787245,53.25,53.0,0.25,cross_validated_vs_cfbd,verified
2015,400763517,,61.5,,sbro_heuristic_only_unvalidated,single_source
2015,400757040,,,,,missing
2015,400760493,,55.0,,sbro_heuristic_only_unvalidated,single_source
2015,400763612,,56.0,,sbro_heuristic_only_unvalidated,single_source
2015,400787313,53.75,53.5,0.25,cross_validated_vs_cfbd,verified
2015,400787314,,58.0,,sbro_heuristic_only_unvalidated,single_source
2015,400603843,,59.0,,sbro_heuristic_only_unvalidated,single_source
2015,400756936,,55.5,,sbro_heuristic_only_unvalidated,single_source
2015,400764872,,73.0,,sbro_heuristic_only_unvalidated,single_source
2015,400787443,,66.5,,sbro_heuristic_only_unvalidated,single_source
2015,400787244,,52.0,,sbro_heuristic_only_unvalidated,single_source
2015,400764873,,70.0,,sbro_heuristic_only_unvalidated,single_source
2015,400763614,,43.5,,sbro_heuristic_only_unvalidated,single_source
2015,400764875,,57.5,,sbro_heuristic_only_unvalidated,single_source
2015,400764874,,44.0,,sbro_heuristic_only_unvalidated,single_source
2015,400763529,,65.0,,sbro_heuristic_only_unvalidated,single_source
2015,400763531,,53.0,,sbro_heuristic_only_unvalidated,single_source
2015,400603878,,50.5,,sbro_heuristic_only_unvalidated,single_source
2015,400763430,,72.0,,sbro_heuristic_only_unvalidated,single_source
2015,400763431,,88.5,,sbro_heuristic_only_unvalidated,single_source
2015,400756935,,58.0,,sbro_heuristic_only_unvalidated,single_source
2015,400756934,,56.5,,sbro_heuristic_only_unvalidated,single_source
2015,400787247,,65.0,,sbro_heuristic_only_unvalidated,single_source
2015,400768337,,76.5,,sbro_heuristic_only_unvalidated,single_source
2015,400756940,48.5,49.0,0.5,cross_validated_vs_cfbd,verified
2015,400757042,,61.5,,sbro_heuristic_only_unvalidated,single_source
2015,400603879,50.75,51.0,0.25,cross_validated_vs_cfbd,verified
2015,400603881,,63.5,,sbro_heuristic_only_unvalidated,single_source
2015,400756941,,46.0,,sbro_heuristic_only_unvalidated,single_source
2015,400603885,,63.0,,sbro_heuristic_only_unvalidated,single_source
2015,400763428,,60.5,,sbro_heuristic_only_unvalidated,single_source
2015,400763532,,40.5,,sbro_heuristic_only_unvalidated,single_source
2015,400757041,,59.0,,sbro_heuristic_only_unvalidated,single_source
2015,400763533,,46.5,,sbro_heuristic_only_unvalidated,single_source
2015,400763429,,48.0,,sbro_heuristic_only_unvalidated,single_source
2015,400763530,,46.5,,sbro_heuristic_only_unvalidated,single_source
2015,400757044,,73.0,,sbro_heuristic_only_unvalidated,single_source
2015,400603883,,42.5,,sbro_heuristic_only_unvalidated,single_source
2015,400760494,,44.0,,sbro_heuristic_only_unvalidated,single_source
2015,400763427,,59.5,,sbro_heuristic_only_unvalidated,single_source
2015,400764878,,44.0,,sbro_heuristic_only_unvalidated,single_source
2015,400764879,,79.5,,sbro_heuristic_only_unvalidated,single_source
2015,400756943,,47.5,,sbro_heuristic_only_unvalidated,single_source
2015,400787316,,44.5,,sbro_heuristic_only_unvalidated,single_source
2015,400763620,57.0,58.0,1.0,cross_validated_vs_cfbd,source_variance
2015,400787315,,51.0,,sbro_heuristic_only_unvalidated,single_source
2015,400787317,,54.5,,sbro_heuristic_only_unvalidated,single_source
2015,400756939,,37.5,,sbro_heuristic_only_unvalidated,single_source
2015,400756942,,62.5,,sbro_heuristic_only_unvalidated,single_source
2015,400763616,,54.0,,sbro_heuristic_only_unvalidated,single_source
2015,400763617,,69.0,,sbro_heuristic_only_unvalidated,single_source
2015,400764876,,49.5,,sbro_heuristic_only_unvalidated,single_source
2015,400787253,,52.5,,sbro_heuristic_only_unvalidated,single_source
2015,400787318,,67.5,,sbro_heuristic_only_unvalidated,single_source
2015,400787319,,43.0,,sbro_heuristic_only_unvalidated,single_source
2015,400603877,,56.5,,sbro_heuristic_only_unvalidated,single_source
2015,400764877,,64.5,,sbro_heuristic_only_unvalidated,single_source
2015,400763528,,57.0,,sbro_heuristic_only_unvalidated,single_source
2015,400603882,,49.5,,sbro_heuristic_only_unvalidated,single_source
2015,400603884,,54.0,,sbro_heuristic_only_unvalidated,single_source
2015,400763615,59.25,60.0,0.75,cross_validated_vs_cfbd,source_variance
2015,400763618,,66.5,,sbro_heuristic_only_unvalidated,single_source
2015,400787249,,51.0,,sbro_heuristic_only_unvalidated,single_source
2015,400787251,,56.0,,sbro_heuristic_only_unvalidated,single_source
2015,400787444,,60.5,,sbro_heuristic_only_unvalidated,single_source
2015,400787445,,,,,missing
2015,400787447,,60.5,,sbro_heuristic_only_unvalidated,single_source
2015,400763619,,58.0,,sbro_heuristic_only_unvalidated,single_source
2015,400787252,,66.0,,sbro_heuristic_only_unvalidated,single_source
2015,400787248,,56.5,,sbro_heuristic_only_unvalidated,single_source
2015,400787250,,51.5,,sbro_heuristic_only_unvalidated,single_source
2015,400757043,,69.0,,sbro_heuristic_only_unvalidated,single_source
2015,400757045,,59.5,,sbro_heuristic_only_unvalidated,single_source
2015,400764880,,70.0,,sbro_heuristic_only_unvalidated,single_source
2015,400763623,,57.5,,sbro_heuristic_only_unvalidated,single_source
2015,400756946,,44.5,,sbro_heuristic_only_unvalidated,single_source
2015,400763537,,57.5,,sbro_heuristic_only_unvalidated,single_source
2015,400763432,,77.5,,sbro_heuristic_only_unvalidated,single_source
2015,400763540,,56.0,,sbro_heuristic_only_unvalidated,single_source
2015,400757048,,61.0,,sbro_heuristic_only_unvalidated,single_source
2015,400756948,,52.5,,sbro_heuristic_only_unvalidated,single_source
2015,400603903,,50.5,,sbro_heuristic_only_unvalidated,single_source
2015,400603899,,48.0,,sbro_heuristic_only_unvalidated,single_source
2015,400763434,,60.0,,sbro_heuristic_only_unvalidated,single_source
2015,400603901,,39.0,,sbro_heuristic_only_unvalidated,single_source
2015,400756950,,54.0,,sbro_heuristic_only_unvalidated,single_source
2015,400763535,,38.0,,sbro_heuristic_only_unvalidated,single_source
2015,400603902,,,,,missing
2015,400763584,,59.0,,sbro_heuristic_only_unvalidated,single_source
2015,400603904,,60.0,,sbro_heuristic_only_unvalidated,single_source
2015,400763436,,63.0,,sbro_heuristic_only_unvalidated,single_source
2015,400763534,,47.0,,sbro_heuristic_only_unvalidated,single_source
2015,400787320,,45.0,,sbro_heuristic_only_unvalidated,single_source
2015,400787255,,60.0,,sbro_heuristic_only_unvalidated,single_source
2015,400756949,,48.0,,sbro_heuristic_only_unvalidated,single_source
2015,400763538,,52.0,,sbro_heuristic_only_unvalidated,single_source
2015,400763622,,46.5,,sbro_heuristic_only_unvalidated,single_source
2015,400763626,,70.0,,sbro_heuristic_only_unvalidated,single_source
2015,400764882,,44.5,,sbro_heuristic_only_unvalidated,single_source
2015,400787323,,51.5,,sbro_heuristic_only_unvalidated,single_source
2015,400756951,,,,,missing
2015,400787321,,79.0,,sbro_heuristic_only_unvalidated,single_source
2015,400787325,,50.5,,sbro_heuristic_only_unvalidated,single_source
2015,400763621,,56.5,,sbro_heuristic_only_unvalidated,single_source
2015,400756947,,35.0,,sbro_heuristic_only_unvalidated,single_source
2015,400787322,,52.5,,sbro_heuristic_only_unvalidated,single_source
2015,400756952,,46.0,,sbro_heuristic_only_unvalidated,single_source
2015,400763435,,72.0,,sbro_heuristic_only_unvalidated,single_source
2015,400763536,,51.0,,sbro_heuristic_only_unvalidated,single_source
2015,400763539,,47.5,,sbro_heuristic_only_unvalidated,single_source
2015,400787324,,,,,missing
2015,400787448,,61.0,,sbro_heuristic_only_unvalidated,single_source
2015,400764884,,38.0,,sbro_heuristic_only_unvalidated,single_source
2015,400603900,,59.0,,sbro_heuristic_only_unvalidated,single_source
2015,400757046,,,,,missing
2015,400757049,,71.0,,sbro_heuristic_only_unvalidated,single_source
2015,400764883,,65.5,,sbro_heuristic_only_unvalidated,single_source
2015,400763625,,54.0,,sbro_heuristic_only_unvalidated,single_source
2015,400787258,,54.0,,sbro_heuristic_only_unvalidated,single_source
2015,400787449,68.0,67.0,1.0,cross_validated_vs_cfbd,source_variance
2015,400764881,,60.0,,sbro_heuristic_only_unvalidated,single_source
2015,400787259,50.5,51.0,0.5,cross_validated_vs_cfbd,verified
2015,400757047,,57.0,,sbro_heuristic_only_unvalidated,single_source
2015,400787254,,56.5,,sbro_heuristic_only_unvalidated,single_source
2015,400787256,,49.5,,sbro_heuristic_only_unvalidated,single_source
2015,400787257,,45.0,,sbro_heuristic_only_unvalidated,single_source
2015,400787450,,58.0,,sbro_heuristic_only_unvalidated,single_source
2015,400603898,,56.0,,sbro_heuristic_only_unvalidated,single_source
2015,400763629,,72.5,,sbro_heuristic_only_unvalidated,single_source
2015,400790882,,50.5,,sbro_heuristic_only_unvalidated,single_source
2015,400764885,,57.5,,sbro_heuristic_only_unvalidated,single_source
2015,400790883,49.0,49.0,0.0,cross_validated_vs_cfbd,verified
2015,400763545,,50.0,,sbro_heuristic_only_unvalidated,single_source
2015,400763437,,76.0,,sbro_heuristic_only_unvalidated,single_source
2015,400763438,,68.0,,sbro_heuristic_only_unvalidated,single_source
2015,400757052,,51.5,,sbro_heuristic_only_unvalidated,single_source
2015,400756953,,38.0,,sbro_heuristic_only_unvalidated,single_source
2015,400603893,,43.5,,sbro_heuristic_only_unvalidated,single_source
2015,400763542,,42.5,,sbro_heuristic_only_unvalidated,single_source
2015,400603897,,55.0,,sbro_heuristic_only_unvalidated,single_source
2015,400756954,,46.0,,sbro_heuristic_only_unvalidated,single_source
2015,400603894,,72.5,,sbro_heuristic_only_unvalidated,single_source
2015,400757053,,61.5,,sbro_heuristic_only_unvalidated,single_source
2015,400763544,,41.0,,sbro_heuristic_only_unvalidated,single_source
2015,400763440,,53.5,,sbro_heuristic_only_unvalidated,single_source
2015,400787330,,64.0,,sbro_heuristic_only_unvalidated,single_source
2015,400603895,,60.0,,sbro_heuristic_only_unvalidated,single_source
2015,400763439,,74.5,,sbro_heuristic_only_unvalidated,single_source
2015,400763546,,51.0,,sbro_heuristic_only_unvalidated,single_source
2015,400763627,,47.0,,sbro_heuristic_only_unvalidated,single_source
2015,400763628,,52.5,,sbro_heuristic_only_unvalidated,single_source
2015,400764887,,44.0,,sbro_heuristic_only_unvalidated,single_source
2015,400764888,,77.0,,sbro_heuristic_only_unvalidated,single_source
2015,400787328,,54.0,,sbro_heuristic_only_unvalidated,single_source
2015,400756955,,48.5,,sbro_heuristic_only_unvalidated,single_source
2015,400787332,,55.5,,sbro_heuristic_only_unvalidated,single_source
2015,400787327,,54.5,,sbro_heuristic_only_unvalidated,single_source
2015,400787329,,63.0,,sbro_heuristic_only_unvalidated,single_source
2015,400787331,,62.5,,sbro_heuristic_only_unvalidated,single_source
2015,400756956,,51.5,,sbro_heuristic_only_unvalidated,single_source
2015,400756958,,50.5,,sbro_heuristic_only_unvalidated,single_source
2015,400763541,,66.5,,sbro_heuristic_only_unvalidated,single_source
2015,400763543,,47.0,,sbro_heuristic_only_unvalidated,single_source
2015,400763630,,50.0,,sbro_heuristic_only_unvalidated,single_source
2015,400787260,54.5,55.0,0.5,cross_validated_vs_cfbd,verified
2015,400787326,,55.0,,sbro_heuristic_only_unvalidated,single_source
2015,400787453,,62.5,,sbro_heuristic_only_unvalidated,single_source
2015,400603896,,45.5,,sbro_heuristic_only_unvalidated,single_source
2015,400757055,,63.0,,sbro_heuristic_only_unvalidated,single_source
2015,400787264,,56.0,,sbro_heuristic_only_unvalidated,single_source
2015,400787452,,62.5,,sbro_heuristic_only_unvalidated,single_source
2015,400756957,,53.0,,sbro_heuristic_only_unvalidated,single_source
2015,400763631,,56.5,,sbro_heuristic_only_unvalidated,single_source
2015,400787262,,51.5,,sbro_heuristic_only_unvalidated,single_source
2015,400787451,,,,,missing
2015,400603892,,48.5,,sbro_heuristic_only_unvalidated,single_source
2015,400764889,,42.5,,sbro_heuristic_only_unvalidated,single_source
2015,400757051,,68.0,,sbro_heuristic_only_unvalidated,single_source
2015,400757054,58.75,,,,single_source
2015,400787265,,48.0,,sbro_heuristic_only_unvalidated,single_source
2015,400764890,,48.0,,sbro_heuristic_only_unvalidated,single_source
2015,400787455,,59.5,,sbro_heuristic_only_unvalidated,single_source
2015,400764891,,75.5,,sbro_heuristic_only_unvalidated,single_source
2015,400790884,,44.5,,sbro_heuristic_only_unvalidated,single_source
2015,400763551,,64.5,,sbro_heuristic_only_unvalidated,single_source
2015,400763441,,74.5,,sbro_heuristic_only_unvalidated,single_source
2015,400757058,,57.0,,sbro_heuristic_only_unvalidated,single_source
2015,400603888,,63.5,,sbro_heuristic_only_unvalidated,single_source
2015,400756960,,56.0,,sbro_heuristic_only_unvalidated,single_source
2015,400763549,,59.5,,sbro_heuristic_only_unvalidated,single_source
2015,400603886,,48.5,,sbro_heuristic_only_unvalidated,single_source
2015,400756962,,55.5,,sbro_heuristic_only_unvalidated,single_source
2015,400757060,,47.5,,sbro_heuristic_only_unvalidated,single_source
2015,400763443,,56.5,,sbro_heuristic_only_unvalidated,single_source
2015,400603890,,,,,missing
2015,400763442,,72.0,,sbro_heuristic_only_unvalidated,single_source
2015,400764895,,52.5,,sbro_heuristic_only_unvalidated,single_source
2015,400756961,,46.0,,sbro_heuristic_only_unvalidated,single_source
2015,400756965,,49.0,,sbro_heuristic_only_unvalidated,single_source
2015,400603887,,55.5,,sbro_heuristic_only_unvalidated,single_source
2015,400756964,,43.5,,sbro_heuristic_only_unvalidated,single_source
2015,400760496,,53.0,,sbro_heuristic_only_unvalidated,single_source
2015,400763444,,46.5,,sbro_heuristic_only_unvalidated,single_source
2015,400763550,,50.5,,sbro_heuristic_only_unvalidated,single_source
2015,400763632,,63.5,,sbro_heuristic_only_unvalidated,single_source
2015,400756959,,37.0,,sbro_heuristic_only_unvalidated,single_source
2015,400764893,,56.5,,sbro_heuristic_only_unvalidated,single_source
2015,400787334,,58.5,,sbro_heuristic_only_unvalidated,single_source
2015,400787266,,54.5,,sbro_heuristic_only_unvalidated,single_source
2015,400787337,,55.0,,sbro_heuristic_only_unvalidated,single_source
2015,400787336,,56.0,,sbro_heuristic_only_unvalidated,single_source
2015,400756963,,58.0,,sbro_heuristic_only_unvalidated,single_source
2015,400763547,,47.0,,sbro_heuristic_only_unvalidated,single_source
2015,400763548,,46.0,,sbro_heuristic_only_unvalidated,single_source
2015,400763634,,62.5,,sbro_heuristic_only_unvalidated,single_source
2015,400763635,,56.5,,sbro_heuristic_only_unvalidated,single_source
2015,400787333,,53.5,,sbro_heuristic_only_unvalidated,single_source
2015,400787335,,,,,missing
2015,400603891,,34.0,,sbro_heuristic_only_unvalidated,single_source
2015,400757057,,,,,missing
2015,400764894,,61.5,,sbro_heuristic_only_unvalidated,single_source
2015,400787268,,54.0,,sbro_heuristic_only_unvalidated,single_source
2015,400764892,,58.0,,sbro_heuristic_only_unvalidated,single_source
2015,400787456,,57.0,,sbro_heuristic_only_unvalidated,single_source
2015,400763633,,53.0,,sbro_heuristic_only_unvalidated,single_source
2015,400763636,,53.5,,sbro_heuristic_only_unvalidated,single_source
2015,400787269,,56.0,,sbro_heuristic_only_unvalidated,single_source
2015,400787458,,62.5,,sbro_heuristic_only_unvalidated,single_source
2015,400603889,,59.5,,sbro_heuristic_only_unvalidated,single_source
2015,400787457,,59.0,,sbro_heuristic_only_unvalidated,single_source
2015,400787267,,59.5,,sbro_heuristic_only_unvalidated,single_source
2015,400757059,,59.5,,sbro_heuristic_only_unvalidated,single_source
2015,400763445,,72.0,,sbro_heuristic_only_unvalidated,single_source
2015,400756966,,,,,missing
2015,400787339,,65.5,,sbro_heuristic_only_unvalidated,single_source
2015,400787340,,50.0,,sbro_heuristic_only_unvalidated,single_source
2015,400757061,65.25,65.0,0.25,cross_validated_vs_cfbd,verified
2015,400756967,,42.5,,sbro_heuristic_only_unvalidated,single_source
2015,400764896,,51.0,,sbro_heuristic_only_unvalidated,single_source
2015,400763641,,60.5,,sbro_heuristic_only_unvalidated,single_source
2015,400756969,,50.5,,sbro_heuristic_only_unvalidated,single_source
2015,400757066,,60.5,,sbro_heuristic_only_unvalidated,single_source
2015,400763585,,52.5,,sbro_heuristic_only_unvalidated,single_source
2015,400763552,,51.0,,sbro_heuristic_only_unvalidated,single_source
2015,400603873,,49.0,,sbro_heuristic_only_unvalidated,single_source
2015,400763448,,77.5,,sbro_heuristic_only_unvalidated,single_source
2015,400757065,,52.0,,sbro_heuristic_only_unvalidated,single_source
2015,400763447,,59.5,,sbro_heuristic_only_unvalidated,single_source
2015,400763553,,39.0,,sbro_heuristic_only_unvalidated,single_source
2015,400764898,,62.0,,sbro_heuristic_only_unvalidated,single_source
2015,400756971,,52.5,,sbro_heuristic_only_unvalidated,single_source
2015,400603874,,49.5,,sbro_heuristic_only_unvalidated,single_source
2015,400603872,,57.5,,sbro_heuristic_only_unvalidated,single_source
2015,400756970,,51.5,,sbro_heuristic_only_unvalidated,single_source
2015,400757064,,63.0,,sbro_heuristic_only_unvalidated,single_source
2015,400603876,,61.0,,sbro_heuristic_only_unvalidated,single_source
2015,400763554,,44.5,,sbro_heuristic_only_unvalidated,single_source
2015,400763555,,54.0,,sbro_heuristic_only_unvalidated,single_source
2015,400763556,,50.5,,sbro_heuristic_only_unvalidated,single_source
2015,400763640,,66.0,,sbro_heuristic_only_unvalidated,single_source
2015,400764897,,61.5,,sbro_heuristic_only_unvalidated,single_source
2015,400764899,,51.0,,sbro_heuristic_only_unvalidated,single_source
2015,400756968,,36.5,,sbro_heuristic_only_unvalidated,single_source
2015,400787342,,67.5,,sbro_heuristic_only_unvalidated,single_source
2015,400787341,,47.0,,sbro_heuristic_only_unvalidated,single_source
2015,400756972,,51.5,,sbro_heuristic_only_unvalidated,single_source
2015,400757063,,69.0,,sbro_heuristic_only_unvalidated,single_source
2015,400763637,,48.5,,sbro_heuristic_only_unvalidated,single_source
2015,400763638,,51.0,,sbro_heuristic_only_unvalidated,single_source
2015,400787272,,53.5,,sbro_heuristic_only_unvalidated,single_source
2015,400787273,,51.5,,sbro_heuristic_only_unvalidated,single_source
2015,400787460,,55.0,,sbro_heuristic_only_unvalidated,single_source
2015,400764900,,75.0,,sbro_heuristic_only_unvalidated,single_source
2015,400787463,,53.0,,sbro_heuristic_only_unvalidated,single_source
2015,400763446,,50.0,,sbro_heuristic_only_unvalidated,single_source
2015,400763639,,54.5,,sbro_heuristic_only_unvalidated,single_source
2015,400787461,,58.0,,sbro_heuristic_only_unvalidated,single_source
2015,400603875,,60.5,,sbro_heuristic_only_unvalidated,single_source
2015,400787462,,69.5,,sbro_heuristic_only_unvalidated,single_source
2015,400787271,,50.0,,sbro_heuristic_only_unvalidated,single_source
2015,400757062,57.75,,,,single_source
2015,400787343,,62.0,,sbro_heuristic_only_unvalidated,single_source
2015,400787344,,65.5,,sbro_heuristic_only_unvalidated,single_source
2015,400763449,,67.0,,sbro_heuristic_only_unvalidated,single_source
2015,400603911,,42.0,,sbro_heuristic_only_unvalidated,single_source
2015,400787346,,61.5,,sbro_heuristic_only_unvalidated,single_source
2015,400787464,,55.5,,sbro_heuristic_only_unvalidated,single_source
2015,400790886,,54.0,,sbro_heuristic_only_unvalidated,single_source
2015,400764901,,50.0,,sbro_heuristic_only_unvalidated,single_source
2015,400790887,,54.5,,sbro_heuristic_only_unvalidated,single_source
2015,400756974,,55.0,,sbro_heuristic_only_unvalidated,single_source
2015,400603905,,46.0,,sbro_heuristic_only_unvalidated,single_source
2015,400763562,,53.5,,sbro_heuristic_only_unvalidated,single_source
2015,400756978,,,,,missing
2015,400763560,,56.0,,sbro_heuristic_only_unvalidated,single_source
2015,400763451,,76.0,,sbro_heuristic_only_unvalidated,single_source
2015,400763557,,58.5,,sbro_heuristic_only_unvalidated,single_source
2015,400757070,,55.5,,sbro_heuristic_only_unvalidated,single_source
2015,400757071,43.0,,,,single_source
2015,400764904,,63.5,,sbro_heuristic_only_unvalidated,single_source
2015,400763450,,57.5,,sbro_heuristic_only_unvalidated,single_source
2015,400763559,,49.0,,sbro_heuristic_only_unvalidated,single_source
2015,400603908,,,,,missing
2015,400603910,,59.0,,sbro_heuristic_only_unvalidated,single_source
2015,400763561,,41.0,,sbro_heuristic_only_unvalidated,single_source
2015,400757069,,59.5,,sbro_heuristic_only_unvalidated,single_source
2015,400764903,,71.0,,sbro_heuristic_only_unvalidated,single_source
2015,400603907,,58.0,,sbro_heuristic_only_unvalidated,single_source
2015,400756975,,60.0,,sbro_heuristic_only_unvalidated,single_source
2015,400763453,,81.0,,sbro_heuristic_only_unvalidated,single_source
2015,400763563,,50.0,,sbro_heuristic_only_unvalidated,single_source
2015,400763643,,52.0,,sbro_heuristic_only_unvalidated,single_source
2015,400763648,,67.5,,sbro_heuristic_only_unvalidated,single_source
2015,400764906,,61.0,,sbro_heuristic_only_unvalidated,single_source
2015,400787348,,54.0,,sbro_heuristic_only_unvalidated,single_source
2015,400756973,,37.0,,sbro_heuristic_only_unvalidated,single_source
2015,400756976,,50.5,,sbro_heuristic_only_unvalidated,single_source
2015,400787465,,60.5,,sbro_heuristic_only_unvalidated,single_source
2015,400787347,,62.5,,sbro_heuristic_only_unvalidated,single_source
2015,400756977,,52.5,,sbro_heuristic_only_unvalidated,single_source
2015,400787275,,55.5,,sbro_heuristic_only_unvalidated,single_source
2015,400787466,,61.5,,sbro_heuristic_only_unvalidated,single_source
2015,400757068,,65.0,,sbro_heuristic_only_unvalidated,single_source
2015,400760497,,49.5,,sbro_heuristic_only_unvalidated,single_source
2015,400763558,,49.0,,sbro_heuristic_only_unvalidated,single_source
2015,400763644,,62.0,,sbro_heuristic_only_unvalidated,single_source
2015,400763645,,56.0,,sbro_heuristic_only_unvalidated,single_source
2015,400787278,,57.0,,sbro_heuristic_only_unvalidated,single_source
2015,400787467,,52.0,,sbro_heuristic_only_unvalidated,single_source
2015,400603909,,60.0,,sbro_heuristic_only_unvalidated,single_source
2015,400764905,,44.0,,sbro_heuristic_only_unvalidated,single_source
2015,400787468,,69.0,,sbro_heuristic_only_unvalidated,single_source
2015,400787277,,54.0,,sbro_heuristic_only_unvalidated,single_source
2015,400763647,,52.5,,sbro_heuristic_only_unvalidated,single_source
2015,400764902,,55.0,,sbro_heuristic_only_unvalidated,single_source
2015,400763452,,52.0,,sbro_heuristic_only_unvalidated,single_source
2015,400757067,,69.5,,sbro_heuristic_only_unvalidated,single_source
2015,400757072,,76.0,,sbro_heuristic_only_unvalidated,single_source
2015,400787349,,44.0,,sbro_heuristic_only_unvalidated,single_source
2015,400787350,,54.5,,sbro_heuristic_only_unvalidated,single_source
2015,400787351,,55.0,,sbro_heuristic_only_unvalidated,single_source
2015,400787352,,73.0,,sbro_heuristic_only_unvalidated,single_source
2015,400756979,,50.5,,sbro_heuristic_only_unvalidated,single_source
2015,400787469,,57.5,,sbro_heuristic_only_unvalidated,single_source
2015,400757073,,58.5,,sbro_heuristic_only_unvalidated,single_source
2015,400756980,,57.0,,sbro_heuristic_only_unvalidated,single_source
2015,400603933,,51.0,,sbro_heuristic_only_unvalidated,single_source
2015,400763564,,55.0,,sbro_heuristic_only_unvalidated,single_source
2015,400756985,,52.0,,sbro_heuristic_only_unvalidated,single_source
2015,400757077,,65.5,,sbro_heuristic_only_unvalidated,single_source
2015,400763455,,57.0,,sbro_heuristic_only_unvalidated,single_source
2015,400603932,,54.5,,sbro_heuristic_only_unvalidated,single_source
2015,400757074,,,,,missing
2015,400603934,,47.0,,sbro_heuristic_only_unvalidated,single_source
2015,400763567,,54.5,,sbro_heuristic_only_unvalidated,single_source
2015,400763565,,56.0,,sbro_heuristic_only_unvalidated,single_source
2015,400763456,,71.0,,sbro_heuristic_only_unvalidated,single_source
2015,400756982,,54.5,,sbro_heuristic_only_unvalidated,single_source
2015,400763568,,48.0,,sbro_heuristic_only_unvalidated,single_source
2015,400757076,,65.5,,sbro_heuristic_only_unvalidated,single_source
2015,400764909,,59.5,,sbro_heuristic_only_unvalidated,single_source
2015,400764908,,70.0,,sbro_heuristic_only_unvalidated,single_source
2015,400764910,,44.5,,sbro_heuristic_only_unvalidated,single_source
2015,400756984,,70.0,,sbro_heuristic_only_unvalidated,single_source
2015,400603931,,53.5,,sbro_heuristic_only_unvalidated,single_source
2015,400603935,,66.0,,sbro_heuristic_only_unvalidated,single_source
2015,400756981,,49.0,,sbro_heuristic_only_unvalidated,single_source
2015,400760498,,43.0,,sbro_heuristic_only_unvalidated,single_source
2015,400763458,,52.5,,sbro_heuristic_only_unvalidated,single_source
2015,400763650,,58.0,,sbro_heuristic_only_unvalidated,single_source
2015,400763652,,56.0,,sbro_heuristic_only_unvalidated,single_source
2015,400787353,,42.5,,sbro_heuristic_only_unvalidated,single_source
2015,400756983,,48.0,,sbro_heuristic_only_unvalidated,single_source
2015,400763649,,54.5,,sbro_heuristic_only_unvalidated,single_source
2015,400787280,,50.5,,sbro_heuristic_only_unvalidated,single_source
2015,400757075,,50.5,,sbro_heuristic_only_unvalidated,single_source
2015,400787354,,68.5,,sbro_heuristic_only_unvalidated,single_source
2015,400787471,,,,,missing
2015,400763457,,67.0,,sbro_heuristic_only_unvalidated,single_source
2015,400763569,,64.5,,sbro_heuristic_only_unvalidated,single_source
2015,400763651,,52.5,,sbro_heuristic_only_unvalidated,single_source
2015,400763653,,60.5,,sbro_heuristic_only_unvalidated,single_source
2015,400787472,,58.5,,sbro_heuristic_only_unvalidated,single_source
2015,400603937,,41.5,,sbro_heuristic_only_unvalidated,single_source
2015,400787284,,52.5,,sbro_heuristic_only_unvalidated,single_source
2015,400787473,,64.0,,sbro_heuristic_only_unvalidated,single_source
2015,400787470,,65.5,,sbro_heuristic_only_unvalidated,single_source
2015,400787282,,58.5,,sbro_heuristic_only_unvalidated,single_source
2015,400764907,,76.0,,sbro_heuristic_only_unvalidated,single_source
2015,400785063,,41.5,,sbro_heuristic_only_unvalidated,single_source
2015,400787281,,57.5,,sbro_heuristic_only_unvalidated,single_source
2015,400757078,,63.5,,sbro_heuristic_only_unvalidated,single_source
2015,400787285,,49.0,,sbro_heuristic_only_unvalidated,single_source
2015,400787283,,53.0,,sbro_heuristic_only_unvalidated,single_source
2015,400787356,,72.5,,sbro_heuristic_only_unvalidated,single_source
2015,400787355,,56.0,,sbro_heuristic_only_unvalidated,single_source
2015,400787357,,40.5,,sbro_heuristic_only_unvalidated,single_source
2015,400787358,,,,,missing
2015,400764911,,51.5,,sbro_heuristic_only_unvalidated,single_source
2015,400787474,,58.0,,sbro_heuristic_only_unvalidated,single_source
2015,400764912,,66.5,,sbro_heuristic_only_unvalidated,single_source
2015,400790881,,55.5,,sbro_heuristic_only_unvalidated,single_source
2015,400756987,,49.0,,sbro_heuristic_only_unvalidated,single_source
2015,400763573,,52.5,,sbro_heuristic_only_unvalidated,single_source
2015,400756986,,43.0,,sbro_heuristic_only_unvalidated,single_source
2015,400763570,54.0,54.0,0.0,cross_validated_vs_cfbd,verified
2015,400763462,76.25,76.5,0.25,cross_validated_vs_cfbd,verified
2015,400763461,64.0,64.0,0.0,cross_validated_vs_cfbd,verified
2015,400603924,,45.0,,sbro_heuristic_only_unvalidated,single_source
2015,400757084,,63.5,,sbro_heuristic_only_unvalidated,single_source
2015,400763574,,42.5,,sbro_heuristic_only_unvalidated,single_source
2015,400757081,,56.0,,sbro_heuristic_only_unvalidated,single_source
2015,400603928,,,,,missing
2015,400764916,,65.0,,sbro_heuristic_only_unvalidated,single_source
2015,400756992,,61.0,,sbro_heuristic_only_unvalidated,single_source
2015,400764913,,49.5,,sbro_heuristic_only_unvalidated,single_source
2015,400763575,,41.5,,sbro_heuristic_only_unvalidated,single_source
2015,400764915,,57.0,,sbro_heuristic_only_unvalidated,single_source
2015,400757080,,72.5,,sbro_heuristic_only_unvalidated,single_source
2015,400760499,,55.0,,sbro_heuristic_only_unvalidated,single_source
2015,400763459,,56.0,,sbro_heuristic_only_unvalidated,single_source
2015,400763460,,48.5,,sbro_heuristic_only_unvalidated,single_source
2015,400763571,63.0,64.5,1.5,cross_validated_vs_cfbd,source_conflict
2015,400763572,47.0,47.0,0.0,cross_validated_vs_cfbd,verified
2015,400763655,,64.0,,sbro_heuristic_only_unvalidated,single_source
2015,400756990,,57.0,,sbro_heuristic_only_unvalidated,single_source
2015,400756993,,55.0,,sbro_heuristic_only_unvalidated,single_source
2015,400787359,,55.5,,sbro_heuristic_only_unvalidated,single_source
2015,400787475,,60.5,,sbro_heuristic_only_unvalidated,single_source
2015,400763654,,,,,missing
2015,400787288,,57.5,,sbro_heuristic_only_unvalidated,single_source
2015,400756988,,53.5,,sbro_heuristic_only_unvalidated,single_source
2015,400757079,,67.5,,sbro_heuristic_only_unvalidated,single_source
2015,400763656,,60.5,,sbro_heuristic_only_unvalidated,single_source
2015,400763657,,53.5,,sbro_heuristic_only_unvalidated,single_source
2015,400787290,,54.0,,sbro_heuristic_only_unvalidated,single_source
2015,400787360,,45.0,,sbro_heuristic_only_unvalidated,single_source
2015,400756991,,,,,missing
2015,400603923,,63.5,,sbro_heuristic_only_unvalidated,single_source
2015,400787476,62.5,63.0,0.5,cross_validated_vs_cfbd,verified
2015,400787287,,57.0,,sbro_heuristic_only_unvalidated,single_source
2015,400757083,,49.5,,sbro_heuristic_only_unvalidated,single_source
2015,400603922,,59.5,,sbro_heuristic_only_unvalidated,single_source
2015,400603925,,51.0,,sbro_heuristic_only_unvalidated,single_source
2015,400763658,55.75,56.5,0.75,cross_validated_vs_cfbd,source_variance
2015,400603927,,43.0,,sbro_heuristic_only_unvalidated,single_source
2015,400603926,,56.0,,sbro_heuristic_only_unvalidated,single_source
2015,400603930,,44.0,,sbro_heuristic_only_unvalidated,single_source
2015,400764914,,55.5,,sbro_heuristic_only_unvalidated,single_source
2015,400787291,,50.5,,sbro_heuristic_only_unvalidated,single_source
2015,400757082,,59.5,,sbro_heuristic_only_unvalidated,single_source
2015,400787289,,53.0,,sbro_heuristic_only_unvalidated,single_source
2015,400787361,,76.0,,sbro_heuristic_only_unvalidated,single_source
2015,400787362,,,,,missing
2015,400763463,,71.0,,sbro_heuristic_only_unvalidated,single_source
2015,400764918,,54.5,,sbro_heuristic_only_unvalidated,single_source
2015,400763576,57.75,58.0,0.25,cross_validated_vs_cfbd,verified
2015,400763464,74.75,76.0,1.25,cross_validated_vs_cfbd,source_variance
2015,400764917,,59.0,,sbro_heuristic_only_unvalidated,single_source
2015,400757085,,71.5,,sbro_heuristic_only_unvalidated,single_source
2015,400757086,,,,,missing
2015,400787363,58.25,59.0,0.75,cross_validated_vs_cfbd,source_variance
2015,400756994,54.5,,,,single_source
2015,400763664,,64.0,,sbro_heuristic_only_unvalidated,single_source
2015,400787366,38.25,38.5,0.25,cross_validated_vs_cfbd,verified
2015,400787364,,59.5,,sbro_heuristic_only_unvalidated,single_source
2015,400787477,,58.0,,sbro_heuristic_only_unvalidated,single_source
2015,400603912,,44.0,,sbro_heuristic_only_unvalidated,single_source
2015,400790888,,57.5,,sbro_heuristic_only_unvalidated,single_source
2015,400787365,,55.0,,sbro_heuristic_only_unvalidated,single_source
2015,400756989,,51.0,,sbro_heuristic_only_unvalidated,single_source
2015,400764922,,58.5,,sbro_heuristic_only_unvalidated,single_source
2015,400603919,,58.5,,sbro_heuristic_only_unvalidated,single_source
2015,400603913,,48.5,,sbro_heuristic_only_unvalidated,single_source
2015,400763578,,46.5,,sbro_heuristic_only_unvalidated,single_source
2015,400757088,,61.5,,sbro_heuristic_only_unvalidated,single_source
2015,400757089,,49.0,,sbro_heuristic_only_unvalidated,single_source
2015,400603915,,48.5,,sbro_heuristic_only_unvalidated,single_source
2015,400603916,,48.5,,sbro_heuristic_only_unvalidated,single_source
2015,400756998,,48.0,,sbro_heuristic_only_unvalidated,single_source
2015,400763467,,58.0,,sbro_heuristic_only_unvalidated,single_source
2015,400763581,,70.0,,sbro_heuristic_only_unvalidated,single_source
2015,400763582,,55.5,,sbro_heuristic_only_unvalidated,single_source
2015,400763659,,62.5,,sbro_heuristic_only_unvalidated,single_source
2015,400763661,,54.0,,sbro_heuristic_only_unvalidated,single_source
2015,400764919,,69.5,,sbro_heuristic_only_unvalidated,single_source
2015,400764920,,70.0,,sbro_heuristic_only_unvalidated,single_source
2015,400756995,,38.5,,sbro_heuristic_only_unvalidated,single_source
2015,400756996,,45.0,,sbro_heuristic_only_unvalidated,single_source
2015,400787298,,59.0,,sbro_heuristic_only_unvalidated,single_source
2015,400787478,58.75,59.5,0.75,cross_validated_vs_cfbd,source_variance
2015,400787480,,55.5,,sbro_heuristic_only_unvalidated,single_source
2015,400763663,,58.5,,sbro_heuristic_only_unvalidated,single_source
2015,400763662,,57.5,,sbro_heuristic_only_unvalidated,single_source
2015,400787481,65.75,66.0,0.25,cross_validated_vs_cfbd,verified
2015,400603917,,55.0,,sbro_heuristic_only_unvalidated,single_source
2015,400787294,,61.0,,sbro_heuristic_only_unvalidated,single_source
2015,400757087,,68.0,,sbro_heuristic_only_unvalidated,single_source
2015,400787292,,53.5,,sbro_heuristic_only_unvalidated,single_source
2015,400787296,,48.5,,sbro_heuristic_only_unvalidated,single_source
2015,400787295,48.5,48.5,0.0,cross_validated_vs_cfbd,verified
2015,400852680,,,,,missing
2015,400852676,,69.0,,sbro_heuristic_only_unvalidated,single_source
2015,400852681,,38.0,,sbro_heuristic_only_unvalidated,single_source
2015,400852682,,49.5,,sbro_heuristic_only_unvalidated,single_source
2015,400852677,,59.0,,sbro_heuristic_only_unvalidated,single_source
2015,400763468,,64.5,,sbro_heuristic_only_unvalidated,single_source
2015,400852678,,53.0,,sbro_heuristic_only_unvalidated,single_source
2015,400852672,,77.0,,sbro_heuristic_only_unvalidated,single_source
2015,400787484,,58.0,,sbro_heuristic_only_unvalidated,single_source
2015,400787483,,68.0,,sbro_heuristic_only_unvalidated,single_source
2015,400787486,,,,,missing
2015,400763469,,54.5,,sbro_heuristic_only_unvalidated,single_source
2015,400787485,57.75,57.5,0.25,cross_validated_vs_cfbd,verified
2015,400787482,,59.5,,sbro_heuristic_only_unvalidated,single_source
2015,400852675,,46.5,,sbro_heuristic_only_unvalidated,single_source
2015,400760500,,51.0,,sbro_heuristic_only_unvalidated,single_source
2015,400852684,,49.5,,sbro_heuristic_only_unvalidated,single_source
2015,400852668,,64.0,,sbro_heuristic_only_unvalidated,single_source
2015,400852685,,55.0,,sbro_heuristic_only_unvalidated,single_source
2015,400852683,,56.0,,sbro_heuristic_only_unvalidated,single_source
2015,400852686,,64.0,,sbro_heuristic_only_unvalidated,single_source
2015,400852687,,69.5,,sbro_heuristic_only_unvalidated,single_source
2015,400852709,,50.0,,sbro_heuristic_only_unvalidated,single_source
2015,400852708,,44.5,,sbro_heuristic_only_unvalidated,single_source
2015,400852710,,,,,missing
2015,400852711,,63.0,,sbro_heuristic_only_unvalidated,single_source
2015,400852717,,51.5,,sbro_heuristic_only_unvalidated,single_source
2015,400852718,,73.0,,sbro_heuristic_only_unvalidated,single_source
2015,400852719,,62.5,,sbro_heuristic_only_unvalidated,single_source
2015,400852720,,62.0,,sbro_heuristic_only_unvalidated,single_source
2015,400852721,,52.5,,sbro_heuristic_only_unvalidated,single_source
2015,400852722,,50.0,,sbro_heuristic_only_unvalidated,single_source
2015,400852724,,74.0,,sbro_heuristic_only_unvalidated,single_source
2015,400852726,,74.0,,sbro_heuristic_only_unvalidated,single_source
2015,400603829,,54.0,,sbro_heuristic_only_unvalidated,single_source
2015,400756904,,52.0,,sbro_heuristic_only_unvalidated,single_source
2015,400756899,,60.0,,sbro_heuristic_only_unvalidated,single_source
2015,400603836,,61.5,,sbro_heuristic_only_unvalidated,single_source
2015,400763599,,63.5,,sbro_heuristic_only_unvalidated,single_source
2015,400756884,,66.5,,sbro_heuristic_only_unvalidated,single_source
2015,400763498,,60.5,,sbro_heuristic_only_unvalidated,single_source
2015,400756905,,52.0,,sbro_heuristic_only_unvalidated,single_source
2015,400787981,,44.0,,sbro_heuristic_only_unvalidated,single_source
2015,400756912,,56.5,,sbro_heuristic_only_unvalidated,single_source
2015,400792601,,53.5,,sbro_heuristic_only_unvalidated,single_source
2015,400763579,,44.0,,sbro_heuristic_only_unvalidated,single_source
2015,400757090,,57.5,,sbro_heuristic_only_unvalidated,single_source
2015,400603914,,44.0,,sbro_heuristic_only_unvalidated,single_source
2015,400756997,,65.5,,sbro_heuristic_only_unvalidated,single_source
2015,400763577,,42.5,,sbro_heuristic_only_unvalidated,single_source
2015,400603918,,66.5,,sbro_heuristic_only_unvalidated,single_source
2015,400764921,,38.0,,sbro_heuristic_only_unvalidated,single_source
2015,400763580,,44.0,,sbro_heuristic_only_unvalidated,single_source
2015,400763660,,54.0,,sbro_heuristic_only_unvalidated,single_source
2015,400787297,,52.0,,sbro_heuristic_only_unvalidated,single_source
2015,400603920,,42.0,,sbro_heuristic_only_unvalidated,single_source
2015,400763465,,53.0,,sbro_heuristic_only_unvalidated,single_source
2015,400787479,,72.0,,sbro_heuristic_only_unvalidated,single_source
2015,400763592,,68.0,,sbro_heuristic_only_unvalidated,single_source
2015,400603828,,50.0,,sbro_heuristic_only_unvalidated,single_source
2015,400834350,,67.5,,sbro_heuristic_only_unvalidated,single_source
2015,400763495,,57.5,,sbro_heuristic_only_unvalidated,single_source
2015,400763497,,54.5,,sbro_heuristic_only_unvalidated,single_source
2015,400763588,,59.5,,sbro_heuristic_only_unvalidated,single_source
2015,400603831,,,,,missing
2015,400756891,,48.0,,sbro_heuristic_only_unvalidated,single_source
2015,400835430,54.25,54.0,0.25,cross_validated_vs_cfbd,verified
2015,400763505,,66.0,,sbro_heuristic_only_unvalidated,single_source
2015,400603860,,56.5,,sbro_heuristic_only_unvalidated,single_source
2015,400757018,66.0,66.0,0.0,cross_validated_vs_cfbd,verified
2015,400757014,,66.0,,sbro_heuristic_only_unvalidated,single_source
2015,400756917,,47.0,,sbro_heuristic_only_unvalidated,single_source
2015,400603870,,49.0,,sbro_heuristic_only_unvalidated,single_source
2015,400603865,,53.0,,sbro_heuristic_only_unvalidated,single_source
2015,400756910,,60.0,,sbro_heuristic_only_unvalidated,single_source
2015,400603869,,64.5,,sbro_heuristic_only_unvalidated,single_source
2015,400603866,,,,,missing
2015,400603861,,56.0,,sbro_heuristic_only_unvalidated,single_source
2015,400603868,,63.5,,sbro_heuristic_only_unvalidated,single_source
2015,400787118,,56.0,,sbro_heuristic_only_unvalidated,single_source
2015,400603862,,54.5,,sbro_heuristic_only_unvalidated,single_source
2015,400756892,,63.5,,sbro_heuristic_only_unvalidated,single_source
2015,400763415,,65.5,,sbro_heuristic_only_unvalidated,single_source
2015,400757021,,62.0,,sbro_heuristic_only_unvalidated,single_source
2015,400763499,,60.0,,sbro_heuristic_only_unvalidated,single_source
2015,400757015,,66.0,,sbro_heuristic_only_unvalidated,single_source
2015,400764871,,48.0,,sbro_heuristic_only_unvalidated,single_source
2015,400763607,,65.5,,sbro_heuristic_only_unvalidated,single_source
2015,400756945,,44.5,,sbro_heuristic_only_unvalidated,single_source
2015,400763433,,61.5,,sbro_heuristic_only_unvalidated,single_source
2015,400764886,,68.0,,sbro_heuristic_only_unvalidated,single_source
2015,400787454,,55.5,,sbro_heuristic_only_unvalidated,single_source
2015,400757050,,56.0,,sbro_heuristic_only_unvalidated,single_source
2015,400757056,,69.0,,sbro_heuristic_only_unvalidated,single_source
2015,400787338,,62.0,,sbro_heuristic_only_unvalidated,single_source
2015,400787459,,64.5,,sbro_heuristic_only_unvalidated,single_source
2015,400763642,,59.0,,sbro_heuristic_only_unvalidated,single_source
2015,400790885,,48.0,,sbro_heuristic_only_unvalidated,single_source
2015,400603906,,38.5,,sbro_heuristic_only_unvalidated,single_source
2015,400763566,,47.0,,sbro_heuristic_only_unvalidated,single_source
2015,400763454,,75.5,,sbro_heuristic_only_unvalidated,single_source
2015,400763466,,63.5,,sbro_heuristic_only_unvalidated,single_source
2015,400787312,,72.0,,sbro_heuristic_only_unvalidated,single_source
2015,400763408,,78.0,,sbro_heuristic_only_unvalidated,single_source
2015,400787417,,,,,missing
2015,400603880,,54.5,,sbro_heuristic_only_unvalidated,single_source
2015,400603871,,61.5,,sbro_heuristic_only_unvalidated,single_source
2015,400763411,,72.0,,sbro_heuristic_only_unvalidated,single_source
2015,400787309,,48.0,,sbro_heuristic_only_unvalidated,single_source
2015,400603855,,60.0,,sbro_heuristic_only_unvalidated,single_source
2015,400757038,,69.5,,sbro_heuristic_only_unvalidated,single_source
2015,400787446,,60.5,,sbro_heuristic_only_unvalidated,single_source
2015,400603921,,50.0,,sbro_heuristic_only_unvalidated,single_source
2015,400763611,,50.0,,sbro_heuristic_only_unvalidated,single_source
2015,400787429,,50.5,,sbro_heuristic_only_unvalidated,single_source
2015,400763624,,3.5,,sbro_heuristic_only_unvalidated,single_source
2015,400763596,,59.0,,sbro_heuristic_only_unvalidated,single_source
2015,400787310,,59.5,,sbro_heuristic_only_unvalidated,single_source
2015,400763602,,55.0,,sbro_heuristic_only_unvalidated,single_source
2015,400756886,,78.5,,sbro_heuristic_only_unvalidated,single_source
2015,400787441,,56.0,,sbro_heuristic_only_unvalidated,single_source
2015,400603857,,63.0,,sbro_heuristic_only_unvalidated,single_source
2015,400603936,,62.0,,sbro_heuristic_only_unvalidated,single_source
2015,400603929,,56.5,,sbro_heuristic_only_unvalidated,single_source
2015,400760495,,45.5,,sbro_heuristic_only_unvalidated,single_source
2015,400763589,,63.0,,sbro_heuristic_only_unvalidated,single_source
2015,400763496,,45.5,,sbro_heuristic_only_unvalidated,single_source
2015,400763406,,73.5,,sbro_heuristic_only_unvalidated,single_source
2015,400756898,,58.0,,sbro_heuristic_only_unvalidated,single_source
2015,400764860,,50.5,,sbro_heuristic_only_unvalidated,single_source
2015,400787304,,39.5,,sbro_heuristic_only_unvalidated,single_source
2015,400763401,,48.5,,sbro_heuristic_only_unvalidated,single_source
2015,400799923,,21.0,,sbro_heuristic_only_unvalidated,single_source
2015,400756887,,28.0,,sbro_heuristic_only_unvalidated,single_source
2015,400787108,,24.0,,sbro_heuristic_only_unvalidated,single_source
2015,400787110,,32.0,,sbro_heuristic_only_unvalidated,single_source
2015,400756895,,41.0,,sbro_heuristic_only_unvalidated,single_source
2015,400763494,,59.5,,sbro_heuristic_only_unvalidated,single_source
2015,400764859,,54.5,,sbro_heuristic_only_unvalidated,single_source
2015,400763591,,45.5,,sbro_heuristic_only_unvalidated,single_source
2015,400603834,,55.0,,sbro_heuristic_only_unvalidated,single_source
2015,400763473,,59.0,,sbro_heuristic_only_unvalidated,single_source
2015,400756889,,67.0,,sbro_heuristic_only_unvalidated,single_source
2015,400763402,,49.0,,sbro_heuristic_only_unvalidated,single_source
2015,400764861,,39.5,,sbro_heuristic_only_unvalidated,single_source
2015,400787111,,60.0,,sbro_heuristic_only_unvalidated,single_source
2015,400756896,,27.0,,sbro_heuristic_only_unvalidated,single_source
2015,400787416,,59.0,,sbro_heuristic_only_unvalidated,single_source
2015,400764854,,6.5,,sbro_heuristic_only_unvalidated,single_source
2015,400763472,,58.5,,sbro_heuristic_only_unvalidated,single_source
2015,400756903,,33.5,,sbro_heuristic_only_unvalidated,single_source
2015,400756897,,46.0,,sbro_heuristic_only_unvalidated,single_source
2015,400787109,,7.0,,sbro_heuristic_only_unvalidated,single_source
2015,400760491,,14.0,,sbro_heuristic_only_unvalidated,single_source
2015,400603835,,,,,missing
2015,400787412,,61.0,,sbro_heuristic_only_unvalidated,single_source
2015,400787299,,34.0,,sbro_heuristic_only_unvalidated,single_source
2015,400787116,,47.0,,sbro_heuristic_only_unvalidated,single_source
2015,400763590,,57.5,,sbro_heuristic_only_unvalidated,single_source
2015,400787414,,40.0,,sbro_heuristic_only_unvalidated,single_source
2015,400787303,,62.5,,sbro_heuristic_only_unvalidated,single_source
2015,400764856,,60.0,,sbro_heuristic_only_unvalidated,single_source
2015,400787112,,66.0,,sbro_heuristic_only_unvalidated,single_source
2016,400869651,,60.5,,sbro_heuristic_only_unvalidated,single_source
2016,400869503,,37.0,,sbro_heuristic_only_unvalidated,single_source
2016,400876112,,67.0,,sbro_heuristic_only_unvalidated,single_source
2016,400876110,,54.0,,sbro_heuristic_only_unvalidated,single_source
2016,400876095,,60.0,,sbro_heuristic_only_unvalidated,single_source
2016,400868922,,,,,missing
2016,400869156,,,,,missing
2016,400869241,,54.0,,sbro_heuristic_only_unvalidated,single_source
2016,400868876,,80.0,,sbro_heuristic_only_unvalidated,single_source
2016,400869342,,64.0,,sbro_heuristic_only_unvalidated,single_source
2016,400868968,,40.5,,sbro_heuristic_only_unvalidated,single_source
2016,400869173,,49.5,,sbro_heuristic_only_unvalidated,single_source
2016,400869347,,65.0,,sbro_heuristic_only_unvalidated,single_source
2016,400869258,,55.5,,sbro_heuristic_only_unvalidated,single_source
2016,400869348,,58.0,,sbro_heuristic_only_unvalidated,single_source
2016,400869351,,56.0,,sbro_heuristic_only_unvalidated,single_source
2016,400869184,52.75,53.0,0.25,cross_validated_vs_cfbd,verified
2016,400869276,,64.0,,sbro_heuristic_only_unvalidated,single_source
2016,400869177,,51.5,,sbro_heuristic_only_unvalidated,single_source
2016,400869263,,67.5,,sbro_heuristic_only_unvalidated,single_source
2016,400869346,,,,,missing
2016,400869355,54.0,54.0,0.0,cross_validated_vs_cfbd,verified
2016,400869185,,52.0,,sbro_heuristic_only_unvalidated,single_source
2016,400876041,,55.5,,sbro_heuristic_only_unvalidated,single_source
2016,400876045,,64.5,,sbro_heuristic_only_unvalidated,single_source
2016,400876046,,62.5,,sbro_heuristic_only_unvalidated,single_source
2016,400876049,,69.5,,sbro_heuristic_only_unvalidated,single_source
2016,400876096,,71.0,,sbro_heuristic_only_unvalidated,single_source
2016,400928102,,54.5,,sbro_heuristic_only_unvalidated,single_source
2016,400869357,,58.0,,sbro_heuristic_only_unvalidated,single_source
2016,400868991,,51.0,,sbro_heuristic_only_unvalidated,single_source
2016,400869271,,49.5,,sbro_heuristic_only_unvalidated,single_source
2016,400868987,,51.0,,sbro_heuristic_only_unvalidated,single_source
2016,400869272,,42.5,,sbro_heuristic_only_unvalidated,single_source
2016,400869352,,51.5,,sbro_heuristic_only_unvalidated,single_source
2016,400869354,,50.5,,sbro_heuristic_only_unvalidated,single_source
2016,400869356,,67.5,,sbro_heuristic_only_unvalidated,single_source
2016,400869811,,57.5,,sbro_heuristic_only_unvalidated,single_source
2016,400869812,,47.5,,sbro_heuristic_only_unvalidated,single_source
2016,400868982,,51.5,,sbro_heuristic_only_unvalidated,single_source
2016,400868988,,58.0,,sbro_heuristic_only_unvalidated,single_source
2016,400869361,,67.0,,sbro_heuristic_only_unvalidated,single_source
2016,400869193,,56.0,,sbro_heuristic_only_unvalidated,single_source
2016,400869000,,57.5,,sbro_heuristic_only_unvalidated,single_source
2016,400869281,,74.0,,sbro_heuristic_only_unvalidated,single_source
2016,400869195,,58.5,,sbro_heuristic_only_unvalidated,single_source
2016,400868959,48.5,48.5,0.0,cross_validated_vs_cfbd,verified
2016,400869282,,39.0,,sbro_heuristic_only_unvalidated,single_source
2016,400869283,,62.5,,sbro_heuristic_only_unvalidated,single_source
2016,400869350,,46.0,,sbro_heuristic_only_unvalidated,single_source
2016,400868995,,66.0,,sbro_heuristic_only_unvalidated,single_source
2016,400869191,,71.5,,sbro_heuristic_only_unvalidated,single_source
2016,400869280,,63.0,,sbro_heuristic_only_unvalidated,single_source
2016,400869186,,61.5,,sbro_heuristic_only_unvalidated,single_source
2016,400869197,,,,,missing
2016,400876040,,60.0,,sbro_heuristic_only_unvalidated,single_source
2016,400869002,,49.0,,sbro_heuristic_only_unvalidated,single_source
2016,400869200,,56.0,,sbro_heuristic_only_unvalidated,single_source
2016,400869815,,16.5,,sbro_heuristic_only_unvalidated,single_source
2016,400869820,,68.0,,sbro_heuristic_only_unvalidated,single_source
2016,400868967,,57.0,,sbro_heuristic_only_unvalidated,single_source
2016,400926942,,,,,missing
2016,400926941,,58.0,,sbro_heuristic_only_unvalidated,single_source
2016,400926943,,40.5,,sbro_heuristic_only_unvalidated,single_source
2016,400926944,,59.0,,sbro_heuristic_only_unvalidated,single_source
2016,400876109,,40.5,,sbro_heuristic_only_unvalidated,single_source
2016,400876570,,51.0,,sbro_heuristic_only_unvalidated,single_source
2016,400876044,,56.0,,sbro_heuristic_only_unvalidated,single_source
2016,400876047,,67.0,,sbro_heuristic_only_unvalidated,single_source
2016,400876048,,49.0,,sbro_heuristic_only_unvalidated,single_source
2016,400876091,,44.0,,sbro_heuristic_only_unvalidated,single_source
2016,400876092,,46.0,,sbro_heuristic_only_unvalidated,single_source
2016,400876094,,41.5,,sbro_heuristic_only_unvalidated,single_source
2016,400876093,,47.0,,sbro_heuristic_only_unvalidated,single_source
2016,400876098,,58.0,,sbro_heuristic_only_unvalidated,single_source
2016,400903226,,54.5,,sbro_heuristic_only_unvalidated,single_source
2016,400876097,,64.0,,sbro_heuristic_only_unvalidated,single_source
2016,400876099,,57.0,,sbro_heuristic_only_unvalidated,single_source
2016,400876102,,64.5,,sbro_heuristic_only_unvalidated,single_source
2016,400869274,,38.5,,sbro_heuristic_only_unvalidated,single_source
2016,400869353,,52.0,,sbro_heuristic_only_unvalidated,single_source
2016,400869819,,58.5,,sbro_heuristic_only_unvalidated,single_source
2016,400869370,,58.0,,sbro_heuristic_only_unvalidated,single_source
2016,400868914,,43.0,,sbro_heuristic_only_unvalidated,single_source
2016,400869725,,80.0,,sbro_heuristic_only_unvalidated,single_source
2016,400869569,,66.5,,sbro_heuristic_only_unvalidated,single_source
2016,400868920,,60.5,,sbro_heuristic_only_unvalidated,single_source
2016,400869006,,53.5,,sbro_heuristic_only_unvalidated,single_source
2016,400869011,,68.0,,sbro_heuristic_only_unvalidated,single_source
2016,400869265,,63.5,,sbro_heuristic_only_unvalidated,single_source
2016,400869181,,64.0,,sbro_heuristic_only_unvalidated,single_source
2016,400869833,,61.5,,sbro_heuristic_only_unvalidated,single_source
2016,400869034,,43.5,,sbro_heuristic_only_unvalidated,single_source
2016,400869056,,63.0,,sbro_heuristic_only_unvalidated,single_source
2016,400869057,,75.5,,sbro_heuristic_only_unvalidated,single_source
2016,400869496,,50.5,,sbro_heuristic_only_unvalidated,single_source
2016,400869060,,60.5,,sbro_heuristic_only_unvalidated,single_source
2016,400869656,,57.5,,sbro_heuristic_only_unvalidated,single_source
2016,400868975,,52.5,,sbro_heuristic_only_unvalidated,single_source
2016,400869176,,63.0,,sbro_heuristic_only_unvalidated,single_source
2016,400869264,,59.0,,sbro_heuristic_only_unvalidated,single_source
2016,400869266,,54.0,,sbro_heuristic_only_unvalidated,single_source
2016,400869259,,52.0,,sbro_heuristic_only_unvalidated,single_source
2016,400869343,,63.0,,sbro_heuristic_only_unvalidated,single_source
2016,400869344,,62.5,,sbro_heuristic_only_unvalidated,single_source
2016,400869653,,66.5,,sbro_heuristic_only_unvalidated,single_source
2016,400869808,,72.0,,sbro_heuristic_only_unvalidated,single_source
2016,400876038,,54.0,,sbro_heuristic_only_unvalidated,single_source
2016,400876043,,79.5,,sbro_heuristic_only_unvalidated,single_source
2016,400876111,,59.5,,sbro_heuristic_only_unvalidated,single_source
2016,400869842,,49.0,,sbro_heuristic_only_unvalidated,single_source
2016,400869144,,,,,missing
2016,400869204,,53.0,,sbro_heuristic_only_unvalidated,single_source
2016,400869363,,53.0,,sbro_heuristic_only_unvalidated,single_source
2016,400869199,,53.0,,sbro_heuristic_only_unvalidated,single_source
2016,400869227,,59.0,,sbro_heuristic_only_unvalidated,single_source
2016,400869228,,51.0,,sbro_heuristic_only_unvalidated,single_source
2016,400869317,,62.0,,sbro_heuristic_only_unvalidated,single_source
2016,400869318,,57.0,,sbro_heuristic_only_unvalidated,single_source
2016,400869234,,45.5,,sbro_heuristic_only_unvalidated,single_source
2016,400869231,,51.0,,sbro_heuristic_only_unvalidated,single_source
2016,400869036,,,,,missing
2016,400868965,,52.5,,sbro_heuristic_only_unvalidated,single_source
2016,400869038,,68.0,,sbro_heuristic_only_unvalidated,single_source
2016,400869319,,43.5,,sbro_heuristic_only_unvalidated,single_source
2016,400869037,,65.5,,sbro_heuristic_only_unvalidated,single_source
2016,400869392,,66.0,,sbro_heuristic_only_unvalidated,single_source
2016,400869717,,49.5,,sbro_heuristic_only_unvalidated,single_source
2016,400869391,,62.0,,sbro_heuristic_only_unvalidated,single_source
2016,400869393,,68.5,,sbro_heuristic_only_unvalidated,single_source
2016,400869395,,51.0,,sbro_heuristic_only_unvalidated,single_source
2016,400869396,,54.5,,sbro_heuristic_only_unvalidated,single_source
2016,400869048,,64.0,,sbro_heuristic_only_unvalidated,single_source
2016,400869841,,,,,missing
2016,400869398,,64.0,,sbro_heuristic_only_unvalidated,single_source
2016,400869400,,64.0,,sbro_heuristic_only_unvalidated,single_source
2016,400869240,,51.5,,sbro_heuristic_only_unvalidated,single_source
2016,400869043,,52.0,,sbro_heuristic_only_unvalidated,single_source
2016,400869326,,54.5,,sbro_heuristic_only_unvalidated,single_source
2016,400869325,,59.0,,sbro_heuristic_only_unvalidated,single_source
2016,400869327,,73.0,,sbro_heuristic_only_unvalidated,single_source
2016,400869328,,,,,missing
2016,400869844,,45.0,,sbro_heuristic_only_unvalidated,single_source
2016,400869055,,62.5,,sbro_heuristic_only_unvalidated,single_source
2016,400869334,,55.0,,sbro_heuristic_only_unvalidated,single_source
2016,400869059,,44.5,,sbro_heuristic_only_unvalidated,single_source
2016,400869410,,54.5,,sbro_heuristic_only_unvalidated,single_source
2016,400869063,,41.0,,sbro_heuristic_only_unvalidated,single_source
2016,400869336,,54.0,,sbro_heuristic_only_unvalidated,single_source
2016,400869337,56.0,56.0,0.0,cross_validated_vs_cfbd,verified
2016,400869252,,64.0,,sbro_heuristic_only_unvalidated,single_source
2016,400869340,,72.0,,sbro_heuristic_only_unvalidated,single_source
2016,400869339,,46.0,,sbro_heuristic_only_unvalidated,single_source
2016,400869338,,59.5,,sbro_heuristic_only_unvalidated,single_source
2016,400869418,,71.0,,sbro_heuristic_only_unvalidated,single_source
2016,400869604,,51.0,,sbro_heuristic_only_unvalidated,single_source
2016,400869255,,51.5,,sbro_heuristic_only_unvalidated,single_source
2016,400869416,,59.0,,sbro_heuristic_only_unvalidated,single_source
2016,400869256,,59.0,,sbro_heuristic_only_unvalidated,single_source
2016,400869420,52.0,51.5,0.5,cross_validated_vs_cfbd,verified
2016,400869417,,62.0,,sbro_heuristic_only_unvalidated,single_source
2016,400869415,,54.0,,sbro_heuristic_only_unvalidated,single_source
2016,400869419,,63.0,,sbro_heuristic_only_unvalidated,single_source
2016,400869253,,53.0,,sbro_heuristic_only_unvalidated,single_source
2016,400869090,,66.0,,sbro_heuristic_only_unvalidated,single_source
2016,400869097,,,,,missing
2016,400868972,,60.0,,sbro_heuristic_only_unvalidated,single_source
2016,400869096,,80.0,,sbro_heuristic_only_unvalidated,single_source
2016,400868976,,51.5,,sbro_heuristic_only_unvalidated,single_source
2016,400869267,,53.0,,sbro_heuristic_only_unvalidated,single_source
2016,400868970,,53.0,,sbro_heuristic_only_unvalidated,single_source
2016,400869178,,53.0,,sbro_heuristic_only_unvalidated,single_source
2016,400869095,,76.0,,sbro_heuristic_only_unvalidated,single_source
2016,400868946,,57.5,,sbro_heuristic_only_unvalidated,single_source
2016,400868980,,59.0,,sbro_heuristic_only_unvalidated,single_source
2016,400869430,,62.5,,sbro_heuristic_only_unvalidated,single_source
2016,400869516,,72.5,,sbro_heuristic_only_unvalidated,single_source
2016,400869506,,50.0,,sbro_heuristic_only_unvalidated,single_source
2016,400869624,,58.5,,sbro_heuristic_only_unvalidated,single_source
2016,400869809,,,,,missing
2016,400869425,,59.0,,sbro_heuristic_only_unvalidated,single_source
2016,400869510,,53.5,,sbro_heuristic_only_unvalidated,single_source
2016,400869105,,,,,missing
2016,400868984,,62.5,,sbro_heuristic_only_unvalidated,single_source
2016,400869268,,45.5,,sbro_heuristic_only_unvalidated,single_source
2016,400868888,,49.5,,sbro_heuristic_only_unvalidated,single_source
2016,400868989,,52.0,,sbro_heuristic_only_unvalidated,single_source
2016,400868947,,62.0,,sbro_heuristic_only_unvalidated,single_source
2016,400868985,,55.5,,sbro_heuristic_only_unvalidated,single_source
2016,400869270,,58.5,,sbro_heuristic_only_unvalidated,single_source
2016,400868877,,72.0,,sbro_heuristic_only_unvalidated,single_source
2016,400869104,,72.5,,sbro_heuristic_only_unvalidated,single_source
2016,400869719,,62.5,,sbro_heuristic_only_unvalidated,single_source
2016,400868911,,51.5,,sbro_heuristic_only_unvalidated,single_source
2016,400868958,,37.5,,sbro_heuristic_only_unvalidated,single_source
2016,400869187,,56.5,,sbro_heuristic_only_unvalidated,single_source
2016,400869435,,59.5,,sbro_heuristic_only_unvalidated,single_source
2016,400869436,,,,,missing
2016,400869633,,62.5,,sbro_heuristic_only_unvalidated,single_source
2016,400869654,,54.5,,sbro_heuristic_only_unvalidated,single_source
2016,400869101,,55.0,,sbro_heuristic_only_unvalidated,single_source
2016,400869277,,61.0,,sbro_heuristic_only_unvalidated,single_source
2016,400868983,,49.0,,sbro_heuristic_only_unvalidated,single_source
2016,400869431,,45.5,,sbro_heuristic_only_unvalidated,single_source
2016,400869512,,44.0,,sbro_heuristic_only_unvalidated,single_source
2016,400869269,,64.0,,sbro_heuristic_only_unvalidated,single_source
2016,400869273,,55.5,,sbro_heuristic_only_unvalidated,single_source
2016,400868923,,43.0,,sbro_heuristic_only_unvalidated,single_source
2016,400869434,,60.0,,sbro_heuristic_only_unvalidated,single_source
2016,400869102,,57.5,,sbro_heuristic_only_unvalidated,single_source
2016,400869515,,65.5,,sbro_heuristic_only_unvalidated,single_source
2016,400869106,,73.0,,sbro_heuristic_only_unvalidated,single_source
2016,400869107,,59.5,,sbro_heuristic_only_unvalidated,single_source
2016,400869099,,,,,missing
2016,400869109,,58.0,,sbro_heuristic_only_unvalidated,single_source
2016,400868997,,,,,missing
2016,400869440,,65.0,,sbro_heuristic_only_unvalidated,single_source
2016,400869111,,55.5,,sbro_heuristic_only_unvalidated,single_source
2016,400869438,,63.5,,sbro_heuristic_only_unvalidated,single_source
2016,400869110,,50.0,,sbro_heuristic_only_unvalidated,single_source
2016,400869657,,51.5,,sbro_heuristic_only_unvalidated,single_source
2016,400869117,,80.0,,sbro_heuristic_only_unvalidated,single_source
2016,400868948,,50.5,,sbro_heuristic_only_unvalidated,single_source
2016,400868998,,53.5,,sbro_heuristic_only_unvalidated,single_source
2016,400869113,,72.5,,sbro_heuristic_only_unvalidated,single_source
2016,400868994,,53.0,,sbro_heuristic_only_unvalidated,single_source
2016,400868992,,60.0,,sbro_heuristic_only_unvalidated,single_source
2016,400868889,,59.0,,sbro_heuristic_only_unvalidated,single_source
2016,400869192,,56.5,,sbro_heuristic_only_unvalidated,single_source
2016,400869278,,55.5,,sbro_heuristic_only_unvalidated,single_source
2016,400869519,,48.0,,sbro_heuristic_only_unvalidated,single_source
2016,400869520,,59.5,,sbro_heuristic_only_unvalidated,single_source
2016,400869001,,45.0,,sbro_heuristic_only_unvalidated,single_source
2016,400869444,,47.5,,sbro_heuristic_only_unvalidated,single_source
2016,400869116,,69.5,,sbro_heuristic_only_unvalidated,single_source
2016,400869358,,49.5,,sbro_heuristic_only_unvalidated,single_source
2016,400869198,,55.5,,sbro_heuristic_only_unvalidated,single_source
2016,400869437,,39.5,,sbro_heuristic_only_unvalidated,single_source
2016,400869441,,81.5,,sbro_heuristic_only_unvalidated,single_source
2016,400869442,,58.0,,sbro_heuristic_only_unvalidated,single_source
2016,400869443,,74.0,,sbro_heuristic_only_unvalidated,single_source
2016,400868999,,51.5,,sbro_heuristic_only_unvalidated,single_source
2016,400869284,,56.5,,sbro_heuristic_only_unvalidated,single_source
2016,400869360,,58.0,,sbro_heuristic_only_unvalidated,single_source
2016,400869813,,57.0,,sbro_heuristic_only_unvalidated,single_source
2016,400868912,46.75,46.5,0.25,cross_validated_vs_cfbd,verified
2016,400869359,,83.0,,sbro_heuristic_only_unvalidated,single_source
2016,400869362,,61.0,,sbro_heuristic_only_unvalidated,single_source
2016,400869518,,56.5,,sbro_heuristic_only_unvalidated,single_source
2016,400869521,,42.0,,sbro_heuristic_only_unvalidated,single_source
2016,400869814,,52.5,,sbro_heuristic_only_unvalidated,single_source
2016,400869196,,50.5,,sbro_heuristic_only_unvalidated,single_source
2016,400868924,,50.5,,sbro_heuristic_only_unvalidated,single_source
2016,400869112,,46.5,,sbro_heuristic_only_unvalidated,single_source
2016,400869108,62.75,,,,single_source
2016,400869446,,57.5,,sbro_heuristic_only_unvalidated,single_source
2016,400869118,,44.5,,sbro_heuristic_only_unvalidated,single_source
2016,400869201,,60.0,,sbro_heuristic_only_unvalidated,single_source
2016,400869524,,68.0,,sbro_heuristic_only_unvalidated,single_source
2016,400869366,,69.5,,sbro_heuristic_only_unvalidated,single_source
2016,400869658,,56.5,,sbro_heuristic_only_unvalidated,single_source
2016,400869525,,63.5,,sbro_heuristic_only_unvalidated,single_source
2016,400869121,,47.0,,sbro_heuristic_only_unvalidated,single_source
2016,400869659,,43.0,,sbro_heuristic_only_unvalidated,single_source
2016,400869119,,,,,missing
2016,400869008,,51.5,,sbro_heuristic_only_unvalidated,single_source
2016,400869005,,,,,missing
2016,400869007,,42.0,,sbro_heuristic_only_unvalidated,single_source
2016,400868878,,74.0,,sbro_heuristic_only_unvalidated,single_source
2016,400869003,,47.0,,sbro_heuristic_only_unvalidated,single_source
2016,400869660,,48.5,,sbro_heuristic_only_unvalidated,single_source
2016,400869203,,59.0,,sbro_heuristic_only_unvalidated,single_source
2016,400869634,,56.0,,sbro_heuristic_only_unvalidated,single_source
2016,400869288,,52.5,,sbro_heuristic_only_unvalidated,single_source
2016,400869451,,57.5,,sbro_heuristic_only_unvalidated,single_source
2016,400869447,,44.0,,sbro_heuristic_only_unvalidated,single_source
2016,400869450,,58.0,,sbro_heuristic_only_unvalidated,single_source
2016,400869289,,30.0,,sbro_heuristic_only_unvalidated,single_source
2016,400868925,,53.5,,sbro_heuristic_only_unvalidated,single_source
2016,400868949,,60.5,,sbro_heuristic_only_unvalidated,single_source
2016,400868960,,49.5,,sbro_heuristic_only_unvalidated,single_source
2016,400869123,,61.0,,sbro_heuristic_only_unvalidated,single_source
2016,400869285,,56.0,,sbro_heuristic_only_unvalidated,single_source
2016,400869291,,54.5,,sbro_heuristic_only_unvalidated,single_source
2016,400869292,,,,,missing
2016,400869816,,66.5,,sbro_heuristic_only_unvalidated,single_source
2016,400869817,,17.0,,sbro_heuristic_only_unvalidated,single_source
2016,400869605,,51.5,,sbro_heuristic_only_unvalidated,single_source
2016,400869004,,58.0,,sbro_heuristic_only_unvalidated,single_source
2016,400869287,,66.5,,sbro_heuristic_only_unvalidated,single_source
2016,400869369,,58.0,,sbro_heuristic_only_unvalidated,single_source
2016,400869526,,46.5,,sbro_heuristic_only_unvalidated,single_source
2016,400869368,,50.0,,sbro_heuristic_only_unvalidated,single_source
2016,400869449,,65.5,,sbro_heuristic_only_unvalidated,single_source
2016,400869452,,48.0,,sbro_heuristic_only_unvalidated,single_source
2016,400869009,,48.5,,sbro_heuristic_only_unvalidated,single_source
2016,400869202,,66.5,,sbro_heuristic_only_unvalidated,single_source
2016,400869122,,69.5,,sbro_heuristic_only_unvalidated,single_source
2016,400869286,,53.5,,sbro_heuristic_only_unvalidated,single_source
2016,400869367,,55.0,,sbro_heuristic_only_unvalidated,single_source
2016,400868913,,50.5,,sbro_heuristic_only_unvalidated,single_source
2016,400869290,,55.5,,sbro_heuristic_only_unvalidated,single_source
2016,400869364,,52.5,,sbro_heuristic_only_unvalidated,single_source
2016,400869365,,69.5,,sbro_heuristic_only_unvalidated,single_source
2016,400869205,,61.0,,sbro_heuristic_only_unvalidated,single_source
2016,400869527,,48.5,,sbro_heuristic_only_unvalidated,single_source
2016,400869124,,,,,missing
2016,400869010,,56.0,,sbro_heuristic_only_unvalidated,single_source
2016,400869635,,59.0,,sbro_heuristic_only_unvalidated,single_source
2016,400869453,,64.5,,sbro_heuristic_only_unvalidated,single_source
2016,400869664,,45.5,,sbro_heuristic_only_unvalidated,single_source
2016,400869013,,52.0,,sbro_heuristic_only_unvalidated,single_source
2016,400869455,,73.5,,sbro_heuristic_only_unvalidated,single_source
2016,400868879,,63.5,,sbro_heuristic_only_unvalidated,single_source
2016,400869721,,54.0,,sbro_heuristic_only_unvalidated,single_source
2016,400869665,,53.0,,sbro_heuristic_only_unvalidated,single_source
2016,400869015,71.5,,,,single_source
2016,400869661,,52.5,,sbro_heuristic_only_unvalidated,single_source
2016,400869128,,64.0,,sbro_heuristic_only_unvalidated,single_source
2016,400869212,,49.5,,sbro_heuristic_only_unvalidated,single_source
2016,400869614,65.75,65.0,0.75,cross_validated_vs_cfbd,source_variance
2016,400869620,,68.5,,sbro_heuristic_only_unvalidated,single_source
2016,400869017,,39.5,,sbro_heuristic_only_unvalidated,single_source
2016,400869207,,60.0,,sbro_heuristic_only_unvalidated,single_source
2016,400868950,,74.5,,sbro_heuristic_only_unvalidated,single_source
2016,400869528,,61.5,,sbro_heuristic_only_unvalidated,single_source
2016,400869530,,53.0,,sbro_heuristic_only_unvalidated,single_source
2016,400869662,,44.5,,sbro_heuristic_only_unvalidated,single_source
2016,400869818,,51.5,,sbro_heuristic_only_unvalidated,single_source
2016,400869454,,61.5,,sbro_heuristic_only_unvalidated,single_source
2016,400869294,,40.5,,sbro_heuristic_only_unvalidated,single_source
2016,400869127,,56.0,,sbro_heuristic_only_unvalidated,single_source
2016,400869296,,51.0,,sbro_heuristic_only_unvalidated,single_source
2016,400869295,,64.5,,sbro_heuristic_only_unvalidated,single_source
2016,400868961,,41.5,,sbro_heuristic_only_unvalidated,single_source
2016,400869012,,56.5,,sbro_heuristic_only_unvalidated,single_source
2016,400869206,,49.5,,sbro_heuristic_only_unvalidated,single_source
2016,400869293,,51.0,,sbro_heuristic_only_unvalidated,single_source
2016,400869297,,58.0,,sbro_heuristic_only_unvalidated,single_source
2016,400869456,,48.5,,sbro_heuristic_only_unvalidated,single_source
2016,400869606,,56.5,,sbro_heuristic_only_unvalidated,single_source
2016,400869663,,54.5,,sbro_heuristic_only_unvalidated,single_source
2016,400869666,,55.0,,sbro_heuristic_only_unvalidated,single_source
2016,400869209,,52.5,,sbro_heuristic_only_unvalidated,single_source
2016,400869298,,59.5,,sbro_heuristic_only_unvalidated,single_source
2016,400869371,,53.5,,sbro_heuristic_only_unvalidated,single_source
2016,400869372,,57.5,,sbro_heuristic_only_unvalidated,single_source
2016,400869374,,65.0,,sbro_heuristic_only_unvalidated,single_source
2016,400869375,,59.0,,sbro_heuristic_only_unvalidated,single_source
2016,400869529,,65.5,,sbro_heuristic_only_unvalidated,single_source
2016,400869014,,52.5,,sbro_heuristic_only_unvalidated,single_source
2016,400869373,,,,,missing
2016,400869126,,64.5,,sbro_heuristic_only_unvalidated,single_source
2016,400869129,,75.0,,sbro_heuristic_only_unvalidated,single_source
2016,400869208,,54.0,,sbro_heuristic_only_unvalidated,single_source
2016,400869210,,57.0,,sbro_heuristic_only_unvalidated,single_source
2016,400869211,55.5,56.0,0.5,cross_validated_vs_cfbd,verified
2016,400869379,,69.0,,sbro_heuristic_only_unvalidated,single_source
2016,400869531,,57.0,,sbro_heuristic_only_unvalidated,single_source
2016,400869457,,43.0,,sbro_heuristic_only_unvalidated,single_source
2016,400869214,,62.0,,sbro_heuristic_only_unvalidated,single_source
2016,400868962,,55.0,,sbro_heuristic_only_unvalidated,single_source
2016,400869533,,68.0,,sbro_heuristic_only_unvalidated,single_source
2016,400869018,,48.5,,sbro_heuristic_only_unvalidated,single_source
2016,400869643,,61.5,,sbro_heuristic_only_unvalidated,single_source
2016,400869636,,52.5,,sbro_heuristic_only_unvalidated,single_source
2016,400869133,,67.0,,sbro_heuristic_only_unvalidated,single_source
2016,400869536,,52.0,,sbro_heuristic_only_unvalidated,single_source
2016,400869023,,60.0,,sbro_heuristic_only_unvalidated,single_source
2016,400869135,,56.0,,sbro_heuristic_only_unvalidated,single_source
2016,400869459,,49.5,,sbro_heuristic_only_unvalidated,single_source
2016,400869615,,72.0,,sbro_heuristic_only_unvalidated,single_source
2016,400869132,,61.5,,sbro_heuristic_only_unvalidated,single_source
2016,400869130,,53.5,,sbro_heuristic_only_unvalidated,single_source
2016,400869534,,49.5,,sbro_heuristic_only_unvalidated,single_source
2016,400868951,,55.5,,sbro_heuristic_only_unvalidated,single_source
2016,400869021,,56.0,,sbro_heuristic_only_unvalidated,single_source
2016,400869381,,54.0,,sbro_heuristic_only_unvalidated,single_source
2016,400869599,,61.0,,sbro_heuristic_only_unvalidated,single_source
2016,400869668,,50.0,,sbro_heuristic_only_unvalidated,single_source
2016,400869669,,55.5,,sbro_heuristic_only_unvalidated,single_source
2016,400869458,,,,,missing
2016,400869300,,60.0,,sbro_heuristic_only_unvalidated,single_source
2016,400869302,,53.5,,sbro_heuristic_only_unvalidated,single_source
2016,400869304,,65.5,,sbro_heuristic_only_unvalidated,single_source
2016,400868927,,48.5,,sbro_heuristic_only_unvalidated,single_source
2016,400869213,,50.0,,sbro_heuristic_only_unvalidated,single_source
2016,400869299,,56.0,,sbro_heuristic_only_unvalidated,single_source
2016,400869301,,42.0,,sbro_heuristic_only_unvalidated,single_source
2016,400869590,,68.5,,sbro_heuristic_only_unvalidated,single_source
2016,400869667,,49.0,,sbro_heuristic_only_unvalidated,single_source
2016,400869823,,58.5,,sbro_heuristic_only_unvalidated,single_source
2016,400869020,,48.5,,sbro_heuristic_only_unvalidated,single_source
2016,400869217,,63.0,,sbro_heuristic_only_unvalidated,single_source
2016,400869303,,68.5,,sbro_heuristic_only_unvalidated,single_source
2016,400869216,,54.5,,sbro_heuristic_only_unvalidated,single_source
2016,400869380,,59.5,,sbro_heuristic_only_unvalidated,single_source
2016,400869460,,54.0,,sbro_heuristic_only_unvalidated,single_source
2016,400869607,,67.5,,sbro_heuristic_only_unvalidated,single_source
2016,400869824,,,,,missing
2016,400869378,,49.0,,sbro_heuristic_only_unvalidated,single_source
2016,400869134,,70.0,,sbro_heuristic_only_unvalidated,single_source
2016,400869215,,53.0,,sbro_heuristic_only_unvalidated,single_source
2016,400869131,,57.5,,sbro_heuristic_only_unvalidated,single_source
2016,400869218,,54.0,,sbro_heuristic_only_unvalidated,single_source
2016,400869377,,60.5,,sbro_heuristic_only_unvalidated,single_source
2016,400869022,,41.0,,sbro_heuristic_only_unvalidated,single_source
2016,400869825,,50.5,,sbro_heuristic_only_unvalidated,single_source
2016,400869461,,69.5,,sbro_heuristic_only_unvalidated,single_source
2016,400869538,,51.5,,sbro_heuristic_only_unvalidated,single_source
2016,400869221,,51.0,,sbro_heuristic_only_unvalidated,single_source
2016,400868928,,56.5,,sbro_heuristic_only_unvalidated,single_source
2016,400869028,,54.5,,sbro_heuristic_only_unvalidated,single_source
2016,400869644,,45.5,,sbro_heuristic_only_unvalidated,single_source
2016,400869462,,60.0,,sbro_heuristic_only_unvalidated,single_source
2016,400869670,,58.5,,sbro_heuristic_only_unvalidated,single_source
2016,400868880,,65.0,,sbro_heuristic_only_unvalidated,single_source
2016,400869024,,66.5,,sbro_heuristic_only_unvalidated,single_source
2016,400869541,,68.0,,sbro_heuristic_only_unvalidated,single_source
2016,400869463,,51.0,,sbro_heuristic_only_unvalidated,single_source
2016,400869220,,58.5,,sbro_heuristic_only_unvalidated,single_source
2016,400869723,,68.0,,sbro_heuristic_only_unvalidated,single_source
2016,400869466,,64.0,,sbro_heuristic_only_unvalidated,single_source
2016,400869025,,52.5,,sbro_heuristic_only_unvalidated,single_source
2016,400869608,,56.5,,sbro_heuristic_only_unvalidated,single_source
2016,400869627,,82.5,,sbro_heuristic_only_unvalidated,single_source
2016,400869139,,41.5,,sbro_heuristic_only_unvalidated,single_source
2016,400869310,,66.5,,sbro_heuristic_only_unvalidated,single_source
2016,400868915,,46.5,,sbro_heuristic_only_unvalidated,single_source
2016,400869026,,41.5,,sbro_heuristic_only_unvalidated,single_source
2016,400869637,,51.5,,sbro_heuristic_only_unvalidated,single_source
2016,400869673,,52.5,,sbro_heuristic_only_unvalidated,single_source
2016,400869464,,48.0,,sbro_heuristic_only_unvalidated,single_source
2016,400869465,,60.5,,sbro_heuristic_only_unvalidated,single_source
2016,400869308,,54.0,,sbro_heuristic_only_unvalidated,single_source
2016,400869309,43.25,42.5,0.75,cross_validated_vs_cfbd,source_variance
2016,400869384,,75.5,,sbro_heuristic_only_unvalidated,single_source
2016,400868963,,64.0,,sbro_heuristic_only_unvalidated,single_source
2016,400869136,,,,,missing
2016,400869219,,53.0,,sbro_heuristic_only_unvalidated,single_source
2016,400869305,,52.5,,sbro_heuristic_only_unvalidated,single_source
2016,400869306,,71.0,,sbro_heuristic_only_unvalidated,single_source
2016,400869307,,,,,missing
2016,400869672,,42.0,,sbro_heuristic_only_unvalidated,single_source
2016,400869827,,54.5,,sbro_heuristic_only_unvalidated,single_source
2016,400869828,,67.5,,sbro_heuristic_only_unvalidated,single_source
2016,400869382,56.25,55.5,0.75,cross_validated_vs_cfbd,source_variance
2016,400869383,,61.0,,sbro_heuristic_only_unvalidated,single_source
2016,400869385,,53.5,,sbro_heuristic_only_unvalidated,single_source
2016,400869540,,54.0,,sbro_heuristic_only_unvalidated,single_source
2016,400869591,,69.0,,sbro_heuristic_only_unvalidated,single_source
2016,400869826,,56.0,,sbro_heuristic_only_unvalidated,single_source
2016,400869829,,,,,missing
2016,400868952,53.0,54.5,1.5,cross_validated_vs_cfbd,source_conflict
2016,400869027,,55.5,,sbro_heuristic_only_unvalidated,single_source
2016,400869539,,51.5,,sbro_heuristic_only_unvalidated,single_source
2016,400869138,,51.5,,sbro_heuristic_only_unvalidated,single_source
2016,400869223,,56.5,,sbro_heuristic_only_unvalidated,single_source
2016,400869222,54.0,55.0,1.0,cross_validated_vs_cfbd,source_variance
2016,400869224,,58.0,,sbro_heuristic_only_unvalidated,single_source
2016,400869467,,52.5,,sbro_heuristic_only_unvalidated,single_source
2016,400869830,,49.0,,sbro_heuristic_only_unvalidated,single_source
2016,400869542,,58.5,,sbro_heuristic_only_unvalidated,single_source
2016,400869140,,90.0,,sbro_heuristic_only_unvalidated,single_source
2016,400869230,,48.0,,sbro_heuristic_only_unvalidated,single_source
2016,400869029,,59.0,,sbro_heuristic_only_unvalidated,single_source
2016,400869645,,55.5,,sbro_heuristic_only_unvalidated,single_source
2016,400869676,,51.5,,sbro_heuristic_only_unvalidated,single_source
2016,400869469,,65.0,,sbro_heuristic_only_unvalidated,single_source
2016,400869677,,59.0,,sbro_heuristic_only_unvalidated,single_source
2016,400869545,,60.0,,sbro_heuristic_only_unvalidated,single_source
2016,400869628,,65.0,,sbro_heuristic_only_unvalidated,single_source
2016,400869616,,85.5,,sbro_heuristic_only_unvalidated,single_source
2016,400869030,,52.5,,sbro_heuristic_only_unvalidated,single_source
2016,400869142,,42.5,,sbro_heuristic_only_unvalidated,single_source
2016,400869314,,61.5,,sbro_heuristic_only_unvalidated,single_source
2016,400869470,,68.5,,sbro_heuristic_only_unvalidated,single_source
2016,400869032,,60.5,,sbro_heuristic_only_unvalidated,single_source
2016,400869546,,57.0,,sbro_heuristic_only_unvalidated,single_source
2016,400869548,,65.5,,sbro_heuristic_only_unvalidated,single_source
2016,400869681,,50.0,,sbro_heuristic_only_unvalidated,single_source
2016,400868916,,47.0,,sbro_heuristic_only_unvalidated,single_source
2016,400868964,,47.0,,sbro_heuristic_only_unvalidated,single_source
2016,400869313,,60.0,,sbro_heuristic_only_unvalidated,single_source
2016,400869316,,52.5,,sbro_heuristic_only_unvalidated,single_source
2016,400869543,,45.0,,sbro_heuristic_only_unvalidated,single_source
2016,400869600,,60.5,,sbro_heuristic_only_unvalidated,single_source
2016,400869609,,54.5,,sbro_heuristic_only_unvalidated,single_source
2016,400869638,,45.0,,sbro_heuristic_only_unvalidated,single_source
2016,400869678,,54.5,,sbro_heuristic_only_unvalidated,single_source
2016,400869468,,49.5,,sbro_heuristic_only_unvalidated,single_source
2016,400869315,,43.0,,sbro_heuristic_only_unvalidated,single_source
2016,400869225,,58.5,,sbro_heuristic_only_unvalidated,single_source
2016,400869143,,50.0,,sbro_heuristic_only_unvalidated,single_source
2016,400869311,,63.0,,sbro_heuristic_only_unvalidated,single_source
2016,400869312,,,,,missing
2016,400869831,,53.0,,sbro_heuristic_only_unvalidated,single_source
2016,400869547,,53.5,,sbro_heuristic_only_unvalidated,single_source
2016,400869033,,71.5,,sbro_heuristic_only_unvalidated,single_source
2016,400869226,,56.5,,sbro_heuristic_only_unvalidated,single_source
2016,400869386,,59.5,,sbro_heuristic_only_unvalidated,single_source
2016,400869387,,65.5,,sbro_heuristic_only_unvalidated,single_source
2016,400869388,,65.0,,sbro_heuristic_only_unvalidated,single_source
2016,400869544,,63.5,,sbro_heuristic_only_unvalidated,single_source
2016,400869834,,65.0,,sbro_heuristic_only_unvalidated,single_source
2016,400869031,,53.5,,sbro_heuristic_only_unvalidated,single_source
2016,400869675,,49.5,,sbro_heuristic_only_unvalidated,single_source
2016,400869832,,65.0,,sbro_heuristic_only_unvalidated,single_source
2016,400869141,,65.0,,sbro_heuristic_only_unvalidated,single_source
2016,400869229,,53.0,,sbro_heuristic_only_unvalidated,single_source
2016,400869471,,,,,missing
2016,400869835,,46.0,,sbro_heuristic_only_unvalidated,single_source
2016,400869145,,74.0,,sbro_heuristic_only_unvalidated,single_source
2016,400869148,,52.5,,sbro_heuristic_only_unvalidated,single_source
2016,400869475,,70.0,,sbro_heuristic_only_unvalidated,single_source
2016,400869646,,53.5,,sbro_heuristic_only_unvalidated,single_source
2016,400869683,,44.0,,sbro_heuristic_only_unvalidated,single_source
2016,400868881,,73.0,,sbro_heuristic_only_unvalidated,single_source
2016,400869040,,71.5,,sbro_heuristic_only_unvalidated,single_source
2016,400869621,,65.5,,sbro_heuristic_only_unvalidated,single_source
2016,400869035,,42.5,,sbro_heuristic_only_unvalidated,single_source
2016,400869601,,64.5,,sbro_heuristic_only_unvalidated,single_source
2016,400869039,,51.0,,sbro_heuristic_only_unvalidated,single_source
2016,400869682,,58.0,,sbro_heuristic_only_unvalidated,single_source
2016,400869474,,50.5,,sbro_heuristic_only_unvalidated,single_source
2016,400869549,,59.0,,sbro_heuristic_only_unvalidated,single_source
2016,400869551,,54.0,,sbro_heuristic_only_unvalidated,single_source
2016,400869592,,50.5,,sbro_heuristic_only_unvalidated,single_source
2016,400869679,,46.5,,sbro_heuristic_only_unvalidated,single_source
2016,400869472,,42.5,,sbro_heuristic_only_unvalidated,single_source
2016,400868917,,41.5,,sbro_heuristic_only_unvalidated,single_source
2016,400868953,,58.0,,sbro_heuristic_only_unvalidated,single_source
2016,400869550,,52.5,,sbro_heuristic_only_unvalidated,single_source
2016,400869629,,87.0,,sbro_heuristic_only_unvalidated,single_source
2016,400869680,,55.0,,sbro_heuristic_only_unvalidated,single_source
2016,400869553,,48.5,,sbro_heuristic_only_unvalidated,single_source
2016,400869147,,73.5,,sbro_heuristic_only_unvalidated,single_source
2016,400869837,,47.0,,sbro_heuristic_only_unvalidated,single_source
2016,400869394,,67.5,,sbro_heuristic_only_unvalidated,single_source
2016,400869836,,55.0,,sbro_heuristic_only_unvalidated,single_source
2016,400869552,,75.0,,sbro_heuristic_only_unvalidated,single_source
2016,400869235,55.0,55.0,0.0,cross_validated_vs_cfbd,verified
2016,400869149,,55.0,,sbro_heuristic_only_unvalidated,single_source
2016,400869146,,,,,missing
2016,400869233,65.5,65.0,0.5,cross_validated_vs_cfbd,verified
2016,400869321,,64.0,,sbro_heuristic_only_unvalidated,single_source
2016,400869320,,,,,missing
2016,400869322,,72.5,,sbro_heuristic_only_unvalidated,single_source
2016,400869593,,71.5,,sbro_heuristic_only_unvalidated,single_source
2016,400869150,,57.0,,sbro_heuristic_only_unvalidated,single_source
2016,400869323,,52.0,,sbro_heuristic_only_unvalidated,single_source
2016,400869838,,47.5,,sbro_heuristic_only_unvalidated,single_source
2016,400869236,,59.5,,sbro_heuristic_only_unvalidated,single_source
2016,400869324,,47.0,,sbro_heuristic_only_unvalidated,single_source
2016,400869044,,46.0,,sbro_heuristic_only_unvalidated,single_source
2016,400869477,,69.0,,sbro_heuristic_only_unvalidated,single_source
2016,400869685,,54.0,,sbro_heuristic_only_unvalidated,single_source
2016,400869046,,61.0,,sbro_heuristic_only_unvalidated,single_source
2016,400869154,,75.5,,sbro_heuristic_only_unvalidated,single_source
2016,400869647,,53.5,,sbro_heuristic_only_unvalidated,single_source
2016,400869476,,51.5,,sbro_heuristic_only_unvalidated,single_source
2016,400869687,,42.0,,sbro_heuristic_only_unvalidated,single_source
2016,400869042,,45.5,,sbro_heuristic_only_unvalidated,single_source
2016,400869041,,44.0,,sbro_heuristic_only_unvalidated,single_source
2016,400869688,,51.5,,sbro_heuristic_only_unvalidated,single_source
2016,400868882,,66.5,,sbro_heuristic_only_unvalidated,single_source
2016,400869610,,58.5,,sbro_heuristic_only_unvalidated,single_source
2016,400869602,,54.0,,sbro_heuristic_only_unvalidated,single_source
2016,400869479,,58.0,,sbro_heuristic_only_unvalidated,single_source
2016,400869151,,66.5,,sbro_heuristic_only_unvalidated,single_source
2016,400868954,,62.5,,sbro_heuristic_only_unvalidated,single_source
2016,400868918,,46.5,,sbro_heuristic_only_unvalidated,single_source
2016,400869045,,,,,missing
2016,400869630,,86.0,,sbro_heuristic_only_unvalidated,single_source
2016,400869639,,58.0,,sbro_heuristic_only_unvalidated,single_source
2016,400869684,,48.0,,sbro_heuristic_only_unvalidated,single_source
2016,400869481,,58.5,,sbro_heuristic_only_unvalidated,single_source
2016,400869403,,64.0,,sbro_heuristic_only_unvalidated,single_source
2016,400869482,,45.0,,sbro_heuristic_only_unvalidated,single_source
2016,400868930,,54.0,,sbro_heuristic_only_unvalidated,single_source
2016,400868966,,57.0,,sbro_heuristic_only_unvalidated,single_source
2016,400869153,,42.5,,sbro_heuristic_only_unvalidated,single_source
2016,400869237,,58.0,,sbro_heuristic_only_unvalidated,single_source
2016,400869397,,60.5,,sbro_heuristic_only_unvalidated,single_source
2016,400869399,,56.0,,sbro_heuristic_only_unvalidated,single_source
2016,400869686,,52.5,,sbro_heuristic_only_unvalidated,single_source
2016,400869839,,53.5,,sbro_heuristic_only_unvalidated,single_source
2016,400869047,,56.0,,sbro_heuristic_only_unvalidated,single_source
2016,400869556,,65.0,,sbro_heuristic_only_unvalidated,single_source
2016,400869840,,56.0,,sbro_heuristic_only_unvalidated,single_source
2016,400921256,,47.5,,sbro_heuristic_only_unvalidated,single_source
2016,400869152,,78.5,,sbro_heuristic_only_unvalidated,single_source
2016,400869401,,58.0,,sbro_heuristic_only_unvalidated,single_source
2016,400869555,76.0,75.5,0.5,cross_validated_vs_cfbd,verified
2016,400869238,,59.5,,sbro_heuristic_only_unvalidated,single_source
2016,400869239,,55.5,,sbro_heuristic_only_unvalidated,single_source
2016,400869155,,56.0,,sbro_heuristic_only_unvalidated,single_source
2016,400869483,,66.5,,sbro_heuristic_only_unvalidated,single_source
2016,400869484,,47.0,,sbro_heuristic_only_unvalidated,single_source
2016,400869049,,52.0,,sbro_heuristic_only_unvalidated,single_source
2016,400869690,,51.0,,sbro_heuristic_only_unvalidated,single_source
2016,400869648,,57.5,,sbro_heuristic_only_unvalidated,single_source
2016,400869487,,57.0,,sbro_heuristic_only_unvalidated,single_source
2016,400869693,,42.0,,sbro_heuristic_only_unvalidated,single_source
2016,400869052,,50.0,,sbro_heuristic_only_unvalidated,single_source
2016,400869689,,60.5,,sbro_heuristic_only_unvalidated,single_source
2016,400868883,,79.5,,sbro_heuristic_only_unvalidated,single_source
2016,400869622,,88.0,,sbro_heuristic_only_unvalidated,single_source
2016,400869486,,55.5,,sbro_heuristic_only_unvalidated,single_source
2016,400869631,,66.0,,sbro_heuristic_only_unvalidated,single_source
2016,400869691,,48.0,,sbro_heuristic_only_unvalidated,single_source
2016,400869242,,63.0,,sbro_heuristic_only_unvalidated,single_source
2016,400869160,,79.0,,sbro_heuristic_only_unvalidated,single_source
2016,400869050,,46.0,,sbro_heuristic_only_unvalidated,single_source
2016,400869051,,38.0,,sbro_heuristic_only_unvalidated,single_source
2016,400869054,,58.5,,sbro_heuristic_only_unvalidated,single_source
2016,400869557,,55.0,,sbro_heuristic_only_unvalidated,single_source
2016,400869558,,63.5,,sbro_heuristic_only_unvalidated,single_source
2016,400869561,,72.0,,sbro_heuristic_only_unvalidated,single_source
2016,400869594,,54.5,,sbro_heuristic_only_unvalidated,single_source
2016,400869640,,53.5,,sbro_heuristic_only_unvalidated,single_source
2016,400869692,,58.5,,sbro_heuristic_only_unvalidated,single_source
2016,400869488,,61.5,,sbro_heuristic_only_unvalidated,single_source
2016,400869329,,50.5,,sbro_heuristic_only_unvalidated,single_source
2016,400869404,,60.0,,sbro_heuristic_only_unvalidated,single_source
2016,400869724,,55.0,,sbro_heuristic_only_unvalidated,single_source
2016,400869845,,52.0,,sbro_heuristic_only_unvalidated,single_source
2016,400868931,,53.5,,sbro_heuristic_only_unvalidated,single_source
2016,400869843,,63.5,,sbro_heuristic_only_unvalidated,single_source
2016,400868919,,54.5,,sbro_heuristic_only_unvalidated,single_source
2016,400869053,,53.0,,sbro_heuristic_only_unvalidated,single_source
2016,400869244,,61.0,,sbro_heuristic_only_unvalidated,single_source
2016,400869406,,64.5,,sbro_heuristic_only_unvalidated,single_source
2016,400869408,,66.5,,sbro_heuristic_only_unvalidated,single_source
2016,400869409,,64.0,,sbro_heuristic_only_unvalidated,single_source
2016,400869560,,49.5,,sbro_heuristic_only_unvalidated,single_source
2016,400869159,,58.5,,sbro_heuristic_only_unvalidated,single_source
2016,400869846,,62.0,,sbro_heuristic_only_unvalidated,single_source
2016,400869405,,54.5,,sbro_heuristic_only_unvalidated,single_source
2016,400869407,,60.0,,sbro_heuristic_only_unvalidated,single_source
2016,400869559,,75.5,,sbro_heuristic_only_unvalidated,single_source
2016,400869158,,49.0,,sbro_heuristic_only_unvalidated,single_source
2016,400869243,,59.0,,sbro_heuristic_only_unvalidated,single_source
2016,400869245,,50.5,,sbro_heuristic_only_unvalidated,single_source
2016,400869330,,53.0,,sbro_heuristic_only_unvalidated,single_source
2016,400869331,,51.0,,sbro_heuristic_only_unvalidated,single_source
2016,400869332,,68.5,,sbro_heuristic_only_unvalidated,single_source
2016,400869333,,62.5,,sbro_heuristic_only_unvalidated,single_source
2016,400869562,68.0,67.5,0.5,cross_validated_vs_cfbd,verified
2016,400869847,,53.5,,sbro_heuristic_only_unvalidated,single_source
2016,400869246,,63.0,,sbro_heuristic_only_unvalidated,single_source
2016,400869563,,61.5,,sbro_heuristic_only_unvalidated,single_source
2016,400869649,,49.0,,sbro_heuristic_only_unvalidated,single_source
2016,400869695,,51.0,,sbro_heuristic_only_unvalidated,single_source
2016,400869491,,48.0,,sbro_heuristic_only_unvalidated,single_source
2016,400869162,,,,,missing
2016,400869698,,49.0,,sbro_heuristic_only_unvalidated,single_source
2016,400869641,,54.5,,sbro_heuristic_only_unvalidated,single_source
2016,400869617,,62.5,,sbro_heuristic_only_unvalidated,single_source
2016,400869164,,59.0,,sbro_heuristic_only_unvalidated,single_source
2016,400869623,,68.5,,sbro_heuristic_only_unvalidated,single_source
2016,400869165,,71.0,,sbro_heuristic_only_unvalidated,single_source
2016,400869163,,53.5,,sbro_heuristic_only_unvalidated,single_source
2016,400922862,,37.5,,sbro_heuristic_only_unvalidated,single_source
2016,400869493,,66.0,,sbro_heuristic_only_unvalidated,single_source
2016,400869697,,49.5,,sbro_heuristic_only_unvalidated,single_source
2016,400869064,,70.0,,sbro_heuristic_only_unvalidated,single_source
2016,400869166,,60.5,,sbro_heuristic_only_unvalidated,single_source
2016,400869065,,56.0,,sbro_heuristic_only_unvalidated,single_source
2016,400868884,,59.0,,sbro_heuristic_only_unvalidated,single_source
2016,400869414,,55.0,,sbro_heuristic_only_unvalidated,single_source
2016,400869694,,45.0,,sbro_heuristic_only_unvalidated,single_source
2016,400869494,,54.0,,sbro_heuristic_only_unvalidated,single_source
2016,400869495,52.0,51.5,0.5,cross_validated_vs_cfbd,verified
2016,400869490,,35.5,,sbro_heuristic_only_unvalidated,single_source
2016,400868932,,54.0,,sbro_heuristic_only_unvalidated,single_source
2016,400869849,,47.5,,sbro_heuristic_only_unvalidated,single_source
2016,400869848,,51.5,,sbro_heuristic_only_unvalidated,single_source
2016,400869492,,,,,missing
2016,400868955,,52.0,,sbro_heuristic_only_unvalidated,single_source
2016,400869250,,53.5,,sbro_heuristic_only_unvalidated,single_source
2016,400869566,,43.0,,sbro_heuristic_only_unvalidated,single_source
2016,400869595,,76.5,,sbro_heuristic_only_unvalidated,single_source
2016,400869603,,62.5,,sbro_heuristic_only_unvalidated,single_source
2016,400869696,,47.0,,sbro_heuristic_only_unvalidated,single_source
2016,400869249,,56.0,,sbro_heuristic_only_unvalidated,single_source
2016,400922541,,64.5,,sbro_heuristic_only_unvalidated,single_source
2016,400869850,,67.0,,sbro_heuristic_only_unvalidated,single_source
2016,400869413,,58.5,,sbro_heuristic_only_unvalidated,single_source
2016,400869412,,61.0,,sbro_heuristic_only_unvalidated,single_source
2016,400869062,57.25,57.0,0.25,cross_validated_vs_cfbd,verified
2016,400869251,,54.5,,sbro_heuristic_only_unvalidated,single_source
2016,400869411,,53.5,,sbro_heuristic_only_unvalidated,single_source
2016,400869565,,73.0,,sbro_heuristic_only_unvalidated,single_source
2016,400925661,,38.5,,sbro_heuristic_only_unvalidated,single_source
2016,400869066,,50.5,,sbro_heuristic_only_unvalidated,single_source
2016,400869564,,64.5,,sbro_heuristic_only_unvalidated,single_source
2016,400869248,,62.0,,sbro_heuristic_only_unvalidated,single_source
2016,400869161,60.5,59.5,1.0,cross_validated_vs_cfbd,source_variance
2016,400869335,,54.0,,sbro_heuristic_only_unvalidated,single_source
2016,400869067,,48.0,,sbro_heuristic_only_unvalidated,single_source
2016,400869168,,62.5,,sbro_heuristic_only_unvalidated,single_source
2016,400869699,,45.5,,sbro_heuristic_only_unvalidated,single_source
2016,400869568,,61.0,,sbro_heuristic_only_unvalidated,single_source
2016,400869497,,64.0,,sbro_heuristic_only_unvalidated,single_source
2016,400869073,,72.5,,sbro_heuristic_only_unvalidated,single_source
2016,400869632,60.75,61.5,0.75,cross_validated_vs_cfbd,source_variance
2016,400868885,,84.0,,sbro_heuristic_only_unvalidated,single_source
2016,400869567,,63.0,,sbro_heuristic_only_unvalidated,single_source
2016,400869167,,,,,missing
2016,400869068,,47.0,,sbro_heuristic_only_unvalidated,single_source
2016,400869650,,45.5,,sbro_heuristic_only_unvalidated,single_source
2016,400869074,,49.5,,sbro_heuristic_only_unvalidated,single_source
2016,400869703,,43.0,,sbro_heuristic_only_unvalidated,single_source
2016,400869170,,53.5,,sbro_heuristic_only_unvalidated,single_source
2016,400869071,,71.0,,sbro_heuristic_only_unvalidated,single_source
2016,400868956,,59.5,,sbro_heuristic_only_unvalidated,single_source
2016,400869069,,47.0,,sbro_heuristic_only_unvalidated,single_source
2016,400869075,,51.0,,sbro_heuristic_only_unvalidated,single_source
2016,400869596,,60.0,,sbro_heuristic_only_unvalidated,single_source
2016,400869172,,51.5,,sbro_heuristic_only_unvalidated,single_source
2016,400869572,,65.5,,sbro_heuristic_only_unvalidated,single_source
2016,400869070,,49.0,,sbro_heuristic_only_unvalidated,single_source
2016,400869501,,54.0,,sbro_heuristic_only_unvalidated,single_source
2016,400869642,,55.0,,sbro_heuristic_only_unvalidated,single_source
2016,400869700,,66.5,,sbro_heuristic_only_unvalidated,single_source
2016,400869701,,48.5,,sbro_heuristic_only_unvalidated,single_source
2016,400869852,,51.0,,sbro_heuristic_only_unvalidated,single_source
2016,400869500,,,,,missing
2016,400869498,,34.0,,sbro_heuristic_only_unvalidated,single_source
2016,400869072,,,,,missing
2016,400869499,,55.0,,sbro_heuristic_only_unvalidated,single_source
2016,400869853,,53.0,,sbro_heuristic_only_unvalidated,single_source
2016,400869171,,70.0,,sbro_heuristic_only_unvalidated,single_source
2016,400869570,,36.0,,sbro_heuristic_only_unvalidated,single_source
2016,400869851,,58.5,,sbro_heuristic_only_unvalidated,single_source
2016,400869854,,58.0,,sbro_heuristic_only_unvalidated,single_source
2016,400869169,,71.0,,sbro_heuristic_only_unvalidated,single_source
2016,400869571,,59.0,,sbro_heuristic_only_unvalidated,single_source
2016,400868933,,52.0,,sbro_heuristic_only_unvalidated,single_source
2016,400869254,,64.5,,sbro_heuristic_only_unvalidated,single_source
2016,400926946,,44.5,,sbro_heuristic_only_unvalidated,single_source
2016,400869618,,74.5,,sbro_heuristic_only_unvalidated,single_source
2016,400868886,,69.5,,sbro_heuristic_only_unvalidated,single_source
2016,400926947,,59.5,,sbro_heuristic_only_unvalidated,single_source
2016,400869611,,51.0,,sbro_heuristic_only_unvalidated,single_source
2016,400869856,,52.5,,sbro_heuristic_only_unvalidated,single_source
2016,400926948,,79.0,,sbro_heuristic_only_unvalidated,single_source
2016,400869859,,59.0,,sbro_heuristic_only_unvalidated,single_source
2016,400869857,,53.5,,sbro_heuristic_only_unvalidated,single_source
2016,400869855,,54.0,,sbro_heuristic_only_unvalidated,single_source
2016,400926949,,58.0,,sbro_heuristic_only_unvalidated,single_source
2016,400876039,,50.0,,sbro_heuristic_only_unvalidated,single_source
2016,400903611,,51.0,,sbro_heuristic_only_unvalidated,single_source
2016,400876042,,65.0,,sbro_heuristic_only_unvalidated,single_source
2016,400876090,,58.5,,sbro_heuristic_only_unvalidated,single_source
2016,400876101,,61.0,,sbro_heuristic_only_unvalidated,single_source
2016,400876100,,58.5,,sbro_heuristic_only_unvalidated,single_source
2016,400878692,,55.5,,sbro_heuristic_only_unvalidated,single_source
2016,400876103,,48.5,,sbro_heuristic_only_unvalidated,single_source
2016,400876107,,50.5,,sbro_heuristic_only_unvalidated,single_source
2016,400876108,,56.5,,sbro_heuristic_only_unvalidated,single_source
2016,400876106,59.25,59.5,0.25,cross_validated_vs_cfbd,verified
2016,400876113,,62.0,,sbro_heuristic_only_unvalidated,single_source
2016,400876105,,50.5,,sbro_heuristic_only_unvalidated,single_source
2016,400869115,,,,,missing
2016,400869439,,45.0,,sbro_heuristic_only_unvalidated,single_source
2016,400869432,,59.0,,sbro_heuristic_only_unvalidated,single_source
2016,400868990,,71.5,,sbro_heuristic_only_unvalidated,single_source
2016,400869513,,44.0,,sbro_heuristic_only_unvalidated,single_source
2016,400869626,,54.0,,sbro_heuristic_only_unvalidated,single_source
2016,400869523,,75.5,,sbro_heuristic_only_unvalidated,single_source
2016,400869279,,48.5,,sbro_heuristic_only_unvalidated,single_source
2016,400869194,,68.5,,sbro_heuristic_only_unvalidated,single_source
2016,400869114,,60.5,,sbro_heuristic_only_unvalidated,single_source
2016,400869445,,43.0,,sbro_heuristic_only_unvalidated,single_source
2016,400869522,,64.5,,sbro_heuristic_only_unvalidated,single_source
2016,400869179,,63.0,,sbro_heuristic_only_unvalidated,single_source
2016,400869505,,57.0,,sbro_heuristic_only_unvalidated,single_source
2016,400869535,,68.0,,sbro_heuristic_only_unvalidated,single_source
2016,400869103,,56.5,,sbro_heuristic_only_unvalidated,single_source
2016,400869247,,55.0,,sbro_heuristic_only_unvalidated,single_source
2016,400868921,,47.5,,sbro_heuristic_only_unvalidated,single_source
2016,400869722,,62.0,,sbro_heuristic_only_unvalidated,single_source
2016,400869345,,68.5,,sbro_heuristic_only_unvalidated,single_source
2016,400869485,,62.0,,sbro_heuristic_only_unvalidated,single_source
2016,400869120,,85.0,,sbro_heuristic_only_unvalidated,single_source
2016,400869390,,45.5,,sbro_heuristic_only_unvalidated,single_source
2016,400869554,,44.5,,sbro_heuristic_only_unvalidated,single_source
2016,400869671,,46.5,,sbro_heuristic_only_unvalidated,single_source
2016,400876104,,58.5,,sbro_heuristic_only_unvalidated,single_source
2016,400869157,,,,,missing
2016,400869720,,50.5,,sbro_heuristic_only_unvalidated,single_source
2016,400869473,,59.0,,sbro_heuristic_only_unvalidated,single_source
2016,400869137,,63.0,,sbro_heuristic_only_unvalidated,single_source
2016,400869389,,62.5,,sbro_heuristic_only_unvalidated,single_source
2016,400869125,,58.5,,sbro_heuristic_only_unvalidated,single_source
2016,400869094,,49.5,,sbro_heuristic_only_unvalidated,single_source
2016,400869016,,51.5,,sbro_heuristic_only_unvalidated,single_source
2016,400868993,,55.5,,sbro_heuristic_only_unvalidated,single_source
2016,400868996,47.0,47.0,0.0,cross_validated_vs_cfbd,verified
2016,400869448,,65.0,,sbro_heuristic_only_unvalidated,single_source
2016,400869613,,59.5,,sbro_heuristic_only_unvalidated,single_source
2016,400869507,,67.0,,sbro_heuristic_only_unvalidated,single_source
2016,400869180,,54.0,,sbro_heuristic_only_unvalidated,single_source
2016,400869509,,67.0,,sbro_heuristic_only_unvalidated,single_source
2016,400869517,,64.0,,sbro_heuristic_only_unvalidated,single_source
2016,400869183,,66.0,,sbro_heuristic_only_unvalidated,single_source
2016,400868957,,51.0,,sbro_heuristic_only_unvalidated,single_source
2016,400869098,,77.0,,sbro_heuristic_only_unvalidated,single_source
2016,400869514,,68.0,,sbro_heuristic_only_unvalidated,single_source
2016,400868926,,51.0,,sbro_heuristic_only_unvalidated,single_source
2016,400869261,,44.0,,sbro_heuristic_only_unvalidated,single_source
2016,400868986,,,,,missing
2016,400869598,,78.5,,sbro_heuristic_only_unvalidated,single_source
2016,400869821,,49.0,,sbro_heuristic_only_unvalidated,single_source
2016,400869674,,43.5,,sbro_heuristic_only_unvalidated,single_source
2016,400869232,,63.0,,sbro_heuristic_only_unvalidated,single_source
2016,400869478,,55.5,,sbro_heuristic_only_unvalidated,single_source
2016,400869480,,65.0,,sbro_heuristic_only_unvalidated,single_source
2016,400869702,,53.0,,sbro_heuristic_only_unvalidated,single_source
2016,400869260,,64.0,,sbro_heuristic_only_unvalidated,single_source
2016,400868978,,55.5,,sbro_heuristic_only_unvalidated,single_source
2016,400868910,,45.5,,sbro_heuristic_only_unvalidated,single_source
2016,400869426,,,,,missing
2016,400869174,,63.5,,sbro_heuristic_only_unvalidated,single_source
2016,400869422,,62.0,,sbro_heuristic_only_unvalidated,single_source
2016,400869092,,55.5,,sbro_heuristic_only_unvalidated,single_source
2016,400868973,,62.0,,sbro_heuristic_only_unvalidated,single_source
2016,400868981,,57.0,,sbro_heuristic_only_unvalidated,single_source
2016,400869511,,58.0,,sbro_heuristic_only_unvalidated,single_source
2016,400869100,,80.0,,sbro_heuristic_only_unvalidated,single_source
2016,400869424,,43.0,,sbro_heuristic_only_unvalidated,single_source
2016,400869822,,53.5,,sbro_heuristic_only_unvalidated,single_source
2016,400869091,,51.5,,sbro_heuristic_only_unvalidated,single_source
2016,400869858,,,,,missing
2016,400869421,,43.0,,sbro_heuristic_only_unvalidated,single_source
2016,400868971,,63.0,,sbro_heuristic_only_unvalidated,single_source
2016,400869093,,56.5,,sbro_heuristic_only_unvalidated,single_source
2016,400869423,,63.5,,sbro_heuristic_only_unvalidated,single_source
2016,400869428,,58.0,,sbro_heuristic_only_unvalidated,single_source
2016,400868979,,57.5,,sbro_heuristic_only_unvalidated,single_source
2016,400869341,,58.0,,sbro_heuristic_only_unvalidated,single_source
2016,400868887,,49.5,,sbro_heuristic_only_unvalidated,single_source
2016,400868974,,43.5,,sbro_heuristic_only_unvalidated,single_source
2016,400869429,,69.0,,sbro_heuristic_only_unvalidated,single_source
2016,400869612,,63.0,,sbro_heuristic_only_unvalidated,single_source
2016,400869262,,52.0,,sbro_heuristic_only_unvalidated,single_source
2016,400868969,,52.0,,sbro_heuristic_only_unvalidated,single_source
2016,400869810,,55.5,,sbro_heuristic_only_unvalidated,single_source
2016,400869655,,44.0,,sbro_heuristic_only_unvalidated,single_source
2016,400868977,,58.0,,sbro_heuristic_only_unvalidated,single_source
2016,400869619,,63.0,,sbro_heuristic_only_unvalidated,single_source
2016,400869175,,63.0,,sbro_heuristic_only_unvalidated,single_source
2016,400869625,,87.0,,sbro_heuristic_only_unvalidated,single_source
2016,400869257,,47.0,,sbro_heuristic_only_unvalidated,single_source
2016,400869502,,71.5,,sbro_heuristic_only_unvalidated,single_source
2016,400869578,,59.0,,sbro_heuristic_only_unvalidated,single_source
2016,400869652,,65.0,,sbro_heuristic_only_unvalidated,single_source
2016,400869508,,61.5,,sbro_heuristic_only_unvalidated,single_source
2016,400869427,,57.0,,sbro_heuristic_only_unvalidated,single_source
2016,400869597,,49.5,,sbro_heuristic_only_unvalidated,single_source
2016,400869182,,47.5,,sbro_heuristic_only_unvalidated,single_source
2016,400869349,,48.0,,sbro_heuristic_only_unvalidated,single_source
2016,400869718,,65.0,,sbro_heuristic_only_unvalidated,single_source
2016,400869504,,49.0,,sbro_heuristic_only_unvalidated,single_source
2016,400869402,,52.5,,sbro_heuristic_only_unvalidated,single_source
2016,400869190,,,,,missing
2016,400869376,,68.5,,sbro_heuristic_only_unvalidated,single_source
2016,400869275,,57.5,,sbro_heuristic_only_unvalidated,single_source
2016,400869189,,,,,missing
2016,400869433,,,,,missing
2016,400869188,,,,,missing
2017,400944827,,,,,missing
2017,400945246,,34.5,,sbro_heuristic_only_unvalidated,single_source
2017,400938597,,27.5,,sbro_heuristic_only_unvalidated,single_source
2017,400938596,,24.0,,sbro_heuristic_only_unvalidated,single_source
2017,400941790,,3.0,,sbro_heuristic_only_unvalidated,single_source
2017,400938593,,40.0,,sbro_heuristic_only_unvalidated,single_source
2017,400938595,,17.5,,sbro_heuristic_only_unvalidated,single_source
2017,400938888,56.5,57.0,0.5,cross_validated_vs_cfbd,verified
2017,400944829,,16.5,,sbro_heuristic_only_unvalidated,single_source
2017,400944892,,36.5,,sbro_heuristic_only_unvalidated,single_source
2017,400945251,,10.5,,sbro_heuristic_only_unvalidated,single_source
2017,400933839,58.0,58.5,0.5,cross_validated_vs_cfbd,verified
2017,400945247,,34.0,,sbro_heuristic_only_unvalidated,single_source
2017,400945252,,45.0,,sbro_heuristic_only_unvalidated,single_source
2017,400945249,,23.5,,sbro_heuristic_only_unvalidated,single_source
2017,400945248,,34.5,,sbro_heuristic_only_unvalidated,single_source
2017,400938600,,20.0,,sbro_heuristic_only_unvalidated,single_source
2017,400938611,55.5,,,,single_source
2017,400935283,65.5,65.5,0.0,cross_validated_vs_cfbd,verified
2017,400945259,48.0,48.5,0.5,cross_validated_vs_cfbd,verified
2017,400944901,51.5,51.0,0.5,cross_validated_vs_cfbd,verified
2017,400944843,,3.0,,sbro_heuristic_only_unvalidated,single_source
2017,400938616,59.0,59.0,0.0,cross_validated_vs_cfbd,verified
2017,400944903,,36.5,,sbro_heuristic_only_unvalidated,single_source
2017,400938620,45.0,45.0,0.0,cross_validated_vs_cfbd,verified
2017,400938619,59.0,59.0,0.0,cross_validated_vs_cfbd,verified
2017,400937484,63.5,63.5,0.0,cross_validated_vs_cfbd,verified
2017,400938890,53.0,53.5,0.5,cross_validated_vs_cfbd,verified
2017,400944986,41.0,41.0,0.0,cross_validated_vs_cfbd,verified
2017,400944904,57.5,57.5,0.0,cross_validated_vs_cfbd,verified
2017,400944905,53.5,55.0,1.5,cross_validated_vs_cfbd,source_conflict
2017,400945263,50.5,50.5,0.0,cross_validated_vs_cfbd,verified
2017,400945265,59.5,59.0,0.5,cross_validated_vs_cfbd,verified
2017,400944987,47.5,47.0,0.5,cross_validated_vs_cfbd,verified
2017,400945266,63.0,62.5,0.5,cross_validated_vs_cfbd,verified
2017,400945264,66.0,66.0,0.0,cross_validated_vs_cfbd,verified
2017,400945271,56.5,55.0,1.5,cross_validated_vs_cfbd,source_conflict
2017,400944991,60.0,60.5,0.5,cross_validated_vs_cfbd,verified
2017,400944989,50.5,50.5,0.0,cross_validated_vs_cfbd,verified
2017,400944988,52.0,52.0,0.0,cross_validated_vs_cfbd,verified
2017,400944992,44.5,,,,single_source
2017,400938630,65.5,65.5,0.0,cross_validated_vs_cfbd,verified
2017,400945268,65.0,66.5,1.5,cross_validated_vs_cfbd,source_conflict
2017,400945269,59.5,59.5,0.0,cross_validated_vs_cfbd,verified
2017,400945270,62.5,62.5,0.0,cross_validated_vs_cfbd,verified
2017,400945272,65.5,64.5,1.0,cross_validated_vs_cfbd,source_variance
2017,400945273,47.0,47.0,0.0,cross_validated_vs_cfbd,verified
2017,400944995,42.0,43.0,1.0,cross_validated_vs_cfbd,source_variance
2017,400944996,50.0,50.0,0.0,cross_validated_vs_cfbd,verified
2017,400944997,62.0,61.0,1.0,cross_validated_vs_cfbd,source_variance
2017,400944998,55.0,57.0,2.0,cross_validated_vs_cfbd,source_conflict
2017,400945275,54.5,54.5,0.0,cross_validated_vs_cfbd,verified
2017,400945274,65.5,65.0,0.5,cross_validated_vs_cfbd,verified
2017,400945277,59.5,58.0,1.5,cross_validated_vs_cfbd,source_conflict
2017,400944994,54.5,54.5,0.0,cross_validated_vs_cfbd,verified
2017,400945278,65.0,64.5,0.5,cross_validated_vs_cfbd,verified
2017,400945280,61.0,61.0,0.0,cross_validated_vs_cfbd,verified
2017,400945002,47.0,47.0,0.0,cross_validated_vs_cfbd,verified
2017,400945003,56.5,57.0,0.5,cross_validated_vs_cfbd,verified
2017,400945004,51.5,51.0,0.5,cross_validated_vs_cfbd,verified
2017,400945000,47.0,47.5,0.5,cross_validated_vs_cfbd,verified
2017,400945001,48.0,48.5,0.5,cross_validated_vs_cfbd,verified
2017,400938892,54.5,54.5,0.0,cross_validated_vs_cfbd,verified
2017,400935302,68.0,66.5,1.5,cross_validated_vs_cfbd,source_conflict
2017,400945281,60.5,59.0,1.5,cross_validated_vs_cfbd,source_conflict
2017,400945279,44.5,44.0,0.5,cross_validated_vs_cfbd,verified
2017,400945282,49.5,49.0,0.5,cross_validated_vs_cfbd,verified
2017,400945005,47.0,,,,single_source
2017,400945007,49.5,49.5,0.0,cross_validated_vs_cfbd,verified
2017,400945283,68.5,70.0,1.5,cross_validated_vs_cfbd,source_conflict
2017,400938645,51.5,51.0,0.5,cross_validated_vs_cfbd,verified
2017,400938893,57.0,57.0,0.0,cross_validated_vs_cfbd,verified
2017,400938644,67.5,67.5,0.0,cross_validated_vs_cfbd,verified
2017,400944863,54.0,54.0,0.0,cross_validated_vs_cfbd,verified
2017,400938646,58.5,58.5,0.0,cross_validated_vs_cfbd,verified
2017,400938647,50.5,50.5,0.0,cross_validated_vs_cfbd,verified
2017,400938648,47.5,47.5,0.0,cross_validated_vs_cfbd,verified
2017,400945284,51.5,51.5,0.0,cross_validated_vs_cfbd,verified
2017,400945286,59.0,59.0,0.0,cross_validated_vs_cfbd,verified
2017,400945287,54.0,53.5,0.5,cross_validated_vs_cfbd,verified
2017,400945008,48.0,47.0,1.0,cross_validated_vs_cfbd,source_variance
2017,400945009,53.5,53.5,0.0,cross_validated_vs_cfbd,verified
2017,400945011,47.0,47.0,0.0,cross_validated_vs_cfbd,verified
2017,400944866,50.5,50.0,0.5,cross_validated_vs_cfbd,verified
2017,400944867,62.5,,,,single_source
2017,400945294,50.5,50.5,0.0,cross_validated_vs_cfbd,verified
2017,400945013,51.0,51.0,0.0,cross_validated_vs_cfbd,verified
2017,400945014,61.0,61.0,0.0,cross_validated_vs_cfbd,verified
2017,400945016,45.5,45.0,0.5,cross_validated_vs_cfbd,verified
2017,400945018,51.5,,,,single_source
2017,400944871,51.5,51.5,0.0,cross_validated_vs_cfbd,verified
2017,400938654,49.5,49.5,0.0,cross_validated_vs_cfbd,verified
2017,400938659,49.0,49.0,0.0,cross_validated_vs_cfbd,verified
2017,400945298,67.5,67.5,0.0,cross_validated_vs_cfbd,verified
2017,400938658,53.5,53.5,0.0,cross_validated_vs_cfbd,verified
2017,400944872,55.5,56.0,0.5,cross_validated_vs_cfbd,verified
2017,400938655,47.5,48.0,0.5,cross_validated_vs_cfbd,verified
2017,400938660,50.0,50.0,0.0,cross_validated_vs_cfbd,verified
2017,400945296,59.0,59.5,0.5,cross_validated_vs_cfbd,verified
2017,400945300,60.5,60.5,0.0,cross_validated_vs_cfbd,verified
2017,400938661,48.5,48.5,0.0,cross_validated_vs_cfbd,verified
2017,400938663,48.5,48.5,0.0,cross_validated_vs_cfbd,verified
2017,400944877,44.5,45.5,1.0,cross_validated_vs_cfbd,source_variance
2017,400945303,56.5,56.0,0.5,cross_validated_vs_cfbd,verified
2017,400945301,67.5,67.0,0.5,cross_validated_vs_cfbd,verified
2017,400933924,48.0,48.0,0.0,cross_validated_vs_cfbd,verified
2017,400944876,50.5,51.0,0.5,cross_validated_vs_cfbd,verified
2017,400944878,65.0,65.0,0.0,cross_validated_vs_cfbd,verified
2017,400945305,56.0,56.0,0.0,cross_validated_vs_cfbd,verified
2017,400945025,62.5,61.5,1.0,cross_validated_vs_cfbd,source_variance
2017,400945026,46.0,47.0,1.0,cross_validated_vs_cfbd,source_variance
2017,400945027,54.5,53.5,1.0,cross_validated_vs_cfbd,source_variance
2017,400945030,62.0,61.5,0.5,cross_validated_vs_cfbd,verified
2017,400945029,56.0,56.0,0.0,cross_validated_vs_cfbd,verified
2017,400945308,48.5,47.5,1.0,cross_validated_vs_cfbd,source_variance
2017,400938668,56.5,56.0,0.5,cross_validated_vs_cfbd,verified
2017,400945307,49.0,47.5,1.5,cross_validated_vs_cfbd,source_conflict
2017,400933933,43.0,43.0,0.0,cross_validated_vs_cfbd,verified
2017,400938672,62.5,63.5,1.0,cross_validated_vs_cfbd,source_variance
2017,400938673,48.0,48.0,0.0,cross_validated_vs_cfbd,verified
2017,400938671,51.5,52.0,0.5,cross_validated_vs_cfbd,verified
2017,400945311,70.0,70.0,0.0,cross_validated_vs_cfbd,verified
2017,400933938,45.5,45.5,0.0,cross_validated_vs_cfbd,verified
2017,400944882,56.5,56.5,0.0,cross_validated_vs_cfbd,verified
2017,400944881,56.5,56.5,0.0,cross_validated_vs_cfbd,verified
2017,400938669,52.5,52.5,0.0,cross_validated_vs_cfbd,verified
2017,400945310,47.0,47.0,0.0,cross_validated_vs_cfbd,verified
2017,400944873,51.5,51.5,0.0,cross_validated_vs_cfbd,verified
2017,400953325,61.0,61.0,0.0,cross_validated_vs_cfbd,verified
2017,400954523,70.5,70.5,0.0,cross_validated_vs_cfbd,verified
2017,400953323,63.0,63.0,0.0,cross_validated_vs_cfbd,verified
2017,400953322,61.5,62.5,1.0,cross_validated_vs_cfbd,source_variance
2017,400934494,,59.5,,sbro_heuristic_only_unvalidated,single_source
2017,400941793,,21.5,,sbro_heuristic_only_unvalidated,single_source
2017,400935253,,39.5,,sbro_heuristic_only_unvalidated,single_source
2017,400945250,,35.0,,sbro_heuristic_only_unvalidated,single_source
2017,400935251,,,,,missing
2017,400941805,,29.5,,sbro_heuristic_only_unvalidated,single_source
2017,400982707,,27.5,,sbro_heuristic_only_unvalidated,single_source
2017,400986609,,43.5,,sbro_heuristic_only_unvalidated,single_source
2017,400938894,,14.5,,sbro_heuristic_only_unvalidated,single_source
2017,400953415,45.5,45.0,0.5,cross_validated_vs_cfbd,verified
2017,400944828,,14.5,,sbro_heuristic_only_unvalidated,single_source
2017,400935239,54.0,54.5,0.5,cross_validated_vs_cfbd,verified
2017,400934498,57.5,56.0,1.5,cross_validated_vs_cfbd,source_conflict
2017,400944834,69.5,68.5,1.0,cross_validated_vs_cfbd,source_variance
2017,400933860,76.0,75.5,0.5,cross_validated_vs_cfbd,verified
2017,400935266,,,,,missing
2017,400944839,54.0,55.0,1.0,cross_validated_vs_cfbd,source_variance
2017,400941807,68.5,68.5,0.0,cross_validated_vs_cfbd,verified
2017,400944902,54.0,53.5,0.5,cross_validated_vs_cfbd,verified
2017,400945257,,34.5,,sbro_heuristic_only_unvalidated,single_source
2017,400944868,50.5,50.5,0.0,cross_validated_vs_cfbd,verified
2017,400944869,51.5,51.0,0.5,cross_validated_vs_cfbd,verified
2017,400945291,52.5,51.5,1.0,cross_validated_vs_cfbd,source_variance
2017,400945293,59.5,59.5,0.0,cross_validated_vs_cfbd,verified
2017,400945289,63.0,62.5,0.5,cross_validated_vs_cfbd,verified
2017,400945297,53.0,52.5,0.5,cross_validated_vs_cfbd,verified
2017,400945019,45.0,45.0,0.0,cross_validated_vs_cfbd,verified
2017,400945020,51.5,51.0,0.5,cross_validated_vs_cfbd,verified
2017,400945021,51.0,51.0,0.0,cross_validated_vs_cfbd,verified
2017,400945024,54.5,54.5,0.0,cross_validated_vs_cfbd,verified
2017,400938665,56.0,56.0,0.0,cross_validated_vs_cfbd,verified
2017,400945302,55.5,55.5,0.0,cross_validated_vs_cfbd,verified
2017,400933922,56.0,56.0,0.0,cross_validated_vs_cfbd,verified
2017,400938666,53.0,52.0,1.0,cross_validated_vs_cfbd,source_variance
2017,400945306,57.5,57.0,0.5,cross_validated_vs_cfbd,verified
2017,400985387,55.5,56.0,0.5,cross_validated_vs_cfbd,verified
2017,400944886,49.0,49.0,0.0,cross_validated_vs_cfbd,verified
2017,400944887,45.0,45.0,0.0,cross_validated_vs_cfbd,verified
2017,400944884,58.0,58.0,0.0,cross_validated_vs_cfbd,verified
2017,400944888,54.0,54.5,0.5,cross_validated_vs_cfbd,verified
2017,400941794,49.5,49.5,0.0,cross_validated_vs_cfbd,verified
2017,400953413,46.5,47.0,0.5,cross_validated_vs_cfbd,verified
2017,400953412,62.5,62.5,0.0,cross_validated_vs_cfbd,verified
2017,400953411,67.0,67.0,0.0,cross_validated_vs_cfbd,verified
2017,400953414,52.75,52.5,0.25,cross_validated_vs_cfbd,verified
2017,400944860,51.5,52.0,0.5,cross_validated_vs_cfbd,verified
2017,400953398,45.75,46.5,0.75,cross_validated_vs_cfbd,source_variance
2017,400953409,54.5,55.0,0.5,cross_validated_vs_cfbd,verified
2017,400953324,58.5,58.5,0.0,cross_validated_vs_cfbd,verified
2017,400953386,65.5,65.5,0.0,cross_validated_vs_cfbd,verified
2017,400953387,57.5,57.5,0.0,cross_validated_vs_cfbd,verified
2017,400953388,54.5,54.5,0.0,cross_validated_vs_cfbd,verified
2017,400934537,76.5,77.0,0.5,cross_validated_vs_cfbd,verified
2017,400941787,,58.5,,sbro_heuristic_only_unvalidated,single_source
2017,400944826,,55.0,,sbro_heuristic_only_unvalidated,single_source
2017,400944889,,55.0,,sbro_heuristic_only_unvalidated,single_source
2017,400944890,,57.0,,sbro_heuristic_only_unvalidated,single_source
2017,400935248,,60.0,,sbro_heuristic_only_unvalidated,single_source
2017,400941788,,60.0,,sbro_heuristic_only_unvalidated,single_source
2017,400933828,55.5,61.0,5.5,cross_validated_vs_cfbd,source_conflict
2017,400935234,56.0,56.0,0.0,cross_validated_vs_cfbd,verified
2017,400944830,59.0,58.0,1.0,cross_validated_vs_cfbd,source_variance
2017,400938605,54.0,52.5,1.5,cross_validated_vs_cfbd,source_conflict
2017,400938602,60.5,60.5,0.0,cross_validated_vs_cfbd,verified
2017,400945254,,42.5,,sbro_heuristic_only_unvalidated,single_source
2017,400935261,63.5,62.5,1.0,cross_validated_vs_cfbd,source_variance
2017,400944898,69.5,69.0,0.5,cross_validated_vs_cfbd,verified
2017,400933854,55.5,56.0,0.5,cross_validated_vs_cfbd,verified
2017,400944894,,34.5,,sbro_heuristic_only_unvalidated,single_source
2017,400937460,,39.5,,sbro_heuristic_only_unvalidated,single_source
2017,400944893,,48.5,,sbro_heuristic_only_unvalidated,single_source
2017,400944896,,24.5,,sbro_heuristic_only_unvalidated,single_source
2017,400935274,65.5,65.0,0.5,cross_validated_vs_cfbd,verified
2017,400934507,59.0,59.0,0.0,cross_validated_vs_cfbd,verified
2017,400935286,67.5,67.5,0.0,cross_validated_vs_cfbd,verified
2017,400933884,56.5,56.5,0.0,cross_validated_vs_cfbd,verified
2017,400981507,45.5,45.5,0.0,cross_validated_vs_cfbd,verified
2017,400933882,44.0,44.0,0.0,cross_validated_vs_cfbd,verified
2017,400944852,55.5,55.5,0.0,cross_validated_vs_cfbd,verified
2017,400937493,58.0,57.5,0.5,cross_validated_vs_cfbd,verified
2017,400933886,54.5,53.0,1.5,cross_validated_vs_cfbd,source_conflict
2017,400935379,44.0,43.0,1.0,cross_validated_vs_cfbd,source_variance
2017,400941823,73.0,73.0,0.0,cross_validated_vs_cfbd,verified
2017,400938635,55.0,55.5,0.5,cross_validated_vs_cfbd,verified
2017,400938637,52.5,52.5,0.0,cross_validated_vs_cfbd,verified
2017,400935384,48.5,48.5,0.0,cross_validated_vs_cfbd,verified
2017,400941828,55.0,55.0,0.0,cross_validated_vs_cfbd,verified
2017,400941830,61.5,62.0,0.5,cross_validated_vs_cfbd,verified
2017,400933900,62.0,,,,single_source
2017,400937507,66.5,66.5,0.0,cross_validated_vs_cfbd,verified
2017,400935308,55.5,56.0,0.5,cross_validated_vs_cfbd,verified
2017,400944864,49.5,49.5,0.0,cross_validated_vs_cfbd,verified
2017,400935309,49.5,50.0,0.5,cross_validated_vs_cfbd,verified
2017,400933903,55.5,55.5,0.0,cross_validated_vs_cfbd,verified
2017,400941835,81.0,81.0,0.0,cross_validated_vs_cfbd,verified
2017,400935399,46.0,46.0,0.0,cross_validated_vs_cfbd,verified
2017,400934545,45.0,44.0,1.0,cross_validated_vs_cfbd,source_variance
2017,400935396,49.5,49.5,0.0,cross_validated_vs_cfbd,verified
2017,400935313,53.0,,,,single_source
2017,400933911,51.5,51.5,0.0,cross_validated_vs_cfbd,verified
2017,400935311,76.0,75.5,0.5,cross_validated_vs_cfbd,verified
2017,400934541,59.5,59.5,0.0,cross_validated_vs_cfbd,verified
2017,400935401,50.0,50.0,0.0,cross_validated_vs_cfbd,verified
2017,400937512,50.0,50.5,0.5,cross_validated_vs_cfbd,verified
2017,400938653,49.5,49.5,0.0,cross_validated_vs_cfbd,verified
2017,400944870,57.0,57.0,0.0,cross_validated_vs_cfbd,verified
2017,400934569,54.5,54.5,0.0,cross_validated_vs_cfbd,verified
2017,400938649,50.0,49.5,0.5,cross_validated_vs_cfbd,verified
2017,400938651,67.0,67.0,0.0,cross_validated_vs_cfbd,verified
2017,400985386,64.5,64.5,0.0,cross_validated_vs_cfbd,verified
2017,400933905,59.5,59.5,0.0,cross_validated_vs_cfbd,verified
2017,400933907,63.5,62.5,1.0,cross_validated_vs_cfbd,source_variance
2017,400941837,54.5,53.0,1.5,cross_validated_vs_cfbd,source_conflict
2017,400938650,51.5,51.5,0.0,cross_validated_vs_cfbd,verified
2017,400935398,39.5,39.5,0.0,cross_validated_vs_cfbd,verified
2017,400945017,63.5,63.5,0.0,cross_validated_vs_cfbd,verified
2017,400937514,50.5,,,,single_source
2017,400935316,50.0,50.0,0.0,cross_validated_vs_cfbd,verified
2017,400945299,49.5,49.0,0.5,cross_validated_vs_cfbd,verified
2017,400933916,50.0,51.0,1.0,cross_validated_vs_cfbd,source_variance
2017,400937516,44.5,44.5,0.0,cross_validated_vs_cfbd,verified
2017,400935409,45.0,45.5,0.5,cross_validated_vs_cfbd,verified
2017,400935319,63.0,63.0,0.0,cross_validated_vs_cfbd,verified
2017,400935407,56.5,57.0,0.5,cross_validated_vs_cfbd,verified
2017,400935320,50.5,50.0,0.5,cross_validated_vs_cfbd,verified
2017,400937515,54.5,55.0,0.5,cross_validated_vs_cfbd,verified
2017,400935404,48.5,48.5,0.0,cross_validated_vs_cfbd,verified
2017,400938656,68.5,68.5,0.0,cross_validated_vs_cfbd,verified
2017,400941841,66.0,66.0,0.0,cross_validated_vs_cfbd,verified
2017,400934546,52.5,52.0,0.5,cross_validated_vs_cfbd,verified
2017,400938657,53.0,53.0,0.0,cross_validated_vs_cfbd,verified
2017,400941843,64.0,65.0,1.0,cross_validated_vs_cfbd,source_variance
2017,400935318,66.0,66.0,0.0,cross_validated_vs_cfbd,verified
2017,400935317,69.5,,,,single_source
2017,400945023,49.5,,,,single_source
2017,400941848,65.5,66.0,0.5,cross_validated_vs_cfbd,verified
2017,400934553,68.5,68.0,0.5,cross_validated_vs_cfbd,verified
2017,400935416,40.5,41.0,0.5,cross_validated_vs_cfbd,verified
2017,400933923,68.0,67.5,0.5,cross_validated_vs_cfbd,verified
2017,400934582,58.5,59.0,0.5,cross_validated_vs_cfbd,verified
2017,400935323,70.5,69.5,1.0,cross_validated_vs_cfbd,source_variance
2017,400941844,59.5,59.0,0.5,cross_validated_vs_cfbd,verified
2017,400937527,62.0,61.5,0.5,cross_validated_vs_cfbd,verified
2017,400941847,71.5,71.5,0.0,cross_validated_vs_cfbd,verified
2017,400935325,56.5,57.0,0.5,cross_validated_vs_cfbd,verified
2017,400934554,54.5,54.0,0.5,cross_validated_vs_cfbd,verified
2017,400941845,67.5,66.5,1.0,cross_validated_vs_cfbd,source_variance
2017,400945304,39.0,39.0,0.0,cross_validated_vs_cfbd,verified
2017,400934551,50.0,49.5,0.5,cross_validated_vs_cfbd,verified
2017,400944875,58.5,59.0,0.5,cross_validated_vs_cfbd,verified
2017,400935411,42.5,42.5,0.0,cross_validated_vs_cfbd,verified
2017,400937522,49.0,49.0,0.0,cross_validated_vs_cfbd,verified
2017,400941846,48.0,47.5,0.5,cross_validated_vs_cfbd,verified
2017,400933926,70.0,,,,single_source
2017,400935321,77.5,77.0,0.5,cross_validated_vs_cfbd,verified
2017,400937520,51.0,50.5,0.5,cross_validated_vs_cfbd,verified
2017,400941849,64.5,64.0,0.5,cross_validated_vs_cfbd,verified
2017,400937530,48.0,48.0,0.0,cross_validated_vs_cfbd,verified
2017,400945028,51.5,51.0,0.5,cross_validated_vs_cfbd,verified
2017,400933931,68.5,70.0,1.5,cross_validated_vs_cfbd,source_conflict
2017,400934557,58.5,58.0,0.5,cross_validated_vs_cfbd,verified
2017,400933932,47.5,47.5,0.0,cross_validated_vs_cfbd,verified
2017,400933937,46.5,46.5,0.0,cross_validated_vs_cfbd,verified
2017,400934560,69.5,70.0,0.5,cross_validated_vs_cfbd,verified
2017,400935421,43.5,44.5,1.0,cross_validated_vs_cfbd,source_variance
2017,400933934,51.0,51.0,0.0,cross_validated_vs_cfbd,verified
2017,400935420,49.0,49.0,0.0,cross_validated_vs_cfbd,verified
2017,400935330,50.5,,,,single_source
2017,400933936,50.5,50.5,0.0,cross_validated_vs_cfbd,verified
2017,400934559,68.0,67.5,0.5,cross_validated_vs_cfbd,verified
2017,400935418,46.0,46.0,0.0,cross_validated_vs_cfbd,verified
2017,400933935,68.0,68.0,0.0,cross_validated_vs_cfbd,verified
2017,400935422,51.0,50.5,0.5,cross_validated_vs_cfbd,verified
2017,400941851,59.0,57.5,1.5,cross_validated_vs_cfbd,source_conflict
2017,400941854,65.0,65.0,0.0,cross_validated_vs_cfbd,verified
2017,400937531,56.5,56.5,0.0,cross_validated_vs_cfbd,verified
2017,400937532,59.0,58.5,0.5,cross_validated_vs_cfbd,verified
2017,400938667,65.0,65.0,0.0,cross_validated_vs_cfbd,verified
2017,400938670,47.5,48.0,0.5,cross_validated_vs_cfbd,verified
2017,400944880,69.0,,,,single_source
2017,400934558,50.0,51.0,1.0,cross_validated_vs_cfbd,source_variance
2017,400937533,57.0,57.0,0.0,cross_validated_vs_cfbd,verified
2017,400941853,56.5,56.5,0.0,cross_validated_vs_cfbd,verified
2017,400945309,48.5,48.0,0.5,cross_validated_vs_cfbd,verified
2017,400935329,57.0,57.0,0.0,cross_validated_vs_cfbd,verified
2017,400955149,58.5,58.0,0.5,cross_validated_vs_cfbd,verified
2017,400955153,48.0,48.5,0.5,cross_validated_vs_cfbd,verified
2017,400955157,63.5,64.0,0.5,cross_validated_vs_cfbd,verified
2017,400955156,51.5,50.5,1.0,cross_validated_vs_cfbd,source_variance
2017,400955151,82.0,82.0,0.0,cross_validated_vs_cfbd,verified
2017,400955150,61.5,62.0,0.5,cross_validated_vs_cfbd,verified
2017,401000149,64.0,64.5,0.5,cross_validated_vs_cfbd,verified
2017,400944885,60.0,60.5,0.5,cross_validated_vs_cfbd,verified
2017,400953389,44.5,46.0,1.5,cross_validated_vs_cfbd,source_conflict
2017,400953390,66.0,66.0,0.0,cross_validated_vs_cfbd,verified
2017,400953391,46.5,46.5,0.0,cross_validated_vs_cfbd,verified
2017,400953392,61.5,61.5,0.0,cross_validated_vs_cfbd,verified
2017,400953393,51.75,52.0,0.25,cross_validated_vs_cfbd,verified
2017,400953395,56.0,56.0,0.0,cross_validated_vs_cfbd,verified
2017,400953394,48.5,,,,single_source
2017,400953396,59.0,58.5,0.5,cross_validated_vs_cfbd,verified
2017,400953397,48.0,48.5,0.5,cross_validated_vs_cfbd,verified
2017,400959398,64.5,64.0,0.5,cross_validated_vs_cfbd,verified
2017,400953399,61.75,61.5,0.25,cross_validated_vs_cfbd,verified
2017,400953401,49.5,50.0,0.5,cross_validated_vs_cfbd,verified
2017,400959397,47.5,47.5,0.0,cross_validated_vs_cfbd,verified
2017,400953416,60.0,61.0,1.0,cross_validated_vs_cfbd,source_variance
2017,400953400,51.0,50.5,0.5,cross_validated_vs_cfbd,verified
2017,400953404,65.5,66.0,0.5,cross_validated_vs_cfbd,verified
2017,400953403,50.5,50.5,0.0,cross_validated_vs_cfbd,verified
2017,400953417,62.5,62.5,0.0,cross_validated_vs_cfbd,verified
2017,400953402,63.0,62.5,0.5,cross_validated_vs_cfbd,verified
2017,400966332,61.0,63.5,2.5,cross_validated_vs_cfbd,source_conflict
2017,400953408,46.0,46.0,0.0,cross_validated_vs_cfbd,verified
2017,400953407,55.0,56.5,1.5,cross_validated_vs_cfbd,source_conflict
2017,400953406,67.5,68.5,1.0,cross_validated_vs_cfbd,source_variance
2017,400953405,62.0,62.0,0.0,cross_validated_vs_cfbd,verified
2017,400953410,42.0,41.0,1.0,cross_validated_vs_cfbd,source_variance
2017,400933921,,56.5,,sbro_heuristic_only_unvalidated,single_source
2017,400937521,,55.5,,sbro_heuristic_only_unvalidated,single_source
2017,400937523,,62.5,,sbro_heuristic_only_unvalidated,single_source
2017,400937526,,61.0,,sbro_heuristic_only_unvalidated,single_source
2017,400933927,,23.5,,sbro_heuristic_only_unvalidated,single_source
2017,400934490,,29.5,,sbro_heuristic_only_unvalidated,single_source
2017,400938599,,39.0,,sbro_heuristic_only_unvalidated,single_source
2017,400934570,69.5,66.0,3.5,cross_validated_vs_cfbd,source_conflict
2017,400937451,,70.5,,sbro_heuristic_only_unvalidated,single_source
2017,400937449,61.5,47.5,14.0,cross_validated_vs_cfbd,source_conflict
2017,400941791,,36.0,,sbro_heuristic_only_unvalidated,single_source
2017,400934491,,26.0,,sbro_heuristic_only_unvalidated,single_source
2017,400935255,,40.0,,sbro_heuristic_only_unvalidated,single_source
2017,400933836,62.0,36.5,25.5,sbro_heuristic_only_unvalidated,single_source
2017,400937450,64.5,,,,single_source
2017,400935254,,26.5,,sbro_heuristic_only_unvalidated,single_source
2017,400937452,,28.0,,sbro_heuristic_only_unvalidated,single_source
2017,400933835,,22.5,,sbro_heuristic_only_unvalidated,single_source
2017,400934496,72.5,12.5,60.0,sbro_heuristic_only_unvalidated,single_source
2017,400937448,,35.0,,sbro_heuristic_only_unvalidated,single_source
2017,400934489,86.5,32.0,54.5,sbro_heuristic_only_unvalidated,single_source
2017,400941792,,30.0,,sbro_heuristic_only_unvalidated,single_source
2017,400934488,,9.5,,sbro_heuristic_only_unvalidated,single_source
2017,400933920,53.0,52.5,0.5,cross_validated_vs_cfbd,verified
2017,400937529,54.0,,,,single_source
2017,400938622,48.0,48.0,0.0,cross_validated_vs_cfbd,verified
2017,400955152,71.5,71.5,0.0,cross_validated_vs_cfbd,verified
2017,400934571,59.5,59.5,0.0,cross_validated_vs_cfbd,verified
2017,400945292,48.5,48.5,0.0,cross_validated_vs_cfbd,verified
2017,400937498,48.5,48.0,0.5,cross_validated_vs_cfbd,verified
2017,400944844,53.5,,,,single_source
2017,400934555,53.5,54.0,0.5,cross_validated_vs_cfbd,verified
2017,400937485,62.0,62.5,0.5,cross_validated_vs_cfbd,verified
2017,400934502,64.5,64.0,0.5,cross_validated_vs_cfbd,verified
2017,400955154,51.0,51.0,0.0,cross_validated_vs_cfbd,verified
2017,400941801,49.0,49.0,0.0,cross_validated_vs_cfbd,verified
2017,400938617,54.0,52.5,1.5,cross_validated_vs_cfbd,source_conflict
2017,400944837,60.5,60.5,0.0,cross_validated_vs_cfbd,verified
2017,400934516,68.0,67.5,0.5,cross_validated_vs_cfbd,verified
2017,400934520,84.5,84.5,0.0,cross_validated_vs_cfbd,verified
2017,400935353,49.5,50.0,0.5,cross_validated_vs_cfbd,verified
2017,400937490,53.0,53.0,0.0,cross_validated_vs_cfbd,verified
2017,400937508,56.0,56.0,0.0,cross_validated_vs_cfbd,verified
2017,400935410,46.5,46.0,0.5,cross_validated_vs_cfbd,verified
2017,400944833,69.5,69.5,0.0,cross_validated_vs_cfbd,verified
2017,400935391,43.0,43.0,0.0,cross_validated_vs_cfbd,verified
2017,400937525,50.5,50.0,0.5,cross_validated_vs_cfbd,verified
2017,400935352,53.0,52.5,0.5,cross_validated_vs_cfbd,verified
2017,400935259,54.5,53.5,1.0,cross_validated_vs_cfbd,source_variance
2017,400934510,64.5,65.5,1.0,cross_validated_vs_cfbd,source_variance
2017,400935273,66.0,66.5,0.5,cross_validated_vs_cfbd,verified
2017,400934515,62.0,62.0,0.0,cross_validated_vs_cfbd,verified
2017,400937483,58.5,58.5,0.0,cross_validated_vs_cfbd,verified
2017,400934523,62.0,62.0,0.0,cross_validated_vs_cfbd,verified
2017,400941816,53.0,53.5,0.5,cross_validated_vs_cfbd,verified
2017,400935385,45.5,45.5,0.0,cross_validated_vs_cfbd,verified
2017,400937501,49.0,50.0,1.0,cross_validated_vs_cfbd,source_variance
2017,400941840,49.5,49.5,0.0,cross_validated_vs_cfbd,verified
2017,400941842,64.0,64.0,0.0,cross_validated_vs_cfbd,verified
2017,400934549,67.5,67.0,0.5,cross_validated_vs_cfbd,verified
2017,400934565,51.0,51.5,0.5,cross_validated_vs_cfbd,verified
2017,400933925,51.0,50.5,0.5,cross_validated_vs_cfbd,verified
2017,400933834,59.5,,,,single_source
2017,400934497,55.0,54.5,0.5,cross_validated_vs_cfbd,verified
2017,400933843,54.5,57.0,2.5,cross_validated_vs_cfbd,source_conflict
2017,400937459,73.0,72.5,0.5,cross_validated_vs_cfbd,verified
2017,400934500,56.5,56.0,0.5,cross_validated_vs_cfbd,verified
2017,400941800,52.5,51.5,1.0,cross_validated_vs_cfbd,source_variance
2017,400933861,48.5,47.5,1.0,cross_validated_vs_cfbd,source_variance
2017,400935364,51.0,51.5,0.5,cross_validated_vs_cfbd,verified
2017,400938618,60.5,60.5,0.0,cross_validated_vs_cfbd,verified
2017,400937486,52.0,,,,single_source
2017,400937491,63.0,63.5,0.5,cross_validated_vs_cfbd,verified
2017,400935383,47.5,48.0,0.5,cross_validated_vs_cfbd,verified
2017,400941825,65.5,65.5,0.0,cross_validated_vs_cfbd,verified
2017,400938642,53.0,52.5,0.5,cross_validated_vs_cfbd,verified
2017,400945285,47.0,47.0,0.0,cross_validated_vs_cfbd,verified
2017,400933906,45.0,45.0,0.0,cross_validated_vs_cfbd,verified
2017,400934580,56.0,57.0,1.0,cross_validated_vs_cfbd,source_variance
2017,400937510,51.0,51.5,0.5,cross_validated_vs_cfbd,verified
2017,400933912,54.5,54.5,0.0,cross_validated_vs_cfbd,verified
2017,400937517,48.0,48.0,0.0,cross_validated_vs_cfbd,verified
2017,400935403,51.5,51.5,0.0,cross_validated_vs_cfbd,verified
2017,400933864,58.5,58.5,0.0,cross_validated_vs_cfbd,verified
2017,400933870,58.5,58.5,0.0,cross_validated_vs_cfbd,verified
2017,400941838,63.5,63.5,0.0,cross_validated_vs_cfbd,verified
2017,400935285,60.5,61.5,1.0,cross_validated_vs_cfbd,source_variance
2017,400938625,52.5,52.5,0.0,cross_validated_vs_cfbd,verified
2017,400933879,50.0,50.0,0.0,cross_validated_vs_cfbd,verified
2017,400934577,63.5,63.5,0.0,cross_validated_vs_cfbd,verified
2017,400938628,53.5,53.5,0.0,cross_validated_vs_cfbd,verified
2017,400944849,55.0,55.5,0.5,cross_validated_vs_cfbd,verified
2017,400935295,76.5,,,,single_source
2017,400935388,50.5,49.5,1.0,cross_validated_vs_cfbd,source_variance
2017,400937504,46.5,46.0,0.5,cross_validated_vs_cfbd,verified
2017,400935305,63.0,,,,single_source
2017,400937509,49.0,,,,single_source
2017,400933902,42.5,42.5,0.0,cross_validated_vs_cfbd,verified
2017,400934543,63.0,62.0,1.0,cross_validated_vs_cfbd,source_variance
2017,400933910,48.0,48.0,0.0,cross_validated_vs_cfbd,verified
2017,400935406,49.5,49.5,0.0,cross_validated_vs_cfbd,verified
2017,400933918,41.5,41.5,0.0,cross_validated_vs_cfbd,verified
2017,400935405,47.5,47.5,0.0,cross_validated_vs_cfbd,verified
2017,400945261,54.5,55.5,1.0,cross_validated_vs_cfbd,source_variance
2017,400937481,48.0,48.5,0.5,cross_validated_vs_cfbd,verified
2017,400934576,53.5,53.5,0.0,cross_validated_vs_cfbd,verified
2017,400933873,61.0,61.0,0.0,cross_validated_vs_cfbd,verified
2017,400938623,60.0,60.0,0.0,cross_validated_vs_cfbd,verified
2017,400938634,48.0,48.0,0.0,cross_validated_vs_cfbd,verified
2017,400941822,63.5,62.5,1.0,cross_validated_vs_cfbd,source_variance
2017,400934578,61.5,61.0,0.5,cross_validated_vs_cfbd,verified
2017,400934531,67.0,67.0,0.0,cross_validated_vs_cfbd,verified
2017,400944859,55.5,56.5,1.0,cross_validated_vs_cfbd,source_variance
2017,400941831,76.5,76.5,0.0,cross_validated_vs_cfbd,verified
2017,400933899,46.0,46.5,0.5,cross_validated_vs_cfbd,verified
2017,400945012,56.5,56.5,0.0,cross_validated_vs_cfbd,verified
2017,400933909,61.5,61.5,0.0,cross_validated_vs_cfbd,verified
2017,400945290,48.5,49.0,0.5,cross_validated_vs_cfbd,verified
2017,400935312,58.5,58.5,0.0,cross_validated_vs_cfbd,verified
2017,400933913,48.0,48.0,0.0,cross_validated_vs_cfbd,verified
2017,400934550,63.5,63.5,0.0,cross_validated_vs_cfbd,verified
2017,400933928,41.5,42.0,0.5,cross_validated_vs_cfbd,verified
2017,400938662,65.5,65.5,0.0,cross_validated_vs_cfbd,verified
2017,400935267,58.0,58.5,0.5,cross_validated_vs_cfbd,verified
2017,400935276,48.5,47.5,1.0,cross_validated_vs_cfbd,source_variance
2017,400941802,74.0,73.5,0.5,cross_validated_vs_cfbd,verified
2017,400933858,69.5,68.5,1.0,cross_validated_vs_cfbd,source_variance
2017,400944842,60.0,59.0,1.0,cross_validated_vs_cfbd,source_variance
2017,400933874,51.5,51.5,0.0,cross_validated_vs_cfbd,verified
2017,400933875,39.0,39.0,0.0,cross_validated_vs_cfbd,verified
2017,400941811,44.5,44.5,0.0,cross_validated_vs_cfbd,verified
2017,400934529,77.5,78.5,1.0,cross_validated_vs_cfbd,source_variance
2017,400933887,49.5,49.0,0.5,cross_validated_vs_cfbd,verified
2017,400941824,61.0,61.5,0.5,cross_validated_vs_cfbd,verified
2017,400933857,,34.0,,sbro_heuristic_only_unvalidated,single_source
2017,400944831,,50.0,,sbro_heuristic_only_unvalidated,single_source
2017,400934495,57.5,59.5,2.0,cross_validated_vs_cfbd,source_conflict
2017,400935236,60.5,60.0,0.5,cross_validated_vs_cfbd,verified
2017,400933866,44.0,44.5,0.5,cross_validated_vs_cfbd,verified
2017,400944818,55.5,56.5,1.0,cross_validated_vs_cfbd,source_variance
2017,400941814,76.0,76.0,0.0,cross_validated_vs_cfbd,verified
2017,400935372,40.0,39.5,0.5,cross_validated_vs_cfbd,verified
2017,400935395,53.0,53.5,0.5,cross_validated_vs_cfbd,verified
2017,400938601,64.5,64.5,0.0,cross_validated_vs_cfbd,verified
2017,400938603,55.5,55.0,0.5,cross_validated_vs_cfbd,verified
2017,400945262,48.5,50.5,2.0,cross_validated_vs_cfbd,source_conflict
2017,400935367,45.0,44.0,1.0,cross_validated_vs_cfbd,source_variance
2017,400934519,57.5,57.5,0.0,cross_validated_vs_cfbd,verified
2017,400941818,60.5,61.0,0.5,cross_validated_vs_cfbd,verified
2017,400935394,57.5,57.5,0.0,cross_validated_vs_cfbd,verified
2017,400945288,50.5,51.5,1.0,cross_validated_vs_cfbd,source_variance
2017,400941834,51.5,51.5,0.0,cross_validated_vs_cfbd,verified
2017,400945295,51.0,50.5,0.5,cross_validated_vs_cfbd,verified
2017,400934556,53.0,53.0,0.0,cross_validated_vs_cfbd,verified
2017,400935328,76.0,76.5,0.5,cross_validated_vs_cfbd,verified
2017,400935269,58.5,57.0,1.5,cross_validated_vs_cfbd,source_conflict
2017,400934509,66.0,,,,single_source
2017,400933856,50.5,50.5,0.0,cross_validated_vs_cfbd,verified
2017,400935360,53.0,54.0,1.0,cross_validated_vs_cfbd,source_variance
2017,400935370,50.5,52.0,1.5,cross_validated_vs_cfbd,source_conflict
2017,400941819,54.0,54.0,0.0,cross_validated_vs_cfbd,verified
2017,400935376,45.5,45.5,0.0,cross_validated_vs_cfbd,verified
2017,400944848,61.5,61.5,0.0,cross_validated_vs_cfbd,verified
2017,400981508,53.5,55.0,1.5,cross_validated_vs_cfbd,source_conflict
2017,400935377,50.0,50.5,0.5,cross_validated_vs_cfbd,verified
2017,400937496,54.5,54.5,0.0,cross_validated_vs_cfbd,verified
2017,400938641,50.0,50.0,0.0,cross_validated_vs_cfbd,verified
2017,400934532,61.5,62.5,1.0,cross_validated_vs_cfbd,source_variance
2017,400945006,55.5,55.5,0.0,cross_validated_vs_cfbd,verified
2017,400933898,43.5,43.0,0.5,cross_validated_vs_cfbd,verified
2017,400935390,51.0,51.0,0.0,cross_validated_vs_cfbd,verified
2017,400938675,63.0,63.0,0.0,cross_validated_vs_cfbd,verified
2017,400933915,67.5,,,,single_source
2017,400944874,52.5,53.0,0.5,cross_validated_vs_cfbd,verified
2017,400933919,51.5,52.5,1.0,cross_validated_vs_cfbd,source_variance
2017,400933930,64.5,64.5,0.0,cross_validated_vs_cfbd,verified
2017,400935419,57.5,58.5,1.0,cross_validated_vs_cfbd,source_variance
2017,400933849,67.5,66.0,1.5,cross_validated_vs_cfbd,source_conflict
2017,400935258,66.0,,,,single_source
2017,400937461,61.0,61.5,0.5,cross_validated_vs_cfbd,verified
2017,400935279,63.0,62.0,1.0,cross_validated_vs_cfbd,source_variance
2017,400937475,61.0,61.0,0.0,cross_validated_vs_cfbd,verified
2017,400935361,61.5,62.0,0.5,cross_validated_vs_cfbd,verified
2017,400945260,55.0,55.0,0.0,cross_validated_vs_cfbd,verified
2017,400937479,55.5,55.0,0.5,cross_validated_vs_cfbd,verified
2017,400944845,45.0,44.5,0.5,cross_validated_vs_cfbd,verified
2017,400934525,76.0,77.0,1.0,cross_validated_vs_cfbd,source_variance
2017,400941817,59.0,58.5,0.5,cross_validated_vs_cfbd,verified
2017,400933889,46.0,47.5,1.5,cross_validated_vs_cfbd,source_conflict
2017,400934528,62.0,61.0,1.0,cross_validated_vs_cfbd,source_variance
2017,400934527,63.0,62.0,1.0,cross_validated_vs_cfbd,source_variance
2017,400935378,47.0,45.5,1.5,cross_validated_vs_cfbd,source_conflict
2017,400937494,60.0,60.0,0.0,cross_validated_vs_cfbd,verified
2017,400933893,51.5,50.0,1.5,cross_validated_vs_cfbd,source_conflict
2017,400941826,66.0,66.0,0.0,cross_validated_vs_cfbd,verified
2017,400937511,50.5,51.5,1.0,cross_validated_vs_cfbd,source_variance
2017,400935402,50.5,50.5,0.0,cross_validated_vs_cfbd,verified
2017,400933914,54.5,55.5,1.0,cross_validated_vs_cfbd,source_variance
2017,400945022,66.0,66.5,0.5,cross_validated_vs_cfbd,verified
2017,400935322,59.0,59.0,0.0,cross_validated_vs_cfbd,verified
2017,400944883,53.5,53.0,0.5,cross_validated_vs_cfbd,verified
2017,400934573,56.5,55.5,1.0,cross_validated_vs_cfbd,source_variance
2017,400938594,48.0,48.5,0.5,cross_validated_vs_cfbd,verified
2017,400934503,67.5,67.5,0.0,cross_validated_vs_cfbd,verified
2017,400934499,48.5,49.5,1.0,cross_validated_vs_cfbd,source_variance
2017,400933862,64.0,62.5,1.5,cross_validated_vs_cfbd,source_conflict
2017,400934512,74.0,73.5,0.5,cross_validated_vs_cfbd,verified
2017,400935365,47.5,46.5,1.0,cross_validated_vs_cfbd,source_variance
2017,400935288,59.5,59.5,0.0,cross_validated_vs_cfbd,verified
2017,400933877,48.5,48.5,0.0,cross_validated_vs_cfbd,verified
2017,400938626,56.5,56.5,0.0,cross_validated_vs_cfbd,verified
2017,400985406,68.5,69.0,0.5,cross_validated_vs_cfbd,verified
2017,400945267,46.5,46.5,0.0,cross_validated_vs_cfbd,verified
2017,400935293,55.5,,,,single_source
2017,400935291,51.5,51.5,0.0,cross_validated_vs_cfbd,verified
2017,400938633,51.0,50.5,0.5,cross_validated_vs_cfbd,verified
2017,400933895,59.0,,,,single_source
2017,400935393,43.5,43.5,0.0,cross_validated_vs_cfbd,verified
2017,400933853,,48.0,,sbro_heuristic_only_unvalidated,single_source
2017,400935392,51.5,52.5,1.0,cross_validated_vs_cfbd,source_variance
2017,400944865,62.0,62.0,0.0,cross_validated_vs_cfbd,verified
2017,400935315,56.0,56.0,0.0,cross_validated_vs_cfbd,verified
2017,400935400,55.5,54.5,1.0,cross_validated_vs_cfbd,source_variance
2017,400935408,56.5,57.5,1.0,cross_validated_vs_cfbd,source_variance
2017,400935324,47.5,,,,single_source
2017,400935423,42.5,42.5,0.0,cross_validated_vs_cfbd,verified
2017,400933842,56.5,56.0,0.5,cross_validated_vs_cfbd,verified
2017,400935265,50.5,51.0,0.5,cross_validated_vs_cfbd,verified
2017,400933859,53.5,53.5,0.0,cross_validated_vs_cfbd,verified
2017,400934517,63.0,62.5,0.5,cross_validated_vs_cfbd,verified
2017,400935351,52.0,51.5,0.5,cross_validated_vs_cfbd,verified
2017,400934575,54.0,53.5,0.5,cross_validated_vs_cfbd,verified
2017,400933888,59.0,58.5,0.5,cross_validated_vs_cfbd,verified
2017,400937497,55.0,,,,single_source
2017,400933891,50.5,48.5,2.0,cross_validated_vs_cfbd,source_conflict
2017,400944855,59.0,59.0,0.0,cross_validated_vs_cfbd,verified
2017,400944854,63.0,62.5,0.5,cross_validated_vs_cfbd,verified
2017,400937502,62.0,60.0,2.0,cross_validated_vs_cfbd,source_conflict
2017,400934568,48.0,49.0,1.0,cross_validated_vs_cfbd,source_variance
2017,400935301,54.5,55.0,0.5,cross_validated_vs_cfbd,verified
2017,400938643,47.5,47.5,0.0,cross_validated_vs_cfbd,verified
2017,400934536,55.0,55.0,0.0,cross_validated_vs_cfbd,verified
2017,400933892,45.0,44.5,0.5,cross_validated_vs_cfbd,verified
2017,400935300,66.5,67.0,0.5,cross_validated_vs_cfbd,verified
2017,400937518,66.5,66.5,0.0,cross_validated_vs_cfbd,verified
2017,400935412,44.5,44.0,0.5,cross_validated_vs_cfbd,verified
2017,400933851,,37.5,,sbro_heuristic_only_unvalidated,single_source
2017,400938613,,34.5,,sbro_heuristic_only_unvalidated,single_source
2017,400933929,65.0,64.5,0.5,cross_validated_vs_cfbd,verified
2017,400941850,55.0,55.0,0.0,cross_validated_vs_cfbd,verified
2017,400934505,68.5,68.0,0.5,cross_validated_vs_cfbd,verified
2017,400935347,56.0,56.0,0.0,cross_validated_vs_cfbd,verified
2017,400945256,56.5,55.5,1.0,cross_validated_vs_cfbd,source_variance
2017,400935270,72.0,71.0,1.0,cross_validated_vs_cfbd,source_variance
2017,400935354,56.5,56.0,0.5,cross_validated_vs_cfbd,verified
2017,400937467,51.0,51.5,0.5,cross_validated_vs_cfbd,verified
2017,400937478,48.5,48.5,0.0,cross_validated_vs_cfbd,verified
2017,400935371,42.5,42.0,0.5,cross_validated_vs_cfbd,verified
2017,400938631,53.5,54.0,0.5,cross_validated_vs_cfbd,verified
2017,400934526,68.5,66.0,2.5,cross_validated_vs_cfbd,source_conflict
2017,400934562,53.5,53.5,0.0,cross_validated_vs_cfbd,verified
2017,400935240,54.5,54.5,0.0,cross_validated_vs_cfbd,verified
2017,400937453,45.5,46.5,1.0,cross_validated_vs_cfbd,source_variance
2017,400938610,53.5,53.5,0.0,cross_validated_vs_cfbd,verified
2017,400934561,45.0,45.0,0.0,cross_validated_vs_cfbd,verified
2017,400935284,60.0,59.0,1.0,cross_validated_vs_cfbd,source_variance
2017,400933876,50.0,50.0,0.0,cross_validated_vs_cfbd,verified
2017,400938624,57.5,57.5,0.0,cross_validated_vs_cfbd,verified
2017,400935287,66.5,66.5,0.0,cross_validated_vs_cfbd,verified
2017,400935375,61.0,60.5,0.5,cross_validated_vs_cfbd,verified
2017,400944847,52.0,52.0,0.0,cross_validated_vs_cfbd,verified
2017,400938676,50.0,49.5,0.5,cross_validated_vs_cfbd,verified
2017,400938674,49.0,49.0,0.0,cross_validated_vs_cfbd,verified
2017,400941829,54.0,54.0,0.0,cross_validated_vs_cfbd,verified
2017,400938640,55.5,55.5,0.0,cross_validated_vs_cfbd,verified
2017,400937505,49.5,49.5,0.0,cross_validated_vs_cfbd,verified
2017,400934544,76.5,76.5,0.0,cross_validated_vs_cfbd,verified
2017,400934542,59.5,58.0,1.5,cross_validated_vs_cfbd,source_conflict
2017,400937464,56.0,56.5,0.5,cross_validated_vs_cfbd,verified
2017,400941803,61.5,61.0,0.5,cross_validated_vs_cfbd,verified
2017,400933868,60.5,61.0,0.5,cross_validated_vs_cfbd,verified
2017,400937473,55.0,55.5,0.5,cross_validated_vs_cfbd,verified
2017,400938615,52.5,52.5,0.0,cross_validated_vs_cfbd,verified
2017,400935280,60.0,60.0,0.0,cross_validated_vs_cfbd,verified
2017,400934522,67.0,68.5,1.5,cross_validated_vs_cfbd,source_conflict
2017,400941815,53.5,54.0,0.5,cross_validated_vs_cfbd,verified
2017,400934524,47.0,47.0,0.0,cross_validated_vs_cfbd,verified
2017,400944851,51.5,51.5,0.0,cross_validated_vs_cfbd,verified
2017,400941820,70.0,71.0,1.0,cross_validated_vs_cfbd,source_variance
2017,400935298,56.0,56.0,0.0,cross_validated_vs_cfbd,verified
2017,400944856,57.0,,,,single_source
2017,400935303,52.5,52.0,0.5,cross_validated_vs_cfbd,verified
2017,400941827,77.0,76.5,0.5,cross_validated_vs_cfbd,verified
2017,400944858,52.0,51.0,1.0,cross_validated_vs_cfbd,source_variance
2017,400935307,58.5,,,,single_source
2017,400941833,62.5,62.5,0.0,cross_validated_vs_cfbd,verified
2017,400944841,55.0,54.0,1.0,cross_validated_vs_cfbd,source_variance
2017,400938621,50.5,50.5,0.0,cross_validated_vs_cfbd,verified
2017,400935369,54.5,54.5,0.0,cross_validated_vs_cfbd,verified
2017,400937489,50.5,50.5,0.0,cross_validated_vs_cfbd,verified
2017,400933880,55.5,55.5,0.0,cross_validated_vs_cfbd,verified
2017,400933883,45.0,45.0,0.0,cross_validated_vs_cfbd,verified
2017,400938629,57.5,58.0,0.5,cross_validated_vs_cfbd,verified
2017,400935289,58.5,58.5,0.0,cross_validated_vs_cfbd,verified
2017,400935380,40.5,41.0,0.5,cross_validated_vs_cfbd,verified
2017,400941821,57.5,58.0,0.5,cross_validated_vs_cfbd,verified
2017,400938632,47.5,48.0,0.5,cross_validated_vs_cfbd,verified
2017,400944853,50.5,50.0,0.5,cross_validated_vs_cfbd,verified
2017,400935304,56.5,56.5,0.0,cross_validated_vs_cfbd,verified
2017,400934540,48.5,48.5,0.0,cross_validated_vs_cfbd,verified
2017,400937513,48.5,49.5,1.0,cross_validated_vs_cfbd,source_variance
2017,400933908,57.0,57.0,0.0,cross_validated_vs_cfbd,verified
2017,400938652,50.0,50.0,0.0,cross_validated_vs_cfbd,verified
2017,400933833,47.5,47.0,0.5,cross_validated_vs_cfbd,verified
2017,400933831,46.5,46.5,0.0,cross_validated_vs_cfbd,verified
2017,400944836,48.5,49.5,1.0,cross_validated_vs_cfbd,source_variance
2017,400935355,56.5,57.5,1.0,cross_validated_vs_cfbd,source_variance
2017,400937472,50.0,50.0,0.0,cross_validated_vs_cfbd,verified
2017,400935362,47.5,47.0,0.5,cross_validated_vs_cfbd,verified
2017,400935368,63.0,62.0,1.0,cross_validated_vs_cfbd,source_variance
2017,400941806,72.0,72.5,0.5,cross_validated_vs_cfbd,verified
2017,400933878,47.0,47.0,0.0,cross_validated_vs_cfbd,verified
2017,400935387,50.0,50.0,0.0,cross_validated_vs_cfbd,verified
2017,400934552,63.5,62.5,1.0,cross_validated_vs_cfbd,source_variance
2017,400938895,51.5,51.5,0.0,cross_validated_vs_cfbd,verified
2017,400937524,69.0,69.5,0.5,cross_validated_vs_cfbd,verified
2017,400935326,66.5,66.0,0.5,cross_validated_vs_cfbd,verified
2017,400937466,67.0,66.5,0.5,cross_validated_vs_cfbd,verified
2017,400935272,59.5,58.5,1.0,cross_validated_vs_cfbd,source_variance
2017,400933872,56.0,56.0,0.0,cross_validated_vs_cfbd,verified
2017,400935374,51.5,51.5,0.0,cross_validated_vs_cfbd,verified
2017,400935297,52.0,52.0,0.0,cross_validated_vs_cfbd,verified
2017,400935299,57.0,56.5,0.5,cross_validated_vs_cfbd,verified
2017,400937503,52.5,54.5,2.0,cross_validated_vs_cfbd,source_conflict
2017,400937500,58.0,59.0,1.0,cross_validated_vs_cfbd,source_variance
2017,400933917,62.5,62.5,0.0,cross_validated_vs_cfbd,verified
2017,400935415,59.0,58.5,0.5,cross_validated_vs_cfbd,verified
2017,400937528,49.5,49.5,0.0,cross_validated_vs_cfbd,verified
2017,400944879,50.5,51.0,0.5,cross_validated_vs_cfbd,verified
2017,400935327,63.0,63.0,0.0,cross_validated_vs_cfbd,verified
2017,400955155,47.5,48.0,0.5,cross_validated_vs_cfbd,verified
2017,400934572,44.5,44.0,0.5,cross_validated_vs_cfbd,verified
2017,400934563,55.0,55.0,0.0,cross_validated_vs_cfbd,verified
2017,400935349,42.0,43.0,1.0,cross_validated_vs_cfbd,source_variance
2017,400945258,50.0,50.5,0.5,cross_validated_vs_cfbd,verified
2017,400933871,42.5,43.0,0.5,cross_validated_vs_cfbd,verified
2017,400934514,70.5,70.5,0.0,cross_validated_vs_cfbd,verified
2017,400933885,40.5,40.5,0.0,cross_validated_vs_cfbd,verified
2017,400934564,48.0,48.5,0.5,cross_validated_vs_cfbd,verified
2017,400935381,58.0,57.5,0.5,cross_validated_vs_cfbd,verified
2017,400941832,63.0,61.5,1.5,cross_validated_vs_cfbd,source_conflict
2017,400934567,50.0,50.0,0.0,cross_validated_vs_cfbd,verified
2017,400937495,45.5,45.5,0.0,cross_validated_vs_cfbd,verified
2017,400938636,58.5,57.5,1.0,cross_validated_vs_cfbd,source_variance
2017,400944857,66.5,66.5,0.0,cross_validated_vs_cfbd,verified
2017,400933896,54.5,54.0,0.5,cross_validated_vs_cfbd,verified
2017,400944861,50.5,50.5,0.0,cross_validated_vs_cfbd,verified
2017,400941839,55.0,55.0,0.0,cross_validated_vs_cfbd,verified
2017,400945010,48.5,48.5,0.0,cross_validated_vs_cfbd,verified
2017,400937519,64.5,65.0,0.5,cross_validated_vs_cfbd,verified
2017,400935414,54.5,54.5,0.0,cross_validated_vs_cfbd,verified
2017,400938664,45.0,45.0,0.0,cross_validated_vs_cfbd,verified
2017,400935417,50.5,50.5,0.0,cross_validated_vs_cfbd,verified
2017,400934574,53.0,54.0,1.0,cross_validated_vs_cfbd,source_variance
2017,400933865,50.0,50.0,0.0,cross_validated_vs_cfbd,verified
2017,400937474,56.0,56.0,0.0,cross_validated_vs_cfbd,verified
2017,400941813,70.5,70.5,0.0,cross_validated_vs_cfbd,verified
2017,400935366,44.5,44.5,0.0,cross_validated_vs_cfbd,verified
2017,400941809,75.0,74.0,1.0,cross_validated_vs_cfbd,source_variance
2017,400935292,61.0,60.5,0.5,cross_validated_vs_cfbd,verified
2017,400938627,51.0,51.5,0.5,cross_validated_vs_cfbd,verified
2017,400934530,49.5,49.0,0.5,cross_validated_vs_cfbd,verified
2017,400933890,56.5,,,,single_source
2017,400934539,77.5,77.5,0.0,cross_validated_vs_cfbd,verified
2017,400937506,48.0,47.5,0.5,cross_validated_vs_cfbd,verified
2017,400934538,52.5,52.5,0.0,cross_validated_vs_cfbd,verified
2017,400933901,75.5,75.0,0.5,cross_validated_vs_cfbd,verified
2017,400941836,75.0,75.0,0.0,cross_validated_vs_cfbd,verified
2017,400935314,54.0,54.0,0.0,cross_validated_vs_cfbd,verified
2017,400934581,59.5,60.0,0.5,cross_validated_vs_cfbd,verified
2017,400934548,61.0,61.0,0.0,cross_validated_vs_cfbd,verified
2017,400934547,58.5,58.5,0.0,cross_validated_vs_cfbd,verified
2017,400935413,40.5,40.5,0.0,cross_validated_vs_cfbd,verified
2017,400934583,57.0,58.0,1.0,cross_validated_vs_cfbd,source_variance
2017,400937487,67.0,67.0,0.0,cross_validated_vs_cfbd,verified
2017,400935373,47.0,47.0,0.0,cross_validated_vs_cfbd,verified
2017,400944850,55.5,55.5,0.0,cross_validated_vs_cfbd,verified
2017,400933881,59.5,59.0,0.5,cross_validated_vs_cfbd,verified
2017,400935294,54.5,55.0,0.5,cross_validated_vs_cfbd,verified
2017,400935296,60.0,60.0,0.0,cross_validated_vs_cfbd,verified
2017,400945276,49.5,48.0,1.5,cross_validated_vs_cfbd,source_conflict
2017,400933894,51.0,51.0,0.0,cross_validated_vs_cfbd,verified
2017,400934579,61.0,61.5,0.5,cross_validated_vs_cfbd,verified
2017,400935306,58.5,58.5,0.0,cross_validated_vs_cfbd,verified
2017,400944862,71.0,72.0,1.0,cross_validated_vs_cfbd,source_variance
2017,400935397,55.0,55.5,0.5,cross_validated_vs_cfbd,verified
2017,400935235,50.5,51.5,1.0,cross_validated_vs_cfbd,source_variance
2017,400938608,62.0,61.5,0.5,cross_validated_vs_cfbd,verified
2017,400944993,51.0,51.0,0.0,cross_validated_vs_cfbd,verified
2017,400944999,58.5,58.5,0.0,cross_validated_vs_cfbd,verified
2017,400935389,41.5,41.5,0.0,cross_validated_vs_cfbd,verified
2017,400945015,51.0,51.0,0.0,cross_validated_vs_cfbd,verified
2017,400941852,81.0,82.0,1.0,cross_validated_vs_cfbd,source_variance
2017,400933845,57.0,57.0,0.0,cross_validated_vs_cfbd,verified
2017,400933852,,37.5,,sbro_heuristic_only_unvalidated,single_source
2017,400934518,68.0,68.0,0.0,cross_validated_vs_cfbd,verified
2017,400937480,51.5,51.5,0.0,cross_validated_vs_cfbd,verified
2017,400944846,54.5,55.0,0.5,cross_validated_vs_cfbd,verified
2017,400935382,49.5,49.5,0.0,cross_validated_vs_cfbd,verified
2017,400933897,64.5,65.0,0.5,cross_validated_vs_cfbd,verified
2017,400938639,66.5,66.5,0.0,cross_validated_vs_cfbd,verified
2017,400935310,54.0,54.0,0.0,cross_validated_vs_cfbd,verified
2017,400933904,45.5,45.5,0.0,cross_validated_vs_cfbd,verified
2017,400933829,59.0,58.0,1.0,cross_validated_vs_cfbd,source_variance
2017,400935262,56.0,55.5,0.5,cross_validated_vs_cfbd,verified
2017,400941798,59.0,59.0,0.0,cross_validated_vs_cfbd,verified
2017,400933863,49.0,48.5,0.5,cross_validated_vs_cfbd,verified
2017,400938612,53.5,53.0,0.5,cross_validated_vs_cfbd,verified
2017,400935277,61.0,,,,single_source
2017,400934521,61.5,62.0,0.5,cross_validated_vs_cfbd,verified
2017,400934566,49.0,49.5,0.5,cross_validated_vs_cfbd,verified
2017,400935290,57.0,57.0,0.0,cross_validated_vs_cfbd,verified
2017,400937488,47.0,47.0,0.0,cross_validated_vs_cfbd,verified
2017,400944990,54.5,55.0,0.5,cross_validated_vs_cfbd,verified
2017,400935386,42.5,42.5,0.0,cross_validated_vs_cfbd,verified
2017,400934534,55.5,55.5,0.0,cross_validated_vs_cfbd,verified
2017,400934535,65.0,64.5,0.5,cross_validated_vs_cfbd,verified
2017,400934533,67.5,67.0,0.5,cross_validated_vs_cfbd,verified
2017,400937499,49.5,49.5,0.0,cross_validated_vs_cfbd,verified
2017,400938638,52.5,52.0,0.5,cross_validated_vs_cfbd,verified
2017,400935250,54.5,55.0,0.5,cross_validated_vs_cfbd,verified
2017,400935231,52.0,51.5,0.5,cross_validated_vs_cfbd,verified
2017,400944891,59.0,59.0,0.0,cross_validated_vs_cfbd,verified
2017,400935249,69.5,68.5,1.0,cross_validated_vs_cfbd,source_variance
2017,400938592,64.0,64.5,0.5,cross_validated_vs_cfbd,verified
2017,400937446,47.0,,,,single_source
2017,400937447,52.0,52.0,0.0,cross_validated_vs_cfbd,verified
2017,400935237,63.5,62.0,1.5,cross_validated_vs_cfbd,source_conflict
2017,400935233,51.5,51.5,0.0,cross_validated_vs_cfbd,verified
2017,400935268,,26.0,,sbro_heuristic_only_unvalidated,single_source
2017,400944838,,52.0,,sbro_heuristic_only_unvalidated,single_source
2017,400941786,69.5,69.0,0.5,cross_validated_vs_cfbd,verified
2017,400935282,60.0,60.0,0.0,cross_validated_vs_cfbd,verified
2017,400945031,60.0,61.0,1.0,cross_validated_vs_cfbd,source_variance
2017,400938887,60.0,59.0,1.0,cross_validated_vs_cfbd,source_variance
2017,400935229,56.5,55.5,1.0,cross_validated_vs_cfbd,source_variance
2017,400934493,71.5,70.5,1.0,cross_validated_vs_cfbd,source_variance
2017,400938591,56.5,56.0,0.5,cross_validated_vs_cfbd,verified
2017,400937445,,54.0,,sbro_heuristic_only_unvalidated,single_source
2017,400935230,51.0,52.5,1.5,cross_validated_vs_cfbd,source_conflict
2017,400935247,69.0,69.0,0.0,cross_validated_vs_cfbd,verified
2017,400933827,51.0,50.5,0.5,cross_validated_vs_cfbd,verified
2017,400933830,45.5,46.0,0.5,cross_validated_vs_cfbd,verified
2017,400941799,55.5,53.5,2.0,cross_validated_vs_cfbd,source_conflict
2017,400934511,67.5,66.5,1.0,cross_validated_vs_cfbd,source_variance
2017,400935232,55.5,55.5,0.0,cross_validated_vs_cfbd,verified
2017,400933840,54.5,54.0,0.5,cross_validated_vs_cfbd,verified
2017,400937470,53.0,53.5,0.5,cross_validated_vs_cfbd,verified
2017,400935363,67.5,67.5,0.0,cross_validated_vs_cfbd,verified
2017,400937471,61.0,61.0,0.0,cross_validated_vs_cfbd,verified
2017,400944835,,43.5,,sbro_heuristic_only_unvalidated,single_source
2017,400933841,54.0,57.0,3.0,cross_validated_vs_cfbd,source_conflict
2017,400935243,50.5,49.5,1.0,cross_validated_vs_cfbd,source_variance
2017,400937458,55.0,55.0,0.0,cross_validated_vs_cfbd,verified
2017,400937468,60.5,60.0,0.5,cross_validated_vs_cfbd,verified
2017,400935252,59.0,59.5,0.5,cross_validated_vs_cfbd,verified
2017,400933838,61.0,60.5,0.5,cross_validated_vs_cfbd,verified
2017,400933837,50.0,49.5,0.5,cross_validated_vs_cfbd,verified
2017,400935241,52.0,51.5,0.5,cross_validated_vs_cfbd,verified
2017,400941797,,17.0,,sbro_heuristic_only_unvalidated,single_source
2017,400935245,63.5,64.5,1.0,cross_validated_vs_cfbd,source_variance
2017,400937456,65.5,65.5,0.0,cross_validated_vs_cfbd,verified
2017,400935263,45.5,46.0,0.5,cross_validated_vs_cfbd,verified
2017,400938609,50.0,49.5,0.5,cross_validated_vs_cfbd,verified
2017,400935281,54.5,54.5,0.0,cross_validated_vs_cfbd,verified
2017,400937477,52.5,52.5,0.0,cross_validated_vs_cfbd,verified
2017,400933867,56.5,56.5,0.0,cross_validated_vs_cfbd,verified
2017,400934501,56.5,56.5,0.0,cross_validated_vs_cfbd,verified
2017,400935260,54.5,55.0,0.5,cross_validated_vs_cfbd,verified
2017,400934504,63.0,63.5,0.5,cross_validated_vs_cfbd,verified
2017,400935244,51.5,51.5,0.0,cross_validated_vs_cfbd,verified
2017,400934508,54.0,52.5,1.5,cross_validated_vs_cfbd,source_conflict
2017,400935275,56.5,,,,single_source
2017,400935238,67.5,66.0,1.5,cross_validated_vs_cfbd,source_conflict
2017,400933832,57.0,57.0,0.0,cross_validated_vs_cfbd,verified
2017,400935246,51.5,51.0,0.5,cross_validated_vs_cfbd,verified
2017,400935264,68.0,67.5,0.5,cross_validated_vs_cfbd,verified
2017,400933850,71.0,71.0,0.0,cross_validated_vs_cfbd,verified
2017,400934506,60.5,61.0,0.5,cross_validated_vs_cfbd,verified
2017,400934492,63.0,64.0,1.0,cross_validated_vs_cfbd,source_variance
2017,400935256,57.5,57.0,0.5,cross_validated_vs_cfbd,verified
2017,400935348,59.5,60.0,0.5,cross_validated_vs_cfbd,verified
2017,400935356,54.5,54.5,0.0,cross_validated_vs_cfbd,verified
2017,400937469,51.5,50.5,1.0,cross_validated_vs_cfbd,source_variance
2017,400935278,76.5,76.5,0.0,cross_validated_vs_cfbd,verified
2017,400933869,50.5,50.5,0.0,cross_validated_vs_cfbd,verified
2017,400935359,50.5,51.0,0.5,cross_validated_vs_cfbd,verified
2017,400941804,52.5,52.0,0.5,cross_validated_vs_cfbd,verified
2017,400938614,50.0,50.0,0.0,cross_validated_vs_cfbd,verified
2017,400941810,73.0,72.5,0.5,cross_validated_vs_cfbd,verified
2017,400937482,46.5,46.0,0.5,cross_validated_vs_cfbd,verified
2017,400935257,,51.0,,sbro_heuristic_only_unvalidated,single_source
2017,400941789,61.5,61.5,0.0,cross_validated_vs_cfbd,verified
2017,400944899,,21.0,,sbro_heuristic_only_unvalidated,single_source
2017,400945255,,38.5,,sbro_heuristic_only_unvalidated,single_source
2017,400933846,,33.0,,sbro_heuristic_only_unvalidated,single_source
2017,400933848,,,,,missing
2017,400937455,,14.5,,sbro_heuristic_only_unvalidated,single_source
2017,400944895,,,,,missing
2017,400944900,,21.5,,sbro_heuristic_only_unvalidated,single_source
2017,400933847,,35.0,,sbro_heuristic_only_unvalidated,single_source
2017,400933855,,41.0,,sbro_heuristic_only_unvalidated,single_source
2017,400937465,,36.5,,sbro_heuristic_only_unvalidated,single_source
2017,400935242,,34.0,,sbro_heuristic_only_unvalidated,single_source
2017,400944832,,7.5,,sbro_heuristic_only_unvalidated,single_source
2017,400945253,,35.0,,sbro_heuristic_only_unvalidated,single_source
2017,400935271,,38.0,,sbro_heuristic_only_unvalidated,single_source
2017,400944897,,3.5,,sbro_heuristic_only_unvalidated,single_source
2017,400938604,,31.0,,sbro_heuristic_only_unvalidated,single_source
2017,400944840,,36.0,,sbro_heuristic_only_unvalidated,single_source
2017,400934513,,62.0,,sbro_heuristic_only_unvalidated,single_source
2017,400935357,,41.0,,sbro_heuristic_only_unvalidated,single_source
2017,400938606,,11.5,,sbro_heuristic_only_unvalidated,single_source
2017,400938607,,20.0,,sbro_heuristic_only_unvalidated,single_source
2018,401013129,59.5,59.5,0.0,cross_validated_vs_cfbd,verified
2018,401012251,49.0,50.5,1.5,cross_validated_vs_cfbd,source_conflict
2018,401013448,58.0,58.5,0.5,cross_validated_vs_cfbd,verified
2018,401014974,51.0,53.5,2.5,cross_validated_vs_cfbd,source_conflict
2018,401021654,61.0,13.5,47.5,sbro_heuristic_only_unvalidated,single_source
2018,401012259,56.5,56.0,0.5,cross_validated_vs_cfbd,verified
2018,401032056,45.5,45.5,0.0,cross_validated_vs_cfbd,verified
2018,401020677,,7.5,,sbro_heuristic_only_unvalidated,single_source
2018,401020678,,42.5,,sbro_heuristic_only_unvalidated,single_source
2018,401012269,51.5,36.5,15.0,cross_validated_vs_cfbd,source_conflict
2018,401012873,66.0,64.0,2.0,cross_validated_vs_cfbd,source_conflict
2018,401014990,54.5,54.5,0.0,cross_validated_vs_cfbd,verified
2018,401021657,52.5,33.5,19.0,cross_validated_vs_cfbd,source_conflict
2018,401012254,53.0,47.5,5.5,cross_validated_vs_cfbd,source_conflict
2018,401021652,56.0,32.5,23.5,sbro_heuristic_only_unvalidated,single_source
2018,401020676,53.0,48.5,4.5,cross_validated_vs_cfbd,source_conflict
2018,401012281,51.5,52.0,0.5,cross_validated_vs_cfbd,verified
2018,401020679,47.0,,,,single_source
2018,401020681,65.0,14.0,51.0,sbro_heuristic_only_unvalidated,single_source
2018,401012278,63.5,63.5,0.0,cross_validated_vs_cfbd,verified
2018,401020682,54.0,54.0,0.0,cross_validated_vs_cfbd,verified
2018,401020680,,47.0,,sbro_heuristic_only_unvalidated,single_source
2018,401021660,49.0,49.5,0.5,cross_validated_vs_cfbd,verified
2018,401020686,61.0,61.5,0.5,cross_validated_vs_cfbd,verified
2018,401015000,52.5,52.0,0.5,cross_validated_vs_cfbd,verified
2018,401020811,55.0,55.5,0.5,cross_validated_vs_cfbd,verified
2018,401013360,56.0,55.5,0.5,cross_validated_vs_cfbd,verified
2018,401021661,56.0,45.0,11.0,cross_validated_vs_cfbd,source_conflict
2018,401012291,53.5,53.0,0.5,cross_validated_vs_cfbd,verified
2018,401013450,68.5,68.0,0.5,cross_validated_vs_cfbd,verified
2018,401021663,63.0,63.0,0.0,cross_validated_vs_cfbd,verified
2018,401021666,54.0,54.0,0.0,cross_validated_vs_cfbd,verified
2018,401012279,68.0,67.0,1.0,cross_validated_vs_cfbd,source_variance
2018,401013063,44.5,45.0,0.5,cross_validated_vs_cfbd,verified
2018,401013074,60.0,59.5,0.5,cross_validated_vs_cfbd,verified
2018,401013156,46.0,,,,single_source
2018,401021671,57.5,57.0,0.5,cross_validated_vs_cfbd,verified
2018,401013441,64.0,64.5,0.5,cross_validated_vs_cfbd,verified
2018,401012762,65.5,65.5,0.0,cross_validated_vs_cfbd,verified
2018,401021673,51.5,51.0,0.5,cross_validated_vs_cfbd,verified
2018,401020756,54.5,54.0,0.5,cross_validated_vs_cfbd,verified
2018,401020759,62.0,61.5,0.5,cross_validated_vs_cfbd,verified
2018,401020810,58.0,58.0,0.0,cross_validated_vs_cfbd,verified
2018,401020757,54.5,54.5,0.0,cross_validated_vs_cfbd,verified
2018,401020760,68.5,69.5,1.0,cross_validated_vs_cfbd,source_variance
2018,401020758,51.5,,,,single_source
2018,401013442,66.5,67.0,0.5,cross_validated_vs_cfbd,verified
2018,401021674,66.0,67.0,1.0,cross_validated_vs_cfbd,source_variance
2018,401016408,57.5,57.5,0.0,cross_validated_vs_cfbd,verified
2018,401020763,62.0,62.5,0.5,cross_validated_vs_cfbd,verified
2018,401020762,67.5,66.5,1.0,cross_validated_vs_cfbd,source_variance
2018,401020764,44.0,44.0,0.0,cross_validated_vs_cfbd,verified
2018,401020765,54.0,54.0,0.0,cross_validated_vs_cfbd,verified
2018,401013363,75.0,75.0,0.0,cross_validated_vs_cfbd,verified
2018,401020761,49.5,49.5,0.0,cross_validated_vs_cfbd,verified
2018,401021677,65.0,65.0,0.0,cross_validated_vs_cfbd,verified
2018,401013443,52.5,53.0,0.5,cross_validated_vs_cfbd,verified
2018,401020766,65.5,65.5,0.0,cross_validated_vs_cfbd,verified
2018,401020767,69.0,68.5,0.5,cross_validated_vs_cfbd,verified
2018,401012319,52.0,52.0,0.0,cross_validated_vs_cfbd,verified
2018,401013364,64.0,64.0,0.0,cross_validated_vs_cfbd,verified
2018,401020768,42.5,43.5,1.0,cross_validated_vs_cfbd,source_variance
2018,401021682,60.0,60.5,0.5,cross_validated_vs_cfbd,verified
2018,401013444,57.0,57.0,0.0,cross_validated_vs_cfbd,verified
2018,401021681,69.5,69.5,0.0,cross_validated_vs_cfbd,verified
2018,401012323,53.0,53.0,0.0,cross_validated_vs_cfbd,verified
2018,401020769,68.0,67.5,0.5,cross_validated_vs_cfbd,verified
2018,401020770,53.0,53.0,0.0,cross_validated_vs_cfbd,verified
2018,401020772,37.5,37.5,0.0,cross_validated_vs_cfbd,verified
2018,401020773,65.5,65.5,0.0,cross_validated_vs_cfbd,verified
2018,401012329,48.5,48.0,0.5,cross_validated_vs_cfbd,verified
2018,401020774,46.5,46.5,0.0,cross_validated_vs_cfbd,verified
2018,401021686,52.5,53.0,0.5,cross_validated_vs_cfbd,verified
2018,401021685,60.5,,,,single_source
2018,401013365,67.0,67.0,0.0,cross_validated_vs_cfbd,verified
2018,401012330,46.0,46.0,0.0,cross_validated_vs_cfbd,verified
2018,401013445,,13.0,,sbro_heuristic_only_unvalidated,single_source
2018,401021683,52.0,52.0,0.0,cross_validated_vs_cfbd,verified
2018,401020775,48.0,48.5,0.5,cross_validated_vs_cfbd,verified
2018,401020776,59.5,59.5,0.0,cross_validated_vs_cfbd,verified
2018,401020777,53.5,,,,single_source
2018,401012335,65.0,65.0,0.0,cross_validated_vs_cfbd,verified
2018,401020778,41.5,41.5,0.0,cross_validated_vs_cfbd,verified
2018,401020779,50.0,50.0,0.0,cross_validated_vs_cfbd,verified
2018,401021702,46.5,47.0,0.5,cross_validated_vs_cfbd,verified
2018,401021690,69.0,69.5,0.5,cross_validated_vs_cfbd,verified
2018,401021691,62.0,62.0,0.0,cross_validated_vs_cfbd,verified
2018,401015043,45.5,45.5,0.0,cross_validated_vs_cfbd,verified
2018,401020783,57.5,58.0,0.5,cross_validated_vs_cfbd,verified
2018,401012342,48.0,49.0,1.0,cross_validated_vs_cfbd,source_variance
2018,401012344,48.5,48.5,0.0,cross_validated_vs_cfbd,verified
2018,401021692,54.5,54.0,0.5,cross_validated_vs_cfbd,verified
2018,401020784,48.0,48.0,0.0,cross_validated_vs_cfbd,verified
2018,401021694,53.5,53.5,0.0,cross_validated_vs_cfbd,verified
2018,401021695,66.0,67.0,1.0,cross_validated_vs_cfbd,source_variance
2018,401015049,47.5,47.5,0.0,cross_validated_vs_cfbd,verified
2018,401020785,55.5,56.0,0.5,cross_validated_vs_cfbd,verified
2018,401020786,49.0,48.5,0.5,cross_validated_vs_cfbd,verified
2018,401020787,57.0,57.0,0.0,cross_validated_vs_cfbd,verified
2018,401020788,62.5,62.5,0.0,cross_validated_vs_cfbd,verified
2018,401020789,58.25,59.0,0.75,cross_validated_vs_cfbd,source_variance
2018,401020790,52.5,52.5,0.0,cross_validated_vs_cfbd,verified
2018,401021699,58.0,58.0,0.0,cross_validated_vs_cfbd,verified
2018,401021700,59.75,57.5,2.25,cross_validated_vs_cfbd,source_conflict
2018,401012357,52.0,52.5,0.5,cross_validated_vs_cfbd,verified
2018,401081953,,30.5,,sbro_heuristic_only_unvalidated,single_source
2018,401021675,55.5,27.5,28.0,sbro_heuristic_only_unvalidated,single_source
2018,401012880,52.5,51.5,1.0,cross_validated_vs_cfbd,source_variance
2018,401022512,49.5,48.5,1.0,cross_validated_vs_cfbd,source_variance
2018,401020673,66.5,65.0,1.5,cross_validated_vs_cfbd,source_conflict
2018,401013089,45.5,46.5,1.0,cross_validated_vs_cfbd,source_variance
2018,401012680,65.5,65.5,0.0,cross_validated_vs_cfbd,verified
2018,401012872,54.0,54.5,0.5,cross_validated_vs_cfbd,verified
2018,401012260,63.0,63.0,0.0,cross_validated_vs_cfbd,verified
2018,401012270,51.0,51.0,0.0,cross_validated_vs_cfbd,verified
2018,401013355,58.5,58.5,0.0,cross_validated_vs_cfbd,verified
2018,401013140,61.0,61.5,0.5,cross_validated_vs_cfbd,verified
2018,401013067,60.5,60.5,0.0,cross_validated_vs_cfbd,verified
2018,401012304,45.0,45.0,0.0,cross_validated_vs_cfbd,verified
2018,401012760,53.5,53.5,0.0,cross_validated_vs_cfbd,verified
2018,401013158,51.0,50.5,0.5,cross_validated_vs_cfbd,verified
2018,401012777,63.5,59.5,4.0,cross_validated_vs_cfbd,source_conflict
2018,401019473,38.5,14.5,24.0,sbro_heuristic_only_unvalidated,single_source
2018,401014980,52.5,7.0,45.5,sbro_heuristic_only_unvalidated,single_source
2018,401021653,46.5,27.5,19.0,cross_validated_vs_cfbd,source_conflict
2018,401013167,67.5,67.5,0.0,cross_validated_vs_cfbd,verified
2018,401088766,61.0,61.0,0.0,cross_validated_vs_cfbd,verified
2018,401100159,51.0,52.0,1.0,cross_validated_vs_cfbd,source_variance
2018,401056703,44.0,43.5,0.5,cross_validated_vs_cfbd,verified
2018,401013376,39.0,38.5,0.5,cross_validated_vs_cfbd,verified
2018,401032055,54.0,54.5,0.5,cross_validated_vs_cfbd,verified
2018,401032057,48.0,48.0,0.0,cross_validated_vs_cfbd,verified
2018,401032059,48.0,48.5,0.5,cross_validated_vs_cfbd,verified
2018,401032061,57.5,57.0,0.5,cross_validated_vs_cfbd,verified
2018,401032063,71.0,71.0,0.0,cross_validated_vs_cfbd,verified
2018,401032064,57.0,56.5,0.5,cross_validated_vs_cfbd,verified
2018,401032065,50.75,51.5,0.75,cross_validated_vs_cfbd,source_variance
2018,401032066,61.5,61.5,0.0,cross_validated_vs_cfbd,verified
2018,401032068,56.5,56.5,0.0,cross_validated_vs_cfbd,verified
2018,401032069,38.5,38.5,0.0,cross_validated_vs_cfbd,verified
2018,401032070,53.5,56.5,3.0,cross_validated_vs_cfbd,source_conflict
2018,401032071,46.0,45.0,1.0,cross_validated_vs_cfbd,source_variance
2018,401032072,55.5,57.5,2.0,cross_validated_vs_cfbd,source_conflict
2018,401032075,56.0,57.0,1.0,cross_validated_vs_cfbd,source_variance
2018,401032074,66.0,67.5,1.5,cross_validated_vs_cfbd,source_conflict
2018,401032073,55.5,57.5,2.0,cross_validated_vs_cfbd,source_conflict
2018,401032078,79.66666666666667,81.0,1.3333333333333286,cross_validated_vs_cfbd,source_conflict
2018,401032079,57.333333333333336,58.0,0.6666666666666643,cross_validated_vs_cfbd,source_variance
2018,401032076,50.5,51.0,0.5,cross_validated_vs_cfbd,verified
2018,401032077,53.5,54.0,0.5,cross_validated_vs_cfbd,verified
2018,401035250,46.0,43.5,2.5,cross_validated_vs_cfbd,source_conflict
2018,401035251,52.0,,,,single_source
2018,401035254,48.0,47.0,1.0,cross_validated_vs_cfbd,source_variance
2018,401013120,55.0,55.5,0.5,cross_validated_vs_cfbd,verified
2018,401013076,57.5,57.5,0.0,cross_validated_vs_cfbd,verified
2018,401012892,47.0,46.5,0.5,cross_validated_vs_cfbd,verified
2018,401015006,60.5,60.0,0.5,cross_validated_vs_cfbd,verified
2018,401012331,50.5,51.5,1.0,cross_validated_vs_cfbd,source_variance
2018,401012820,47.0,47.5,0.5,cross_validated_vs_cfbd,verified
2018,401014994,,40.5,,sbro_heuristic_only_unvalidated,single_source
2018,401012772,50.0,50.0,0.0,cross_validated_vs_cfbd,verified
2018,401013160,45.5,44.5,1.0,cross_validated_vs_cfbd,source_variance
2018,401022517,71.0,28.0,43.0,sbro_heuristic_only_unvalidated,single_source
2018,401012355,58.5,59.0,0.5,cross_validated_vs_cfbd,verified
2018,401013374,53.5,47.0,6.5,cross_validated_vs_cfbd,source_conflict
2018,401012338,62.5,54.5,8.0,cross_validated_vs_cfbd,source_conflict
2018,401012336,42.0,42.0,0.0,cross_validated_vs_cfbd,verified
2018,401013361,68.5,69.5,1.0,cross_validated_vs_cfbd,source_variance
2018,401020687,61.5,62.0,0.5,cross_validated_vs_cfbd,verified
2018,401020750,53.0,53.0,0.0,cross_validated_vs_cfbd,verified
2018,401021665,57.5,57.5,0.0,cross_validated_vs_cfbd,verified
2018,401021667,56.5,56.5,0.0,cross_validated_vs_cfbd,verified
2018,401012299,,28.0,,sbro_heuristic_only_unvalidated,single_source
2018,401013451,66.0,66.0,0.0,cross_validated_vs_cfbd,verified
2018,401020688,49.5,50.5,1.0,cross_validated_vs_cfbd,source_variance
2018,401015004,63.0,63.0,0.0,cross_validated_vs_cfbd,verified
2018,401012761,64.0,64.0,0.0,cross_validated_vs_cfbd,verified
2018,401020752,51.5,53.0,1.5,cross_validated_vs_cfbd,source_conflict
2018,401020753,58.5,58.5,0.0,cross_validated_vs_cfbd,verified
2018,401020754,52.5,52.5,0.0,cross_validated_vs_cfbd,verified
2018,401020751,71.5,71.5,0.0,cross_validated_vs_cfbd,verified
2018,401020755,69.0,69.0,0.0,cross_validated_vs_cfbd,verified
2018,401020812,47.5,48.0,0.5,cross_validated_vs_cfbd,verified
2018,401021670,57.0,56.5,0.5,cross_validated_vs_cfbd,verified
2018,401012736,54.0,54.5,0.5,cross_validated_vs_cfbd,verified
2018,401019483,63.0,63.0,0.0,cross_validated_vs_cfbd,verified
2018,401013352,50.5,51.0,0.5,cross_validated_vs_cfbd,verified
2018,401013367,57.5,57.5,0.0,cross_validated_vs_cfbd,verified
2018,401013104,56.5,56.5,0.0,cross_validated_vs_cfbd,verified
2018,401013049,48.25,48.0,0.25,cross_validated_vs_cfbd,verified
2018,401014981,48.0,48.0,0.0,cross_validated_vs_cfbd,verified
2018,401013027,55.0,54.5,0.5,cross_validated_vs_cfbd,verified
2018,401013099,56.5,33.0,23.5,sbro_heuristic_only_unvalidated,single_source
2018,401012730,47.5,,,,single_source
2018,401014992,50.5,10.0,40.5,sbro_heuristic_only_unvalidated,single_source
2018,401012732,70.0,13.5,56.5,sbro_heuristic_only_unvalidated,single_source
2018,401013438,62.0,63.0,1.0,cross_validated_vs_cfbd,source_variance
2018,401014991,55.0,54.5,0.5,cross_validated_vs_cfbd,verified
2018,401012734,63.75,63.0,0.75,cross_validated_vs_cfbd,source_variance
2018,401012277,71.5,,,,single_source
2018,401012275,58.5,59.0,0.5,cross_validated_vs_cfbd,verified
2018,401013356,52.0,51.5,0.5,cross_validated_vs_cfbd,verified
2018,401012273,44.5,45.5,1.0,cross_validated_vs_cfbd,source_variance
2018,401013491,67.0,67.0,0.0,cross_validated_vs_cfbd,verified
2018,401012738,48.5,48.0,0.5,cross_validated_vs_cfbd,verified
2018,401013111,69.5,69.5,0.0,cross_validated_vs_cfbd,verified
2018,401013368,62.5,62.5,0.0,cross_validated_vs_cfbd,verified
2018,401013112,54.5,,,,single_source
2018,401012806,59.0,58.0,1.0,cross_validated_vs_cfbd,source_variance
2018,401013028,49.5,49.5,0.0,cross_validated_vs_cfbd,verified
2018,401012272,64.5,64.0,0.5,cross_validated_vs_cfbd,verified
2018,401012274,59.5,60.0,0.5,cross_validated_vs_cfbd,verified
2018,401022520,47.5,14.0,33.5,sbro_heuristic_only_unvalidated,single_source
2018,401013323,69.0,69.0,0.0,cross_validated_vs_cfbd,verified
2018,401013343,47.5,46.0,1.5,cross_validated_vs_cfbd,source_conflict
2018,401013439,60.75,61.5,0.75,cross_validated_vs_cfbd,source_variance
2018,401012737,70.5,26.5,44.0,sbro_heuristic_only_unvalidated,single_source
2018,401012289,68.5,68.5,0.0,cross_validated_vs_cfbd,verified
2018,401012287,51.0,51.0,0.0,cross_validated_vs_cfbd,verified
2018,401012749,59.0,58.0,1.0,cross_validated_vs_cfbd,source_variance
2018,401013128,52.5,53.0,0.5,cross_validated_vs_cfbd,verified
2018,401012286,56.0,55.0,1.0,cross_validated_vs_cfbd,source_variance
2018,401013324,77.0,77.0,0.0,cross_validated_vs_cfbd,verified
2018,401013075,50.0,50.0,0.0,cross_validated_vs_cfbd,verified
2018,401012865,43.5,44.0,0.5,cross_validated_vs_cfbd,verified
2018,401012891,52.0,52.5,0.5,cross_validated_vs_cfbd,verified
2018,401013119,62.5,62.5,0.0,cross_validated_vs_cfbd,verified
2018,401016406,41.5,24.0,17.5,cross_validated_vs_cfbd,source_conflict
2018,401012875,47.0,47.0,0.0,cross_validated_vs_cfbd,verified
2018,401013040,48.0,47.5,0.5,cross_validated_vs_cfbd,verified
2018,401019491,56.25,56.0,0.25,cross_validated_vs_cfbd,verified
2018,401019495,58.0,58.0,0.0,cross_validated_vs_cfbd,verified
2018,401013125,49.0,49.0,0.0,cross_validated_vs_cfbd,verified
2018,401022523,58.5,4.5,54.0,sbro_heuristic_only_unvalidated,single_source
2018,401013121,55.5,44.0,11.5,cross_validated_vs_cfbd,source_conflict
2018,401012290,46.5,47.0,0.5,cross_validated_vs_cfbd,verified
2018,401013126,56.0,56.5,0.5,cross_validated_vs_cfbd,verified
2018,401014999,49.0,49.0,0.0,cross_validated_vs_cfbd,verified
2018,401019492,68.0,67.5,0.5,cross_validated_vs_cfbd,verified
2018,401019494,66.0,67.0,1.0,cross_validated_vs_cfbd,source_variance
2018,401020683,48.5,48.5,0.0,cross_validated_vs_cfbd,verified
2018,401022522,61.0,60.0,1.0,cross_validated_vs_cfbd,source_variance
2018,401022524,73.0,40.0,33.0,sbro_heuristic_only_unvalidated,single_source
2018,401012752,57.0,57.5,0.5,cross_validated_vs_cfbd,verified
2018,401012292,69.0,68.5,0.5,cross_validated_vs_cfbd,verified
2018,401013131,64.5,65.5,1.0,cross_validated_vs_cfbd,source_variance
2018,401013347,69.5,69.5,0.0,cross_validated_vs_cfbd,verified
2018,401013030,68.5,69.0,0.5,cross_validated_vs_cfbd,verified
2018,401012758,52.5,53.5,1.0,cross_validated_vs_cfbd,source_variance
2018,401012294,52.0,51.0,1.0,cross_validated_vs_cfbd,source_variance
2018,401013325,75.0,75.5,0.5,cross_validated_vs_cfbd,verified
2018,401013136,65.5,65.5,0.0,cross_validated_vs_cfbd,verified
2018,401012296,51.5,51.5,0.0,cross_validated_vs_cfbd,verified
2018,401013060,48.5,49.0,0.5,cross_validated_vs_cfbd,verified
2018,401012757,58.5,58.0,0.5,cross_validated_vs_cfbd,verified
2018,401012881,46.0,45.5,0.5,cross_validated_vs_cfbd,verified
2018,401013132,51.5,51.0,0.5,cross_validated_vs_cfbd,verified
2018,401012824,51.0,51.5,0.5,cross_validated_vs_cfbd,verified
2018,401013050,56.5,56.0,0.5,cross_validated_vs_cfbd,verified
2018,401013130,54.0,54.0,0.0,cross_validated_vs_cfbd,verified
2018,401013134,65.0,65.0,0.0,cross_validated_vs_cfbd,verified
2018,401013135,53.0,53.0,0.0,cross_validated_vs_cfbd,verified
2018,401019497,62.25,63.0,0.75,cross_validated_vs_cfbd,source_variance
2018,401022525,63.0,63.0,0.0,cross_validated_vs_cfbd,verified
2018,401013041,45.5,45.0,0.5,cross_validated_vs_cfbd,verified
2018,401015007,46.0,46.5,0.5,cross_validated_vs_cfbd,verified
2018,401015002,,58.0,,sbro_heuristic_only_unvalidated,single_source
2018,401012754,64.0,65.0,1.0,cross_validated_vs_cfbd,source_variance
2018,401020689,61.5,61.5,0.0,cross_validated_vs_cfbd,verified
2018,401019499,71.0,71.5,0.5,cross_validated_vs_cfbd,verified
2018,401013138,56.5,56.5,0.0,cross_validated_vs_cfbd,verified
2018,401015010,50.5,51.0,0.5,cross_validated_vs_cfbd,verified
2018,401016407,55.0,55.5,0.5,cross_validated_vs_cfbd,verified
2018,401012302,56.0,56.0,0.0,cross_validated_vs_cfbd,verified
2018,401012855,64.5,64.5,0.0,cross_validated_vs_cfbd,verified
2018,401019500,73.5,74.0,0.5,cross_validated_vs_cfbd,verified
2018,401012306,48.5,49.5,1.0,cross_validated_vs_cfbd,source_variance
2018,401012876,44.0,45.0,1.0,cross_validated_vs_cfbd,source_variance
2018,401013141,48.5,48.5,0.0,cross_validated_vs_cfbd,verified
2018,401012882,43.5,43.5,0.0,cross_validated_vs_cfbd,verified
2018,401013139,61.0,61.0,0.0,cross_validated_vs_cfbd,verified
2018,401013042,55.5,56.0,0.5,cross_validated_vs_cfbd,verified
2018,401012305,62.5,63.0,0.5,cross_validated_vs_cfbd,verified
2018,401019501,48.0,48.0,0.0,cross_validated_vs_cfbd,verified
2018,401019503,53.0,53.0,0.0,cross_validated_vs_cfbd,verified
2018,401013142,58.0,,,,single_source
2018,401012866,42.0,42.0,0.0,cross_validated_vs_cfbd,verified
2018,401022528,51.0,51.0,0.0,cross_validated_vs_cfbd,verified
2018,401012303,75.5,,,,single_source
2018,401022530,63.0,62.5,0.5,cross_validated_vs_cfbd,verified
2018,401015008,63.5,63.5,0.0,cross_validated_vs_cfbd,verified
2018,401015012,50.0,50.0,0.0,cross_validated_vs_cfbd,verified
2018,401015011,53.5,54.0,0.5,cross_validated_vs_cfbd,verified
2018,401012759,57.5,57.5,0.0,cross_validated_vs_cfbd,verified
2018,401022529,59.25,60.5,1.25,cross_validated_vs_cfbd,source_variance
2018,401022532,59.0,58.5,0.5,cross_validated_vs_cfbd,verified
2018,401022531,52.0,51.5,0.5,cross_validated_vs_cfbd,verified
2018,401019505,61.0,59.5,1.5,cross_validated_vs_cfbd,source_conflict
2018,401022533,42.5,42.5,0.0,cross_validated_vs_cfbd,verified
2018,401012764,53.5,54.0,0.5,cross_validated_vs_cfbd,verified
2018,401012310,48.5,49.0,0.5,cross_validated_vs_cfbd,verified
2018,401013148,56.0,55.5,0.5,cross_validated_vs_cfbd,verified
2018,401012766,59.5,59.5,0.0,cross_validated_vs_cfbd,verified
2018,401012883,53.0,55.0,2.0,cross_validated_vs_cfbd,source_conflict
2018,401013032,58.5,58.0,0.5,cross_validated_vs_cfbd,verified
2018,401013146,46.5,46.5,0.0,cross_validated_vs_cfbd,verified
2018,401012765,57.5,57.5,0.0,cross_validated_vs_cfbd,verified
2018,401012309,47.0,47.0,0.0,cross_validated_vs_cfbd,verified
2018,401012311,50.5,52.0,1.5,cross_validated_vs_cfbd,source_conflict
2018,401013061,61.5,61.5,0.0,cross_validated_vs_cfbd,verified
2018,401013340,58.5,58.5,0.0,cross_validated_vs_cfbd,verified
2018,401013145,55.0,55.0,0.0,cross_validated_vs_cfbd,verified
2018,401013144,56.5,57.0,0.5,cross_validated_vs_cfbd,verified
2018,401015018,52.5,52.5,0.0,cross_validated_vs_cfbd,verified
2018,401015017,52.5,52.5,0.0,cross_validated_vs_cfbd,verified
2018,401013370,50.25,51.0,0.75,cross_validated_vs_cfbd,source_variance
2018,401015013,44.0,44.5,0.5,cross_validated_vs_cfbd,verified
2018,401015016,56.5,56.0,0.5,cross_validated_vs_cfbd,verified
2018,401019508,49.0,49.5,0.5,cross_validated_vs_cfbd,verified
2018,401022536,65.5,66.0,0.5,cross_validated_vs_cfbd,verified
2018,401013147,57.5,57.5,0.0,cross_validated_vs_cfbd,verified
2018,401015015,45.0,46.0,1.0,cross_validated_vs_cfbd,source_variance
2018,401022534,59.5,59.5,0.0,cross_validated_vs_cfbd,verified
2018,401022537,44.0,44.0,0.0,cross_validated_vs_cfbd,verified
2018,401021676,56.5,57.0,0.5,cross_validated_vs_cfbd,verified
2018,401012768,57.5,57.5,0.0,cross_validated_vs_cfbd,verified
2018,401022538,61.5,61.5,0.0,cross_validated_vs_cfbd,verified
2018,401013149,57.5,58.0,0.5,cross_validated_vs_cfbd,verified
2018,401012315,45.0,45.0,0.0,cross_validated_vs_cfbd,verified
2018,401012884,39.0,39.0,0.0,cross_validated_vs_cfbd,verified
2018,401013068,62.0,62.0,0.0,cross_validated_vs_cfbd,verified
2018,401012773,69.5,70.0,0.5,cross_validated_vs_cfbd,verified
2018,401012314,45.5,45.5,0.0,cross_validated_vs_cfbd,verified
2018,401019510,47.0,47.0,0.0,cross_validated_vs_cfbd,verified
2018,401019511,68.0,68.0,0.0,cross_validated_vs_cfbd,verified
2018,401012313,55.5,53.5,2.0,cross_validated_vs_cfbd,source_conflict
2018,401012316,64.0,,,,single_source
2018,401012846,48.5,48.5,0.0,cross_validated_vs_cfbd,verified
2018,401013371,47.0,47.0,0.0,cross_validated_vs_cfbd,verified
2018,401013152,66.5,66.5,0.0,cross_validated_vs_cfbd,verified
2018,401013150,45.5,45.5,0.0,cross_validated_vs_cfbd,verified
2018,401015019,50.0,50.0,0.0,cross_validated_vs_cfbd,verified
2018,401013052,59.0,59.0,0.0,cross_validated_vs_cfbd,verified
2018,401013151,58.5,59.0,0.5,cross_validated_vs_cfbd,verified
2018,401013332,55.5,55.5,0.0,cross_validated_vs_cfbd,verified
2018,401019512,59.0,60.0,1.0,cross_validated_vs_cfbd,source_variance
2018,401019513,55.5,55.5,0.0,cross_validated_vs_cfbd,verified
2018,401012317,74.0,71.0,3.0,cross_validated_vs_cfbd,source_conflict
2018,401015025,44.5,44.5,0.0,cross_validated_vs_cfbd,verified
2018,401015023,52.5,53.5,1.0,cross_validated_vs_cfbd,source_variance
2018,401015024,55.0,55.5,0.5,cross_validated_vs_cfbd,verified
2018,401012770,48.0,48.0,0.0,cross_validated_vs_cfbd,verified
2018,401012769,56.0,57.0,1.0,cross_validated_vs_cfbd,source_variance
2018,401022542,67.5,66.5,1.0,cross_validated_vs_cfbd,source_variance
2018,401021679,52.5,52.5,0.0,cross_validated_vs_cfbd,verified
2018,401013033,67.0,67.5,0.5,cross_validated_vs_cfbd,verified
2018,401021680,47.5,48.0,0.5,cross_validated_vs_cfbd,verified
2018,401013153,58.5,58.5,0.0,cross_validated_vs_cfbd,verified
2018,401012774,56.0,53.5,2.5,cross_validated_vs_cfbd,source_conflict
2018,401012858,54.0,54.0,0.0,cross_validated_vs_cfbd,verified
2018,401022546,47.0,47.5,0.5,cross_validated_vs_cfbd,verified
2018,401013189,56.5,57.0,0.5,cross_validated_vs_cfbd,verified
2018,401012320,52.0,53.0,1.0,cross_validated_vs_cfbd,source_variance
2018,401013062,64.0,66.0,2.0,cross_validated_vs_cfbd,source_conflict
2018,401012322,54.5,55.0,0.5,cross_validated_vs_cfbd,verified
2018,401012779,55.0,55.5,0.5,cross_validated_vs_cfbd,verified
2018,401012321,43.0,43.0,0.0,cross_validated_vs_cfbd,verified
2018,401012868,51.0,50.5,0.5,cross_validated_vs_cfbd,verified
2018,401012775,65.0,66.0,1.0,cross_validated_vs_cfbd,source_variance
2018,401013344,50.5,50.5,0.0,cross_validated_vs_cfbd,verified
2018,401019515,77.0,77.0,0.0,cross_validated_vs_cfbd,verified
2018,401013159,65.0,64.5,0.5,cross_validated_vs_cfbd,verified
2018,401012885,48.5,49.0,0.5,cross_validated_vs_cfbd,verified
2018,401013044,57.5,58.0,0.5,cross_validated_vs_cfbd,verified
2018,401013157,68.0,68.0,0.0,cross_validated_vs_cfbd,verified
2018,401013372,48.0,48.0,0.0,cross_validated_vs_cfbd,verified
2018,401085385,,47.0,,sbro_heuristic_only_unvalidated,single_source
2018,401013053,47.0,47.0,0.0,cross_validated_vs_cfbd,verified
2018,401012776,53.0,53.5,0.5,cross_validated_vs_cfbd,verified
2018,401015029,61.5,61.5,0.0,cross_validated_vs_cfbd,verified
2018,401016409,44.0,44.0,0.0,cross_validated_vs_cfbd,verified
2018,401019514,50.0,50.0,0.0,cross_validated_vs_cfbd,verified
2018,401015030,58.5,59.0,0.5,cross_validated_vs_cfbd,verified
2018,401022549,57.25,57.5,0.25,cross_validated_vs_cfbd,verified
2018,401019516,50.5,49.5,1.0,cross_validated_vs_cfbd,source_variance
2018,401022544,58.0,58.0,0.0,cross_validated_vs_cfbd,verified
2018,401015027,54.0,54.0,0.0,cross_validated_vs_cfbd,verified
2018,401015031,50.0,49.0,1.0,cross_validated_vs_cfbd,source_variance
2018,401022547,59.5,60.0,0.5,cross_validated_vs_cfbd,verified
2018,401020771,64.0,63.5,0.5,cross_validated_vs_cfbd,verified
2018,401015034,53.0,53.0,0.0,cross_validated_vs_cfbd,verified
2018,401012780,57.0,58.0,1.0,cross_validated_vs_cfbd,source_variance
2018,401012327,51.5,51.5,0.0,cross_validated_vs_cfbd,verified
2018,401013345,50.0,50.5,0.5,cross_validated_vs_cfbd,verified
2018,401012894,49.5,50.5,1.0,cross_validated_vs_cfbd,source_variance
2018,401012326,47.5,47.5,0.0,cross_validated_vs_cfbd,verified
2018,401013341,75.5,75.5,0.0,cross_validated_vs_cfbd,verified
2018,401012781,54.5,55.5,1.0,cross_validated_vs_cfbd,source_variance
2018,401012869,52.0,52.0,0.0,cross_validated_vs_cfbd,verified
2018,401012324,47.5,47.5,0.0,cross_validated_vs_cfbd,verified
2018,401013164,51.5,51.5,0.0,cross_validated_vs_cfbd,verified
2018,401013161,57.0,57.0,0.0,cross_validated_vs_cfbd,verified
2018,401022553,59.5,59.5,0.0,cross_validated_vs_cfbd,verified
2018,401013045,46.5,47.0,0.5,cross_validated_vs_cfbd,verified
2018,401012847,51.5,52.5,1.0,cross_validated_vs_cfbd,source_variance
2018,401012877,43.0,43.5,0.5,cross_validated_vs_cfbd,verified
2018,401013034,69.0,69.0,0.0,cross_validated_vs_cfbd,verified
2018,401019520,66.75,67.0,0.25,cross_validated_vs_cfbd,verified
2018,401022552,38.0,39.0,1.0,cross_validated_vs_cfbd,source_variance
2018,401015033,47.5,47.0,0.5,cross_validated_vs_cfbd,verified
2018,401021684,62.0,62.0,0.0,cross_validated_vs_cfbd,verified
2018,401012812,61.5,61.5,0.0,cross_validated_vs_cfbd,verified
2018,401015035,45.0,44.5,0.5,cross_validated_vs_cfbd,verified
2018,401019518,48.0,48.5,0.5,cross_validated_vs_cfbd,verified
2018,401019521,60.5,61.5,1.0,cross_validated_vs_cfbd,source_variance
2018,401021687,64.0,64.5,0.5,cross_validated_vs_cfbd,verified
2018,401013163,50.5,50.5,0.0,cross_validated_vs_cfbd,verified
2018,401019519,59.75,59.0,0.75,cross_validated_vs_cfbd,source_variance
2018,401019522,71.0,71.5,0.5,cross_validated_vs_cfbd,verified
2018,401012782,60.0,60.0,0.0,cross_validated_vs_cfbd,verified
2018,401015032,59.0,59.5,0.5,cross_validated_vs_cfbd,verified
2018,401015036,42.0,42.0,0.0,cross_validated_vs_cfbd,verified
2018,401012784,44.0,44.0,0.0,cross_validated_vs_cfbd,verified
2018,401012783,64.75,65.0,0.25,cross_validated_vs_cfbd,verified
2018,401016410,54.0,53.5,0.5,cross_validated_vs_cfbd,verified
2018,401022551,73.0,73.5,0.5,cross_validated_vs_cfbd,verified
2018,401013168,69.0,69.0,0.0,cross_validated_vs_cfbd,verified
2018,401022556,55.5,56.0,0.5,cross_validated_vs_cfbd,verified
2018,401013169,51.0,51.5,0.5,cross_validated_vs_cfbd,verified
2018,401013171,51.5,51.5,0.0,cross_validated_vs_cfbd,verified
2018,401012848,45.0,45.0,0.0,cross_validated_vs_cfbd,verified
2018,401013070,80.0,81.0,1.0,cross_validated_vs_cfbd,source_variance
2018,401012332,49.5,50.0,0.5,cross_validated_vs_cfbd,verified
2018,401012886,49.0,49.0,0.0,cross_validated_vs_cfbd,verified
2018,401013321,62.5,62.5,0.0,cross_validated_vs_cfbd,verified
2018,401013351,53.5,53.0,0.5,cross_validated_vs_cfbd,verified
2018,401012870,45.0,45.5,0.5,cross_validated_vs_cfbd,verified
2018,401013035,51.0,51.0,0.0,cross_validated_vs_cfbd,verified
2018,401012337,68.0,68.0,0.0,cross_validated_vs_cfbd,verified
2018,401012813,71.5,71.5,0.0,cross_validated_vs_cfbd,verified
2018,401012859,54.0,55.0,1.0,cross_validated_vs_cfbd,source_variance
2018,401013054,46.0,46.0,0.0,cross_validated_vs_cfbd,verified
2018,401013366,56.5,56.5,0.0,cross_validated_vs_cfbd,verified
2018,401019525,66.5,66.5,0.0,cross_validated_vs_cfbd,verified
2018,401019528,65.5,66.0,0.5,cross_validated_vs_cfbd,verified
2018,401013170,58.5,58.5,0.0,cross_validated_vs_cfbd,verified
2018,401021689,44.5,44.5,0.0,cross_validated_vs_cfbd,verified
2018,401015037,42.0,42.0,0.0,cross_validated_vs_cfbd,verified
2018,401013174,58.5,58.5,0.0,cross_validated_vs_cfbd,verified
2018,401015041,48.0,48.0,0.0,cross_validated_vs_cfbd,verified
2018,401013173,53.5,,,,single_source
2018,401015042,67.0,67.5,0.5,cross_validated_vs_cfbd,verified
2018,401022554,55.0,55.5,0.5,cross_validated_vs_cfbd,verified
2018,401019526,53.0,53.0,0.0,cross_validated_vs_cfbd,verified
2018,401022557,63.25,63.0,0.25,cross_validated_vs_cfbd,verified
2018,401012789,56.5,51.0,5.5,cross_validated_vs_cfbd,source_conflict
2018,401013172,51.0,50.0,1.0,cross_validated_vs_cfbd,source_variance
2018,401015038,47.5,46.5,1.0,cross_validated_vs_cfbd,source_variance
2018,401015040,52.0,52.5,0.5,cross_validated_vs_cfbd,verified
2018,401019524,52.0,52.0,0.0,cross_validated_vs_cfbd,verified
2018,401019527,69.5,69.5,0.0,cross_validated_vs_cfbd,verified
2018,401012790,61.5,61.0,0.5,cross_validated_vs_cfbd,verified
2018,401022555,61.5,61.5,0.0,cross_validated_vs_cfbd,verified
2018,401022558,52.0,52.0,0.0,cross_validated_vs_cfbd,verified
2018,401020780,57.5,58.0,0.5,cross_validated_vs_cfbd,verified
2018,401020781,66.0,66.0,0.0,cross_validated_vs_cfbd,verified
2018,401020782,48.0,,,,single_source
2018,401015045,63.5,64.0,0.5,cross_validated_vs_cfbd,verified
2018,401022560,61.5,62.0,0.5,cross_validated_vs_cfbd,verified
2018,401019530,75.0,75.0,0.0,cross_validated_vs_cfbd,verified
2018,401013176,58.5,60.5,2.0,cross_validated_vs_cfbd,source_conflict
2018,401013182,64.5,64.5,0.0,cross_validated_vs_cfbd,verified
2018,401012341,66.5,66.5,0.0,cross_validated_vs_cfbd,verified
2018,401012795,63.5,63.5,0.0,cross_validated_vs_cfbd,verified
2018,401012878,61.5,61.5,0.0,cross_validated_vs_cfbd,verified
2018,401019531,60.25,60.5,0.25,cross_validated_vs_cfbd,verified
2018,401012849,49.5,52.0,2.5,cross_validated_vs_cfbd,source_conflict
2018,401013046,50.5,50.5,0.0,cross_validated_vs_cfbd,verified
2018,401012794,58.5,58.5,0.0,cross_validated_vs_cfbd,verified
2018,401013175,49.5,49.5,0.0,cross_validated_vs_cfbd,verified
2018,401013334,49.0,48.5,0.5,cross_validated_vs_cfbd,verified
2018,401012887,48.5,48.5,0.0,cross_validated_vs_cfbd,verified
2018,401013036,50.5,49.5,1.0,cross_validated_vs_cfbd,source_variance
2018,401013181,62.0,62.5,0.5,cross_validated_vs_cfbd,verified
2018,401019533,63.5,63.0,0.5,cross_validated_vs_cfbd,verified
2018,401013178,65.0,66.5,1.5,cross_validated_vs_cfbd,source_conflict
2018,401015044,45.0,45.0,0.0,cross_validated_vs_cfbd,verified
2018,401015047,47.5,47.5,0.0,cross_validated_vs_cfbd,verified
2018,401021693,68.5,68.5,0.0,cross_validated_vs_cfbd,verified
2018,401022562,59.5,59.5,0.0,cross_validated_vs_cfbd,verified
2018,401012346,57.0,58.0,1.0,cross_validated_vs_cfbd,source_variance
2018,401012791,55.0,54.5,0.5,cross_validated_vs_cfbd,verified
2018,401012814,60.0,60.0,0.0,cross_validated_vs_cfbd,verified
2018,401013064,55.5,55.0,0.5,cross_validated_vs_cfbd,verified
2018,401013177,52.5,52.0,0.5,cross_validated_vs_cfbd,verified
2018,401013353,55.5,55.5,0.0,cross_validated_vs_cfbd,verified
2018,401015046,45.5,46.0,0.5,cross_validated_vs_cfbd,verified
2018,401019534,51.5,51.5,0.0,cross_validated_vs_cfbd,verified
2018,401012339,64.5,64.5,0.0,cross_validated_vs_cfbd,verified
2018,401022559,42.5,43.0,0.5,cross_validated_vs_cfbd,verified
2018,401012347,46.0,45.5,0.5,cross_validated_vs_cfbd,verified
2018,401019532,70.5,71.5,1.0,cross_validated_vs_cfbd,source_variance
2018,401012348,73.5,74.0,0.5,cross_validated_vs_cfbd,verified
2018,401013446,58.0,60.0,2.0,cross_validated_vs_cfbd,source_conflict
2018,401012793,66.0,66.0,0.0,cross_validated_vs_cfbd,verified
2018,401022563,42.0,42.0,0.0,cross_validated_vs_cfbd,verified
2018,401022564,72.0,72.0,0.0,cross_validated_vs_cfbd,verified
2018,401012340,59.0,41.5,17.5,cross_validated_vs_cfbd,source_conflict
2018,401012349,60.5,,,,single_source
2018,401022565,64.0,64.0,0.0,cross_validated_vs_cfbd,verified
2018,401013071,88.0,87.0,1.0,cross_validated_vs_cfbd,source_variance
2018,401012798,50.0,50.0,0.0,cross_validated_vs_cfbd,verified
2018,401019535,69.75,69.0,0.75,cross_validated_vs_cfbd,source_variance
2018,401012871,52.5,52.5,0.0,cross_validated_vs_cfbd,verified
2018,401019537,76.0,77.0,1.0,cross_validated_vs_cfbd,source_variance
2018,401012354,59.5,59.5,0.0,cross_validated_vs_cfbd,verified
2018,401012797,71.0,71.0,0.0,cross_validated_vs_cfbd,verified
2018,401012350,53.0,53.0,0.0,cross_validated_vs_cfbd,verified
2018,401012895,53.0,52.5,0.5,cross_validated_vs_cfbd,verified
2018,401012352,59.5,61.0,1.5,cross_validated_vs_cfbd,source_conflict
2018,401012356,45.5,46.5,1.0,cross_validated_vs_cfbd,source_variance
2018,401012351,51.5,52.0,0.5,cross_validated_vs_cfbd,verified
2018,401012879,51.5,51.5,0.0,cross_validated_vs_cfbd,verified
2018,401012802,44.5,45.0,0.5,cross_validated_vs_cfbd,verified
2018,401012815,57.5,57.0,0.5,cross_validated_vs_cfbd,verified
2018,401013184,58.5,59.5,1.0,cross_validated_vs_cfbd,source_variance
2018,401022566,64.5,63.0,1.5,cross_validated_vs_cfbd,source_conflict
2018,401013186,45.5,45.5,0.0,cross_validated_vs_cfbd,verified
2018,401013047,42.0,42.0,0.0,cross_validated_vs_cfbd,verified
2018,401012861,64.5,65.0,0.5,cross_validated_vs_cfbd,verified
2018,401015051,52.5,52.5,0.0,cross_validated_vs_cfbd,verified
2018,401013187,59.0,58.5,0.5,cross_validated_vs_cfbd,verified
2018,401013185,61.0,62.0,1.0,cross_validated_vs_cfbd,source_variance
2018,401015055,61.5,61.5,0.0,cross_validated_vs_cfbd,verified
2018,401013447,72.5,72.0,0.5,cross_validated_vs_cfbd,verified
2018,401021697,45.5,45.0,0.5,cross_validated_vs_cfbd,verified
2018,401022567,43.5,42.5,1.0,cross_validated_vs_cfbd,source_variance
2018,401012801,60.5,60.5,0.0,cross_validated_vs_cfbd,verified
2018,401015053,51.5,51.5,0.0,cross_validated_vs_cfbd,verified
2018,401015056,44.5,44.0,0.5,cross_validated_vs_cfbd,verified
2018,401021701,71.0,,,,single_source
2018,401013335,53.0,52.5,0.5,cross_validated_vs_cfbd,verified
2018,401019540,54.5,54.0,0.5,cross_validated_vs_cfbd,verified
2018,401012850,37.5,37.5,0.0,cross_validated_vs_cfbd,verified
2018,401021698,49.5,49.5,0.0,cross_validated_vs_cfbd,verified
2018,401015050,54.5,53.5,1.0,cross_validated_vs_cfbd,source_variance
2018,401012803,44.0,44.5,0.5,cross_validated_vs_cfbd,verified
2018,401022570,51.0,52.0,1.0,cross_validated_vs_cfbd,source_variance
2018,401013078,53.5,55.0,1.5,cross_validated_vs_cfbd,source_conflict
2018,401022569,61.0,61.0,0.0,cross_validated_vs_cfbd,verified
2018,401022568,53.5,53.5,0.0,cross_validated_vs_cfbd,verified
2018,401056704,45.5,45.0,0.5,cross_validated_vs_cfbd,verified
2018,401056696,51.0,51.5,0.5,cross_validated_vs_cfbd,verified
2018,401056705,63.0,62.0,1.0,cross_validated_vs_cfbd,source_variance
2018,401056697,53.0,,,,single_source
2018,401056702,63.5,63.5,0.0,cross_validated_vs_cfbd,verified
2018,401056699,64.5,65.0,0.5,cross_validated_vs_cfbd,verified
2018,401056700,50.5,51.0,0.5,cross_validated_vs_cfbd,verified
2018,401056701,55.0,55.0,0.0,cross_validated_vs_cfbd,verified
2018,401032086,58.0,60.5,2.5,cross_validated_vs_cfbd,source_conflict
2018,401032084,57.75,58.5,0.75,cross_validated_vs_cfbd,source_variance
2018,401032083,43.5,39.5,4.0,cross_validated_vs_cfbd,source_conflict
2018,401032085,58.0,55.5,2.5,cross_validated_vs_cfbd,source_conflict
2018,401032058,41.5,,,,single_source
2018,401012800,55.0,55.0,0.0,cross_validated_vs_cfbd,verified
2018,401012262,59.5,61.5,2.0,cross_validated_vs_cfbd,source_conflict
2018,401012264,57.5,42.0,15.5,cross_validated_vs_cfbd,source_conflict
2018,401013102,63.5,60.5,3.0,cross_validated_vs_cfbd,source_conflict
2018,401013108,57.5,34.0,23.5,sbro_heuristic_only_unvalidated,single_source
2018,401012265,65.5,,,,single_source
2018,401019480,49.5,17.0,32.5,sbro_heuristic_only_unvalidated,single_source
2018,401013058,46.0,45.5,0.5,cross_validated_vs_cfbd,verified
2018,401013117,54.5,54.5,0.0,cross_validated_vs_cfbd,verified
2018,401012740,52.0,52.0,0.0,cross_validated_vs_cfbd,verified
2018,401013124,58.0,58.5,0.5,cross_validated_vs_cfbd,verified
2018,401021662,66.0,66.0,0.0,cross_validated_vs_cfbd,verified
2018,401019493,65.5,54.5,11.0,cross_validated_vs_cfbd,source_conflict
2018,401012300,59.0,59.0,0.0,cross_validated_vs_cfbd,verified
2018,401013031,53.5,52.5,1.0,cross_validated_vs_cfbd,source_variance
2018,401015014,60.5,61.0,0.5,cross_validated_vs_cfbd,verified
2018,401012857,58.0,57.5,0.5,cross_validated_vs_cfbd,verified
2018,401015022,49.0,50.5,1.5,cross_validated_vs_cfbd,source_conflict
2018,401022541,52.5,52.5,0.0,cross_validated_vs_cfbd,verified
2018,401013320,61.0,60.0,1.0,cross_validated_vs_cfbd,source_variance
2018,401022550,45.0,45.5,0.5,cross_validated_vs_cfbd,verified
2018,401012334,52.5,52.5,0.0,cross_validated_vs_cfbd,verified
2018,401019489,54.0,54.5,0.5,cross_validated_vs_cfbd,verified
2018,401022539,54.0,54.5,0.5,cross_validated_vs_cfbd,verified
2018,401012811,55.0,55.0,0.0,cross_validated_vs_cfbd,verified
2018,401013077,55.5,55.5,0.0,cross_validated_vs_cfbd,verified
2018,401012787,46.0,46.5,0.5,cross_validated_vs_cfbd,verified
2018,401013179,53.0,53.0,0.0,cross_validated_vs_cfbd,verified
2018,401012297,60.0,60.0,0.0,cross_validated_vs_cfbd,verified
2018,401012301,44.5,44.0,0.5,cross_validated_vs_cfbd,verified
2018,401022540,50.0,50.0,0.0,cross_validated_vs_cfbd,verified
2018,401019517,59.0,60.0,1.0,cross_validated_vs_cfbd,source_variance
2018,401019523,68.0,68.0,0.0,cross_validated_vs_cfbd,verified
2018,401015039,59.5,59.5,0.0,cross_validated_vs_cfbd,verified
2018,401013055,69.0,69.0,0.0,cross_validated_vs_cfbd,verified
2018,401022561,66.5,67.0,0.5,cross_validated_vs_cfbd,verified
2018,401019502,77.0,77.0,0.0,cross_validated_vs_cfbd,verified
2018,401013155,49.5,49.5,0.0,cross_validated_vs_cfbd,verified
2018,401012333,55.0,54.5,0.5,cross_validated_vs_cfbd,verified
2018,401082044,,41.0,,sbro_heuristic_only_unvalidated,single_source
2018,401032080,49.0,48.5,0.5,cross_validated_vs_cfbd,verified
2018,401022521,67.0,32.0,35.0,sbro_heuristic_only_unvalidated,single_source
2018,401012756,49.5,49.5,0.0,cross_validated_vs_cfbd,verified
2018,401019506,80.5,80.5,0.0,cross_validated_vs_cfbd,verified
2018,401013333,58.5,59.5,1.0,cross_validated_vs_cfbd,source_variance
2018,401021688,62.0,61.0,1.0,cross_validated_vs_cfbd,source_variance
2018,401012799,64.5,66.0,1.5,cross_validated_vs_cfbd,source_conflict
2018,401099853,45.5,46.0,0.5,cross_validated_vs_cfbd,verified
2018,401032088,47.5,47.5,0.0,cross_validated_vs_cfbd,verified
2018,401012748,51.0,51.5,0.5,cross_validated_vs_cfbd,verified
2018,401022545,64.5,65.5,1.0,cross_validated_vs_cfbd,source_variance
2018,401012792,46.666666666666664,47.0,0.3333333333333357,cross_validated_vs_cfbd,verified
2018,401012312,51.0,51.0,0.0,cross_validated_vs_cfbd,verified
2018,401019509,65.0,65.5,0.5,cross_validated_vs_cfbd,verified
2018,401015001,52.5,52.5,0.0,cross_validated_vs_cfbd,verified
2018,401012343,51.5,51.5,0.0,cross_validated_vs_cfbd,verified
2018,401019539,53.5,49.5,4.0,cross_validated_vs_cfbd,source_conflict
2018,401035253,60.5,60.5,0.0,cross_validated_vs_cfbd,verified
2018,401032082,58.5,57.5,1.0,cross_validated_vs_cfbd,source_variance
2018,401012853,60.5,61.5,1.0,cross_validated_vs_cfbd,source_variance
2018,401012741,53.0,37.5,15.5,cross_validated_vs_cfbd,source_conflict
2018,401013338,58.0,58.5,0.5,cross_validated_vs_cfbd,verified
2018,401012808,50.0,49.5,0.5,cross_validated_vs_cfbd,verified
2018,401012771,58.5,58.0,0.5,cross_validated_vs_cfbd,verified
2018,401021678,60.0,,,,single_source
2018,401015020,53.5,52.0,1.5,cross_validated_vs_cfbd,source_conflict
2018,401012785,51.5,51.5,0.0,cross_validated_vs_cfbd,verified
2018,401013329,50.0,50.5,0.5,cross_validated_vs_cfbd,verified
2018,401014987,79.0,44.5,34.5,sbro_heuristic_only_unvalidated,single_source
2018,401013113,54.5,54.0,0.5,cross_validated_vs_cfbd,verified
2018,401013123,52.0,51.5,0.5,cross_validated_vs_cfbd,verified
2018,401012809,62.0,62.0,0.0,cross_validated_vs_cfbd,verified
2018,401012318,58.0,58.0,0.0,cross_validated_vs_cfbd,verified
2018,401013348,65.5,65.5,0.0,cross_validated_vs_cfbd,verified
2018,401021669,55.5,55.5,0.0,cross_validated_vs_cfbd,verified
2018,401012763,44.5,44.0,0.5,cross_validated_vs_cfbd,verified
2018,401013339,60.5,60.5,0.0,cross_validated_vs_cfbd,verified
2018,401022535,62.5,62.5,0.0,cross_validated_vs_cfbd,verified
2018,401012810,53.0,53.0,0.0,cross_validated_vs_cfbd,verified
2018,401098253,56.0,56.5,0.5,cross_validated_vs_cfbd,verified
2018,401035252,56.0,57.5,1.5,cross_validated_vs_cfbd,source_conflict
2018,401012683,45.0,45.0,0.0,cross_validated_vs_cfbd,verified
2018,401012271,60.0,60.0,0.0,cross_validated_vs_cfbd,verified
2018,401014988,69.0,69.0,0.0,cross_validated_vs_cfbd,verified
2018,401013350,64.5,63.0,1.5,cross_validated_vs_cfbd,source_conflict
2018,401014998,55.0,55.0,0.0,cross_validated_vs_cfbd,verified
2018,401021668,65.0,65.0,0.0,cross_validated_vs_cfbd,verified
2018,401013143,54.5,54.0,0.5,cross_validated_vs_cfbd,verified
2018,401013452,62.5,62.5,0.0,cross_validated_vs_cfbd,verified
2018,401013162,61.0,61.5,0.5,cross_validated_vs_cfbd,verified
2018,401012267,52.5,52.5,0.0,cross_validated_vs_cfbd,verified
2018,401021658,59.5,34.0,25.5,sbro_heuristic_only_unvalidated,single_source
2018,401014993,47.5,47.5,0.0,cross_validated_vs_cfbd,verified
2018,401013039,55.0,55.0,0.0,cross_validated_vs_cfbd,verified
2018,401032087,56.833333333333336,57.5,0.6666666666666643,cross_validated_vs_cfbd,source_variance
2018,401022527,63.75,63.0,0.75,cross_validated_vs_cfbd,source_variance
2018,401012888,46.5,48.5,2.0,cross_validated_vs_cfbd,source_conflict
2018,401013059,60.5,61.0,0.5,cross_validated_vs_cfbd,verified
2018,401013137,66.0,66.0,0.0,cross_validated_vs_cfbd,verified
2018,401012788,59.0,59.0,0.0,cross_validated_vs_cfbd,verified
2018,401012889,55.0,55.0,0.0,cross_validated_vs_cfbd,verified
2018,401013326,63.5,33.5,30.0,sbro_heuristic_only_unvalidated,single_source
2018,401012864,43.5,21.0,22.5,sbro_heuristic_only_unvalidated,single_source
2018,401013066,60.0,60.0,0.0,cross_validated_vs_cfbd,verified
2018,401013122,45.0,45.0,0.0,cross_validated_vs_cfbd,verified
2018,401013107,,42.0,,sbro_heuristic_only_unvalidated,single_source
2018,401019479,67.0,67.0,0.0,cross_validated_vs_cfbd,verified
2018,401012293,56.0,56.5,0.5,cross_validated_vs_cfbd,verified
2018,401012893,47.5,47.0,0.5,cross_validated_vs_cfbd,verified
2018,401012681,72.5,69.5,3.0,cross_validated_vs_cfbd,source_conflict
2018,401012261,70.0,71.5,1.5,cross_validated_vs_cfbd,source_conflict
2018,401012276,56.5,39.0,17.5,cross_validated_vs_cfbd,source_conflict
2018,401014996,57.0,57.5,0.5,cross_validated_vs_cfbd,verified
2018,401012729,64.0,63.5,0.5,cross_validated_vs_cfbd,verified
2018,401014982,51.5,51.0,0.5,cross_validated_vs_cfbd,verified
2018,401014984,64.5,34.0,30.5,sbro_heuristic_only_unvalidated,single_source
2018,401013110,49.5,50.0,0.5,cross_validated_vs_cfbd,verified
2018,401019504,47.0,47.0,0.0,cross_validated_vs_cfbd,verified
2018,401014989,67.5,67.5,0.0,cross_validated_vs_cfbd,verified
2018,401012256,57.0,55.0,2.0,cross_validated_vs_cfbd,source_conflict
2018,401012298,50.0,51.0,1.0,cross_validated_vs_cfbd,source_variance
2018,401012874,56.0,56.5,0.5,cross_validated_vs_cfbd,verified
2018,401019488,72.0,72.0,0.0,cross_validated_vs_cfbd,verified
2018,401012285,57.5,58.0,0.5,cross_validated_vs_cfbd,verified
2018,401014977,55.5,56.0,0.5,cross_validated_vs_cfbd,verified
2018,401012821,58.5,58.5,0.0,cross_validated_vs_cfbd,verified
2018,401013330,46.5,47.0,0.5,cross_validated_vs_cfbd,verified
2018,401019498,,44.5,,sbro_heuristic_only_unvalidated,single_source
2018,401012753,61.5,62.0,0.5,cross_validated_vs_cfbd,verified
2018,401012307,73.5,74.0,0.5,cross_validated_vs_cfbd,verified
2018,401012325,59.0,59.0,0.0,cross_validated_vs_cfbd,verified
2018,401013183,49.5,49.5,0.0,cross_validated_vs_cfbd,verified
2018,401012728,65.5,65.5,0.0,cross_validated_vs_cfbd,verified
2018,401013072,57.5,50.0,7.5,cross_validated_vs_cfbd,source_conflict
2018,401013358,60.5,61.5,1.0,cross_validated_vs_cfbd,source_variance
2018,401012852,50.0,50.0,0.0,cross_validated_vs_cfbd,verified
2018,401012731,,50.5,,sbro_heuristic_only_unvalidated,single_source
2018,401012284,59.0,59.0,0.0,cross_validated_vs_cfbd,verified
2018,401013466,56.0,56.0,0.0,cross_validated_vs_cfbd,verified
2018,401022516,43.0,24.5,18.5,cross_validated_vs_cfbd,source_conflict
2018,401012263,51.5,52.0,0.5,cross_validated_vs_cfbd,verified
2018,401013100,60.0,59.5,0.5,cross_validated_vs_cfbd,verified
2018,401013327,74.5,74.5,0.0,cross_validated_vs_cfbd,verified
2018,401012851,54.5,56.0,1.5,cross_validated_vs_cfbd,source_conflict
2018,401012863,46.5,46.5,0.0,cross_validated_vs_cfbd,verified
2018,401014978,51.0,33.0,18.0,cross_validated_vs_cfbd,source_conflict
2018,401022518,58.5,25.5,33.0,sbro_heuristic_only_unvalidated,single_source
2018,401013346,67.0,67.0,0.0,cross_validated_vs_cfbd,verified
2018,401013127,75.5,75.5,0.0,cross_validated_vs_cfbd,verified
2018,401012755,47.5,48.0,0.5,cross_validated_vs_cfbd,verified
2018,401019507,69.5,70.0,0.5,cross_validated_vs_cfbd,verified
2018,401012867,43.5,44.0,0.5,cross_validated_vs_cfbd,verified
2018,401013069,78.5,78.5,0.0,cross_validated_vs_cfbd,verified
2018,401021696,48.0,47.0,1.0,cross_validated_vs_cfbd,source_variance
2018,401019536,49.5,50.5,1.0,cross_validated_vs_cfbd,source_variance
2018,401015054,51.5,51.5,0.0,cross_validated_vs_cfbd,verified
2018,401021664,58.5,,,,single_source
2018,401013349,54.0,53.5,0.5,cross_validated_vs_cfbd,verified
2018,401012253,67.0,72.0,5.0,cross_validated_vs_cfbd,source_conflict
2018,401013359,65.5,66.0,0.5,cross_validated_vs_cfbd,verified
2018,401012823,54.0,53.5,0.5,cross_validated_vs_cfbd,verified
2018,401013362,72.0,72.0,0.0,cross_validated_vs_cfbd,verified
2018,401019478,52.25,52.0,0.25,cross_validated_vs_cfbd,verified
2018,401012248,49.0,50.5,1.5,cross_validated_vs_cfbd,source_conflict
2018,401032081,74.5,73.5,1.0,cross_validated_vs_cfbd,source_variance
2018,401012266,52.5,51.5,1.0,cross_validated_vs_cfbd,source_variance
2018,401012726,71.5,71.0,0.5,cross_validated_vs_cfbd,verified
2018,401013065,72.0,66.5,5.5,cross_validated_vs_cfbd,source_conflict
2018,401012268,53.0,53.0,0.0,cross_validated_vs_cfbd,verified
2018,401014976,71.0,71.0,0.0,cross_validated_vs_cfbd,verified
2018,401013109,58.5,59.0,0.5,cross_validated_vs_cfbd,verified
2018,401012804,55.5,57.0,1.5,cross_validated_vs_cfbd,source_conflict
2018,401012684,60.0,57.5,2.5,cross_validated_vs_cfbd,source_conflict
2018,401012739,47.0,46.5,0.5,cross_validated_vs_cfbd,verified
2018,401013114,58.5,58.5,0.0,cross_validated_vs_cfbd,verified
2018,401022526,47.5,47.0,0.5,cross_validated_vs_cfbd,verified
2018,401015005,51.5,51.5,0.0,cross_validated_vs_cfbd,verified
2018,401015021,60.5,60.5,0.0,cross_validated_vs_cfbd,verified
2018,401012682,63.5,62.0,1.5,cross_validated_vs_cfbd,source_conflict
2018,401012677,52.0,52.0,0.0,cross_validated_vs_cfbd,verified
2018,401012676,60.5,58.5,2.0,cross_validated_vs_cfbd,source_conflict
2018,401013103,60.0,60.0,0.0,cross_validated_vs_cfbd,verified
2018,401012283,52.0,52.5,0.5,cross_validated_vs_cfbd,verified
2018,401012822,44.0,44.0,0.0,cross_validated_vs_cfbd,verified
2018,401013369,54.5,54.0,0.5,cross_validated_vs_cfbd,verified
2018,401032062,52.0,52.0,0.0,cross_validated_vs_cfbd,verified
2018,401012679,62.25,63.0,0.75,cross_validated_vs_cfbd,source_variance
2018,401013105,50.5,,,,single_source
2018,401013154,49.5,49.0,0.5,cross_validated_vs_cfbd,verified
2018,401022548,45.5,46.0,0.5,cross_validated_vs_cfbd,verified
2018,401012678,63.5,58.5,5.0,cross_validated_vs_cfbd,source_conflict
2018,401013377,60.5,60.0,0.5,cross_validated_vs_cfbd,verified
2018,401019490,74.75,75.5,0.75,cross_validated_vs_cfbd,source_variance
2018,401012288,75.5,,,,single_source
2018,401013440,50.5,51.5,1.0,cross_validated_vs_cfbd,source_variance
2018,401015003,63.5,64.5,1.0,cross_validated_vs_cfbd,source_variance
2018,401021672,59.5,58.5,1.0,cross_validated_vs_cfbd,source_variance
2018,401013453,,7.0,,sbro_heuristic_only_unvalidated,single_source
2018,401015028,58.5,58.5,0.0,cross_validated_vs_cfbd,verified
2018,401013037,64.0,63.5,0.5,cross_validated_vs_cfbd,verified
2018,401012860,53.5,53.5,0.0,cross_validated_vs_cfbd,verified
2018,401013056,51.0,51.0,0.0,cross_validated_vs_cfbd,verified
2018,401013490,64.0,64.5,0.5,cross_validated_vs_cfbd,verified
2018,401013337,56.5,56.0,0.5,cross_validated_vs_cfbd,verified
2018,401019496,66.0,67.0,1.0,cross_validated_vs_cfbd,source_variance
2018,401012295,54.5,55.5,1.0,cross_validated_vs_cfbd,source_variance
2018,401013096,55.5,54.5,1.0,cross_validated_vs_cfbd,source_variance
2018,401013322,71.5,49.0,22.5,sbro_heuristic_only_unvalidated,single_source
2018,401013029,54.5,54.5,0.0,cross_validated_vs_cfbd,verified
2018,401013133,47.0,47.0,0.0,cross_validated_vs_cfbd,verified
2018,401012786,65.0,65.0,0.0,cross_validated_vs_cfbd,verified
2018,401015052,50.0,49.0,1.0,cross_validated_vs_cfbd,source_variance
2018,401019538,68.5,68.5,0.0,cross_validated_vs_cfbd,verified
2018,401032060,50.0,50.0,0.0,cross_validated_vs_cfbd,verified
2018,401013319,60.0,60.0,0.0,cross_validated_vs_cfbd,verified
2018,401012890,55.0,54.5,0.5,cross_validated_vs_cfbd,verified
2018,401012856,52.0,52.0,0.0,cross_validated_vs_cfbd,verified
2018,401012767,52.5,52.5,0.0,cross_validated_vs_cfbd,verified
2018,401013188,58.5,58.5,0.0,cross_validated_vs_cfbd,verified
2018,401012328,69.0,,,,single_source
2018,401019482,47.25,45.0,2.25,cross_validated_vs_cfbd,source_conflict
2018,401019484,63.0,63.5,0.5,cross_validated_vs_cfbd,verified
2018,401012742,45.5,46.0,0.5,cross_validated_vs_cfbd,verified
2018,401019487,57.5,33.0,24.5,sbro_heuristic_only_unvalidated,single_source
2018,401012744,68.0,68.5,0.5,cross_validated_vs_cfbd,verified
2018,401012854,51.5,51.5,0.0,cross_validated_vs_cfbd,verified
2018,401012747,66.5,31.0,35.5,sbro_heuristic_only_unvalidated,single_source
2018,401012282,66.0,66.0,0.0,cross_validated_vs_cfbd,verified
2018,401015009,56.5,56.5,0.0,cross_validated_vs_cfbd,verified
2018,401012257,61.0,58.5,2.5,cross_validated_vs_cfbd,source_conflict
2018,401013098,47.5,47.0,0.5,cross_validated_vs_cfbd,verified
2018,401019529,69.0,69.0,0.0,cross_validated_vs_cfbd,verified
2018,401012807,60.0,60.0,0.0,cross_validated_vs_cfbd,verified
2018,401012743,70.25,68.0,2.25,cross_validated_vs_cfbd,source_conflict
2018,401012746,58.5,37.5,21.0,sbro_heuristic_only_unvalidated,single_source
2018,401014983,61.0,59.5,1.5,cross_validated_vs_cfbd,source_conflict
2018,401014986,46.5,19.0,27.5,sbro_heuristic_only_unvalidated,single_source
2018,401013331,62.0,61.0,1.0,cross_validated_vs_cfbd,source_variance
2018,401012778,46.0,46.0,0.0,cross_validated_vs_cfbd,verified
2018,401013166,78.5,77.5,1.0,cross_validated_vs_cfbd,source_variance
2018,401012353,52.5,53.0,0.5,cross_validated_vs_cfbd,verified
2018,401012727,54.0,54.0,0.0,cross_validated_vs_cfbd,verified
2018,401014985,,32.5,,sbro_heuristic_only_unvalidated,single_source
2018,401012735,47.0,47.5,0.5,cross_validated_vs_cfbd,verified
2018,401022543,44.5,46.0,1.5,cross_validated_vs_cfbd,source_conflict
2018,401012751,53.5,54.0,0.5,cross_validated_vs_cfbd,verified
2018,401020685,68.0,68.0,0.0,cross_validated_vs_cfbd,verified
2018,401012750,73.5,73.5,0.0,cross_validated_vs_cfbd,verified
2018,401013095,47.0,47.5,0.5,cross_validated_vs_cfbd,verified
2018,401019475,62.0,61.5,0.5,cross_validated_vs_cfbd,verified
2018,401013051,62.5,62.5,0.0,cross_validated_vs_cfbd,verified
2018,401013043,55.0,55.0,0.0,cross_validated_vs_cfbd,verified
2018,401012308,66.0,66.0,0.0,cross_validated_vs_cfbd,verified
2018,401015026,44.5,44.5,0.0,cross_validated_vs_cfbd,verified
2018,401056698,79.5,80.0,0.5,cross_validated_vs_cfbd,verified
2018,401013087,63.0,62.0,1.0,cross_validated_vs_cfbd,source_variance
2018,401012745,,20.0,,sbro_heuristic_only_unvalidated,single_source
2018,401012825,51.0,51.0,0.0,cross_validated_vs_cfbd,verified
2018,401013373,41.5,41.5,0.0,cross_validated_vs_cfbd,verified
2018,401013165,64.5,64.5,0.0,cross_validated_vs_cfbd,verified
2018,401013092,43.5,,,,single_source
2018,401013090,58.5,42.0,16.5,cross_validated_vs_cfbd,source_conflict
2018,401032054,68.0,68.0,0.0,cross_validated_vs_cfbd,verified
2018,401012862,46.5,46.5,0.0,cross_validated_vs_cfbd,verified
2018,401019477,60.0,60.0,0.0,cross_validated_vs_cfbd,verified
2018,401021656,48.0,48.5,0.5,cross_validated_vs_cfbd,verified
2018,401014975,51.0,51.5,0.5,cross_validated_vs_cfbd,verified
2018,401012246,62.0,60.0,2.0,cross_validated_vs_cfbd,source_conflict
2018,401013086,56.0,55.5,0.5,cross_validated_vs_cfbd,verified
2018,401013342,51.0,49.5,1.5,cross_validated_vs_cfbd,source_conflict
2018,401013354,52.0,51.5,0.5,cross_validated_vs_cfbd,verified
2018,401020671,61.5,18.5,43.0,sbro_heuristic_only_unvalidated,single_source
2018,401012675,49.5,,,,single_source
2018,401013489,73.0,46.5,26.5,sbro_heuristic_only_unvalidated,single_source
2018,401014979,54.5,39.0,15.5,cross_validated_vs_cfbd,source_conflict
2018,401014972,58.5,58.5,0.0,cross_validated_vs_cfbd,verified
2018,401022510,57.5,58.5,1.0,cross_validated_vs_cfbd,source_variance
2018,401013437,47.0,46.5,0.5,cross_validated_vs_cfbd,verified
2018,401019470,,68.0,,sbro_heuristic_only_unvalidated,single_source
2018,401013328,48.0,49.5,1.5,cross_validated_vs_cfbd,source_conflict
2018,401014973,56.0,16.5,39.5,sbro_heuristic_only_unvalidated,single_source
2018,401021655,74.0,,,,single_source
2018,401012258,63.5,48.0,15.5,cross_validated_vs_cfbd,source_conflict
2018,401013048,57.0,9.5,47.5,sbro_heuristic_only_unvalidated,single_source
2018,401019476,62.0,13.0,49.0,sbro_heuristic_only_unvalidated,single_source
2018,401013026,,41.0,,sbro_heuristic_only_unvalidated,single_source
2018,401022515,63.5,35.5,28.0,sbro_heuristic_only_unvalidated,single_source
2018,401020672,60.5,22.5,38.0,sbro_heuristic_only_unvalidated,single_source
2018,401012249,,43.0,,sbro_heuristic_only_unvalidated,single_source
2018,401012250,59.5,48.5,11.0,cross_validated_vs_cfbd,source_conflict
2018,401012247,58.5,34.5,24.0,sbro_heuristic_only_unvalidated,single_source
2018,401012255,57.0,35.5,21.5,sbro_heuristic_only_unvalidated,single_source
2018,401013088,58.5,51.0,7.5,cross_validated_vs_cfbd,source_conflict
2018,401013091,56.5,14.0,42.5,sbro_heuristic_only_unvalidated,single_source
2018,401022514,57.5,15.0,42.5,sbro_heuristic_only_unvalidated,single_source
2018,401013094,55.5,14.5,41.0,sbro_heuristic_only_unvalidated,single_source
2018,401019472,56.5,27.5,29.0,sbro_heuristic_only_unvalidated,single_source
2018,401013357,68.0,71.0,3.0,cross_validated_vs_cfbd,source_conflict
2018,401013057,63.0,24.0,39.0,sbro_heuristic_only_unvalidated,single_source
2018,401020675,62.0,30.5,31.5,sbro_heuristic_only_unvalidated,single_source
2018,401079833,64.5,12.5,52.0,sbro_heuristic_only_unvalidated,single_source
2018,401013375,37.0,11.0,26.0,sbro_heuristic_only_unvalidated,single_source
2018,401015048,73.5,31.5,42.0,sbro_heuristic_only_unvalidated,single_source
2018,401013180,81.5,31.0,50.5,sbro_heuristic_only_unvalidated,single_source
2018,401012345,49.5,31.0,18.5,cross_validated_vs_cfbd,source_conflict
2018,401019485,,42.0,,sbro_heuristic_only_unvalidated,single_source
2018,401021659,,,,,missing
2018,401019486,,9.0,,sbro_heuristic_only_unvalidated,single_source
2018,401019481,,51.5,,sbro_heuristic_only_unvalidated,single_source
2018,401021651,,2.5,,sbro_heuristic_only_unvalidated,single_source
2018,401013106,,45.0,,sbro_heuristic_only_unvalidated,single_source
2018,401013097,,45.0,,sbro_heuristic_only_unvalidated,single_source
2018,401012733,,44.5,,sbro_heuristic_only_unvalidated,single_source
2018,401022511,,3.0,,sbro_heuristic_only_unvalidated,single_source
2018,401019474,,31.0,,sbro_heuristic_only_unvalidated,single_source
2018,401020674,,44.0,,sbro_heuristic_only_unvalidated,single_source
2018,401012805,,8.0,,sbro_heuristic_only_unvalidated,single_source
2018,401022519,,48.0,,sbro_heuristic_only_unvalidated,single_source
2018,401020684,,8.0,,sbro_heuristic_only_unvalidated,single_source
2018,401013101,,42.0,,sbro_heuristic_only_unvalidated,single_source
2019,401110840,49.25,49.5,0.25,cross_validated_vs_cfbd,verified
2019,401114301,51.0,51.0,0.0,cross_validated_vs_cfbd,verified
2019,401119293,49.25,49.5,0.25,cross_validated_vs_cfbd,verified
2019,401117896,48.5,48.5,0.0,cross_validated_vs_cfbd,verified
2019,401112497,49.5,49.5,0.0,cross_validated_vs_cfbd,verified
2019,401119294,49.75,49.5,0.25,cross_validated_vs_cfbd,verified
2019,401110838,47.75,47.0,0.75,cross_validated_vs_cfbd,source_variance
2019,401117897,71.75,71.5,0.25,cross_validated_vs_cfbd,verified
2019,401117895,73.25,74.0,0.75,cross_validated_vs_cfbd,source_variance
2019,401112208,57.5,59.0,1.5,cross_validated_vs_cfbd,source_conflict
2019,401112153,48.25,48.5,0.25,cross_validated_vs_cfbd,verified
2019,401110841,55.0,55.5,0.5,cross_validated_vs_cfbd,verified
2019,401117538,64.0,64.0,0.0,cross_validated_vs_cfbd,verified
2019,401114331,44.75,46.0,1.25,cross_validated_vs_cfbd,source_variance
2019,401112243,58.0,57.5,0.5,cross_validated_vs_cfbd,verified
2019,401112165,43.75,44.0,0.25,cross_validated_vs_cfbd,verified
2019,401114171,71.75,71.5,0.25,cross_validated_vs_cfbd,verified
2019,401112499,48.0,48.0,0.0,cross_validated_vs_cfbd,verified
2019,401117894,54.75,54.0,0.75,cross_validated_vs_cfbd,source_variance
2019,401112500,61.0,61.5,0.5,cross_validated_vs_cfbd,verified
2019,401119295,48.75,48.5,0.25,cross_validated_vs_cfbd,verified
2019,401112501,59.0,59.0,0.0,cross_validated_vs_cfbd,verified
2019,401112104,54.75,54.5,0.25,cross_validated_vs_cfbd,verified
2019,401121963,55.5,55.0,0.5,cross_validated_vs_cfbd,verified
2019,401114198,60.25,60.5,0.25,cross_validated_vs_cfbd,verified
2019,401114299,65.0,64.5,0.5,cross_validated_vs_cfbd,verified
2019,401112127,58.5,58.5,0.0,cross_validated_vs_cfbd,verified
2019,401117535,61.0,60.5,0.5,cross_validated_vs_cfbd,verified
2019,401114227,48.0,48.0,0.0,cross_validated_vs_cfbd,verified
2019,401112495,59.0,59.0,0.0,cross_validated_vs_cfbd,verified
2019,401110836,59.0,59.0,0.0,cross_validated_vs_cfbd,verified
2019,401114189,64.75,64.5,0.25,cross_validated_vs_cfbd,verified
2019,401112498,44.0,44.0,0.0,cross_validated_vs_cfbd,verified
2019,401117536,58.0,58.0,0.0,cross_validated_vs_cfbd,verified
2019,401121962,60.25,60.0,0.25,cross_validated_vs_cfbd,verified
2019,401110839,51.25,51.5,0.25,cross_validated_vs_cfbd,verified
2019,401114302,48.5,48.0,0.5,cross_validated_vs_cfbd,verified
2019,401114303,58.5,59.0,0.5,cross_validated_vs_cfbd,verified
2019,401117216,51.25,51.5,0.25,cross_validated_vs_cfbd,verified
2019,401117537,66.75,66.5,0.25,cross_validated_vs_cfbd,verified
2019,401121960,41.5,42.0,0.5,cross_validated_vs_cfbd,verified
2019,401112080,56.75,56.0,0.75,cross_validated_vs_cfbd,source_variance
2019,401117898,59.5,59.5,0.0,cross_validated_vs_cfbd,verified
2019,401114300,47.25,47.5,0.25,cross_validated_vs_cfbd,verified
2019,401110837,53.25,53.5,0.25,cross_validated_vs_cfbd,verified
2019,401114352,71.75,72.5,0.75,cross_validated_vs_cfbd,source_variance
2019,401121961,69.5,,,,single_source
2019,401135260,51.75,51.5,0.25,cross_validated_vs_cfbd,verified
2019,401110732,56.5,56.5,0.0,cross_validated_vs_cfbd,verified
2019,401114254,46.5,46.5,0.0,cross_validated_vs_cfbd,verified
2019,401121973,50.0,50.0,0.0,cross_validated_vs_cfbd,verified
2019,401119309,67.25,67.5,0.25,cross_validated_vs_cfbd,verified
2019,401121976,57.0,57.0,0.0,cross_validated_vs_cfbd,verified
2019,401114319,55.25,56.0,0.75,cross_validated_vs_cfbd,source_variance
2019,401121977,74.0,74.0,0.0,cross_validated_vs_cfbd,verified
2019,401114191,53.0,53.0,0.0,cross_validated_vs_cfbd,verified
2019,401110858,43.5,43.5,0.0,cross_validated_vs_cfbd,verified
2019,401110862,42.5,42.5,0.0,cross_validated_vs_cfbd,verified
2019,401119310,53.0,53.0,0.0,cross_validated_vs_cfbd,verified
2019,401119311,51.25,,,,single_source
2019,401119312,53.75,53.5,0.25,cross_validated_vs_cfbd,verified
2019,401119313,68.75,68.5,0.25,cross_validated_vs_cfbd,verified
2019,401119314,55.5,55.5,0.0,cross_validated_vs_cfbd,verified
2019,401119315,64.5,64.0,0.5,cross_validated_vs_cfbd,verified
2019,401121979,53.0,53.0,0.0,cross_validated_vs_cfbd,verified
2019,401121980,52.0,51.5,0.5,cross_validated_vs_cfbd,verified
2019,401114346,67.5,68.0,0.5,cross_validated_vs_cfbd,verified
2019,401114323,56.25,56.5,0.25,cross_validated_vs_cfbd,verified
2019,401121982,71.0,71.0,0.0,cross_validated_vs_cfbd,verified
2019,401132981,57.25,57.0,0.25,cross_validated_vs_cfbd,verified
2019,401132974,66.5,66.5,0.0,cross_validated_vs_cfbd,verified
2019,401135261,71.5,71.5,0.0,cross_validated_vs_cfbd,verified
2019,401135266,48.0,48.0,0.0,cross_validated_vs_cfbd,verified
2019,401135267,47.75,47.5,0.25,cross_validated_vs_cfbd,verified
2019,401135263,40.25,41.0,0.75,cross_validated_vs_cfbd,source_variance
2019,401147693,58.75,58.5,0.25,cross_validated_vs_cfbd,verified
2019,401135264,63.75,63.0,0.75,cross_validated_vs_cfbd,source_variance
2019,401135265,59.75,59.5,0.25,cross_validated_vs_cfbd,verified
2019,401135273,51.0,52.0,1.0,cross_validated_vs_cfbd,source_variance
2019,401135277,59.5,60.5,1.0,cross_validated_vs_cfbd,source_variance
2019,401135281,64.5,63.0,1.5,cross_validated_vs_cfbd,source_conflict
2019,401117853,65.5,66.0,0.5,cross_validated_vs_cfbd,verified
2019,401117855,70.5,70.0,0.5,cross_validated_vs_cfbd,verified
2019,401119254,50.5,50.5,0.0,cross_validated_vs_cfbd,verified
2019,401119255,63.5,61.5,2.0,cross_validated_vs_cfbd,source_conflict
2019,401114246,54.5,54.5,0.0,cross_validated_vs_cfbd,verified
2019,401135910,54.5,54.5,0.0,cross_validated_vs_cfbd,verified
2019,401114237,50.5,50.5,0.0,cross_validated_vs_cfbd,verified
2019,401119253,45.0,45.0,0.0,cross_validated_vs_cfbd,verified
2019,401112229,56.0,56.0,0.0,cross_validated_vs_cfbd,verified
2019,401117493,59.5,59.5,0.0,cross_validated_vs_cfbd,verified
2019,401114233,64.5,56.5,8.0,cross_validated_vs_cfbd,source_conflict
2019,401114225,63.5,63.5,0.0,cross_validated_vs_cfbd,verified
2019,401117503,54.0,54.0,0.0,cross_validated_vs_cfbd,verified
2019,401110795,50.0,50.0,0.0,cross_validated_vs_cfbd,verified
2019,401110791,53.0,,,,single_source
2019,401117505,51.5,51.5,0.0,cross_validated_vs_cfbd,verified
2019,401117868,55.0,55.0,0.0,cross_validated_vs_cfbd,verified
2019,401112239,63.5,64.5,1.0,cross_validated_vs_cfbd,source_variance
2019,401121941,62.0,23.5,38.5,sbro_heuristic_only_unvalidated,single_source
2019,401112129,64.5,65.0,0.5,cross_validated_vs_cfbd,verified
2019,401114326,43.5,43.5,0.0,cross_validated_vs_cfbd,verified
2019,401117900,68.25,68.0,0.25,cross_validated_vs_cfbd,verified
2019,401112142,56.75,56.0,0.75,cross_validated_vs_cfbd,source_variance
2019,401119296,65.0,65.0,0.0,cross_validated_vs_cfbd,verified
2019,401112502,64.25,63.5,0.75,cross_validated_vs_cfbd,source_variance
2019,401119298,57.5,57.0,0.5,cross_validated_vs_cfbd,verified
2019,401114205,64.25,64.0,0.25,cross_validated_vs_cfbd,verified
2019,401112209,66.0,65.0,1.0,cross_validated_vs_cfbd,source_variance
2019,401117899,49.75,50.0,0.25,cross_validated_vs_cfbd,verified
2019,401119297,63.25,63.5,0.25,cross_validated_vs_cfbd,verified
2019,401112504,46.0,45.5,0.5,cross_validated_vs_cfbd,verified
2019,401112111,57.75,57.5,0.25,cross_validated_vs_cfbd,verified
2019,401117541,48.0,48.0,0.0,cross_validated_vs_cfbd,verified
2019,401117902,74.0,74.5,0.5,cross_validated_vs_cfbd,verified
2019,401110843,51.0,51.0,0.0,cross_validated_vs_cfbd,verified
2019,401110844,49.25,49.0,0.25,cross_validated_vs_cfbd,verified
2019,401121967,41.25,42.5,1.25,cross_validated_vs_cfbd,source_variance
2019,401114353,62.5,62.0,0.5,cross_validated_vs_cfbd,verified
2019,401112505,49.25,49.0,0.25,cross_validated_vs_cfbd,verified
2019,401112503,54.75,54.0,0.75,cross_validated_vs_cfbd,source_variance
2019,401114305,59.0,59.0,0.0,cross_validated_vs_cfbd,verified
2019,401114160,54.5,54.5,0.0,cross_validated_vs_cfbd,verified
2019,401112506,60.75,61.0,0.25,cross_validated_vs_cfbd,verified
2019,401110845,48.0,48.0,0.0,cross_validated_vs_cfbd,verified
2019,401121965,56.5,56.0,0.5,cross_validated_vs_cfbd,verified
2019,401114306,72.0,72.0,0.0,cross_validated_vs_cfbd,verified
2019,401114308,49.5,48.5,1.0,cross_validated_vs_cfbd,source_variance
2019,401110848,51.0,52.0,1.0,cross_validated_vs_cfbd,source_variance
2019,401114307,42.0,42.5,0.5,cross_validated_vs_cfbd,verified
2019,401117540,59.0,59.0,0.0,cross_validated_vs_cfbd,verified
2019,401117901,53.0,53.0,0.0,cross_validated_vs_cfbd,verified
2019,401110842,65.25,65.5,0.25,cross_validated_vs_cfbd,verified
2019,401114304,55.0,55.5,0.5,cross_validated_vs_cfbd,verified
2019,401117543,78.75,78.5,0.25,cross_validated_vs_cfbd,verified
2019,401114190,56.75,56.5,0.25,cross_validated_vs_cfbd,verified
2019,401112198,37.5,37.5,0.0,cross_validated_vs_cfbd,verified
2019,401121964,58.0,58.0,0.0,cross_validated_vs_cfbd,verified
2019,401121966,76.5,,,,single_source
2019,401114180,52.25,52.0,0.25,cross_validated_vs_cfbd,verified
2019,401112235,48.75,48.0,0.75,cross_validated_vs_cfbd,source_variance
2019,401110847,64.5,,,,single_source
2019,401110846,42.25,42.0,0.25,cross_validated_vs_cfbd,verified
2019,401114332,60.5,60.5,0.0,cross_validated_vs_cfbd,verified
2019,401112081,48.25,48.0,0.25,cross_validated_vs_cfbd,verified
2019,401112154,47.0,47.0,0.0,cross_validated_vs_cfbd,verified
2019,401112249,38.75,38.5,0.25,cross_validated_vs_cfbd,verified
2019,401117542,39.75,39.5,0.25,cross_validated_vs_cfbd,verified
2019,401112092,70.5,70.5,0.0,cross_validated_vs_cfbd,verified
2019,401111654,49.75,49.5,0.25,cross_validated_vs_cfbd,verified
2019,401117546,51.5,51.0,0.5,cross_validated_vs_cfbd,verified
2019,401112105,69.0,69.0,0.0,cross_validated_vs_cfbd,verified
2019,401114311,55.5,54.5,1.0,cross_validated_vs_cfbd,source_variance
2019,401117544,62.25,61.5,0.75,cross_validated_vs_cfbd,source_variance
2019,401112255,63.25,63.0,0.25,cross_validated_vs_cfbd,verified
2019,401112508,59.5,59.5,0.0,cross_validated_vs_cfbd,verified
2019,401112511,51.0,51.5,0.5,cross_validated_vs_cfbd,verified
2019,401121971,52.75,53.5,0.75,cross_validated_vs_cfbd,source_variance
2019,401112250,57.0,57.5,0.5,cross_validated_vs_cfbd,verified
2019,401117903,47.0,46.5,0.5,cross_validated_vs_cfbd,verified
2019,401119301,47.75,48.0,0.25,cross_validated_vs_cfbd,verified
2019,401112199,44.5,44.5,0.0,cross_validated_vs_cfbd,verified
2019,401112509,49.25,49.0,0.25,cross_validated_vs_cfbd,verified
2019,401112512,51.5,51.5,0.0,cross_validated_vs_cfbd,verified
2019,401119300,63.75,63.5,0.25,cross_validated_vs_cfbd,verified
2019,401112112,46.0,46.0,0.0,cross_validated_vs_cfbd,verified
2019,401119303,55.0,55.0,0.0,cross_validated_vs_cfbd,verified
2019,401114231,65.5,65.5,0.0,cross_validated_vs_cfbd,verified
2019,401112166,55.25,55.5,0.25,cross_validated_vs_cfbd,verified
2019,401114310,46.0,46.5,0.5,cross_validated_vs_cfbd,verified
2019,401110851,61.25,61.0,0.25,cross_validated_vs_cfbd,verified
2019,401110850,66.5,,,,single_source
2019,401110849,42.5,43.5,1.0,cross_validated_vs_cfbd,source_variance
2019,401110854,43.0,43.0,0.0,cross_validated_vs_cfbd,verified
2019,401119299,45.0,45.0,0.0,cross_validated_vs_cfbd,verified
2019,401112082,69.25,69.5,0.25,cross_validated_vs_cfbd,verified
2019,401112133,53.5,53.0,0.5,cross_validated_vs_cfbd,verified
2019,401112219,43.5,43.0,0.5,cross_validated_vs_cfbd,verified
2019,401114309,54.25,54.0,0.25,cross_validated_vs_cfbd,verified
2019,401117905,52.75,53.0,0.25,cross_validated_vs_cfbd,verified
2019,401114216,52.0,52.0,0.0,cross_validated_vs_cfbd,verified
2019,401114312,42.5,43.0,0.5,cross_validated_vs_cfbd,verified
2019,401112244,50.25,50.0,0.25,cross_validated_vs_cfbd,verified
2019,401117547,43.75,43.5,0.25,cross_validated_vs_cfbd,verified
2019,401112093,65.0,64.5,0.5,cross_validated_vs_cfbd,verified
2019,401112507,48.75,,,,single_source
2019,401114161,56.25,56.0,0.25,cross_validated_vs_cfbd,verified
2019,401121969,60.25,59.5,0.75,cross_validated_vs_cfbd,source_variance
2019,401117548,72.25,72.5,0.25,cross_validated_vs_cfbd,verified
2019,401114172,68.75,69.5,0.75,cross_validated_vs_cfbd,source_variance
2019,401119304,60.0,60.0,0.0,cross_validated_vs_cfbd,verified
2019,401117904,71.75,71.0,0.75,cross_validated_vs_cfbd,source_variance
2019,401114338,55.75,56.0,0.25,cross_validated_vs_cfbd,verified
2019,401121968,61.25,61.0,0.25,cross_validated_vs_cfbd,verified
2019,401110852,51.0,50.5,0.5,cross_validated_vs_cfbd,verified
2019,401121970,57.25,56.5,0.75,cross_validated_vs_cfbd,source_variance
2019,401121972,64.0,63.5,0.5,cross_validated_vs_cfbd,verified
2019,401114181,48.0,48.0,0.0,cross_validated_vs_cfbd,verified
2019,401119302,55.5,54.5,1.0,cross_validated_vs_cfbd,source_variance
2019,401110853,47.0,47.5,0.5,cross_validated_vs_cfbd,verified
2019,401117545,57.5,58.0,0.5,cross_validated_vs_cfbd,verified
2019,401112083,58.25,58.5,0.25,cross_validated_vs_cfbd,verified
2019,401117911,69.0,69.0,0.0,cross_validated_vs_cfbd,verified
2019,401117551,51.75,51.0,0.75,cross_validated_vs_cfbd,source_variance
2019,401117908,64.25,63.5,0.75,cross_validated_vs_cfbd,source_variance
2019,401112167,54.0,53.5,0.5,cross_validated_vs_cfbd,verified
2019,401112515,50.25,51.0,0.75,cross_validated_vs_cfbd,source_variance
2019,401119305,58.0,,,,single_source
2019,401110857,43.5,43.5,0.0,cross_validated_vs_cfbd,verified
2019,401112520,58.0,58.0,0.0,cross_validated_vs_cfbd,verified
2019,401117906,73.0,73.5,0.5,cross_validated_vs_cfbd,verified
2019,401114358,69.0,68.5,0.5,cross_validated_vs_cfbd,verified
2019,401112263,49.0,49.0,0.0,cross_validated_vs_cfbd,verified
2019,401112155,48.25,48.5,0.25,cross_validated_vs_cfbd,verified
2019,401112120,65.25,65.0,0.25,cross_validated_vs_cfbd,verified
2019,401112113,57.25,57.0,0.25,cross_validated_vs_cfbd,verified
2019,401114313,56.5,56.5,0.0,cross_validated_vs_cfbd,verified
2019,401119306,55.75,55.5,0.25,cross_validated_vs_cfbd,verified
2019,401112236,41.0,41.5,0.5,cross_validated_vs_cfbd,verified
2019,401119307,45.25,45.0,0.25,cross_validated_vs_cfbd,verified
2019,401112210,63.25,63.5,0.25,cross_validated_vs_cfbd,verified
2019,401112513,46.5,46.5,0.0,cross_validated_vs_cfbd,verified
2019,401112094,58.5,58.5,0.0,cross_validated_vs_cfbd,verified
2019,401112514,65.5,65.0,0.5,cross_validated_vs_cfbd,verified
2019,401112128,56.25,56.0,0.25,cross_validated_vs_cfbd,verified
2019,401117907,44.5,44.0,0.5,cross_validated_vs_cfbd,verified
2019,401114317,55.0,55.0,0.0,cross_validated_vs_cfbd,verified
2019,401117553,65.5,65.0,0.5,cross_validated_vs_cfbd,verified
2019,401121975,63.5,,,,single_source
2019,401114217,66.5,66.0,0.5,cross_validated_vs_cfbd,verified
2019,401117550,50.75,50.5,0.25,cross_validated_vs_cfbd,verified
2019,401114316,47.0,,,,single_source
2019,401117910,57.75,57.5,0.25,cross_validated_vs_cfbd,verified
2019,401117909,60.5,59.5,1.0,cross_validated_vs_cfbd,source_variance
2019,401112516,64.25,64.5,0.25,cross_validated_vs_cfbd,verified
2019,401114314,57.5,58.0,0.5,cross_validated_vs_cfbd,verified
2019,401117549,54.25,54.0,0.25,cross_validated_vs_cfbd,verified
2019,401114318,51.0,51.0,0.0,cross_validated_vs_cfbd,verified
2019,401117552,46.5,46.5,0.0,cross_validated_vs_cfbd,verified
2019,401114315,44.25,44.0,0.25,cross_validated_vs_cfbd,verified
2019,401114182,41.0,42.0,1.0,cross_validated_vs_cfbd,source_variance
2019,401121974,52.25,51.5,0.75,cross_validated_vs_cfbd,source_variance
2019,401112519,43.5,44.5,1.0,cross_validated_vs_cfbd,source_variance
2019,401114162,54.75,54.0,0.75,cross_validated_vs_cfbd,source_variance
2019,401119308,54.25,54.0,0.25,cross_validated_vs_cfbd,verified
2019,401112256,58.5,58.0,0.5,cross_validated_vs_cfbd,verified
2019,401112220,43.5,43.5,0.0,cross_validated_vs_cfbd,verified
2019,401110861,47.25,47.0,0.25,cross_validated_vs_cfbd,verified
2019,401114206,77.5,76.5,1.0,cross_validated_vs_cfbd,source_variance
2019,401114173,56.5,57.5,1.0,cross_validated_vs_cfbd,source_variance
2019,401110859,68.75,69.5,0.75,cross_validated_vs_cfbd,source_variance
2019,401112517,50.75,50.5,0.25,cross_validated_vs_cfbd,verified
2019,401110863,59.25,59.0,0.25,cross_validated_vs_cfbd,verified
2019,401110867,46.25,46.0,0.25,cross_validated_vs_cfbd,verified
2019,401117556,41.25,41.5,0.25,cross_validated_vs_cfbd,verified
2019,401112200,45.5,45.5,0.0,cross_validated_vs_cfbd,verified
2019,401114322,58.0,58.0,0.0,cross_validated_vs_cfbd,verified
2019,401117912,61.75,61.5,0.25,cross_validated_vs_cfbd,verified
2019,401114321,50.25,50.0,0.25,cross_validated_vs_cfbd,verified
2019,401114324,46.0,46.0,0.0,cross_validated_vs_cfbd,verified
2019,401110870,50.75,50.5,0.25,cross_validated_vs_cfbd,verified
2019,401117557,59.75,59.0,0.75,cross_validated_vs_cfbd,source_variance
2019,401117555,63.25,63.5,0.25,cross_validated_vs_cfbd,verified
2019,401112134,43.25,43.0,0.25,cross_validated_vs_cfbd,verified
2019,401117913,59.5,59.5,0.0,cross_validated_vs_cfbd,verified
2019,401114183,51.0,51.0,0.0,cross_validated_vs_cfbd,verified
2019,401117916,56.25,55.5,0.75,cross_validated_vs_cfbd,source_variance
2019,401112138,65.25,65.5,0.25,cross_validated_vs_cfbd,verified
2019,401114163,60.5,60.5,0.0,cross_validated_vs_cfbd,verified
2019,401121978,64.0,64.0,0.0,cross_validated_vs_cfbd,verified
2019,401117914,48.0,48.0,0.0,cross_validated_vs_cfbd,verified
2019,401112522,51.75,,,,single_source
2019,401112095,45.25,45.5,0.25,cross_validated_vs_cfbd,verified
2019,401114232,65.25,65.0,0.25,cross_validated_vs_cfbd,verified
2019,401110864,53.0,52.5,0.5,cross_validated_vs_cfbd,verified
2019,401114325,49.5,49.5,0.0,cross_validated_vs_cfbd,verified
2019,401114192,49.25,50.0,0.75,cross_validated_vs_cfbd,source_variance
2019,401117554,57.5,57.5,0.0,cross_validated_vs_cfbd,verified
2019,401114320,51.0,51.0,0.0,cross_validated_vs_cfbd,verified
2019,401110866,55.25,55.0,0.25,cross_validated_vs_cfbd,verified
2019,401117558,51.5,51.5,0.0,cross_validated_vs_cfbd,verified
2019,401117218,39.0,39.0,0.0,cross_validated_vs_cfbd,verified
2019,401114334,55.0,54.5,0.5,cross_validated_vs_cfbd,verified
2019,401110865,50.5,50.5,0.0,cross_validated_vs_cfbd,verified
2019,401112525,68.0,68.0,0.0,cross_validated_vs_cfbd,verified
2019,401110868,51.25,51.5,0.25,cross_validated_vs_cfbd,verified
2019,401112168,56.5,56.5,0.0,cross_validated_vs_cfbd,verified
2019,401112228,53.5,53.5,0.0,cross_validated_vs_cfbd,verified
2019,401117915,64.25,64.0,0.25,cross_validated_vs_cfbd,verified
2019,401112521,48.25,48.5,0.25,cross_validated_vs_cfbd,verified
2019,401112261,51.0,51.0,0.0,cross_validated_vs_cfbd,verified
2019,401112523,44.25,44.0,0.25,cross_validated_vs_cfbd,verified
2019,401112084,48.0,48.5,0.5,cross_validated_vs_cfbd,verified
2019,401112237,44.5,44.5,0.0,cross_validated_vs_cfbd,verified
2019,401114212,45.5,45.5,0.0,cross_validated_vs_cfbd,verified
2019,401114199,65.25,65.0,0.25,cross_validated_vs_cfbd,verified
2019,401110871,48.0,48.0,0.0,cross_validated_vs_cfbd,verified
2019,401110869,64.25,63.5,0.75,cross_validated_vs_cfbd,source_variance
2019,401112524,57.5,57.5,0.0,cross_validated_vs_cfbd,verified
2019,401121981,56.25,56.5,0.25,cross_validated_vs_cfbd,verified
2019,401112156,39.25,39.5,0.25,cross_validated_vs_cfbd,verified
2019,401117917,72.0,72.0,0.0,cross_validated_vs_cfbd,verified
2019,401112221,47.25,47.5,0.25,cross_validated_vs_cfbd,verified
2019,401112121,68.5,68.5,0.0,cross_validated_vs_cfbd,verified
2019,401135287,53.75,53.0,0.75,cross_validated_vs_cfbd,source_variance
2019,401132979,65.0,65.5,0.5,cross_validated_vs_cfbd,verified
2019,401132976,59.0,59.0,0.0,cross_validated_vs_cfbd,verified
2019,401132975,57.25,57.0,0.25,cross_validated_vs_cfbd,verified
2019,401132973,45.75,45.0,0.75,cross_validated_vs_cfbd,source_variance
2019,401135294,55.5,55.5,0.0,cross_validated_vs_cfbd,verified
2019,401135271,51.0,51.0,0.0,cross_validated_vs_cfbd,verified
2019,401147695,49.25,50.0,0.75,cross_validated_vs_cfbd,source_variance
2019,401135291,56.0,55.0,1.0,cross_validated_vs_cfbd,source_variance
2019,401132980,49.5,49.0,0.5,cross_validated_vs_cfbd,verified
2019,401135283,46.75,46.5,0.25,cross_validated_vs_cfbd,verified
2019,401132982,56.75,56.0,0.75,cross_validated_vs_cfbd,source_variance
2019,401132984,57.75,57.0,0.75,cross_validated_vs_cfbd,source_variance
2019,401135284,53.25,53.5,0.25,cross_validated_vs_cfbd,verified
2019,401135292,62.5,62.5,0.0,cross_validated_vs_cfbd,verified
2019,401114335,41.75,42.0,0.25,cross_validated_vs_cfbd,verified
2019,401135272,56.5,57.0,0.5,cross_validated_vs_cfbd,verified
2019,401135282,55.25,55.0,0.25,cross_validated_vs_cfbd,verified
2019,401135279,63.0,62.5,0.5,cross_validated_vs_cfbd,verified
2019,401135289,43.75,44.0,0.25,cross_validated_vs_cfbd,verified
2019,401135290,53.25,54.0,0.75,cross_validated_vs_cfbd,source_variance
2019,401132983,57.75,58.0,0.25,cross_validated_vs_cfbd,verified
2019,401135293,57.75,57.5,0.25,cross_validated_vs_cfbd,verified
2019,401135280,56.0,56.0,0.0,cross_validated_vs_cfbd,verified
2019,401136254,47.5,48.0,0.5,cross_validated_vs_cfbd,verified
2019,401135274,55.25,56.0,0.75,cross_validated_vs_cfbd,source_variance
2019,401135268,59.75,59.5,0.25,cross_validated_vs_cfbd,verified
2019,401136253,54.5,54.5,0.0,cross_validated_vs_cfbd,verified
2019,401136255,51.5,52.0,0.5,cross_validated_vs_cfbd,verified
2019,401135285,56.25,57.0,0.75,cross_validated_vs_cfbd,source_variance
2019,401135275,72.25,71.5,0.75,cross_validated_vs_cfbd,source_variance
2019,401135276,54.75,55.0,0.25,cross_validated_vs_cfbd,verified
2019,401135286,61.0,60.0,1.0,cross_validated_vs_cfbd,source_variance
2019,401135270,49.5,50.0,0.5,cross_validated_vs_cfbd,verified
2019,401135278,75.25,75.0,0.25,cross_validated_vs_cfbd,verified
2019,401135288,52.75,52.5,0.25,cross_validated_vs_cfbd,verified
2019,401135269,65.25,65.0,0.25,cross_validated_vs_cfbd,verified
2019,401135295,66.75,66.5,0.25,cross_validated_vs_cfbd,verified
2019,401114256,43.5,43.5,0.0,cross_validated_vs_cfbd,verified
2019,401117517,57.5,57.5,0.0,cross_validated_vs_cfbd,verified
2019,401114347,65.5,65.5,0.0,cross_validated_vs_cfbd,verified
2019,401117861,77.5,35.0,42.5,sbro_heuristic_only_unvalidated,single_source
2019,401114257,64.0,64.0,0.0,cross_validated_vs_cfbd,verified
2019,401121939,48.5,48.5,0.0,cross_validated_vs_cfbd,verified
2019,401119270,47.0,47.5,0.5,cross_validated_vs_cfbd,verified
2019,401119271,60.5,60.5,0.0,cross_validated_vs_cfbd,verified
2019,401114355,62.5,62.0,0.5,cross_validated_vs_cfbd,verified
2019,401119268,67.5,67.5,0.0,cross_validated_vs_cfbd,verified
2019,401117870,50.5,50.5,0.0,cross_validated_vs_cfbd,verified
2019,401119266,62.0,62.0,0.0,cross_validated_vs_cfbd,verified
2019,401119267,63.0,32.5,30.5,sbro_heuristic_only_unvalidated,single_source
2019,401114349,58.0,25.5,32.5,sbro_heuristic_only_unvalidated,single_source
2019,401119278,57.0,57.0,0.0,cross_validated_vs_cfbd,verified
2019,401119276,57.0,57.0,0.0,cross_validated_vs_cfbd,verified
2019,401114343,57.0,57.0,0.0,cross_validated_vs_cfbd,verified
2019,401112259,53.0,53.0,0.0,cross_validated_vs_cfbd,verified
2019,401119283,63.0,63.5,0.5,cross_validated_vs_cfbd,verified
2019,401112434,69.5,69.5,0.0,cross_validated_vs_cfbd,verified
2019,401112245,46.5,46.5,0.0,cross_validated_vs_cfbd,verified
2019,401119259,66.5,65.5,1.0,cross_validated_vs_cfbd,source_variance
2019,401117859,53.5,53.5,0.0,cross_validated_vs_cfbd,verified
2019,401117494,43.5,43.5,0.0,cross_validated_vs_cfbd,verified
2019,401119256,55.5,56.0,0.5,cross_validated_vs_cfbd,verified
2019,401121934,51.5,51.5,0.0,cross_validated_vs_cfbd,verified
2019,401114174,48.0,48.0,0.0,cross_validated_vs_cfbd,verified
2019,401112106,47.5,47.5,0.0,cross_validated_vs_cfbd,verified
2019,401119257,42.5,,,,single_source
2019,401119258,73.5,73.5,0.0,cross_validated_vs_cfbd,verified
2019,401114244,61.5,61.5,0.0,cross_validated_vs_cfbd,verified
2019,401117496,36.5,36.5,0.0,cross_validated_vs_cfbd,verified
2019,401117497,70.5,71.0,0.5,cross_validated_vs_cfbd,verified
2019,401114218,50.0,50.5,0.5,cross_validated_vs_cfbd,verified
2019,401119260,51.0,29.5,21.5,sbro_heuristic_only_unvalidated,single_source
2019,401119262,60.0,37.0,23.0,sbro_heuristic_only_unvalidated,single_source
2019,401114247,54.5,54.0,0.5,cross_validated_vs_cfbd,verified
2019,401114354,79.5,6.5,73.0,sbro_heuristic_only_unvalidated,single_source
2019,401114252,56.5,24.5,32.0,sbro_heuristic_only_unvalidated,single_source
2019,401121937,61.5,6.0,55.5,sbro_heuristic_only_unvalidated,single_source
2019,401121938,47.0,27.5,19.5,cross_validated_vs_cfbd,source_conflict
2019,401119263,45.5,45.5,0.0,cross_validated_vs_cfbd,verified
2019,401114201,75.5,75.5,0.0,cross_validated_vs_cfbd,verified
2019,401114258,59.0,59.0,0.0,cross_validated_vs_cfbd,verified
2019,401114348,55.0,55.0,0.0,cross_validated_vs_cfbd,verified
2019,401119264,69.5,69.5,0.0,cross_validated_vs_cfbd,verified
2019,401121940,75.0,75.0,0.0,cross_validated_vs_cfbd,verified
2019,401114356,60.5,60.5,0.0,cross_validated_vs_cfbd,verified
2019,401121943,59.0,58.5,0.5,cross_validated_vs_cfbd,verified
2019,401114350,72.0,72.0,0.0,cross_validated_vs_cfbd,verified
2019,401121947,55.0,2.0,53.0,sbro_heuristic_only_unvalidated,single_source
2019,401114341,63.0,62.5,0.5,cross_validated_vs_cfbd,verified
2019,401114166,68.5,68.5,0.0,cross_validated_vs_cfbd,verified
2019,401119273,54.0,53.5,0.5,cross_validated_vs_cfbd,verified
2019,401119272,54.5,54.5,0.0,cross_validated_vs_cfbd,verified
2019,401119274,51.5,51.5,0.0,cross_validated_vs_cfbd,verified
2019,401119275,73.5,73.5,0.0,cross_validated_vs_cfbd,verified
2019,401121949,69.5,69.5,0.0,cross_validated_vs_cfbd,verified
2019,401114342,63.0,63.0,0.0,cross_validated_vs_cfbd,verified
2019,401119280,65.0,65.5,0.5,cross_validated_vs_cfbd,verified
2019,401119277,57.5,57.5,0.0,cross_validated_vs_cfbd,verified
2019,401119279,51.5,51.5,0.0,cross_validated_vs_cfbd,verified
2019,401121952,64.5,63.5,1.0,cross_validated_vs_cfbd,source_variance
2019,401117882,52.5,53.0,0.5,cross_validated_vs_cfbd,verified
2019,401114196,48.5,48.5,0.0,cross_validated_vs_cfbd,verified
2019,401119282,54.5,54.5,0.0,cross_validated_vs_cfbd,verified
2019,401119285,58.0,58.5,0.5,cross_validated_vs_cfbd,verified
2019,401119284,48.5,48.5,0.0,cross_validated_vs_cfbd,verified
2019,401121956,42.5,42.5,0.0,cross_validated_vs_cfbd,verified
2019,401114289,58.5,58.5,0.0,cross_validated_vs_cfbd,verified
2019,401119281,47.5,47.5,0.0,cross_validated_vs_cfbd,verified
2019,401114287,51.5,51.5,0.0,cross_validated_vs_cfbd,verified
2019,401114329,54.0,54.0,0.0,cross_validated_vs_cfbd,verified
2019,401119286,61.0,61.0,0.0,cross_validated_vs_cfbd,verified
2019,401121957,50.5,50.0,0.5,cross_validated_vs_cfbd,verified
2019,401119288,65.5,65.0,0.5,cross_validated_vs_cfbd,verified
2019,401119292,59.5,59.0,0.5,cross_validated_vs_cfbd,verified
2019,401114357,62.0,62.0,0.0,cross_validated_vs_cfbd,verified
2019,401119287,42.0,,,,single_source
2019,401119289,45.5,45.5,0.0,cross_validated_vs_cfbd,verified
2019,401119290,52.0,53.0,1.0,cross_validated_vs_cfbd,source_variance
2019,401119291,54.0,54.0,0.0,cross_validated_vs_cfbd,verified
2019,401114345,60.0,60.0,0.0,cross_validated_vs_cfbd,verified
2019,401110809,62.5,37.0,25.5,sbro_heuristic_only_unvalidated,single_source
2019,401112471,55.0,40.0,15.0,cross_validated_vs_cfbd,source_conflict
2019,401112470,50.5,,,,single_source
2019,401112449,64.0,64.0,0.0,cross_validated_vs_cfbd,verified
2019,401117534,44.5,45.0,0.5,cross_validated_vs_cfbd,verified
2019,401117527,58.5,58.5,0.0,cross_validated_vs_cfbd,verified
2019,401112459,58.0,58.0,0.0,cross_validated_vs_cfbd,verified
2019,401112464,58.5,28.5,30.0,sbro_heuristic_only_unvalidated,single_source
2019,401114263,55.5,39.5,16.0,cross_validated_vs_cfbd,source_conflict
2019,401116697,50.0,14.5,35.5,sbro_heuristic_only_unvalidated,single_source
2019,401117510,54.5,24.5,30.0,sbro_heuristic_only_unvalidated,single_source
2019,401117511,66.5,17.0,49.5,sbro_heuristic_only_unvalidated,single_source
2019,401112085,41.5,42.0,0.5,cross_validated_vs_cfbd,verified
2019,401112096,53.5,53.5,0.0,cross_validated_vs_cfbd,verified
2019,401112201,65.5,65.5,0.0,cross_validated_vs_cfbd,verified
2019,401112143,52.5,52.5,0.0,cross_validated_vs_cfbd,verified
2019,401117857,53.5,53.5,0.0,cross_validated_vs_cfbd,verified
2019,401110721,60.5,60.5,0.0,cross_validated_vs_cfbd,verified
2019,401112139,60.0,60.0,0.0,cross_validated_vs_cfbd,verified
2019,401114245,58.5,58.5,0.0,cross_validated_vs_cfbd,verified
2019,401121935,49.0,49.0,0.0,cross_validated_vs_cfbd,verified
2019,401114240,63.5,66.0,2.5,cross_validated_vs_cfbd,source_conflict
2019,401112073,57.5,57.5,0.0,cross_validated_vs_cfbd,verified
2019,401114243,55.0,55.0,0.0,cross_validated_vs_cfbd,verified
2019,401114241,58.5,58.5,0.0,cross_validated_vs_cfbd,verified
2019,401128468,58.5,,,,single_source
2019,401114154,63.5,35.0,28.5,sbro_heuristic_only_unvalidated,single_source
2019,401112115,76.5,47.0,29.5,sbro_heuristic_only_unvalidated,single_source
2019,401117862,68.5,40.5,28.0,sbro_heuristic_only_unvalidated,single_source
2019,401112438,56.0,33.5,22.5,sbro_heuristic_only_unvalidated,single_source
2019,401114250,52.0,30.5,21.5,sbro_heuristic_only_unvalidated,single_source
2019,401117498,57.5,14.0,43.5,sbro_heuristic_only_unvalidated,single_source
2019,401121936,46.5,7.0,39.5,sbro_heuristic_only_unvalidated,single_source
2019,401117499,58.0,31.5,26.5,sbro_heuristic_only_unvalidated,single_source
2019,401112482,65.5,65.5,0.0,cross_validated_vs_cfbd,verified
2019,401112496,58.5,58.5,0.0,cross_validated_vs_cfbd,verified
2019,401112510,53.0,53.0,0.0,cross_validated_vs_cfbd,verified
2019,401112444,65.5,39.5,26.0,sbro_heuristic_only_unvalidated,single_source
2019,401110799,49.0,49.5,0.5,cross_validated_vs_cfbd,verified
2019,401112144,46.0,46.0,0.0,cross_validated_vs_cfbd,verified
2019,401112246,52.0,52.0,0.0,cross_validated_vs_cfbd,verified
2019,401114255,66.5,66.5,0.0,cross_validated_vs_cfbd,verified
2019,401117514,45.0,45.0,0.0,cross_validated_vs_cfbd,verified
2019,401117521,60.0,60.0,0.0,cross_validated_vs_cfbd,verified
2019,401112234,47.0,45.5,1.5,cross_validated_vs_cfbd,source_conflict
2019,401110784,62.0,61.5,0.5,cross_validated_vs_cfbd,verified
2019,401110782,42.5,35.5,7.0,cross_validated_vs_cfbd,source_conflict
2019,401110777,52.5,52.0,0.5,cross_validated_vs_cfbd,verified
2019,401117867,62.5,62.5,0.0,cross_validated_vs_cfbd,verified
2019,401117506,53.5,53.5,0.0,cross_validated_vs_cfbd,verified
2019,401112463,47.5,47.0,0.5,cross_validated_vs_cfbd,verified
2019,401112140,64.0,64.0,0.0,cross_validated_vs_cfbd,verified
2019,401112147,57.0,57.0,0.0,cross_validated_vs_cfbd,verified
2019,401117516,46.5,46.5,0.0,cross_validated_vs_cfbd,verified
2019,401112480,47.5,48.0,0.5,cross_validated_vs_cfbd,verified
2019,401114285,43.5,44.0,0.5,cross_validated_vs_cfbd,verified
2019,401112196,47.5,47.5,0.0,cross_validated_vs_cfbd,verified
2019,401117508,53.0,53.0,0.0,cross_validated_vs_cfbd,verified
2019,401114219,57.5,57.5,0.0,cross_validated_vs_cfbd,verified
2019,401112451,54.0,54.0,0.0,cross_validated_vs_cfbd,verified
2019,401114260,49.0,49.0,0.0,cross_validated_vs_cfbd,verified
2019,401114283,46.0,46.5,0.5,cross_validated_vs_cfbd,verified
2019,401117891,61.5,62.5,1.0,cross_validated_vs_cfbd,source_variance
2019,401110793,68.5,67.0,1.5,cross_validated_vs_cfbd,source_conflict
2019,401114269,47.0,47.5,0.5,cross_validated_vs_cfbd,verified
2019,401112077,48.5,48.5,0.0,cross_validated_vs_cfbd,verified
2019,401117880,57.5,58.0,0.5,cross_validated_vs_cfbd,verified
2019,401117528,52.0,52.0,0.0,cross_validated_vs_cfbd,verified
2019,401114179,36.5,36.5,0.0,cross_validated_vs_cfbd,verified
2019,401114297,44.5,44.5,0.0,cross_validated_vs_cfbd,verified
2019,401112445,54.5,,,,single_source
2019,401112146,59.5,59.5,0.0,cross_validated_vs_cfbd,verified
2019,401112124,64.0,64.0,0.0,cross_validated_vs_cfbd,verified
2019,401112487,68.5,68.5,0.0,cross_validated_vs_cfbd,verified
2019,401114170,54.0,54.0,0.0,cross_validated_vs_cfbd,verified
2019,401112447,59.0,59.0,0.0,cross_validated_vs_cfbd,verified
2019,401110775,59.5,45.0,14.5,cross_validated_vs_cfbd,source_conflict
2019,401110787,54.0,53.5,0.5,cross_validated_vs_cfbd,verified
2019,401114261,44.5,44.0,0.5,cross_validated_vs_cfbd,verified
2019,401121948,45.0,45.0,0.0,cross_validated_vs_cfbd,verified
2019,401112194,48.5,48.5,0.0,cross_validated_vs_cfbd,verified
2019,401114291,42.0,42.0,0.0,cross_validated_vs_cfbd,verified
2019,401114229,63.0,44.0,19.0,cross_validated_vs_cfbd,source_conflict
2019,401117213,63.0,63.0,0.0,cross_validated_vs_cfbd,verified
2019,401114271,47.0,47.0,0.0,cross_validated_vs_cfbd,verified
2019,401110815,65.5,64.5,1.0,cross_validated_vs_cfbd,source_variance
2019,401114274,69.5,69.5,0.0,cross_validated_vs_cfbd,verified
2019,401112479,61.0,61.0,0.0,cross_validated_vs_cfbd,verified
2019,401112218,42.0,41.0,1.0,cross_validated_vs_cfbd,source_variance
2019,401112227,46.5,46.5,0.0,cross_validated_vs_cfbd,verified
2019,401114155,48.5,48.5,0.0,cross_validated_vs_cfbd,verified
2019,401110822,61.5,61.5,0.0,cross_validated_vs_cfbd,verified
2019,401119269,57.5,57.5,0.0,cross_validated_vs_cfbd,verified
2019,401112162,50.0,50.0,0.0,cross_validated_vs_cfbd,verified
2019,401110818,52.0,52.0,0.0,cross_validated_vs_cfbd,verified
2019,401117883,51.5,52.0,0.5,cross_validated_vs_cfbd,verified
2019,401117533,44.0,44.0,0.0,cross_validated_vs_cfbd,verified
2019,401114276,42.5,43.0,0.5,cross_validated_vs_cfbd,verified
2019,401110814,64.5,,,,single_source
2019,401117215,44.5,44.5,0.0,cross_validated_vs_cfbd,verified
2019,401114159,56.5,56.0,0.5,cross_validated_vs_cfbd,verified
2019,401117512,58.0,58.0,0.0,cross_validated_vs_cfbd,verified
2019,401114186,62.0,62.5,0.5,cross_validated_vs_cfbd,verified
2019,401110804,48.0,48.0,0.0,cross_validated_vs_cfbd,verified
2019,401110803,61.0,60.0,1.0,cross_validated_vs_cfbd,source_variance
2019,401117865,55.0,55.0,0.0,cross_validated_vs_cfbd,verified
2019,401114266,51.5,51.0,0.5,cross_validated_vs_cfbd,verified
2019,401114248,57.0,57.5,0.5,cross_validated_vs_cfbd,verified
2019,401110796,63.0,63.0,0.0,cross_validated_vs_cfbd,verified
2019,401114222,59.5,58.5,1.0,cross_validated_vs_cfbd,source_variance
2019,401110825,55.5,55.5,0.0,cross_validated_vs_cfbd,verified
2019,401110781,63.0,61.5,1.5,cross_validated_vs_cfbd,source_conflict
2019,401117502,64.5,64.0,0.5,cross_validated_vs_cfbd,verified
2019,401114165,63.5,27.5,36.0,sbro_heuristic_only_unvalidated,single_source
2019,401112465,51.5,51.0,0.5,cross_validated_vs_cfbd,verified
2019,401114221,60.5,60.5,0.0,cross_validated_vs_cfbd,verified
2019,401114275,54.5,,,,single_source
2019,401112242,48.5,48.5,0.0,cross_validated_vs_cfbd,verified
2019,401114278,46.5,46.0,0.5,cross_validated_vs_cfbd,verified
2019,401112118,77.5,77.5,0.0,cross_validated_vs_cfbd,verified
2019,401117886,56.5,57.0,0.5,cross_validated_vs_cfbd,verified
2019,401112197,36.5,35.5,1.0,cross_validated_vs_cfbd,source_variance
2019,401114293,64.5,63.5,1.0,cross_validated_vs_cfbd,source_variance
2019,401114270,59.5,59.0,0.5,cross_validated_vs_cfbd,verified
2019,401114204,59.5,60.0,0.5,cross_validated_vs_cfbd,verified
2019,401121954,69.0,69.0,0.0,cross_validated_vs_cfbd,verified
2019,401112109,44.0,44.0,0.0,cross_validated_vs_cfbd,verified
2019,401117532,71.0,71.0,0.0,cross_validated_vs_cfbd,verified
2019,401112099,49.0,48.5,0.5,cross_validated_vs_cfbd,verified
2019,401114200,78.0,78.5,0.5,cross_validated_vs_cfbd,verified
2019,401112453,48.5,48.5,0.0,cross_validated_vs_cfbd,verified
2019,401112101,67.5,67.0,0.5,cross_validated_vs_cfbd,verified
2019,401110828,62.5,62.5,0.0,cross_validated_vs_cfbd,verified
2019,401112485,62.5,63.0,0.5,cross_validated_vs_cfbd,verified
2019,401114344,53.5,53.5,0.0,cross_validated_vs_cfbd,verified
2019,401112125,72.5,72.5,0.0,cross_validated_vs_cfbd,verified
2019,401114235,51.0,51.0,0.0,cross_validated_vs_cfbd,verified
2019,401114228,65.5,65.5,0.0,cross_validated_vs_cfbd,verified
2019,401110778,57.5,57.0,0.5,cross_validated_vs_cfbd,verified
2019,401114207,43.5,43.5,0.0,cross_validated_vs_cfbd,verified
2019,401110785,55.5,55.0,0.5,cross_validated_vs_cfbd,verified
2019,401112159,60.0,60.5,0.5,cross_validated_vs_cfbd,verified
2019,401114210,49.0,48.5,0.5,cross_validated_vs_cfbd,verified
2019,401110783,52.0,52.0,0.0,cross_validated_vs_cfbd,verified
2019,401117871,54.0,54.5,0.5,cross_validated_vs_cfbd,verified
2019,401112473,61.0,61.0,0.0,cross_validated_vs_cfbd,verified
2019,401114203,64.0,64.5,0.5,cross_validated_vs_cfbd,verified
2019,401117214,49.5,49.0,0.5,cross_validated_vs_cfbd,verified
2019,401112110,59.0,60.0,1.0,cross_validated_vs_cfbd,source_variance
2019,401112116,71.5,71.0,0.5,cross_validated_vs_cfbd,verified
2019,401112137,62.0,62.0,0.0,cross_validated_vs_cfbd,verified
2019,401110730,58.5,58.5,0.0,cross_validated_vs_cfbd,verified
2019,401112435,57.5,57.5,0.0,cross_validated_vs_cfbd,verified
2019,401112136,56.0,57.0,1.0,cross_validated_vs_cfbd,source_variance
2019,401117864,53.5,53.5,0.0,cross_validated_vs_cfbd,verified
2019,401112248,50.0,50.0,0.0,cross_validated_vs_cfbd,verified
2019,401112483,53.5,54.0,0.5,cross_validated_vs_cfbd,verified
2019,401112151,52.0,52.0,0.0,cross_validated_vs_cfbd,verified
2019,401112490,59.0,58.0,1.0,cross_validated_vs_cfbd,source_variance
2019,401117501,53.5,53.5,0.0,cross_validated_vs_cfbd,verified
2019,401112454,56.0,56.0,0.0,cross_validated_vs_cfbd,verified
2019,401110806,63.0,63.0,0.0,cross_validated_vs_cfbd,verified
2019,401117872,65.0,65.0,0.0,cross_validated_vs_cfbd,verified
2019,401110807,60.0,60.5,0.5,cross_validated_vs_cfbd,verified
2019,401114167,63.0,63.5,0.5,cross_validated_vs_cfbd,verified
2019,401110817,52.0,52.0,0.0,cross_validated_vs_cfbd,verified
2019,401121953,55.0,55.0,0.0,cross_validated_vs_cfbd,verified
2019,401112489,57.0,57.0,0.0,cross_validated_vs_cfbd,verified
2019,401121959,67.5,66.5,1.0,cross_validated_vs_cfbd,source_variance
2019,401112087,51.5,51.5,0.0,cross_validated_vs_cfbd,verified
2019,401110722,55.5,55.5,0.0,cross_validated_vs_cfbd,verified
2019,401112192,48.0,48.0,0.0,cross_validated_vs_cfbd,verified
2019,401112107,57.5,57.0,0.5,cross_validated_vs_cfbd,verified
2019,401117877,63.5,,,,single_source
2019,401112478,44.0,43.5,0.5,cross_validated_vs_cfbd,verified
2019,401117522,65.5,65.0,0.5,cross_validated_vs_cfbd,verified
2019,401114280,63.5,62.5,1.0,cross_validated_vs_cfbd,source_variance
2019,401112493,51.5,51.5,0.0,cross_validated_vs_cfbd,verified
2019,401112205,55.5,55.5,0.0,cross_validated_vs_cfbd,verified
2019,401112102,63.0,63.0,0.0,cross_validated_vs_cfbd,verified
2019,401114339,51.0,51.0,0.0,cross_validated_vs_cfbd,verified
2019,401117518,48.0,48.0,0.0,cross_validated_vs_cfbd,verified
2019,401112089,55.0,54.5,0.5,cross_validated_vs_cfbd,verified
2019,401117529,45.5,45.5,0.0,cross_validated_vs_cfbd,verified
2019,401114272,49.0,48.5,0.5,cross_validated_vs_cfbd,verified
2019,401112206,53.0,53.5,0.5,cross_validated_vs_cfbd,verified
2019,401117885,47.0,47.0,0.0,cross_validated_vs_cfbd,verified
2019,401110811,51.5,51.5,0.0,cross_validated_vs_cfbd,verified
2019,401112100,48.0,48.0,0.0,cross_validated_vs_cfbd,verified
2019,401117873,62.0,62.0,0.0,cross_validated_vs_cfbd,verified
2019,401121945,55.5,56.0,0.5,cross_validated_vs_cfbd,verified
2019,401112260,55.5,55.5,0.0,cross_validated_vs_cfbd,verified
2019,401114157,61.0,61.0,0.0,cross_validated_vs_cfbd,verified
2019,401117884,64.5,64.5,0.0,cross_validated_vs_cfbd,verified
2019,401117889,65.0,65.5,0.5,cross_validated_vs_cfbd,verified
2019,401112266,44.0,44.5,0.5,cross_validated_vs_cfbd,verified
2019,401114295,51.0,51.0,0.0,cross_validated_vs_cfbd,verified
2019,401112450,50.5,51.0,0.5,cross_validated_vs_cfbd,verified
2019,401114268,49.0,49.0,0.0,cross_validated_vs_cfbd,verified
2019,401114209,51.5,52.0,0.5,cross_validated_vs_cfbd,verified
2019,401110831,55.5,55.5,0.0,cross_validated_vs_cfbd,verified
2019,401117495,62.5,63.5,1.0,cross_validated_vs_cfbd,source_variance
2019,401114224,45.0,44.5,0.5,cross_validated_vs_cfbd,verified
2019,401114175,43.5,43.5,0.0,cross_validated_vs_cfbd,verified
2019,401114282,59.5,59.5,0.0,cross_validated_vs_cfbd,verified
2019,401114215,60.0,59.5,0.5,cross_validated_vs_cfbd,verified
2019,401114193,62.0,62.5,0.5,cross_validated_vs_cfbd,verified
2019,401112141,74.5,74.0,0.5,cross_validated_vs_cfbd,verified
2019,401114267,63.0,64.5,1.5,cross_validated_vs_cfbd,source_conflict
2019,401117881,50.5,51.5,1.0,cross_validated_vs_cfbd,source_variance
2019,401114286,48.0,48.0,0.0,cross_validated_vs_cfbd,verified
2019,401112446,58.0,58.0,0.0,cross_validated_vs_cfbd,verified
2019,401110808,47.0,46.5,0.5,cross_validated_vs_cfbd,verified
2019,401110810,55.0,55.0,0.0,cross_validated_vs_cfbd,verified
2019,401117874,46.5,46.5,0.0,cross_validated_vs_cfbd,verified
2019,401114158,46.5,46.5,0.0,cross_validated_vs_cfbd,verified
2019,401112152,54.5,53.5,1.0,cross_validated_vs_cfbd,source_variance
2019,401112265,57.5,57.0,0.5,cross_validated_vs_cfbd,verified
2019,401112240,53.5,53.0,0.5,cross_validated_vs_cfbd,verified
2019,401112466,69.5,69.5,0.0,cross_validated_vs_cfbd,verified
2019,401114328,43.0,43.0,0.0,cross_validated_vs_cfbd,verified
2019,401112217,40.5,40.5,0.0,cross_validated_vs_cfbd,verified
2019,401112207,59.5,60.0,0.5,cross_validated_vs_cfbd,verified
2019,401114226,57.0,57.0,0.0,cross_validated_vs_cfbd,verified
2019,401112254,48.0,47.0,1.0,cross_validated_vs_cfbd,source_variance
2019,401114197,67.5,67.5,0.0,cross_validated_vs_cfbd,verified
2019,401112494,43.0,,,,single_source
2019,401117892,51.0,50.5,0.5,cross_validated_vs_cfbd,verified
2019,401110834,46.0,46.5,0.5,cross_validated_vs_cfbd,verified
2019,401112230,46.0,46.0,0.0,cross_validated_vs_cfbd,verified
2019,401117887,60.0,60.0,0.0,cross_validated_vs_cfbd,verified
2019,401183793,57.0,57.0,0.0,cross_validated_vs_cfbd,verified
2019,401117507,67.0,66.5,0.5,cross_validated_vs_cfbd,verified
2019,401112214,42.0,42.0,0.0,cross_validated_vs_cfbd,verified
2019,401121950,70.0,70.0,0.0,cross_validated_vs_cfbd,verified
2019,401114281,63.5,64.0,0.5,cross_validated_vs_cfbd,verified
2019,401112233,47.5,47.5,0.0,cross_validated_vs_cfbd,verified
2019,401112150,49.0,49.0,0.0,cross_validated_vs_cfbd,verified
2019,401110821,53.0,53.0,0.0,cross_validated_vs_cfbd,verified
2019,401112492,60.0,59.5,0.5,cross_validated_vs_cfbd,verified
2019,401114294,57.0,57.0,0.0,cross_validated_vs_cfbd,verified
2019,401110728,53.5,53.0,0.5,cross_validated_vs_cfbd,verified
2019,401114156,43.0,43.5,0.5,cross_validated_vs_cfbd,verified
2019,401112076,55.5,55.5,0.0,cross_validated_vs_cfbd,verified
2019,401110720,57.0,57.0,0.0,cross_validated_vs_cfbd,verified
2019,401117858,57.5,58.0,0.5,cross_validated_vs_cfbd,verified
2019,401112114,79.5,80.0,0.5,cross_validated_vs_cfbd,verified
2019,401112441,58.5,58.5,0.0,cross_validated_vs_cfbd,verified
2019,401114208,58.5,58.5,0.0,cross_validated_vs_cfbd,verified
2019,401110816,50.5,50.5,0.0,cross_validated_vs_cfbd,verified
2019,401110812,48.5,48.5,0.0,cross_validated_vs_cfbd,verified
2019,401112269,58.0,58.0,0.0,cross_validated_vs_cfbd,verified
2019,401114277,43.5,43.5,0.0,cross_validated_vs_cfbd,verified
2019,401117879,51.0,51.0,0.0,cross_validated_vs_cfbd,verified
2019,401112131,54.5,54.5,0.0,cross_validated_vs_cfbd,verified
2019,401110725,51.5,50.5,1.0,cross_validated_vs_cfbd,source_variance
2019,401117863,49.5,49.5,0.0,cross_validated_vs_cfbd,verified
2019,401112215,35.0,35.0,0.0,cross_validated_vs_cfbd,verified
2019,401112202,59.0,59.0,0.0,cross_validated_vs_cfbd,verified
2019,401112448,65.0,66.0,1.0,cross_validated_vs_cfbd,source_variance
2019,401110794,59.5,59.0,0.5,cross_validated_vs_cfbd,verified
2019,401112204,61.0,60.0,1.0,cross_validated_vs_cfbd,source_variance
2019,401117515,63.5,63.5,0.0,cross_validated_vs_cfbd,verified
2019,401112216,50.5,51.0,0.5,cross_validated_vs_cfbd,verified
2019,401112476,46.0,47.0,1.0,cross_validated_vs_cfbd,source_variance
2019,401121951,61.0,60.5,0.5,cross_validated_vs_cfbd,verified
2019,401114284,46.5,47.0,0.5,cross_validated_vs_cfbd,verified
2019,401114168,62.5,62.5,0.0,cross_validated_vs_cfbd,verified
2019,401114187,68.5,68.5,0.0,cross_validated_vs_cfbd,verified
2019,401112164,55.0,55.0,0.0,cross_validated_vs_cfbd,verified
2019,401114296,50.0,50.5,0.5,cross_validated_vs_cfbd,verified
2019,401112252,52.5,52.0,0.5,cross_validated_vs_cfbd,verified
2019,401112074,58.5,59.0,0.5,cross_validated_vs_cfbd,verified
2019,401112203,66.5,65.5,1.0,cross_validated_vs_cfbd,source_variance
2019,401114177,46.5,46.5,0.0,cross_validated_vs_cfbd,verified
2019,401112126,63.0,63.0,0.0,cross_validated_vs_cfbd,verified
2019,401110819,55.0,55.0,0.0,cross_validated_vs_cfbd,verified
2019,401110826,45.5,45.5,0.0,cross_validated_vs_cfbd,verified
2019,401110805,62.0,62.0,0.0,cross_validated_vs_cfbd,verified
2019,401112108,60.0,60.0,0.0,cross_validated_vs_cfbd,verified
2019,401117519,70.0,70.0,0.0,cross_validated_vs_cfbd,verified
2019,401117520,50.5,50.0,0.5,cross_validated_vs_cfbd,verified
2019,401110824,62.0,62.0,0.0,cross_validated_vs_cfbd,verified
2019,401112090,57.0,57.0,0.0,cross_validated_vs_cfbd,verified
2019,401114195,55.5,55.5,0.0,cross_validated_vs_cfbd,verified
2019,401110779,50.5,,,,single_source
2019,401112232,56.0,56.0,0.0,cross_validated_vs_cfbd,verified
2019,401117524,61.0,60.5,0.5,cross_validated_vs_cfbd,verified
2019,401112160,56.5,57.0,0.5,cross_validated_vs_cfbd,verified
2019,401112135,55.0,55.0,0.0,cross_validated_vs_cfbd,verified
2019,401112149,57.5,57.5,0.0,cross_validated_vs_cfbd,verified
2019,401110829,45.0,45.0,0.0,cross_validated_vs_cfbd,verified
2019,401117890,58.0,58.5,0.5,cross_validated_vs_cfbd,verified
2019,401117531,56.5,56.5,0.0,cross_validated_vs_cfbd,verified
2019,401112253,57.0,57.0,0.0,cross_validated_vs_cfbd,verified
2019,401112148,62.5,61.5,1.0,cross_validated_vs_cfbd,source_variance
2019,401114234,59.0,60.0,1.0,cross_validated_vs_cfbd,source_variance
2019,401110786,64.0,64.0,0.0,cross_validated_vs_cfbd,verified
2019,401114176,50.0,50.0,0.0,cross_validated_vs_cfbd,verified
2019,401121944,59.0,59.0,0.0,cross_validated_vs_cfbd,verified
2019,401110823,57.5,57.5,0.0,cross_validated_vs_cfbd,verified
2019,401112488,46.0,46.0,0.0,cross_validated_vs_cfbd,verified
2019,401112091,65.0,65.5,0.5,cross_validated_vs_cfbd,verified
2019,401112442,60.0,21.0,39.0,sbro_heuristic_only_unvalidated,single_source
2019,401119265,70.0,70.0,0.0,cross_validated_vs_cfbd,verified
2019,401112472,46.5,46.5,0.0,cross_validated_vs_cfbd,verified
2019,401117523,38.0,37.5,0.5,cross_validated_vs_cfbd,verified
2019,401112226,47.5,47.5,0.0,cross_validated_vs_cfbd,verified
2019,401112436,54.5,55.0,0.5,cross_validated_vs_cfbd,verified
2019,401112247,46.0,46.0,0.0,cross_validated_vs_cfbd,verified
2019,401114337,63.5,63.5,0.0,cross_validated_vs_cfbd,verified
2019,401117525,66.0,66.0,0.0,cross_validated_vs_cfbd,verified
2019,401112455,64.5,64.5,0.0,cross_validated_vs_cfbd,verified
2019,401112477,56.0,55.5,0.5,cross_validated_vs_cfbd,verified
2019,401112119,63.5,63.5,0.0,cross_validated_vs_cfbd,verified
2019,401117526,48.5,51.0,2.5,cross_validated_vs_cfbd,source_conflict
2019,401114292,42.5,43.0,0.5,cross_validated_vs_cfbd,verified
2019,401117893,59.0,59.0,0.0,cross_validated_vs_cfbd,verified
2019,401112097,53.5,54.0,0.5,cross_validated_vs_cfbd,verified
2019,401114259,48.0,48.0,0.0,cross_validated_vs_cfbd,verified
2019,401112467,60.5,60.5,0.0,cross_validated_vs_cfbd,verified
2019,401112103,65.5,65.0,0.5,cross_validated_vs_cfbd,verified
2019,401117509,46.0,46.0,0.0,cross_validated_vs_cfbd,verified
2019,401114220,53.5,53.5,0.0,cross_validated_vs_cfbd,verified
2019,401114336,64.0,64.0,0.0,cross_validated_vs_cfbd,verified
2019,401110827,55.5,,,,single_source
2019,401114188,64.5,63.5,1.0,cross_validated_vs_cfbd,source_variance
2019,401114330,54.5,54.5,0.0,cross_validated_vs_cfbd,verified
2019,401112075,58.0,58.0,0.0,cross_validated_vs_cfbd,verified
2019,401110780,50.0,51.0,1.0,cross_validated_vs_cfbd,source_variance
2019,401112474,47.5,48.0,0.5,cross_validated_vs_cfbd,verified
2019,401112078,59.0,59.0,0.0,cross_validated_vs_cfbd,verified
2019,401121955,66.0,66.0,0.0,cross_validated_vs_cfbd,verified
2019,401112132,57.0,57.0,0.0,cross_validated_vs_cfbd,verified
2019,401114242,55.5,55.5,0.0,cross_validated_vs_cfbd,verified
2019,401112433,46.0,,,,single_source
2019,401112258,57.0,57.0,0.0,cross_validated_vs_cfbd,verified
2019,401112213,46.5,46.5,0.0,cross_validated_vs_cfbd,verified
2019,401110788,58.5,58.0,0.5,cross_validated_vs_cfbd,verified
2019,401110789,46.0,45.5,0.5,cross_validated_vs_cfbd,verified
2019,401114185,58.5,58.5,0.0,cross_validated_vs_cfbd,verified
2019,401112486,45.0,45.0,0.0,cross_validated_vs_cfbd,verified
2019,401114290,59.5,59.5,0.0,cross_validated_vs_cfbd,verified
2019,401112222,56.0,56.5,0.5,cross_validated_vs_cfbd,verified
2019,401112443,46.5,46.0,0.5,cross_validated_vs_cfbd,verified
2019,401114230,73.5,73.5,0.0,cross_validated_vs_cfbd,verified
2019,401112231,45.0,45.0,0.0,cross_validated_vs_cfbd,verified
2019,401114202,55.5,56.0,0.5,cross_validated_vs_cfbd,verified
2019,401114279,57.5,58.5,1.0,cross_validated_vs_cfbd,source_variance
2019,401117888,61.0,61.0,0.0,cross_validated_vs_cfbd,verified
2019,401110833,58.5,58.5,0.0,cross_validated_vs_cfbd,verified
2019,401110729,62.5,62.0,0.5,cross_validated_vs_cfbd,verified
2019,401112158,61.5,36.5,25.0,sbro_heuristic_only_unvalidated,single_source
2019,401112098,51.0,51.0,0.0,cross_validated_vs_cfbd,verified
2019,401112086,42.5,42.5,0.0,cross_validated_vs_cfbd,verified
2019,401114273,47.5,48.0,0.5,cross_validated_vs_cfbd,verified
2019,401117513,69.0,69.0,0.0,cross_validated_vs_cfbd,verified
2019,401110802,48.0,48.0,0.0,cross_validated_vs_cfbd,verified
2019,401110813,73.5,73.5,0.0,cross_validated_vs_cfbd,verified
2019,401117876,48.5,48.0,0.5,cross_validated_vs_cfbd,verified
2019,401112079,68.5,68.5,0.0,cross_validated_vs_cfbd,verified
2019,401110830,56.5,56.5,0.0,cross_validated_vs_cfbd,verified
2019,401112163,59.5,60.5,1.0,cross_validated_vs_cfbd,source_variance
2019,401112460,58.5,60.0,1.5,cross_validated_vs_cfbd,source_conflict
2019,401110798,61.5,61.5,0.0,cross_validated_vs_cfbd,verified
2019,401114214,45.0,44.5,0.5,cross_validated_vs_cfbd,verified
2019,401112117,68.5,68.5,0.0,cross_validated_vs_cfbd,verified
2019,401112475,47.0,47.5,0.5,cross_validated_vs_cfbd,verified
2019,401112195,43.5,43.5,0.0,cross_validated_vs_cfbd,verified
2019,401114169,69.0,69.0,0.0,cross_validated_vs_cfbd,verified
2019,401112491,53.5,53.0,0.5,cross_validated_vs_cfbd,verified
2019,401112461,61.0,,,,single_source
2019,401110792,50.5,50.5,0.0,cross_validated_vs_cfbd,verified
2019,401112225,48.5,48.5,0.0,cross_validated_vs_cfbd,verified
2019,401112088,45.0,46.0,1.0,cross_validated_vs_cfbd,source_variance
2019,401112481,65.0,64.5,0.5,cross_validated_vs_cfbd,verified
2019,401110832,43.5,44.0,0.5,cross_validated_vs_cfbd,verified
2019,401117530,60.0,60.0,0.0,cross_validated_vs_cfbd,verified
2019,401110773,64.5,65.0,0.5,cross_validated_vs_cfbd,verified
2019,401112469,47.5,48.0,0.5,cross_validated_vs_cfbd,verified
2019,401110820,56.5,56.5,0.0,cross_validated_vs_cfbd,verified
2019,401112268,54.0,53.5,0.5,cross_validated_vs_cfbd,verified
2019,401114253,73.0,73.0,0.0,cross_validated_vs_cfbd,verified
2019,401114288,58.5,58.0,0.5,cross_validated_vs_cfbd,verified
2019,401114298,51.5,51.0,0.5,cross_validated_vs_cfbd,verified
2019,401110774,51.5,51.0,0.5,cross_validated_vs_cfbd,verified
2019,401117875,63.5,62.5,1.0,cross_validated_vs_cfbd,source_variance
2019,401112484,54.5,55.0,0.5,cross_validated_vs_cfbd,verified
2019,401110801,42.5,,,,single_source
2019,401114178,51.5,52.0,0.5,cross_validated_vs_cfbd,verified
2019,401114265,48.5,48.5,0.0,cross_validated_vs_cfbd,verified
2019,401117860,58.5,30.5,28.0,sbro_heuristic_only_unvalidated,single_source
2019,401112458,48.5,48.5,0.0,cross_validated_vs_cfbd,verified
2019,401117878,64.0,64.0,0.0,cross_validated_vs_cfbd,verified
2019,401121946,58.5,,,,single_source
2019,401112123,64.5,41.5,23.0,sbro_heuristic_only_unvalidated,single_source
2019,401112439,52.0,26.0,26.0,sbro_heuristic_only_unvalidated,single_source
2019,401112130,53.0,53.0,0.0,cross_validated_vs_cfbd,verified
2019,401114194,65.5,65.5,0.0,cross_validated_vs_cfbd,verified
2019,401112452,58.5,58.5,0.0,cross_validated_vs_cfbd,verified
2019,401112223,47.5,48.0,0.5,cross_validated_vs_cfbd,verified
2019,401114327,55.5,44.5,11.0,cross_validated_vs_cfbd,source_conflict
2019,401121958,60.5,60.5,0.0,cross_validated_vs_cfbd,verified
2019,401114262,51.5,51.5,0.0,cross_validated_vs_cfbd,verified
2019,401117500,47.5,48.0,0.5,cross_validated_vs_cfbd,verified
2019,401110790,68.0,68.0,0.0,cross_validated_vs_cfbd,verified
2019,401117866,49.5,49.5,0.0,cross_validated_vs_cfbd,verified
2019,401112193,51.0,51.0,0.0,cross_validated_vs_cfbd,verified
2019,401112161,43.0,43.5,0.5,cross_validated_vs_cfbd,verified
2019,401112468,62.5,62.5,0.0,cross_validated_vs_cfbd,verified
2019,401110835,50.0,50.0,0.0,cross_validated_vs_cfbd,verified
2019,401114251,58.0,58.5,0.5,cross_validated_vs_cfbd,verified
2019,401112456,61.5,61.0,0.5,cross_validated_vs_cfbd,verified
2019,401112437,52.5,32.5,20.0,cross_validated_vs_cfbd,source_conflict
2019,401110776,61.5,49.5,12.0,cross_validated_vs_cfbd,source_conflict
2019,401114264,57.0,56.0,1.0,cross_validated_vs_cfbd,source_variance
2019,401110723,46.5,46.0,0.5,cross_validated_vs_cfbd,verified
2019,401112241,65.5,66.0,0.5,cross_validated_vs_cfbd,verified
2019,401110800,58.5,58.5,0.0,cross_validated_vs_cfbd,verified
2019,401112440,65.5,65.5,0.0,cross_validated_vs_cfbd,verified
2019,401114340,68.5,69.0,0.5,cross_validated_vs_cfbd,verified
2019,401112462,67.0,66.0,1.0,cross_validated_vs_cfbd,source_variance
2019,401112457,61.0,61.0,0.0,cross_validated_vs_cfbd,verified
2019,401112224,45.0,45.0,0.0,cross_validated_vs_cfbd,verified
2019,401114249,69.0,69.0,0.0,cross_validated_vs_cfbd,verified
2019,401112191,47.5,47.5,0.0,cross_validated_vs_cfbd,verified
2019,401110797,63.5,64.0,0.5,cross_validated_vs_cfbd,verified
2019,401117869,57.5,58.5,1.0,cross_validated_vs_cfbd,source_variance
2019,401121942,62.5,62.0,0.5,cross_validated_vs_cfbd,verified
2019,401114236,58.5,58.0,0.5,cross_validated_vs_cfbd,verified
2019,401110724,60.5,60.5,0.0,cross_validated_vs_cfbd,verified
2019,401112430,61.5,61.5,0.0,cross_validated_vs_cfbd,verified
2019,401112262,58.5,58.5,0.0,cross_validated_vs_cfbd,verified
2019,401114184,55.5,56.0,0.5,cross_validated_vs_cfbd,verified
2019,401112122,73.0,74.0,1.0,cross_validated_vs_cfbd,source_variance
2019,401112251,66.0,66.0,0.0,cross_validated_vs_cfbd,verified
2019,401112238,65.5,65.0,0.5,cross_validated_vs_cfbd,verified
2019,401110726,65.0,65.0,0.0,cross_validated_vs_cfbd,verified
2019,401110727,60.5,60.5,0.0,cross_validated_vs_cfbd,verified
2019,401112145,60.0,60.5,0.5,cross_validated_vs_cfbd,verified
2019,401112157,61.5,60.5,1.0,cross_validated_vs_cfbd,source_variance
2019,401112431,54.5,54.0,0.5,cross_validated_vs_cfbd,verified
2019,401112432,51.5,51.5,0.0,cross_validated_vs_cfbd,verified
2019,401114164,71.0,71.0,0.0,cross_validated_vs_cfbd,verified
2019,401111653,60.5,60.5,0.0,cross_validated_vs_cfbd,verified
2019,401110731,57.5,57.5,0.0,cross_validated_vs_cfbd,verified
2019,401114223,48.5,49.0,0.5,cross_validated_vs_cfbd,verified
2019,401117854,55.5,55.5,0.0,cross_validated_vs_cfbd,verified
2019,401114153,61.5,62.0,0.5,cross_validated_vs_cfbd,verified
2019,401112212,47.5,48.0,0.5,cross_validated_vs_cfbd,verified
2019,401117856,58.0,58.0,0.0,cross_validated_vs_cfbd,verified
2019,401114238,46.0,46.5,0.5,cross_validated_vs_cfbd,verified
2019,401112264,54.0,53.5,0.5,cross_validated_vs_cfbd,verified
2019,401110860,57.0,57.0,0.0,cross_validated_vs_cfbd,verified
2019,401110855,61.5,61.5,0.0,cross_validated_vs_cfbd,verified
2019,401110856,64.0,64.0,0.0,cross_validated_vs_cfbd,verified
2019,401114351,,43.5,,sbro_heuristic_only_unvalidated,single_source
2019,401117217,,58.5,,sbro_heuristic_only_unvalidated,single_source
2019,401117504,,53.5,,sbro_heuristic_only_unvalidated,single_source
2019,401112257,,58.5,,sbro_heuristic_only_unvalidated,single_source
2019,401119261,,3.5,,sbro_heuristic_only_unvalidated,single_source
2019,401112518,,64.5,,sbro_heuristic_only_unvalidated,single_source
2019,401114333,,65.0,,sbro_heuristic_only_unvalidated,single_source
2020,401237129,62.0,61.5,0.5,cross_validated_vs_cfbd,verified
2020,401249018,55.25,55.5,0.25,cross_validated_vs_cfbd,verified
2020,401237135,57.5,57.5,0.0,cross_validated_vs_cfbd,verified
2020,401247326,67.25,67.5,0.25,cross_validated_vs_cfbd,verified
2020,401237136,65.0,65.5,0.5,cross_validated_vs_cfbd,verified
2020,401247314,51.5,51.0,0.5,cross_validated_vs_cfbd,verified
2020,401249410,59.0,58.5,0.5,cross_validated_vs_cfbd,verified
2020,401249415,61.75,62.5,0.75,cross_validated_vs_cfbd,source_variance
2020,401249872,59.75,59.5,0.25,cross_validated_vs_cfbd,verified
2020,401249871,62.25,62.0,0.25,cross_validated_vs_cfbd,verified
2020,401261674,50.75,50.5,0.25,cross_validated_vs_cfbd,verified
2020,401236027,60.75,60.5,0.25,cross_validated_vs_cfbd,verified
2020,401249413,53.5,53.5,0.0,cross_validated_vs_cfbd,verified
2020,401212487,65.5,65.0,0.5,cross_validated_vs_cfbd,verified
2020,401212541,54.0,54.5,0.5,cross_validated_vs_cfbd,verified
2020,401212544,54.25,51.5,2.75,cross_validated_vs_cfbd,source_conflict
2020,401234565,66.75,66.5,0.25,cross_validated_vs_cfbd,verified
2020,401234567,50.5,49.5,1.0,cross_validated_vs_cfbd,source_variance
2020,401234571,47.0,48.5,1.5,cross_validated_vs_cfbd,source_conflict
2020,401234576,48.25,48.5,0.25,cross_validated_vs_cfbd,verified
2020,401234594,52.0,52.0,0.0,cross_validated_vs_cfbd,verified
2020,401234595,53.75,54.0,0.25,cross_validated_vs_cfbd,verified
2020,401234600,46.0,46.5,0.5,cross_validated_vs_cfbd,verified
2020,401234615,54.25,54.0,0.25,cross_validated_vs_cfbd,verified
2020,401234617,57.25,57.0,0.25,cross_validated_vs_cfbd,verified
2020,401234625,55.0,55.5,0.5,cross_validated_vs_cfbd,verified
2020,401234629,59.5,59.5,0.0,cross_validated_vs_cfbd,verified
2020,401234637,51.75,51.5,0.25,cross_validated_vs_cfbd,verified
2020,401234649,56.5,56.5,0.0,cross_validated_vs_cfbd,verified
2020,401234655,50.25,50.5,0.25,cross_validated_vs_cfbd,verified
2020,401236030,51.25,51.5,0.25,cross_validated_vs_cfbd,verified
2020,401236221,56.25,56.5,0.25,cross_validated_vs_cfbd,verified
2020,401236253,54.0,54.0,0.0,cross_validated_vs_cfbd,verified
2020,401236658,55.25,55.5,0.25,cross_validated_vs_cfbd,verified
2020,401240039,52.0,51.5,0.5,cross_validated_vs_cfbd,verified
2020,401240233,48.75,,,,single_source
2020,401240996,44.5,45.0,0.5,cross_validated_vs_cfbd,verified
2020,401241303,57.25,57.5,0.25,cross_validated_vs_cfbd,verified
2020,401247297,51.5,51.5,0.0,cross_validated_vs_cfbd,verified
2020,401247321,61.25,62.0,0.75,cross_validated_vs_cfbd,source_variance
2020,401247323,43.75,43.0,0.75,cross_validated_vs_cfbd,source_variance
2020,401247333,56.25,56.5,0.25,cross_validated_vs_cfbd,verified
2020,401247345,60.5,61.0,0.5,cross_validated_vs_cfbd,verified
2020,401248997,51.5,51.5,0.0,cross_validated_vs_cfbd,verified
2020,401249003,55.5,55.5,0.0,cross_validated_vs_cfbd,verified
2020,401249007,63.5,65.5,2.0,cross_validated_vs_cfbd,source_conflict
2020,401249010,52.75,53.5,0.75,cross_validated_vs_cfbd,source_variance
2020,401249013,51.5,51.5,0.0,cross_validated_vs_cfbd,verified
2020,401249014,51.0,51.0,0.0,cross_validated_vs_cfbd,verified
2020,401249016,61.75,61.0,0.75,cross_validated_vs_cfbd,source_variance
2020,401249031,46.0,45.5,0.5,cross_validated_vs_cfbd,verified
2020,401249033,59.5,60.5,1.0,cross_validated_vs_cfbd,source_variance
2020,401249038,60.0,58.5,1.5,cross_validated_vs_cfbd,source_conflict
2020,401249400,57.75,56.5,1.25,cross_validated_vs_cfbd,source_variance
2020,401249405,57.75,58.5,0.75,cross_validated_vs_cfbd,source_variance
2020,401249411,46.5,47.0,0.5,cross_validated_vs_cfbd,verified
2020,401249421,70.25,70.0,0.25,cross_validated_vs_cfbd,verified
2020,401249425,57.5,58.0,0.5,cross_validated_vs_cfbd,verified
2020,401249426,56.75,56.5,0.25,cross_validated_vs_cfbd,verified
2020,401249428,49.25,48.5,0.75,cross_validated_vs_cfbd,source_variance
2020,401249429,57.25,58.0,0.75,cross_validated_vs_cfbd,source_variance
2020,401249867,60.0,60.0,0.0,cross_validated_vs_cfbd,verified
2020,401249873,67.5,67.5,0.0,cross_validated_vs_cfbd,verified
2020,401249875,64.5,64.5,0.0,cross_validated_vs_cfbd,verified
2020,401249878,63.0,63.0,0.0,cross_validated_vs_cfbd,verified
2020,401249879,67.5,67.0,0.5,cross_validated_vs_cfbd,verified
2020,401249880,53.5,53.5,0.0,cross_validated_vs_cfbd,verified
2020,401249881,55.25,54.5,0.75,cross_validated_vs_cfbd,source_variance
2020,401249892,55.5,55.5,0.0,cross_validated_vs_cfbd,verified
2020,401261454,57.5,57.0,0.5,cross_validated_vs_cfbd,verified
2020,401269376,60.0,61.0,1.0,cross_validated_vs_cfbd,source_variance
2020,401269378,54.75,54.5,0.25,cross_validated_vs_cfbd,verified
2020,401269381,52.25,54.0,1.75,cross_validated_vs_cfbd,source_conflict
2020,401207136,62.5,61.5,1.0,cross_validated_vs_cfbd,source_variance
2020,401209818,63.0,63.0,0.0,cross_validated_vs_cfbd,verified
2020,401234570,53.25,53.0,0.25,cross_validated_vs_cfbd,verified
2020,401237353,55.0,55.0,0.0,cross_validated_vs_cfbd,verified
2020,401247299,44.75,44.5,0.25,cross_validated_vs_cfbd,verified
2020,401247329,63.75,65.0,1.25,cross_validated_vs_cfbd,source_variance
2020,401249034,51.0,51.5,0.5,cross_validated_vs_cfbd,verified
2020,401249036,56.25,57.5,1.25,cross_validated_vs_cfbd,source_variance
2020,401256199,44.25,45.0,0.75,cross_validated_vs_cfbd,source_variance
2020,401207134,58.5,59.0,0.5,cross_validated_vs_cfbd,verified
2020,401235996,62.0,61.5,0.5,cross_validated_vs_cfbd,verified
2020,401236952,59.5,,,,single_source
2020,401240282,68.5,68.5,0.0,cross_validated_vs_cfbd,verified
2020,401212523,58.25,59.0,0.75,cross_validated_vs_cfbd,source_variance
2020,401234601,63.0,63.0,0.0,cross_validated_vs_cfbd,verified
2020,401234604,60.5,60.5,0.0,cross_validated_vs_cfbd,verified
2020,401215308,59.25,58.5,0.75,cross_validated_vs_cfbd,source_variance
2020,401212515,51.0,51.0,0.0,cross_validated_vs_cfbd,verified
2020,401237093,53.75,53.0,0.75,cross_validated_vs_cfbd,source_variance
2020,401212531,70.0,70.0,0.0,cross_validated_vs_cfbd,verified
2020,401212486,74.75,75.0,0.25,cross_validated_vs_cfbd,verified
2020,401207141,55.0,55.5,0.5,cross_validated_vs_cfbd,verified
2020,401207139,74.25,74.5,0.25,cross_validated_vs_cfbd,verified
2020,401237096,57.0,56.5,0.5,cross_validated_vs_cfbd,verified
2020,401237095,44.5,43.0,1.5,cross_validated_vs_cfbd,source_conflict
2020,401237094,68.5,68.5,0.0,cross_validated_vs_cfbd,verified
2020,401237098,50.0,50.0,0.0,cross_validated_vs_cfbd,verified
2020,401237099,49.0,48.5,0.5,cross_validated_vs_cfbd,verified
2020,401212547,70.0,70.0,0.0,cross_validated_vs_cfbd,verified
2020,401215304,64.5,64.5,0.0,cross_validated_vs_cfbd,verified
2020,401235998,54.0,54.0,0.0,cross_validated_vs_cfbd,verified
2020,401215305,50.5,,,,single_source
2020,401234638,45.5,45.5,0.0,cross_validated_vs_cfbd,verified
2020,401207132,47.5,47.5,0.0,cross_validated_vs_cfbd,verified
2020,401237033,53.0,53.0,0.0,cross_validated_vs_cfbd,verified
2020,401237035,57.25,56.5,0.75,cross_validated_vs_cfbd,source_variance
2020,401237034,46.75,46.5,0.25,cross_validated_vs_cfbd,verified
2020,401235997,49.75,50.5,0.75,cross_validated_vs_cfbd,source_variance
2020,401215303,49.0,49.5,0.5,cross_validated_vs_cfbd,verified
2020,401234566,56.5,56.5,0.0,cross_validated_vs_cfbd,verified
2020,401235994,43.5,43.0,0.5,cross_validated_vs_cfbd,verified
2020,401240194,49.75,,,,single_source
2020,401235993,61.0,61.0,0.0,cross_validated_vs_cfbd,verified
2020,401236000,53.0,52.5,0.5,cross_validated_vs_cfbd,verified
2020,401234598,55.5,55.5,0.0,cross_validated_vs_cfbd,verified
2020,401236002,61.75,62.0,0.25,cross_validated_vs_cfbd,verified
2020,401235999,62.75,63.0,0.25,cross_validated_vs_cfbd,verified
2020,401236029,58.25,57.5,0.75,cross_validated_vs_cfbd,source_variance
2020,401237142,64.75,65.0,0.25,cross_validated_vs_cfbd,verified
2020,401237146,60.75,60.5,0.25,cross_validated_vs_cfbd,verified
2020,401237144,60.75,59.5,1.25,cross_validated_vs_cfbd,source_variance
2020,401237145,50.75,49.0,1.75,cross_validated_vs_cfbd,source_conflict
2020,401236032,57.0,57.0,0.0,cross_validated_vs_cfbd,verified
2020,401212513,72.0,72.0,0.0,cross_validated_vs_cfbd,verified
2020,401215339,51.0,51.5,0.5,cross_validated_vs_cfbd,verified
2020,401212476,45.5,45.0,0.5,cross_validated_vs_cfbd,verified
2020,401234597,52.5,52.5,0.0,cross_validated_vs_cfbd,verified
2020,401246275,61.5,62.0,0.5,cross_validated_vs_cfbd,verified
2020,401215338,58.5,58.0,0.5,cross_validated_vs_cfbd,verified
2020,401215337,63.75,63.0,0.75,cross_validated_vs_cfbd,source_variance
2020,401207143,57.0,57.0,0.0,cross_validated_vs_cfbd,verified
2020,401234607,58.75,58.5,0.25,cross_validated_vs_cfbd,verified
2020,401236003,63.25,63.5,0.25,cross_validated_vs_cfbd,verified
2020,401212477,58.25,58.0,0.25,cross_validated_vs_cfbd,verified
2020,401237104,57.75,57.5,0.25,cross_validated_vs_cfbd,verified
2020,401207142,66.0,66.5,0.5,cross_validated_vs_cfbd,verified
2020,401234605,52.5,52.5,0.0,cross_validated_vs_cfbd,verified
2020,401240997,63.0,63.0,0.0,cross_validated_vs_cfbd,verified
2020,401236004,49.5,49.5,0.0,cross_validated_vs_cfbd,verified
2020,401237102,60.25,59.0,1.25,cross_validated_vs_cfbd,source_variance
2020,401234606,53.75,53.5,0.25,cross_validated_vs_cfbd,verified
2020,401237101,46.0,45.5,0.5,cross_validated_vs_cfbd,verified
2020,401234608,58.75,58.0,0.75,cross_validated_vs_cfbd,source_variance
2020,401207145,55.5,55.5,0.0,cross_validated_vs_cfbd,verified
2020,401207146,43.0,43.0,0.0,cross_validated_vs_cfbd,verified
2020,401207153,44.0,44.5,0.5,cross_validated_vs_cfbd,verified
2020,401207157,54.0,54.0,0.0,cross_validated_vs_cfbd,verified
2020,401215321,52.0,52.0,0.0,cross_validated_vs_cfbd,verified
2020,401215318,60.5,60.5,0.0,cross_validated_vs_cfbd,verified
2020,401234632,51.25,51.0,0.25,cross_validated_vs_cfbd,verified
2020,401251931,55.25,55.5,0.25,cross_validated_vs_cfbd,verified
2020,401212491,64.25,64.5,0.25,cross_validated_vs_cfbd,verified
2020,401234647,66.5,66.0,0.5,cross_validated_vs_cfbd,verified
2020,401237137,50.75,51.0,0.25,cross_validated_vs_cfbd,verified
2020,401215334,69.0,69.0,0.0,cross_validated_vs_cfbd,verified
2020,401235975,38.5,38.5,0.0,cross_validated_vs_cfbd,verified
2020,401247374,61.0,61.0,0.0,cross_validated_vs_cfbd,verified
2020,401207181,42.0,42.5,0.5,cross_validated_vs_cfbd,verified
2020,401215313,57.5,57.5,0.0,cross_validated_vs_cfbd,verified
2020,401240115,46.5,49.0,2.5,cross_validated_vs_cfbd,source_conflict
2020,401247335,64.0,64.0,0.0,cross_validated_vs_cfbd,verified
2020,401247336,51.0,51.5,0.5,cross_validated_vs_cfbd,verified
2020,401215310,72.5,72.0,0.5,cross_validated_vs_cfbd,verified
2020,401212551,62.5,63.0,0.5,cross_validated_vs_cfbd,verified
2020,401234610,65.0,64.5,0.5,cross_validated_vs_cfbd,verified
2020,401234613,62.25,61.5,0.75,cross_validated_vs_cfbd,source_variance
2020,401234612,64.75,64.5,0.25,cross_validated_vs_cfbd,verified
2020,401237112,55.75,55.5,0.25,cross_validated_vs_cfbd,verified
2020,401234614,47.25,47.5,0.25,cross_validated_vs_cfbd,verified
2020,401237109,53.75,53.5,0.25,cross_validated_vs_cfbd,verified
2020,401237111,45.5,45.5,0.0,cross_validated_vs_cfbd,verified
2020,401234609,61.75,62.0,0.25,cross_validated_vs_cfbd,verified
2020,401212478,52.75,53.0,0.25,cross_validated_vs_cfbd,verified
2020,401212548,55.75,55.5,0.25,cross_validated_vs_cfbd,verified
2020,401234611,59.75,59.0,0.75,cross_validated_vs_cfbd,source_variance
2020,401237108,77.5,77.0,0.5,cross_validated_vs_cfbd,verified
2020,401234616,57.0,56.0,1.0,cross_validated_vs_cfbd,source_variance
2020,401207150,71.75,,,,single_source
2020,401240642,69.5,69.5,0.0,cross_validated_vs_cfbd,verified
2020,401236008,61.5,61.5,0.0,cross_validated_vs_cfbd,verified
2020,401207158,48.0,49.0,1.0,cross_validated_vs_cfbd,source_variance
2020,401212540,65.75,65.5,0.25,cross_validated_vs_cfbd,verified
2020,401215333,48.5,48.5,0.0,cross_validated_vs_cfbd,verified
2020,401212483,70.5,70.5,0.0,cross_validated_vs_cfbd,verified
2020,401236025,48.0,48.0,0.0,cross_validated_vs_cfbd,verified
2020,401207102,53.5,53.5,0.0,cross_validated_vs_cfbd,verified
2020,401240641,60.25,60.0,0.25,cross_validated_vs_cfbd,verified
2020,401234650,69.75,70.0,0.25,cross_validated_vs_cfbd,verified
2020,401212519,53.0,53.0,0.0,cross_validated_vs_cfbd,verified
2020,401238035,49.75,50.0,0.25,cross_validated_vs_cfbd,verified
2020,401236054,72.0,72.0,0.0,cross_validated_vs_cfbd,verified
2020,401249001,60.0,60.0,0.0,cross_validated_vs_cfbd,verified
2020,401248999,49.0,49.5,0.5,cross_validated_vs_cfbd,verified
2020,401249004,40.5,41.0,0.5,cross_validated_vs_cfbd,verified
2020,401249002,59.5,60.0,0.5,cross_validated_vs_cfbd,verified
2020,401249404,51.0,51.0,0.0,cross_validated_vs_cfbd,verified
2020,401237119,63.5,63.5,0.0,cross_validated_vs_cfbd,verified
2020,401236017,58.5,58.5,0.0,cross_validated_vs_cfbd,verified
2020,401237116,63.5,63.5,0.0,cross_validated_vs_cfbd,verified
2020,401234628,61.0,61.0,0.0,cross_validated_vs_cfbd,verified
2020,401212489,58.5,58.5,0.0,cross_validated_vs_cfbd,verified
2020,401236014,49.5,49.5,0.0,cross_validated_vs_cfbd,verified
2020,401237123,63.5,63.5,0.0,cross_validated_vs_cfbd,verified
2020,401234624,56.0,56.0,0.0,cross_validated_vs_cfbd,verified
2020,401234626,58.5,58.5,0.0,cross_validated_vs_cfbd,verified
2020,401237120,54.5,54.5,0.0,cross_validated_vs_cfbd,verified
2020,401236015,46.0,46.0,0.0,cross_validated_vs_cfbd,verified
2020,401236016,66.5,66.0,0.5,cross_validated_vs_cfbd,verified
2020,401212517,58.5,55.5,3.0,cross_validated_vs_cfbd,source_conflict
2020,401212538,81.5,81.5,0.0,cross_validated_vs_cfbd,verified
2020,401215320,69.5,69.5,0.0,cross_validated_vs_cfbd,verified
2020,401236013,47.5,47.0,0.5,cross_validated_vs_cfbd,verified
2020,401237121,63.5,63.5,0.0,cross_validated_vs_cfbd,verified
2020,401215325,55.75,57.0,1.25,cross_validated_vs_cfbd,source_variance
2020,401212480,66.25,67.5,1.25,cross_validated_vs_cfbd,source_variance
2020,401212525,62.0,63.5,1.5,cross_validated_vs_cfbd,source_conflict
2020,401215327,58.75,59.0,0.25,cross_validated_vs_cfbd,verified
2020,401215324,58.0,57.5,0.5,cross_validated_vs_cfbd,verified
2020,401237117,42.0,42.0,0.0,cross_validated_vs_cfbd,verified
2020,401239887,52.5,52.0,0.5,cross_validated_vs_cfbd,verified
2020,401247305,51.5,52.0,0.5,cross_validated_vs_cfbd,verified
2020,401234627,67.5,67.0,0.5,cross_validated_vs_cfbd,verified
2020,401249860,56.5,54.5,2.0,cross_validated_vs_cfbd,source_conflict
2020,401253924,67.25,68.0,0.75,cross_validated_vs_cfbd,source_variance
2020,401249861,59.0,59.0,0.0,cross_validated_vs_cfbd,verified
2020,401249402,56.5,56.5,0.0,cross_validated_vs_cfbd,verified
2020,401249005,60.75,63.0,2.25,cross_validated_vs_cfbd,source_conflict
2020,401249006,57.75,58.0,0.25,cross_validated_vs_cfbd,verified
2020,401249012,62.5,62.5,0.0,cross_validated_vs_cfbd,verified
2020,401237125,54.25,54.5,0.25,cross_validated_vs_cfbd,verified
2020,401236018,47.5,47.0,0.5,cross_validated_vs_cfbd,verified
2020,401212490,63.5,63.5,0.0,cross_validated_vs_cfbd,verified
2020,401236022,55.0,55.5,0.5,cross_validated_vs_cfbd,verified
2020,401247313,46.5,46.0,0.5,cross_validated_vs_cfbd,verified
2020,401234633,63.0,63.5,0.5,cross_validated_vs_cfbd,verified
2020,401247310,63.5,63.5,0.0,cross_validated_vs_cfbd,verified
2020,401237127,57.75,58.0,0.25,cross_validated_vs_cfbd,verified
2020,401247309,53.25,55.0,1.75,cross_validated_vs_cfbd,source_conflict
2020,401236020,47.5,48.5,1.0,cross_validated_vs_cfbd,source_variance
2020,401236019,64.25,63.0,1.25,cross_validated_vs_cfbd,source_variance
2020,401247317,58.0,58.0,0.0,cross_validated_vs_cfbd,verified
2020,401240035,51.5,51.5,0.0,cross_validated_vs_cfbd,verified
2020,401207200,46.5,46.0,0.5,cross_validated_vs_cfbd,verified
2020,401212545,56.75,56.0,0.75,cross_validated_vs_cfbd,source_variance
2020,401234631,53.75,54.0,0.25,cross_validated_vs_cfbd,verified
2020,401207174,41.75,41.5,0.25,cross_validated_vs_cfbd,verified
2020,401234642,70.5,71.0,0.5,cross_validated_vs_cfbd,verified
2020,401236024,44.5,44.5,0.0,cross_validated_vs_cfbd,verified
2020,401249008,49.25,50.5,1.25,cross_validated_vs_cfbd,source_variance
2020,401249397,64.0,63.5,0.5,cross_validated_vs_cfbd,verified
2020,401247308,63.25,65.0,1.75,cross_validated_vs_cfbd,source_conflict
2020,401237124,53.75,55.0,1.25,cross_validated_vs_cfbd,source_variance
2020,401249890,56.75,56.0,0.75,cross_validated_vs_cfbd,source_variance
2020,401249866,59.0,58.5,0.5,cross_validated_vs_cfbd,verified
2020,401249862,55.0,55.5,0.5,cross_validated_vs_cfbd,verified
2020,401249865,61.75,61.5,0.25,cross_validated_vs_cfbd,verified
2020,401247316,52.75,52.5,0.25,cross_validated_vs_cfbd,verified
2020,401247346,46.25,46.5,0.25,cross_validated_vs_cfbd,verified
2020,401249883,54.5,54.0,0.5,cross_validated_vs_cfbd,verified
2020,401249886,58.75,58.5,0.25,cross_validated_vs_cfbd,verified
2020,401215309,45.0,45.0,0.0,cross_validated_vs_cfbd,verified
2020,401249035,47.0,46.5,0.5,cross_validated_vs_cfbd,verified
2020,401249884,55.5,56.0,0.5,cross_validated_vs_cfbd,verified
2020,401249885,65.75,66.5,0.75,cross_validated_vs_cfbd,source_variance
2020,401237132,41.5,41.5,0.0,cross_validated_vs_cfbd,verified
2020,401260157,50.75,50.0,0.75,cross_validated_vs_cfbd,source_variance
2020,401260158,50.5,49.5,1.0,cross_validated_vs_cfbd,source_variance
2020,401207179,45.5,45.0,0.5,cross_validated_vs_cfbd,verified
2020,401247319,51.5,51.0,0.5,cross_validated_vs_cfbd,verified
2020,401247315,48.0,48.0,0.0,cross_validated_vs_cfbd,verified
2020,401215332,53.25,53.5,0.25,cross_validated_vs_cfbd,verified
2020,401215328,63.0,63.0,0.0,cross_validated_vs_cfbd,verified
2020,401212481,58.5,57.5,1.0,cross_validated_vs_cfbd,source_variance
2020,401257934,63.5,64.5,1.0,cross_validated_vs_cfbd,source_variance
2020,401212518,72.5,72.5,0.0,cross_validated_vs_cfbd,verified
2020,401234639,61.25,61.0,0.25,cross_validated_vs_cfbd,verified
2020,401237133,72.75,,,,single_source
2020,401249868,58.5,58.5,0.0,cross_validated_vs_cfbd,verified
2020,401236023,54.5,54.5,0.0,cross_validated_vs_cfbd,verified
2020,401247337,52.5,52.5,0.0,cross_validated_vs_cfbd,verified
2020,401249424,49.75,50.0,0.25,cross_validated_vs_cfbd,verified
2020,401248781,69.25,71.0,1.75,cross_validated_vs_cfbd,source_conflict
2020,401249870,59.75,59.5,0.25,cross_validated_vs_cfbd,verified
2020,401249856,63.75,65.0,1.25,cross_validated_vs_cfbd,source_variance
2020,401249857,53.0,52.0,1.0,cross_validated_vs_cfbd,source_variance
2020,401249889,56.0,56.0,0.0,cross_validated_vs_cfbd,verified
2020,401237139,44.0,44.0,0.0,cross_validated_vs_cfbd,verified
2020,401249859,52.75,53.0,0.25,cross_validated_vs_cfbd,verified
2020,401249858,62.75,63.5,0.75,cross_validated_vs_cfbd,source_variance
2020,401249009,57.25,57.5,0.25,cross_validated_vs_cfbd,verified
2020,401234630,58.5,58.5,0.0,cross_validated_vs_cfbd,verified
2020,401207113,56.5,57.0,0.5,cross_validated_vs_cfbd,verified
2020,401234559,55.0,55.0,0.0,cross_validated_vs_cfbd,verified
2020,401236081,59.75,59.5,0.25,cross_validated_vs_cfbd,verified
2020,401236038,59.0,58.5,0.5,cross_validated_vs_cfbd,verified
2020,401235700,54.0,53.5,0.5,cross_validated_vs_cfbd,verified
2020,401207124,51.75,51.5,0.25,cross_validated_vs_cfbd,verified
2020,401234563,49.75,50.0,0.25,cross_validated_vs_cfbd,verified
2020,401207101,54.5,55.0,0.5,cross_validated_vs_cfbd,verified
2020,401212484,70.25,71.0,0.75,cross_validated_vs_cfbd,source_variance
2020,401236053,55.25,54.5,0.75,cross_validated_vs_cfbd,source_variance
2020,401234568,63.25,63.5,0.25,cross_validated_vs_cfbd,verified
2020,401239973,51.5,51.5,0.0,cross_validated_vs_cfbd,verified
2020,401236039,80.5,81.0,0.5,cross_validated_vs_cfbd,verified
2020,401207098,74.25,74.0,0.25,cross_validated_vs_cfbd,verified
2020,401215298,58.5,57.5,1.0,cross_validated_vs_cfbd,source_variance
2020,401236939,60.75,59.5,1.25,cross_validated_vs_cfbd,source_variance
2020,401239884,54.0,54.5,0.5,cross_validated_vs_cfbd,verified
2020,401234562,58.75,58.0,0.75,cross_validated_vs_cfbd,source_variance
2020,401212553,71.75,72.5,0.75,cross_validated_vs_cfbd,source_variance
2020,401236222,55.5,56.0,0.5,cross_validated_vs_cfbd,verified
2020,401236041,66.75,66.5,0.25,cross_validated_vs_cfbd,verified
2020,401234564,55.25,55.0,0.25,cross_validated_vs_cfbd,verified
2020,401240113,53.5,53.5,0.0,cross_validated_vs_cfbd,verified
2020,401234574,51.25,52.0,0.75,cross_validated_vs_cfbd,source_variance
2020,401241282,49.0,49.0,0.0,cross_validated_vs_cfbd,verified
2020,401207106,58.75,59.0,0.25,cross_validated_vs_cfbd,verified
2020,401234634,51.75,52.5,0.75,cross_validated_vs_cfbd,source_variance
2020,401237126,46.5,45.0,1.5,cross_validated_vs_cfbd,source_conflict
2020,401236021,60.75,60.0,0.75,cross_validated_vs_cfbd,source_variance
2020,401207169,39.5,38.5,1.0,cross_validated_vs_cfbd,source_variance
2020,401249399,50.75,49.5,1.25,cross_validated_vs_cfbd,source_variance
2020,401212522,44.75,45.0,0.25,cross_validated_vs_cfbd,verified
2020,401240640,65.75,,,,single_source
2020,401207120,72.0,71.0,1.0,cross_validated_vs_cfbd,source_variance
2020,401215302,58.0,,,,single_source
2020,401234569,65.5,66.0,0.5,cross_validated_vs_cfbd,verified
2020,401234636,67.5,67.5,0.0,cross_validated_vs_cfbd,verified
2020,401247307,54.5,54.0,0.5,cross_validated_vs_cfbd,verified
2020,401215326,52.0,52.0,0.0,cross_validated_vs_cfbd,verified
2020,401247312,62.5,63.5,1.0,cross_validated_vs_cfbd,source_variance
2020,401236223,58.75,58.5,0.25,cross_validated_vs_cfbd,verified
2020,401234734,54.5,54.5,0.0,cross_validated_vs_cfbd,verified
2020,401236951,55.75,56.0,0.25,cross_validated_vs_cfbd,verified
2020,401235995,71.0,71.5,0.5,cross_validated_vs_cfbd,verified
2020,401212536,77.5,77.5,0.0,cross_validated_vs_cfbd,verified
2020,401237036,45.25,44.5,0.75,cross_validated_vs_cfbd,source_variance
2020,401237037,46.25,46.5,0.25,cross_validated_vs_cfbd,verified
2020,401234593,53.75,53.5,0.25,cross_validated_vs_cfbd,verified
2020,401207138,52.5,,,,single_source
2020,401207126,60.5,60.5,0.0,cross_validated_vs_cfbd,verified
2020,401236001,62.75,62.0,0.75,cross_validated_vs_cfbd,source_variance
2020,401234599,54.0,54.0,0.0,cross_validated_vs_cfbd,verified
2020,401212557,46.75,47.0,0.25,cross_validated_vs_cfbd,verified
2020,401237097,63.0,63.0,0.0,cross_validated_vs_cfbd,verified
2020,401207185,52.25,52.0,0.25,cross_validated_vs_cfbd,verified
2020,401212526,56.25,56.0,0.25,cross_validated_vs_cfbd,verified
2020,401237138,68.5,68.0,0.5,cross_validated_vs_cfbd,verified
2020,401247327,45.5,45.5,0.0,cross_validated_vs_cfbd,verified
2020,401247324,52.25,52.0,0.25,cross_validated_vs_cfbd,verified
2020,401234643,55.5,55.5,0.0,cross_validated_vs_cfbd,verified
2020,401215335,58.75,58.5,0.25,cross_validated_vs_cfbd,verified
2020,401207184,65.25,64.5,0.75,cross_validated_vs_cfbd,source_variance
2020,401237141,57.5,57.0,0.5,cross_validated_vs_cfbd,verified
2020,401249019,46.5,46.5,0.0,cross_validated_vs_cfbd,verified
2020,401236005,74.75,74.5,0.25,cross_validated_vs_cfbd,verified
2020,401234603,42.5,42.5,0.0,cross_validated_vs_cfbd,verified
2020,401237103,43.0,43.0,0.0,cross_validated_vs_cfbd,verified
2020,401237105,51.75,53.0,1.25,cross_validated_vs_cfbd,source_variance
2020,401207215,63.5,63.5,0.0,cross_validated_vs_cfbd,verified
2020,401237106,40.5,41.0,0.5,cross_validated_vs_cfbd,verified
2020,401249864,57.75,58.0,0.25,cross_validated_vs_cfbd,verified
2020,401237100,74.0,,,,single_source
2020,401247320,57.5,57.5,0.0,cross_validated_vs_cfbd,verified
2020,401207176,55.5,55.5,0.0,cross_validated_vs_cfbd,verified
2020,401249403,67.5,67.0,0.5,cross_validated_vs_cfbd,verified
2020,401249406,55.25,55.0,0.25,cross_validated_vs_cfbd,verified
2020,401234641,67.75,68.0,0.25,cross_validated_vs_cfbd,verified
2020,401250215,61.75,62.0,0.25,cross_validated_vs_cfbd,verified
2020,401239872,60.0,60.5,0.5,cross_validated_vs_cfbd,verified
2020,401207178,45.0,45.0,0.0,cross_validated_vs_cfbd,verified
2020,401234648,52.75,52.5,0.25,cross_validated_vs_cfbd,verified
2020,401215331,49.75,49.5,0.25,cross_validated_vs_cfbd,verified
2020,401212537,77.0,77.5,0.5,cross_validated_vs_cfbd,verified
2020,401249015,62.5,63.5,1.0,cross_validated_vs_cfbd,source_variance
2020,401249017,55.75,55.0,0.75,cross_validated_vs_cfbd,source_variance
2020,401212488,57.0,57.0,0.0,cross_validated_vs_cfbd,verified
2020,401236007,49.25,48.5,0.75,cross_validated_vs_cfbd,source_variance
2020,401212552,56.25,56.5,0.25,cross_validated_vs_cfbd,verified
2020,401247295,61.75,62.0,0.25,cross_validated_vs_cfbd,verified
2020,401236009,53.5,54.0,0.5,cross_validated_vs_cfbd,verified
2020,401236010,46.0,45.5,0.5,cross_validated_vs_cfbd,verified
2020,401234618,63.5,63.0,0.5,cross_validated_vs_cfbd,verified
2020,401237115,73.25,,,,single_source
2020,401247293,69.5,69.0,0.5,cross_validated_vs_cfbd,verified
2020,401248998,54.0,54.0,0.0,cross_validated_vs_cfbd,verified
2020,401207149,48.25,48.0,0.25,cross_validated_vs_cfbd,verified
2020,401237122,47.0,47.0,0.0,cross_validated_vs_cfbd,verified
2020,401237118,54.75,55.0,0.25,cross_validated_vs_cfbd,verified
2020,401212524,71.0,71.0,0.0,cross_validated_vs_cfbd,verified
2020,401207156,51.0,51.0,0.0,cross_validated_vs_cfbd,verified
2020,401237107,57.25,57.5,0.25,cross_validated_vs_cfbd,verified
2020,401207154,50.0,49.5,0.5,cross_validated_vs_cfbd,verified
2020,401212516,70.0,70.5,0.5,cross_validated_vs_cfbd,verified
2020,401248996,50.75,50.5,0.25,cross_validated_vs_cfbd,verified
2020,401248993,64.0,64.0,0.0,cross_validated_vs_cfbd,verified
2020,401248994,64.5,64.5,0.0,cross_validated_vs_cfbd,verified
2020,401215316,49.0,48.5,0.5,cross_validated_vs_cfbd,verified
2020,401240998,61.5,61.5,0.0,cross_validated_vs_cfbd,verified
2020,401247294,53.75,53.5,0.25,cross_validated_vs_cfbd,verified
2020,401207160,59.75,60.0,0.25,cross_validated_vs_cfbd,verified
2020,401250784,57.0,57.0,0.0,cross_validated_vs_cfbd,verified
2020,401237114,66.75,66.5,0.25,cross_validated_vs_cfbd,verified
2020,401212479,51.5,50.5,1.0,cross_validated_vs_cfbd,source_variance
2020,401236011,58.75,59.0,0.25,cross_validated_vs_cfbd,verified
2020,401234621,61.75,61.5,0.25,cross_validated_vs_cfbd,verified
2020,401234622,43.5,44.0,0.5,cross_validated_vs_cfbd,verified
2020,401238036,50.5,50.5,0.0,cross_validated_vs_cfbd,verified
2020,401236012,54.0,54.0,0.0,cross_validated_vs_cfbd,verified
2020,401234619,62.75,62.0,0.75,cross_validated_vs_cfbd,source_variance
2020,401215317,68.5,68.5,0.0,cross_validated_vs_cfbd,verified
2020,401247296,52.0,51.5,0.5,cross_validated_vs_cfbd,verified
2020,401234623,68.75,68.0,0.75,cross_validated_vs_cfbd,source_variance
2020,401234620,54.0,54.0,0.0,cross_validated_vs_cfbd,verified
2020,401247298,52.25,53.0,0.75,cross_validated_vs_cfbd,source_variance
2020,401207166,59.0,58.5,0.5,cross_validated_vs_cfbd,verified
2020,401247300,54.0,54.0,0.0,cross_validated_vs_cfbd,verified
2020,401212533,59.5,59.5,0.0,cross_validated_vs_cfbd,verified
2020,401247302,60.5,60.5,0.0,cross_validated_vs_cfbd,verified
2020,401249000,58.0,57.5,0.5,cross_validated_vs_cfbd,verified
2020,401247301,55.5,55.5,0.0,cross_validated_vs_cfbd,verified
2020,401215319,56.5,,,,single_source
2020,401215322,57.0,56.5,0.5,cross_validated_vs_cfbd,verified
2020,401247303,42.5,42.5,0.0,cross_validated_vs_cfbd,verified
2020,401247306,63.0,63.0,0.0,cross_validated_vs_cfbd,verified
2020,401207163,47.5,48.0,0.5,cross_validated_vs_cfbd,verified
2020,401212543,57.5,57.5,0.0,cross_validated_vs_cfbd,verified
2020,401234652,57.75,57.5,0.25,cross_validated_vs_cfbd,verified
2020,401249877,69.75,70.0,0.25,cross_validated_vs_cfbd,verified
2020,401249024,63.0,62.5,0.5,cross_validated_vs_cfbd,verified
2020,401251926,58.0,57.0,1.0,cross_validated_vs_cfbd,source_variance
2020,401249418,64.75,65.0,0.25,cross_validated_vs_cfbd,verified
2020,401237147,70.5,,,,single_source
2020,401249417,51.5,51.5,0.0,cross_validated_vs_cfbd,verified
2020,401247332,53.25,53.0,0.25,cross_validated_vs_cfbd,verified
2020,401249025,49.0,49.5,0.5,cross_validated_vs_cfbd,verified
2020,401234651,58.75,59.0,0.25,cross_validated_vs_cfbd,verified
2020,401237143,52.0,51.5,0.5,cross_validated_vs_cfbd,verified
2020,401247328,61.0,61.0,0.0,cross_validated_vs_cfbd,verified
2020,401264080,62.75,62.5,0.25,cross_validated_vs_cfbd,verified
2020,401249874,59.0,59.0,0.0,cross_validated_vs_cfbd,verified
2020,401249876,54.75,55.5,0.75,cross_validated_vs_cfbd,source_variance
2020,401265458,47.25,47.5,0.25,cross_validated_vs_cfbd,verified
2020,401215340,58.0,,,,single_source
2020,401249028,52.0,52.0,0.0,cross_validated_vs_cfbd,verified
2020,401236028,44.5,44.5,0.0,cross_validated_vs_cfbd,verified
2020,401207191,67.25,66.5,0.75,cross_validated_vs_cfbd,source_variance
2020,401265734,51.25,51.0,0.25,cross_validated_vs_cfbd,verified
2020,401215336,50.5,50.0,0.5,cross_validated_vs_cfbd,verified
2020,401247330,40.75,41.0,0.25,cross_validated_vs_cfbd,verified
2020,401249427,68.5,68.5,0.0,cross_validated_vs_cfbd,verified
2020,401234657,66.75,66.5,0.25,cross_validated_vs_cfbd,verified
2020,401234656,54.25,52.5,1.75,cross_validated_vs_cfbd,source_conflict
2020,401249029,51.75,51.0,0.75,cross_validated_vs_cfbd,source_variance
2020,401265703,65.5,65.5,0.0,cross_validated_vs_cfbd,verified
2020,401252117,52.25,52.0,0.25,cross_validated_vs_cfbd,verified
2020,401265818,54.75,55.5,0.75,cross_validated_vs_cfbd,source_variance
2020,401236035,63.5,64.0,0.5,cross_validated_vs_cfbd,verified
2020,401257812,42.75,42.5,0.25,cross_validated_vs_cfbd,verified
2020,401236036,53.5,54.0,0.5,cross_validated_vs_cfbd,verified
2020,401237514,58.0,62.0,4.0,cross_validated_vs_cfbd,source_conflict
2020,401266134,62.75,62.0,0.75,cross_validated_vs_cfbd,source_variance
2020,401234662,51.0,51.0,0.0,cross_validated_vs_cfbd,verified
2020,401236033,61.0,61.5,0.5,cross_validated_vs_cfbd,verified
2020,401249422,51.0,51.0,0.0,cross_validated_vs_cfbd,verified
2020,401262493,71.0,71.0,0.0,cross_validated_vs_cfbd,verified
2020,401265817,64.0,64.0,0.0,cross_validated_vs_cfbd,verified
2020,401237151,62.75,63.0,0.25,cross_validated_vs_cfbd,verified
2020,401236034,48.0,48.0,0.0,cross_validated_vs_cfbd,verified
2020,401266789,46.25,47.0,0.75,cross_validated_vs_cfbd,source_variance
2020,401247338,44.5,44.5,0.0,cross_validated_vs_cfbd,verified
2020,401264082,64.0,64.5,0.5,cross_validated_vs_cfbd,verified
2020,401264083,45.25,45.0,0.25,cross_validated_vs_cfbd,verified
2020,401261675,40.5,40.5,0.0,cross_validated_vs_cfbd,verified
2020,401234659,60.75,60.0,0.75,cross_validated_vs_cfbd,source_variance
2020,401249032,59.0,59.0,0.0,cross_validated_vs_cfbd,verified
2020,401236037,52.5,53.0,0.5,cross_validated_vs_cfbd,verified
2020,401247340,59.0,58.5,0.5,cross_validated_vs_cfbd,verified
2020,401237150,48.75,49.0,0.25,cross_validated_vs_cfbd,verified
2020,401249423,59.5,59.5,0.0,cross_validated_vs_cfbd,verified
2020,401237153,47.0,46.5,0.5,cross_validated_vs_cfbd,verified
2020,401267164,70.0,68.5,1.5,cross_validated_vs_cfbd,source_conflict
2020,401266694,57.0,57.0,0.0,cross_validated_vs_cfbd,verified
2020,401247342,54.75,56.0,1.25,cross_validated_vs_cfbd,source_variance
2020,401249431,65.0,64.0,1.0,cross_validated_vs_cfbd,source_variance
2020,401250713,49.25,49.0,0.25,cross_validated_vs_cfbd,verified
2020,401249435,47.5,47.0,0.5,cross_validated_vs_cfbd,verified
2020,401249037,61.5,61.0,0.5,cross_validated_vs_cfbd,verified
2020,401247344,41.75,41.5,0.25,cross_validated_vs_cfbd,verified
2020,401247347,40.5,41.5,1.0,cross_validated_vs_cfbd,source_variance
2020,401264084,64.75,66.0,1.25,cross_validated_vs_cfbd,source_variance
2020,401234572,64.25,64.0,0.25,cross_validated_vs_cfbd,verified
2020,401257815,42.5,43.5,1.0,cross_validated_vs_cfbd,source_variance
2020,401266711,50.0,50.5,0.5,cross_validated_vs_cfbd,verified
2020,401257813,44.0,44.0,0.0,cross_validated_vs_cfbd,verified
2020,401266696,62.0,62.0,0.0,cross_validated_vs_cfbd,verified
2020,401251100,65.75,66.5,0.75,cross_validated_vs_cfbd,source_variance
2020,401207203,35.75,36.5,0.75,cross_validated_vs_cfbd,source_variance
2020,401249432,55.25,55.5,0.25,cross_validated_vs_cfbd,verified
2020,401261245,55.5,55.0,0.5,cross_validated_vs_cfbd,verified
2020,401267161,54.5,55.0,0.5,cross_validated_vs_cfbd,verified
2020,401267163,50.5,50.5,0.0,cross_validated_vs_cfbd,verified
2020,401234661,72.25,72.0,0.25,cross_validated_vs_cfbd,verified
2020,401247349,56.75,57.5,0.75,cross_validated_vs_cfbd,source_variance
2020,401262060,59.25,59.5,0.25,cross_validated_vs_cfbd,verified
2020,401269375,55.75,55.0,0.75,cross_validated_vs_cfbd,source_variance
2020,401265699,37.25,37.5,0.25,cross_validated_vs_cfbd,verified
2020,401267165,74.75,75.0,0.25,cross_validated_vs_cfbd,verified
2020,401267166,49.25,48.5,0.75,cross_validated_vs_cfbd,source_variance
2020,401256001,59.0,58.5,0.5,cross_validated_vs_cfbd,verified
2020,401269384,47.25,47.0,0.25,cross_validated_vs_cfbd,verified
2020,401249043,57.25,58.5,1.25,cross_validated_vs_cfbd,source_variance
2020,401237074,74.25,74.0,0.25,cross_validated_vs_cfbd,verified
2020,401264085,45.0,44.0,1.0,cross_validated_vs_cfbd,source_variance
2020,401256150,60.75,62.5,1.75,cross_validated_vs_cfbd,source_conflict
2020,401256151,64.5,67.0,2.5,cross_validated_vs_cfbd,source_conflict
2020,401256152,51.5,52.0,0.5,cross_validated_vs_cfbd,verified
2020,401256194,68.5,65.0,3.5,cross_validated_vs_cfbd,source_conflict
2020,401256196,46.75,44.5,2.25,cross_validated_vs_cfbd,source_conflict
2020,401268773,64.25,65.5,1.25,cross_validated_vs_cfbd,source_variance
2020,401256108,51.5,53.0,1.5,cross_validated_vs_cfbd,source_conflict
2020,401240152,65.75,65.5,0.25,cross_validated_vs_cfbd,verified
2020,401240173,67.5,68.5,1.0,cross_validated_vs_cfbd,source_variance
2020,401256109,51.0,50.5,0.5,cross_validated_vs_cfbd,verified
2020,401256110,67.0,67.5,0.5,cross_validated_vs_cfbd,verified
2020,401256111,57.5,57.5,0.0,cross_validated_vs_cfbd,verified
2020,401256112,66.5,65.5,1.0,cross_validated_vs_cfbd,source_variance
2020,401262494,54.0,54.5,0.5,cross_validated_vs_cfbd,verified
2020,401257816,66.5,67.0,0.5,cross_validated_vs_cfbd,verified
2020,401259671,52.5,53.0,0.5,cross_validated_vs_cfbd,verified
2020,401237513,65.0,65.0,0.0,cross_validated_vs_cfbd,verified
2020,401240040,49.5,49.5,0.0,cross_validated_vs_cfbd,verified
2020,401238034,52.5,53.0,0.5,cross_validated_vs_cfbd,verified
2020,401240126,60.5,60.0,0.5,cross_validated_vs_cfbd,verified
2020,401237492,57.0,56.5,0.5,cross_validated_vs_cfbd,verified
2020,401215301,57.5,57.5,0.0,cross_validated_vs_cfbd,verified
2020,401240041,54.5,55.5,1.0,cross_validated_vs_cfbd,source_variance
2020,401232157,75.5,77.0,1.5,cross_validated_vs_cfbd,source_conflict
2020,401240114,46.5,46.5,0.0,cross_validated_vs_cfbd,verified
2020,401246425,56.0,57.0,1.0,cross_validated_vs_cfbd,source_variance
2020,401250783,55.5,55.5,0.0,cross_validated_vs_cfbd,verified
2020,401240174,75.0,75.5,0.5,cross_validated_vs_cfbd,verified
2020,401215311,58.5,58.0,0.5,cross_validated_vs_cfbd,verified
2020,401239885,47.5,48.0,0.5,cross_validated_vs_cfbd,verified
2020,401212485,63.5,65.5,2.0,cross_validated_vs_cfbd,source_conflict
2020,401207162,47.0,47.0,0.0,cross_validated_vs_cfbd,verified
2020,401207218,63.0,63.0,0.0,cross_validated_vs_cfbd,verified
2020,401256136,56.5,56.5,0.0,cross_validated_vs_cfbd,verified
2020,401256140,60.5,60.5,0.0,cross_validated_vs_cfbd,verified
2020,401256141,53.5,54.0,0.5,cross_validated_vs_cfbd,verified
2020,401256143,60.0,60.0,0.0,cross_validated_vs_cfbd,verified
2020,401256144,54.5,55.0,0.5,cross_validated_vs_cfbd,verified
2020,401256145,50.5,50.0,0.5,cross_validated_vs_cfbd,verified
2020,401249854,70.0,70.0,0.0,cross_validated_vs_cfbd,verified
2020,401249434,65.5,65.5,0.0,cross_validated_vs_cfbd,verified
2020,401269382,52.0,52.0,0.0,cross_validated_vs_cfbd,verified
2020,401240101,45.0,45.0,0.0,cross_validated_vs_cfbd,verified
2020,401247325,61.5,61.5,0.0,cross_validated_vs_cfbd,verified
2020,401256135,67.5,68.0,0.5,cross_validated_vs_cfbd,verified
2020,401248275,61.5,61.0,0.5,cross_validated_vs_cfbd,verified
2020,401256137,80.0,80.0,0.0,cross_validated_vs_cfbd,verified
2020,401256138,48.0,48.0,0.0,cross_validated_vs_cfbd,verified
2020,401256139,52.5,52.5,0.0,cross_validated_vs_cfbd,verified
2020,401256197,40.5,41.0,0.5,cross_validated_vs_cfbd,verified
2020,401240116,,47.5,,sbro_heuristic_only_unvalidated,single_source
2020,401279078,,56.0,,sbro_heuristic_only_unvalidated,single_source
2020,401302348,,57.0,,sbro_heuristic_only_unvalidated,single_source
2021,401282221,49.25,49.0,0.25,cross_validated_vs_cfbd,verified
2021,401310752,49.5,49.5,0.0,cross_validated_vs_cfbd,verified
2021,401309910,65.25,65.5,0.25,cross_validated_vs_cfbd,verified
2021,401310756,48.25,48.5,0.25,cross_validated_vs_cfbd,verified
2021,401310754,57.75,58.0,0.25,cross_validated_vs_cfbd,verified
2021,401309645,57.5,57.5,0.0,cross_validated_vs_cfbd,verified
2021,401309592,72.25,73.0,0.75,cross_validated_vs_cfbd,source_variance
2021,401309644,60.0,60.5,0.5,cross_validated_vs_cfbd,verified
2021,401309643,65.75,66.0,0.25,cross_validated_vs_cfbd,verified
2021,401309642,51.5,51.5,0.0,cross_validated_vs_cfbd,verified
2021,401309900,45.75,46.5,0.75,cross_validated_vs_cfbd,source_variance
2021,401309906,52.25,52.5,0.25,cross_validated_vs_cfbd,verified
2021,401282145,63.5,63.0,0.5,cross_validated_vs_cfbd,verified
2021,401309596,48.5,48.5,0.0,cross_validated_vs_cfbd,verified
2021,401309648,55.0,55.5,0.5,cross_validated_vs_cfbd,verified
2021,401309905,45.0,45.0,0.0,cross_validated_vs_cfbd,verified
2021,401282626,67.5,67.5,0.0,cross_validated_vs_cfbd,verified
2021,401282071,60.25,59.5,0.75,cross_validated_vs_cfbd,source_variance
2021,401282072,47.5,47.5,0.0,cross_validated_vs_cfbd,verified
2021,401282070,52.5,53.5,1.0,cross_validated_vs_cfbd,source_variance
2021,401282069,52.5,53.0,0.5,cross_validated_vs_cfbd,verified
2021,401309835,56.5,55.5,1.0,cross_validated_vs_cfbd,source_variance
2021,401310696,66.25,66.5,0.25,cross_validated_vs_cfbd,verified
2021,401310694,66.0,66.0,0.0,cross_validated_vs_cfbd,verified
2021,401310701,53.75,54.5,0.75,cross_validated_vs_cfbd,source_variance
2021,401309843,53.5,53.5,0.0,cross_validated_vs_cfbd,verified
2021,401309848,50.0,50.5,0.5,cross_validated_vs_cfbd,verified
2021,401309847,55.25,56.0,0.75,cross_validated_vs_cfbd,source_variance
2021,401309845,65.75,65.5,0.25,cross_validated_vs_cfbd,verified
2021,401310700,55.75,55.5,0.25,cross_validated_vs_cfbd,verified
2021,401309846,46.75,46.5,0.25,cross_validated_vs_cfbd,verified
2021,401310702,58.75,59.5,0.75,cross_validated_vs_cfbd,source_variance
2021,401287887,50.0,50.0,0.0,cross_validated_vs_cfbd,verified
2021,401309842,60.5,61.0,0.5,cross_validated_vs_cfbd,verified
2021,401287892,58.0,58.0,0.0,cross_validated_vs_cfbd,verified
2021,401282174,46.75,46.5,0.25,cross_validated_vs_cfbd,verified
2021,401309913,57.75,58.0,0.25,cross_validated_vs_cfbd,verified
2021,401309564,51.0,51.5,0.5,cross_validated_vs_cfbd,verified
2021,401309566,46.0,46.0,0.0,cross_validated_vs_cfbd,verified
2021,401309567,57.5,58.0,0.5,cross_validated_vs_cfbd,verified
2021,401310715,44.5,44.5,0.0,cross_validated_vs_cfbd,verified
2021,401309869,59.0,59.0,0.0,cross_validated_vs_cfbd,verified
2021,401309565,66.0,66.0,0.0,cross_validated_vs_cfbd,verified
2021,401309617,50.75,51.0,0.25,cross_validated_vs_cfbd,verified
2021,401309619,52.25,52.5,0.25,cross_validated_vs_cfbd,verified
2021,401310714,46.25,46.5,0.25,cross_validated_vs_cfbd,verified
2021,401309618,49.5,,,,single_source
2021,401309870,60.75,61.0,0.25,cross_validated_vs_cfbd,verified
2021,401310723,41.0,41.0,0.0,cross_validated_vs_cfbd,verified
2021,401309876,51.25,52.5,1.25,cross_validated_vs_cfbd,source_variance
2021,401309571,54.5,54.5,0.0,cross_validated_vs_cfbd,verified
2021,401309569,53.0,53.0,0.0,cross_validated_vs_cfbd,verified
2021,401309570,45.0,,,,single_source
2021,401309572,68.5,68.5,0.0,cross_validated_vs_cfbd,verified
2021,401309875,46.5,46.5,0.0,cross_validated_vs_cfbd,verified
2021,401310721,53.5,53.5,0.0,cross_validated_vs_cfbd,verified
2021,401310719,45.25,44.5,0.75,cross_validated_vs_cfbd,source_variance
2021,401310720,64.0,64.0,0.0,cross_validated_vs_cfbd,verified
2021,401309873,53.0,53.0,0.0,cross_validated_vs_cfbd,verified
2021,401309874,55.25,55.5,0.25,cross_validated_vs_cfbd,verified
2021,401310718,52.0,52.0,0.0,cross_validated_vs_cfbd,verified
2021,401310722,61.5,62.0,0.5,cross_validated_vs_cfbd,verified
2021,401309623,60.75,61.0,0.25,cross_validated_vs_cfbd,verified
2021,401301025,70.25,70.5,0.25,cross_validated_vs_cfbd,verified
2021,401309624,70.0,70.0,0.0,cross_validated_vs_cfbd,verified
2021,401309614,57.5,57.5,0.0,cross_validated_vs_cfbd,verified
2021,401309612,54.25,54.5,0.25,cross_validated_vs_cfbd,verified
2021,401309613,66.0,66.0,0.0,cross_validated_vs_cfbd,verified
2021,401309871,52.75,53.0,0.25,cross_validated_vs_cfbd,verified
2021,401282770,57.5,58.5,1.0,cross_validated_vs_cfbd,source_variance
2021,401282262,57.5,57.0,0.5,cross_validated_vs_cfbd,verified
2021,401282721,38.25,38.5,0.25,cross_validated_vs_cfbd,verified
2021,401282698,66.25,,,,single_source
2021,401282695,49.5,49.5,0.0,cross_validated_vs_cfbd,verified
2021,401282267,53.5,54.0,0.5,cross_validated_vs_cfbd,verified
2021,401282264,47.5,47.5,0.0,cross_validated_vs_cfbd,verified
2021,401282786,70.5,70.5,0.0,cross_validated_vs_cfbd,verified
2021,401282697,57.75,57.5,0.25,cross_validated_vs_cfbd,verified
2021,401282693,57.0,57.0,0.0,cross_validated_vs_cfbd,verified
2021,401282803,43.5,43.5,0.0,cross_validated_vs_cfbd,verified
2021,401282144,50.25,50.5,0.25,cross_validated_vs_cfbd,verified
2021,401282263,64.0,64.0,0.0,cross_validated_vs_cfbd,verified
2021,401282692,55.5,55.5,0.0,cross_validated_vs_cfbd,verified
2021,401281946,51.5,51.5,0.0,cross_validated_vs_cfbd,verified
2021,401300998,66.0,66.0,0.0,cross_validated_vs_cfbd,verified
2021,401309543,56.0,55.5,0.5,cross_validated_vs_cfbd,verified
2021,401281945,52.0,51.5,0.5,cross_validated_vs_cfbd,verified
2021,401281947,54.0,54.0,0.0,cross_validated_vs_cfbd,verified
2021,401282609,56.25,56.0,0.25,cross_validated_vs_cfbd,verified
2021,401282772,65.5,65.5,0.0,cross_validated_vs_cfbd,verified
2021,401310861,49.5,49.5,0.0,cross_validated_vs_cfbd,verified
2021,401310697,45.0,45.0,0.0,cross_validated_vs_cfbd,verified
2021,401282611,55.5,55.5,0.0,cross_validated_vs_cfbd,verified
2021,401282819,68.25,68.0,0.25,cross_validated_vs_cfbd,verified
2021,401287886,63.5,63.0,0.5,cross_validated_vs_cfbd,verified
2021,401287893,52.75,52.0,0.75,cross_validated_vs_cfbd,source_variance
2021,401300997,68.75,68.0,0.75,cross_validated_vs_cfbd,source_variance
2021,401309598,64.25,64.0,0.25,cross_validated_vs_cfbd,verified
2021,401309602,54.5,55.5,1.0,cross_validated_vs_cfbd,source_variance
2021,401282175,66.0,65.5,0.5,cross_validated_vs_cfbd,verified
2021,401282179,51.75,52.0,0.25,cross_validated_vs_cfbd,verified
2021,401309837,52.5,52.5,0.0,cross_validated_vs_cfbd,verified
2021,401282614,53.75,53.5,0.25,cross_validated_vs_cfbd,verified
2021,401282055,74.25,,,,single_source
2021,401301022,55.5,55.0,0.5,cross_validated_vs_cfbd,verified
2021,401309621,49.5,49.0,0.5,cross_validated_vs_cfbd,verified
2021,401282657,43.75,44.0,0.25,cross_validated_vs_cfbd,verified
2021,401301023,56.0,56.0,0.0,cross_validated_vs_cfbd,verified
2021,401287923,64.25,64.5,0.25,cross_validated_vs_cfbd,verified
2021,401287924,61.25,61.0,0.25,cross_validated_vs_cfbd,verified
2021,401287920,52.25,52.5,0.25,cross_validated_vs_cfbd,verified
2021,401286192,46.5,46.5,0.0,cross_validated_vs_cfbd,verified
2021,401301024,55.75,56.0,0.25,cross_validated_vs_cfbd,verified
2021,401309568,55.0,54.5,0.5,cross_validated_vs_cfbd,verified
2021,401308837,51.0,51.0,0.0,cross_validated_vs_cfbd,verified
2021,401287921,68.5,67.5,1.0,cross_validated_vs_cfbd,source_variance
2021,401286296,57.0,,,,single_source
2021,401282113,76.75,,,,single_source
2021,401282236,77.25,78.0,0.75,cross_validated_vs_cfbd,source_variance
2021,401282709,59.25,59.5,0.25,cross_validated_vs_cfbd,verified
2021,401282662,54.0,53.5,0.5,cross_validated_vs_cfbd,verified
2021,401282114,45.75,46.0,0.25,cross_validated_vs_cfbd,verified
2021,401282665,54.0,54.5,0.5,cross_validated_vs_cfbd,verified
2021,401282666,47.0,,,,single_source
2021,401282237,59.75,59.5,0.25,cross_validated_vs_cfbd,verified
2021,401282821,41.0,41.0,0.0,cross_validated_vs_cfbd,verified
2021,401282112,59.5,59.0,0.5,cross_validated_vs_cfbd,verified
2021,401282663,59.0,59.0,0.0,cross_validated_vs_cfbd,verified
2021,401282668,45.5,45.5,0.0,cross_validated_vs_cfbd,verified
2021,401282238,44.5,44.5,0.0,cross_validated_vs_cfbd,verified
2021,401282767,52.75,53.0,0.25,cross_validated_vs_cfbd,verified
2021,401310699,50.5,50.5,0.0,cross_validated_vs_cfbd,verified
2021,401309840,66.5,66.5,0.0,cross_validated_vs_cfbd,verified
2021,401282235,58.0,58.0,0.0,cross_validated_vs_cfbd,verified
2021,401282239,54.0,54.0,0.0,cross_validated_vs_cfbd,verified
2021,401301026,64.5,63.5,1.0,cross_validated_vs_cfbd,source_variance
2021,401282186,54.5,55.0,0.5,cross_validated_vs_cfbd,verified
2021,401282193,52.0,52.0,0.0,cross_validated_vs_cfbd,verified
2021,401282183,48.25,48.5,0.25,cross_validated_vs_cfbd,verified
2021,401282192,65.0,64.5,0.5,cross_validated_vs_cfbd,verified
2021,401282185,52.25,53.5,1.25,cross_validated_vs_cfbd,source_variance
2021,401282189,50.75,50.5,0.25,cross_validated_vs_cfbd,verified
2021,401282184,70.5,70.5,0.0,cross_validated_vs_cfbd,verified
2021,401282187,73.75,76.0,2.25,cross_validated_vs_cfbd,source_conflict
2021,401282188,55.0,55.0,0.0,cross_validated_vs_cfbd,verified
2021,401282190,47.5,47.5,0.0,cross_validated_vs_cfbd,verified
2021,401301021,56.25,57.0,0.75,cross_validated_vs_cfbd,source_variance
2021,401310716,42.5,42.5,0.0,cross_validated_vs_cfbd,verified
2021,401308836,58.5,58.5,0.0,cross_validated_vs_cfbd,verified
2021,401309852,61.5,61.0,0.5,cross_validated_vs_cfbd,verified
2021,401309553,58.75,59.0,0.25,cross_validated_vs_cfbd,verified
2021,401309605,58.5,58.5,0.0,cross_validated_vs_cfbd,verified
2021,401309609,68.0,70.0,2.0,cross_validated_vs_cfbd,source_conflict
2021,401309607,52.25,,,,single_source
2021,401309608,44.25,44.5,0.25,cross_validated_vs_cfbd,verified
2021,401309853,53.5,53.0,0.5,cross_validated_vs_cfbd,verified
2021,401309850,54.0,54.5,0.5,cross_validated_vs_cfbd,verified
2021,401309604,52.25,52.5,0.25,cross_validated_vs_cfbd,verified
2021,401309849,49.0,49.0,0.0,cross_validated_vs_cfbd,verified
2021,401309606,56.5,57.0,0.5,cross_validated_vs_cfbd,verified
2021,401309854,50.5,50.5,0.0,cross_validated_vs_cfbd,verified
2021,401282078,53.0,53.0,0.0,cross_validated_vs_cfbd,verified
2021,401282079,49.5,49.5,0.0,cross_validated_vs_cfbd,verified
2021,401282194,59.5,60.0,0.5,cross_validated_vs_cfbd,verified
2021,401282195,58.0,58.5,0.5,cross_validated_vs_cfbd,verified
2021,401282080,48.75,49.0,0.25,cross_validated_vs_cfbd,verified
2021,401282204,55.75,55.5,0.25,cross_validated_vs_cfbd,verified
2021,401282088,54.25,54.5,0.25,cross_validated_vs_cfbd,verified
2021,401282206,55.5,55.5,0.0,cross_validated_vs_cfbd,verified
2021,401282205,65.25,65.0,0.25,cross_validated_vs_cfbd,verified
2021,401282207,54.0,54.0,0.0,cross_validated_vs_cfbd,verified
2021,401286305,56.0,56.0,0.0,cross_validated_vs_cfbd,verified
2021,401282209,50.5,50.5,0.0,cross_validated_vs_cfbd,verified
2021,401310711,59.0,59.0,0.0,cross_validated_vs_cfbd,verified
2021,401310712,64.25,64.5,0.25,cross_validated_vs_cfbd,verified
2021,401308835,56.0,56.5,0.5,cross_validated_vs_cfbd,verified
2021,401282813,58.0,58.0,0.0,cross_validated_vs_cfbd,verified
2021,401282224,60.75,61.0,0.25,cross_validated_vs_cfbd,verified
2021,401309864,57.5,57.5,0.0,cross_validated_vs_cfbd,verified
2021,401287913,53.0,53.0,0.0,cross_validated_vs_cfbd,verified
2021,401287914,47.0,47.0,0.0,cross_validated_vs_cfbd,verified
2021,401309866,56.0,56.0,0.0,cross_validated_vs_cfbd,verified
2021,401286302,56.5,56.5,0.0,cross_validated_vs_cfbd,verified
2021,401287915,65.5,65.5,0.0,cross_validated_vs_cfbd,verified
2021,401301015,58.5,58.5,0.0,cross_validated_vs_cfbd,verified
2021,401309560,55.0,55.0,0.0,cross_validated_vs_cfbd,verified
2021,401309561,59.5,59.5,0.0,cross_validated_vs_cfbd,verified
2021,401309867,51.0,51.0,0.0,cross_validated_vs_cfbd,verified
2021,401309558,62.0,,,,single_source
2021,401287916,55.25,55.0,0.25,cross_validated_vs_cfbd,verified
2021,401301013,52.5,52.5,0.0,cross_validated_vs_cfbd,verified
2021,401301014,64.5,64.5,0.0,cross_validated_vs_cfbd,verified
2021,401309562,56.0,56.0,0.0,cross_validated_vs_cfbd,verified
2021,401301016,68.5,68.5,0.0,cross_validated_vs_cfbd,verified
2021,401309559,47.5,47.5,0.0,cross_validated_vs_cfbd,verified
2021,401309863,52.5,52.5,0.0,cross_validated_vs_cfbd,verified
2021,401310710,45.5,46.0,0.5,cross_validated_vs_cfbd,verified
2021,401287912,57.0,57.0,0.0,cross_validated_vs_cfbd,verified
2021,401282800,51.5,51.5,0.0,cross_validated_vs_cfbd,verified
2021,401309615,52.75,52.5,0.25,cross_validated_vs_cfbd,verified
2021,401309865,57.5,57.5,0.0,cross_validated_vs_cfbd,verified
2021,401310713,51.5,51.5,0.0,cross_validated_vs_cfbd,verified
2021,401309616,74.5,74.5,0.0,cross_validated_vs_cfbd,verified
2021,401301017,60.0,60.0,0.0,cross_validated_vs_cfbd,verified
2021,401301018,52.75,52.5,0.25,cross_validated_vs_cfbd,verified
2021,401309868,53.5,53.0,0.5,cross_validated_vs_cfbd,verified
2021,401282103,51.0,50.5,0.5,cross_validated_vs_cfbd,verified
2021,401282097,45.75,46.0,0.25,cross_validated_vs_cfbd,verified
2021,401282100,66.5,,,,single_source
2021,401282656,47.0,47.0,0.0,cross_validated_vs_cfbd,verified
2021,401282099,50.5,50.5,0.0,cross_validated_vs_cfbd,verified
2021,401282655,58.5,59.0,0.5,cross_validated_vs_cfbd,verified
2021,401282098,60.0,60.0,0.0,cross_validated_vs_cfbd,verified
2021,401309549,53.0,53.0,0.0,cross_validated_vs_cfbd,verified
2021,401309856,43.0,42.5,0.5,cross_validated_vs_cfbd,verified
2021,401310704,54.25,53.5,0.75,cross_validated_vs_cfbd,source_variance
2021,401309550,49.75,49.5,0.25,cross_validated_vs_cfbd,verified
2021,401309551,44.75,44.5,0.25,cross_validated_vs_cfbd,verified
2021,401319455,54.5,54.0,0.5,cross_validated_vs_cfbd,verified
2021,401282208,59.5,59.0,0.5,cross_validated_vs_cfbd,verified
2021,401282638,70.5,3.5,67.0,sbro_heuristic_only_unvalidated,single_source
2021,401282081,58.25,58.0,0.25,cross_validated_vs_cfbd,verified
2021,401287908,56.25,56.5,0.25,cross_validated_vs_cfbd,verified
2021,401282082,47.0,47.0,0.0,cross_validated_vs_cfbd,verified
2021,401282084,64.75,65.0,0.25,cross_validated_vs_cfbd,verified
2021,401287907,46.25,46.0,0.25,cross_validated_vs_cfbd,verified
2021,401282083,57.25,57.5,0.25,cross_validated_vs_cfbd,verified
2021,401282085,55.0,55.0,0.0,cross_validated_vs_cfbd,verified
2021,401282086,58.0,58.5,0.5,cross_validated_vs_cfbd,verified
2021,401282087,48.75,49.0,0.25,cross_validated_vs_cfbd,verified
2021,401310705,62.5,63.0,0.5,cross_validated_vs_cfbd,verified
2021,401282637,54.0,54.0,0.0,cross_validated_vs_cfbd,verified
2021,401287925,47.0,47.0,0.0,cross_validated_vs_cfbd,verified
2021,401309641,48.0,48.0,0.0,cross_validated_vs_cfbd,verified
2021,401282139,65.25,,,,single_source
2021,401282140,56.25,56.5,0.25,cross_validated_vs_cfbd,verified
2021,401282141,69.0,69.0,0.0,cross_validated_vs_cfbd,verified
2021,401282142,45.25,45.5,0.25,cross_validated_vs_cfbd,verified
2021,401282138,57.5,57.5,0.0,cross_validated_vs_cfbd,verified
2021,401282761,41.0,41.0,0.0,cross_validated_vs_cfbd,verified
2021,401309595,63.5,64.5,1.0,cross_validated_vs_cfbd,source_variance
2021,401301050,62.0,62.5,0.5,cross_validated_vs_cfbd,verified
2021,401282269,46.0,45.5,0.5,cross_validated_vs_cfbd,verified
2021,401282272,75.0,75.0,0.0,cross_validated_vs_cfbd,verified
2021,401282270,49.75,49.5,0.25,cross_validated_vs_cfbd,verified
2021,401287926,66.5,66.5,0.0,cross_validated_vs_cfbd,verified
2021,401282271,52.75,52.5,0.25,cross_validated_vs_cfbd,verified
2021,401310707,58.75,59.0,0.25,cross_validated_vs_cfbd,verified
2021,401310709,41.0,41.0,0.0,cross_validated_vs_cfbd,verified
2021,401310708,63.0,63.0,0.0,cross_validated_vs_cfbd,verified
2021,401282646,63.75,63.5,0.25,cross_validated_vs_cfbd,verified
2021,401309912,65.75,65.5,0.25,cross_validated_vs_cfbd,verified
2021,401301012,54.0,54.0,0.0,cross_validated_vs_cfbd,verified
2021,401282089,79.25,79.5,0.25,cross_validated_vs_cfbd,verified
2021,401282090,48.5,48.0,0.5,cross_validated_vs_cfbd,verified
2021,401282091,56.5,56.5,0.0,cross_validated_vs_cfbd,verified
2021,401282095,45.5,45.5,0.0,cross_validated_vs_cfbd,verified
2021,401282092,56.0,57.0,1.0,cross_validated_vs_cfbd,source_variance
2021,401282093,66.25,66.5,0.25,cross_validated_vs_cfbd,verified
2021,401282094,43.5,43.5,0.0,cross_validated_vs_cfbd,verified
2021,401282096,51.25,51.5,0.25,cross_validated_vs_cfbd,verified
2021,401308834,48.75,48.5,0.25,cross_validated_vs_cfbd,verified
2021,401287906,52.5,53.0,0.5,cross_validated_vs_cfbd,verified
2021,401287905,51.25,51.0,0.25,cross_validated_vs_cfbd,verified
2021,401286300,56.5,56.5,0.0,cross_validated_vs_cfbd,verified
2021,401287904,48.75,48.5,0.25,cross_validated_vs_cfbd,verified
2021,401287903,57.5,58.0,0.5,cross_validated_vs_cfbd,verified
2021,401308843,55.5,55.5,0.0,cross_validated_vs_cfbd,verified
2021,401301005,51.5,51.5,0.0,cross_validated_vs_cfbd,verified
2021,401301006,49.75,50.0,0.25,cross_validated_vs_cfbd,verified
2021,401309554,61.75,62.0,0.25,cross_validated_vs_cfbd,verified
2021,401309555,56.5,56.5,0.0,cross_validated_vs_cfbd,verified
2021,401309557,62.25,62.5,0.25,cross_validated_vs_cfbd,verified
2021,401309556,62.0,,,,single_source
2021,401301011,64.5,65.0,0.5,cross_validated_vs_cfbd,verified
2021,401309610,54.25,54.5,0.25,cross_validated_vs_cfbd,verified
2021,401310733,44.5,44.0,0.5,cross_validated_vs_cfbd,verified
2021,401310732,40.5,40.5,0.0,cross_validated_vs_cfbd,verified
2021,401282633,41.0,41.0,0.0,cross_validated_vs_cfbd,verified
2021,401282823,45.0,45.0,0.0,cross_validated_vs_cfbd,verified
2021,401282630,45.0,45.0,0.0,cross_validated_vs_cfbd,verified
2021,401282715,61.5,61.5,0.0,cross_validated_vs_cfbd,verified
2021,401282798,62.75,62.5,0.25,cross_validated_vs_cfbd,verified
2021,401282755,55.5,55.5,0.0,cross_validated_vs_cfbd,verified
2021,401282627,52.5,52.5,0.0,cross_validated_vs_cfbd,verified
2021,401282725,49.75,50.0,0.25,cross_validated_vs_cfbd,verified
2021,401282810,60.5,60.5,0.0,cross_validated_vs_cfbd,verified
2021,401282706,58.5,58.0,0.5,cross_validated_vs_cfbd,verified
2021,401282636,49.5,49.5,0.0,cross_validated_vs_cfbd,verified
2021,401282631,66.5,66.5,0.0,cross_validated_vs_cfbd,verified
2021,401282629,57.75,57.5,0.25,cross_validated_vs_cfbd,verified
2021,401282774,54.75,55.0,0.25,cross_validated_vs_cfbd,verified
2021,401282632,58.5,,,,single_source
2021,401282634,55.5,55.5,0.0,cross_validated_vs_cfbd,verified
2021,401282791,48.5,49.0,0.5,cross_validated_vs_cfbd,verified
2021,401282199,65.5,65.0,0.5,cross_validated_vs_cfbd,verified
2021,401282635,62.5,63.0,0.5,cross_validated_vs_cfbd,verified
2021,401282628,49.75,50.0,0.25,cross_validated_vs_cfbd,verified
2021,401282200,58.5,58.0,0.5,cross_validated_vs_cfbd,verified
2021,401282201,52.75,53.5,0.75,cross_validated_vs_cfbd,source_variance
2021,401282203,49.75,49.5,0.25,cross_validated_vs_cfbd,verified
2021,401309547,44.25,,,,single_source
2021,401309753,49.0,48.0,1.0,cross_validated_vs_cfbd,source_variance
2021,401309548,53.5,53.5,0.0,cross_validated_vs_cfbd,verified
2021,401301004,39.75,40.0,0.25,cross_validated_vs_cfbd,verified
2021,401309546,47.75,48.0,0.25,cross_validated_vs_cfbd,verified
2021,401309544,56.5,56.5,0.0,cross_validated_vs_cfbd,verified
2021,401309545,72.75,72.0,0.75,cross_validated_vs_cfbd,source_variance
2021,401309603,65.0,64.5,0.5,cross_validated_vs_cfbd,verified
2021,401282202,51.5,51.5,0.0,cross_validated_vs_cfbd,verified
2021,401287896,52.5,52.0,0.5,cross_validated_vs_cfbd,verified
2021,401282616,55.75,56.0,0.25,cross_validated_vs_cfbd,verified
2021,401282759,47.5,47.5,0.0,cross_validated_vs_cfbd,verified
2021,401282729,53.75,54.0,0.25,cross_validated_vs_cfbd,verified
2021,401282708,50.25,50.5,0.25,cross_validated_vs_cfbd,verified
2021,401282776,43.5,43.5,0.0,cross_validated_vs_cfbd,verified
2021,401282651,64.25,64.5,0.25,cross_validated_vs_cfbd,verified
2021,401282793,46.25,46.5,0.25,cross_validated_vs_cfbd,verified
2021,401282758,41.0,41.0,0.0,cross_validated_vs_cfbd,verified
2021,401282769,71.5,71.5,0.0,cross_validated_vs_cfbd,verified
2021,401282778,49.75,50.0,0.25,cross_validated_vs_cfbd,verified
2021,401282788,49.75,50.0,0.25,cross_validated_vs_cfbd,verified
2021,401287917,45.0,3.5,41.5,sbro_heuristic_only_unvalidated,single_source
2021,401282718,42.0,42.0,0.0,cross_validated_vs_cfbd,verified
2021,401286191,57.0,57.0,0.0,cross_validated_vs_cfbd,verified
2021,401301010,55.0,54.5,0.5,cross_validated_vs_cfbd,verified
2021,401282060,44.0,44.0,0.0,cross_validated_vs_cfbd,verified
2021,401282620,54.5,55.0,0.5,cross_validated_vs_cfbd,verified
2021,401282066,56.0,56.0,0.0,cross_validated_vs_cfbd,verified
2021,401282181,58.0,58.0,0.0,cross_validated_vs_cfbd,verified
2021,401282064,55.5,55.5,0.0,cross_validated_vs_cfbd,verified
2021,401282061,56.75,56.5,0.25,cross_validated_vs_cfbd,verified
2021,401282062,66.0,66.0,0.0,cross_validated_vs_cfbd,verified
2021,401282617,56.5,57.0,0.5,cross_validated_vs_cfbd,verified
2021,401282251,66.75,66.5,0.25,cross_validated_vs_cfbd,verified
2021,401310746,45.0,45.0,0.0,cross_validated_vs_cfbd,verified
2021,401301051,56.5,56.5,0.0,cross_validated_vs_cfbd,verified
2021,401287952,54.5,55.0,0.5,cross_validated_vs_cfbd,verified
2021,401301052,54.5,55.0,0.5,cross_validated_vs_cfbd,verified
2021,401301053,58.0,58.0,0.0,cross_validated_vs_cfbd,verified
2021,401282068,51.75,52.5,0.75,cross_validated_vs_cfbd,source_variance
2021,401282809,65.0,64.5,0.5,cross_validated_vs_cfbd,verified
2021,401287898,65.5,66.0,0.5,cross_validated_vs_cfbd,verified
2021,401301002,51.5,51.5,0.0,cross_validated_vs_cfbd,verified
2021,401282705,55.75,55.5,0.25,cross_validated_vs_cfbd,verified
2021,401282754,45.5,45.0,0.5,cross_validated_vs_cfbd,verified
2021,401282816,58.0,58.5,0.5,cross_validated_vs_cfbd,verified
2021,401282825,52.0,52.0,0.0,cross_validated_vs_cfbd,verified
2021,401282624,56.75,57.0,0.25,cross_validated_vs_cfbd,verified
2021,401282625,58.25,58.0,0.25,cross_validated_vs_cfbd,verified
2021,401282783,52.0,52.0,0.0,cross_validated_vs_cfbd,verified
2021,401282790,55.0,55.0,0.0,cross_validated_vs_cfbd,verified
2021,401282804,46.0,46.0,0.0,cross_validated_vs_cfbd,verified
2021,401287899,51.0,51.0,0.0,cross_validated_vs_cfbd,verified
2021,401301000,58.0,58.0,0.0,cross_validated_vs_cfbd,verified
2021,401282820,57.25,56.5,0.75,cross_validated_vs_cfbd,source_variance
2021,401282623,57.0,57.0,0.0,cross_validated_vs_cfbd,verified
2021,401282797,54.5,54.5,0.0,cross_validated_vs_cfbd,verified
2021,401287900,46.75,46.5,0.25,cross_validated_vs_cfbd,verified
2021,401300999,52.0,52.0,0.0,cross_validated_vs_cfbd,verified
2021,401287902,56.0,56.0,0.0,cross_validated_vs_cfbd,verified
2021,401301001,67.0,67.0,0.0,cross_validated_vs_cfbd,verified
2021,401286295,62.25,63.5,1.25,cross_validated_vs_cfbd,source_variance
2021,401287895,53.0,53.5,0.5,cross_validated_vs_cfbd,verified
2021,401287897,55.0,55.0,0.0,cross_validated_vs_cfbd,verified
2021,401282063,69.5,,,,single_source
2021,401282621,65.5,65.0,0.5,cross_validated_vs_cfbd,verified
2021,401282622,51.0,50.5,0.5,cross_validated_vs_cfbd,verified
2021,401309914,55.0,55.0,0.0,cross_validated_vs_cfbd,verified
2021,401310735,61.0,61.5,0.5,cross_validated_vs_cfbd,verified
2021,401310739,45.25,45.5,0.25,cross_validated_vs_cfbd,verified
2021,401310736,41.25,41.0,0.25,cross_validated_vs_cfbd,verified
2021,401310738,72.25,72.0,0.25,cross_validated_vs_cfbd,verified
2021,401310737,45.0,45.0,0.0,cross_validated_vs_cfbd,verified
2021,401310740,55.5,55.5,0.0,cross_validated_vs_cfbd,verified
2021,401308840,58.0,58.0,0.0,cross_validated_vs_cfbd,verified
2021,401309584,62.0,62.0,0.0,cross_validated_vs_cfbd,verified
2021,401309583,62.0,61.5,0.5,cross_validated_vs_cfbd,verified
2021,401309585,50.25,50.0,0.25,cross_validated_vs_cfbd,verified
2021,401309586,76.5,76.5,0.0,cross_validated_vs_cfbd,verified
2021,401282067,50.0,50.5,0.5,cross_validated_vs_cfbd,verified
2021,401282619,62.5,62.5,0.0,cross_validated_vs_cfbd,verified
2021,401282182,55.25,55.5,0.25,cross_validated_vs_cfbd,verified
2021,401286189,47.75,48.0,0.25,cross_validated_vs_cfbd,verified
2021,401282065,56.5,56.5,0.0,cross_validated_vs_cfbd,verified
2021,401282133,55.75,56.0,0.25,cross_validated_vs_cfbd,verified
2021,401282131,57.25,,,,single_source
2021,401282128,51.0,51.0,0.0,cross_validated_vs_cfbd,verified
2021,401282130,59.25,59.5,0.25,cross_validated_vs_cfbd,verified
2021,401282129,68.75,68.5,0.25,cross_validated_vs_cfbd,verified
2021,401282254,58.0,58.5,0.5,cross_validated_vs_cfbd,verified
2021,401282255,55.0,55.0,0.0,cross_validated_vs_cfbd,verified
2021,401282132,55.0,57.0,2.0,cross_validated_vs_cfbd,source_conflict
2021,401282134,52.75,52.5,0.25,cross_validated_vs_cfbd,verified
2021,401282274,50.25,49.5,0.75,cross_validated_vs_cfbd,source_variance
2021,401301054,42.5,42.5,0.0,cross_validated_vs_cfbd,verified
2021,401301055,62.25,63.5,1.25,cross_validated_vs_cfbd,source_variance
2021,401309859,58.5,59.0,0.5,cross_validated_vs_cfbd,verified
2021,401309858,60.0,60.5,0.5,cross_validated_vs_cfbd,verified
2021,401310706,69.75,69.5,0.25,cross_validated_vs_cfbd,verified
2021,401309861,53.25,53.0,0.25,cross_validated_vs_cfbd,verified
2021,401309611,49.5,,,,single_source
2021,401309857,47.5,47.5,0.0,cross_validated_vs_cfbd,verified
2021,401309860,62.75,63.5,0.75,cross_validated_vs_cfbd,source_variance
2021,401309862,45.75,45.5,0.25,cross_validated_vs_cfbd,verified
2021,401282649,57.75,57.5,0.25,cross_validated_vs_cfbd,verified
2021,401282650,74.0,73.5,0.5,cross_validated_vs_cfbd,verified
2021,401309896,54.5,54.5,0.0,cross_validated_vs_cfbd,verified
2021,401310254,58.5,58.5,0.0,cross_validated_vs_cfbd,verified
2021,401309897,45.5,45.5,0.0,cross_validated_vs_cfbd,verified
2021,401310741,45.0,45.0,0.0,cross_validated_vs_cfbd,verified
2021,401310743,51.0,51.0,0.0,cross_validated_vs_cfbd,verified
2021,401309898,57.25,57.5,0.25,cross_validated_vs_cfbd,verified
2021,401310742,48.5,48.5,0.0,cross_validated_vs_cfbd,verified
2021,401282152,42.75,42.5,0.25,cross_validated_vs_cfbd,verified
2021,401282268,55.75,56.0,0.25,cross_validated_vs_cfbd,verified
2021,401309855,64.25,65.0,0.75,cross_validated_vs_cfbd,source_variance
2021,401282817,53.0,53.0,0.0,cross_validated_vs_cfbd,verified
2021,401301046,65.25,65.5,0.25,cross_validated_vs_cfbd,verified
2021,401287947,56.5,56.0,0.5,cross_validated_vs_cfbd,verified
2021,401301048,59.75,60.0,0.25,cross_validated_vs_cfbd,verified
2021,401301047,46.5,46.0,0.5,cross_validated_vs_cfbd,verified
2021,401301049,50.75,50.5,0.25,cross_validated_vs_cfbd,verified
2021,401287946,55.0,55.0,0.0,cross_validated_vs_cfbd,verified
2021,401287944,59.0,59.0,0.0,cross_validated_vs_cfbd,verified
2021,401287945,64.5,64.0,0.5,cross_validated_vs_cfbd,verified
2021,401309647,62.25,62.5,0.25,cross_validated_vs_cfbd,verified
2021,401309646,55.25,55.5,0.25,cross_validated_vs_cfbd,verified
2021,401309890,48.0,48.0,0.0,cross_validated_vs_cfbd,verified
2021,401309889,48.0,47.0,1.0,cross_validated_vs_cfbd,source_variance
2021,401309891,55.25,55.5,0.25,cross_validated_vs_cfbd,verified
2021,401282127,67.0,67.0,0.0,cross_validated_vs_cfbd,verified
2021,401309597,57.5,57.5,0.0,cross_validated_vs_cfbd,verified
2021,401301040,58.75,59.0,0.25,cross_validated_vs_cfbd,verified
2021,401309622,48.5,48.5,0.0,cross_validated_vs_cfbd,verified
2021,401282250,49.0,49.5,0.5,cross_validated_vs_cfbd,verified
2021,401301039,71.25,72.5,1.25,cross_validated_vs_cfbd,source_variance
2021,401309633,68.0,68.0,0.0,cross_validated_vs_cfbd,verified
2021,401309635,57.75,57.5,0.25,cross_validated_vs_cfbd,verified
2021,401309636,47.75,48.0,0.25,cross_validated_vs_cfbd,verified
2021,401282249,57.5,58.0,0.5,cross_validated_vs_cfbd,verified
2021,401309634,56.25,56.5,0.25,cross_validated_vs_cfbd,verified
2021,401301038,52.5,53.0,0.5,cross_validated_vs_cfbd,verified
2021,401309882,56.0,56.5,0.5,cross_validated_vs_cfbd,verified
2021,401301037,56.0,56.5,0.5,cross_validated_vs_cfbd,verified
2021,401287937,49.0,48.5,0.5,cross_validated_vs_cfbd,verified
2021,401287936,57.5,57.0,0.5,cross_validated_vs_cfbd,verified
2021,401287935,55.75,56.0,0.25,cross_validated_vs_cfbd,verified
2021,401282768,56.25,56.5,0.25,cross_validated_vs_cfbd,verified
2021,401286303,55.25,55.5,0.25,cross_validated_vs_cfbd,verified
2021,401301036,57.75,57.0,0.75,cross_validated_vs_cfbd,source_variance
2021,401287934,59.5,59.5,0.0,cross_validated_vs_cfbd,verified
2021,401282728,42.75,42.5,0.25,cross_validated_vs_cfbd,verified
2021,401287943,50.0,49.5,0.5,cross_validated_vs_cfbd,verified
2021,401282151,65.0,65.0,0.0,cross_validated_vs_cfbd,verified
2021,401308842,67.0,68.0,1.0,cross_validated_vs_cfbd,source_variance
2021,401331170,68.25,68.5,0.25,cross_validated_vs_cfbd,verified
2021,401331172,55.0,55.0,0.0,cross_validated_vs_cfbd,verified
2021,401331214,48.0,48.5,0.5,cross_validated_vs_cfbd,verified
2021,401331213,60.75,60.5,0.25,cross_validated_vs_cfbd,verified
2021,401331215,54.0,54.0,0.0,cross_validated_vs_cfbd,verified
2021,401391158,56.5,57.0,0.5,cross_validated_vs_cfbd,verified
2021,401331216,56.0,56.0,0.0,cross_validated_vs_cfbd,verified
2021,401331219,56.5,57.5,1.0,cross_validated_vs_cfbd,source_variance
2021,401331221,50.5,49.5,1.0,cross_validated_vs_cfbd,source_variance
2021,401331222,55.0,54.5,0.5,cross_validated_vs_cfbd,verified
2021,401331223,58.25,58.0,0.25,cross_validated_vs_cfbd,verified
2021,401331224,44.75,45.0,0.25,cross_validated_vs_cfbd,verified
2021,401331228,64.0,64.0,0.0,cross_validated_vs_cfbd,verified
2021,401331227,44.5,45.0,0.5,cross_validated_vs_cfbd,verified
2021,401331226,55.25,55.5,0.25,cross_validated_vs_cfbd,verified
2021,401331231,55.0,55.0,0.0,cross_validated_vs_cfbd,verified
2021,401331229,57.5,57.5,0.0,cross_validated_vs_cfbd,verified
2021,401331230,66.75,67.0,0.25,cross_validated_vs_cfbd,verified
2021,401331232,42.5,42.5,0.0,cross_validated_vs_cfbd,verified
2021,401331235,57.5,57.0,0.5,cross_validated_vs_cfbd,verified
2021,401331234,46.5,46.0,0.5,cross_validated_vs_cfbd,verified
2021,401331233,62.75,63.0,0.25,cross_validated_vs_cfbd,verified
2021,401331654,56.0,56.0,0.0,cross_validated_vs_cfbd,verified
2021,401331238,45.25,45.0,0.25,cross_validated_vs_cfbd,verified
2021,401331239,64.5,64.5,0.0,cross_validated_vs_cfbd,verified
2021,401331240,60.25,,,,single_source
2021,401331237,43.5,44.0,0.5,cross_validated_vs_cfbd,verified
2021,401331236,51.0,51.0,0.0,cross_validated_vs_cfbd,verified
2021,401282057,57.0,57.5,0.5,cross_validated_vs_cfbd,verified
2021,401282058,60.5,60.5,0.0,cross_validated_vs_cfbd,verified
2021,401282789,61.75,62.0,0.25,cross_validated_vs_cfbd,verified
2021,401328545,54.5,54.5,0.0,cross_validated_vs_cfbd,verified
2021,401309540,58.5,58.5,0.0,cross_validated_vs_cfbd,verified
2021,401282607,58.0,58.0,0.0,cross_validated_vs_cfbd,verified
2021,401300993,55.75,56.0,0.25,cross_validated_vs_cfbd,verified
2021,401300994,54.5,54.5,0.0,cross_validated_vs_cfbd,verified
2021,401281952,60.5,60.5,0.0,cross_validated_vs_cfbd,verified
2021,401282180,58.5,58.5,0.0,cross_validated_vs_cfbd,verified
2021,401282822,52.0,52.0,0.0,cross_validated_vs_cfbd,verified
2021,401309542,54.5,54.5,0.0,cross_validated_vs_cfbd,verified
2021,401300995,67.25,67.0,0.25,cross_validated_vs_cfbd,verified
2021,401282051,49.0,49.0,0.0,cross_validated_vs_cfbd,verified
2021,401281942,61.5,61.5,0.0,cross_validated_vs_cfbd,verified
2021,401287894,66.75,66.5,0.25,cross_validated_vs_cfbd,verified
2021,401300996,49.25,49.0,0.25,cross_validated_vs_cfbd,verified
2021,401282815,48.75,48.5,0.25,cross_validated_vs_cfbd,verified
2021,401282723,45.5,46.0,0.5,cross_validated_vs_cfbd,verified
2021,401286188,49.5,50.0,0.5,cross_validated_vs_cfbd,verified
2021,401287889,54.0,54.5,0.5,cross_validated_vs_cfbd,verified
2021,401309601,49.75,50.0,0.25,cross_validated_vs_cfbd,verified
2021,401327913,55.0,55.0,0.0,cross_validated_vs_cfbd,verified
2021,401281943,50.0,50.0,0.0,cross_validated_vs_cfbd,verified
2021,401309838,63.5,63.0,0.5,cross_validated_vs_cfbd,verified
2021,401282764,57.0,57.0,0.0,cross_validated_vs_cfbd,verified
2021,401281949,52.75,52.5,0.25,cross_validated_vs_cfbd,verified
2021,401281950,59.0,59.0,0.0,cross_validated_vs_cfbd,verified
2021,401282612,56.0,,,,single_source
2021,401286294,65.0,65.0,0.0,cross_validated_vs_cfbd,verified
2021,401309600,48.0,48.0,0.0,cross_validated_vs_cfbd,verified
2021,401281944,56.0,56.5,0.5,cross_validated_vs_cfbd,verified
2021,401281951,55.5,55.5,0.0,cross_validated_vs_cfbd,verified
2021,401282173,58.25,58.5,0.25,cross_validated_vs_cfbd,verified
2021,401301033,55.75,55.5,0.25,cross_validated_vs_cfbd,verified
2021,401301027,49.0,49.0,0.0,cross_validated_vs_cfbd,verified
2021,401287928,60.5,60.5,0.0,cross_validated_vs_cfbd,verified
2021,401308838,52.75,53.0,0.25,cross_validated_vs_cfbd,verified
2021,401309573,54.5,54.5,0.0,cross_validated_vs_cfbd,verified
2021,401301028,56.75,56.5,0.25,cross_validated_vs_cfbd,verified
2021,401301029,55.0,54.5,0.5,cross_validated_vs_cfbd,verified
2021,401287927,57.5,58.0,0.5,cross_validated_vs_cfbd,verified
2021,401301034,61.5,61.5,0.0,cross_validated_vs_cfbd,verified
2021,401309578,51.5,51.5,0.0,cross_validated_vs_cfbd,verified
2021,401309628,57.75,58.0,0.25,cross_validated_vs_cfbd,verified
2021,401309629,66.0,66.0,0.0,cross_validated_vs_cfbd,verified
2021,401309630,55.0,55.0,0.0,cross_validated_vs_cfbd,verified
2021,401310753,44.5,44.5,0.0,cross_validated_vs_cfbd,verified
2021,401310755,48.0,48.5,0.5,cross_validated_vs_cfbd,verified
2021,401282714,52.25,52.5,0.25,cross_validated_vs_cfbd,verified
2021,401282052,60.25,60.0,0.25,cross_validated_vs_cfbd,verified
2021,401281948,63.75,63.5,0.25,cross_validated_vs_cfbd,verified
2021,401309833,66.75,67.0,0.25,cross_validated_vs_cfbd,verified
2021,401282049,59.5,59.0,0.5,cross_validated_vs_cfbd,verified
2021,401282610,57.0,57.0,0.0,cross_validated_vs_cfbd,verified
2021,401309841,53.75,54.0,0.25,cross_validated_vs_cfbd,verified
2021,401309937,63.5,63.5,0.0,cross_validated_vs_cfbd,verified
2021,401282782,45.25,45.5,0.25,cross_validated_vs_cfbd,verified
2021,401282608,61.25,61.5,0.25,cross_validated_vs_cfbd,verified
2021,401309834,48.75,49.0,0.25,cross_validated_vs_cfbd,verified
2021,401309836,56.75,57.0,0.25,cross_validated_vs_cfbd,verified
2021,401282050,52.0,52.0,0.0,cross_validated_vs_cfbd,verified
2021,401310695,50.5,49.5,1.0,cross_validated_vs_cfbd,source_variance
2021,401286187,63.5,63.5,0.0,cross_validated_vs_cfbd,verified
2021,401287888,54.75,55.0,0.25,cross_validated_vs_cfbd,verified
2021,401282053,66.5,66.5,0.0,cross_validated_vs_cfbd,verified
2021,401310693,57.5,57.5,0.0,cross_validated_vs_cfbd,verified
2021,401282177,56.75,56.5,0.25,cross_validated_vs_cfbd,verified
2021,401287890,55.0,51.5,3.5,cross_validated_vs_cfbd,source_conflict
2021,401287891,54.5,54.5,0.0,cross_validated_vs_cfbd,verified
2021,401282054,45.0,45.0,0.0,cross_validated_vs_cfbd,verified
2021,401309839,54.0,53.5,0.5,cross_validated_vs_cfbd,verified
2021,401282613,52.5,52.5,0.0,cross_validated_vs_cfbd,verified
2021,401310698,57.5,57.0,0.5,cross_validated_vs_cfbd,verified
2021,401282191,56.25,56.5,0.25,cross_validated_vs_cfbd,verified
2021,401282059,57.75,57.0,0.75,cross_validated_vs_cfbd,source_variance
2021,401282618,53.0,53.0,0.0,cross_validated_vs_cfbd,verified
2021,401286207,55.75,56.5,0.75,cross_validated_vs_cfbd,source_variance
2021,401287901,51.5,51.5,0.0,cross_validated_vs_cfbd,verified
2021,401282773,47.5,47.5,0.0,cross_validated_vs_cfbd,verified
2021,401309844,65.0,65.0,0.0,cross_validated_vs_cfbd,verified
2021,401301003,64.5,65.0,0.5,cross_validated_vs_cfbd,verified
2021,401310703,55.25,56.5,1.25,cross_validated_vs_cfbd,source_variance
2021,401282615,56.0,56.0,0.0,cross_validated_vs_cfbd,verified
2021,401282724,52.5,53.5,1.0,cross_validated_vs_cfbd,source_variance
2021,401282056,60.5,60.5,0.0,cross_validated_vs_cfbd,verified
2021,401309552,58.0,58.0,0.0,cross_validated_vs_cfbd,verified
2021,401282076,63.75,63.5,0.25,cross_validated_vs_cfbd,verified
2021,401282075,77.0,,,,single_source
2021,401282196,63.0,63.0,0.0,cross_validated_vs_cfbd,verified
2021,401282074,60.75,60.5,0.25,cross_validated_vs_cfbd,verified
2021,401282073,47.75,48.0,0.25,cross_validated_vs_cfbd,verified
2021,401309851,63.5,63.0,0.5,cross_validated_vs_cfbd,verified
2021,401282197,54.0,54.0,0.0,cross_validated_vs_cfbd,verified
2021,401282198,51.0,51.5,0.5,cross_validated_vs_cfbd,verified
2021,401282716,53.25,53.5,0.25,cross_validated_vs_cfbd,verified
2021,401282643,47.5,47.5,0.0,cross_validated_vs_cfbd,verified
2021,401282811,66.5,66.5,0.0,cross_validated_vs_cfbd,verified
2021,401282641,65.25,66.0,0.75,cross_validated_vs_cfbd,source_variance
2021,401282792,51.0,51.0,0.0,cross_validated_vs_cfbd,verified
2021,401282784,54.5,55.0,0.5,cross_validated_vs_cfbd,verified
2021,401282765,71.25,71.5,0.25,cross_validated_vs_cfbd,verified
2021,401282214,63.25,62.5,0.75,cross_validated_vs_cfbd,source_variance
2021,401282213,66.5,66.5,0.0,cross_validated_vs_cfbd,verified
2021,401286301,66.0,66.0,0.0,cross_validated_vs_cfbd,verified
2021,401282707,44.0,43.5,0.5,cross_validated_vs_cfbd,verified
2021,401282775,50.0,50.0,0.0,cross_validated_vs_cfbd,verified
2021,401287910,65.5,65.5,0.0,cross_validated_vs_cfbd,verified
2021,401282639,57.5,57.5,0.0,cross_validated_vs_cfbd,verified
2021,401282805,47.5,47.0,0.5,cross_validated_vs_cfbd,verified
2021,401282642,55.5,55.5,0.0,cross_validated_vs_cfbd,verified
2021,401282210,53.5,53.5,0.0,cross_validated_vs_cfbd,verified
2021,401282756,43.75,43.5,0.25,cross_validated_vs_cfbd,verified
2021,401282640,60.75,60.5,0.25,cross_validated_vs_cfbd,verified
2021,401287911,62.75,62.5,0.25,cross_validated_vs_cfbd,verified
2021,401282212,54.0,54.5,0.5,cross_validated_vs_cfbd,verified
2021,401301008,47.0,47.0,0.0,cross_validated_vs_cfbd,verified
2021,401286190,53.5,53.5,0.0,cross_validated_vs_cfbd,verified
2021,401282645,50.0,50.0,0.0,cross_validated_vs_cfbd,verified
2021,401282211,54.5,55.0,0.5,cross_validated_vs_cfbd,verified
2021,401282644,53.0,,,,single_source
2021,401287909,47.5,47.5,0.0,cross_validated_vs_cfbd,verified
2021,401301009,54.25,54.0,0.25,cross_validated_vs_cfbd,verified
2021,401301007,59.0,59.5,0.5,cross_validated_vs_cfbd,verified
2021,401282648,50.75,50.5,0.25,cross_validated_vs_cfbd,verified
2021,401282220,56.0,56.0,0.0,cross_validated_vs_cfbd,verified
2021,401282219,54.0,54.0,0.0,cross_validated_vs_cfbd,verified
2021,401282216,65.75,65.5,0.25,cross_validated_vs_cfbd,verified
2021,401282217,48.5,48.5,0.0,cross_validated_vs_cfbd,verified
2021,401282222,55.5,55.5,0.0,cross_validated_vs_cfbd,verified
2021,401282218,44.75,44.5,0.25,cross_validated_vs_cfbd,verified
2021,401282647,46.25,46.5,0.25,cross_validated_vs_cfbd,verified
2021,401282223,66.5,66.5,0.0,cross_validated_vs_cfbd,verified
2021,401282215,52.0,51.5,0.5,cross_validated_vs_cfbd,verified
2021,401282102,56.5,56.5,0.0,cross_validated_vs_cfbd,verified
2021,401282101,69.25,69.0,0.25,cross_validated_vs_cfbd,verified
2021,401282225,49.0,49.0,0.0,cross_validated_vs_cfbd,verified
2021,401282229,58.75,59.0,0.25,cross_validated_vs_cfbd,verified
2021,401282653,69.75,69.5,0.25,cross_validated_vs_cfbd,verified
2021,401282654,64.5,64.5,0.0,cross_validated_vs_cfbd,verified
2021,401282652,60.5,60.5,0.0,cross_validated_vs_cfbd,verified
2021,401282228,71.5,71.0,0.5,cross_validated_vs_cfbd,verified
2021,401309563,57.5,57.5,0.0,cross_validated_vs_cfbd,verified
2021,401310717,64.5,65.0,0.5,cross_validated_vs_cfbd,verified
2021,401287919,60.5,60.5,0.0,cross_validated_vs_cfbd,verified
2021,401301020,60.5,60.5,0.0,cross_validated_vs_cfbd,verified
2021,401282227,45.75,46.5,0.75,cross_validated_vs_cfbd,source_variance
2021,401282226,62.5,62.5,0.0,cross_validated_vs_cfbd,verified
2021,401287918,65.5,65.5,0.0,cross_validated_vs_cfbd,verified
2021,401301019,65.5,65.0,0.5,cross_validated_vs_cfbd,verified
2021,401282660,69.5,69.5,0.0,cross_validated_vs_cfbd,verified
2021,401309620,57.75,57.5,0.25,cross_validated_vs_cfbd,verified
2021,401282661,56.0,56.0,0.0,cross_validated_vs_cfbd,verified
2021,401282731,48.25,48.5,0.25,cross_validated_vs_cfbd,verified
2021,401282796,48.5,48.5,0.0,cross_validated_vs_cfbd,verified
2021,401282108,59.25,59.5,0.25,cross_validated_vs_cfbd,verified
2021,401309872,53.5,53.5,0.0,cross_validated_vs_cfbd,verified
2021,401282233,53.0,53.0,0.0,cross_validated_vs_cfbd,verified
2021,401282110,82.25,82.0,0.25,cross_validated_vs_cfbd,verified
2021,401282232,66.75,66.5,0.25,cross_validated_vs_cfbd,verified
2021,401287922,50.75,51.0,0.25,cross_validated_vs_cfbd,verified
2021,401282807,45.0,45.0,0.0,cross_validated_vs_cfbd,verified
2021,401282659,63.5,63.5,0.0,cross_validated_vs_cfbd,verified
2021,401282231,66.0,66.0,0.0,cross_validated_vs_cfbd,verified
2021,401282109,50.5,50.0,0.5,cross_validated_vs_cfbd,verified
2021,401282760,42.5,42.5,0.0,cross_validated_vs_cfbd,verified
2021,401282826,37.5,37.5,0.0,cross_validated_vs_cfbd,verified
2021,401282105,44.5,44.5,0.0,cross_validated_vs_cfbd,verified
2021,401282230,55.5,55.5,0.0,cross_validated_vs_cfbd,verified
2021,401282104,54.25,54.5,0.25,cross_validated_vs_cfbd,verified
2021,401282107,59.0,59.5,0.5,cross_validated_vs_cfbd,verified
2021,401282658,51.0,51.0,0.0,cross_validated_vs_cfbd,verified
2021,401282234,43.25,43.0,0.25,cross_validated_vs_cfbd,verified
2021,401282106,61.0,61.0,0.0,cross_validated_vs_cfbd,verified
2021,401310725,58.5,58.5,0.0,cross_validated_vs_cfbd,verified
2021,401282667,65.5,66.5,1.0,cross_validated_vs_cfbd,source_variance
2021,401282779,51.0,51.0,0.0,cross_validated_vs_cfbd,verified
2021,401309576,68.5,68.5,0.0,cross_validated_vs_cfbd,verified
2021,401282730,59.0,59.0,0.0,cross_validated_vs_cfbd,verified
2021,401309879,61.5,62.5,1.0,cross_validated_vs_cfbd,source_variance
2021,401309577,56.0,55.5,0.5,cross_validated_vs_cfbd,verified
2021,401309877,45.75,46.0,0.25,cross_validated_vs_cfbd,verified
2021,401309574,49.75,49.5,0.25,cross_validated_vs_cfbd,verified
2021,401309878,44.0,44.0,0.0,cross_validated_vs_cfbd,verified
2021,401282717,45.5,46.0,0.5,cross_validated_vs_cfbd,verified
2021,401309575,57.5,58.5,1.0,cross_validated_vs_cfbd,source_variance
2021,401282664,57.5,57.5,0.0,cross_validated_vs_cfbd,verified
2021,401310729,44.0,44.0,0.0,cross_validated_vs_cfbd,verified
2021,401310724,39.0,38.5,0.5,cross_validated_vs_cfbd,verified
2021,401310726,40.75,40.5,0.25,cross_validated_vs_cfbd,verified
2021,401282240,61.0,61.0,0.0,cross_validated_vs_cfbd,verified
2021,401310727,64.25,64.5,0.25,cross_validated_vs_cfbd,verified
2021,401309625,58.25,58.0,0.25,cross_validated_vs_cfbd,verified
2021,401309880,57.5,57.5,0.0,cross_validated_vs_cfbd,verified
2021,401309626,51.0,,,,single_source
2021,401282111,68.0,68.0,0.0,cross_validated_vs_cfbd,verified
2021,401282115,53.0,53.0,0.0,cross_validated_vs_cfbd,verified
2021,401309881,56.5,56.5,0.0,cross_validated_vs_cfbd,verified
2021,401282726,48.0,48.0,0.0,cross_validated_vs_cfbd,verified
2021,401309631,58.0,58.0,0.0,cross_validated_vs_cfbd,verified
2021,401282763,36.0,35.5,0.5,cross_validated_vs_cfbd,verified
2021,401310728,63.0,64.0,1.0,cross_validated_vs_cfbd,source_variance
2021,401282244,52.25,52.0,0.25,cross_validated_vs_cfbd,verified
2021,401287930,58.25,58.5,0.25,cross_validated_vs_cfbd,verified
2021,401301032,61.5,61.5,0.0,cross_validated_vs_cfbd,verified
2021,401282669,66.25,67.0,0.75,cross_validated_vs_cfbd,source_variance
2021,401310734,58.25,58.0,0.25,cross_validated_vs_cfbd,verified
2021,401282671,55.5,55.0,0.5,cross_validated_vs_cfbd,verified
2021,401282241,72.5,71.5,1.0,cross_validated_vs_cfbd,source_variance
2021,401282814,60.5,61.0,0.5,cross_validated_vs_cfbd,verified
2021,401309887,60.5,60.0,0.5,cross_validated_vs_cfbd,verified
2021,401310731,66.0,66.0,0.0,cross_validated_vs_cfbd,verified
2021,401309627,50.25,50.0,0.25,cross_validated_vs_cfbd,verified
2021,401282672,56.5,57.0,0.5,cross_validated_vs_cfbd,verified
2021,401282117,50.75,51.0,0.25,cross_validated_vs_cfbd,verified
2021,401287932,54.5,54.5,0.0,cross_validated_vs_cfbd,verified
2021,401282246,55.0,55.0,0.0,cross_validated_vs_cfbd,verified
2021,401301031,52.0,52.5,0.5,cross_validated_vs_cfbd,verified
2021,401301030,46.25,46.0,0.25,cross_validated_vs_cfbd,verified
2021,401282673,62.5,62.5,0.0,cross_validated_vs_cfbd,verified
2021,401282777,50.25,50.5,0.25,cross_validated_vs_cfbd,verified
2021,401282245,47.25,47.0,0.25,cross_validated_vs_cfbd,verified
2021,401286297,56.0,56.5,0.5,cross_validated_vs_cfbd,verified
2021,401287931,67.25,67.0,0.25,cross_validated_vs_cfbd,verified
2021,401287929,61.75,61.5,0.25,cross_validated_vs_cfbd,verified
2021,401310730,51.5,51.5,0.0,cross_validated_vs_cfbd,verified
2021,401282118,47.0,47.5,0.5,cross_validated_vs_cfbd,verified
2021,401282719,41.25,41.5,0.25,cross_validated_vs_cfbd,verified
2021,401282243,48.75,49.0,0.25,cross_validated_vs_cfbd,verified
2021,401282674,61.0,,,,single_source
2021,401287933,49.0,49.0,0.0,cross_validated_vs_cfbd,verified
2021,401282116,67.5,67.5,0.0,cross_validated_vs_cfbd,verified
2021,401282119,62.5,62.0,0.5,cross_validated_vs_cfbd,verified
2021,401309885,54.25,55.5,1.25,cross_validated_vs_cfbd,source_variance
2021,401282675,51.25,51.5,0.25,cross_validated_vs_cfbd,verified
2021,401309884,49.5,49.5,0.0,cross_validated_vs_cfbd,verified
2021,401282676,71.5,71.5,0.0,cross_validated_vs_cfbd,verified
2021,401282242,64.0,64.0,0.0,cross_validated_vs_cfbd,verified
2021,401282795,43.75,43.5,0.25,cross_validated_vs_cfbd,verified
2021,401282801,53.75,54.0,0.25,cross_validated_vs_cfbd,verified
2021,401309883,46.0,46.0,0.0,cross_validated_vs_cfbd,verified
2021,401309886,55.25,55.5,0.25,cross_validated_vs_cfbd,verified
2021,401282670,47.5,47.5,0.0,cross_validated_vs_cfbd,verified
2021,401308839,54.5,54.5,0.0,cross_validated_vs_cfbd,verified
2021,401309632,53.75,53.5,0.25,cross_validated_vs_cfbd,verified
2021,401282757,40.5,40.5,0.0,cross_validated_vs_cfbd,verified
2021,401282125,52.0,52.0,0.0,cross_validated_vs_cfbd,verified
2021,401282247,52.25,52.5,0.25,cross_validated_vs_cfbd,verified
2021,401309582,72.0,72.5,0.5,cross_validated_vs_cfbd,verified
2021,401282727,51.0,51.0,0.0,cross_validated_vs_cfbd,verified
2021,401309579,57.75,58.0,0.25,cross_validated_vs_cfbd,verified
2021,401309892,61.5,62.0,0.5,cross_validated_vs_cfbd,verified
2021,401309888,51.75,51.5,0.25,cross_validated_vs_cfbd,verified
2021,401282679,55.25,55.0,0.25,cross_validated_vs_cfbd,verified
2021,401282680,46.5,46.0,0.5,cross_validated_vs_cfbd,verified
2021,401282252,49.0,49.0,0.0,cross_validated_vs_cfbd,verified
2021,401282121,53.5,53.5,0.0,cross_validated_vs_cfbd,verified
2021,401282787,53.5,53.5,0.0,cross_validated_vs_cfbd,verified
2021,401301035,52.25,52.0,0.25,cross_validated_vs_cfbd,verified
2021,401282710,47.75,47.5,0.25,cross_validated_vs_cfbd,verified
2021,401282124,67.25,,,,single_source
2021,401309580,54.5,54.5,0.0,cross_validated_vs_cfbd,verified
2021,401309581,64.5,64.5,0.0,cross_validated_vs_cfbd,verified
2021,401282720,44.0,44.5,0.5,cross_validated_vs_cfbd,verified
2021,401282678,64.25,64.5,0.25,cross_validated_vs_cfbd,verified
2021,401282824,37.75,37.5,0.25,cross_validated_vs_cfbd,verified
2021,401282799,67.75,68.5,0.75,cross_validated_vs_cfbd,source_variance
2021,401310253,37.5,37.5,0.0,cross_validated_vs_cfbd,verified
2021,401282120,67.0,67.0,0.0,cross_validated_vs_cfbd,verified
2021,401282681,62.75,63.0,0.25,cross_validated_vs_cfbd,verified
2021,401282682,78.0,78.0,0.0,cross_validated_vs_cfbd,verified
2021,401282248,50.0,50.0,0.0,cross_validated_vs_cfbd,verified
2021,401282253,53.0,53.5,0.5,cross_validated_vs_cfbd,verified
2021,401282677,50.75,51.0,0.25,cross_validated_vs_cfbd,verified
2021,401282123,57.25,58.0,0.75,cross_validated_vs_cfbd,source_variance
2021,401282122,59.25,59.0,0.25,cross_validated_vs_cfbd,verified
2021,401282126,49.25,49.5,0.25,cross_validated_vs_cfbd,verified
2021,401301043,52.5,52.5,0.0,cross_validated_vs_cfbd,verified
2021,401282780,48.25,48.0,0.25,cross_validated_vs_cfbd,verified
2021,401287939,46.75,47.5,0.75,cross_validated_vs_cfbd,source_variance
2021,401309587,59.75,,,,single_source
2021,401282687,55.5,55.5,0.0,cross_validated_vs_cfbd,verified
2021,401282771,61.0,61.0,0.0,cross_validated_vs_cfbd,verified
2021,401282762,37.0,37.0,0.0,cross_validated_vs_cfbd,verified
2021,401282690,64.5,65.0,0.5,cross_validated_vs_cfbd,verified
2021,401282684,50.75,50.5,0.25,cross_validated_vs_cfbd,verified
2021,401282686,55.25,55.0,0.25,cross_validated_vs_cfbd,verified
2021,401287938,63.25,63.0,0.25,cross_validated_vs_cfbd,verified
2021,401309639,53.25,53.5,0.25,cross_validated_vs_cfbd,verified
2021,401282689,51.0,50.0,1.0,cross_validated_vs_cfbd,source_variance
2021,401287940,54.0,54.0,0.0,cross_validated_vs_cfbd,verified
2021,401309638,66.5,,,,single_source
2021,401301041,61.75,61.0,0.75,cross_validated_vs_cfbd,source_variance
2021,401287941,61.75,61.5,0.25,cross_validated_vs_cfbd,verified
2021,401301042,58.75,58.5,0.25,cross_validated_vs_cfbd,verified
2021,401282256,48.0,48.0,0.0,cross_validated_vs_cfbd,verified
2021,401282259,61.5,61.5,0.0,cross_validated_vs_cfbd,verified
2021,401309894,56.25,56.5,0.25,cross_validated_vs_cfbd,verified
2021,401287942,56.0,55.5,0.5,cross_validated_vs_cfbd,verified
2021,401282683,72.25,,,,single_source
2021,401282685,61.25,61.5,0.25,cross_validated_vs_cfbd,verified
2021,401309637,51.75,52.0,0.25,cross_validated_vs_cfbd,verified
2021,401282812,65.0,65.5,0.5,cross_validated_vs_cfbd,verified
2021,401282806,41.5,42.0,0.5,cross_validated_vs_cfbd,verified
2021,401310745,55.5,55.5,0.0,cross_validated_vs_cfbd,verified
2021,401282257,55.5,56.0,0.5,cross_validated_vs_cfbd,verified
2021,401310744,57.75,58.0,0.25,cross_validated_vs_cfbd,verified
2021,401286304,58.5,59.0,0.5,cross_validated_vs_cfbd,verified
2021,401309895,57.5,58.0,0.5,cross_validated_vs_cfbd,verified
2021,401282260,54.5,54.5,0.0,cross_validated_vs_cfbd,verified
2021,401301044,55.5,55.5,0.0,cross_validated_vs_cfbd,verified
2021,401282258,55.0,55.0,0.0,cross_validated_vs_cfbd,verified
2021,401309640,52.25,52.0,0.25,cross_validated_vs_cfbd,verified
2021,401282688,62.5,62.0,0.5,cross_validated_vs_cfbd,verified
2021,401282143,61.75,61.0,0.75,cross_validated_vs_cfbd,source_variance
2021,401309902,58.75,59.0,0.25,cross_validated_vs_cfbd,verified
2021,401310747,54.25,54.5,0.25,cross_validated_vs_cfbd,verified
2021,401282691,60.5,60.0,0.5,cross_validated_vs_cfbd,verified
2021,401308841,52.0,52.0,0.0,cross_validated_vs_cfbd,verified
2021,401310750,52.0,52.0,0.0,cross_validated_vs_cfbd,verified
2021,401282135,58.25,58.5,0.25,cross_validated_vs_cfbd,verified
2021,401282265,48.5,48.5,0.0,cross_validated_vs_cfbd,verified
2021,401282694,55.75,55.5,0.25,cross_validated_vs_cfbd,verified
2021,401309591,57.0,57.0,0.0,cross_validated_vs_cfbd,verified
2021,401282261,62.5,62.0,0.5,cross_validated_vs_cfbd,verified
2021,401309901,58.5,58.0,0.5,cross_validated_vs_cfbd,verified
2021,401282696,62.0,62.5,0.5,cross_validated_vs_cfbd,verified
2021,401309590,59.0,59.0,0.0,cross_validated_vs_cfbd,verified
2021,401282136,59.25,59.5,0.25,cross_validated_vs_cfbd,verified
2021,401310748,48.0,48.0,0.0,cross_validated_vs_cfbd,verified
2021,401286298,53.5,53.5,0.0,cross_validated_vs_cfbd,verified
2021,401309903,43.0,43.0,0.0,cross_validated_vs_cfbd,verified
2021,401282732,43.5,43.0,0.5,cross_validated_vs_cfbd,verified
2021,401310749,53.75,53.5,0.25,cross_validated_vs_cfbd,verified
2021,401310751,41.0,41.0,0.0,cross_validated_vs_cfbd,verified
2021,401282137,61.0,61.0,0.0,cross_validated_vs_cfbd,verified
2021,401282818,45.0,44.5,0.5,cross_validated_vs_cfbd,verified
2021,401309588,66.0,65.5,0.5,cross_validated_vs_cfbd,verified
2021,401309589,57.5,57.0,0.5,cross_validated_vs_cfbd,verified
2021,401309904,65.5,66.5,1.0,cross_validated_vs_cfbd,source_variance
2021,401301045,59.5,59.0,0.5,cross_validated_vs_cfbd,verified
2021,401282808,47.5,47.5,0.0,cross_validated_vs_cfbd,verified
2021,401309899,52.5,52.5,0.0,cross_validated_vs_cfbd,verified
2021,401286293,55.75,56.0,0.25,cross_validated_vs_cfbd,verified
2021,401282266,47.0,47.0,0.0,cross_validated_vs_cfbd,verified
2021,401282146,57.0,57.5,0.5,cross_validated_vs_cfbd,verified
2021,401282711,53.0,53.0,0.0,cross_validated_vs_cfbd,verified
2021,401309594,58.5,,,,single_source
2021,401282148,54.75,55.0,0.25,cross_validated_vs_cfbd,verified
2021,401287949,61.25,61.5,0.25,cross_validated_vs_cfbd,verified
2021,401282149,57.75,57.5,0.25,cross_validated_vs_cfbd,verified
2021,401309908,61.25,61.5,0.25,cross_validated_vs_cfbd,verified
2021,401309650,55.25,56.0,0.75,cross_validated_vs_cfbd,source_variance
2021,401309649,49.5,49.5,0.0,cross_validated_vs_cfbd,verified
2021,401282781,64.5,64.0,0.5,cross_validated_vs_cfbd,verified
2021,401282766,53.0,53.0,0.0,cross_validated_vs_cfbd,verified
2021,401282273,59.5,60.0,0.5,cross_validated_vs_cfbd,verified
2021,401282153,64.5,65.0,0.5,cross_validated_vs_cfbd,verified
2021,401282702,58.0,58.5,0.5,cross_validated_vs_cfbd,verified
2021,401282722,44.5,45.5,1.0,cross_validated_vs_cfbd,source_variance
2021,401282700,64.25,65.0,0.75,cross_validated_vs_cfbd,source_variance
2021,401287951,49.25,51.0,1.75,cross_validated_vs_cfbd,source_conflict
2021,401282753,50.5,50.5,0.0,cross_validated_vs_cfbd,verified
2021,401282150,46.75,46.5,0.25,cross_validated_vs_cfbd,verified
2021,401286306,59.0,58.5,0.5,cross_validated_vs_cfbd,verified
2021,401282785,51.5,51.5,0.0,cross_validated_vs_cfbd,verified
2021,401309593,59.5,59.5,0.0,cross_validated_vs_cfbd,verified
2021,401282703,63.75,63.0,0.75,cross_validated_vs_cfbd,source_variance
2021,401310757,52.5,52.5,0.0,cross_validated_vs_cfbd,verified
2021,401287948,51.5,51.5,0.0,cross_validated_vs_cfbd,verified
2021,401282701,67.0,67.0,0.0,cross_validated_vs_cfbd,verified
2021,401287950,55.5,55.5,0.0,cross_validated_vs_cfbd,verified
2021,401282147,58.5,59.0,0.5,cross_validated_vs_cfbd,verified
2021,401309909,53.0,52.5,0.5,cross_validated_vs_cfbd,verified
2021,401282794,39.0,38.5,0.5,cross_validated_vs_cfbd,verified
2021,401282699,61.5,61.5,0.0,cross_validated_vs_cfbd,verified
2021,401309907,58.5,58.5,0.0,cross_validated_vs_cfbd,verified
2021,401286299,52.0,51.5,0.5,cross_validated_vs_cfbd,verified
2021,401331163,72.75,74.0,1.25,cross_validated_vs_cfbd,source_variance
2021,401282156,74.5,74.5,0.0,cross_validated_vs_cfbd,verified
2021,401387250,57.5,57.0,0.5,cross_validated_vs_cfbd,verified
2021,401331160,75.5,,,,single_source
2021,401282154,48.75,48.5,0.25,cross_validated_vs_cfbd,verified
2021,401331161,52.0,52.5,0.5,cross_validated_vs_cfbd,verified
2021,401287953,45.25,45.5,0.25,cross_validated_vs_cfbd,verified
2021,401310676,49.5,49.5,0.0,cross_validated_vs_cfbd,verified
2021,401331162,52.5,52.5,0.0,cross_validated_vs_cfbd,verified
2021,401331159,57.5,57.5,0.0,cross_validated_vs_cfbd,verified
2021,401331169,58.5,58.0,0.5,cross_validated_vs_cfbd,verified
2021,401331447,44.0,44.0,0.0,cross_validated_vs_cfbd,verified
2021,401331165,63.25,63.5,0.25,cross_validated_vs_cfbd,verified
2021,401301056,35.5,35.5,0.0,cross_validated_vs_cfbd,verified
2021,401331164,50.0,50.0,0.0,cross_validated_vs_cfbd,verified
2021,401331218,52.75,53.0,0.25,cross_validated_vs_cfbd,verified
2021,401331167,53.0,54.5,1.5,cross_validated_vs_cfbd,source_conflict
2021,401331166,67.25,68.5,1.25,cross_validated_vs_cfbd,source_variance
2021,401331171,55.5,56.0,0.5,cross_validated_vs_cfbd,verified
2021,401331168,54.25,54.5,0.25,cross_validated_vs_cfbd,verified
2021,401331241,47.0,47.0,0.0,cross_validated_vs_cfbd,verified
2021,401331242,53.25,53.0,0.25,cross_validated_vs_cfbd,verified
2021,401309541,54.5,54.5,0.0,cross_validated_vs_cfbd,verified
2021,401282077,59.0,59.0,0.0,cross_validated_vs_cfbd,verified
2021,401282178,52.5,52.5,0.0,cross_validated_vs_cfbd,verified
2022,401426553,54.0,54.0,0.0,cross_validated_vs_cfbd,verified
2022,401411101,51.5,51.5,0.0,cross_validated_vs_cfbd,verified
2022,401404081,53.0,53.0,0.0,cross_validated_vs_cfbd,verified
2022,401403893,51.0,51.0,0.0,cross_validated_vs_cfbd,verified
2022,401404080,45.0,45.0,0.0,cross_validated_vs_cfbd,verified
2022,401404082,60.25,60.0,0.25,cross_validated_vs_cfbd,verified
2022,401404079,65.75,65.0,0.75,cross_validated_vs_cfbd,source_variance
2022,401415642,63.25,63.0,0.25,cross_validated_vs_cfbd,verified
2022,401416625,65.5,65.5,0.0,cross_validated_vs_cfbd,verified
2022,401426355,48.5,48.5,0.0,cross_validated_vs_cfbd,verified
2022,401426357,51.25,51.5,0.25,cross_validated_vs_cfbd,verified
2022,401426358,43.0,43.0,0.0,cross_validated_vs_cfbd,verified
2022,401416633,61.25,61.0,0.25,cross_validated_vs_cfbd,verified
2022,401403920,55.0,,,,single_source
2022,401403917,51.5,52.0,0.5,cross_validated_vs_cfbd,verified
2022,401404140,55.75,55.5,0.25,cross_validated_vs_cfbd,verified
2022,401416628,65.0,65.0,0.0,cross_validated_vs_cfbd,verified
2022,401416634,53.75,,,,single_source
2022,401416626,56.0,56.0,0.0,cross_validated_vs_cfbd,verified
2022,401416629,50.75,50.5,0.25,cross_validated_vs_cfbd,verified
2022,401416624,57.5,57.5,0.0,cross_validated_vs_cfbd,verified
2022,401426604,54.5,54.5,0.0,cross_validated_vs_cfbd,verified
2022,401415217,47.0,47.0,0.0,cross_validated_vs_cfbd,verified
2022,401405088,63.0,63.0,0.0,cross_validated_vs_cfbd,verified
2022,401426556,53.75,53.5,0.25,cross_validated_vs_cfbd,verified
2022,401411115,46.0,46.0,0.0,cross_validated_vs_cfbd,verified
2022,401416601,59.75,59.5,0.25,cross_validated_vs_cfbd,verified
2022,401405089,42.75,42.5,0.25,cross_validated_vs_cfbd,verified
2022,401411113,52.25,52.5,0.25,cross_validated_vs_cfbd,verified
2022,401403987,41.0,41.0,0.0,cross_validated_vs_cfbd,verified
2022,401426558,62.5,62.0,0.5,cross_validated_vs_cfbd,verified
2022,401403988,47.5,47.0,0.5,cross_validated_vs_cfbd,verified
2022,401426333,52.0,52.0,0.0,cross_validated_vs_cfbd,verified
2022,401426560,59.25,59.5,0.25,cross_validated_vs_cfbd,verified
2022,401415029,50.0,50.0,0.0,cross_validated_vs_cfbd,verified
2022,401426554,63.75,63.5,0.25,cross_validated_vs_cfbd,verified
2022,401426555,61.5,61.5,0.0,cross_validated_vs_cfbd,verified
2022,401403986,56.5,56.0,0.5,cross_validated_vs_cfbd,verified
2022,401426366,46.5,46.5,0.0,cross_validated_vs_cfbd,verified
2022,401426369,48.0,48.0,0.0,cross_validated_vs_cfbd,verified
2022,401426365,60.5,60.5,0.0,cross_validated_vs_cfbd,verified
2022,401426367,42.5,42.5,0.0,cross_validated_vs_cfbd,verified
2022,401426368,52.5,,,,single_source
2022,401415622,64.25,64.0,0.25,cross_validated_vs_cfbd,verified
2022,401426559,52.0,52.0,0.0,cross_validated_vs_cfbd,verified
2022,401403978,69.5,69.0,0.5,cross_validated_vs_cfbd,verified
2022,401403914,55.5,55.5,0.0,cross_validated_vs_cfbd,verified
2022,401411114,45.25,45.0,0.25,cross_validated_vs_cfbd,verified
2022,401411163,41.5,41.0,0.5,cross_validated_vs_cfbd,verified
2022,401416645,48.75,,,,single_source
2022,401404131,40.5,40.5,0.0,cross_validated_vs_cfbd,verified
2022,401404146,59.25,59.5,0.25,cross_validated_vs_cfbd,verified
2022,401405058,42.75,42.0,0.75,cross_validated_vs_cfbd,source_variance
2022,401403853,54.5,54.5,0.0,cross_validated_vs_cfbd,verified
2022,401403958,58.0,,,,single_source
2022,401404046,62.75,,,,single_source
2022,401437036,52.0,,,,single_source
2022,401437009,64.0,,,,single_source
2022,401405059,52.0,52.0,0.0,cross_validated_vs_cfbd,verified
2022,401415264,36.0,,,,single_source
2022,401409235,48.0,48.0,0.0,cross_validated_vs_cfbd,verified
2022,401426531,53.25,52.5,0.75,cross_validated_vs_cfbd,source_variance
2022,401405095,56.75,56.5,0.25,cross_validated_vs_cfbd,verified
2022,401411121,55.0,,,,single_source
2022,401416606,73.5,74.0,0.5,cross_validated_vs_cfbd,verified
2022,401418793,65.0,65.0,0.0,cross_validated_vs_cfbd,verified
2022,401405093,50.0,50.0,0.0,cross_validated_vs_cfbd,verified
2022,401411130,62.5,63.5,1.0,cross_validated_vs_cfbd,source_variance
2022,401416612,52.5,52.5,0.0,cross_validated_vs_cfbd,verified
2022,401415649,55.75,56.0,0.25,cross_validated_vs_cfbd,verified
2022,401415648,49.0,49.0,0.0,cross_validated_vs_cfbd,verified
2022,401415254,47.0,47.0,0.0,cross_validated_vs_cfbd,verified
2022,401404113,65.75,65.5,0.25,cross_validated_vs_cfbd,verified
2022,401404109,52.5,52.0,0.5,cross_validated_vs_cfbd,verified
2022,401404112,68.5,68.5,0.0,cross_validated_vs_cfbd,verified
2022,401404110,47.5,47.5,0.0,cross_validated_vs_cfbd,verified
2022,401404024,56.5,56.5,0.0,cross_validated_vs_cfbd,verified
2022,401405097,66.0,66.0,0.0,cross_validated_vs_cfbd,verified
2022,401404000,70.25,69.5,0.75,cross_validated_vs_cfbd,source_variance
2022,401403901,62.25,62.5,0.25,cross_validated_vs_cfbd,verified
2022,401403997,53.75,53.5,0.25,cross_validated_vs_cfbd,verified
2022,401405098,61.5,61.0,0.5,cross_validated_vs_cfbd,verified
2022,401403999,57.25,57.0,0.25,cross_validated_vs_cfbd,verified
2022,401404001,62.0,62.0,0.0,cross_validated_vs_cfbd,verified
2022,401403899,53.0,53.0,0.0,cross_validated_vs_cfbd,verified
2022,401403998,57.0,57.0,0.0,cross_validated_vs_cfbd,verified
2022,401405096,57.0,57.5,0.5,cross_validated_vs_cfbd,verified
2022,401403996,50.5,50.0,0.5,cross_validated_vs_cfbd,verified
2022,401411118,48.75,50.0,1.25,cross_validated_vs_cfbd,source_variance
2022,401409237,53.0,53.0,0.0,cross_validated_vs_cfbd,verified
2022,401426532,72.5,72.0,0.5,cross_validated_vs_cfbd,verified
2022,401413256,50.5,51.0,0.5,cross_validated_vs_cfbd,verified
2022,401411090,57.0,57.0,0.0,cross_validated_vs_cfbd,verified
2022,401411091,55.75,56.5,0.75,cross_validated_vs_cfbd,source_variance
2022,401426334,63.5,63.5,0.0,cross_validated_vs_cfbd,verified
2022,401415645,64.0,64.0,0.0,cross_validated_vs_cfbd,verified
2022,401415644,55.75,56.0,0.25,cross_validated_vs_cfbd,verified
2022,401415643,59.25,59.0,0.25,cross_validated_vs_cfbd,verified
2022,401415646,41.25,41.5,0.25,cross_validated_vs_cfbd,verified
2022,401415215,59.5,59.0,0.5,cross_validated_vs_cfbd,verified
2022,401411110,48.0,48.0,0.0,cross_validated_vs_cfbd,verified
2022,401415211,46.0,46.0,0.0,cross_validated_vs_cfbd,verified
2022,401426541,58.25,57.5,0.75,cross_validated_vs_cfbd,source_variance
2022,401415612,58.0,58.5,0.5,cross_validated_vs_cfbd,verified
2022,401426542,62.0,61.5,0.5,cross_validated_vs_cfbd,verified
2022,401403855,54.5,55.0,0.5,cross_validated_vs_cfbd,verified
2022,401403860,57.0,,,,single_source
2022,401404134,54.0,54.0,0.0,cross_validated_vs_cfbd,verified
2022,401405064,53.25,53.5,0.25,cross_validated_vs_cfbd,verified
2022,401416591,54.5,54.0,0.5,cross_validated_vs_cfbd,verified
2022,401426330,48.25,48.5,0.25,cross_validated_vs_cfbd,verified
2022,401403864,66.25,66.5,0.25,cross_validated_vs_cfbd,verified
2022,401426537,62.5,62.5,0.0,cross_validated_vs_cfbd,verified
2022,401403967,46.5,46.5,0.0,cross_validated_vs_cfbd,verified
2022,401405066,65.75,66.0,0.25,cross_validated_vs_cfbd,verified
2022,401405067,60.75,60.5,0.25,cross_validated_vs_cfbd,verified
2022,401426540,61.75,61.5,0.25,cross_validated_vs_cfbd,verified
2022,401411095,56.5,56.0,0.5,cross_validated_vs_cfbd,verified
2022,401411096,51.75,52.0,0.25,cross_validated_vs_cfbd,verified
2022,401405069,47.25,47.0,0.25,cross_validated_vs_cfbd,verified
2022,401426530,60.0,60.5,0.5,cross_validated_vs_cfbd,verified
2022,401415212,51.5,51.0,0.5,cross_validated_vs_cfbd,verified
2022,401426536,51.25,51.0,0.25,cross_validated_vs_cfbd,verified
2022,401403858,54.25,54.0,0.25,cross_validated_vs_cfbd,verified
2022,401414778,58.75,59.0,0.25,cross_validated_vs_cfbd,verified
2022,401411094,51.25,51.0,0.25,cross_validated_vs_cfbd,verified
2022,401404157,49.75,49.5,0.25,cross_validated_vs_cfbd,verified
2022,401403966,59.5,59.0,0.5,cross_validated_vs_cfbd,verified
2022,401405061,47.75,47.5,0.25,cross_validated_vs_cfbd,verified
2022,401405060,52.25,53.0,0.75,cross_validated_vs_cfbd,source_variance
2022,401426538,60.0,61.0,1.0,cross_validated_vs_cfbd,source_variance
2022,401403971,56.25,56.0,0.25,cross_validated_vs_cfbd,verified
2022,401416569,58.0,58.0,0.0,cross_validated_vs_cfbd,verified
2022,401411092,50.5,50.0,0.5,cross_validated_vs_cfbd,verified
2022,401403861,58.0,58.0,0.0,cross_validated_vs_cfbd,verified
2022,401403863,54.75,55.0,0.25,cross_validated_vs_cfbd,verified
2022,401441990,57.25,57.0,0.25,cross_validated_vs_cfbd,verified
2022,401403973,61.5,62.0,0.5,cross_validated_vs_cfbd,verified
2022,401411093,66.5,67.0,0.5,cross_validated_vs_cfbd,verified
2022,401403867,51.0,51.0,0.0,cross_validated_vs_cfbd,verified
2022,401426543,67.5,67.5,0.0,cross_validated_vs_cfbd,verified
2022,401416592,55.5,55.5,0.0,cross_validated_vs_cfbd,verified
2022,401403854,63.0,63.0,0.0,cross_validated_vs_cfbd,verified
2022,401426534,60.5,61.0,0.5,cross_validated_vs_cfbd,verified
2022,401403859,55.0,55.0,0.0,cross_validated_vs_cfbd,verified
2022,401403857,51.5,51.5,0.0,cross_validated_vs_cfbd,verified
2022,401403965,52.5,52.0,0.5,cross_validated_vs_cfbd,verified
2022,401426533,58.5,58.5,0.0,cross_validated_vs_cfbd,verified
2022,401411099,55.0,55.0,0.0,cross_validated_vs_cfbd,verified
2022,401404124,59.0,58.5,0.5,cross_validated_vs_cfbd,verified
2022,401426539,67.5,67.0,0.5,cross_validated_vs_cfbd,verified
2022,401415610,58.25,58.0,0.25,cross_validated_vs_cfbd,verified
2022,401415213,51.0,50.5,0.5,cross_validated_vs_cfbd,verified
2022,401404059,64.25,64.5,0.25,cross_validated_vs_cfbd,verified
2022,401413224,63.0,63.0,0.0,cross_validated_vs_cfbd,verified
2022,401404056,50.25,50.5,0.25,cross_validated_vs_cfbd,verified
2022,401403970,51.75,51.0,0.75,cross_validated_vs_cfbd,source_variance
2022,401404147,51.25,52.0,0.75,cross_validated_vs_cfbd,source_variance
2022,401415209,46.75,46.5,0.25,cross_validated_vs_cfbd,verified
2022,401403974,63.5,62.5,1.0,cross_validated_vs_cfbd,source_variance
2022,401405062,42.25,42.0,0.25,cross_validated_vs_cfbd,verified
2022,401411100,61.25,61.5,0.25,cross_validated_vs_cfbd,verified
2022,401415015,59.0,58.5,0.5,cross_validated_vs_cfbd,verified
2022,401415611,49.0,48.5,0.5,cross_validated_vs_cfbd,verified
2022,401421116,53.0,53.0,0.0,cross_validated_vs_cfbd,verified
2022,401403865,54.75,54.0,0.75,cross_validated_vs_cfbd,source_variance
2022,401416590,57.75,43.5,14.25,cross_validated_vs_cfbd,source_conflict
2022,401403968,44.0,44.0,0.0,cross_validated_vs_cfbd,verified
2022,401404052,62.0,57.5,4.5,cross_validated_vs_cfbd,source_conflict
2022,401426535,52.0,49.5,2.5,cross_validated_vs_cfbd,source_conflict
2022,401405065,42.5,42.5,0.0,cross_validated_vs_cfbd,verified
2022,401425418,57.25,56.5,0.75,cross_validated_vs_cfbd,source_variance
2022,401403856,51.5,51.5,0.0,cross_validated_vs_cfbd,verified
2022,401421121,61.0,61.0,0.0,cross_validated_vs_cfbd,verified
2022,401420777,53.75,53.5,0.25,cross_validated_vs_cfbd,verified
2022,401403969,55.5,56.5,1.0,cross_validated_vs_cfbd,source_variance
2022,401405063,62.5,62.5,0.0,cross_validated_vs_cfbd,verified
2022,401424416,47.0,45.5,1.5,cross_validated_vs_cfbd,source_conflict
2022,401415210,42.25,42.5,0.25,cross_validated_vs_cfbd,verified
2022,401403866,51.25,51.5,0.25,cross_validated_vs_cfbd,verified
2022,401404055,64.25,63.5,0.75,cross_validated_vs_cfbd,source_variance
2022,401403984,49.0,49.0,0.0,cross_validated_vs_cfbd,verified
2022,401404064,38.75,39.0,0.25,cross_validated_vs_cfbd,verified
2022,401415617,47.25,47.5,0.25,cross_validated_vs_cfbd,verified
2022,401404063,62.25,62.0,0.25,cross_validated_vs_cfbd,verified
2022,401404062,55.0,55.0,0.0,cross_validated_vs_cfbd,verified
2022,401411108,45.0,45.0,0.0,cross_validated_vs_cfbd,verified
2022,401403877,62.75,,,,single_source
2022,401426545,65.0,64.5,0.5,cross_validated_vs_cfbd,verified
2022,401404148,49.5,49.5,0.0,cross_validated_vs_cfbd,verified
2022,401403871,52.75,53.0,0.25,cross_validated_vs_cfbd,verified
2022,401426548,58.25,58.5,0.25,cross_validated_vs_cfbd,verified
2022,401426551,50.0,50.0,0.0,cross_validated_vs_cfbd,verified
2022,401405073,56.0,56.0,0.0,cross_validated_vs_cfbd,verified
2022,401426544,62.25,62.5,0.25,cross_validated_vs_cfbd,verified
2022,401403975,58.25,58.0,0.25,cross_validated_vs_cfbd,verified
2022,401415613,62.75,62.0,0.75,cross_validated_vs_cfbd,source_variance
2022,401404066,72.75,74.0,1.25,cross_validated_vs_cfbd,source_variance
2022,401415620,63.0,63.0,0.0,cross_validated_vs_cfbd,verified
2022,401403976,49.5,49.5,0.0,cross_validated_vs_cfbd,verified
2022,401415024,49.75,50.0,0.25,cross_validated_vs_cfbd,verified
2022,401403980,66.75,66.5,0.25,cross_validated_vs_cfbd,verified
2022,401405080,54.75,55.0,0.25,cross_validated_vs_cfbd,verified
2022,401411105,50.5,50.5,0.0,cross_validated_vs_cfbd,verified
2022,401403878,54.0,54.0,0.0,cross_validated_vs_cfbd,verified
2022,401411103,64.25,64.0,0.25,cross_validated_vs_cfbd,verified
2022,401405072,64.0,64.0,0.0,cross_validated_vs_cfbd,verified
2022,401403868,64.0,64.0,0.0,cross_validated_vs_cfbd,verified
2022,401403869,56.25,56.5,0.25,cross_validated_vs_cfbd,verified
2022,401415214,43.5,43.5,0.0,cross_validated_vs_cfbd,verified
2022,401426552,46.25,46.5,0.25,cross_validated_vs_cfbd,verified
2022,401403977,50.0,50.0,0.0,cross_validated_vs_cfbd,verified
2022,401403979,58.75,58.5,0.25,cross_validated_vs_cfbd,verified
2022,401403875,58.25,58.0,0.25,cross_validated_vs_cfbd,verified
2022,401405077,66.5,66.5,0.0,cross_validated_vs_cfbd,verified
2022,401403879,65.25,65.0,0.25,cross_validated_vs_cfbd,verified
2022,401403876,52.5,52.5,0.0,cross_validated_vs_cfbd,verified
2022,401404065,59.75,59.5,0.25,cross_validated_vs_cfbd,verified
2022,401416594,51.75,51.5,0.25,cross_validated_vs_cfbd,verified
2022,401405078,56.0,56.0,0.0,cross_validated_vs_cfbd,verified
2022,401416598,56.0,56.0,0.0,cross_validated_vs_cfbd,verified
2022,401405070,55.0,55.0,0.0,cross_validated_vs_cfbd,verified
2022,401416597,57.5,57.5,0.0,cross_validated_vs_cfbd,verified
2022,401403870,48.5,48.5,0.0,cross_validated_vs_cfbd,verified
2022,401404125,48.25,47.5,0.75,cross_validated_vs_cfbd,source_variance
2022,401405079,68.5,68.5,0.0,cross_validated_vs_cfbd,verified
2022,401414779,49.25,49.0,0.25,cross_validated_vs_cfbd,verified
2022,401404068,58.25,58.0,0.25,cross_validated_vs_cfbd,verified
2022,401405084,59.75,59.5,0.25,cross_validated_vs_cfbd,verified
2022,401415623,51.0,51.0,0.0,cross_validated_vs_cfbd,verified
2022,401403891,58.5,,,,single_source
2022,401403882,47.5,47.5,0.0,cross_validated_vs_cfbd,verified
2022,401403880,61.5,62.0,0.5,cross_validated_vs_cfbd,verified
2022,401405082,39.5,39.5,0.0,cross_validated_vs_cfbd,verified
2022,401403991,59.0,59.0,0.0,cross_validated_vs_cfbd,verified
2022,401426562,57.0,57.0,0.0,cross_validated_vs_cfbd,verified
2022,401404069,47.75,47.5,0.25,cross_validated_vs_cfbd,verified
2022,401404074,49.25,49.0,0.25,cross_validated_vs_cfbd,verified
2022,401404159,64.25,64.5,0.25,cross_validated_vs_cfbd,verified
2022,401403886,62.75,62.5,0.25,cross_validated_vs_cfbd,verified
2022,401426563,61.5,61.5,0.0,cross_validated_vs_cfbd,verified
2022,401403989,57.75,58.0,0.25,cross_validated_vs_cfbd,verified
2022,401403890,45.5,45.5,0.0,cross_validated_vs_cfbd,verified
2022,401404072,56.0,55.5,0.5,cross_validated_vs_cfbd,verified
2022,401411109,57.0,57.0,0.0,cross_validated_vs_cfbd,verified
2022,401404149,58.75,59.0,0.25,cross_validated_vs_cfbd,verified
2022,401404071,53.0,53.0,0.0,cross_validated_vs_cfbd,verified
2022,401405087,73.75,73.5,0.25,cross_validated_vs_cfbd,verified
2022,401426561,38.0,37.5,0.5,cross_validated_vs_cfbd,verified
2022,401403888,56.0,55.5,0.5,cross_validated_vs_cfbd,verified
2022,401403993,48.5,48.0,0.5,cross_validated_vs_cfbd,verified
2022,401403992,71.5,71.5,0.0,cross_validated_vs_cfbd,verified
2022,401403994,56.5,56.5,0.0,cross_validated_vs_cfbd,verified
2022,401403889,67.0,67.5,0.5,cross_validated_vs_cfbd,verified
2022,401403883,58.25,58.0,0.25,cross_validated_vs_cfbd,verified
2022,401403995,52.25,52.0,0.25,cross_validated_vs_cfbd,verified
2022,401416603,64.75,65.0,0.25,cross_validated_vs_cfbd,verified
2022,401403885,53.0,53.0,0.0,cross_validated_vs_cfbd,verified
2022,401403887,56.5,56.5,0.0,cross_validated_vs_cfbd,verified
2022,401416602,59.0,59.0,0.0,cross_validated_vs_cfbd,verified
2022,401405083,58.25,58.0,0.25,cross_validated_vs_cfbd,verified
2022,401404136,56.0,56.0,0.0,cross_validated_vs_cfbd,verified
2022,401403884,49.5,49.5,0.0,cross_validated_vs_cfbd,verified
2022,401416600,53.0,53.0,0.0,cross_validated_vs_cfbd,verified
2022,401414780,44.25,44.5,0.25,cross_validated_vs_cfbd,verified
2022,401404073,58.5,58.5,0.0,cross_validated_vs_cfbd,verified
2022,401404070,65.5,65.5,0.0,cross_validated_vs_cfbd,verified
2022,401405085,45.25,45.0,0.25,cross_validated_vs_cfbd,verified
2022,401411123,58.0,58.0,0.0,cross_validated_vs_cfbd,verified
2022,401411119,63.25,63.5,0.25,cross_validated_vs_cfbd,verified
2022,401416604,57.25,56.5,0.75,cross_validated_vs_cfbd,source_variance
2022,401403894,51.0,51.0,0.0,cross_validated_vs_cfbd,verified
2022,401415220,46.75,46.5,0.25,cross_validated_vs_cfbd,verified
2022,401426570,52.5,52.5,0.0,cross_validated_vs_cfbd,verified
2022,401404160,53.0,53.5,0.5,cross_validated_vs_cfbd,verified
2022,401415222,61.75,61.5,0.25,cross_validated_vs_cfbd,verified
2022,401415224,44.5,44.5,0.0,cross_validated_vs_cfbd,verified
2022,401415037,56.75,56.5,0.25,cross_validated_vs_cfbd,verified
2022,401426568,53.5,53.5,0.0,cross_validated_vs_cfbd,verified
2022,401415040,48.5,48.5,0.0,cross_validated_vs_cfbd,verified
2022,401404078,72.0,72.0,0.0,cross_validated_vs_cfbd,verified
2022,401426565,65.5,65.0,0.5,cross_validated_vs_cfbd,verified
2022,401403895,61.25,62.0,0.75,cross_validated_vs_cfbd,source_variance
2022,401414781,44.0,44.0,0.0,cross_validated_vs_cfbd,verified
2022,401426336,51.0,,,,single_source
2022,401404126,55.5,55.5,0.0,cross_validated_vs_cfbd,verified
2022,401426566,57.25,57.0,0.25,cross_validated_vs_cfbd,verified
2022,401411117,53.75,53.5,0.25,cross_validated_vs_cfbd,verified
2022,401415225,48.5,48.5,0.0,cross_validated_vs_cfbd,verified
2022,401411116,49.75,49.5,0.25,cross_validated_vs_cfbd,verified
2022,401403892,60.75,61.5,0.75,cross_validated_vs_cfbd,source_variance
2022,401426569,68.5,68.5,0.0,cross_validated_vs_cfbd,verified
2022,401403897,44.0,43.5,0.5,cross_validated_vs_cfbd,verified
2022,401403898,66.5,,,,single_source
2022,401426571,44.75,44.5,0.25,cross_validated_vs_cfbd,verified
2022,401411122,56.5,56.5,0.0,cross_validated_vs_cfbd,verified
2022,401415223,49.25,49.5,0.25,cross_validated_vs_cfbd,verified
2022,401405092,50.0,50.5,0.5,cross_validated_vs_cfbd,verified
2022,401416605,67.0,67.0,0.0,cross_validated_vs_cfbd,verified
2022,401426393,51.5,51.5,0.0,cross_validated_vs_cfbd,verified
2022,401404150,47.75,48.0,0.25,cross_validated_vs_cfbd,verified
2022,401426567,59.0,58.0,1.0,cross_validated_vs_cfbd,source_variance
2022,401426335,56.0,55.5,0.5,cross_validated_vs_cfbd,verified
2022,401426564,66.75,66.5,0.25,cross_validated_vs_cfbd,verified
2022,401415624,48.5,48.0,0.5,cross_validated_vs_cfbd,verified
2022,401403896,53.0,53.0,0.0,cross_validated_vs_cfbd,verified
2022,401405091,34.5,34.5,0.0,cross_validated_vs_cfbd,verified
2022,401405099,43.5,43.5,0.0,cross_validated_vs_cfbd,verified
2022,401415229,44.5,44.0,0.5,cross_validated_vs_cfbd,verified
2022,401405104,58.0,57.5,0.5,cross_validated_vs_cfbd,verified
2022,401404002,58.0,58.0,0.0,cross_validated_vs_cfbd,verified
2022,401416609,49.5,50.0,0.5,cross_validated_vs_cfbd,verified
2022,401411124,48.25,48.0,0.25,cross_validated_vs_cfbd,verified
2022,401405105,50.0,50.0,0.0,cross_validated_vs_cfbd,verified
2022,401403906,45.0,45.5,0.5,cross_validated_vs_cfbd,verified
2022,401416611,65.5,65.5,0.0,cross_validated_vs_cfbd,verified
2022,401404006,54.25,54.0,0.25,cross_validated_vs_cfbd,verified
2022,401404084,59.0,59.0,0.0,cross_validated_vs_cfbd,verified
2022,401415627,59.0,59.0,0.0,cross_validated_vs_cfbd,verified
2022,401416608,58.5,58.5,0.0,cross_validated_vs_cfbd,verified
2022,401426577,51.0,51.0,0.0,cross_validated_vs_cfbd,verified
2022,401415625,51.75,52.0,0.25,cross_validated_vs_cfbd,verified
2022,401426573,56.0,56.0,0.0,cross_validated_vs_cfbd,verified
2022,401403902,61.0,61.0,0.0,cross_validated_vs_cfbd,verified
2022,401416607,55.75,56.5,0.75,cross_validated_vs_cfbd,source_variance
2022,401415629,65.0,64.5,0.5,cross_validated_vs_cfbd,verified
2022,401426341,47.25,47.5,0.25,cross_validated_vs_cfbd,verified
2022,401404083,56.0,56.0,0.0,cross_validated_vs_cfbd,verified
2022,401415230,42.5,42.5,0.0,cross_validated_vs_cfbd,verified
2022,401404086,69.75,69.5,0.25,cross_validated_vs_cfbd,verified
2022,401404151,51.0,51.0,0.0,cross_validated_vs_cfbd,verified
2022,401404003,61.0,61.5,0.5,cross_validated_vs_cfbd,verified
2022,401415228,38.0,38.0,0.0,cross_validated_vs_cfbd,verified
2022,401405103,58.25,58.0,0.25,cross_validated_vs_cfbd,verified
2022,401404085,56.25,56.0,0.25,cross_validated_vs_cfbd,verified
2022,401404087,61.0,61.0,0.0,cross_validated_vs_cfbd,verified
2022,401415226,60.0,60.0,0.0,cross_validated_vs_cfbd,verified
2022,401415628,49.75,50.0,0.25,cross_validated_vs_cfbd,verified
2022,401404005,63.0,63.0,0.0,cross_validated_vs_cfbd,verified
2022,401405100,42.0,42.0,0.0,cross_validated_vs_cfbd,verified
2022,401426576,64.0,63.5,0.5,cross_validated_vs_cfbd,verified
2022,401404137,54.0,54.0,0.0,cross_validated_vs_cfbd,verified
2022,401403905,55.0,,,,single_source
2022,401426337,69.75,70.0,0.25,cross_validated_vs_cfbd,verified
2022,401415227,38.0,38.5,0.5,cross_validated_vs_cfbd,verified
2022,401404161,47.5,47.5,0.0,cross_validated_vs_cfbd,verified
2022,401411125,45.75,46.0,0.25,cross_validated_vs_cfbd,verified
2022,401403903,44.5,44.5,0.0,cross_validated_vs_cfbd,verified
2022,401405102,61.75,61.5,0.25,cross_validated_vs_cfbd,verified
2022,401426575,67.5,67.5,0.0,cross_validated_vs_cfbd,verified
2022,401411129,47.0,,,,single_source
2022,401426578,55.0,55.0,0.0,cross_validated_vs_cfbd,verified
2022,401404007,64.75,65.0,0.25,cross_validated_vs_cfbd,verified
2022,401426338,51.5,51.5,0.0,cross_validated_vs_cfbd,verified
2022,401416610,50.5,50.5,0.0,cross_validated_vs_cfbd,verified
2022,401411126,55.0,55.0,0.0,cross_validated_vs_cfbd,verified
2022,401405101,53.0,53.5,0.5,cross_validated_vs_cfbd,verified
2022,401414782,53.5,53.0,0.5,cross_validated_vs_cfbd,verified
2022,401415626,55.5,56.0,0.5,cross_validated_vs_cfbd,verified
2022,401411128,57.25,57.5,0.25,cross_validated_vs_cfbd,verified
2022,401411127,67.5,67.5,0.0,cross_validated_vs_cfbd,verified
2022,401404004,52.5,53.0,0.5,cross_validated_vs_cfbd,verified
2022,401426340,58.75,59.0,0.25,cross_validated_vs_cfbd,verified
2022,401403907,54.5,54.5,0.0,cross_validated_vs_cfbd,verified
2022,401426574,54.0,54.0,0.0,cross_validated_vs_cfbd,verified
2022,401426581,52.75,53.0,0.25,cross_validated_vs_cfbd,verified
2022,401403904,70.25,69.0,1.25,cross_validated_vs_cfbd,source_variance
2022,401416615,59.25,,,,single_source
2022,401405108,57.75,57.0,0.75,cross_validated_vs_cfbd,source_variance
2022,401415632,45.75,46.0,0.25,cross_validated_vs_cfbd,verified
2022,401416617,55.25,56.0,0.75,cross_validated_vs_cfbd,source_variance
2022,401404009,55.75,56.0,0.25,cross_validated_vs_cfbd,verified
2022,401411134,50.25,50.5,0.25,cross_validated_vs_cfbd,verified
2022,401404010,53.25,53.0,0.25,cross_validated_vs_cfbd,verified
2022,401404127,51.5,51.5,0.0,cross_validated_vs_cfbd,verified
2022,401426342,66.5,67.5,1.0,cross_validated_vs_cfbd,source_variance
2022,401426580,52.25,52.5,0.25,cross_validated_vs_cfbd,verified
2022,401411132,54.0,53.5,0.5,cross_validated_vs_cfbd,verified
2022,401403915,59.75,59.5,0.25,cross_validated_vs_cfbd,verified
2022,401426343,55.0,55.0,0.0,cross_validated_vs_cfbd,verified
2022,401416616,59.0,59.0,0.0,cross_validated_vs_cfbd,verified
2022,401403910,53.5,53.5,0.0,cross_validated_vs_cfbd,verified
2022,401415630,57.75,57.5,0.25,cross_validated_vs_cfbd,verified
2022,401405109,59.5,60.0,0.5,cross_validated_vs_cfbd,verified
2022,401416614,55.25,56.0,0.75,cross_validated_vs_cfbd,source_variance
2022,401403912,44.5,44.0,0.5,cross_validated_vs_cfbd,verified
2022,401415231,53.75,53.5,0.25,cross_validated_vs_cfbd,verified
2022,401426346,44.0,44.0,0.0,cross_validated_vs_cfbd,verified
2022,401415633,58.5,58.5,0.0,cross_validated_vs_cfbd,verified
2022,401405106,36.25,36.5,0.25,cross_validated_vs_cfbd,verified
2022,401415235,49.0,49.0,0.0,cross_validated_vs_cfbd,verified
2022,401411136,47.5,47.5,0.0,cross_validated_vs_cfbd,verified
2022,401415232,45.25,45.0,0.25,cross_validated_vs_cfbd,verified
2022,401404012,64.5,64.5,0.0,cross_validated_vs_cfbd,verified
2022,401426579,46.5,46.5,0.0,cross_validated_vs_cfbd,verified
2022,401403909,48.25,48.0,0.25,cross_validated_vs_cfbd,verified
2022,401404011,64.5,64.5,0.0,cross_validated_vs_cfbd,verified
2022,401426345,54.5,54.5,0.0,cross_validated_vs_cfbd,verified
2022,401405107,44.5,45.0,0.5,cross_validated_vs_cfbd,verified
2022,401405110,64.75,64.5,0.25,cross_validated_vs_cfbd,verified
2022,401411133,67.75,67.5,0.25,cross_validated_vs_cfbd,verified
2022,401426582,72.5,72.0,0.5,cross_validated_vs_cfbd,verified
2022,401405111,50.5,51.0,0.5,cross_validated_vs_cfbd,verified
2022,401404088,45.0,45.0,0.0,cross_validated_vs_cfbd,verified
2022,401415234,37.0,36.5,0.5,cross_validated_vs_cfbd,verified
2022,401411135,42.0,,,,single_source
2022,401426344,57.75,,,,single_source
2022,401404089,70.5,70.5,0.0,cross_validated_vs_cfbd,verified
2022,401404138,65.5,65.5,0.0,cross_validated_vs_cfbd,verified
2022,401404008,72.5,72.0,0.5,cross_validated_vs_cfbd,verified
2022,401415233,45.0,45.0,0.0,cross_validated_vs_cfbd,verified
2022,401411131,48.75,48.5,0.25,cross_validated_vs_cfbd,verified
2022,401415236,51.5,51.5,0.0,cross_validated_vs_cfbd,verified
2022,401404091,65.5,65.0,0.5,cross_validated_vs_cfbd,verified
2022,401416613,63.5,63.0,0.5,cross_validated_vs_cfbd,verified
2022,401416618,56.5,56.0,0.5,cross_validated_vs_cfbd,verified
2022,401404090,65.5,65.0,0.5,cross_validated_vs_cfbd,verified
2022,401403913,63.25,63.5,0.25,cross_validated_vs_cfbd,verified
2022,401403911,49.5,49.5,0.0,cross_validated_vs_cfbd,verified
2022,401404164,45.75,45.5,0.25,cross_validated_vs_cfbd,verified
2022,401415631,55.5,56.0,0.5,cross_validated_vs_cfbd,verified
2022,401416623,61.5,61.5,0.0,cross_validated_vs_cfbd,verified
2022,401415240,51.5,52.0,0.5,cross_validated_vs_cfbd,verified
2022,401411140,48.25,48.0,0.25,cross_validated_vs_cfbd,verified
2022,401415634,46.5,46.5,0.0,cross_validated_vs_cfbd,verified
2022,401426349,67.75,67.5,0.25,cross_validated_vs_cfbd,verified
2022,401426347,45.0,45.0,0.0,cross_validated_vs_cfbd,verified
2022,401415635,58.75,59.0,0.25,cross_validated_vs_cfbd,verified
2022,401415238,45.5,46.0,0.5,cross_validated_vs_cfbd,verified
2022,401404015,51.5,51.5,0.0,cross_validated_vs_cfbd,verified
2022,401426348,58.5,58.5,0.0,cross_validated_vs_cfbd,verified
2022,401405114,63.5,63.5,0.0,cross_validated_vs_cfbd,verified
2022,401411139,42.25,42.0,0.25,cross_validated_vs_cfbd,verified
2022,401415637,62.5,62.0,0.5,cross_validated_vs_cfbd,verified
2022,401403918,56.5,56.5,0.0,cross_validated_vs_cfbd,verified
2022,401404094,66.25,66.5,0.25,cross_validated_vs_cfbd,verified
2022,401416619,60.5,60.5,0.0,cross_validated_vs_cfbd,verified
2022,401405115,48.75,49.0,0.25,cross_validated_vs_cfbd,verified
2022,401426585,54.5,55.0,0.5,cross_validated_vs_cfbd,verified
2022,401405116,49.75,49.5,0.25,cross_validated_vs_cfbd,verified
2022,401416622,45.0,45.0,0.0,cross_validated_vs_cfbd,verified
2022,401426583,65.0,65.0,0.0,cross_validated_vs_cfbd,verified
2022,401426350,51.0,51.5,0.5,cross_validated_vs_cfbd,verified
2022,401404013,71.5,71.5,0.0,cross_validated_vs_cfbd,verified
2022,401426584,63.75,64.5,0.75,cross_validated_vs_cfbd,source_variance
2022,401426587,67.5,67.5,0.0,cross_validated_vs_cfbd,verified
2022,401426351,53.0,53.0,0.0,cross_validated_vs_cfbd,verified
2022,401416620,64.25,64.0,0.25,cross_validated_vs_cfbd,verified
2022,401404153,47.5,47.5,0.0,cross_validated_vs_cfbd,verified
2022,401403921,68.0,68.5,0.5,cross_validated_vs_cfbd,verified
2022,401411137,70.0,70.5,0.5,cross_validated_vs_cfbd,verified
2022,401404017,65.0,65.0,0.0,cross_validated_vs_cfbd,verified
2022,401426352,47.0,47.0,0.0,cross_validated_vs_cfbd,verified
2022,401415636,55.0,55.0,0.0,cross_validated_vs_cfbd,verified
2022,401409239,38.5,39.5,1.0,cross_validated_vs_cfbd,source_variance
2022,401404016,53.25,53.0,0.25,cross_validated_vs_cfbd,verified
2022,401403919,50.5,50.5,0.0,cross_validated_vs_cfbd,verified
2022,401404014,48.75,49.0,0.25,cross_validated_vs_cfbd,verified
2022,401404092,55.0,55.0,0.0,cross_validated_vs_cfbd,verified
2022,401404095,70.25,70.5,0.25,cross_validated_vs_cfbd,verified
2022,401405113,56.0,56.0,0.0,cross_validated_vs_cfbd,verified
2022,401414783,47.5,47.0,0.5,cross_validated_vs_cfbd,verified
2022,401415237,50.0,50.0,0.0,cross_validated_vs_cfbd,verified
2022,401411138,51.0,51.0,0.0,cross_validated_vs_cfbd,verified
2022,401416621,62.5,62.5,0.0,cross_validated_vs_cfbd,verified
2022,401404093,48.5,48.5,0.0,cross_validated_vs_cfbd,verified
2022,401405112,40.0,40.0,0.0,cross_validated_vs_cfbd,verified
2022,401415239,47.0,47.0,0.0,cross_validated_vs_cfbd,verified
2022,401403916,66.75,66.5,0.25,cross_validated_vs_cfbd,verified
2022,401426586,68.25,68.5,0.25,cross_validated_vs_cfbd,verified
2022,401415243,40.25,40.0,0.25,cross_validated_vs_cfbd,verified
2022,401404128,46.5,46.5,0.0,cross_validated_vs_cfbd,verified
2022,401426356,66.0,66.0,0.0,cross_validated_vs_cfbd,verified
2022,401404018,52.25,52.0,0.25,cross_validated_vs_cfbd,verified
2022,401403922,61.5,61.5,0.0,cross_validated_vs_cfbd,verified
2022,401403925,44.5,44.5,0.0,cross_validated_vs_cfbd,verified
2022,401416627,44.0,44.0,0.0,cross_validated_vs_cfbd,verified
2022,401404098,58.5,58.5,0.0,cross_validated_vs_cfbd,verified
2022,401426592,60.5,60.5,0.0,cross_validated_vs_cfbd,verified
2022,401426591,73.0,73.0,0.0,cross_validated_vs_cfbd,verified
2022,401404163,58.0,58.0,0.0,cross_validated_vs_cfbd,verified
2022,401405119,49.75,50.0,0.25,cross_validated_vs_cfbd,verified
2022,401404019,54.75,55.0,0.25,cross_validated_vs_cfbd,verified
2022,401411141,48.0,48.0,0.0,cross_validated_vs_cfbd,verified
2022,401426590,57.0,56.5,0.5,cross_validated_vs_cfbd,verified
2022,401404097,54.75,54.5,0.25,cross_validated_vs_cfbd,verified
2022,401426353,60.5,61.0,0.5,cross_validated_vs_cfbd,verified
2022,401415242,46.0,46.0,0.0,cross_validated_vs_cfbd,verified
2022,401411144,59.0,59.0,0.0,cross_validated_vs_cfbd,verified
2022,401411145,60.0,60.5,0.5,cross_validated_vs_cfbd,verified
2022,401415244,44.5,44.5,0.0,cross_validated_vs_cfbd,verified
2022,401426589,50.75,50.0,0.75,cross_validated_vs_cfbd,source_variance
2022,401415241,46.5,46.5,0.0,cross_validated_vs_cfbd,verified
2022,401426354,47.0,47.0,0.0,cross_validated_vs_cfbd,verified
2022,401415638,53.5,53.5,0.0,cross_validated_vs_cfbd,verified
2022,401415641,59.5,59.5,0.0,cross_validated_vs_cfbd,verified
2022,401404099,65.25,65.5,0.25,cross_validated_vs_cfbd,verified
2022,401426588,63.5,63.5,0.0,cross_validated_vs_cfbd,verified
2022,401404096,56.75,56.5,0.25,cross_validated_vs_cfbd,verified
2022,401405118,51.0,51.0,0.0,cross_validated_vs_cfbd,verified
2022,401415245,36.0,36.0,0.0,cross_validated_vs_cfbd,verified
2022,401415639,55.5,55.5,0.0,cross_validated_vs_cfbd,verified
2022,401405117,51.25,51.5,0.25,cross_validated_vs_cfbd,verified
2022,401405121,48.0,48.0,0.0,cross_validated_vs_cfbd,verified
2022,401411142,50.0,50.5,0.5,cross_validated_vs_cfbd,verified
2022,401404021,70.75,70.5,0.25,cross_validated_vs_cfbd,verified
2022,401411143,55.0,55.0,0.0,cross_validated_vs_cfbd,verified
2022,401415640,50.75,51.0,0.25,cross_validated_vs_cfbd,verified
2022,401403923,64.0,64.0,0.0,cross_validated_vs_cfbd,verified
2022,401403924,49.0,49.0,0.0,cross_validated_vs_cfbd,verified
2022,401404020,47.5,47.5,0.0,cross_validated_vs_cfbd,verified
2022,401405120,43.0,43.5,0.5,cross_validated_vs_cfbd,verified
2022,401426359,42.75,43.0,0.25,cross_validated_vs_cfbd,verified
2022,401409242,39.0,39.0,0.0,cross_validated_vs_cfbd,verified
2022,401405125,55.0,55.0,0.0,cross_validated_vs_cfbd,verified
2022,401411146,39.0,39.0,0.0,cross_validated_vs_cfbd,verified
2022,401416630,54.0,54.0,0.0,cross_validated_vs_cfbd,verified
2022,401426593,61.25,61.0,0.25,cross_validated_vs_cfbd,verified
2022,401426363,52.0,52.0,0.0,cross_validated_vs_cfbd,verified
2022,401404023,48.5,48.5,0.0,cross_validated_vs_cfbd,verified
2022,401415246,42.5,42.5,0.0,cross_validated_vs_cfbd,verified
2022,401404025,64.5,64.5,0.0,cross_validated_vs_cfbd,verified
2022,401426597,70.0,70.0,0.0,cross_validated_vs_cfbd,verified
2022,401404102,57.5,57.5,0.0,cross_validated_vs_cfbd,verified
2022,401404022,73.75,74.5,0.75,cross_validated_vs_cfbd,source_variance
2022,401403931,55.25,55.5,0.25,cross_validated_vs_cfbd,verified
2022,401415249,44.5,44.5,0.0,cross_validated_vs_cfbd,verified
2022,401404129,48.0,48.0,0.0,cross_validated_vs_cfbd,verified
2022,401405123,40.5,40.5,0.0,cross_validated_vs_cfbd,verified
2022,401403928,56.5,56.5,0.0,cross_validated_vs_cfbd,verified
2022,401404101,61.0,61.0,0.0,cross_validated_vs_cfbd,verified
2022,401416631,51.5,51.5,0.0,cross_validated_vs_cfbd,verified
2022,401403927,60.0,60.0,0.0,cross_validated_vs_cfbd,verified
2022,401405124,50.75,50.5,0.25,cross_validated_vs_cfbd,verified
2022,401405126,60.75,60.5,0.25,cross_validated_vs_cfbd,verified
2022,401426594,57.0,57.0,0.0,cross_validated_vs_cfbd,verified
2022,401404100,58.25,58.0,0.25,cross_validated_vs_cfbd,verified
2022,401403929,45.25,45.5,0.25,cross_validated_vs_cfbd,verified
2022,401411150,48.5,48.5,0.0,cross_validated_vs_cfbd,verified
2022,401411147,48.0,48.0,0.0,cross_validated_vs_cfbd,verified
2022,401405122,37.5,38.0,0.5,cross_validated_vs_cfbd,verified
2022,401426595,45.0,45.0,0.0,cross_validated_vs_cfbd,verified
2022,401404154,44.0,43.5,0.5,cross_validated_vs_cfbd,verified
2022,401404026,56.5,56.5,0.0,cross_validated_vs_cfbd,verified
2022,401404103,70.0,69.5,0.5,cross_validated_vs_cfbd,verified
2022,401426361,53.75,54.0,0.25,cross_validated_vs_cfbd,verified
2022,401415647,63.5,63.5,0.0,cross_validated_vs_cfbd,verified
2022,401415247,50.75,51.0,0.25,cross_validated_vs_cfbd,verified
2022,401411149,65.5,65.5,0.0,cross_validated_vs_cfbd,verified
2022,401426596,52.0,52.0,0.0,cross_validated_vs_cfbd,verified
2022,401426362,54.0,53.5,0.5,cross_validated_vs_cfbd,verified
2022,401411148,66.25,66.5,0.25,cross_validated_vs_cfbd,verified
2022,401403930,62.75,63.5,0.75,cross_validated_vs_cfbd,source_variance
2022,401415248,44.5,44.5,0.0,cross_validated_vs_cfbd,verified
2022,401411156,61.5,61.5,0.0,cross_validated_vs_cfbd,verified
2022,401426601,47.0,47.0,0.0,cross_validated_vs_cfbd,verified
2022,401404104,61.5,61.5,0.0,cross_validated_vs_cfbd,verified
2022,401403937,53.5,53.5,0.0,cross_validated_vs_cfbd,verified
2022,401405127,41.0,41.5,0.5,cross_validated_vs_cfbd,verified
2022,401405131,47.5,48.0,0.5,cross_validated_vs_cfbd,verified
2022,401404155,39.5,40.0,0.5,cross_validated_vs_cfbd,verified
2022,401411151,47.25,47.5,0.25,cross_validated_vs_cfbd,verified
2022,401415652,65.75,65.5,0.25,cross_validated_vs_cfbd,verified
2022,401415252,42.5,42.5,0.0,cross_validated_vs_cfbd,verified
2022,401405128,44.5,44.5,0.0,cross_validated_vs_cfbd,verified
2022,401411154,54.0,54.0,0.0,cross_validated_vs_cfbd,verified
2022,401403936,40.0,40.0,0.0,cross_validated_vs_cfbd,verified
2022,401403932,61.25,61.5,0.25,cross_validated_vs_cfbd,verified
2022,401405129,55.25,55.0,0.25,cross_validated_vs_cfbd,verified
2022,401426364,65.25,65.5,0.25,cross_validated_vs_cfbd,verified
2022,401416635,47.75,48.0,0.25,cross_validated_vs_cfbd,verified
2022,401426598,72.5,72.5,0.0,cross_validated_vs_cfbd,verified
2022,401405130,39.25,39.5,0.25,cross_validated_vs_cfbd,verified
2022,401404141,40.5,40.5,0.0,cross_validated_vs_cfbd,verified
2022,401411152,53.5,53.5,0.0,cross_validated_vs_cfbd,verified
2022,401404031,53.5,53.5,0.0,cross_validated_vs_cfbd,verified
2022,401411157,40.5,40.5,0.0,cross_validated_vs_cfbd,verified
2022,401404030,62.5,62.5,0.0,cross_validated_vs_cfbd,verified
2022,401403935,50.5,50.5,0.0,cross_validated_vs_cfbd,verified
2022,401415651,60.5,60.5,0.0,cross_validated_vs_cfbd,verified
2022,401404105,49.5,49.0,0.5,cross_validated_vs_cfbd,verified
2022,401404032,48.25,48.5,0.25,cross_validated_vs_cfbd,verified
2022,401403934,56.75,56.0,0.75,cross_validated_vs_cfbd,source_variance
2022,401426599,63.0,63.5,0.5,cross_validated_vs_cfbd,verified
2022,401415251,44.5,44.5,0.0,cross_validated_vs_cfbd,verified
2022,401426600,63.5,63.5,0.0,cross_validated_vs_cfbd,verified
2022,401405133,45.0,45.0,0.0,cross_validated_vs_cfbd,verified
2022,401405132,50.25,50.0,0.25,cross_validated_vs_cfbd,verified
2022,401415253,62.0,62.0,0.0,cross_validated_vs_cfbd,verified
2022,401403938,49.0,49.0,0.0,cross_validated_vs_cfbd,verified
2022,401411155,47.5,,,,single_source
2022,401404106,63.0,59.0,4.0,cross_validated_vs_cfbd,source_conflict
2022,401415650,43.5,43.5,0.0,cross_validated_vs_cfbd,verified
2022,401404028,67.25,67.5,0.25,cross_validated_vs_cfbd,verified
2022,401403933,65.25,65.0,0.25,cross_validated_vs_cfbd,verified
2022,401404130,43.5,43.5,0.0,cross_validated_vs_cfbd,verified
2022,401416632,61.75,61.5,0.25,cross_validated_vs_cfbd,verified
2022,401426602,53.25,53.0,0.25,cross_validated_vs_cfbd,verified
2022,401404108,69.0,69.0,0.0,cross_validated_vs_cfbd,verified
2022,401415250,54.25,54.0,0.25,cross_validated_vs_cfbd,verified
2022,401404107,54.75,54.0,0.75,cross_validated_vs_cfbd,source_variance
2022,401404027,67.75,68.0,0.25,cross_validated_vs_cfbd,verified
2022,401411153,54.0,54.0,0.0,cross_validated_vs_cfbd,verified
2022,401404029,61.5,61.0,0.5,cross_validated_vs_cfbd,verified
2022,401426370,63.0,63.0,0.0,cross_validated_vs_cfbd,verified
2022,401405139,62.25,62.5,0.25,cross_validated_vs_cfbd,verified
2022,401415259,62.0,62.0,0.0,cross_validated_vs_cfbd,verified
2022,401416639,49.0,48.5,0.5,cross_validated_vs_cfbd,verified
2022,401426605,68.75,68.5,0.25,cross_validated_vs_cfbd,verified
2022,401415655,55.5,56.0,0.5,cross_validated_vs_cfbd,verified
2022,401405134,44.0,44.0,0.0,cross_validated_vs_cfbd,verified
2022,401426603,67.0,67.5,0.5,cross_validated_vs_cfbd,verified
2022,401426607,61.0,61.0,0.0,cross_validated_vs_cfbd,verified
2022,401426606,58.0,58.0,0.0,cross_validated_vs_cfbd,verified
2022,401415256,37.25,37.5,0.25,cross_validated_vs_cfbd,verified
2022,401411164,79.25,79.0,0.25,cross_validated_vs_cfbd,verified
2022,401415657,54.5,54.5,0.0,cross_validated_vs_cfbd,verified
2022,401416640,54.0,54.0,0.0,cross_validated_vs_cfbd,verified
2022,401404035,59.5,59.5,0.0,cross_validated_vs_cfbd,verified
2022,401404142,45.25,45.0,0.25,cross_validated_vs_cfbd,verified
2022,401415260,41.25,41.0,0.25,cross_validated_vs_cfbd,verified
2022,401426373,47.5,47.5,0.0,cross_validated_vs_cfbd,verified
2022,401404036,47.0,47.0,0.0,cross_validated_vs_cfbd,verified
2022,401416641,55.75,56.0,0.25,cross_validated_vs_cfbd,verified
2022,401415656,72.5,72.5,0.0,cross_validated_vs_cfbd,verified
2022,401404033,66.0,65.5,0.5,cross_validated_vs_cfbd,verified
2022,401403945,57.5,57.5,0.0,cross_validated_vs_cfbd,verified
2022,401403944,53.0,53.0,0.0,cross_validated_vs_cfbd,verified
2022,401404037,74.0,74.0,0.0,cross_validated_vs_cfbd,verified
2022,401426375,45.75,46.0,0.25,cross_validated_vs_cfbd,verified
2022,401411159,49.75,50.0,0.25,cross_validated_vs_cfbd,verified
2022,401415654,51.25,52.0,0.75,cross_validated_vs_cfbd,source_variance
2022,401415258,42.5,42.5,0.0,cross_validated_vs_cfbd,verified
2022,401404156,45.0,45.0,0.0,cross_validated_vs_cfbd,verified
2022,401416636,53.5,53.5,0.0,cross_validated_vs_cfbd,verified
2022,401404034,77.5,77.0,0.5,cross_validated_vs_cfbd,verified
2022,401416638,52.0,52.0,0.0,cross_validated_vs_cfbd,verified
2022,401405135,35.5,36.0,0.5,cross_validated_vs_cfbd,verified
2022,401403943,65.5,,,,single_source
2022,401403939,58.5,58.0,0.5,cross_validated_vs_cfbd,verified
2022,401405136,41.0,41.0,0.0,cross_validated_vs_cfbd,verified
2022,401404038,54.0,54.0,0.0,cross_validated_vs_cfbd,verified
2022,401426372,59.75,59.5,0.25,cross_validated_vs_cfbd,verified
2022,401414784,49.5,49.5,0.0,cross_validated_vs_cfbd,verified
2022,401411158,51.75,52.0,0.25,cross_validated_vs_cfbd,verified
2022,401416637,57.25,57.0,0.25,cross_validated_vs_cfbd,verified
2022,401405137,49.75,49.5,0.25,cross_validated_vs_cfbd,verified
2022,401403941,58.0,58.0,0.0,cross_validated_vs_cfbd,verified
2022,401411160,43.5,44.0,0.5,cross_validated_vs_cfbd,verified
2022,401415653,62.5,62.5,0.0,cross_validated_vs_cfbd,verified
2022,401415255,47.5,47.5,0.0,cross_validated_vs_cfbd,verified
2022,401403940,48.5,48.5,0.0,cross_validated_vs_cfbd,verified
2022,401415257,55.0,55.0,0.0,cross_validated_vs_cfbd,verified
2022,401426371,48.0,48.0,0.0,cross_validated_vs_cfbd,verified
2022,401411162,51.25,51.5,0.25,cross_validated_vs_cfbd,verified
2022,401411161,41.0,41.0,0.0,cross_validated_vs_cfbd,verified
2022,401405140,56.5,56.5,0.0,cross_validated_vs_cfbd,verified
2022,401403942,45.5,45.5,0.0,cross_validated_vs_cfbd,verified
2022,401405138,41.0,41.0,0.0,cross_validated_vs_cfbd,verified
2022,401426374,48.0,48.0,0.0,cross_validated_vs_cfbd,verified
2022,401404111,63.5,62.5,1.0,cross_validated_vs_cfbd,source_variance
2022,401416643,57.5,57.0,0.5,cross_validated_vs_cfbd,verified
2022,401416642,46.5,46.5,0.0,cross_validated_vs_cfbd,verified
2022,401403952,46.5,,,,single_source
2022,401416644,60.0,,,,single_source
2022,401405147,45.0,,,,single_source
2022,401416646,44.0,,,,single_source
2022,401404116,63.5,,,,single_source
2022,401426379,45.0,,,,single_source
2022,401415658,65.0,,,,single_source
2022,401411168,63.0,,,,single_source
2022,401415265,51.0,,,,single_source
2022,401404039,63.0,,,,single_source
2022,401415659,57.5,,,,single_source
2022,401426609,50.0,,,,single_source
2022,401415661,53.0,,,,single_source
2022,401403949,47.25,,,,single_source
2022,401404041,45.75,,,,single_source
2022,401405142,40.5,,,,single_source
2022,401426380,50.0,,,,single_source
2022,401426376,50.5,,,,single_source
2022,401426613,54.0,,,,single_source
2022,401415262,43.0,,,,single_source
2022,401415266,56.5,,,,single_source
2022,401405143,44.25,,,,single_source
2022,401426381,48.5,,,,single_source
2022,401405145,41.5,,,,single_source
2022,401403955,58.25,,,,single_source
2022,401426378,52.0,,,,single_source
2022,401415663,49.0,,,,single_source
2022,401411166,52.25,,,,single_source
2022,401403954,46.0,,,,single_source
2022,401404165,46.25,,,,single_source
2022,401426608,66.5,,,,single_source
2022,401404143,45.0,,,,single_source
2022,401405146,47.25,,,,single_source
2022,401404117,54.5,,,,single_source
2022,401404040,53.5,,,,single_source
2022,401411169,49.0,,,,single_source
2022,401404114,58.25,,,,single_source
2022,401426611,56.0,,,,single_source
2022,401405144,62.5,,,,single_source
2022,401411165,47.5,,,,single_source
2022,401415660,66.5,,,,single_source
2022,401404132,42.0,,,,single_source
2022,401426610,51.0,,,,single_source
2022,401411167,43.0,,,,single_source
2022,401405141,31.5,,,,single_source
2022,401426377,52.25,,,,single_source
2022,401404115,47.25,,,,single_source
2022,401415261,44.5,,,,single_source
2022,401403953,67.0,,,,single_source
2022,401404118,67.75,,,,single_source
2022,401403947,68.0,,,,single_source
2022,401411171,58.75,,,,single_source
2022,401404044,77.5,,,,single_source
2022,401426612,50.5,,,,single_source
2022,401404042,60.25,,,,single_source
2022,401404043,61.5,,,,single_source
2022,401415263,54.0,,,,single_source
2022,401416648,45.0,,,,single_source
2022,401416649,52.5,,,,single_source
2022,401416651,50.25,,,,single_source
2022,401415269,52.0,,,,single_source
2022,401415268,36.0,,,,single_source
2022,401415270,50.5,,,,single_source
2022,401405150,36.75,,,,single_source
2022,401404047,56.75,,,,single_source
2022,401426615,62.25,,,,single_source
2022,401426618,56.5,,,,single_source
2022,401426383,53.0,,,,single_source
2022,401416653,51.0,,,,single_source
2022,401405152,48.5,,,,single_source
2022,401405151,53.0,,,,single_source
2022,401403960,42.5,,,,single_source
2022,401426386,44.0,,,,single_source
2022,401415267,43.5,,,,single_source
2022,401411175,44.0,,,,single_source
2022,401404133,62.75,,,,single_source
2022,401411173,47.0,,,,single_source
2022,401426389,47.0,,,,single_source
2022,401403959,49.0,,,,single_source
2022,401404144,45.25,,,,single_source
2022,401404121,62.5,,,,single_source
2022,401405153,56.25,,,,single_source
2022,401403962,53.25,,,,single_source
2022,401411174,67.5,,,,single_source
2022,401426617,57.25,,,,single_source
2022,401411172,56.25,,,,single_source
2022,401415667,67.25,,,,single_source
2022,401426616,55.25,,,,single_source
2022,401415271,58.0,,,,single_source
2022,401404048,52.0,,,,single_source
2022,401426382,66.0,,,,single_source
2022,401415272,49.0,,,,single_source
2022,401416650,53.25,,,,single_source
2022,401404119,55.5,,,,single_source
2022,401404045,66.5,,,,single_source
2022,401426614,54.5,,,,single_source
2022,401404120,45.75,,,,single_source
2022,401405149,38.0,,,,single_source
2022,401415666,68.75,,,,single_source
2022,401404122,65.5,,,,single_source
2022,401405148,38.0,,,,single_source
2022,401403957,51.0,,,,single_source
2022,401404051,60.0,,,,single_source
2022,401403956,63.0,,,,single_source
2022,401403963,47.5,,,,single_source
2022,401404123,59.75,,,,single_source
2022,401426384,43.75,,,,single_source
2022,401404166,50.75,,,,single_source
2022,401416652,51.75,,,,single_source
2022,401426390,45.5,,,,single_source
2022,401404049,57.75,,,,single_source
2022,401415668,67.0,,,,single_source
2022,401426385,50.0,,,,single_source
2022,401415665,44.25,,,,single_source
2022,401415664,52.0,,,,single_source
2022,401403961,55.5,,,,single_source
2022,401405154,54.5,,,,single_source
2022,401403964,64.0,,,,single_source
2022,401437037,49.0,,,,single_source
2022,401437030,60.75,,,,single_source
2022,401437032,70.0,,,,single_source
2022,401437034,54.5,,,,single_source
2022,401506450,55.0,,,,single_source
2022,401437035,67.5,,,,single_source
2022,401437008,57.25,,,,single_source
2022,401437033,54.5,,,,single_source
2022,401442015,62.25,,,,single_source
2022,401437031,54.0,,,,single_source
2022,401442004,54.0,,,,single_source
2022,401442042,56.5,,,,single_source
2022,401442040,42.25,,,,single_source
2022,401442014,55.25,,,,single_source
2022,401442038,54.0,,,,single_source
2022,401442001,63.0,,,,single_source
2022,401441997,65.0,,,,single_source
2022,401442035,45.25,,,,single_source
2022,401442008,62.75,,,,single_source
2022,401442018,58.25,,,,single_source
2022,401443543,43.0,,,,single_source
2022,401442003,42.0,,,,single_source
2022,401441993,45.25,,,,single_source
2022,401442036,50.5,,,,single_source
2022,401442002,67.25,,,,single_source
2022,401441999,51.75,,,,single_source
2022,401470891,76.0,,,,single_source
2022,401442030,70.25,,,,single_source
2022,401442041,46.0,,,,single_source
2022,401442011,46.5,,,,single_source
2022,401442017,31.5,,,,single_source
2022,401441995,38.5,,,,single_source
2022,401442039,57.75,,,,single_source
2022,401442019,61.5,,,,single_source
2022,401442000,57.0,,,,single_source
2022,401442033,66.75,,,,single_source
2022,401442016,56.0,,,,single_source
2022,401442007,58.75,,,,single_source
2022,401404145,32.0,,,,single_source
2022,401442031,72.75,,,,single_source
2022,401442012,54.25,,,,single_source
2022,401441994,56.0,,,,single_source
2022,401442013,66.75,,,,single_source
2022,401442032,44.75,,,,single_source
2022,401442034,67.25,,,,single_source
2022,401441998,66.75,,,,single_source
2022,401442037,50.75,,,,single_source
2022,401442006,51.25,,,,single_source
2022,401442009,47.25,,,,single_source
2022,401442005,45.0,,,,single_source
2022,401443542,54.75,,,,single_source
2022,401442010,61.75,,,,single_source
2022,401426549,64.5,64.5,0.0,cross_validated_vs_cfbd,verified
2022,401426550,52.5,52.5,0.0,cross_validated_vs_cfbd,verified
2022,401421117,58.5,,,,single_source
2022,401405075,50.5,50.5,0.0,cross_validated_vs_cfbd,verified
2022,401421129,44.5,45.0,0.5,cross_validated_vs_cfbd,verified
2022,401404075,64.5,64.5,0.0,cross_validated_vs_cfbd,verified
2022,401415218,53.5,53.5,0.0,cross_validated_vs_cfbd,verified
2022,401403881,60.0,60.0,0.0,cross_validated_vs_cfbd,verified
2022,401411112,53.0,52.5,0.5,cross_validated_vs_cfbd,verified
2022,401415621,58.0,58.0,0.0,cross_validated_vs_cfbd,verified
2022,401403874,61.0,,,,single_source
2022,401426546,63.5,64.0,0.5,cross_validated_vs_cfbd,verified
2022,401411104,65.5,65.5,0.0,cross_validated_vs_cfbd,verified
2022,401415615,59.5,59.0,0.5,cross_validated_vs_cfbd,verified
2022,401415618,61.5,61.5,0.0,cross_validated_vs_cfbd,verified
2022,401413257,50.5,50.5,0.0,cross_validated_vs_cfbd,verified
2022,401403985,49.0,49.0,0.0,cross_validated_vs_cfbd,verified
2022,401403982,58.5,58.5,0.0,cross_validated_vs_cfbd,verified
2022,401411106,55.0,55.5,0.5,cross_validated_vs_cfbd,verified
2022,401405071,56.5,58.0,1.5,cross_validated_vs_cfbd,source_conflict
2022,401405074,54.0,54.0,0.0,cross_validated_vs_cfbd,verified
2022,401415216,61.5,61.5,0.0,cross_validated_vs_cfbd,verified
2022,401416599,54.0,54.0,0.0,cross_validated_vs_cfbd,verified
2022,401423439,52.0,52.0,0.0,cross_validated_vs_cfbd,verified
2022,401426547,64.5,64.0,0.5,cross_validated_vs_cfbd,verified
2022,401403873,58.0,56.5,1.5,cross_validated_vs_cfbd,source_conflict
2022,401403983,55.0,55.0,0.0,cross_validated_vs_cfbd,verified
2022,401420788,54.5,54.5,0.0,cross_validated_vs_cfbd,verified
2022,401415616,66.0,66.0,0.0,cross_validated_vs_cfbd,verified
2022,401404067,66.5,66.5,0.0,cross_validated_vs_cfbd,verified
2022,401415032,50.5,50.5,0.0,cross_validated_vs_cfbd,verified
2022,401426557,52.5,52.5,0.0,cross_validated_vs_cfbd,verified
2022,401404139,51.0,51.0,0.0,cross_validated_vs_cfbd,verified
2022,401404162,55.0,54.5,0.5,cross_validated_vs_cfbd,verified
2022,401403872,62.5,62.5,0.0,cross_validated_vs_cfbd,verified
2022,401415614,39.5,39.5,0.0,cross_validated_vs_cfbd,verified
2022,401403981,61.5,62.5,1.0,cross_validated_vs_cfbd,source_variance
2022,401411102,51.5,51.5,0.0,cross_validated_vs_cfbd,verified
2022,401411097,60.5,60.5,0.0,cross_validated_vs_cfbd,verified
2022,401403990,56.5,56.5,0.0,cross_validated_vs_cfbd,verified
2022,401403926,71.5,71.5,0.0,cross_validated_vs_cfbd,verified
2022,401426360,59.5,59.5,0.0,cross_validated_vs_cfbd,verified
2022,401413216,64.0,64.0,0.0,cross_validated_vs_cfbd,verified
2022,401409241,48.5,49.0,0.5,cross_validated_vs_cfbd,verified
2022,401426572,65.5,65.0,0.5,cross_validated_vs_cfbd,verified
2022,401415221,59.5,59.5,0.0,cross_validated_vs_cfbd,verified
2022,401403908,57.0,57.0,0.0,cross_validated_vs_cfbd,verified
2022,401403946,58.0,,,,single_source
2022,401403951,62.5,,,,single_source
2022,401415662,67.5,,,,single_source
2022,401404057,54.5,54.5,0.0,cross_validated_vs_cfbd,verified
2022,401415177,54.5,54.5,0.0,cross_validated_vs_cfbd,verified
2022,401416595,57.0,57.0,0.0,cross_validated_vs_cfbd,verified
2022,401405081,55.5,55.5,0.0,cross_validated_vs_cfbd,verified
2022,401421140,54.5,54.5,0.0,cross_validated_vs_cfbd,verified
2022,401426339,56.0,55.5,0.5,cross_validated_vs_cfbd,verified
2022,401416596,51.5,51.5,0.0,cross_validated_vs_cfbd,verified
2022,401426332,66.5,66.5,0.0,cross_validated_vs_cfbd,verified
2022,401507088,55.0,,,,single_source
2022,401416568,,53.0,,sbro_heuristic_only_unvalidated,single_source
2022,401415219,,65.5,,sbro_heuristic_only_unvalidated,single_source
2022,401420863,,,,,missing
2022,401415619,,51.5,,sbro_heuristic_only_unvalidated,single_source
2023,401523990,54.5,,,,single_source
2023,401520400,57.5,,,,single_source
2023,401525451,41.5,,,,single_source
2023,401525545,68.5,,,,single_source
2023,401531926,53.0,,,,single_source
2023,401531917,61.5,,,,single_source
2023,401525549,53.5,,,,single_source
2023,401525905,55.5,,,,single_source
2023,401532625,45.0,,,,single_source
2023,401520361,32.0,,,,single_source
2023,401532441,39.75,,,,single_source
2023,401532454,34.0,,,,single_source
2023,401532442,41.25,,,,single_source
2023,401532440,46.0,,,,single_source
2023,401531410,57.0,,,,single_source
2023,401532437,43.0,,,,single_source
2023,401525904,46.0,,,,single_source
2023,401520426,53.5,,,,single_source
2023,401532620,44.75,,,,single_source
2023,401520444,54.5,,,,single_source
2023,401531918,56.25,,,,single_source
2023,401532438,56.75,,,,single_source
2023,401532439,44.75,,,,single_source
2023,401520425,26.0,,,,single_source
2023,401531928,57.0,,,,single_source
2023,401525898,59.5,,,,single_source
2023,401525561,41.0,,,,single_source
2023,401531911,53.0,,,,single_source
2023,401525546,50.5,,,,single_source
2023,401531394,65.0,,,,single_source
2023,401531401,67.0,,,,single_source
2023,401531437,67.5,,,,single_source
2023,401531346,44.0,,,,single_source
2023,401520386,47.0,,,,single_source
2023,401532618,48.0,,,,single_source
2023,401525557,52.25,,,,single_source
2023,401520442,58.0,,,,single_source
2023,401520404,48.25,,,,single_source
2023,401531416,45.0,,,,single_source
2023,401524066,50.5,,,,single_source
2023,401531408,51.5,,,,single_source
2023,401525551,43.5,,,,single_source
2023,401525901,53.5,,,,single_source
2023,401520395,47.0,,,,single_source
2023,401525892,64.0,,,,single_source
2023,401531912,55.5,,,,single_source
2023,401520440,50.5,,,,single_source
2023,401525548,54.25,,,,single_source
2023,401531393,68.0,,,,single_source
2023,401525547,49.0,,,,single_source
2023,401520396,55.75,,,,single_source
2023,401520385,47.5,,,,single_source
2023,401532623,49.5,,,,single_source
2023,401525888,61.75,,,,single_source
2023,401525560,50.0,,,,single_source
2023,401520388,58.5,,,,single_source
2023,401524052,55.5,,,,single_source
2023,401520398,43.25,,,,single_source
2023,401532629,58.5,,,,single_source
2023,401532615,54.0,,,,single_source
2023,401520384,28.5,,,,single_source
2023,401524051,59.5,,,,single_source
2023,401532616,59.5,,,,single_source
2023,401525886,42.25,,,,single_source
2023,401531913,62.5,,,,single_source
2023,401524065,50.5,,,,single_source
2023,401525906,61.0,,,,single_source
2023,401532449,37.75,,,,single_source
2023,401531915,46.0,,,,single_source
2023,401520391,59.0,,,,single_source
2023,401525889,55.5,,,,single_source
2023,401520387,49.0,,,,single_source
2023,401520380,48.75,,,,single_source
2023,401524054,53.25,,,,single_source
2023,401531914,56.5,,,,single_source
2023,401525890,59.0,,,,single_source
2023,401524055,45.5,,,,single_source
2023,401532453,45.0,,,,single_source
2023,401520432,49.25,,,,single_source
2023,401520383,43.5,,,,single_source
2023,401531400,55.0,,,,single_source
2023,401525903,59.0,,,,single_source
2023,401520392,42.5,,,,single_source
2023,401531344,53.0,,,,single_source
2023,401520390,51.5,,,,single_source
2023,401520399,53.5,,,,single_source
2023,401525552,38.0,,,,single_source
2023,401531384,51.5,,,,single_source
2023,401531916,55.5,,,,single_source
2023,401525887,54.0,,,,single_source
2023,401532617,46.5,,,,single_source
2023,401520397,40.5,,,,single_source
2023,401532614,51.5,,,,single_source
2023,401532613,48.0,,,,single_source
2023,401520362,61.0,,,,single_source
2023,401520363,49.5,,,,single_source
2023,401520364,56.0,,,,single_source
2023,401520365,45.25,,,,single_source
2023,401520366,58.5,,,,single_source
2023,401520367,50.25,,,,single_source
2023,401520368,53.25,,,,single_source
2023,401520369,34.5,,,,single_source
2023,401520370,43.5,,,,single_source
2023,401520371,45.25,,,,single_source
2023,401520372,56.0,,,,single_source
2023,401520373,30.75,,,,single_source
2023,401520374,53.0,,,,single_source
2023,401520375,42.75,,,,single_source
2023,401520376,55.0,,,,single_source
2023,401520377,55.25,,,,single_source
2023,401520378,54.25,,,,single_source
2023,401524045,49.5,,,,single_source
2023,401524046,61.5,,,,single_source
2023,401524047,60.25,,,,single_source
2023,401524048,76.25,,,,single_source
2023,401524049,39.75,,,,single_source
2023,401524050,58.75,,,,single_source
2023,401525441,44.5,,,,single_source
2023,401525539,41.0,,,,single_source
2023,401525540,49.0,,,,single_source
2023,401525541,50.0,,,,single_source
2023,401525542,56.75,,,,single_source
2023,401525544,44.0,,,,single_source
2023,401525879,59.25,,,,single_source
2023,401525880,58.5,,,,single_source
2023,401525881,59.75,,,,single_source
2023,401525882,53.25,,,,single_source
2023,401525883,62.0,,,,single_source
2023,401525885,48.75,,,,single_source
2023,401531343,47.75,,,,single_source
2023,401531374,45.25,,,,single_source
2023,401531383,59.25,,,,single_source
2023,401531392,46.0,,,,single_source
2023,401531399,71.0,,,,single_source
2023,401531425,68.25,,,,single_source
2023,401531440,59.25,,,,single_source
2023,401531904,44.0,,,,single_source
2023,401531905,56.5,,,,single_source
2023,401531906,53.0,,,,single_source
2023,401531907,51.25,,,,single_source
2023,401531908,59.75,,,,single_source
2023,401531909,56.25,,,,single_source
2023,401532434,47.0,,,,single_source
2023,401532435,39.5,,,,single_source
2023,401532436,39.0,,,,single_source
2023,401532608,54.25,,,,single_source
2023,401532609,42.5,,,,single_source
2023,401532610,50.25,,,,single_source
2023,401532611,59.5,,,,single_source
2023,401520428,54.0,,,,single_source
2023,401539483,54.75,,,,single_source
2023,401539478,48.25,,,,single_source
2023,401539476,56.0,,,,single_source
2023,401539481,44.5,,,,single_source
2023,401525529,46.5,,,,single_source
2023,401525530,49.25,,,,single_source
2023,401520333,47.5,,,,single_source
2023,401520334,46.0,,,,single_source
2023,401520336,40.75,,,,single_source
2023,401520340,46.5,,,,single_source
2023,401525857,53.75,,,,single_source
2023,401520343,46.25,,,,single_source
2023,401520301,42.25,,,,single_source
2023,401531380,68.0,,,,single_source
2023,401520338,30.5,,,,single_source
2023,401525528,57.0,,,,single_source
2023,401525830,68.5,,,,single_source
2023,401520314,43.5,,,,single_source
2023,401520315,42.75,,,,single_source
2023,401520321,45.5,,,,single_source
2023,401520327,55.0,,,,single_source
2023,401524029,59.0,,,,single_source
2023,401531371,55.75,,,,single_source
2023,401520158,55.0,,,,single_source
2023,401525862,51.0,,,,single_source
2023,401524041,67.25,,,,single_source
2023,401531415,49.5,,,,single_source
2023,401520323,52.5,,,,single_source
2023,401520325,50.0,,,,single_source
2023,401520326,54.25,,,,single_source
2023,401520328,34.25,,,,single_source
2023,401524030,57.0,,,,single_source
2023,401531901,56.0,,,,single_source
2023,401524033,43.25,,,,single_source
2023,401524034,67.0,,,,single_source
2023,401525523,43.25,,,,single_source
2023,401525524,53.25,,,,single_source
2023,401525525,44.75,,,,single_source
2023,401525526,57.0,,,,single_source
2023,401531899,46.0,,,,single_source
2023,401520276,36.25,,,,single_source
2023,401520445,28.0,,,,single_source
2023,401539475,66.25,,,,single_source
2023,401539477,49.0,,,,single_source
2023,401539479,56.25,,,,single_source
2023,401539480,35.5,,,,single_source
2023,401539482,60.0,,,,single_source
2023,401539484,52.25,,,,single_source
2023,401551766,46.5,,,,single_source
2023,401551753,54.5,,,,single_source
2023,401551778,57.25,,,,single_source
2023,401551782,68.0,,,,single_source
2023,401551780,36.5,,,,single_source
2023,401551786,46.0,,,,single_source
2023,401551788,62.75,,,,single_source
2023,401551469,49.0,,,,single_source
2023,401551767,57.75,,,,single_source
2023,401551733,48.5,,,,single_source
2023,401551732,52.5,,,,single_source
2023,401551746,51.25,,,,single_source
2023,401551749,54.75,,,,single_source
2023,401551735,47.0,,,,single_source
2023,401551757,64.5,,,,single_source
2023,401551770,48.0,,,,single_source
2023,401551769,50.75,,,,single_source
2023,401551752,46.0,,,,single_source
2023,401551764,48.5,,,,single_source
2023,401551731,41.0,,,,single_source
2023,401551765,62.0,,,,single_source
2023,401551751,58.5,,,,single_source
2023,401551773,46.0,,,,single_source
2023,401551737,56.0,,,,single_source
2023,401551754,66.5,,,,single_source
2023,401551758,43.5,,,,single_source
2023,401532444,56.0,,,,single_source
2023,401532443,50.75,,,,single_source
2023,401532447,39.25,,,,single_source
2023,401520410,50.5,,,,single_source
2023,401551741,54.0,,,,single_source
2023,401524060,63.0,,,,single_source
2023,401551739,44.0,,,,single_source
2023,401551743,58.0,,,,single_source
2023,401524057,61.25,,,,single_source
2023,401532445,39.25,,,,single_source
2023,401532446,48.25,,,,single_source
2023,401551755,43.0,,,,single_source
2023,401532621,46.25,,,,single_source
2023,401532622,57.5,,,,single_source
2023,401531345,68.0,,,,single_source
2023,401520405,46.75,,,,single_source
2023,401532448,42.5,,,,single_source
2023,401551742,44.5,,,,single_source
2023,401531409,47.0,,,,single_source
2023,401520411,48.5,,,,single_source
2023,401551744,44.5,,,,single_source
2023,401525899,54.0,,,,single_source
2023,401520407,55.0,,,,single_source
2023,401524058,45.75,,,,single_source
2023,401520406,32.0,,,,single_source
2023,401520403,40.5,,,,single_source
2023,401525555,47.0,,,,single_source
2023,401531417,32.0,,,,single_source
2023,401525558,46.75,,,,single_source
2023,401531919,59.5,,,,single_source
2023,401531385,63.0,,,,single_source
2023,401525559,43.25,,,,single_source
2023,401520423,52.25,,,,single_source
2023,401525553,46.75,,,,single_source
2023,401525895,46.5,,,,single_source
2023,401551756,45.0,,,,single_source
2023,401551748,58.5,,,,single_source
2023,401520413,57.25,,,,single_source
2023,401532624,46.75,,,,single_source
2023,401531920,48.25,,,,single_source
2023,401532619,64.0,,,,single_source
2023,401520412,47.5,,,,single_source
2023,401531375,47.75,,,,single_source
2023,401520422,36.75,,,,single_source
2023,401520415,50.25,,,,single_source
2023,401520409,73.25,,,,single_source
2023,401520402,50.75,,,,single_source
2023,401520416,61.25,,,,single_source
2023,401520414,48.0,,,,single_source
2023,401525442,47.5,,,,single_source
2023,401531431,66.0,,,,single_source
2023,401520408,62.75,,,,single_source
2023,401520418,53.5,,,,single_source
2023,401525893,57.75,,,,single_source
2023,401520417,41.75,,,,single_source
2023,401524061,55.75,,,,single_source
2023,401524059,53.75,,,,single_source
2023,401531921,47.5,,,,single_source
2023,401525894,58.5,,,,single_source
2023,401551761,62.0,,,,single_source
2023,401520381,55.5,,,,single_source
2023,401520382,59.0,,,,single_source
2023,401520389,67.5,,,,single_source
2023,401520393,48.0,,,,single_source
2023,401520394,44.5,,,,single_source
2023,401524053,77.5,,,,single_source
2023,401524056,48.5,,,,single_source
2023,401525550,50.5,,,,single_source
2023,401525891,56.0,,,,single_source
2023,401532450,53.0,,,,single_source
2023,401532451,54.5,,,,single_source
2023,401532452,42.0,,,,single_source
2023,401531376,53.5,,,,single_source
2023,401581109,58.0,,,,single_source
2023,401520439,45.5,,,,single_source
2023,401531922,63.5,,,,single_source
2023,401525563,43.5,,,,single_source
2023,401520436,44.0,,,,single_source
2023,401525564,53.0,,,,single_source
2023,401520430,59.5,,,,single_source
2023,401520438,55.5,,,,single_source
2023,401531925,50.5,,,,single_source
2023,401531923,50.75,,,,single_source
2023,401551789,55.5,,,,single_source
2023,401551750,49.0,,,,single_source
2023,401520424,55.5,,,,single_source
2023,401520427,48.5,,,,single_source
2023,401520429,49.75,,,,single_source
2023,401520431,47.0,,,,single_source
2023,401520433,68.0,,,,single_source
2023,401520434,47.0,,,,single_source
2023,401520441,48.0,,,,single_source
2023,401520443,51.0,,,,single_source
2023,401524063,61.0,,,,single_source
2023,401524064,50.0,,,,single_source
2023,401524067,43.5,,,,single_source
2023,401524068,66.5,,,,single_source
2023,401525900,65.5,,,,single_source
2023,401525902,54.5,,,,single_source
2023,401531386,73.5,,,,single_source
2023,401531421,47.0,,,,single_source
2023,401531924,53.0,,,,single_source
2023,401532626,54.0,,,,single_source
2023,401532627,47.0,,,,single_source
2023,401532628,58.0,,,,single_source
2023,401532630,42.0,,,,single_source
2023,401551798,40.5,,,,single_source
2023,401520437,48.5,,,,single_source
2023,401531435,46.0,,,,single_source
2023,401531927,48.5,,,,single_source
2023,401551762,41.0,,,,single_source
2023,401520419,58.75,,,,single_source
2023,401524062,64.0,,,,single_source
2023,401525554,58.75,,,,single_source
2023,401525896,58.0,,,,single_source
2023,401525897,60.25,,,,single_source
2023,401551768,51.25,,,,single_source
2023,401520401,54.5,,,,single_source
2023,401520420,54.5,,,,single_source
2023,401520421,40.5,,,,single_source
2023,401554566,43.5,,,,single_source
2023,401523996,63.5,,,,single_source
2023,401525817,59.75,,,,single_source
2023,401520175,47.25,,,,single_source
2023,401531387,55.75,,,,single_source
2023,401520159,48.75,,,,single_source
2023,401525822,58.0,,,,single_source
2023,401520147,55.25,,,,single_source
2023,401520181,70.75,,,,single_source
2023,401520145,52.5,,,,single_source
2023,401520173,49.0,,,,single_source
2023,401532392,48.833333333333336,,,,single_source
2023,401525450,43.5,,,,single_source
2023,401520146,58.833333333333336,,,,single_source
2023,401525434,50.5,,,,single_source
2023,401520250,55.5,,,,single_source
2023,401521330,55.5,,,,single_source
2023,401525819,60.0,,,,single_source
2023,401520157,43.5,,,,single_source
2023,401520155,46.666666666666664,,,,single_source
2023,401520169,49.833333333333336,,,,single_source
2023,401531347,51.5,,,,single_source
2023,401520225,53.5,,,,single_source
2023,401520179,56.666666666666664,,,,single_source
2023,401525534,44.25,,,,single_source
2023,401520176,45.5,,,,single_source
2023,401525854,62.0,,,,single_source
2023,401520160,48.75,,,,single_source
2023,401520170,48.333333333333336,,,,single_source
2023,401520280,46.25,,,,single_source
2023,401520288,66.25,,,,single_source
2023,401523986,64.5,,,,single_source
2023,401520152,46.5,,,,single_source
2023,401525861,61.0,,,,single_source
2023,401520360,46.75,,,,single_source
2023,401520151,52.166666666666664,,,,single_source
2023,401520352,48.75,,,,single_source
2023,401524037,52.0,,,,single_source
2023,401520279,54.25,,,,single_source
2023,401520201,50.25,,,,single_source
2023,401525562,55.5,,,,single_source
2023,401520435,42.5,,,,single_source
2023,401520286,39.5,,,,single_source
2023,401525870,60.25,,,,single_source
2023,401525884,49.25,,,,single_source
2023,401520319,60.25,,,,single_source
2023,401520258,55.5,,,,single_source
2023,401525464,50.833333333333336,,,,single_source
2023,401520316,46.0,,,,single_source
2023,401520149,51.5,,,,single_source
2023,401520163,46.666666666666664,,,,single_source
2023,401525462,50.166666666666664,,,,single_source
2023,401525463,45.25,,,,single_source
2023,401525816,55.0,,,,single_source
2023,401520174,48.0,,,,single_source
2023,401520148,44.0,,,,single_source
2023,401520156,59.333333333333336,,,,single_source
2023,401523991,55.0,,,,single_source
2023,401523995,67.0,,,,single_source
2023,401520162,52.333333333333336,,,,single_source
2023,401520172,66.5,,,,single_source
2023,401532573,55.75,,,,single_source
2023,401523988,55.0,,,,single_source
2023,401525507,55.0,,,,single_source
2023,401523994,62.0,,,,single_source
2023,401525468,56.0,,,,single_source
2023,401520291,63.25,,,,single_source
2023,401524044,47.75,,,,single_source
2023,401520224,56.0,,,,single_source
2023,401520182,56.333333333333336,,,,single_source
2023,401520183,53.5,,,,single_source
2023,401520233,57.5,,,,single_source
2023,401523997,58.833333333333336,,,,single_source
2023,401524017,51.75,,,,single_source
2023,401525825,51.5,,,,single_source
2023,401520235,54.0,,,,single_source
2023,401520171,39.333333333333336,,,,single_source
2023,401520167,63.5,,,,single_source
2023,401525824,58.75,,,,single_source
2023,401520180,53.833333333333336,,,,single_source
2023,401525844,49.0,,,,single_source
2023,401525467,47.75,,,,single_source
2023,401524031,60.75,,,,single_source
2023,401525827,58.25,,,,single_source
2023,401531427,57.5,,,,single_source
2023,401531377,48.5,,,,single_source
2023,401520165,45.0,,,,single_source
2023,401531337,53.75,,,,single_source
2023,401525461,54.75,,,,single_source
2023,401523998,53.5,,,,single_source
2023,401531834,58.75,,,,single_source
2023,401523987,56.25,,,,single_source
2023,401520216,57.0,,,,single_source
2023,401520184,57.75,,,,single_source
2023,401524004,66.25,,,,single_source
2023,401520195,57.0,,,,single_source
2023,401520187,61.0,,,,single_source
2023,401525497,56.5,,,,single_source
2023,401524002,68.75,,,,single_source
2023,401520186,55.5,,,,single_source
2023,401525818,58.0,,,,single_source
2023,401520164,59.5,,,,single_source
2023,401531837,53.5,,,,single_source
2023,401520310,45.75,,,,single_source
2023,401525874,66.0,,,,single_source
2023,401520166,55.0,,,,single_source
2023,401531835,51.5,,,,single_source
2023,401532570,51.5,,,,single_source
2023,401520178,53.5,,,,single_source
2023,401531402,44.5,,,,single_source
2023,401531838,48.0,,,,single_source
2023,401520168,58.5,,,,single_source
2023,401525435,54.5,,,,single_source
2023,401525820,41.5,,,,single_source
2023,401520177,57.5,,,,single_source
2023,401523989,61.0,,,,single_source
2023,401525465,48.5,,,,single_source
2023,401520153,46.5,,,,single_source
2023,401532395,57.5,,,,single_source
2023,401532571,51.5,,,,single_source
2023,401525823,59.5,,,,single_source
2023,401531839,54.5,,,,single_source
2023,401531841,48.0,,,,single_source
2023,401520150,61.5,,,,single_source
2023,401523992,65.0,,,,single_source
2023,401531418,56.0,,,,single_source
2023,401525466,49.5,,,,single_source
2023,401531836,53.5,,,,single_source
2023,401531840,47.5,,,,single_source
2023,401520154,58.0,,,,single_source
2023,401520161,56.5,,,,single_source
2023,401532572,66.0,,,,single_source
2023,401520202,57.5,,,,single_source
2023,401520198,53.75,,,,single_source
2023,401525829,49.75,,,,single_source
2023,401531842,51.25,,,,single_source
2023,401531419,61.75,,,,single_source
2023,401520215,49.0,,,,single_source
2023,401520188,56.75,,,,single_source
2023,401523999,45.5,,,,single_source
2023,401525436,49.25,,,,single_source
2023,401531378,63.25,,,,single_source
2023,401525831,52.0,,,,single_source
2023,401520217,57.75,,,,single_source
2023,401520204,48.0,,,,single_source
2023,401520206,47.25,,,,single_source
2023,401520210,43.75,,,,single_source
2023,401524001,49.25,,,,single_source
2023,401520211,36.5,,,,single_source
2023,401524003,69.75,,,,single_source
2023,401520200,50.25,,,,single_source
2023,401525498,39.75,,,,single_source
2023,401520207,39.75,,,,single_source
2023,401520214,63.0,,,,single_source
2023,401520192,54.25,,,,single_source
2023,401520205,60.0,,,,single_source
2023,401520189,51.75,,,,single_source
2023,401526833,44.0,,,,single_source
2023,401531411,43.5,,,,single_source
2023,401520194,35.75,,,,single_source
2023,401520191,52.75,,,,single_source
2023,401531395,66.5,,,,single_source
2023,401525496,44.5,,,,single_source
2023,401525495,58.0,,,,single_source
2023,401525493,54.0,,,,single_source
2023,401520239,52.0,,,,single_source
2023,401524007,63.5,,,,single_source
2023,401520193,45.5,,,,single_source
2023,401520208,56.5,,,,single_source
2023,401531848,46.0,,,,single_source
2023,401520236,49.0,,,,single_source
2023,401520226,47.5,,,,single_source
2023,401525503,47.5,,,,single_source
2023,401525494,53.0,,,,single_source
2023,401532400,48.0,,,,single_source
2023,401532397,59.0,,,,single_source
2023,401532576,52.0,,,,single_source
2023,401524000,56.0,,,,single_source
2023,401525491,53.0,,,,single_source
2023,401520203,43.5,,,,single_source
2023,401520196,62.5,,,,single_source
2023,401525492,48.0,,,,single_source
2023,401532398,59.5,,,,single_source
2023,401520209,56.5,,,,single_source
2023,401532578,56.0,,,,single_source
2023,401525828,49.5,,,,single_source
2023,401520185,44.0,,,,single_source
2023,401532574,63.0,,,,single_source
2023,401520213,65.5,,,,single_source
2023,401532580,51.5,,,,single_source
2023,401525490,52.5,,,,single_source
2023,401520190,54.5,,,,single_source
2023,401531432,50.0,,,,single_source
2023,401520229,66.5,,,,single_source
2023,401532581,45.5,,,,single_source
2023,401520228,48.5,,,,single_source
2023,401524008,68.0,,,,single_source
2023,401531428,46.5,,,,single_source
2023,401531396,41.5,,,,single_source
2023,401520230,50.0,,,,single_source
2023,401525500,47.5,,,,single_source
2023,401520231,48.0,,,,single_source
2023,401520222,54.0,,,,single_source
2023,401525504,61.0,,,,single_source
2023,401526834,49.5,,,,single_source
2023,401525837,58.0,,,,single_source
2023,401525835,44.0,,,,single_source
2023,401520219,57.5,,,,single_source
2023,401525501,51.5,,,,single_source
2023,401520232,53.5,,,,single_source
2023,401520220,47.5,,,,single_source
2023,401520249,65.5,,,,single_source
2023,401531412,48.0,,,,single_source
2023,401524009,48.5,,,,single_source
2023,401520243,37.5,,,,single_source
2023,401525842,59.0,,,,single_source
2023,401520242,56.5,,,,single_source
2023,401525836,64.0,,,,single_source
2023,401520238,52.5,,,,single_source
2023,401525840,48.5,,,,single_source
2023,401531348,47.5,,,,single_source
2023,401520237,43.0,,,,single_source
2023,401520245,53.5,,,,single_source
2023,401525437,51.0,,,,single_source
2023,401532403,56.5,,,,single_source
2023,401525839,49.0,,,,single_source
2023,401520223,48.0,,,,single_source
2023,401531379,59.0,,,,single_source
2023,401520247,57.0,,,,single_source
2023,401524005,48.0,,,,single_source
2023,401525838,41.5,,,,single_source
2023,401531403,52.0,,,,single_source
2023,401520246,44.0,,,,single_source
2023,401520240,64.5,,,,single_source
2023,401520244,60.5,,,,single_source
2023,401520227,43.0,,,,single_source
2023,401520241,61.5,,,,single_source
2023,401532407,47.25,,,,single_source
2023,401525510,49.75,,,,single_source
2023,401532584,45.25,,,,single_source
2023,401532405,44.75,,,,single_source
2023,401520257,51.0,,,,single_source
2023,401531849,62.75,,,,single_source
2023,401520274,50.0,,,,single_source
2023,401525506,53.75,,,,single_source
2023,401520271,57.0,,,,single_source
2023,401520263,45.75,,,,single_source
2023,401525505,47.5,,,,single_source
2023,401525509,46.5,,,,single_source
2023,401525508,58.5,,,,single_source
2023,401520251,48.5,,,,single_source
2023,401531870,44.5,,,,single_source
2023,401520272,44.75,,,,single_source
2023,401532583,47.0,,,,single_source
2023,401524016,59.75,,,,single_source
2023,401525846,36.25,,,,single_source
2023,401520256,46.0,,,,single_source
2023,401525850,54.5,,,,single_source
2023,401520252,55.75,,,,single_source
2023,401520262,50.75,,,,single_source
2023,401531877,59.25,,,,single_source
2023,401525847,54.5,,,,single_source
2023,401520264,39.5,,,,single_source
2023,401524019,58.5,,,,single_source
2023,401524018,56.25,,,,single_source
2023,401520268,50.0,,,,single_source
2023,401520254,37.25,,,,single_source
2023,401520260,43.5,,,,single_source
2023,401520255,45.5,,,,single_source
2023,401531872,52.5,,,,single_source
2023,401524014,62.0,,,,single_source
2023,401531874,47.75,,,,single_source
2023,401520265,38.75,,,,single_source
2023,401524015,70.0,,,,single_source
2023,401520270,51.25,,,,single_source
2023,401525848,52.25,,,,single_source
2023,401525849,62.5,,,,single_source
2023,401531338,54.5,,,,single_source
2023,401531423,57.75,,,,single_source
2023,401526835,49.5,,,,single_source
2023,401520269,59.25,,,,single_source
2023,401520275,52.75,,,,single_source
2023,401520273,49.75,,,,single_source
2023,401520267,47.0,,,,single_source
2023,401531871,61.25,,,,single_source
2023,401525845,57.25,,,,single_source
2023,401520253,56.25,,,,single_source
2023,401531875,57.5,,,,single_source
2023,401520266,54.25,,,,single_source
2023,401525511,41.25,,,,single_source
2023,401520261,52.5,,,,single_source
2023,401532406,52.75,,,,single_source
2023,401520259,52.0,,,,single_source
2023,401524023,74.0,,,,single_source
2023,401525514,53.25,,,,single_source
2023,401524020,44.5,,,,single_source
2023,401525438,53.5,,,,single_source
2023,401520285,46.75,,,,single_source
2023,401520282,45.75,,,,single_source
2023,401531880,50.75,,,,single_source
2023,401531876,47.5,,,,single_source
2023,401531339,54.75,,,,single_source
2023,401520294,52.0,,,,single_source
2023,401532586,59.25,,,,single_source
2023,401520277,60.0,,,,single_source
2023,401520305,64.25,,,,single_source
2023,401520293,55.25,,,,single_source
2023,401520296,46.0,,,,single_source
2023,401520295,59.25,,,,single_source
2023,401524024,61.0,,,,single_source
2023,401520297,49.25,,,,single_source
2023,401531878,63.25,,,,single_source
2023,401532588,41.0,,,,single_source
2023,401531414,47.5,,,,single_source
2023,401525856,55.5,,,,single_source
2023,401520298,48.5,,,,single_source
2023,401520307,57.0,,,,single_source
2023,401520284,48.0,,,,single_source
2023,401525852,48.5,,,,single_source
2023,401531881,46.75,,,,single_source
2023,401531883,61.5,,,,single_source
2023,401525513,53.75,,,,single_source
2023,401520278,51.5,,,,single_source
2023,401525515,52.0,,,,single_source
2023,401532589,43.75,,,,single_source
2023,401524021,67.75,,,,single_source
2023,401532587,52.25,,,,single_source
2023,401526836,55.0,,,,single_source
2023,401525516,39.75,,,,single_source
2023,401532409,51.25,,,,single_source
2023,401525512,55.5,,,,single_source
2023,401531879,51.25,,,,single_source
2023,401532412,55.5,,,,single_source
2023,401520289,53.25,,,,single_source
2023,401532411,48.5,,,,single_source
2023,401520281,36.5,,,,single_source
2023,401531404,54.75,,,,single_source
2023,401520292,51.0,,,,single_source
2023,401525853,51.5,,,,single_source
2023,401520283,50.0,,,,single_source
2023,401532410,47.75,,,,single_source
2023,401531424,54.5,,,,single_source
2023,401525851,49.25,,,,single_source
2023,401532592,57.25,,,,single_source
2023,401520287,46.0,,,,single_source
2023,401531390,68.25,,,,single_source
2023,401531370,57.75,,,,single_source
2023,401525855,51.0,,,,single_source
2023,401531429,59.75,,,,single_source
2023,401524022,48.5,,,,single_source
2023,401531882,52.0,,,,single_source
2023,401532413,49.0,,,,single_source
2023,401532419,48.0,,,,single_source
2023,401525859,52.75,,,,single_source
2023,401532591,43.5,,,,single_source
2023,401525519,57.25,,,,single_source
2023,401525858,59.5,,,,single_source
2023,401524025,70.75,,,,single_source
2023,401524027,51.25,,,,single_source
2023,401532597,52.5,,,,single_source
2023,401531405,44.5,,,,single_source
2023,401532596,55.25,,,,single_source
2023,401520303,46.0,,,,single_source
2023,401532415,52.0,,,,single_source
2023,401525517,52.75,,,,single_source
2023,401526837,56.0,,,,single_source
2023,401525521,44.25,,,,single_source
2023,401520304,55.75,,,,single_source
2023,401532414,43.25,,,,single_source
2023,401531433,60.5,,,,single_source
2023,401532417,45.5,,,,single_source
2023,401525520,59.5,,,,single_source
2023,401531887,52.25,,,,single_source
2023,401525860,64.25,,,,single_source
2023,401520299,51.25,,,,single_source
2023,401532416,43.75,,,,single_source
2023,401520309,47.5,,,,single_source
2023,401531389,55.75,,,,single_source
2023,401524028,60.0,,,,single_source
2023,401520302,38.75,,,,single_source
2023,401520311,44.0,,,,single_source
2023,401525518,52.75,,,,single_source
2023,401532418,42.5,,,,single_source
2023,401531884,67.25,,,,single_source
2023,401524026,59.25,,,,single_source
2023,401532590,62.25,,,,single_source
2023,401520308,62.25,,,,single_source
2023,401525439,54.25,,,,single_source
2023,401531885,50.75,,,,single_source
2023,401531886,57.25,,,,single_source
2023,401520300,47.0,,,,single_source
2023,401531890,59.5,,,,single_source
2023,401531340,54.25,,,,single_source
2023,401520313,54.25,,,,single_source
2023,401531888,61.0,,,,single_source
2023,401520324,39.75,,,,single_source
2023,401524032,53.75,,,,single_source
2023,401525863,42.75,,,,single_source
2023,401531889,53.75,,,,single_source
2023,401525527,48.25,,,,single_source
2023,401525866,57.75,,,,single_source
2023,401532598,41.5,,,,single_source
2023,401525865,53.0,,,,single_source
2023,401531381,66.75,,,,single_source
2023,401532593,59.75,,,,single_source
2023,401532424,45.0,,,,single_source
2023,401520312,57.5,,,,single_source
2023,401520322,54.75,,,,single_source
2023,401520318,50.5,,,,single_source
2023,401532595,52.25,,,,single_source
2023,401532421,44.25,,,,single_source
2023,401525864,53.75,,,,single_source
2023,401520317,42.25,,,,single_source
2023,401532423,44.75,,,,single_source
2023,401531420,61.25,,,,single_source
2023,401532420,43.5,,,,single_source
2023,401520320,51.5,,,,single_source
2023,401532594,58.0,,,,single_source
2023,401531341,56.75,,,,single_source
2023,401531397,58.5,,,,single_source
2023,401531893,49.5,,,,single_source
2023,401525531,57.75,,,,single_source
2023,401532599,60.75,,,,single_source
2023,401520332,49.25,,,,single_source
2023,401532602,65.0,,,,single_source
2023,401525867,50.5,,,,single_source
2023,401531895,56.0,,,,single_source
2023,401531434,34.25,,,,single_source
2023,401532422,39.75,,,,single_source
2023,401524035,60.75,,,,single_source
2023,401520337,39.5,,,,single_source
2023,401531891,64.0,,,,single_source
2023,401532427,46.5,,,,single_source
2023,401531896,59.5,,,,single_source
2023,401531391,53.75,,,,single_source
2023,401525869,60.5,,,,single_source
2023,401525871,67.75,,,,single_source
2023,401525868,50.5,,,,single_source
2023,401531382,62.0,,,,single_source
2023,401520335,55.5,,,,single_source
2023,401532600,59.75,,,,single_source
2023,401531894,60.5,,,,single_source
2023,401520331,40.75,,,,single_source
2023,401524036,51.75,,,,single_source
2023,401520341,57.75,,,,single_source
2023,401525532,45.25,,,,single_source
2023,401520330,55.5,,,,single_source
2023,401532426,43.25,,,,single_source
2023,401531897,62.0,,,,single_source
2023,401532428,52.0,,,,single_source
2023,401531892,52.25,,,,single_source
2023,401532425,41.5,,,,single_source
2023,401520329,60.75,,,,single_source
2023,401532430,43.5,,,,single_source
2023,401520344,57.0,,,,single_source
2023,401524038,60.0,,,,single_source
2023,401520342,40.0,,,,single_source
2023,401525872,48.5,,,,single_source
2023,401531372,64.0,,,,single_source
2023,401531406,39.5,,,,single_source
2023,401532429,37.25,,,,single_source
2023,401532601,48.25,,,,single_source
2023,401524039,57.0,,,,single_source
2023,401532606,56.5,,,,single_source
2023,401520339,60.25,,,,single_source
2023,401532432,39.25,,,,single_source
2023,401520347,46.0,,,,single_source
2023,401531902,55.0,,,,single_source
2023,401520348,37.0,,,,single_source
2023,401532604,49.5,,,,single_source
2023,401520355,39.5,,,,single_source
2023,401525877,49.75,,,,single_source
2023,401531398,47.0,,,,single_source
2023,401520354,40.5,,,,single_source
2023,401520345,53.5,,,,single_source
2023,401525873,46.75,,,,single_source
2023,401520350,40.75,,,,single_source
2023,401525533,47.0,,,,single_source
2023,401520346,60.75,,,,single_source
2023,401525440,45.5,,,,single_source
2023,401531898,55.25,,,,single_source
2023,401525538,47.25,,,,single_source
2023,401525536,52.0,,,,single_source
2023,401524043,62.0,,,,single_source
2023,401531373,54.25,,,,single_source
2023,401525537,64.5,,,,single_source
2023,401524040,49.75,,,,single_source
2023,401525875,59.25,,,,single_source
2023,401525878,58.5,,,,single_source
2023,401525535,46.5,,,,single_source
2023,401531903,53.5,,,,single_source
2023,401520359,52.75,,,,single_source
2023,401524042,61.25,,,,single_source
2023,401520357,63.25,,,,single_source
2023,401531342,56.0,,,,single_source
2023,401531430,69.5,,,,single_source
2023,401532431,48.0,,,,single_source
2023,401525876,53.0,,,,single_source
2023,401531929,63.25,,,,single_source
2023,401520349,48.5,,,,single_source
2023,401520358,45.5,,,,single_source
2023,401531900,48.5,,,,single_source
2023,401520351,50.0,,,,single_source
2023,401532605,57.75,,,,single_source
2023,401532607,48.75,,,,single_source
2023,401520356,48.75,,,,single_source
2023,401531407,43.5,,,,single_source
2023,401532603,47.75,,,,single_source
2023,401520353,50.75,,,,single_source
2023,401531910,68.75,,,,single_source
2023,401532433,48.0,,,,single_source
2023,401525543,48.5,,,,single_source
2023,401520379,49.5,,,,single_source
2023,401532612,56.5,,,,single_source
2023,401532396,48.5,,,,single_source
2023,401525469,55.5,,,,single_source
2023,401531844,59.5,,,,single_source
2023,401525815,60.5,,,,single_source
2023,401531426,59.5,,,,single_source
2023,401525821,56.5,,,,single_source
2023,401532399,46.0,,,,single_source
2023,401520197,58.5,,,,single_source
2023,401531422,63.0,,,,single_source
2023,401520212,52.5,,,,single_source
2023,401525833,55.5,,,,single_source
2023,401532401,55.5,,,,single_source
2023,401520218,64.5,,,,single_source
2023,401520199,61.5,,,,single_source
2023,401532402,45.0,,,,single_source
2023,401532579,61.0,,,,single_source
2023,401531388,55.0,,,,single_source
2023,401525832,59.5,,,,single_source
2023,401524012,44.0,,,,single_source
2023,401525834,54.0,,,,single_source
2023,401525499,63.5,,,,single_source
2023,401525502,51.0,,,,single_source
2023,401524013,55.0,,,,single_source
2023,401532404,46.5,,,,single_source
2023,401524011,60.5,,,,single_source
2023,401524006,52.5,,,,single_source
2023,401531843,48.5,,,,single_source
2023,401525841,75.5,,,,single_source
2023,401531438,63.5,,,,single_source
2023,401525843,54.0,,,,single_source
2023,401531847,61.5,,,,single_source
2023,401524010,60.5,,,,single_source
2023,401520234,51.0,,,,single_source
2023,401531845,55.5,,,,single_source
2023,401531846,47.5,,,,single_source
2023,401531441,60.0,,,,single_source
2023,401532577,51.5,,,,single_source
2023,401532575,58.5,,,,single_source
2023,401532408,49.5,,,,single_source
2023,401520290,52.5,,,,single_source
2023,401520306,51.0,,,,single_source
2023,401520221,62.0,,,,single_source
2023,401532582,58.0,,,,single_source
2023,401532393,58.0,,,,single_source
2023,401532394,55.5,,,,single_source
2023,401531413,51.0,,,,single_source
2023,401531349,55.5,,,,single_source
2023,401531436,70.5,,,,single_source
2023,401525522,42.0,,,,single_source
2023,401531873,,,,,missing
2023,401532585,,,,,missing
2023,401525556,,,,,missing
2024,401635575,57.5,,,,single_source
2024,401643828,50.0,,,,single_source
2024,401628444,49.25,,,,single_source
2024,401636896,54.0,,,,single_source
2024,401643829,53.5,,,,single_source
2024,401629045,68.0,,,,single_source
2024,401643826,53.5,,,,single_source
2024,401636921,62.0,,,,single_source
2024,401629037,54.0,,,,single_source
2024,401636938,66.5,,,,single_source
2024,401628544,44.5,,,,single_source
2024,401628439,49.25,,,,single_source
2024,401635578,54.0,,,,single_source
2024,401645376,54.25,,,,single_source
2024,401635623,67.75,,,,single_source
2024,401641021,42.25,,,,single_source
2024,401628541,47.5,,,,single_source
2024,401645364,50.5,,,,single_source
2024,401636895,58.0,,,,single_source
2024,401643827,60.0,,,,single_source
2024,401628512,41.5,,,,single_source
2024,401628385,50.0,,,,single_source
2024,401628446,47.0,,,,single_source
2024,401643755,58.5,,,,single_source
2024,401628418,44.75,,,,single_source
2024,401641004,55.75,,,,single_source
2024,401636920,68.5,,,,single_source
2024,401628546,47.75,,,,single_source
2024,401636893,48.5,,,,single_source
2024,401628443,51.0,,,,single_source
2024,401641036,53.5,,,,single_source
2024,401635621,54.5,,,,single_source
2024,401636941,62.0,,,,single_source
2024,401628543,58.0,,,,single_source
2024,401628416,61.5,,,,single_source
2024,401636932,59.25,,,,single_source
2024,401645372,74.0,,,,single_source
2024,401643751,40.5,,,,single_source
2024,401643753,51.0,,,,single_source
2024,401643756,68.75,,,,single_source
2024,401628413,59.0,,,,single_source
2024,401628542,45.25,,,,single_source
2024,401628545,55.5,,,,single_source
2024,401634773,55.25,,,,single_source
2024,401636922,40.5,,,,single_source
2024,401643754,65.0,,,,single_source
2024,401643825,62.75,,,,single_source
2024,401644760,48.75,,,,single_source
2024,401645361,58.5,,,,single_source
2024,401635616,44.5,,,,single_source
2024,401644688,48.0,,,,single_source
2024,401635614,58.5,,,,single_source
2024,401628434,49.5,,,,single_source
2024,401628417,48.75,,,,single_source
2024,401636918,54.5,,,,single_source
2024,401636919,52.75,,,,single_source
2024,401640995,55.0,,,,single_source
2024,401644761,53.0,,,,single_source
2024,401645363,58.25,,,,single_source
2024,401628984,44.0,,,,single_source
2024,401635606,52.0,,,,single_source
2024,401635607,54.5,,,,single_source
2024,401635608,51.5,,,,single_source
2024,401635609,65.0,,,,single_source
2024,401635610,57.75,,,,single_source
2024,401636917,55.75,,,,single_source
2024,401643752,61.5,,,,single_source
2024,401644762,52.0,,,,single_source
2024,401645362,50.5,,,,single_source
2024,401644775,49.25,,,,single_source
2024,401628414,55.25,,,,single_source
2024,401628415,42.25,,,,single_source
2024,401644776,50.5,,,,single_source
2024,401628553,47.0,,,,single_source
2024,401645370,49.5,,,,single_source
2024,401636924,56.0,,,,single_source
2024,401635582,52.5,,,,single_source
2024,401636927,51.5,,,,single_source
2024,401628549,50.75,,,,single_source
2024,401644763,55.5,,,,single_source
2024,401644764,57.5,,,,single_source
2024,401644689,47.5,,,,single_source
2024,401644765,52.25,,,,single_source
2024,401644766,43.5,,,,single_source
2024,401644767,51.5,,,,single_source
2024,401645365,63.75,,,,single_source
2024,401636892,46.25,,,,single_source
2024,401644777,52.0,,,,single_source
2024,401644691,38.75,,,,single_source
2024,401643843,61.0,,,,single_source
2024,401643769,57.75,,,,single_source
2024,401628387,44.5,,,,single_source
2024,401640997,47.75,,,,single_source
2024,401635625,54.5,,,,single_source
2024,401628513,45.25,,,,single_source
2024,401643733,67.25,,,,single_source
2024,401641030,55.75,,,,single_source
2024,401643803,59.0,,,,single_source
2024,401641009,47.75,,,,single_source
2024,401645379,54.25,,,,single_source
2024,401645341,61.0,,,,single_source
2024,401643770,57.75,,,,single_source
2024,401645378,53.0,,,,single_source
2024,401643845,53.5,,,,single_source
2024,401643804,58.25,,,,single_source
2024,401628389,53.75,,,,single_source
2024,401644685,45.5,,,,single_source
2024,401629038,49.75,,,,single_source
2024,401635574,51.5,,,,single_source
2024,401644780,55.5,,,,single_source
2024,401644779,40.0,,,,single_source
2024,401645381,63.25,,,,single_source
2024,401644742,48.5,,,,single_source
2024,401644744,46.5,,,,single_source
2024,401644743,58.0,,,,single_source
2024,401645377,60.0,,,,single_source
2024,401643844,60.25,,,,single_source
2024,401643846,52.0,,,,single_source
2024,401635576,63.0,,,,single_source
2024,401643847,58.75,,,,single_source
2024,401643805,53.25,,,,single_source
2024,401644746,50.5,,,,single_source
2024,401645344,51.0,,,,single_source
2024,401640988,51.0,,,,single_source
2024,401628570,46.5,,,,single_source
2024,401643768,43.5,,,,single_source
2024,401644745,44.25,,,,single_source
2024,401645342,55.5,,,,single_source
2024,401635577,61.0,,,,single_source
2024,401645343,58.5,,,,single_source
2024,401645382,54.0,,,,single_source
2024,401628511,47.25,,,,single_source
2024,401643729,55.5,,,,single_source
2024,401643807,41.0,,,,single_source
2024,401643849,49.0,,,,single_source
2024,401645380,57.75,,,,single_source
2024,401641006,62.5,,,,single_source
2024,401628981,45.25,,,,single_source
2024,401643848,49.75,,,,single_source
2024,401643727,56.0,,,,single_source
2024,401643806,64.25,,,,single_source
2024,401643732,43.0,,,,single_source
2024,401643730,60.25,,,,single_source
2024,401641014,41.25,,,,single_source
2024,401643773,55.0,,,,single_source
2024,401643772,54.5,,,,single_source
2024,401643808,66.0,,,,single_source
2024,401643731,47.0,,,,single_source
2024,401628514,39.0,,,,single_source
2024,401643728,60.0,,,,single_source
2024,401628386,53.5,,,,single_source
2024,401641031,51.5,,,,single_source
2024,401641002,58.75,,,,single_source
2024,401643771,61.0,,,,single_source
2024,401640982,55.75,,,,single_source
2024,401628568,40.75,,,,single_source
2024,401636939,46.5,,,,single_source
2024,401628442,62.75,,,,single_source
2024,401628562,41.25,,,,single_source
2024,401643759,47.25,,,,single_source
2024,401628563,43.5,,,,single_source
2024,401628440,49.75,,,,single_source
2024,401645366,72.75,,,,single_source
2024,401636945,63.5,,,,single_source
2024,401636940,53.75,,,,single_source
2024,401635620,50.75,,,,single_source
2024,401636923,46.25,,,,single_source
2024,401628567,46.5,,,,single_source
2024,401628565,50.25,,,,single_source
2024,401628571,52.5,,,,single_source
2024,401636943,58.5,,,,single_source
2024,401628550,44.0,,,,single_source
2024,401628438,46.0,,,,single_source
2024,401628441,48.0,,,,single_source
2024,401635581,57.5,,,,single_source
2024,401635583,64.25,,,,single_source
2024,401628564,56.5,,,,single_source
2024,401636944,51.75,,,,single_source
2024,401628517,43.5,,,,single_source
2024,401635640,44.5,,,,single_source
2024,401628547,47.75,,,,single_source
2024,401628445,50.0,,,,single_source
2024,401628569,50.75,,,,single_source
2024,401636942,40.5,,,,single_source
2024,401635517,58.0,,,,single_source
2024,401628985,51.0,,,,single_source
2024,401628552,51.5,,,,single_source
2024,401628566,41.75,,,,single_source
2024,401635622,53.0,,,,single_source
2024,401636929,60.0,,,,single_source
2024,401636926,52.5,,,,single_source
2024,401635624,54.0,,,,single_source
2024,401635580,54.25,,,,single_source
2024,401628423,42.75,,,,single_source
2024,401628437,51.0,,,,single_source
2024,401645369,50.25,,,,single_source
2024,401643832,57.0,,,,single_source
2024,401643830,53.75,,,,single_source
2024,401643833,50.75,,,,single_source
2024,401629046,52.5,,,,single_source
2024,401641013,52.5,,,,single_source
2024,401643831,59.75,,,,single_source
2024,401645368,53.5,,,,single_source
2024,401641022,43.0,,,,single_source
2024,401643834,60.0,,,,single_source
2024,401643761,72.25,,,,single_source
2024,401628426,46.0,,,,single_source
2024,401643757,44.5,,,,single_source
2024,401643835,56.5,,,,single_source
2024,401645367,62.5,,,,single_source
2024,401640986,58.5,,,,single_source
2024,401643760,62.0,,,,single_source
2024,401643758,62.25,,,,single_source
2024,401643762,55.25,,,,single_source
2024,401628388,64.5,,,,single_source
2024,401628390,49.0,,,,single_source
2024,401628515,54.75,,,,single_source
2024,401628516,52.0,,,,single_source
2024,401628391,55.5,,,,single_source
2024,401636894,55.25,,,,single_source
2024,401677191,51.5,,,,single_source
2024,401677192,45.5,,,,single_source
2024,401628395,49.5,,,,single_source
2024,401677184,45.75,,,,single_source
2024,401628452,46.5,,,,single_source
2024,401644683,41.25,,,,single_source
2024,401634206,59.75,,,,single_source
2024,401628449,50.75,,,,single_source
2024,401628381,50.25,,,,single_source
2024,401628529,39.0,,,,single_source
2024,401628421,47.0,,,,single_source
2024,401628404,54.5,,,,single_source
2024,401628536,45.25,,,,single_source
2024,401628334,66.75,,,,single_source
2024,401628530,48.75,,,,single_source
2024,401636909,56.25,,,,single_source
2024,401628375,43.0,,,,single_source
2024,401628433,46.75,,,,single_source
2024,401628397,57.5,,,,single_source
2024,401628347,42.0,,,,single_source
2024,401628505,39.5,,,,single_source
2024,401635562,55.5,,,,single_source
2024,401628420,56.75,,,,single_source
2024,401628464,35.5,,,,single_source
2024,401628454,48.75,,,,single_source
2024,401628551,50.0,,,,single_source
2024,401628561,52.75,,,,single_source
2024,401634306,50.75,,,,single_source
2024,401628328,58.5,,,,single_source
2024,401628539,47.5,,,,single_source
2024,401635596,55.0,,,,single_source
2024,401640984,47.25,,,,single_source
2024,401628419,57.5,,,,single_source
2024,401636876,53.5,,,,single_source
2024,401673467,44.0,,,,single_source
2024,401628346,60.5,,,,single_source
2024,401628374,50.0,,,,single_source
2024,401636883,58.0,,,,single_source
2024,401641038,54.75,,,,single_source
2024,401628369,57.0,,,,single_source
2024,401634305,54.5,,,,single_source
2024,401628448,51.5,,,,single_source
2024,401628451,46.5,,,,single_source
2024,401643696,56.0,,,,single_source
2024,401640998,55.5,,,,single_source
2024,401628457,49.75,,,,single_source
2024,401636900,49.5,,,,single_source
2024,401634768,47.5,,,,single_source
2024,401634300,59.75,,,,single_source
2024,401628424,54.25,,,,single_source
2024,401635525,55.0,,,,single_source
2024,401643701,45.75,,,,single_source
2024,401628332,46.75,,,,single_source
2024,401641039,49.0,,,,single_source
2024,401636925,43.25,,,,single_source
2024,401636609,47.25,,,,single_source
2024,401643774,49.25,,,,single_source
2024,401636608,57.0,,,,single_source
2024,401628467,55.5,,,,single_source
2024,401628323,49.0,,,,single_source
2024,401677189,45.75,,,,single_source
2024,401636904,56.25,,,,single_source
2024,401673463,56.25,,,,single_source
2024,401643700,57.25,,,,single_source
2024,401628329,52.0,,,,single_source
2024,401643775,63.25,,,,single_source
2024,401636611,55.5,,,,single_source
2024,401641011,49.0,,,,single_source
2024,401677090,43.25,,,,single_source
2024,401628982,49.75,,,,single_source
2024,401677181,54.75,,,,single_source
2024,401673465,50.75,,,,single_source
2024,401628393,42.5,,,,single_source
2024,401677100,44.25,,,,single_source
2024,401636897,57.5,,,,single_source
2024,401628518,44.0,,,,single_source
2024,401673466,58.25,,,,single_source
2024,401640993,48.0,,,,single_source
2024,401641003,64.25,,,,single_source
2024,401628396,40.25,,,,single_source
2024,401643815,51.75,,,,single_source
2024,401634770,62.5,,,,single_source
2024,401634771,54.0,,,,single_source
2024,401673469,51.0,,,,single_source
2024,401628521,56.25,,,,single_source
2024,401628519,48.25,,,,single_source
2024,401628453,46.0,,,,single_source
2024,401628461,56.75,,,,single_source
2024,401673462,46.25,,,,single_source
2024,401643740,64.0,,,,single_source
2024,401673468,57.5,,,,single_source
2024,401628532,57.0,,,,single_source
2024,401673464,51.5,,,,single_source
2024,401629039,50.0,,,,single_source
2024,401641015,49.0,,,,single_source
2024,401628319,59.75,,,,single_source
2024,401645383,39.0,,,,single_source
2024,401677182,52.0,,,,single_source
2024,401628980,45.0,,,,single_source
2024,401635552,44.0,,,,single_source
2024,401636911,53.5,,,,single_source
2024,401635569,47.0,,,,single_source
2024,401628408,52.5,,,,single_source
2024,401628429,56.5,,,,single_source
2024,401628531,47.25,,,,single_source
2024,401628322,54.5,,,,single_source
2024,401628353,46.25,,,,single_source
2024,401628373,50.5,,,,single_source
2024,401643697,53.75,,,,single_source
2024,401628459,53.75,,,,single_source
2024,401628489,44.25,,,,single_source
2024,401634767,55.5,,,,single_source
2024,401636864,59.5,,,,single_source
2024,401635547,61.0,,,,single_source
2024,401635589,61.25,,,,single_source
2024,401677183,55.5,,,,single_source
2024,401643858,57.5,,,,single_source
2024,401644752,50.5,,,,single_source
2024,401628333,51.25,,,,single_source
2024,401635600,62.5,,,,single_source
2024,401628483,50.0,,,,single_source
2024,401628484,55.0,,,,single_source
2024,401644755,46.5,,,,single_source
2024,401628350,49.0,,,,single_source
2024,401634304,46.25,,,,single_source
2024,401628402,50.0,,,,single_source
2024,401628455,57.25,,,,single_source
2024,401636861,59.0,,,,single_source
2024,401628324,50.25,,,,single_source
2024,401628383,47.5,,,,single_source
2024,401628504,46.0,,,,single_source
2024,401634302,56.25,,,,single_source
2024,401628331,60.75,,,,single_source
2024,401636886,47.25,,,,single_source
2024,401634212,54.25,,,,single_source
2024,401628428,47.0,,,,single_source
2024,401628502,50.25,,,,single_source
2024,401628400,51.5,,,,single_source
2024,401628392,57.0,,,,single_source
2024,401636936,42.5,,,,single_source
2024,401628398,57.0,,,,single_source
2024,401635597,52.0,,,,single_source
2024,401673470,57.5,,,,single_source
2024,401636616,47.25,,,,single_source
2024,401643784,56.25,,,,single_source
2024,401635534,60.75,,,,single_source
2024,401628470,51.0,,,,single_source
2024,401628471,42.0,,,,single_source
2024,401628336,62.0,,,,single_source
2024,401645323,42.0,,,,single_source
2024,401635533,37.5,,,,single_source
2024,401634765,56.0,,,,single_source
2024,401635538,62.25,,,,single_source
2024,401628548,54.5,,,,single_source
2024,401635535,56.25,,,,single_source
2024,401628458,51.5,,,,single_source
2024,401636618,54.75,,,,single_source
2024,401636617,54.75,,,,single_source
2024,401635540,52.75,,,,single_source
2024,401643705,44.5,,,,single_source
2024,401635639,55.75,,,,single_source
2024,401643778,54.0,,,,single_source
2024,401641016,47.0,,,,single_source
2024,401643816,59.0,,,,single_source
2024,401635537,47.75,,,,single_source
2024,401643781,56.0,,,,single_source
2024,401643783,60.75,,,,single_source
2024,401640979,51.75,,,,single_source
2024,401643708,57.25,,,,single_source
2024,401643780,54.5,,,,single_source
2024,401628340,42.0,,,,single_source
2024,401628342,62.25,,,,single_source
2024,401643779,65.75,,,,single_source
2024,401628344,51.75,,,,single_source
2024,401628335,64.25,,,,single_source
2024,401628473,48.25,,,,single_source
2024,401628465,44.5,,,,single_source
2024,401628337,52.75,,,,single_source
2024,401645324,43.25,,,,single_source
2024,401628977,46.0,,,,single_source
2024,401629040,51.0,,,,single_source
2024,401628462,58.0,,,,single_source
2024,401628468,54.25,,,,single_source
2024,401628584,47.5,,,,single_source
2024,401643817,54.0,,,,single_source
2024,401644753,47.5,,,,single_source
2024,401644727,45.5,,,,single_source
2024,401644756,61.0,,,,single_source
2024,401635595,49.5,,,,single_source
2024,401628472,63.5,,,,single_source
2024,401640989,54.0,,,,single_source
2024,401628345,49.75,,,,single_source
2024,401628469,61.0,,,,single_source
2024,401628343,58.75,,,,single_source
2024,401643709,53.75,,,,single_source
2024,401636859,65.75,,,,single_source
2024,401635532,52.5,,,,single_source
2024,401644729,60.5,,,,single_source
2024,401636614,65.0,,,,single_source
2024,401628339,62.5,,,,single_source
2024,401628341,62.0,,,,single_source
2024,401636863,57.25,,,,single_source
2024,401628978,46.25,,,,single_source
2024,401636866,61.5,,,,single_source
2024,401628354,45.25,,,,single_source
2024,401635542,53.25,,,,single_source
2024,401628359,49.25,,,,single_source
2024,401628463,52.5,,,,single_source
2024,401645353,56.25,,,,single_source
2024,401644730,54.5,,,,single_source
2024,401628582,58.5,,,,single_source
2024,401634169,52.5,,,,single_source
2024,401635598,58.5,,,,single_source
2024,401628320,60.5,,,,single_source
2024,401632062,54.5,,,,single_source
2024,401634772,51.25,,,,single_source
2024,401634299,60.5,,,,single_source
2024,401632071,55.5,,,,single_source
2024,401628474,44.5,,,,single_source
2024,401628466,47.5,,,,single_source
2024,401644732,49.5,,,,single_source
2024,401636999,44.5,,,,single_source
2024,401628555,52.5,,,,single_source
2024,401628559,45.0,,,,single_source
2024,401628983,51.25,,,,single_source
2024,401643710,39.5,,,,single_source
2024,401645325,72.5,,,,single_source
2024,401632072,54.5,,,,single_source
2024,401644728,53.5,,,,single_source
2024,401635536,55.5,,,,single_source
2024,401643777,50.5,,,,single_source
2024,401636930,48.75,,,,single_source
2024,401677079,50.5,,,,single_source
2024,401636606,62.5,,,,single_source
2024,401645322,48.5,,,,single_source
2024,401628348,56.5,,,,single_source
2024,401677082,48.25,,,,single_source
2024,401628593,53.5,,,,single_source
2024,401645326,52.5,,,,single_source
2024,401628603,,,,,missing
2024,401640996,56.0,,,,single_source
2024,401645317,55.5,,,,single_source
2024,401677077,55.5,,,,single_source
2024,401643782,53.5,,,,single_source
2024,401634181,50.5,,,,single_source
2024,401645354,70.5,,,,single_source
2024,401628436,47.0,,,,single_source
2024,401635531,52.5,,,,single_source
2024,401640959,44.5,,,,single_source
2024,401628431,52.75,,,,single_source
2024,401677176,49.5,,,,single_source
2024,401628327,62.5,,,,single_source
2024,401643706,52.5,,,,single_source
2024,401628425,58.5,,,,single_source
2024,401677178,52.75,,,,single_source
2024,401632068,59.5,,,,single_source
2024,401628526,54.0,,,,single_source
2024,401645318,55.5,,,,single_source
2024,401628330,56.5,,,,single_source
2024,401644772,52.25,,,,single_source
2024,401643707,55.5,,,,single_source
2024,401644773,46.0,,,,single_source
2024,401645352,48.5,,,,single_source
2024,401628403,55.0,,,,single_source
2024,401677179,50.25,,,,single_source
2024,401644687,48.5,,,,single_source
2024,401636615,56.5,,,,single_source
2024,401632459,51.5,,,,single_source
2024,401628338,55.5,,,,single_source
2024,401677085,56.75,,,,single_source
2024,401644690,43.0,,,,single_source
2024,401628591,56.5,,,,single_source
2024,401635539,59.5,,,,single_source
2024,401628525,54.0,,,,single_source
2024,401677086,40.75,,,,single_source
2024,401644769,49.0,,,,single_source
2024,401636387,45.5,,,,single_source
2024,401634133,58.5,,,,single_source
2024,401644770,56.0,,,,single_source
2024,401628349,47.5,,,,single_source
2024,401677089,54.0,,,,single_source
2024,401677080,60.25,,,,single_source
2024,401628528,45.0,,,,single_source
2024,401636607,55.5,,,,single_source
2024,401634197,51.5,,,,single_source
2024,401677084,50.0,,,,single_source
2024,401628422,54.5,,,,single_source
2024,401654845,50.5,,,,single_source
2024,401677177,47.0,,,,single_source
2024,401645316,55.5,,,,single_source
2024,401677091,49.5,,,,single_source
2024,401643698,62.5,,,,single_source
2024,401637159,57.5,,,,single_source
2024,401629035,47.0,,,,single_source
2024,401643699,47.5,,,,single_source
2024,401643818,50.0,,,,single_source
2024,401729867,58.5,,,,single_source
2024,401644731,55.5,,,,single_source
2024,401677092,52.5,,,,single_source
2024,401677093,56.0,,,,single_source
2024,401677094,53.5,,,,single_source
2024,401628401,43.75,,,,single_source
2024,401677095,47.0,,,,single_source
2024,401677097,60.25,,,,single_source
2024,401636910,66.25,,,,single_source
2024,401677096,60.0,,,,single_source
2024,401634301,56.5,,,,single_source
2024,401643819,45.0,,,,single_source
2024,401677188,41.5,,,,single_source
2024,401677098,60.75,,,,single_source
2024,401677099,55.5,,,,single_source
2024,401641033,48.25,,,,single_source
2024,401629041,45.5,,,,single_source
2024,401628479,46.5,,,,single_source
2024,401636908,36.25,,,,single_source
2024,401636867,58.5,,,,single_source
2024,401635541,49.0,,,,single_source
2024,401628475,50.75,,,,single_source
2024,401628357,53.0,,,,single_source
2024,401635546,49.5,,,,single_source
2024,401636868,69.5,,,,single_source
2024,401636860,42.25,,,,single_source
2024,401628476,46.5,,,,single_source
2024,401643785,59.0,,,,single_source
2024,401628360,62.5,,,,single_source
2024,401636869,63.0,,,,single_source
2024,401636870,44.75,,,,single_source
2024,401636862,44.5,,,,single_source
2024,401636906,64.5,,,,single_source
2024,401628478,55.25,,,,single_source
2024,401645320,51.5,,,,single_source
2024,401641017,43.0,,,,single_source
2024,401628361,55.0,,,,single_source
2024,401643789,58.5,,,,single_source
2024,401641040,49.5,,,,single_source
2024,401641024,54.0,,,,single_source
2024,401628355,64.75,,,,single_source
2024,401629030,47.0,,,,single_source
2024,401628358,49.5,,,,single_source
2024,401640999,51.5,,,,single_source
2024,401640990,57.5,,,,single_source
2024,401628477,39.0,,,,single_source
2024,401636865,46.5,,,,single_source
2024,401640980,44.5,,,,single_source
2024,401643786,52.0,,,,single_source
2024,401635548,48.75,,,,single_source
2024,401628356,58.5,,,,single_source
2024,401628352,59.75,,,,single_source
2024,401628481,43.75,,,,single_source
2024,401628362,45.5,,,,single_source
2024,401635544,55.25,,,,single_source
2024,401628351,60.25,,,,single_source
2024,401636871,39.5,,,,single_source
2024,401677081,45.25,,,,single_source
2024,401628326,61.5,,,,single_source
2024,401677101,40.5,,,,single_source
2024,401628405,50.75,,,,single_source
2024,401677102,45.25,,,,single_source
2024,401641019,50.0,,,,single_source
2024,401655632,,,,,missing
2024,401628366,68.5,,,,single_source
2024,401628371,54.0,,,,single_source
2024,401628493,57.75,,,,single_source
2024,401628370,41.75,,,,single_source
2024,401628492,54.25,,,,single_source
2024,401635558,52.0,,,,single_source
2024,401628498,48.5,,,,single_source
2024,401643790,62.5,,,,single_source
2024,401628586,58.5,,,,single_source
2024,401677103,50.0,,,,single_source
2024,401640983,47.0,,,,single_source
2024,401644736,42.75,,,,single_source
2024,401641010,48.75,,,,single_source
2024,401628490,45.5,,,,single_source
2024,401636374,49.5,,,,single_source
2024,401628590,56.5,,,,single_source
2024,401643810,51.5,,,,single_source
2024,401643809,53.25,,,,single_source
2024,401643715,53.5,,,,single_source
2024,401677190,50.0,,,,single_source
2024,401641000,59.25,,,,single_source
2024,401643704,57.5,,,,single_source
2024,401677104,62.5,,,,single_source
2024,401643741,61.75,,,,single_source
2024,401634769,43.0,,,,single_source
2024,401636907,57.0,,,,single_source
2024,401629031,45.75,,,,single_source
2024,401636875,52.0,,,,single_source
2024,401677105,50.5,,,,single_source
2024,401641034,44.5,,,,single_source
2024,401636899,51.25,,,,single_source
2024,401636612,56.5,,,,single_source
2024,401628488,47.5,,,,single_source
2024,401635599,53.0,,,,single_source
2024,401635594,51.0,,,,single_source
2024,401677106,65.5,,,,single_source
2024,401645321,62.5,,,,single_source
2024,401643713,55.5,,,,single_source
2024,401643745,56.75,,,,single_source
2024,401677107,43.25,,,,single_source
2024,401628394,55.5,,,,single_source
2024,401628979,44.0,,,,single_source
2024,401677083,57.75,,,,single_source
2024,401645329,47.25,,,,single_source
2024,401636905,51.5,,,,single_source
2024,401628625,59.5,,,,single_source
2024,401644737,45.5,,,,single_source
2024,401677108,50.5,,,,single_source
2024,401635588,57.5,,,,single_source
2024,401677087,66.5,,,,single_source
2024,401677180,49.25,,,,single_source
2024,401643742,55.0,,,,single_source
2024,401634247,60.5,,,,single_source
2024,401636610,53.5,,,,single_source
2024,401643744,56.75,,,,single_source
2024,401643720,50.75,,,,single_source
2024,401636885,60.5,,,,single_source
2024,401643719,66.0,,,,single_source
2024,401636877,58.5,,,,single_source
2024,401628523,61.0,,,,single_source
2024,401677088,52.5,,,,single_source
2024,401643735,50.0,,,,single_source
2024,401636898,53.0,,,,single_source
2024,401628527,38.25,,,,single_source
2024,401628363,53.75,,,,single_source
2024,401629034,55.5,,,,single_source
2024,401645346,54.25,,,,single_source
2024,401629042,52.0,,,,single_source
2024,401643788,60.5,,,,single_source
2024,401636872,49.5,,,,single_source
2024,401628325,58.5,,,,single_source
2024,401644734,,,,,missing
2024,401643711,60.5,,,,single_source
2024,401644686,43.5,,,,single_source
2024,401643812,58.5,,,,single_source
2024,401645330,54.5,,,,single_source
2024,401628365,56.5,,,,single_source
2024,401636874,52.0,,,,single_source
2024,401644733,,,,,missing
2024,401645351,51.25,,,,single_source
2024,401628321,58.5,,,,single_source
2024,401645327,,,,,missing
2024,401637162,69.5,,,,single_source
2024,401644749,49.5,,,,single_source
2024,401643712,46.0,,,,single_source
2024,401643787,,,,,missing
2024,401643743,42.0,,,,single_source
2024,401643813,60.25,,,,single_source
2024,401645347,57.5,,,,single_source
2024,401643717,50.75,,,,single_source
2024,401636613,58.5,,,,single_source
2024,401628372,50.5,,,,single_source
2024,401645355,52.75,,,,single_source
2024,401643811,57.0,,,,single_source
2024,401644750,52.25,,,,single_source
2024,401641037,60.75,,,,single_source
2024,401635543,53.5,,,,single_source
2024,401636902,56.0,,,,single_source
2024,401645349,67.5,,,,single_source
2024,401636364,54.5,,,,single_source
2024,401635545,57.5,,,,single_source
2024,401628480,53.5,,,,single_source
2024,401628482,,,,,missing
2024,401644748,54.5,,,,single_source
2024,401645345,55.5,,,,single_source
2024,401644751,42.75,,,,single_source
2024,401644754,48.0,,,,single_source
2024,401635555,64.5,,,,single_source
2024,401641032,52.5,,,,single_source
2024,401643737,78.5,,,,single_source
2024,401643716,55.0,,,,single_source
2024,401636903,51.75,,,,single_source
2024,401635551,44.25,,,,single_source
2024,401628522,42.5,,,,single_source
2024,401640991,54.75,,,,single_source
2024,401643734,43.75,,,,single_source
2024,401641008,56.5,,,,single_source
2024,401643738,53.25,,,,single_source
2024,401641028,49.0,,,,single_source
2024,401635587,46.0,,,,single_source
2024,401628460,51.5,,,,single_source
2024,401635604,53.75,,,,single_source
2024,401636901,45.5,,,,single_source
2024,401635557,58.75,,,,single_source
2024,401635627,55.5,,,,single_source
2024,401645348,52.5,,,,single_source
2024,401628406,54.0,,,,single_source
2024,401628399,57.5,,,,single_source
2024,401635590,52.5,,,,single_source
2024,401635553,51.0,,,,single_source
2024,401643739,61.25,,,,single_source
2024,401643736,55.5,,,,single_source
2024,401645350,53.25,,,,single_source
2024,401635554,56.0,,,,single_source
2024,401643814,56.75,,,,single_source
2024,401643820,60.5,,,,single_source
2024,401628535,40.25,,,,single_source
2024,401628520,39.5,,,,single_source
2024,401628491,42.75,,,,single_source
2024,401628411,43.5,,,,single_source
2024,401628368,52.0,,,,single_source
2024,401628487,34.75,,,,single_source
2024,401636879,55.5,,,,single_source
2024,401645308,48.0,,,,single_source
2024,401628486,50.5,,,,single_source
2024,401628367,57.75,,,,single_source
2024,401635556,48.25,,,,single_source
2024,401628494,45.0,,,,single_source
2024,401645328,43.75,,,,single_source
2024,401643791,53.25,,,,single_source
2024,401628364,42.0,,,,single_source
2024,401644735,50.75,,,,single_source
2024,401628485,42.25,,,,single_source
2024,401634766,56.75,,,,single_source
2024,401643714,55.5,,,,single_source
2024,401636873,47.75,,,,single_source
2024,401628524,42.5,,,,single_source
2024,401628500,54.25,,,,single_source
2024,401628495,48.25,,,,single_source
2024,401628377,51.5,,,,single_source
2024,401635563,46.25,,,,single_source
2024,401645374,56.0,,,,single_source
2024,401645331,46.75,,,,single_source
2024,401628558,48.5,,,,single_source
2024,401643792,57.25,,,,single_source
2024,401644739,46.0,,,,single_source
2024,401645334,53.5,,,,single_source
2024,401635561,58.0,,,,single_source
2024,401644738,46.25,,,,single_source
2024,401635564,46.25,,,,single_source
2024,401635659,59.75,,,,single_source
2024,401643721,47.25,,,,single_source
2024,401628496,49.75,,,,single_source
2024,401635619,54.5,,,,single_source
2024,401643793,56.5,,,,single_source
2024,401643795,51.5,,,,single_source
2024,401629032,44.5,,,,single_source
2024,401635560,48.0,,,,single_source
2024,401629043,44.5,,,,single_source
2024,401636937,60.25,,,,single_source
2024,401635617,57.25,,,,single_source
2024,401643794,53.5,,,,single_source
2024,401636935,60.0,,,,single_source
2024,401636882,58.5,,,,single_source
2024,401636884,60.0,,,,single_source
2024,401628560,40.5,,,,single_source
2024,401645337,60.5,,,,single_source
2024,401641041,55.25,,,,single_source
2024,401628432,57.75,,,,single_source
2024,401645332,56.5,,,,single_source
2024,401628557,35.25,,,,single_source
2024,401628499,47.25,,,,single_source
2024,401636934,64.0,,,,single_source
2024,401636931,51.0,,,,single_source
2024,401641025,61.75,,,,single_source
2024,401628376,64.5,,,,single_source
2024,401628556,41.25,,,,single_source
2024,401636880,46.75,,,,single_source
2024,401628378,58.75,,,,single_source
2024,401636881,43.0,,,,single_source
2024,401643796,46.0,,,,single_source
2024,401635615,45.75,,,,single_source
2024,401645336,65.5,,,,single_source
2024,401645333,48.0,,,,single_source
2024,401635618,67.25,,,,single_source
2024,401628497,34.5,,,,single_source
2024,401640981,48.75,,,,single_source
2024,401641035,54.25,,,,single_source
2024,401643718,33.25,,,,single_source
2024,401635613,53.5,,,,single_source
2024,401628501,45.5,,,,single_source
2024,401635518,53.75,,,,single_source
2024,401635612,50.75,,,,single_source
2024,401636933,54.5,,,,single_source
2024,401628506,53.0,,,,single_source
2024,401643767,59.75,,,,single_source
2024,401641005,57.25,,,,single_source
2024,401643837,59.25,,,,single_source
2024,401635571,55.0,,,,single_source
2024,401628380,62.0,,,,single_source
2024,401643838,51.25,,,,single_source
2024,401628382,53.25,,,,single_source
2024,401644774,54.5,,,,single_source
2024,401635568,54.0,,,,single_source
2024,401636890,64.75,,,,single_source
2024,401643836,57.5,,,,single_source
2024,401645371,49.5,,,,single_source
2024,401628379,57.25,,,,single_source
2024,401645375,60.0,,,,single_source
2024,401645335,52.0,,,,single_source
2024,401628430,55.5,,,,single_source
2024,401635565,59.5,,,,single_source
2024,401641018,45.5,,,,single_source
2024,401628435,53.5,,,,single_source
2024,401640987,42.25,,,,single_source
2024,401641027,53.5,,,,single_source
2024,401643766,60.0,,,,single_source
2024,401643840,51.5,,,,single_source
2024,401643763,44.75,,,,single_source
2024,401645373,52.0,,,,single_source
2024,401643842,59.5,,,,single_source
2024,401628572,56.75,,,,single_source
2024,401643839,51.5,,,,single_source
2024,401628427,48.5,,,,single_source
2024,401643764,54.0,,,,single_source
2024,401643841,54.0,,,,single_source
2024,401643765,43.5,,,,single_source
2024,401635572,62.75,,,,single_source
2024,401634779,55.5,,,,single_source
2024,401628507,45.5,,,,single_source
2024,401628554,48.0,,,,single_source
2024,401643797,56.0,,,,single_source
2024,401641029,49.5,,,,single_source
2024,401636891,52.0,,,,single_source
2024,401641001,49.5,,,,single_source
2024,401645340,47.5,,,,single_source
2024,401643798,51.5,,,,single_source
2024,401645338,52.0,,,,single_source
2024,401635638,52.5,,,,single_source
2024,401644741,57.75,,,,single_source
2024,401643799,56.5,,,,single_source
2024,401635570,52.5,,,,single_source
2024,401643722,37.0,,,,single_source
2024,401635567,52.5,,,,single_source
2024,401629044,41.0,,,,single_source
2024,401644740,48.5,,,,single_source
2024,401644684,43.75,,,,single_source
2024,401628384,53.5,,,,single_source
2024,401643723,66.5,,,,single_source
2024,401636888,50.0,,,,single_source
2024,401628503,40.5,,,,single_source
2024,401636887,63.75,,,,single_source
2024,401645339,50.5,,,,single_source
2024,401635573,49.75,,,,single_source
2024,401643726,51.25,,,,single_source
2024,401629033,49.25,,,,single_source
2024,401636889,45.0,,,,single_source
2024,401643802,57.5,,,,single_source
2024,401643800,62.5,,,,single_source
2024,401643801,48.25,,,,single_source
2024,401643724,47.0,,,,single_source
2024,401643725,47.5,,,,single_source
2024,401628509,44.5,,,,single_source
2024,401628510,47.75,,,,single_source
2024,401640985,43.5,,,,single_source
2024,401641012,45.5,,,,single_source
2024,401640994,64.25,,,,single_source
2024,401645356,55.25,,,,single_source
2024,401641020,49.0,,,,single_source
2024,401628540,55.0,,,,single_source
2024,401628533,47.0,,,,single_source
2024,401635601,55.75,,,,single_source
2024,401628534,53.5,,,,single_source
2024,401636914,55.5,,,,single_source
2024,401628412,45.5,,,,single_source
2024,401628407,48.0,,,,single_source
2024,401645357,48.0,,,,single_source
2024,401629036,48.0,,,,single_source
2024,401643747,55.5,,,,single_source
2024,401643746,38.25,,,,single_source
2024,401643822,48.0,,,,single_source
2024,401636916,55.0,,,,single_source
2024,401644757,48.5,,,,single_source
2024,401643821,58.0,,,,single_source
2024,401635516,46.5,,,,single_source
2024,401635602,50.5,,,,single_source
2024,401636912,64.25,,,,single_source
2024,401644758,54.5,,,,single_source
2024,401628538,44.25,,,,single_source
2024,401645359,61.75,,,,single_source
2024,401636915,57.25,,,,single_source
2024,401645360,48.75,,,,single_source
2024,401641026,48.25,,,,single_source
2024,401628537,38.5,,,,single_source
2024,401645358,57.75,,,,single_source
2024,401636913,46.0,,,,single_source
2024,401643824,51.75,,,,single_source
2024,401643750,60.5,,,,single_source
2024,401643823,60.0,,,,single_source
2024,401628409,59.25,,,,single_source
2024,401643749,45.75,,,,single_source
2024,401643748,45.25,,,,single_source
2024,401628508,39.5,,,,single_source
2024,401628410,48.5,,,,single_source
2024,401640992,,,,,missing
2024,401636380,,,,,missing
2024,401643703,,,,,missing
2024,401628589,,,,,missing
2024,401641023,,,,,missing
2024,401628450,,,,,missing
2024,401628581,,,,,missing
2024,401645319,,,,,missing
2024,401643702,,,,,missing
2024,401634303,,,,,missing
2024,401632064,,,,,missing
2024,401628456,,,,,missing
2024,401641007,,,,,missing
2024,401634240,,,,,missing
2024,401636363,,,,,missing
2024,401643776,,,,,missing
2025,401777329,44.25,,,,single_source
2025,401777325,62.5,,,,single_source
2025,401778309,44.5,,,,single_source
2025,401777327,49.75,,,,single_source
2025,401777353,45.75,,,,single_source
2025,401777326,59.75,,,,single_source
2025,401778334,52.5,,,,single_source
2025,401777328,58.5,,,,single_source
2025,401779842,57.5,,,,single_source
2025,401778326,62.25,,,,single_source
2025,401778304,53.25,,,,single_source
2025,401756961,48.5,,,,single_source
2025,401777351,48.5,,,,single_source
2025,401778303,47.5,,,,single_source
2025,401779840,42.25,,,,single_source
2025,401779843,47.5,,,,single_source
2025,401778315,62.5,,,,single_source
2025,401762521,37.75,,,,single_source
2025,401778332,55.5,,,,single_source
2025,401778328,47.25,,,,single_source
2025,401762517,56.5,,,,single_source
2025,401777324,66.5,,,,single_source
2025,401756966,46.5,,,,single_source
2025,401752924,54.0,,,,single_source
2025,401761664,58.5,,,,single_source
2025,401777352,47.5,,,,single_source
2025,401778302,55.5,,,,single_source
2025,401778307,56.5,,,,single_source
2025,401752717,64.0,,,,single_source
2025,401778310,59.25,,,,single_source
2025,401752846,47.5,,,,single_source
2025,401752842,51.75,,,,single_source
2025,401778308,50.25,,,,single_source
2025,401752852,53.0,,,,single_source
2025,401752719,57.75,,,,single_source
2025,401756847,50.75,,,,single_source
2025,401757218,60.25,,,,single_source
2025,401754516,51.75,,,,single_source
2025,401762522,62.75,,,,single_source
2025,401752794,49.25,,,,single_source
2025,401756848,53.0,,,,single_source
2025,401754373,59.75,,,,single_source
2025,401762789,48.75,,,,single_source
2025,401752793,44.25,,,,single_source
2025,401762791,40.75,,,,single_source
2025,401752796,51.5,,,,single_source
2025,401752802,49.75,,,,single_source
2025,401754374,51.25,,,,single_source
2025,401761589,51.25,,,,single_source
2025,401754375,52.75,,,,single_source
2025,401752667,57.0,,,,single_source
2025,401757224,59.5,,,,single_source
2025,401760358,51.0,,,,single_source
2025,401752801,49.5,,,,single_source
2025,401752797,58.75,,,,single_source
2025,401752673,59.75,,,,single_source
2025,401752803,46.75,,,,single_source
2025,401752670,48.75,,,,single_source
2025,401752806,53.75,,,,single_source
2025,401752665,48.75,,,,single_source
2025,401752669,53.5,,,,single_source
2025,401752807,56.5,,,,single_source
2025,401762456,50.0,,,,single_source
2025,401754616,56.25,,,,single_source
2025,401752678,57.5,,,,single_source
2025,401752671,56.5,,,,single_source
2025,401752808,51.0,,,,single_source
2025,401752798,59.75,,,,single_source
2025,401757225,59.0,,,,single_source
2025,401752672,61.75,,,,single_source
2025,401761592,48.75,,,,single_source
2025,401761594,57.25,,,,single_source
2025,401760361,52.0,,,,single_source
2025,401756849,55.25,,,,single_source
2025,401752936,49.75,,,,single_source
2025,401752805,52.25,,,,single_source
2025,401752800,49.75,,,,single_source
2025,401754522,52.0,,,,single_source
2025,401754523,57.25,,,,single_source
2025,401752822,43.0,,,,single_source
2025,401752689,51.0,,,,single_source
2025,401752690,45.75,,,,single_source
2025,401778319,54.75,,,,single_source
2025,401778306,47.25,,,,single_source
2025,401752680,50.25,,,,single_source
2025,401752676,52.5,,,,single_source
2025,401752841,58.25,,,,single_source
2025,401752727,42.5,,,,single_source
2025,401756901,58.25,,,,single_source
2025,401752843,51.25,,,,single_source
2025,401756922,44.5,,,,single_source
2025,401754553,54.5,,,,single_source
2025,401752871,60.5,,,,single_source
2025,401754564,49.5,,,,single_source
2025,401752718,53.75,,,,single_source
2025,401752736,44.5,,,,single_source
2025,401754591,50.75,,,,single_source
2025,401752751,47.75,,,,single_source
2025,401757165,63.25,,,,single_source
2025,401754552,47.75,,,,single_source
2025,401752766,50.5,,,,single_source
2025,401752870,51.25,,,,single_source
2025,401752742,56.5,,,,single_source
2025,401756932,55.75,,,,single_source
2025,401756923,52.25,,,,single_source
2025,401752755,50.25,,,,single_source
2025,401752881,47.5,,,,single_source
2025,401752889,45.5,,,,single_source
2025,401752748,50.5,,,,single_source
2025,401754586,56.5,,,,single_source
2025,401754581,50.5,,,,single_source
2025,401752765,45.5,,,,single_source
2025,401752792,54.5,,,,single_source
2025,401761665,47.5,,,,single_source
2025,401756956,47.5,,,,single_source
2025,401838053,55.25,,,,single_source
2025,401752911,59.25,,,,single_source
2025,401752775,57.75,,,,single_source
2025,401778318,41.5,,,,single_source
2025,401778320,40.75,,,,single_source
2025,401779841,48.5,,,,single_source
2025,401752823,54.5,,,,single_source
2025,401760371,67.0,,,,single_source
2025,401752688,58.5,,,,single_source
2025,401752948,46.5,,,,single_source
2025,401754528,57.0,,,,single_source
2025,401752826,44.5,,,,single_source
2025,401762518,52.0,,,,single_source
2025,401762790,53.0,,,,single_source
2025,401752709,51.25,,,,single_source
2025,401752873,50.5,,,,single_source
2025,401752804,56.5,,,,single_source
2025,401754618,57.5,,,,single_source
2025,401754525,65.5,,,,single_source
2025,401752825,49.0,,,,single_source
2025,401752811,53.5,,,,single_source
2025,401752699,47.25,,,,single_source
2025,401752684,58.0,,,,single_source
2025,401762432,47.5,,,,single_source
2025,401757167,51.5,,,,single_source
2025,401756846,50.25,,,,single_source
2025,401757219,55.5,,,,single_source
2025,401762434,53.0,,,,single_source
2025,401752816,45.5,,,,single_source
2025,401756876,56.5,,,,single_source
2025,401752677,47.0,,,,single_source
2025,401752668,56.5,,,,single_source
2025,401752666,65.0,,,,single_source
2025,401761603,64.5,,,,single_source
2025,401754517,51.5,,,,single_source
2025,401752686,51.5,,,,single_source
2025,401756885,60.0,,,,single_source
2025,401754529,48.5,,,,single_source
2025,401752812,51.5,,,,single_source
2025,401757227,50.5,,,,single_source
2025,401778312,52.5,,,,single_source
2025,401831583,55.25,,,,single_source
2025,401761588,47.0,,,,single_source
2025,401752674,52.5,,,,single_source
2025,401756880,46.5,,,,single_source
2025,401778325,51.25,,,,single_source
2025,401752705,50.5,,,,single_source
2025,401754623,51.25,,,,single_source
2025,401756960,52.5,,,,single_source
2025,401769071,50.75,,,,single_source
2025,401754520,58.0,,,,single_source
2025,401754519,56.5,,,,single_source
2025,401756877,63.5,,,,single_source
2025,401778327,56.5,,,,single_source
2025,401778305,60.5,,,,single_source
2025,401769072,46.5,,,,single_source
2025,401778322,43.5,,,,single_source
2025,401769073,53.75,,,,single_source
2025,401778323,43.75,,,,single_source
2025,401778311,64.5,,,,single_source
2025,401778313,43.25,,,,single_source
2025,401778314,44.5,,,,single_source
2025,401778316,55.25,,,,single_source
2025,401778317,47.5,,,,single_source
2025,401778321,54.5,,,,single_source
2025,401778324,57.75,,,,single_source
2025,401769070,39.75,,,,single_source
2025,401778331,51.25,,,,single_source
2025,401769075,52.75,,,,single_source
2025,401769074,50.25,,,,single_source
2025,401769076,46.75,,,,single_source
2025,401778333,57.5,,,,single_source
2025,401754526,44.5,,,,single_source
2025,401756883,58.5,,,,single_source
2025,401760357,53.5,,,,single_source
2025,401756850,52.5,,,,single_source
2025,401762457,59.5,,,,single_source
2025,401752759,49.5,,,,single_source
2025,401752893,50.0,,,,single_source
2025,401754638,55.25,,,,single_source
2025,401752693,52.5,,,,single_source
2025,401754524,53.0,,,,single_source
2025,401752694,57.5,,,,single_source
2025,401752682,62.0,,,,single_source
2025,401778330,50.25,,,,single_source
2025,401762461,56.0,,,,single_source
2025,401754518,53.5,,,,single_source
2025,401756878,56.5,,,,single_source
2025,401756884,38.5,,,,single_source
2025,401756853,47.5,,,,single_source
2025,401761598,57.5,,,,single_source
2025,401778329,49.5,,,,single_source
2025,401752820,45.5,,,,single_source
2025,401752789,36.25,,,,single_source
2025,401752795,62.5,,,,single_source
2025,401757311,50.75,,,,single_source
2025,401762792,50.5,,,,single_source
2025,401752818,45.5,,,,single_source
2025,401757221,51.0,,,,single_source
2025,401757223,53.5,,,,single_source
2025,401752824,55.5,,,,single_source
2025,401752947,51.0,,,,single_source
2025,401757228,53.5,,,,single_source
2025,401756881,49.5,,,,single_source
2025,401752937,45.5,,,,single_source
2025,401754637,51.5,,,,single_source
2025,401762458,59.0,,,,single_source
2025,401756882,48.5,,,,single_source
2025,401752675,61.0,,,,single_source
2025,401757220,51.0,,,,single_source
2025,401756851,61.5,,,,single_source
2025,401754521,65.0,,,,single_source
2025,401756855,55.5,,,,single_source
2025,401757226,60.5,,,,single_source
2025,401762433,55.5,,,,single_source
2025,401752784,48.25,,,,single_source
2025,401756852,54.5,,,,single_source
2025,401752679,49.5,,,,single_source
2025,401761595,47.5,,,,single_source
2025,401761593,51.5,,,,single_source
2025,401762435,63.5,,,,single_source
2025,401761601,51.5,,,,single_source
2025,401761590,54.5,,,,single_source
2025,401757222,53.5,,,,single_source
2025,401756941,51.75,,,,single_source
2025,401762430,53.5,,,,single_source
2025,401752687,49.5,,,,single_source
2025,401752814,61.5,,,,single_source
2025,401760359,54.5,,,,single_source
2025,401752683,52.5,,,,single_source
2025,401757232,57.5,,,,single_source
2025,401761591,59.5,,,,single_source
2025,401752810,47.5,,,,single_source
2025,401752681,50.0,,,,single_source
2025,401757229,52.5,,,,single_source
2025,401762793,48.5,,,,single_source
2025,401757230,47.5,,,,single_source
2025,401752707,49.75,,,,single_source
2025,401752923,49.5,,,,single_source
2025,401754614,50.0,,,,single_source
2025,401760424,44.75,,,,single_source
2025,401752917,51.25,,,,single_source
2025,401752922,44.25,,,,single_source
2025,401761667,62.5,,,,single_source
2025,401752916,39.0,,,,single_source
2025,401752695,44.5,,,,single_source
2025,401752786,60.0,,,,single_source
2025,401756934,49.75,,,,single_source
2025,401762868,44.5,,,,single_source
2025,401761666,50.25,,,,single_source
2025,401756854,57.5,,,,single_source
2025,401766898,54.5,,,,single_source
2025,401752738,61.0,,,,single_source
2025,401752799,48.5,,,,single_source
2025,401756965,49.5,,,,single_source
2025,401752910,51.25,,,,single_source
2025,401752778,42.5,,,,single_source
2025,401754600,50.25,,,,single_source
2025,401752875,41.25,,,,single_source
2025,401762516,57.5,,,,single_source
2025,401760421,47.5,,,,single_source
2025,401756964,60.5,,,,single_source
2025,401762875,40.5,,,,single_source
2025,401762441,50.25,,,,single_source
2025,401752731,46.5,,,,single_source
2025,401760422,54.75,,,,single_source
2025,401757310,55.5,,,,single_source
2025,401752865,51.25,,,,single_source
2025,401754613,52.5,,,,single_source
2025,401762520,57.5,,,,single_source
2025,401754612,48.75,,,,single_source
2025,401761663,62.5,,,,single_source
2025,401754608,53.75,,,,single_source
2025,401752854,53.25,,,,single_source
2025,401752920,55.5,,,,single_source
2025,401754611,48.75,,,,single_source
2025,401762519,66.25,,,,single_source
2025,401752790,45.75,,,,single_source
2025,401752785,49.25,,,,single_source
2025,401756968,53.25,,,,single_source
2025,401752726,57.5,,,,single_source
2025,401760426,41.5,,,,single_source
2025,401760363,59.5,,,,single_source
2025,401752817,49.5,,,,single_source
2025,401752813,50.5,,,,single_source
2025,401762462,47.0,,,,single_source
2025,401752692,58.5,,,,single_source
2025,401752685,55.5,,,,single_source
2025,401762459,56.0,,,,single_source
2025,401752919,58.75,,,,single_source
2025,401752788,62.75,,,,single_source
2025,401756963,46.5,,,,single_source
2025,401760367,47.5,,,,single_source
2025,401760366,60.0,,,,single_source
2025,401762794,48.0,,,,single_source
2025,401761602,53.0,,,,single_source
2025,401761599,50.5,,,,single_source
2025,401762460,51.0,,,,single_source
2025,401757315,52.25,,,,single_source
2025,401756887,53.5,,,,single_source
2025,401762869,49.25,,,,single_source
2025,401757231,49.5,,,,single_source
2025,401761597,49.0,,,,single_source
2025,401761600,50.0,,,,single_source
2025,401752819,52.0,,,,single_source
2025,401757314,45.25,,,,single_source
2025,401752791,66.5,,,,single_source
2025,401752921,42.75,,,,single_source
2025,401754620,60.5,,,,single_source
2025,401752787,45.5,,,,single_source
2025,401754610,53.75,,,,single_source
2025,401757313,55.5,,,,single_source
2025,401756962,56.75,,,,single_source
2025,401752815,62.5,,,,single_source
2025,401762872,46.5,,,,single_source
2025,401761596,56.0,,,,single_source
2025,401754622,60.5,,,,single_source
2025,401754530,54.5,,,,single_source
2025,401752783,54.5,,,,single_source
2025,401762442,65.5,,,,single_source
2025,401762795,54.5,,,,single_source
2025,401752836,60.25,,,,single_source
2025,401756879,56.5,,,,single_source
2025,401760365,56.0,,,,single_source
2025,401756893,45.25,,,,single_source
2025,401756888,55.5,,,,single_source
2025,401754531,52.75,,,,single_source
2025,401756886,51.0,,,,single_source
2025,401752837,52.75,,,,single_source
2025,401762816,52.0,,,,single_source
2025,401752691,54.0,,,,single_source
2025,401752821,54.0,,,,single_source
2025,401754621,58.5,,,,single_source
2025,401756967,58.5,,,,single_source
2025,401761661,54.5,,,,single_source
2025,401752831,50.5,,,,single_source
2025,401754527,49.5,,,,single_source
2025,401754534,52.5,,,,single_source
2025,401752703,50.75,,,,single_source
2025,401761608,51.25,,,,single_source
2025,401752696,45.25,,,,single_source
2025,401754532,64.25,,,,single_source
2025,401752938,61.5,,,,single_source
2025,401752949,57.5,,,,single_source
2025,401754536,50.75,,,,single_source
2025,401752832,59.25,,,,single_source
2025,401752835,57.0,,,,single_source
2025,401752830,44.25,,,,single_source
2025,401752704,48.5,,,,single_source
2025,401756895,47.25,,,,single_source
2025,401762465,52.25,,,,single_source
2025,401752838,53.0,,,,single_source
2025,401754535,56.5,,,,single_source
2025,401762817,48.5,,,,single_source
2025,401752839,42.75,,,,single_source
2025,401760364,52.5,,,,single_source
2025,401757168,52.5,,,,single_source
2025,401752918,38.5,,,,single_source
2025,401761662,54.5,,,,single_source
2025,401752697,56.25,,,,single_source
2025,401754615,60.75,,,,single_source
2025,401756890,55.75,,,,single_source
2025,401761607,56.0,,,,single_source
2025,401754639,47.75,,,,single_source
2025,401757257,42.75,,,,single_source
2025,401752702,47.5,,,,single_source
2025,401756891,65.0,,,,single_source
2025,401752946,42.5,,,,single_source
2025,401752698,49.5,,,,single_source
2025,401752700,60.5,,,,single_source
2025,401754609,53.5,,,,single_source
2025,401752840,41.0,,,,single_source
2025,401760423,45.75,,,,single_source
2025,401760425,52.75,,,,single_source
2025,401754619,54.0,,,,single_source
2025,401762871,44.75,,,,single_source
2025,401752706,52.25,,,,single_source
2025,401760368,51.5,,,,single_source
2025,401757258,49.75,,,,single_source
2025,401752828,58.75,,,,single_source
2025,401757256,51.5,,,,single_source
2025,401757233,56.5,,,,single_source
2025,401752827,49.25,,,,single_source
2025,401757234,58.75,,,,single_source
2025,401752829,50.75,,,,single_source
2025,401756889,61.5,,,,single_source
2025,401754533,44.5,,,,single_source
2025,401761604,57.75,,,,single_source
2025,401762818,46.5,,,,single_source
2025,401762463,58.75,,,,single_source
2025,401762870,44.5,,,,single_source
2025,401756892,55.5,,,,single_source
2025,401762464,66.25,,,,single_source
2025,401762466,48.25,,,,single_source
2025,401754641,64.5,,,,single_source
2025,401756894,60.5,,,,single_source
2025,401752844,46.5,,,,single_source
2025,401760369,51.25,,,,single_source
2025,401760370,54.5,,,,single_source
2025,401754636,63.5,,,,single_source
2025,401757312,56.5,,,,single_source
2025,401752834,55.25,,,,single_source
2025,401752833,56.25,,,,single_source
2025,401762467,62.25,,,,single_source
2025,401756896,60.5,,,,single_source
2025,401762819,54.5,,,,single_source
2025,401752845,44.5,,,,single_source
2025,401752714,47.5,,,,single_source
2025,401752847,55.5,,,,single_source
2025,401761606,49.25,,,,single_source
2025,401752848,51.5,,,,single_source
2025,401752713,48.5,,,,single_source
2025,401757235,44.5,,,,single_source
2025,401761605,63.5,,,,single_source
2025,401752701,56.0,,,,single_source
2025,401762470,57.5,,,,single_source
2025,401754543,60.0,,,,single_source
2025,401752939,48.0,,,,single_source
2025,401754562,59.5,,,,single_source
2025,401761631,47.5,,,,single_source
2025,401754617,51.5,,,,single_source
2025,401757278,51.5,,,,single_source
2025,401762481,68.5,,,,single_source
2025,401752862,62.25,,,,single_source
2025,401762828,45.5,,,,single_source
2025,401762822,46.75,,,,single_source
2025,401762827,49.25,,,,single_source
2025,401756902,54.5,,,,single_source
2025,401762480,53.5,,,,single_source
2025,401752728,48.75,,,,single_source
2025,401754557,61.5,,,,single_source
2025,401752856,42.5,,,,single_source
2025,401760396,63.5,,,,single_source
2025,401752745,48.25,,,,single_source
2025,401760375,51.5,,,,single_source
2025,401756906,48.5,,,,single_source
2025,401752710,60.0,,,,single_source
2025,401760377,63.25,,,,single_source
2025,401762823,55.25,,,,single_source
2025,401761612,57.25,,,,single_source
2025,401752859,42.25,,,,single_source
2025,401760393,60.75,,,,single_source
2025,401752869,37.5,,,,single_source
2025,401752734,51.25,,,,single_source
2025,401762840,47.5,,,,single_source
2025,401757260,60.5,,,,single_source
2025,401761609,57.5,,,,single_source
2025,401756904,48.5,,,,single_source
2025,401757265,55.5,,,,single_source
2025,401762471,52.5,,,,single_source
2025,401762821,51.25,,,,single_source
2025,401752735,68.5,,,,single_source
2025,401756914,57.25,,,,single_source
2025,401760388,47.5,,,,single_source
2025,401762841,47.25,,,,single_source
2025,401752740,43.75,,,,single_source
2025,401752720,63.5,,,,single_source
2025,401752730,57.0,,,,single_source
2025,401761614,54.5,,,,single_source
2025,401757277,46.5,,,,single_source
2025,401756913,51.5,,,,single_source
2025,401762837,49.75,,,,single_source
2025,401752737,47.75,,,,single_source
2025,401756924,49.5,,,,single_source
2025,401761629,48.25,,,,single_source
2025,401752853,47.5,,,,single_source
2025,401757280,46.5,,,,single_source
2025,401756917,55.5,,,,single_source
2025,401756908,46.75,,,,single_source
2025,401752857,52.25,,,,single_source
2025,401752732,44.5,,,,single_source
2025,401756928,46.25,,,,single_source
2025,401752850,62.25,,,,single_source
2025,401762825,49.75,,,,single_source
2025,401757279,53.75,,,,single_source
2025,401761622,59.75,,,,single_source
2025,401761625,44.75,,,,single_source
2025,401762843,41.5,,,,single_source
2025,401754569,58.25,,,,single_source
2025,401762483,45.5,,,,single_source
2025,401752724,51.5,,,,single_source
2025,401757271,53.5,,,,single_source
2025,401762824,50.25,,,,single_source
2025,401752744,42.75,,,,single_source
2025,401762842,48.5,,,,single_source
2025,401761626,57.5,,,,single_source
2025,401752867,47.25,,,,single_source
2025,401752739,57.5,,,,single_source
2025,401761630,58.75,,,,single_source
2025,401754559,56.75,,,,single_source
2025,401762484,52.5,,,,single_source
2025,401762472,62.75,,,,single_source
2025,401762489,47.75,,,,single_source
2025,401762482,66.25,,,,single_source
2025,401754544,54.0,,,,single_source
2025,401752741,50.75,,,,single_source
2025,401761624,55.5,,,,single_source
2025,401761633,45.75,,,,single_source
2025,401760380,41.75,,,,single_source
2025,401761632,65.75,,,,single_source
2025,401752849,51.5,,,,single_source
2025,401752878,49.5,,,,single_source
2025,401752866,46.5,,,,single_source
2025,401752876,62.25,,,,single_source
2025,401757282,48.0,,,,single_source
2025,401762839,43.5,,,,single_source
2025,401754546,53.25,,,,single_source
2025,401762838,44.25,,,,single_source
2025,401757170,51.25,,,,single_source
2025,401754560,55.5,,,,single_source
2025,401752863,51.75,,,,single_source
2025,401752874,47.25,,,,single_source
2025,401754568,54.5,,,,single_source
2025,401754545,59.5,,,,single_source
2025,401754547,53.75,,,,single_source
2025,401762835,45.75,,,,single_source
2025,401760394,53.5,,,,single_source
2025,401761628,57.25,,,,single_source
2025,401754548,57.5,,,,single_source
2025,401761623,46.5,,,,single_source
2025,401756925,47.25,,,,single_source
2025,401762833,47.5,,,,single_source
2025,401752725,57.5,,,,single_source
2025,401760378,52.25,,,,single_source
2025,401757283,55.75,,,,single_source
2025,401757284,46.5,,,,single_source
2025,401762486,54.75,,,,single_source
2025,401756927,66.5,,,,single_source
2025,401756921,58.5,,,,single_source
2025,401752872,47.5,,,,single_source
2025,401762491,64.25,,,,single_source
2025,401762836,48.25,,,,single_source
2025,401761668,54.5,,,,single_source
2025,401760379,59.5,,,,single_source
2025,401754371,46.0,,,,single_source
2025,401752733,58.5,,,,single_source
2025,401762488,44.5,,,,single_source
2025,401762826,55.0,,,,single_source
2025,401752877,41.25,,,,single_source
2025,401757281,55.5,,,,single_source
2025,401756918,52.5,,,,single_source
2025,401752851,45.75,,,,single_source
2025,401756905,55.75,,,,single_source
2025,401762834,43.25,,,,single_source
2025,401762487,59.5,,,,single_source
2025,401762473,45.75,,,,single_source
2025,401756926,57.75,,,,single_source
2025,401756916,46.75,,,,single_source
2025,401760387,58.5,,,,single_source
2025,401757274,53.5,,,,single_source
2025,401760392,56.5,,,,single_source
2025,401757269,55.75,,,,single_source
2025,401752951,56.5,,,,single_source
2025,401754561,55.5,,,,single_source
2025,401761627,53.5,,,,single_source
2025,401752743,45.25,,,,single_source
2025,401762474,52.25,,,,single_source
2025,401756920,47.75,,,,single_source
2025,401754567,55.25,,,,single_source
2025,401760395,49.5,,,,single_source
2025,401752722,46.75,,,,single_source
2025,401761617,63.5,,,,single_source
2025,401754563,47.75,,,,single_source
2025,401760386,65.5,,,,single_source
2025,401756907,58.75,,,,single_source
2025,401762490,72.5,,,,single_source
2025,401754565,49.75,,,,single_source
2025,401756919,54.5,,,,single_source
2025,401761615,47.75,,,,single_source
2025,401761616,55.5,,,,single_source
2025,401762485,48.5,,,,single_source
2025,401752721,57.25,,,,single_source
2025,401760389,57.0,,,,single_source
2025,401757272,48.25,,,,single_source
2025,401760391,50.0,,,,single_source
2025,401757273,59.5,,,,single_source
2025,401757270,54.0,,,,single_source
2025,401752864,49.5,,,,single_source
2025,401760390,42.5,,,,single_source
2025,401754573,50.5,,,,single_source
2025,401752941,56.5,,,,single_source
2025,401756903,48.75,,,,single_source
2025,401754566,60.5,,,,single_source
2025,401752879,52.5,,,,single_source
2025,401757288,51.5,,,,single_source
2025,401752885,53.5,,,,single_source
2025,401752887,50.75,,,,single_source
2025,401754571,52.5,,,,single_source
2025,401754558,54.25,,,,single_source
2025,401752758,48.5,,,,single_source
2025,401760401,48.5,,,,single_source
2025,401752757,55.75,,,,single_source
2025,401754579,58.5,,,,single_source
2025,401752950,48.5,,,,single_source
2025,401757289,52.75,,,,single_source
2025,401762501,53.75,,,,single_source
2025,401752750,52.5,,,,single_source
2025,401752752,52.5,,,,single_source
2025,401752749,48.5,,,,single_source
2025,401752761,63.5,,,,single_source
2025,401762494,59.0,,,,single_source
2025,401752880,54.5,,,,single_source
2025,401757287,55.25,,,,single_source
2025,401752884,60.25,,,,single_source
2025,401757295,56.5,,,,single_source
2025,401754549,49.75,,,,single_source
2025,401754575,45.5,,,,single_source
2025,401754597,55.25,,,,single_source
2025,401754593,59.75,,,,single_source
2025,401756949,60.5,,,,single_source
2025,401752904,46.25,,,,single_source
2025,401760414,68.5,,,,single_source
2025,401756942,57.5,,,,single_source
2025,401752762,56.5,,,,single_source
2025,401762860,44.25,,,,single_source
2025,401752945,50.5,,,,single_source
2025,401762857,47.25,,,,single_source
2025,401752868,58.25,,,,single_source
2025,401756931,48.75,,,,single_source
2025,401762499,68.5,,,,single_source
2025,401761639,55.25,,,,single_source
2025,401752769,53.5,,,,single_source
2025,401762510,62.75,,,,single_source
2025,401762858,44.75,,,,single_source
2025,401762859,43.25,,,,single_source
2025,401752901,43.5,,,,single_source
2025,401754595,54.75,,,,single_source
2025,401756952,50.25,,,,single_source
2025,401762856,49.5,,,,single_source
2025,401761649,53.25,,,,single_source
2025,401756930,68.5,,,,single_source
2025,401756944,58.25,,,,single_source
2025,401752892,59.75,,,,single_source
2025,401762443,54.25,,,,single_source
2025,401752905,41.75,,,,single_source
2025,401762497,48.25,,,,single_source
2025,401756900,54.75,,,,single_source
2025,401761634,53.75,,,,single_source
2025,401752942,52.75,,,,single_source
2025,401756953,48.5,,,,single_source
2025,401752906,51.75,,,,single_source
2025,401752772,49.5,,,,single_source
2025,401752907,48.5,,,,single_source
2025,401752763,48.25,,,,single_source
2025,401756950,51.75,,,,single_source
2025,401752900,46.5,,,,single_source
2025,401756951,56.25,,,,single_source
2025,401752902,51.25,,,,single_source
2025,401754372,50.75,,,,single_source
2025,401756945,50.25,,,,single_source
2025,401752764,46.25,,,,single_source
2025,401752898,41.25,,,,single_source
2025,401762506,68.75,,,,single_source
2025,401754596,37.75,,,,single_source
2025,401762468,42.25,,,,single_source
2025,401761635,62.5,,,,single_source
2025,401761642,52.75,,,,single_source
2025,401757166,54.75,,,,single_source
2025,401754594,55.25,,,,single_source
2025,401752895,45.75,,,,single_source
2025,401760408,48.25,,,,single_source
2025,401762498,58.25,,,,single_source
2025,401752770,50.25,,,,single_source
2025,401752746,56.25,,,,single_source
2025,401762849,44.25,,,,single_source
2025,401760376,49.25,,,,single_source
2025,401761650,59.5,,,,single_source
2025,401754583,55.25,,,,single_source
2025,401762469,50.75,,,,single_source
2025,401757174,64.5,,,,single_source
2025,401754574,52.75,,,,single_source
2025,401762507,57.5,,,,single_source
2025,401754578,50.75,,,,single_source
2025,401761610,51.25,,,,single_source
2025,401754580,52.5,,,,single_source
2025,401754640,46.75,,,,single_source
2025,401762844,48.75,,,,single_source
2025,401761651,60.0,,,,single_source
2025,401752860,48.5,,,,single_source
2025,401754551,54.5,,,,single_source
2025,401761652,53.5,,,,single_source
2025,401752890,48.75,,,,single_source
2025,401754542,53.0,,,,single_source
2025,401756935,55.5,,,,single_source
2025,401762847,46.5,,,,single_source
2025,401752891,63.5,,,,single_source
2025,401754642,50.75,,,,single_source
2025,401762508,56.75,,,,single_source
2025,401754554,59.75,,,,single_source
2025,401754592,61.25,,,,single_source
2025,401756898,49.75,,,,single_source
2025,401762861,48.75,,,,single_source
2025,401752888,44.5,,,,single_source
2025,401757172,48.5,,,,single_source
2025,401756912,55.5,,,,single_source
2025,401752903,48.75,,,,single_source
2025,401754537,54.0,,,,single_source
2025,401762850,43.25,,,,single_source
2025,401760381,50.75,,,,single_source
2025,401756939,48.5,,,,single_source
2025,401761613,43.75,,,,single_source
2025,401754541,56.25,,,,single_source
2025,401757173,61.5,,,,single_source
2025,401756936,58.5,,,,single_source
2025,401762820,48.5,,,,single_source
2025,401754570,54.5,,,,single_source
2025,401754538,57.25,,,,single_source
2025,401762475,55.0,,,,single_source
2025,401752943,47.5,,,,single_source
2025,401754572,45.75,,,,single_source
2025,401752883,44.5,,,,single_source
2025,401761654,65.75,,,,single_source
2025,401752715,69.0,,,,single_source
2025,401762846,47.75,,,,single_source
2025,401756909,46.75,,,,single_source
2025,401757300,56.25,,,,single_source
2025,401760402,47.75,,,,single_source
2025,401761611,51.5,,,,single_source
2025,401757275,52.25,,,,single_source
2025,401756897,45.75,,,,single_source
2025,401760373,58.5,,,,single_source
2025,401754550,54.75,,,,single_source
2025,401756938,48.5,,,,single_source
2025,401762845,41.75,,,,single_source
2025,401762874,40.25,,,,single_source
2025,401756899,54.25,,,,single_source
2025,401754576,52.25,,,,single_source
2025,401761643,52.5,,,,single_source
2025,401762848,60.25,,,,single_source
2025,401752768,58.25,,,,single_source
2025,401760404,61.5,,,,single_source
2025,401752711,61.5,,,,single_source
2025,401754582,51.5,,,,single_source
2025,401752754,44.5,,,,single_source
2025,401761638,47.25,,,,single_source
2025,401752708,59.75,,,,single_source
2025,401757276,62.75,,,,single_source
2025,401761653,49.5,,,,single_source
2025,401762509,60.5,,,,single_source
2025,401757293,52.25,,,,single_source
2025,401757169,53.75,,,,single_source
2025,401762851,51.25,,,,single_source
2025,401760384,59.0,,,,single_source
2025,401761637,48.75,,,,single_source
2025,401752712,48.25,,,,single_source
2025,401762853,48.25,,,,single_source
2025,401752756,55.5,,,,single_source
2025,401760400,61.25,,,,single_source
2025,401754539,48.5,,,,single_source
2025,401757294,53.5,,,,single_source
2025,401762500,67.25,,,,single_source
2025,401756948,46.5,,,,single_source
2025,401761644,62.0,,,,single_source
2025,401761641,55.5,,,,single_source
2025,401757262,46.75,,,,single_source
2025,401760374,47.25,,,,single_source
2025,401760382,40.5,,,,single_source
2025,401760411,53.75,,,,single_source
2025,401756940,54.5,,,,single_source
2025,401760399,46.25,,,,single_source
2025,401752940,53.5,,,,single_source
2025,401757259,55.0,,,,single_source
2025,401757302,56.25,,,,single_source
2025,401762854,42.25,,,,single_source
2025,401757261,57.75,,,,single_source
2025,401752886,44.75,,,,single_source
2025,401757304,48.0,,,,single_source
2025,401760405,42.25,,,,single_source
2025,401761619,53.25,,,,single_source
2025,401752896,54.25,,,,single_source
2025,401757268,54.5,,,,single_source
2025,401760403,55.75,,,,single_source
2025,401752760,44.5,,,,single_source
2025,401760372,51.75,,,,single_source
2025,401752952,44.5,,,,single_source
2025,401760410,41.5,,,,single_source
2025,401760413,49.5,,,,single_source
2025,401762830,52.0,,,,single_source
2025,401756937,52.5,,,,single_source
2025,401752771,59.75,,,,single_source
2025,401752716,53.5,,,,single_source
2025,401762493,63.5,,,,single_source
2025,401752897,49.75,,,,single_source
2025,401757263,51.5,,,,single_source
2025,401757303,52.0,,,,single_source
2025,401756933,56.25,,,,single_source
2025,401762829,47.5,,,,single_source
2025,401752753,66.5,,,,single_source
2025,401762852,50.75,,,,single_source
2025,401760412,40.5,,,,single_source
2025,401761636,59.5,,,,single_source
2025,401761640,55.0,,,,single_source
2025,401762831,53.5,,,,single_source
2025,401757264,46.5,,,,single_source
2025,401757301,51.5,,,,single_source
2025,401752723,51.5,,,,single_source
2025,401754556,51.25,,,,single_source
2025,401760398,46.5,,,,single_source
2025,401752953,43.5,,,,single_source
2025,401757267,47.25,,,,single_source
2025,401762832,46.5,,,,single_source
2025,401757292,53.75,,,,single_source
2025,401754577,54.75,,,,single_source
2025,401761621,46.75,,,,single_source
2025,401752882,39.0,,,,single_source
2025,401754540,47.25,,,,single_source
2025,401761618,52.75,,,,single_source
2025,401756946,47.5,,,,single_source
2025,401762478,54.5,,,,single_source
2025,401752858,43.25,,,,single_source
2025,401752861,54.5,,,,single_source
2025,401754584,54.5,,,,single_source
2025,401757291,49.75,,,,single_source
2025,401757290,47.75,,,,single_source
2025,401760397,50.5,,,,single_source
2025,401756947,51.5,,,,single_source
2025,401762503,45.25,,,,single_source
2025,401756910,56.5,,,,single_source
2025,401762495,52.5,,,,single_source
2025,401762873,38.0,,,,single_source
2025,401762477,54.75,,,,single_source
2025,401752855,48.25,,,,single_source
2025,401762492,61.0,,,,single_source
2025,401762505,61.0,,,,single_source
2025,401754555,56.75,,,,single_source
2025,401762504,56.5,,,,single_source
2025,401756929,46.75,,,,single_source
2025,401752747,55.25,,,,single_source
2025,401756911,59.75,,,,single_source
2025,401752767,51.75,,,,single_source
2025,401754587,46.5,,,,single_source
2025,401762476,55.5,,,,single_source
2025,401757285,48.5,,,,single_source
2025,401752781,59.5,,,,single_source
2025,401754598,58.5,,,,single_source
2025,401760418,64.5,,,,single_source
2025,401757286,49.75,,,,single_source
2025,401752729,53.75,,,,single_source
2025,401752773,57.25,,,,single_source
2025,401752774,51.0,,,,single_source
2025,401757171,52.25,,,,single_source
2025,401752913,42.75,,,,single_source
2025,401754606,49.5,,,,single_source
2025,401756957,56.0,,,,single_source
2025,401760385,50.75,,,,single_source
2025,401754605,55.25,,,,single_source
2025,401761620,63.5,,,,single_source
2025,401761646,53.5,,,,single_source
2025,401761645,56.75,,,,single_source
2025,401760383,45.5,,,,single_source
2025,401756959,47.5,,,,single_source
2025,401761656,56.5,,,,single_source
2025,401754604,51.25,,,,single_source
2025,401752914,46.5,,,,single_source
2025,401762512,43.5,,,,single_source
2025,401754601,60.75,,,,single_source
2025,401752908,45.25,,,,single_source
2025,401762479,58.5,,,,single_source
2025,401756915,53.75,,,,single_source
2025,401762867,45.5,,,,single_source
2025,401757175,63.75,,,,single_source
2025,401752776,53.25,,,,single_source
2025,401762515,54.25,,,,single_source
2025,401754599,47.5,,,,single_source
2025,401754585,48.75,,,,single_source
2025,401752909,40.75,,,,single_source
2025,401752782,53.5,,,,single_source
2025,401754588,41.75,,,,single_source
2025,401762864,39.5,,,,single_source
2025,401762862,47.75,,,,single_source
2025,401762863,53.25,,,,single_source
2025,401752779,49.75,,,,single_source
2025,401752912,54.25,,,,single_source
2025,401761655,54.25,,,,single_source
2025,401757306,54.25,,,,single_source
2025,401757299,51.5,,,,single_source
2025,401762866,50.5,,,,single_source
2025,401762865,38.5,,,,single_source
2025,401754603,49.25,,,,single_source
2025,401761657,61.75,,,,single_source
2025,401762855,49.25,,,,single_source
2025,401756954,61.5,,,,single_source
2025,401762513,62.5,,,,single_source
2025,401760419,39.5,,,,single_source
2025,401754589,48.5,,,,single_source
2025,401761658,53.25,,,,single_source
2025,401756955,56.5,,,,single_source
2025,401760420,51.0,,,,single_source
2025,401757307,45.25,,,,single_source
2025,401752894,56.75,,,,single_source
2025,401757308,53.5,,,,single_source
2025,401752954,44.5,,,,single_source
2025,401762511,68.75,,,,single_source
2025,401752777,52.25,,,,single_source
2025,401762502,51.5,,,,single_source
2025,401761648,63.0,,,,single_source
2025,401752780,58.25,,,,single_source
2025,401762514,57.25,,,,single_source
2025,401757309,44.5,,,,single_source
2025,401752899,44.5,,,,single_source
2025,401756943,56.5,,,,single_source
2025,401761659,59.5,,,,single_source
2025,401760407,60.75,,,,single_source
2025,401756958,55.5,,,,single_source
2025,401757296,50.75,,,,single_source
2025,401754602,49.5,,,,single_source
2025,401757297,46.5,,,,single_source
2025,401760406,67.5,,,,single_source
2025,401752915,42.25,,,,single_source
2025,401761647,54.75,,,,single_source
2025,401760415,53.0,,,,single_source
2025,401754590,63.25,,,,single_source
2025,401760417,50.25,,,,single_source
2025,401760409,52.25,,,,single_source
2025,401757305,55.75,,,,single_source
2025,401757298,52.25,,,,single_source
2025,401761660,50.75,,,,single_source
2025,401752944,52.0,,,,single_source
2025,401760416,45.5,,,,single_source
