season,date_raw,away_team_raw,home_team_raw,away_final,home_final,away_open_raw,away_close_raw,home_open_raw,home_close_raw,closing_spread_parsed,opening_spread_parsed,spread_ambiguous_flag,away_ml,home_ml,_source,_retrieval_date,_endpoint,_schema_version
2014,827,AbileneChristian,GeorgiaState,37,38,63,54,5,6,6.0,5.0,False,180,-210,sportsbookreviewsonline.com,2026-08-31T17:40:25.259129+00:00,https://www.sportsbookreviewsonline.com/scoresoddsarchives/ncaa-football-2014-15,1.3
2014,828,TexasA&M,SouthCarolina,52,28,56.5,60.5,11,9,9.0,11.0,False,270,-330,sportsbookreviewsonline.com,2026-08-31T17:40:25.259129+00:00,https://www.sportsbookreviewsonline.com/scoresoddsarchives/ncaa-football-2014-15,1.3
2014,828,WakeForest,ULMonroe,10,17,4,44.5,47,1.5,1.5,4.0,False,105,-125,sportsbookreviewsonline.com,2026-08-31T17:40:25.259129+00:00,https://www.sportsbookreviewsonline.com/scoresoddsarchives/ncaa-football-2014-15,1.3
2014,828,Tulane,Tulsa,31,38,47,45.5,3.5,5,5.0,3.5,False,180,-210,sportsbookreviewsonline.com,2026-08-31T17:40:25.259129+00:00,https://www.sportsbookreviewsonline.com/scoresoddsarchives/ncaa-football-2014-15,1.3
2014,828,Mississippi,BoiseState,35,13,10,10,56.5,51.5,10.0,10.0,False,-450,355,sportsbookreviewsonline.com,2026-08-31T17:40:25.259129+00:00,https://www.sportsbookreviewsonline.com/scoresoddsarchives/ncaa-football-2014-15,1.3
2014,828,Temple,Vanderbilt,37,7,53,50,16.5,8.5,8.5,16.5,False,277,-338,sportsbookreviewsonline.com,2026-08-31T17:40:25.259129+00:00,https://www.sportsbookreviewsonline.com/scoresoddsarchives/ncaa-football-2014-15,1.3
2014,828,Rutgers,WashingtonState,41,38,60.5,61,9.5,7.5,7.5,9.5,False,255,-310,sportsbookreviewsonline.com,2026-08-31T17:40:25.259129+00:00,https://www.sportsbookreviewsonline.com/scoresoddsarchives/ncaa-football-2014-15,1.3
2014,828,EasternIllinois,MinnesotaU,20,42,62.5,62.5,14,17.5,17.5,14.0,False,NL,NL,sportsbookreviewsonline.com,2026-08-31T17:40:25.259129+00:00,https://www.sportsbookreviewsonline.com/scoresoddsarchives/ncaa-football-2014-15,1.3
2014,828,Howard,Akron,0,41,53,53,21.5,25.5,25.5,21.5,False,NL,NL,sportsbookreviewsonline.com,2026-08-31T17:40:25.259129+00:00,https://www.sportsbookreviewsonline.com/scoresoddsarchives/ncaa-football-2014-15,1.3
2014,828,Presbyterian,NoIllinois,3,55,59.5,59.5,39,40,40.0,39.0,False,NL,NL,sportsbookreviewsonline.com,2026-08-31T17:40:25.259129+00:00,https://www.sportsbookreviewsonline.com/scoresoddsarchives/ncaa-football-2014-15,1.3
2014,828,TennChat,CentralMichigan,16,20,53.5,53.5,10.5,10.5,10.5,10.5,False,305,-380,sportsbookreviewsonline.com,2026-08-31T17:40:25.259129+00:00,https://www.sportsbookreviewsonline.com/scoresoddsarchives/ncaa-football-2014-15,1.3
2014,828,IdahoSt,Utah,14,56,55.5,56.5,41,40.5,40.5,41.0,False,NL,NL,sportsbookreviewsonline.com,2026-08-31T17:40:25.259129+00:00,https://www.sportsbookreviewsonline.com/scoresoddsarchives/ncaa-football-2014-15,1.3
2014,828,CalPoly,NewMexicoState,10,28,7,7.5,55.5,59,7.5,7.0,False,-300,247,sportsbookreviewsonline.com,2026-08-31T17:40:25.259129+00:00,https://www.sportsbookreviewsonline.com/scoresoddsarchives/ncaa-football-2014-15,1.3
2014,828,NorthDakota,SanJoseState,10,42,57.5,57.5,24.5,24,24.0,24.5,False,NL,NL,sportsbookreviewsonline.com,2026-08-31T17:40:25.259129+00:00,https://www.sportsbookreviewsonline.com/scoresoddsarchives/ncaa-football-2014-15,1.3
2014,828,WeberSt,ArizonaState,14,45,66.5,65.5,46,46,46.0,46.0,False,NL,NL,sportsbookreviewsonline.com,2026-08-31T17:40:25.259129+00:00,https://www.sportsbookreviewsonline.com/scoresoddsarchives/ncaa-football-2014-15,1.3
2014,829,BYU,Connecticut,35,10,17,14.5,51,54,14.5,17.0,False,-750,550,sportsbookreviewsonline.com,2026-08-31T17:40:25.259129+00:00,https://www.sportsbookreviewsonline.com/scoresoddsarchives/ncaa-football-2014-15,1.3
2014,829,BowlingGreen,WesternKentucky,31,59,7,7,54.5,64,7.0,7.0,False,-260,215,sportsbookreviewsonline.com,2026-08-31T17:40:25.259129+00:00,https://www.sportsbookreviewsonline.com/scoresoddsarchives/ncaa-football-2014-15,1.3
2014,829,ColoradoState,Colorado,31,17,64.5,53.5,3,2.5,2.5,3.0,False,120,-140,sportsbookreviewsonline.com,2026-08-31T17:40:25.259129+00:00,https://www.sportsbookreviewsonline.com/scoresoddsarchives/ncaa-football-2014-15,1.3
2014,829,TexSanAntonio,HoustonU,27,7,54.5,56.5,12.5,8,8.0,12.5,False,255,-310,sportsbookreviewsonline.com,2026-08-31T17:40:25.259129+00:00,https://www.sportsbookreviewsonline.com/scoresoddsarchives/ncaa-football-2014-15,1.3
2014,829,UNLV,ArizonaU,13,58,60.5,58.5,24,20.5,20.5,24.0,False,800,-1300,sportsbookreviewsonline.com,2026-08-31T17:40:25.259129+00:00,https://www.sportsbookreviewsonline.com/scoresoddsarchives/ncaa-football-2014-15,1.3
2014,829,Villanova,Syracuse,26,27,NL,NL,16,14.5,,,False,512,-700,sportsbookreviewsonline.com,2026-08-31T17:40:25.259129+00:00,https://www.sportsbookreviewsonline.com/scoresoddsarchives/ncaa-football-2014-15,1.3
2014,829,JacksonvilleSt,MichiganState,7,45,NL,NL,32.5,34.5,,,False,NL,NL,sportsbookreviewsonline.com,2026-08-31T17:40:25.259129+00:00,https://www.sportsbookreviewsonline.com/scoresoddsarchives/ncaa-football-2014-15,1.3
2014,830,PennState,CentralFlorida,26,24,48,43.5,pk,2.5,2.5,0.0,False,114,-134,sportsbookreviewsonline.com,2026-08-31T17:40:25.259129+00:00,https://www.sportsbookreviewsonline.com/scoresoddsarchives/ncaa-football-2014-15,1.3
2014,830,OhioState,Navy,34,17,17,13,57,54,13.0,17.0,False,-625,475,sportsbookreviewsonline.com,2026-08-31T17:40:25.259129+00:00,https://www.sportsbookreviewsonline.com/scoresoddsarchives/ncaa-football-2014-15,1.3
2014,830,UCLA,Virginia,28,20,23,18.5,57,50,18.5,23.0,False,-1000,700,sportsbookreviewsonline.com,2026-08-31T17:40:25.259129+00:00,https://www.sportsbookreviewsonline.com/scoresoddsarchives/ncaa-football-2014-15,1.3
2014,830,AppalachianSt,Michigan,14,52,54,54,34.5,29.5,29.5,34.5,False,NL,NL,sportsbookreviewsonline.com,2026-08-31T17:40:25.259129+00:00,https://www.sportsbookreviewsonline.com/scoresoddsarchives/ncaa-football-2014-15,1.3
2014,830,Troy,UAB,10,48,66,2,pk,58,2.0,0.0,False,-135,115,sportsbookreviewsonline.com,2026-08-31T17:40:25.259129+00:00,https://www.sportsbookreviewsonline.com/scoresoddsarchives/ncaa-football-2014-15,1.3
2014,830,California,Northwestern,31,24,61,64,12,8,8.0,12.0,False,279,-338,sportsbookreviewsonline.com,2026-08-31T17:40:25.259129+00:00,https://www.sportsbookreviewsonline.com/scoresoddsarchives/ncaa-football-2014-15,1.3
2014,830,GeorgiaSouthern,NCState,23,24,53.5,58,23,20.5,20.5,23.0,False,900,-1500,sportsbookreviewsonline.com,2026-08-31T17:40:25.259129+00:00,https://www.sportsbookreviewsonline.com/scoresoddsarchives/ncaa-football-2014-15,1.3
2014,830,FloridaAtlantic,Nebraska,7,55,51,50.5,23.5,20,20.0,23.5,False,700,-1050,sportsbookreviewsonline.com,2026-08-31T17:40:25.259129+00:00,https://www.sportsbookreviewsonline.com/scoresoddsarchives/ncaa-football-2014-15,1.3
2014,830,BostonCollege,Massachusetts,30,7,14.5,17,48.5,48.5,17.0,14.5,False,-1000,700,sportsbookreviewsonline.com,2026-08-31T17:40:25.259129+00:00,https://www.sportsbookreviewsonline.com/scoresoddsarchives/ncaa-football-2014-15,1.3
2014,830,Marshall,MiamiOhio,42,27,24,24.5,59,63.5,24.5,24.0,False,-3000,1400,sportsbookreviewsonline.com,2026-08-31T17:40:25.259129+00:00,https://www.sportsbookreviewsonline.com/scoresoddsarchives/ncaa-football-2014-15,1.3
2014,830,Rice,NotreDame,17,48,51,52,24,19.5,19.5,24.0,False,700,-1050,sportsbookreviewsonline.com,2026-08-31T17:40:25.259129+00:00,https://www.sportsbookreviewsonline.com/scoresoddsarchives/ncaa-football-2014-15,1.3
2014,830,Alabama,WestVirginia,33,23,26.5,22,55.5,53,22.0,26.5,False,-2500,900,sportsbookreviewsonline.com,2026-08-31T17:40:25.259129+00:00,https://www.sportsbookreviewsonline.com/scoresoddsarchives/ncaa-football-2014-15,1.3
2014,830,Arkansas,Auburn,21,45,58.5,56.5,21.5,17,17.0,21.5,False,650,-950,sportsbookreviewsonline.com,2026-08-31T17:40:25.259129+00:00,https://www.sportsbookreviewsonline.com/scoresoddsarchives/ncaa-football-2014-15,1.3
2014,830,Clemson,Georgia,21,45,58,56,8,9.5,9.5,8.0,False,305,-375,sportsbookreviewsonline.com,2026-08-31T17:40:25.259129+00:00,https://www.sportsbookreviewsonline.com/scoresoddsarchives/ncaa-football-2014-15,1.3
2014,830,Ohio,KentState,17,14,51,47,3,3,3.0,3.0,False,135,-160,sportsbookreviewsonline.com,2026-08-31T17:40:25.259129+00:00,https://www.sportsbookreviewsonline.com/scoresoddsarchives/ncaa-football-2014-15,1.3
2014,830,LouisianaTech,Oklahoma,16,48,51,56.5,38,34,34.0,38.0,False,NL,NL,sportsbookreviewsonline.com,2026-08-31T17:40:25.259129+00:00,https://www.sportsbookreviewsonline.com/scoresoddsarchives/ncaa-football-2014-15,1.3
2014,830,WesternMichigan,Purdue,34,43,54,49,12.5,7,7.0,12.5,False,235,-285,sportsbookreviewsonline.com,2026-08-31T17:40:25.259129+00:00,https://www.sportsbookreviewsonline.com/scoresoddsarchives/ncaa-football-2014-15,1.3
2014,830,FresnoState,USC,13,52,58,58,22,18.5,18.5,22.0,False,700,-1000,sportsbookreviewsonline.com,2026-08-31T17:40:25.259129+00:00,https://www.sportsbookreviewsonline.com/scoresoddsarchives/ncaa-football-2014-15,1.3
2014,830,SouthernMiss,MississippiSt,0,49,56,54.5,29,30.5,30.5,29.0,False,2462,-10000,sportsbookreviewsonline.com,2026-08-31T17:40:25.259129+00:00,https://www.sportsbookreviewsonline.com/scoresoddsarchives/ncaa-football-2014-15,1.3
2014,830,WashingtonU,Hawaii,17,16,19.5,18,58.5,56.5,18.0,19.5,False,-1400,900,sportsbookreviewsonline.com,2026-08-31T17:40:25.259129+00:00,https://www.sportsbookreviewsonline.com/scoresoddsarchives/ncaa-football-2014-15,1.3
2014,830,FloridaState,OklahomaState,37,31,17.5,18.5,63,64.5,18.5,17.5,False,-1500,900,sportsbookreviewsonline.com,2026-08-31T17:40:25.259129+00:00,https://www.sportsbookreviewsonline.com/scoresoddsarchives/ncaa-football-2014-15,1.3
2014,830,NorthTexas,Texas,7,38,52.5,47.5,24.5,20.5,20.5,24.5,False,900,-1500,sportsbookreviewsonline.com,2026-08-31T17:40:25.259129+00:00,https://www.sportsbookreviewsonline.com/scoresoddsarchives/ncaa-football-2014-15,1.3
2014,830,UTEP,NewMexico,31,24,67.5,56.5,7.5,10,10.0,7.5,False,345,-425,sportsbookreviewsonline.com,2026-08-31T17:40:25.259129+00:00,https://www.sportsbookreviewsonline.com/scoresoddsarchives/ncaa-football-2014-15,1.3
2014,830,LSU,Wisconsin,28,24,4.5,3.5,51,49,3.5,4.5,False,-170,145,sportsbookreviewsonline.com,2026-08-31T17:40:25.259129+00:00,https://www.sportsbookreviewsonline.com/scoresoddsarchives/ncaa-football-2014-15,1.3
2014,830,NoDakotaState,IowaState,34,14,NL,NL,3.5,7,,,False,NL,NL,sportsbookreviewsonline.com,2026-08-31T17:40:25.259129+00:00,https://www.sportsbookreviewsonline.com/scoresoddsarchives/ncaa-football-2014-15,1.3
2014,830,Delaware,PittsburghU,0,62,NL,NL,24,24,,,False,NL,NL,sportsbookreviewsonline.com,2026-08-31T17:40:25.259129+00:00,https://www.sportsbookreviewsonline.com/scoresoddsarchives/ncaa-football-2014-15,1.3
2014,830,TennesseeMartin,Kentucky,14,59,NL,NL,20.5,21.5,,,False,NL,NL,sportsbookreviewsonline.com,2026-08-31T17:40:25.259129+00:00,https://www.sportsbookreviewsonline.com/scoresoddsarchives/ncaa-football-2014-15,1.3
2014,830,YoungstownSt,Illinois,17,28,NL,NL,11.5,17.5,,,False,NL,NL,sportsbookreviewsonline.com,2026-08-31T17:40:25.259129+00:00,https://www.sportsbookreviewsonline.com/scoresoddsarchives/ncaa-football-2014-15,1.3
2014,830,IndianaSt,Indiana,10,28,NL,NL,30.5,33,,,False,NL,NL,sportsbookreviewsonline.com,2026-08-31T17:40:25.259129+00:00,https://www.sportsbookreviewsonline.com/scoresoddsarchives/ncaa-football-2014-15,1.3
2014,830,NorthernIowa,Iowa,23,31,NL,NL,19,17.5,,,False,NL,NL,sportsbookreviewsonline.com,2026-08-31T17:40:25.259129+00:00,https://www.sportsbookreviewsonline.com/scoresoddsarchives/ncaa-football-2014-15,1.3
2014,830,JamesMadison,Maryland,7,52,NL,NL,22.5,24.5,,,False,NL,NL,sportsbookreviewsonline.com,2026-08-31T17:40:25.259129+00:00,https://www.sportsbookreviewsonline.com/scoresoddsarchives/ncaa-football-2014-15,1.3
2014,830,Wofford,GeorgiaTech,19,38,NL,NL,28,28,,,False,NL,NL,sportsbookreviewsonline.com,2026-08-31T17:40:25.259129+00:00,https://www.sportsbookreviewsonline.com/scoresoddsarchives/ncaa-football-2014-15,1.3
2014,830,Colgate,BallState,10,30,NL,NL,27.5,29,,,False,NL,NL,sportsbookreviewsonline.com,2026-08-31T17:40:25.259129+00:00,https://www.sportsbookreviewsonline.com/scoresoddsarchives/ncaa-football-2014-15,1.3
2014,830,NichollsSt,AirForce,16,44,NL,NL,19.5,27.5,,,False,NL,NL,sportsbookreviewsonline.com,2026-08-31T17:40:25.259129+00:00,https://www.sportsbookreviewsonline.com/scoresoddsarchives/ncaa-football-2014-15,1.3
2014,830,SouthernUtah,Nevada,19,28,NL,NL,19.5,24.5,,,False,NL,NL,sportsbookreviewsonline.com,2026-08-31T17:40:25.259129+00:00,https://www.sportsbookreviewsonline.com/scoresoddsarchives/ncaa-football-2014-15,1.3
2014,830,William&Mary,VirginiaTech,9,34,NL,NL,23,22,,,False,NL,NL,sportsbookreviewsonline.com,2026-08-31T17:40:25.259129+00:00,https://www.sportsbookreviewsonline.com/scoresoddsarchives/ncaa-football-2014-15,1.3
2014,830,Duquesne,BuffaloU,28,38,NL,NL,26.5,27,,,False,NL,NL,sportsbookreviewsonline.com,2026-08-31T17:40:25.259129+00:00,https://www.sportsbookreviewsonline.com/scoresoddsarchives/ncaa-football-2014-15,1.3
2014,830,SouthDakotaSt,Missouri,18,38,NL,NL,25,25,,,False,NL,NL,sportsbookreviewsonline.com,2026-08-31T17:40:25.259129+00:00,https://www.sportsbookreviewsonline.com/scoresoddsarchives/ncaa-football-2014-15,1.3
2014,830,Montana,Wyoming,12,17,NL,NL,3.5,6,,,False,NL,NL,sportsbookreviewsonline.com,2026-08-31T17:40:25.259129+00:00,https://www.sportsbookreviewsonline.com/scoresoddsarchives/ncaa-football-2014-15,1.3
2014,830,PortlandSt,OregonState,14,29,NL,NL,33,32.5,,,False,NL,NL,sportsbookreviewsonline.com,2026-08-31T17:40:25.259129+00:00,https://www.sportsbookreviewsonline.com/scoresoddsarchives/ncaa-football-2014-15,1.3
2014,830,UCDavis,Stanford,0,45,NL,NL,41.5,42.5,,,False,NL,NL,sportsbookreviewsonline.com,2026-08-31T17:40:25.259129+00:00,https://www.sportsbookreviewsonline.com/scoresoddsarchives/ncaa-football-2014-15,1.3
2014,830,Elon,Duke,13,52,NL,NL,38,38,,,False,NL,NL,sportsbookreviewsonline.com,2026-08-31T17:40:25.259129+00:00,https://www.sportsbookreviewsonline.com/scoresoddsarchives/ncaa-football-2014-15,1.3
2014,830,Liberty,NorthCarolina,29,56,NL,NL,30,31.5,,,False,NL,NL,sportsbookreviewsonline.com,2026-08-31T17:40:25.259129+00:00,https://www.sportsbookreviewsonline.com/scoresoddsarchives/ncaa-football-2014-15,1.3
2014,830,MorganSt,EasternMichigan,28,31,NL,NL,13,16.5,,,False,NL,NL,sportsbookreviewsonline.com,2026-08-31T17:40:25.259129+00:00,https://www.sportsbookreviewsonline.com/scoresoddsarchives/ncaa-football-2014-15,1.3
2014,830,AustinPeay,Memphis,0,63,NL,NL,34.5,39.5,,,False,NL,NL,sportsbookreviewsonline.com,2026-08-31T17:40:25.259129+00:00,https://www.sportsbookreviewsonline.com/scoresoddsarchives/ncaa-football-2014-15,1.3
2014,830,WesternCarolina,SouthFlorida,31,36,NL,NL,25,27,,,False,NL,NL,sportsbookreviewsonline.com,2026-08-31T17:40:25.259129+00:00,https://www.sportsbookreviewsonline.com/scoresoddsarchives/ncaa-football-2014-15,1.3
2014,830,Samford,TCU,14,48,NL,NL,30.5,32.5,,,False,NL,NL,sportsbookreviewsonline.com,2026-08-31T17:40:25.259129+00:00,https://www.sportsbookreviewsonline.com/scoresoddsarchives/ncaa-football-2014-15,1.3
2014,830,CentralArkansas,TexasTech,35,42,NL,NL,27,34,,,False,NL,NL,sportsbookreviewsonline.com,2026-08-31T17:40:25.259129+00:00,https://www.sportsbookreviewsonline.com/scoresoddsarchives/ncaa-football-2014-15,1.3
2014,830,NewHampshire,Toledo,20,54,NL,NL,11,11.5,,,False,NL,NL,sportsbookreviewsonline.com,2026-08-31T17:40:25.259129+00:00,https://www.sportsbookreviewsonline.com/scoresoddsarchives/ncaa-football-2014-15,1.3
2014,830,NorthernArizona,SanDiegoState,7,38,NL,NL,17,16.5,,,False,NL,NL,sportsbookreviewsonline.com,2026-08-31T17:40:25.259129+00:00,https://www.sportsbookreviewsonline.com/scoresoddsarchives/ncaa-football-2014-15,1.3
2014,830,MontanaSt,ArkansasState,10,37,NL,NL,8,12.5,,,False,NL,NL,sportsbookreviewsonline.com,2026-08-31T17:40:25.259129+00:00,https://www.sportsbookreviewsonline.com/scoresoddsarchives/ncaa-football-2014-15,1.3
2014,830,Southern,ULLafayette,6,45,NL,NL,31,38.5,,,False,NL,NL,sportsbookreviewsonline.com,2026-08-31T17:40:25.259129+00:00,https://www.sportsbookreviewsonline.com/scoresoddsarchives/ncaa-football-2014-15,1.3
2014,830,ArkPineBluff,TexasState,0,65,NL,NL,27,31.5,,,False,NL,NL,sportsbookreviewsonline.com,2026-08-31T17:40:25.259129+00:00,https://www.sportsbookreviewsonline.com/scoresoddsarchives/ncaa-football-2014-15,1.3
2014,830,BethuneCookman,FloridaIntl,14,12,6,2,NL,NL,,,False,NL,NL,sportsbookreviewsonline.com,2026-08-31T17:40:25.259129+00:00,https://www.sportsbookreviewsonline.com/scoresoddsarchives/ncaa-football-2014-15,1.3
2014,830,SavannahSt,MiddleTennSt,7,61,NL,NL,41,41,,,False,NL,NL,sportsbookreviewsonline.com,2026-08-31T17:40:25.259129+00:00,https://www.sportsbookreviewsonline.com/scoresoddsarchives/ncaa-football-2014-15,1.3
2014,830,Hampton,OldDominion,28,41,NL,NL,23.5,24.5,,,False,NL,NL,sportsbookreviewsonline.com,2026-08-31T17:40:25.259129+00:00,https://www.sportsbookreviewsonline.com/scoresoddsarchives/ncaa-football-2014-15,1.3
2014,830,StephenF.Austin,KansasState,16,55,NL,NL,40,41.5,,,False,NL,NL,sportsbookreviewsonline.com,2026-08-31T17:40:25.259129+00:00,https://www.sportsbookreviewsonline.com/scoresoddsarchives/ncaa-football-2014-15,1.3
2014,830,NCCentral,EastCarolina,7,52,NL,NL,38.5,39.5,,,False,NL,NL,sportsbookreviewsonline.com,2026-08-31T17:40:25.259129+00:00,https://www.sportsbookreviewsonline.com/scoresoddsarchives/ncaa-football-2014-15,1.3
2014,830,SouthDakota,Oregon,13,62,NL,NL,51,54,,,False,NL,NL,sportsbookreviewsonline.com,2026-08-31T17:40:25.259129+00:00,https://www.sportsbookreviewsonline.com/scoresoddsarchives/ncaa-football-2014-15,1.3
2014,831,UtahState,TennesseeU,7,38,51,51,6.5,3,3.0,6.5,False,140,-165,sportsbookreviewsonline.com,2026-08-31T17:40:25.259129+00:00,https://www.sportsbookreviewsonline.com/scoresoddsarchives/ncaa-football-2014-15,1.3
2014,831,SMU,Baylor,0,45,73,74,31.5,31.5,31.5,31.5,False,NL,NL,sportsbookreviewsonline.com,2026-08-31T17:40:25.259129+00:00,https://www.sportsbookreviewsonline.com/scoresoddsarchives/ncaa-football-2014-15,1.3
2014,901,MiamiFlorida,Louisville,13,31,54.5,52.5,2.5,4.5,4.5,2.5,False,170,-200,sportsbookreviewsonline.com,2026-08-31T17:40:25.259129+00:00,https://www.sportsbookreviewsonline.com/scoresoddsarchives/ncaa-football-2014-15,1.3
2014,904,ArizonaU,TexSanAntonio,26,23,7,7.5,56,55,7.5,7.0,False,-320,265,sportsbookreviewsonline.com,2026-08-31T17:40:25.259129+00:00,https://www.sportsbookreviewsonline.com/scoresoddsarchives/ncaa-football-2014-15,1.3
2014,905,PittsburghU,BostonCollege,30,20,4,5,49.5,50,5.0,4.0,False,-210,180,sportsbookreviewsonline.com,2026-08-31T17:40:25.259129+00:00,https://www.sportsbookreviewsonline.com/scoresoddsarchives/ncaa-football-2014-15,1.3
2014,905,WashingtonState,Nevada,13,24,pk,3,64,67.5,3.0,0.0,False,-160,135,sportsbookreviewsonline.com,2026-08-31T17:40:25.259129+00:00,https://www.sportsbookreviewsonline.com/scoresoddsarchives/ncaa-football-2014-15,1.3
2014,906,FloridaAtlantic,Alabama,0,41,50.5,51.5,40.5,41,41.0,40.5,False,NL,NL,sportsbookreviewsonline.com,2026-08-31T17:40:25.259129+00:00,https://www.sportsbookreviewsonline.com/scoresoddsarchives/ncaa-football-2014-15,1.3
2014,906,KansasState,IowaState,32,28,12.5,12,59,54.5,12.0,12.5,False,-450,355,sportsbookreviewsonline.com,2026-08-31T17:40:25.259129+00:00,https://www.sportsbookreviewsonline.com/scoresoddsarchives/ncaa-football-2014-15,1.3
2014,906,SMU,NorthTexas,6,43,52.5,44.5,4,3,3.0,4.0,False,125,-145,sportsbookreviewsonline.com,2026-08-31T17:40:25.259129+00:00,https://www.sportsbookreviewsonline.com/scoresoddsarchives/ncaa-football-2014-15,1.3
2014,906,BallState,Iowa,13,17,53.5,52,17.5,18,18.0,17.5,False,600,-850,sportsbookreviewsonline.com,2026-08-31T17:40:25.259129+00:00,https://www.sportsbookreviewsonline.com/scoresoddsarchives/ncaa-football-2014-15,1.3
2014,906,NoIllinois,Northwestern,23,15,57.5,59,5.5,7,7.0,5.5,False,245,-295,sportsbookreviewsonline.com,2026-08-31T17:40:25.259129+00:00,https://www.sportsbookreviewsonline.com/scoresoddsarchives/ncaa-football-2014-15,1.3
2014,906,CentralMichigan,Purdue,38,17,54,53,2,3,3.0,2.0,False,130,-150,sportsbookreviewsonline.com,2026-08-31T17:40:25.259129+00:00,https://www.sportsbookreviewsonline.com/scoresoddsarchives/ncaa-football-2014-15,1.3
2014,906,BuffaloU,Army,39,47,55.5,53,3,3,3.0,3.0,False,140,-165,sportsbookreviewsonline.com,2026-08-31T17:40:25.259129+00:00,https://www.sportsbookreviewsonline.com/scoresoddsarchives/ncaa-football-2014-15,1.3
2014,906,Missouri,Toledo,49,24,6,3.5,61,61,3.5,6.0,False,-170,145,sportsbookreviewsonline.com,2026-08-31T17:40:25.259129+00:00,https://www.sportsbookreviewsonline.com/scoresoddsarchives/ncaa-football-2014-15,1.3
2014,906,Navy,Temple,31,24,3.5,3,56,57.5,3.0,3.5,False,-165,140,sportsbookreviewsonline.com,2026-08-31T17:40:25.259129+00:00,https://www.sportsbookreviewsonline.com/scoresoddsarchives/ncaa-football-2014-15,1.3
2014,906,ArkansasState,TennesseeU,19,34,51,58.5,17.5,16,16.0,17.5,False,578,-805,sportsbookreviewsonline.com,2026-08-31T17:40:25.259129+00:00,https://www.sportsbookreviewsonline.com/scoresoddsarchives/ncaa-football-2014-15,1.3
2014,906,WesternKentucky,Illinois,34,42,64,68.5,7,3,3.0,7.0,False,135,-160,sportsbookreviewsonline.com,2026-08-31T17:40:25.259129+00:00,https://www.sportsbookreviewsonline.com/scoresoddsarchives/ncaa-football-2014-15,1.3
2014,906,UAB,MississippiSt,34,47,57.5,58,29,29,29.0,29.0,False,1811,-7500,sportsbookreviewsonline.com,2026-08-31T17:40:25.259129+00:00,https://www.sportsbookreviewsonline.com/scoresoddsarchives/ncaa-football-2014-15,1.3
2014,906,NewMexicoState,GeorgiaState,34,31,60.5,64.5,1.5,4,4.0,1.5,False,150,-175,sportsbookreviewsonline.com,2026-08-31T17:40:25.259129+00:00,https://www.sportsbookreviewsonline.com/scoresoddsarchives/ncaa-football-2014-15,1.3
2014,906,Colorado,Massachusetts,41,38,17,17.5,54,50.5,17.5,17.0,False,-950,650,sportsbookreviewsonline.com,2026-08-31T17:40:25.259129+00:00,https://www.sportsbookreviewsonline.com/scoresoddsarchives/ncaa-football-2014-15,1.3
2014,906,SouthAlabama,KentState,23,13,pk,2,52.5,53.5,2.0,0.0,False,-130,110,sportsbookreviewsonline.com,2026-08-31T17:40:25.259129+00:00,https://www.sportsbookreviewsonline.com/scoresoddsarchives/ncaa-football-2014-15,1.3
2014,906,FresnoState,Utah,27,59,62.5,65.5,10.5,13,13.0,10.5,False,400,-500,sportsbookreviewsonline.com,2026-08-31T17:40:25.259129+00:00,https://www.sportsbookreviewsonline.com/scoresoddsarchives/ncaa-football-2014-15,1.3
2014,906,USC,Stanford,13,10,51,52.5,4,3,3.0,4.0,False,135,-160,sportsbookreviewsonline.com,2026-08-31T17:40:25.259129+00:00,https://www.sportsbookreviewsonline.com/scoresoddsarchives/ncaa-football-2014-15,1.3
2014,906,Akron,PennState,3,21,52.5,50.5,18.5,14,14.0,18.5,False,437,-559,sportsbookreviewsonline.com,2026-08-31T17:40:25.259129+00:00,https://www.sportsbookreviewsonline.com/scoresoddsarchives/ncaa-football-2014-15,1.3
2014,906,Ohio,Kentucky,3,20,53.5,52.5,9.5,13,13.0,9.5,False,400,-500,sportsbookreviewsonline.com,2026-08-31T17:40:25.259129+00:00,https://www.sportsbookreviewsonline.com/scoresoddsarchives/ncaa-football-2014-15,1.3
2014,906,EasternMichigan,Florida,0,65,54,56.5,38,41,41.0,38.0,False,NL,NL,sportsbookreviewsonline.com,2026-08-31T17:40:25.259129+00:00,https://www.sportsbookreviewsonline.com/scoresoddsarchives/ncaa-football-2014-15,1.3
2014,906,Mississippi,Vanderbilt,41,3,19.5,18,50.5,49.5,18.0,19.5,False,-950,650,sportsbookreviewsonline.com,2026-08-31T17:40:25.259129+00:00,https://www.sportsbookreviewsonline.com/scoresoddsarchives/ncaa-football-2014-15,1.3
2014,906,OldDominion,NCState,34,46,64,64.5,16.5,15.5,15.5,16.5,False,550,-750,sportsbookreviewsonline.com,2026-08-31T17:40:25.259129+00:00,https://www.sportsbookreviewsonline.com/scoresoddsarchives/ncaa-football-2014-15,1.3
2014,906,MichiganState,Oregon,27,46,58,57,11.5,14,14.0,11.5,False,390,-510,sportsbookreviewsonline.com,2026-08-31T17:40:25.259129+00:00,https://www.sportsbookreviewsonline.com/scoresoddsarchives/ncaa-football-2014-15,1.3
2014,906,Idaho,ULMonroe,31,38,58,51,16,12,12.0,16.0,False,355,-450,sportsbookreviewsonline.com,2026-08-31T17:40:25.259129+00:00,https://www.sportsbookreviewsonline.com/scoresoddsarchives/ncaa-football-2014-15,1.3
2014,906,MiddleTennSt,MinnesotaU,24,35,51.5,50,17.5,14,14.0,17.5,False,430,-550,sportsbookreviewsonline.com,2026-08-31T17:40:25.259129+00:00,https://www.sportsbookreviewsonline.com/scoresoddsarchives/ncaa-football-2014-15,1.3
2014,906,LouisianaTech,ULLafayette,48,20,55.5,58.5,12.5,15.5,15.5,12.5,False,475,-625,sportsbookreviewsonline.com,2026-08-31T17:40:25.259129+00:00,https://www.sportsbookreviewsonline.com/scoresoddsarchives/ncaa-football-2014-15,1.3
2014,906,ArizonaState,NewMexico,58,23,27,25,68,66.5,25.0,27.0,False,-2400,800,sportsbookreviewsonline.com,2026-08-31T17:40:25.259129+00:00,https://www.sportsbookreviewsonline.com/scoresoddsarchives/ncaa-football-2014-15,1.3
2014,906,Duke,Troy,34,17,18.5,18,64,64,18.0,18.5,False,-1000,700,sportsbookreviewsonline.com,2026-08-31T17:40:25.259129+00:00,https://www.sportsbookreviewsonline.com/scoresoddsarchives/ncaa-football-2014-15,1.3
2014,906,EastCarolina,SouthCarolina,23,33,63,64.5,13.5,14.5,14.5,13.5,False,435,-575,sportsbookreviewsonline.com,2026-08-31T17:40:25.259129+00:00,https://www.sportsbookreviewsonline.com/scoresoddsarchives/ncaa-football-2014-15,1.3
2014,906,SanJoseState,Auburn,13,59,64,67.5,29,34,34.0,29.0,False,NL,NL,sportsbookreviewsonline.com,2026-08-31T17:40:25.259129+00:00,https://www.sportsbookreviewsonline.com/scoresoddsarchives/ncaa-football-2014-15,1.3
2014,906,GeorgiaTech,Tulane,38,21,10.5,7.5,52.5,55,7.5,10.5,False,-320,265,sportsbookreviewsonline.com,2026-08-31T17:40:25.259129+00:00,https://www.sportsbookreviewsonline.com/scoresoddsarchives/ncaa-football-2014-15,1.3
2014,906,Maryland,SouthFlorida,24,17,11,11,50,53,11.0,11.0,False,-450,355,sportsbookreviewsonline.com,2026-08-31T17:40:25.259129+00:00,https://www.sportsbookreviewsonline.com/scoresoddsarchives/ncaa-football-2014-15,1.3
2014,906,Michigan,NotreDame,0,31,54.5,56,5.5,4,4.0,5.5,False,161,-190,sportsbookreviewsonline.com,2026-08-31T17:40:25.259129+00:00,https://www.sportsbookreviewsonline.com/scoresoddsarchives/ncaa-football-2014-15,1.3
2014,906,BYU,Texas,41,7,49.5,47.5,4.5,1,1.0,4.5,False,100,-120,sportsbookreviewsonline.com,2026-08-31T17:40:25.259129+00:00,https://www.sportsbookreviewsonline.com/scoresoddsarchives/ncaa-football-2014-15,1.3
2014,906,SanDiegoState,NorthCarolina,27,31,60,59.5,14,14,14.0,14.0,False,430,-560,sportsbookreviewsonline.com,2026-08-31T17:40:25.259129+00:00,https://www.sportsbookreviewsonline.com/scoresoddsarchives/ncaa-football-2014-15,1.3
2014,906,VirginiaTech,OhioState,35,21,50,46.5,11.5,10,10.0,11.5,False,380,-475,sportsbookreviewsonline.com,2026-08-31T17:40:25.259129+00:00,https://www.sportsbookreviewsonline.com/scoresoddsarchives/ncaa-football-2014-15,1.3
2014,906,Oklahoma,Tulsa,52,7,24.5,24,56.5,56,24.0,24.5,False,-2880,1256,sportsbookreviewsonline.com,2026-08-31T17:40:25.259129+00:00,https://www.sportsbookreviewsonline.com/scoresoddsarchives/ncaa-football-2014-15,1.3
2014,906,Memphis,UCLA,35,42,53,57,24.5,22,22.0,24.5,False,950,-1650,sportsbookreviewsonline.com,2026-08-31T17:40:25.259129+00:00,https://www.sportsbookreviewsonline.com/scoresoddsarchives/ncaa-football-2014-15,1.3
2014,906,AirForce,Wyoming,13,17,58.5,1,1.5,51,1.0,1.5,False,-120,100,sportsbookreviewsonline.com,2026-08-31T17:40:25.259129+00:00,https://www.sportsbookreviewsonline.com/scoresoddsarchives/ncaa-football-2014-15,1.3
2014,906,ColoradoState,BoiseState,24,37,58.5,54,10.5,8,8.0,10.5,False,265,-320,sportsbookreviewsonline.com,2026-08-31T17:40:25.259129+00:00,https://www.sportsbookreviewsonline.com/scoresoddsarchives/ncaa-football-2014-15,1.3
2014,906,OregonState,Hawaii,38,30,12.5,9.5,59,58.5,9.5,12.5,False,-360,295,sportsbookreviewsonline.com,2026-08-31T17:40:25.259129+00:00,https://www.sportsbookreviewsonline.com/scoresoddsarchives/ncaa-football-2014-15,1.3
2014,906,TexasTech,UTEP,30,26,19,21,65,65.5,21.0,19.0,False,-1350,850,sportsbookreviewsonline.com,2026-08-31T17:40:25.259129+00:00,https://www.sportsbookreviewsonline.com/scoresoddsarchives/ncaa-football-2014-15,1.3
2014,906,McNeeseSt,Nebraska,24,31,NL,NL,24.5,34,,,False,NL,NL,sportsbookreviewsonline.com,2026-08-31T17:40:25.259129+00:00,https://www.sportsbookreviewsonline.com/scoresoddsarchives/ncaa-football-2014-15,1.3
2014,906,Howard,Rutgers,25,38,NL,NL,36.5,38,,,False,NL,NL,sportsbookreviewsonline.com,2026-08-31T17:40:25.259129+00:00,https://www.sportsbookreviewsonline.com/scoresoddsarchives/ncaa-football-2014-15,1.3
2014,906,WesternIllinois,Wisconsin,3,37,NL,NL,38,40.5,,,False,NL,NL,sportsbookreviewsonline.com,2026-08-31T17:40:25.259129+00:00,https://www.sportsbookreviewsonline.com/scoresoddsarchives/ncaa-football-2014-15,1.3
2014,906,Wagner,FloridaIntl,3,34,NL,NL,11.5,16,,,False,NL,NL,sportsbookreviewsonline.com,2026-08-31T17:40:25.259129+00:00,https://www.sportsbookreviewsonline.com/scoresoddsarchives/ncaa-football-2014-15,1.3
2014,906,AlcornSt,SouthernMiss,20,26,NL,NL,16.5,13.5,,,False,NL,NL,sportsbookreviewsonline.com,2026-08-31T17:40:25.259129+00:00,https://www.sportsbookreviewsonline.com/scoresoddsarchives/ncaa-football-2014-15,1.3
2014,906,StonyBrook,Connecticut,16,19,NL,NL,16,16.5,,,False,NL,NL,sportsbookreviewsonline.com,2026-08-31T17:40:25.259129+00:00,https://www.sportsbookreviewsonline.com/scoresoddsarchives/ncaa-football-2014-15,1.3
2014,906,SoCarolinaSt,Clemson,7,73,NL,NL,29.5,34,,,False,NL,NL,sportsbookreviewsonline.com,2026-08-31T17:40:25.259129+00:00,https://www.sportsbookreviewsonline.com/scoresoddsarchives/ncaa-football-2014-15,1.3
2014,906,CSSacramento,California,14,55,NL,NL,24,28,,,False,NL,NL,sportsbookreviewsonline.com,2026-08-31T17:40:25.259129+00:00,https://www.sportsbookreviewsonline.com/scoresoddsarchives/ncaa-football-2014-15,1.3
2014,906,EastWashington,WashingtonU,52,59,NL,NL,14,17,,,False,NL,NL,sportsbookreviewsonline.com,2026-08-31T17:40:25.259129+00:00,https://www.sportsbookreviewsonline.com/scoresoddsarchives/ncaa-football-2014-15,1.3
2014,906,Richmond,Virginia,13,45,NL,NL,18,14.5,,,False,NL,NL,sportsbookreviewsonline.com,2026-08-31T17:40:25.259129+00:00,https://www.sportsbookreviewsonline.com/scoresoddsarchives/ncaa-football-2014-15,1.3
2014,906,MissouriSt,OklahomaState,23,40,NL,NL,31.5,33,,,False,NL,NL,sportsbookreviewsonline.com,2026-08-31T17:40:25.259129+00:00,https://www.sportsbookreviewsonline.com/scoresoddsarchives/ncaa-football-2014-15,1.3
2014,906,EasternKentucky,MiamiOhio,17,10,NL,NL,0.5,5.5,,,False,NL,NL,sportsbookreviewsonline.com,2026-08-31T17:40:25.259129+00:00,https://www.sportsbookreviewsonline.com/scoresoddsarchives/ncaa-football-2014-15,1.3
2014,906,VMI,BowlingGreen,7,48,NL,NL,38.5,38.5,,,False,NL,NL,sportsbookreviewsonline.com,2026-08-31T17:40:25.259129+00:00,https://www.sportsbookreviewsonline.com/scoresoddsarchives/ncaa-football-2014-15,1.3
2014,906,NichollsSt,Arkansas,7,73,NL,NL,40.5,41.5,,,False,NL,NL,sportsbookreviewsonline.com,2026-08-31T17:40:25.259129+00:00,https://www.sportsbookreviewsonline.com/scoresoddsarchives/ncaa-football-2014-15,1.3
2014,906,Campbell,AppalachianSt,0,66,NL,NL,31.5,32.5,,,False,NL,NL,sportsbookreviewsonline.com,2026-08-31T17:40:25.259129+00:00,https://www.sportsbookreviewsonline.com/scoresoddsarchives/ncaa-football-2014-15,1.3
2014,906,SavannahSt,GeorgiaSouthern,9,83,NL,NL,38,40.5,,,False,NL,NL,sportsbookreviewsonline.com,2026-08-31T17:40:25.259129+00:00,https://www.sportsbookreviewsonline.com/scoresoddsarchives/ncaa-football-2014-15,1.3
2014,906,GardnerWebb,WakeForest,7,23,NL,NL,20.5,22,,,False,NL,NL,sportsbookreviewsonline.com,2026-08-31T17:40:25.259129+00:00,https://www.sportsbookreviewsonline.com/scoresoddsarchives/ncaa-football-2014-15,1.3
2014,906,RhodeIsland,Marshall,7,48,NL,NL,41,41,,,False,NL,NL,sportsbookreviewsonline.com,2026-08-31T17:40:25.259129+00:00,https://www.sportsbookreviewsonline.com/scoresoddsarchives/ncaa-football-2014-15,1.3
2014,906,MurraySt,Louisville,21,66,NL,NL,36,35,,,False,NL,NL,sportsbookreviewsonline.com,2026-08-31T17:40:25.259129+00:00,https://www.sportsbookreviewsonline.com/scoresoddsarchives/ncaa-football-2014-15,1.3
2014,906,FloridaA&M,MiamiFlorida,7,41,NL,NL,45,45,,,False,NL,NL,sportsbookreviewsonline.com,2026-08-31T17:40:25.259129+00:00,https://www.sportsbookreviewsonline.com/scoresoddsarchives/ncaa-football-2014-15,1.3
2014,906,SEMissouriSt,Kansas,28,34,NL,NL,24,24,,,False,NL,NL,sportsbookreviewsonline.com,2026-08-31T17:40:25.259129+00:00,https://www.sportsbookreviewsonline.com/scoresoddsarchives/ncaa-football-2014-15,1.3
2014,906,TheCitadel,FloridaState,12,37,NL,NL,56.5,56.5,,,False,NL,NL,sportsbookreviewsonline.com,2026-08-31T17:40:25.259129+00:00,https://www.sportsbookreviewsonline.com/scoresoddsarchives/ncaa-football-2014-15,1.3
2014,906,Towson,WestVirginia,0,54,NL,NL,25,25,,,False,NL,NL,sportsbookreviewsonline.com,2026-08-31T17:40:25.259129+00:00,https://www.sportsbookreviewsonline.com/scoresoddsarchives/ncaa-football-2014-15,1.3
2014,906,NorthwesternSt,Baylor,6,70,NL,NL,49,46.5,,,False,NL,NL,sportsbookreviewsonline.com,2026-08-31T17:40:25.259129+00:00,https://www.sportsbookreviewsonline.com/scoresoddsarchives/ncaa-football-2014-15,1.3
2014,906,SamHoustonSt,LSU,0,56,NL,NL,32,31,,,False,NL,NL,sportsbookreviewsonline.com,2026-08-31T17:40:25.259129+00:00,https://www.sportsbookreviewsonline.com/scoresoddsarchives/ncaa-football-2014-15,1.3
2014,906,Lamar,TexasA&M,3,73,NL,NL,46.5,46.5,,,False,NL,NL,sportsbookreviewsonline.com,2026-08-31T17:40:25.259129+00:00,https://www.sportsbookreviewsonline.com/scoresoddsarchives/ncaa-football-2014-15,1.3
2014,906,Grambling,HoustonU,0,47,NL,NL,49.5,49.5,,,False,NL,NL,sportsbookreviewsonline.com,2026-08-31T17:40:25.259129+00:00,https://www.sportsbookreviewsonline.com/scoresoddsarchives/ncaa-football-2014-15,1.3
2014,906,IdahoSt,UtahState,20,40,NL,NL,37,37,,,False,NL,NL,sportsbookreviewsonline.com,2026-08-31T17:40:25.259129+00:00,https://www.sportsbookreviewsonline.com/scoresoddsarchives/ncaa-football-2014-15,1.3
2014,906,NO.Colorado,UNLV,12,13,NL,NL,26.5,28.5,,,False,NL,NL,sportsbookreviewsonline.com,2026-08-31T17:40:25.259129+00:00,https://www.sportsbookreviewsonline.com/scoresoddsarchives/ncaa-football-2014-15,1.3
2014,911,LouisianaTech,NorthTexas,42,21,52.5,48,6.5,3,3.0,6.5,False,135,-160,sportsbookreviewsonline.com,2026-08-31T17:40:25.259129+00:00,https://www.sportsbookreviewsonline.com/scoresoddsarchives/ncaa-football-2014-15,1.3
2014,911,HoustonU,BYU,25,33,56.5,62.5,16.5,17,17.0,16.5,False,625,-925,sportsbookreviewsonline.com,2026-08-31T17:40:25.259129+00:00,https://www.sportsbookreviewsonline.com/scoresoddsarchives/ncaa-football-2014-15,1.3
2014,912,Toledo,CincinnatiU,34,58,60,58,10,9,9.0,10.0,False,295,-360,sportsbookreviewsonline.com,2026-08-31T17:40:25.259129+00:00,https://www.sportsbookreviewsonline.com/scoresoddsarchives/ncaa-football-2014-15,1.3
2014,912,Baylor,BuffaloU,63,21,31,33,70,69.5,33.0,31.0,False,NL,NL,sportsbookreviewsonline.com,2026-08-31T17:40:25.259129+00:00,https://www.sportsbookreviewsonline.com/scoresoddsarchives/ncaa-football-2014-15,1.3
2014,913,Indiana,BowlingGreen,42,45,4,9,64,76,9.0,4.0,False,-325,265,sportsbookreviewsonline.com,2026-08-31T17:40:25.259129+00:00,https://www.sportsbookreviewsonline.com/scoresoddsarchives/ncaa-football-2014-15,1.3
2014,913,Ohio,Marshall,14,44,56.5,57.5,20,20,20.0,20.0,False,775,-1075,sportsbookreviewsonline.com,2026-08-31T17:40:25.259129+00:00,https://www.sportsbookreviewsonline.com/scoresoddsarchives/ncaa-football-2014-15,1.3
2014,913,CentralFlorida,Missouri,10,38,56,54,10,11,11.0,10.0,False,350,-440,sportsbookreviewsonline.com,2026-08-31T17:40:25.259129+00:00,https://www.sportsbookreviewsonline.com/scoresoddsarchives/ncaa-football-2014-15,1.3
2014,913,NCState,SouthFlorida,49,17,3,2.5,53.5,52,2.5,3.0,False,-140,120,sportsbookreviewsonline.com,2026-08-31T17:40:25.259129+00:00,https://www.sportsbookreviewsonline.com/scoresoddsarchives/ncaa-football-2014-15,1.3
2014,913,MiamiOhio,Michigan,10,34,51,50,30,32,32.0,30.0,False,5500,-13500,sportsbookreviewsonline.com,2026-08-31T17:40:25.259129+00:00,https://www.sportsbookreviewsonline.com/scoresoddsarchives/ncaa-football-2014-15,1.3
2014,913,KentState,OhioState,0,66,52,49,32,31.5,31.5,32.0,False,5000,-12500,sportsbookreviewsonline.com,2026-08-31T17:40:25.259129+00:00,https://www.sportsbookreviewsonline.com/scoresoddsarchives/ncaa-football-2014-15,1.3
2014,913,EasternMichigan,OldDominion,3,17,70,70,14,21,21.0,14.0,False,800,-1250,sportsbookreviewsonline.com,2026-08-31T17:40:25.259129+00:00,https://www.sportsbookreviewsonline.com/scoresoddsarchives/ncaa-football-2014-15,1.3
2014,913,EastCarolina,VirginiaTech,28,21,53.5,54,11.5,9.5,9.5,11.5,False,310,-390,sportsbookreviewsonline.com,2026-08-31T17:40:25.259129+00:00,https://www.sportsbookreviewsonline.com/scoresoddsarchives/ncaa-football-2014-15,1.3
2014,913,Syracuse,CentralMichigan,40,3,7,4.5,50.5,50,4.5,7.0,False,-195,170,sportsbookreviewsonline.com,2026-08-31T17:40:25.259129+00:00,https://www.sportsbookreviewsonline.com/scoresoddsarchives/ncaa-football-2014-15,1.3
2014,913,PittsburghU,FloridaIntl,42,25,25,24.5,47,45.5,24.5,25.0,False,-3000,1500,sportsbookreviewsonline.com,2026-08-31T17:40:25.259129+00:00,https://www.sportsbookreviewsonline.com/scoresoddsarchives/ncaa-football-2014-15,1.3
2014,913,BoiseState,Connecticut,38,21,15.5,15.5,51.5,51.5,15.5,15.5,False,-660,510,sportsbookreviewsonline.com,2026-08-31T17:40:25.259129+00:00,https://www.sportsbookreviewsonline.com/scoresoddsarchives/ncaa-football-2014-15,1.3
2014,913,GeorgiaSouthern,GeorgiaTech,38,42,60,55.5,22.5,16,16.0,22.5,False,540,-715,sportsbookreviewsonline.com,2026-08-31T17:40:25.259129+00:00,https://www.sportsbookreviewsonline.com/scoresoddsarchives/ncaa-football-2014-15,1.3
2014,913,IowaState,Iowa,20,17,49,49,13,13,13.0,13.0,False,390,-515,sportsbookreviewsonline.com,2026-08-31T17:40:25.259129+00:00,https://www.sportsbookreviewsonline.com/scoresoddsarchives/ncaa-football-2014-15,1.3
2014,913,WestVirginia,Maryland,40,37,56,61,3.5,3.5,3.5,3.5,False,140,-160,sportsbookreviewsonline.com,2026-08-31T17:40:25.259129+00:00,https://www.sportsbookreviewsonline.com/scoresoddsarchives/ncaa-football-2014-15,1.3
2014,913,Massachusetts,Vanderbilt,31,34,47,48.5,17.5,16.5,16.5,17.5,False,495,-645,sportsbookreviewsonline.com,2026-08-31T17:40:25.259129+00:00,https://www.sportsbookreviewsonline.com/scoresoddsarchives/ncaa-football-2014-15,1.3
2014,913,Louisville,Virginia,21,23,6.5,3.5,53,44,3.5,6.5,False,-190,165,sportsbookreviewsonline.com,2026-08-31T17:40:25.259129+00:00,https://www.sportsbookreviewsonline.com/scoresoddsarchives/ncaa-football-2014-15,1.3
2014,913,Wyoming,Oregon,14,48,67,63.5,43.5,42.5,42.5,43.5,False,32500,-97500,sportsbookreviewsonline.com,2026-08-31T17:40:25.259129+00:00,https://www.sportsbookreviewsonline.com/scoresoddsarchives/ncaa-football-2014-15,1.3
2014,913,AirForce,GeorgiaState,48,38,13,12.5,57.5,63.5,12.5,13.0,False,-450,360,sportsbookreviewsonline.com,2026-08-31T17:40:25.259129+00:00,https://www.sportsbookreviewsonline.com/scoresoddsarchives/ncaa-football-2014-15,1.3
2014,913,WesternKentucky,MiddleTennSt,47,50,67,62.5,1,1,1.0,1.0,False,-105,-115,sportsbookreviewsonline.com,2026-08-31T17:40:25.259129+00:00,https://www.sportsbookreviewsonline.com/scoresoddsarchives/ncaa-football-2014-15,1.3
2014,913,Kansas,Duke,3,41,54,57,17.5,11.5,11.5,17.5,False,355,-445,sportsbookreviewsonline.com,2026-08-31T17:40:25.259129+00:00,https://www.sportsbookreviewsonline.com/scoresoddsarchives/ncaa-football-2014-15,1.3
2014,913,Georgia,SouthCarolina,35,38,5.5,6,58.5,58.5,6.0,5.5,False,-250,210,sportsbookreviewsonline.com,2026-08-31T17:40:25.259129+00:00,https://www.sportsbookreviewsonline.com/scoresoddsarchives/ncaa-football-2014-15,1.3
2014,913,Arkansas,TexasTech,49,28,66,66.5,1,pk,0.0,1.0,False,-110,-110,sportsbookreviewsonline.com,2026-08-31T17:40:25.259129+00:00,https://www.sportsbookreviewsonline.com/scoresoddsarchives/ncaa-football-2014-15,1.3
2014,913,ArkansasState,MiamiFlorida,20,41,56.5,52.5,17.5,14,14.0,17.5,False,405,-530,sportsbookreviewsonline.com,2026-08-31T17:40:25.259129+00:00,https://www.sportsbookreviewsonline.com/scoresoddsarchives/ncaa-football-2014-15,1.3
2014,913,MississippiSt,SouthAlabama,35,3,15.5,14.5,54,54,14.5,15.5,False,-620,470,sportsbookreviewsonline.com,2026-08-31T17:40:25.259129+00:00,https://www.sportsbookreviewsonline.com/scoresoddsarchives/ncaa-football-2014-15,1.3
2014,913,ULLafayette,Mississippi,15,56,56.5,59,27.5,25.5,25.5,27.5,False,2000,-4000,sportsbookreviewsonline.com,2026-08-31T17:40:25.259129+00:00,https://www.sportsbookreviewsonline.com/scoresoddsarchives/ncaa-football-2014-15,1.3
2014,913,Illinois,WashingtonU,19,44,64.5,64,15,13,13.0,15.0,False,405,-530,sportsbookreviewsonline.com,2026-08-31T17:40:25.259129+00:00,https://www.sportsbookreviewsonline.com/scoresoddsarchives/ncaa-football-2014-15,1.3
2014,913,MinnesotaU,TCU,7,30,47.5,50.5,8,17.5,17.5,8.0,False,615,-865,sportsbookreviewsonline.com,2026-08-31T17:40:25.259129+00:00,https://www.sportsbookreviewsonline.com/scoresoddsarchives/ncaa-football-2014-15,1.3
2014,913,WesternMichigan,Idaho,45,33,61,57.5,2.5,2.5,2.5,2.5,False,120,-140,sportsbookreviewsonline.com,2026-08-31T17:40:25.259129+00:00,https://www.sportsbookreviewsonline.com/scoresoddsarchives/ncaa-football-2014-15,1.3
2014,913,Army,Stanford,0,35,53,54.5,28,29.5,29.5,28.0,False,4900,-9100,sportsbookreviewsonline.com,2026-08-31T17:40:25.259129+00:00,https://www.sportsbookreviewsonline.com/scoresoddsarchives/ncaa-football-2014-15,1.3
2014,913,SouthernMiss,Alabama,12,52,57,56.5,47.5,46,46.0,47.5,False,NL,NL,sportsbookreviewsonline.com,2026-08-31T17:40:25.259129+00:00,https://www.sportsbookreviewsonline.com/scoresoddsarchives/ncaa-football-2014-15,1.3
2014,913,WakeForest,UtahState,24,36,44,45,11,16,16.0,11.0,False,525,-675,sportsbookreviewsonline.com,2026-08-31T17:40:25.259129+00:00,https://www.sportsbookreviewsonline.com/scoresoddsarchives/ncaa-football-2014-15,1.3
2014,913,Tulsa,FloridaAtlantic,21,50,1.5,1,52,52.5,1.0,1.5,False,-120,100,sportsbookreviewsonline.com,2026-08-31T17:40:25.259129+00:00,https://www.sportsbookreviewsonline.com/scoresoddsarchives/ncaa-football-2014-15,1.3
2014,913,TexSanAntonio,OklahomaState,13,43,54,55,13.5,11.5,11.5,13.5,False,365,-465,sportsbookreviewsonline.com,2026-08-31T17:40:25.259129+00:00,https://www.sportsbookreviewsonline.com/scoresoddsarchives/ncaa-football-2014-15,1.3
2014,913,ULMonroe,LSU,0,31,52,50,31,31,31.0,31.0,False,6125,-11375,sportsbookreviewsonline.com,2026-08-31T17:40:25.259129+00:00,https://www.sportsbookreviewsonline.com/scoresoddsarchives/ncaa-football-2014-15,1.3
2014,913,Purdue,NotreDame,14,30,55,59,28.5,30,30.0,28.5,False,4250,-7750,sportsbookreviewsonline.com,2026-08-31T17:40:25.259129+00:00,https://www.sportsbookreviewsonline.com/scoresoddsarchives/ncaa-football-2014-15,1.3
2014,913,Kentucky,Florida,30,36,48,55,17.5,18.5,18.5,17.5,False,740,-1040,sportsbookreviewsonline.com,2026-08-31T17:40:25.259129+00:00,https://www.sportsbookreviewsonline.com/scoresoddsarchives/ncaa-football-2014-15,1.3
2014,913,Navy,TexasState,35,21,12.5,5.5,57,56,5.5,12.5,False,-245,205,sportsbookreviewsonline.com,2026-08-31T17:40:25.259129+00:00,https://www.sportsbookreviewsonline.com/scoresoddsarchives/ncaa-football-2014-15,1.3
2014,913,TennesseeU,Oklahoma,10,34,54.5,58.5,20,21,21.0,20.0,False,860,-1210,sportsbookreviewsonline.com,2026-08-31T17:40:25.259129+00:00,https://www.sportsbookreviewsonline.com/scoresoddsarchives/ncaa-football-2014-15,1.3
2014,913,NewMexicoState,UTEP,24,42,62.5,55,10.5,10,10.0,10.5,False,330,-410,sportsbookreviewsonline.com,2026-08-31T17:40:25.259129+00:00,https://www.sportsbookreviewsonline.com/scoresoddsarchives/ncaa-football-2014-15,1.3
2014,913,UCLA,Texas,20,17,7,8.5,54,50,8.5,7.0,False,-330,270,sportsbookreviewsonline.com,2026-08-31T17:40:25.259129+00:00,https://www.sportsbookreviewsonline.com/scoresoddsarchives/ncaa-football-2014-15,1.3
2014,913,PennState,Rutgers,13,10,3.5,3.5,52,52.5,3.5,3.5,False,-170,150,sportsbookreviewsonline.com,2026-08-31T17:40:25.259129+00:00,https://www.sportsbookreviewsonline.com/scoresoddsarchives/ncaa-football-2014-15,1.3
2014,913,USC,BostonCollege,31,37,17,17,51,57.5,17.0,17.0,False,-880,630,sportsbookreviewsonline.com,2026-08-31T17:40:25.259129+00:00,https://www.sportsbookreviewsonline.com/scoresoddsarchives/ncaa-football-2014-15,1.3
2014,913,Rice,TexasA&M,10,38,71,70.5,31,31,31.0,31.0,False,4900,-9100,sportsbookreviewsonline.com,2026-08-31T17:40:25.259129+00:00,https://www.sportsbookreviewsonline.com/scoresoddsarchives/ncaa-football-2014-15,1.3
2014,913,NoIllinois,UNLV,48,34,8.5,9.5,52.5,62,9.5,8.5,False,-370,300,sportsbookreviewsonline.com,2026-08-31T17:40:25.259129+00:00,https://www.sportsbookreviewsonline.com/scoresoddsarchives/ncaa-football-2014-15,1.3
2014,913,ArizonaState,Colorado,38,24,15.5,16.5,68,68.5,16.5,15.5,False,-725,550,sportsbookreviewsonline.com,2026-08-31T17:40:25.259129+00:00,https://www.sportsbookreviewsonline.com/scoresoddsarchives/ncaa-football-2014-15,1.3
2014,913,Nebraska,FresnoState,55,19,10,11.5,64,60,11.5,10.0,False,-425,335,sportsbookreviewsonline.com,2026-08-31T17:40:25.259129+00:00,https://www.sportsbookreviewsonline.com/scoresoddsarchives/ncaa-football-2014-15,1.3
2014,913,Nevada,ArizonaU,28,35,60,66,15,20,20.0,15.0,False,745,-1045,sportsbookreviewsonline.com,2026-08-31T17:40:25.259129+00:00,https://www.sportsbookreviewsonline.com/scoresoddsarchives/ncaa-football-2014-15,1.3
2014,913,AlabamaA&M,UAB,14,41,NL,64,35,35.5,35.5,,False,10000,-30000,sportsbookreviewsonline.com,2026-08-31T17:40:25.259129+00:00,https://www.sportsbookreviewsonline.com/scoresoddsarchives/ncaa-football-2014-15,1.3
2014,913,UCDavis,ColoradoState,21,49,NL,55,27,21,21.0,,False,1350,-2300,sportsbookreviewsonline.com,2026-08-31T17:40:25.259129+00:00,https://www.sportsbookreviewsonline.com/scoresoddsarchives/ncaa-football-2014-15,1.3
2014,913,IndianaSt,BallState,27,20,NL,51,20.5,18.5,18.5,,False,800,-1250,sportsbookreviewsonline.com,2026-08-31T17:40:25.259129+00:00,https://www.sportsbookreviewsonline.com/scoresoddsarchives/ncaa-football-2014-15,1.3
2014,913,AbileneChristian,Troy,38,35,NL,71,14,11.5,11.5,,False,350,-440,sportsbookreviewsonline.com,2026-08-31T17:40:25.259129+00:00,https://www.sportsbookreviewsonline.com/scoresoddsarchives/ncaa-football-2014-15,1.3
2014,913,SELouisiana,Tulane,20,35,NL,54,2.5,1,1.0,,False,-102,-118,sportsbookreviewsonline.com,2026-08-31T17:40:25.259129+00:00,https://www.sportsbookreviewsonline.com/scoresoddsarchives/ncaa-football-2014-15,1.3
2014,913,PortlandSt,WashingtonState,21,59,NL,68,24,23.5,23.5,,False,1375,-2400,sportsbookreviewsonline.com,2026-08-31T17:40:25.259129+00:00,https://www.sportsbookreviewsonline.com/scoresoddsarchives/ncaa-football-2014-15,1.3
2014,913,NorthernIowa,Hawaii,24,27,NL,57,2.5,4.5,4.5,,False,170,-200,sportsbookreviewsonline.com,2026-08-31T17:40:25.259129+00:00,https://www.sportsbookreviewsonline.com/scoresoddsarchives/ncaa-football-2014-15,1.3
2014,918,Auburn,KansasState,20,14,8,7,66.5,64.5,7.0,8.0,False,-301,251,sportsbookreviewsonline.com,2026-08-31T17:40:25.259129+00:00,https://www.sportsbookreviewsonline.com/scoresoddsarchives/ncaa-football-2014-15,1.3
2014,919,Connecticut,SouthFlorida,14,17,48,41.5,3.5,1.5,1.5,3.5,False,105,-125,sportsbookreviewsonline.com,2026-08-31T17:40:25.259129+00:00,https://www.sportsbookreviewsonline.com/scoresoddsarchives/ncaa-football-2014-15,1.3
2014,920,Indiana,Missouri,31,27,72,71,15,14,14.0,15.0,False,485,-670,sportsbookreviewsonline.com,2026-08-31T17:40:25.259129+00:00,https://www.sportsbookreviewsonline.com/scoresoddsarchives/ncaa-football-2014-15,1.3
2014,920,Massachusetts,PennState,7,48,47,48,28.5,26.5,26.5,28.5,False,2250,-4500,sportsbookreviewsonline.com,2026-08-31T17:40:25.259129+00:00,https://www.sportsbookreviewsonline.com/scoresoddsarchives/ncaa-football-2014-15,1.3
2014,920,Marshall,Akron,48,17,12.5,10,61.5,60.5,10.0,12.5,False,-380,315,sportsbookreviewsonline.com,2026-08-31T17:40:25.259129+00:00,https://www.sportsbookreviewsonline.com/scoresoddsarchives/ncaa-football-2014-15,1.3
2014,920,Iowa,PittsburghU,24,20,48,46,4.5,6.5,6.5,4.5,False,245,-290,sportsbookreviewsonline.com,2026-08-31T17:40:25.259129+00:00,https://www.sportsbookreviewsonline.com/scoresoddsarchives/ncaa-football-2014-15,1.3
2014,920,BallState,Toledo,23,34,67,59.5,8,14,14.0,8.0,False,445,-600,sportsbookreviewsonline.com,2026-08-31T17:40:25.259129+00:00,https://www.sportsbookreviewsonline.com/scoresoddsarchives/ncaa-football-2014-15,1.3
2014,920,Maryland,Syracuse,34,20,52,55,1.5,1,1.0,1.5,False,105,-125,sportsbookreviewsonline.com,2026-08-31T17:40:25.259129+00:00,https://www.sportsbookreviewsonline.com/scoresoddsarchives/ncaa-football-2014-15,1.3
2014,920,Idaho,Ohio,24,36,54,56.5,13,10.5,10.5,13.0,False,325,-400,sportsbookreviewsonline.com,2026-08-31T17:40:25.259129+00:00,https://www.sportsbookreviewsonline.com/scoresoddsarchives/ncaa-football-2014-15,1.3
2014,920,CentralMichigan,Kansas,10,24,48,45,2.5,6,6.0,2.5,False,180,-220,sportsbookreviewsonline.com,2026-08-31T17:40:25.259129+00:00,https://www.sportsbookreviewsonline.com/scoresoddsarchives/ncaa-football-2014-15,1.3
2014,920,Troy,Georgia,0,66,69,63.5,39,41,41.0,39.0,False,32500,-97500,sportsbookreviewsonline.com,2026-08-31T17:40:25.259129+00:00,https://www.sportsbookreviewsonline.com/scoresoddsarchives/ncaa-football-2014-15,1.3
2014,920,BowlingGreen,Wisconsin,17,68,61,63,21,25.5,25.5,21.0,False,2000,-4000,sportsbookreviewsonline.com,2026-08-31T17:40:25.259129+00:00,https://www.sportsbookreviewsonline.com/scoresoddsarchives/ncaa-football-2014-15,1.3
2014,920,Tulane,Duke,13,47,54.5,54.5,17,16.5,16.5,17.0,False,550,-800,sportsbookreviewsonline.com,2026-08-31T17:40:25.259129+00:00,https://www.sportsbookreviewsonline.com/scoresoddsarchives/ncaa-football-2014-15,1.3
2014,920,Army,WakeForest,21,24,51,2.5,3,48.5,2.5,3.0,False,-145,125,sportsbookreviewsonline.com,2026-08-31T17:40:25.259129+00:00,https://www.sportsbookreviewsonline.com/scoresoddsarchives/ncaa-football-2014-15,1.3
2014,920,NorthCarolina,EastCarolina,41,70,64,1,1,67.5,1.0,1.0,False,-115,-105,sportsbookreviewsonline.com,2026-08-31T17:40:25.259129+00:00,https://www.sportsbookreviewsonline.com/scoresoddsarchives/ncaa-football-2014-15,1.3
2014,920,SanJoseState,MinnesotaU,7,24,56.5,49.5,8.5,7,7.0,8.5,False,250,-300,sportsbookreviewsonline.com,2026-08-31T17:40:25.259129+00:00,https://www.sportsbookreviewsonline.com/scoresoddsarchives/ncaa-football-2014-15,1.3
2014,920,Utah,Michigan,26,10,54.5,53.5,7,3,3.0,7.0,False,128,-148,sportsbookreviewsonline.com,2026-08-31T17:40:25.259129+00:00,https://www.sportsbookreviewsonline.com/scoresoddsarchives/ncaa-football-2014-15,1.3
2014,920,EasternMichigan,MichiganState,14,73,57,52.5,44,43.5,43.5,44.0,False,45000,-135000,sportsbookreviewsonline.com,2026-08-31T17:40:25.259129+00:00,https://www.sportsbookreviewsonline.com/scoresoddsarchives/ncaa-football-2014-15,1.3
2014,920,SouthCarolina,Vanderbilt,48,34,20,21.5,57.5,51.5,21.5,20.0,False,-1450,950,sportsbookreviewsonline.com,2026-08-31T17:40:25.259129+00:00,https://www.sportsbookreviewsonline.com/scoresoddsarchives/ncaa-football-2014-15,1.3
2014,920,FloridaAtlantic,Wyoming,19,20,49,48,4,2.5,2.5,4.0,False,130,-150,sportsbookreviewsonline.com,2026-08-31T17:40:25.259129+00:00,https://www.sportsbookreviewsonline.com/scoresoddsarchives/ncaa-football-2014-15,1.3
2014,920,Hawaii,Colorado,12,21,61,58,7.5,9,9.0,7.5,False,270,-330,sportsbookreviewsonline.com,2026-08-31T17:40:25.259129+00:00,https://www.sportsbookreviewsonline.com/scoresoddsarchives/ncaa-football-2014-15,1.3
2014,920,MiddleTennSt,Memphis,17,36,65.5,60.5,7.5,12,12.0,7.5,False,365,-460,sportsbookreviewsonline.com,2026-08-31T17:40:25.259129+00:00,https://www.sportsbookreviewsonline.com/scoresoddsarchives/ncaa-football-2014-15,1.3
2014,920,GeorgiaState,WashingtonU,14,45,67.5,70.5,36.5,34,34.0,36.5,False,10675,-20825,sportsbookreviewsonline.com,2026-08-31T17:40:25.259129+00:00,https://www.sportsbookreviewsonline.com/scoresoddsarchives/ncaa-football-2014-15,1.3
2014,920,AppalachianSt,SouthernMiss,20,21,62.5,3,4,59,3.0,4.0,False,-140,120,sportsbookreviewsonline.com,2026-08-31T17:40:25.259129+00:00,https://www.sportsbookreviewsonline.com/scoresoddsarchives/ncaa-football-2014-15,1.3
2014,920,GeorgiaSouthern,SouthAlabama,28,6,56.5,1,1.5,58.5,1.0,1.5,False,-120,100,sportsbookreviewsonline.com,2026-08-31T17:40:25.259129+00:00,https://www.sportsbookreviewsonline.com/scoresoddsarchives/ncaa-football-2014-15,1.3
2014,920,TexasA&M,SMU,58,6,29,34,61,60,34.0,29.0,False,-23000,8500,sportsbookreviewsonline.com,2026-08-31T17:40:25.259129+00:00,https://www.sportsbookreviewsonline.com/scoresoddsarchives/ncaa-football-2014-15,1.3
2014,920,Rutgers,Navy,31,24,54.5,55.5,5.5,5,5.0,5.5,False,190,-230,sportsbookreviewsonline.com,2026-08-31T17:40:25.259129+00:00,https://www.sportsbookreviewsonline.com/scoresoddsarchives/ncaa-football-2014-15,1.3
2014,920,Florida,Alabama,21,42,53.5,50.5,15.5,14,14.0,15.5,False,425,-550,sportsbookreviewsonline.com,2026-08-31T17:40:25.259129+00:00,https://www.sportsbookreviewsonline.com/scoresoddsarchives/ncaa-football-2014-15,1.3
2014,920,UNLV,HoustonU,14,47,57.5,64,19.5,20,20.0,19.5,False,675,-1050,sportsbookreviewsonline.com,2026-08-31T17:40:25.259129+00:00,https://www.sportsbookreviewsonline.com/scoresoddsarchives/ncaa-football-2014-15,1.3
2014,920,GeorgiaTech,VirginiaTech,27,24,53.5,51.5,8,7.5,7.5,8.0,False,255,-310,sportsbookreviewsonline.com,2026-08-31T17:40:25.259129+00:00,https://www.sportsbookreviewsonline.com/scoresoddsarchives/ncaa-football-2014-15,1.3
2014,920,Oregon,WashingtonState,38,31,24,22,73.5,79,22.0,24.0,False,-1500,1000,sportsbookreviewsonline.com,2026-08-31T17:40:25.259129+00:00,https://www.sportsbookreviewsonline.com/scoresoddsarchives/ncaa-football-2014-15,1.3
2014,920,Clemson,FloridaState,17,23,66,55,19.5,9.5,9.5,19.5,False,265,-325,sportsbookreviewsonline.com,2026-08-31T17:40:25.259129+00:00,https://www.sportsbookreviewsonline.com/scoresoddsarchives/ncaa-football-2014-15,1.3
2014,920,Virginia,BYU,33,41,51.5,49,15.5,16.5,16.5,15.5,False,470,-650,sportsbookreviewsonline.com,2026-08-31T17:40:25.259129+00:00,https://www.sportsbookreviewsonline.com/scoresoddsarchives/ncaa-football-2014-15,1.3
2014,920,TexasState,Illinois,35,42,62.5,62,14,10.5,10.5,14.0,False,340,-420,sportsbookreviewsonline.com,2026-08-31T17:40:25.259129+00:00,https://www.sportsbookreviewsonline.com/scoresoddsarchives/ncaa-football-2014-15,1.3
2014,920,OldDominion,Rice,45,42,61,63,10,7,7.0,10.0,False,225,-265,sportsbookreviewsonline.com,2026-08-31T17:40:25.259129+00:00,https://www.sportsbookreviewsonline.com/scoresoddsarchives/ncaa-football-2014-15,1.3
2014,920,Louisville,FloridaIntl,34,3,25.5,26.5,48,45.5,26.5,25.5,False,-4000,2000,sportsbookreviewsonline.com,2026-08-31T17:40:25.259129+00:00,https://www.sportsbookreviewsonline.com/scoresoddsarchives/ncaa-football-2014-15,1.3
2014,920,MiamiOhio,CincinnatiU,24,31,60.5,61,28.5,30,30.0,28.5,False,3500,-8500,sportsbookreviewsonline.com,2026-08-31T17:40:25.259129+00:00,https://www.sportsbookreviewsonline.com/scoresoddsarchives/ncaa-football-2014-15,1.3
2014,920,SanDiegoState,OregonState,7,28,56,56.5,10,10.5,10.5,10.0,False,335,-420,sportsbookreviewsonline.com,2026-08-31T17:40:25.259129+00:00,https://www.sportsbookreviewsonline.com/scoresoddsarchives/ncaa-football-2014-15,1.3
2014,920,MississippiSt,LSU,34,29,50.5,48,8,7,7.0,8.0,False,245,-290,sportsbookreviewsonline.com,2026-08-31T17:40:25.259129+00:00,https://www.sportsbookreviewsonline.com/scoresoddsarchives/ncaa-football-2014-15,1.3
2014,920,NoIllinois,Arkansas,14,52,65,65,12.5,13.5,13.5,12.5,False,425,-560,sportsbookreviewsonline.com,2026-08-31T17:40:25.259129+00:00,https://www.sportsbookreviewsonline.com/scoresoddsarchives/ncaa-football-2014-15,1.3
2014,920,UtahState,ArkansasState,14,21,4,46,54,2.5,2.5,4.0,False,125,-145,sportsbookreviewsonline.com,2026-08-31T17:40:25.259129+00:00,https://www.sportsbookreviewsonline.com/scoresoddsarchives/ncaa-football-2014-15,1.3
2014,920,NewMexico,NewMexicoState,38,35,2,5.5,64,62,5.5,2.0,False,-220,180,sportsbookreviewsonline.com,2026-08-31T17:40:25.259129+00:00,https://www.sportsbookreviewsonline.com/scoresoddsarchives/ncaa-football-2014-15,1.3
2014,920,MiamiFlorida,Nebraska,31,41,61,54.5,8,8,8.0,8.0,False,255,-310,sportsbookreviewsonline.com,2026-08-31T17:40:25.259129+00:00,https://www.sportsbookreviewsonline.com/scoresoddsarchives/ncaa-football-2014-15,1.3
2014,920,Oklahoma,WestVirginia,45,33,12.5,7.5,62,66,7.5,12.5,False,-325,265,sportsbookreviewsonline.com,2026-08-31T17:40:25.259129+00:00,https://www.sportsbookreviewsonline.com/scoresoddsarchives/ncaa-football-2014-15,1.3
2014,920,California,ArizonaU,45,49,66,69.5,12.5,7,7.0,12.5,False,235,-275,sportsbookreviewsonline.com,2026-08-31T17:40:25.259129+00:00,https://www.sportsbookreviewsonline.com/scoresoddsarchives/ncaa-football-2014-15,1.3
2014,920,ULLafayette,BoiseState,9,34,63,60.5,16.5,17.5,17.5,16.5,False,575,-850,sportsbookreviewsonline.com,2026-08-31T17:40:25.259129+00:00,https://www.sportsbookreviewsonline.com/scoresoddsarchives/ncaa-football-2014-15,1.3
2014,920,Maine,BostonCollege,10,40,NL,NL,23,23,,,False,1350,-2300,sportsbookreviewsonline.com,2026-08-31T17:40:25.259129+00:00,https://www.sportsbookreviewsonline.com/scoresoddsarchives/ncaa-football-2014-15,1.3
2014,920,Presbyterian,NCState,0,42,NL,NL,39,41,,,False,25000,-75000,sportsbookreviewsonline.com,2026-08-31T17:40:25.259129+00:00,https://www.sportsbookreviewsonline.com/scoresoddsarchives/ncaa-football-2014-15,1.3
2014,920,WesternIllinois,Northwestern,7,24,NL,NL,23,25.5,,,False,2650,-5600,sportsbookreviewsonline.com,2026-08-31T17:40:25.259129+00:00,https://www.sportsbookreviewsonline.com/scoresoddsarchives/ncaa-football-2014-15,1.3
2014,920,SoIllinois,Purdue,13,35,NL,NL,1.5,3,,,False,130,-150,sportsbookreviewsonline.com,2026-08-31T17:40:25.259129+00:00,https://www.sportsbookreviewsonline.com/scoresoddsarchives/ncaa-football-2014-15,1.3
2014,920,NichollsSt,NorthTexas,3,77,NL,NL,38,36.5,,,False,16500,-49500,sportsbookreviewsonline.com,2026-08-31T17:40:25.259129+00:00,https://www.sportsbookreviewsonline.com/scoresoddsarchives/ncaa-football-2014-15,1.3
2014,920,NorfolkSt,BuffaloU,7,36,NL,NL,25,23,,,False,2300,-4600,sportsbookreviewsonline.com,2026-08-31T17:40:25.259129+00:00,https://www.sportsbookreviewsonline.com/scoresoddsarchives/ncaa-football-2014-15,1.3
2014,920,DelawareSt,Temple,0,59,NL,NL,35,39,,,False,20000,-60000,sportsbookreviewsonline.com,2026-08-31T17:40:25.259129+00:00,https://www.sportsbookreviewsonline.com/scoresoddsarchives/ncaa-football-2014-15,1.3
2014,920,BethuneCookman,CentralFlorida,7,41,NL,NL,27.5,23.5,,,False,1100,-2300,sportsbookreviewsonline.com,2026-08-31T17:40:25.259129+00:00,https://www.sportsbookreviewsonline.com/scoresoddsarchives/ncaa-football-2014-15,1.3
2014,920,NorthwesternSt,LouisianaTech,30,27,NL,NL,23.5,23,,,False,1450,-2750,sportsbookreviewsonline.com,2026-08-31T17:40:25.259129+00:00,https://www.sportsbookreviewsonline.com/scoresoddsarchives/ncaa-football-2014-15,1.3
2014,920,MurraySt,WesternMichigan,14,45,NL,NL,12.5,12.5,,,False,450,-600,sportsbookreviewsonline.com,2026-08-31T17:40:25.259129+00:00,https://www.sportsbookreviewsonline.com/scoresoddsarchives/ncaa-football-2014-15,1.3
2014,920,SouthernUtah,FresnoState,16,56,NL,NL,17.5,17.5,,,False,750,-1165,sportsbookreviewsonline.com,2026-08-31T17:40:25.259129+00:00,https://www.sportsbookreviewsonline.com/scoresoddsarchives/ncaa-football-2014-15,1.3
2014,925,AppalachianSt,GeorgiaSouthern,14,34,60,60,15,17,17.0,15.0,False,525,-700,sportsbookreviewsonline.com,2026-08-31T17:40:25.259129+00:00,https://www.sportsbookreviewsonline.com/scoresoddsarchives/ncaa-football-2014-15,1.3
2014,925,TexasTech,OklahomaState,35,45,71.5,69.5,15,14,14.0,15.0,False,430,-550,sportsbookreviewsonline.com,2026-08-31T17:40:25.259129+00:00,https://www.sportsbookreviewsonline.com/scoresoddsarchives/ncaa-football-2014-15,1.3
2014,925,UCLA,ArizonaState,62,27,3.5,3.5,60,64.5,3.5,3.5,False,-175,150,sportsbookreviewsonline.com,2026-08-31T17:40:25.259129+00:00,https://www.sportsbookreviewsonline.com/scoresoddsarchives/ncaa-football-2014-15,1.3
2014,926,MiddleTennSt,OldDominion,41,28,67,69.5,3.5,1,1.0,3.5,False,100,-120,sportsbookreviewsonline.com,2026-08-31T17:40:25.259129+00:00,https://www.sportsbookreviewsonline.com/scoresoddsarchives/ncaa-football-2014-15,1.3
2014,926,FresnoState,NewMexico,35,24,6,6.5,73,66,6.5,6.0,False,-250,210,sportsbookreviewsonline.com,2026-08-31T17:40:25.259129+00:00,https://www.sportsbookreviewsonline.com/scoresoddsarchives/ncaa-football-2014-15,1.3
2014,927,Wyoming,MichiganState,14,56,49,46.5,31.5,27.5,27.5,31.5,False,2650,-5600,sportsbookreviewsonline.com,2026-08-31T17:40:25.259129+00:00,https://www.sportsbookreviewsonline.com/scoresoddsarchives/ncaa-football-2014-15,1.3
2014,927,MinnesotaU,Michigan,30,14,46.5,43.5,8,10,10.0,8.0,False,335,-420,sportsbookreviewsonline.com,2026-08-31T17:40:25.259129+00:00,https://www.sportsbookreviewsonline.com/scoresoddsarchives/ncaa-football-2014-15,1.3
2014,927,Maryland,Indiana,37,15,64.5,70.5,2.5,2.5,2.5,2.5,False,115,-135,sportsbookreviewsonline.com,2026-08-31T17:40:25.259129+00:00,https://www.sportsbookreviewsonline.com/scoresoddsarchives/ncaa-football-2014-15,1.3
2014,927,Baylor,IowaState,49,28,21.5,21,66,72.5,21.0,21.5,False,-1360,860,sportsbookreviewsonline.com,2026-08-31T17:40:25.259129+00:00,https://www.sportsbookreviewsonline.com/scoresoddsarchives/ncaa-football-2014-15,1.3
2014,927,SouthFlorida,Wisconsin,10,27,50,50.5,33,32.5,32.5,33.0,False,7000,-18500,sportsbookreviewsonline.com,2026-08-31T17:40:25.259129+00:00,https://www.sportsbookreviewsonline.com/scoresoddsarchives/ncaa-football-2014-15,1.3
2014,927,KentState,Virginia,13,45,46,46.5,22.5,25.5,25.5,22.5,False,2000,-4000,sportsbookreviewsonline.com,2026-08-31T17:40:25.259129+00:00,https://www.sportsbookreviewsonline.com/scoresoddsarchives/ncaa-football-2014-15,1.3
2014,927,WesternMichigan,VirginiaTech,17,35,55,49.5,25,20.5,20.5,25.0,False,950,-1450,sportsbookreviewsonline.com,2026-08-31T17:40:25.259129+00:00,https://www.sportsbookreviewsonline.com/scoresoddsarchives/ncaa-football-2014-15,1.3
2014,927,Temple,Connecticut,36,10,3,6.5,48,46.5,6.5,3.0,False,-240,200,sportsbookreviewsonline.com,2026-08-31T17:40:25.259129+00:00,https://www.sportsbookreviewsonline.com/scoresoddsarchives/ncaa-football-2014-15,1.3
2014,927,Akron,PittsburghU,21,10,47.5,52,17.5,20.5,20.5,17.5,False,850,-1300,sportsbookreviewsonline.com,2026-08-31T17:40:25.259129+00:00,https://www.sportsbookreviewsonline.com/scoresoddsarchives/ncaa-football-2014-15,1.3
2014,927,Iowa,Purdue,24,10,12,8,47,47,8.0,12.0,False,-310,250,sportsbookreviewsonline.com,2026-08-31T17:40:25.259129+00:00,https://www.sportsbookreviewsonline.com/scoresoddsarchives/ncaa-football-2014-15,1.3
2014,927,Tulane,Rutgers,6,31,55,53,10.5,13.5,13.5,10.5,False,410,-525,sportsbookreviewsonline.com,2026-08-31T17:40:25.259129+00:00,https://www.sportsbookreviewsonline.com/scoresoddsarchives/ncaa-football-2014-15,1.3
2014,927,Northwestern,PennState,29,6,44.5,46,10,10.5,10.5,10.0,False,315,-380,sportsbookreviewsonline.com,2026-08-31T17:40:25.259129+00:00,https://www.sportsbookreviewsonline.com/scoresoddsarchives/ncaa-football-2014-15,1.3
2014,927,CentralMichigan,Toledo,28,42,57.5,58.5,13.5,10.5,10.5,13.5,False,315,-380,sportsbookreviewsonline.com,2026-08-31T17:40:25.259129+00:00,https://www.sportsbookreviewsonline.com/scoresoddsarchives/ncaa-football-2014-15,1.3
2014,927,Vanderbilt,Kentucky,7,17,53.5,48,15,17,17.0,15.0,False,575,-850,sportsbookreviewsonline.com,2026-08-31T17:40:25.259129+00:00,https://www.sportsbookreviewsonline.com/scoresoddsarchives/ncaa-football-2014-15,1.3
2014,927,WakeForest,Louisville,10,20,44.5,43.5,21,21,21.0,21.0,False,950,-1450,sportsbookreviewsonline.com,2026-08-31T17:40:25.259129+00:00,https://www.sportsbookreviewsonline.com/scoresoddsarchives/ncaa-football-2014-15,1.3
2014,927,ColoradoState,BostonCollege,24,21,56,56,5,6.5,6.5,5.0,False,205,-245,sportsbookreviewsonline.com,2026-08-31T17:40:25.259129+00:00,https://www.sportsbookreviewsonline.com/scoresoddsarchives/ncaa-football-2014-15,1.3
2014,927,MiamiOhio,BuffaloU,27,35,58,51.5,6.5,7,7.0,6.5,False,210,-250,sportsbookreviewsonline.com,2026-08-31T17:40:25.259129+00:00,https://www.sportsbookreviewsonline.com/scoresoddsarchives/ncaa-football-2014-15,1.3
2014,927,TexasState,Tulsa,37,34,64,65.5,5.5,3,3.0,5.5,False,135,-155,sportsbookreviewsonline.com,2026-08-31T17:40:25.259129+00:00,https://www.sportsbookreviewsonline.com/scoresoddsarchives/ncaa-football-2014-15,1.3
2014,927,UTEP,KansasState,28,58,58,53,30,27.5,27.5,30.0,False,2250,-4500,sportsbookreviewsonline.com,2026-08-31T17:40:25.259129+00:00,https://www.sportsbookreviewsonline.com/scoresoddsarchives/ncaa-football-2014-15,1.3
2014,927,LouisianaTech,Auburn,17,45,61,61.5,33,32,32.0,33.0,False,8000,-15000,sportsbookreviewsonline.com,2026-08-31T17:40:25.259129+00:00,https://www.sportsbookreviewsonline.com/scoresoddsarchives/ncaa-football-2014-15,1.3
2014,927,BowlingGreen,Massachusetts,47,42,10.5,6,64.5,70,6.0,10.5,False,-220,180,sportsbookreviewsonline.com,2026-08-31T17:40:25.259129+00:00,https://www.sportsbookreviewsonline.com/scoresoddsarchives/ncaa-football-2014-15,1.3
2014,927,Colorado,California,56,59,67,61.5,11,14,14.0,11.0,False,415,-525,sportsbookreviewsonline.com,2026-08-31T17:40:25.259129+00:00,https://www.sportsbookreviewsonline.com/scoresoddsarchives/ncaa-football-2014-15,1.3
2014,927,TCU,SMU,56,0,29,31.5,51,47,31.5,29.0,False,-12500,5000,sportsbookreviewsonline.com,2026-08-31T17:40:25.259129+00:00,https://www.sportsbookreviewsonline.com/scoresoddsarchives/ncaa-football-2014-15,1.3
2014,927,Rice,SouthernMiss,41,23,11,9,57,58.5,9.0,11.0,False,-330,270,sportsbookreviewsonline.com,2026-08-31T17:40:25.259129+00:00,https://www.sportsbookreviewsonline.com/scoresoddsarchives/ncaa-football-2014-15,1.3
2014,927,Missouri,SouthCarolina,21,20,63,61,5.5,6.5,6.5,5.5,False,220,-260,sportsbookreviewsonline.com,2026-08-31T17:40:25.259129+00:00,https://www.sportsbookreviewsonline.com/scoresoddsarchives/ncaa-football-2014-15,1.3
2014,927,WesternKentucky,Navy,36,27,67,66,7,8,8.0,7.0,False,255,-310,sportsbookreviewsonline.com,2026-08-31T17:40:25.259129+00:00,https://www.sportsbookreviewsonline.com/scoresoddsarchives/ncaa-football-2014-15,1.3
2014,927,NotreDame,Syracuse,31,15,11.5,9,48.5,53.5,9.0,11.5,False,-350,300,sportsbookreviewsonline.com,2026-08-31T17:40:25.259129+00:00,https://www.sportsbookreviewsonline.com/scoresoddsarchives/ncaa-football-2014-15,1.3
2014,927,Arkansas,TexasA&M,28,35,72,72.5,10,9,9.0,10.0,False,285,-310,sportsbookreviewsonline.com,2026-08-31T17:40:25.259129+00:00,https://www.sportsbookreviewsonline.com/scoresoddsarchives/ncaa-football-2014-15,1.3
2014,927,OregonState,USC,10,35,51.5,57,10,7,7.0,10.0,False,225,-265,sportsbookreviewsonline.com,2026-08-31T17:40:25.259129+00:00,https://www.sportsbookreviewsonline.com/scoresoddsarchives/ncaa-football-2014-15,1.3
2014,927,NorthCarolina,Clemson,35,50,67,63.5,12.5,14,14.0,12.5,False,400,-500,sportsbookreviewsonline.com,2026-08-31T17:40:25.259129+00:00,https://www.sportsbookreviewsonline.com/scoresoddsarchives/ncaa-football-2014-15,1.3
2014,927,Stanford,WashingtonU,20,13,6.5,7.5,49,49.5,7.5,6.5,False,-310,255,sportsbookreviewsonline.com,2026-08-31T17:40:25.259129+00:00,https://www.sportsbookreviewsonline.com/scoresoddsarchives/ncaa-football-2014-15,1.3
2014,927,Texas,Kansas,23,0,14,9.5,44.5,42.5,9.5,14.0,False,-400,325,sportsbookreviewsonline.com,2026-08-31T17:40:25.259129+00:00,https://www.sportsbookreviewsonline.com/scoresoddsarchives/ncaa-football-2014-15,1.3
2014,927,TennesseeU,Georgia,32,35,55.5,57,17.5,18.5,18.5,17.5,False,650,-1000,sportsbookreviewsonline.com,2026-08-31T17:40:25.259129+00:00,https://www.sportsbookreviewsonline.com/scoresoddsarchives/ncaa-football-2014-15,1.3
2014,927,Duke,MiamiFlorida,10,22,55.5,59,5,3.5,3.5,5.0,False,155,-175,sportsbookreviewsonline.com,2026-08-31T17:40:25.259129+00:00,https://www.sportsbookreviewsonline.com/scoresoddsarchives/ncaa-football-2014-15,1.3
2014,927,FloridaState,NCState,56,41,23,16,58,60.5,16.0,23.0,False,-800,550,sportsbookreviewsonline.com,2026-08-31T17:40:25.259129+00:00,https://www.sportsbookreviewsonline.com/scoresoddsarchives/ncaa-football-2014-15,1.3
2014,927,SouthAlabama,Idaho,34,10,7,3,55,58.5,3.0,7.0,False,-150,130,sportsbookreviewsonline.com,2026-08-31T17:40:25.259129+00:00,https://www.sportsbookreviewsonline.com/scoresoddsarchives/ncaa-football-2014-15,1.3
2014,927,CincinnatiU,OhioState,28,50,64.5,61,14,17,17.0,14.0,False,545,-720,sportsbookreviewsonline.com,2026-08-31T17:40:25.259129+00:00,https://www.sportsbookreviewsonline.com/scoresoddsarchives/ncaa-football-2014-15,1.3
2014,927,FloridaIntl,UAB,34,20,52,54.5,11.5,14,14.0,11.5,False,475,-650,sportsbookreviewsonline.com,2026-08-31T17:40:25.259129+00:00,https://www.sportsbookreviewsonline.com/scoresoddsarchives/ncaa-football-2014-15,1.3
2014,927,Memphis,Mississippi,3,24,56.5,59,21,20,20.0,21.0,False,700,-1100,sportsbookreviewsonline.com,2026-08-31T17:40:25.259129+00:00,https://www.sportsbookreviewsonline.com/scoresoddsarchives/ncaa-football-2014-15,1.3
2014,927,TexSanAntonio,FloridaAtlantic,37,41,4,4,47,45,4.0,4.0,False,-185,160,sportsbookreviewsonline.com,2026-08-31T17:40:25.259129+00:00,https://www.sportsbookreviewsonline.com/scoresoddsarchives/ncaa-football-2014-15,1.3
2014,927,Troy,ULMonroe,20,22,54,55.5,10.5,13.5,13.5,10.5,False,380,-475,sportsbookreviewsonline.com,2026-08-31T17:40:25.259129+00:00,https://www.sportsbookreviewsonline.com/scoresoddsarchives/ncaa-football-2014-15,1.3
2014,927,WashingtonState,Utah,28,27,65.5,60.5,10,12,12.0,10.0,False,380,-475,sportsbookreviewsonline.com,2026-08-31T17:40:25.259129+00:00,https://www.sportsbookreviewsonline.com/scoresoddsarchives/ncaa-football-2014-15,1.3
2014,927,BoiseState,AirForce,14,28,14,13.5,57.5,57.5,13.5,14.0,False,-475,380,sportsbookreviewsonline.com,2026-08-31T17:40:25.259129+00:00,https://www.sportsbookreviewsonline.com/scoresoddsarchives/ncaa-football-2014-15,1.3
2014,927,NewMexicoState,LSU,7,63,54.5,57,42.5,44,44.0,42.5,False,32500,-97500,sportsbookreviewsonline.com,2026-08-31T17:40:25.259129+00:00,https://www.sportsbookreviewsonline.com/scoresoddsarchives/ncaa-football-2014-15,1.3
2014,927,Illinois,Nebraska,14,45,67,58.5,18,21.5,21.5,18.0,False,800,-1250,sportsbookreviewsonline.com,2026-08-31T17:40:25.259129+00:00,https://www.sportsbookreviewsonline.com/scoresoddsarchives/ncaa-football-2014-15,1.3
2014,927,UNLV,SanDiegoState,17,34,56.5,55.5,17,18,18.0,17.0,False,625,-950,sportsbookreviewsonline.com,2026-08-31T17:40:25.259129+00:00,https://www.sportsbookreviewsonline.com/scoresoddsarchives/ncaa-football-2014-15,1.3
2014,927,Nevada,SanJoseState,21,10,2.5,7,56,55.5,7.0,2.5,False,-260,220,sportsbookreviewsonline.com,2026-08-31T17:40:25.259129+00:00,https://www.sportsbookreviewsonline.com/scoresoddsarchives/ncaa-football-2014-15,1.3
2014,927,EasternIllinois,Ohio,19,34,NL,NL,7,7,,,False,250,-300,sportsbookreviewsonline.com,2026-08-31T17:40:25.259129+00:00,https://www.sportsbookreviewsonline.com/scoresoddsarchives/ncaa-football-2014-15,1.3
2014,927,Army,Yale,43,49,14,14.5,NL,NL,,,False,-600,450,sportsbookreviewsonline.com,2026-08-31T17:40:25.259129+00:00,https://www.sportsbookreviewsonline.com/scoresoddsarchives/ncaa-football-2014-15,1.3
2014,1002,FloridaAtlantic,FloridaIntl,10,38,9.5,6.5,48.5,48,6.5,9.5,False,-260,215,sportsbookreviewsonline.com,2026-08-31T17:40:25.259129+00:00,https://www.sportsbookreviewsonline.com/scoresoddsarchives/ncaa-football-2014-15,1.3
2014,1002,CentralFlorida,HoustonU,17,12,49,48.5,2.5,2.5,2.5,2.5,False,120,-140,sportsbookreviewsonline.com,2026-08-31T17:40:25.259129+00:00,https://www.sportsbookreviewsonline.com/scoresoddsarchives/ncaa-football-2014-15,1.3
2014,1002,ArizonaU,Oregon,31,24,74.5,81.5,22.5,21.5,21.5,22.5,False,800,-1300,sportsbookreviewsonline.com,2026-08-31T17:40:25.259129+00:00,https://www.sportsbookreviewsonline.com/scoresoddsarchives/ncaa-football-2014-15,1.3
2014,1003,Louisville,Syracuse,28,6,3.5,1.5,47,46.5,1.5,3.5,False,-120,100,sportsbookreviewsonline.com,2026-08-31T17:40:25.259129+00:00,https://www.sportsbookreviewsonline.com/scoresoddsarchives/ncaa-football-2014-15,1.3
2014,1003,SanDiegoState,FresnoState,13,24,1.5,59,56.5,3.5,3.5,1.5,False,145,-170,sportsbookreviewsonline.com,2026-08-31T17:40:25.259129+00:00,https://www.sportsbookreviewsonline.com/scoresoddsarchives/ncaa-football-2014-15,1.3
2014,1003,UtahState,BYU,35,20,51.5,53,21,21,21.0,21.0,False,850,-1350,sportsbookreviewsonline.com,2026-08-31T17:40:25.259129+00:00,https://www.sportsbookreviewsonline.com/scoresoddsarchives/ncaa-football-2014-15,1.3
2014,1004,Vanderbilt,Georgia,17,44,59.5,53,33,33,33.0,33.0,False,7500,-20000,sportsbookreviewsonline.com,2026-08-31T17:40:25.259129+00:00,https://www.sportsbookreviewsonline.com/scoresoddsarchives/ncaa-football-2014-15,1.3
2014,1004,WakeForest,FloridaState,3,43,56,56,37.5,38,38.0,37.5,False,16500,-49500,sportsbookreviewsonline.com,2026-08-31T17:40:25.259129+00:00,https://www.sportsbookreviewsonline.com/scoresoddsarchives/ncaa-football-2014-15,1.3
2014,1004,MiamiFlorida,GeorgiaTech,17,28,56.5,58,1.5,2,2.0,1.5,False,108,-128,sportsbookreviewsonline.com,2026-08-31T17:40:25.259129+00:00,https://www.sportsbookreviewsonline.com/scoresoddsarchives/ncaa-football-2014-15,1.3
2014,1004,NorthTexas,Indiana,24,49,61.5,59,13.5,13,13.0,13.5,False,330,-410,sportsbookreviewsonline.com,2026-08-31T17:40:25.259129+00:00,https://www.sportsbookreviewsonline.com/scoresoddsarchives/ncaa-football-2014-15,1.3
2014,1004,Purdue,Illinois,38,27,56.5,54,9.5,9,9.0,9.5,False,325,-400,sportsbookreviewsonline.com,2026-08-31T17:40:25.259129+00:00,https://www.sportsbookreviewsonline.com/scoresoddsarchives/ncaa-football-2014-15,1.3
2014,1004,OhioState,Maryland,52,24,8.5,7,58,59,7.0,8.5,False,-250,210,sportsbookreviewsonline.com,2026-08-31T17:40:25.259129+00:00,https://www.sportsbookreviewsonline.com/scoresoddsarchives/ncaa-football-2014-15,1.3
2014,1004,SMU,EastCarolina,24,45,62.5,59,34.5,35,35.0,34.5,False,22500,-67500,sportsbookreviewsonline.com,2026-08-31T17:40:25.259129+00:00,https://www.sportsbookreviewsonline.com/scoresoddsarchives/ncaa-football-2014-15,1.3
2014,1004,Memphis,CincinnatiU,41,14,61.5,62,6.5,3,3.0,6.5,False,NL,NL,sportsbookreviewsonline.com,2026-08-31T17:40:25.259129+00:00,https://www.sportsbookreviewsonline.com/scoresoddsarchives/ncaa-football-2014-15,1.3
2014,1004,PittsburghU,Virginia,19,24,50,46,4.5,5,5.0,4.5,False,NL,NL,sportsbookreviewsonline.com,2026-08-31T17:40:25.259129+00:00,https://www.sportsbookreviewsonline.com/scoresoddsarchives/ncaa-football-2014-15,1.3
2014,1004,Ohio,CentralMichigan,10,28,47.5,49,5,3.5,3.5,5.0,False,145,-165,sportsbookreviewsonline.com,2026-08-31T17:40:25.259129+00:00,https://www.sportsbookreviewsonline.com/scoresoddsarchives/ncaa-football-2014-15,1.3
2014,1004,Kansas,WestVirginia,14,33,49.5,59,22,28,28.0,22.0,False,2750,-6000,sportsbookreviewsonline.com,2026-08-31T17:40:25.259129+00:00,https://www.sportsbookreviewsonline.com/scoresoddsarchives/ncaa-football-2014-15,1.3
2014,1004,Toledo,WesternMichigan,20,19,10,5,71.5,62,5.0,10.0,False,-210,175,sportsbookreviewsonline.com,2026-08-31T17:40:25.259129+00:00,https://www.sportsbookreviewsonline.com/scoresoddsarchives/ncaa-football-2014-15,1.3
2014,1004,Marshall,OldDominion,56,14,17.5,18.5,68,75,18.5,17.5,False,-900,600,sportsbookreviewsonline.com,2026-08-31T17:40:25.259129+00:00,https://www.sportsbookreviewsonline.com/scoresoddsarchives/ncaa-football-2014-15,1.3
2014,1004,VirginiaTech,NorthCarolina,34,17,1.5,3,63.5,57,3.0,1.5,False,-145,125,sportsbookreviewsonline.com,2026-08-31T17:40:25.259129+00:00,https://www.sportsbookreviewsonline.com/scoresoddsarchives/ncaa-football-2014-15,1.3
2014,1004,KentState,NoIllinois,14,17,57.5,59,21.5,26,26.0,21.5,False,1500,-3000,sportsbookreviewsonline.com,2026-08-31T17:40:25.259129+00:00,https://www.sportsbookreviewsonline.com/scoresoddsarchives/ncaa-football-2014-15,1.3
2014,1004,Wisconsin,Northwestern,14,20,9.5,8,47,48,8.0,9.5,False,-290,245,sportsbookreviewsonline.com,2026-08-31T17:40:25.259129+00:00,https://www.sportsbookreviewsonline.com/scoresoddsarchives/ncaa-football-2014-15,1.3
2014,1004,Massachusetts,MiamiOhio,41,42,54.5,58,4.5,6,6.0,4.5,False,NL,NL,sportsbookreviewsonline.com,2026-08-31T17:40:25.259129+00:00,https://www.sportsbookreviewsonline.com/scoresoddsarchives/ncaa-football-2014-15,1.3
2014,1004,SouthAlabama,AppalachianSt,47,21,5,3.5,46.5,52,3.5,5.0,False,-165,145,sportsbookreviewsonline.com,2026-08-31T17:40:25.259129+00:00,https://www.sportsbookreviewsonline.com/scoresoddsarchives/ncaa-football-2014-15,1.3
2014,1004,SouthCarolina,Kentucky,38,45,7.5,5,52.5,55,5.0,7.5,False,-200,170,sportsbookreviewsonline.com,2026-08-31T17:40:25.259129+00:00,https://www.sportsbookreviewsonline.com/scoresoddsarchives/ncaa-football-2014-15,1.3
2014,1004,BallState,Army,24,33,52.5,58,2.5,3,3.0,2.5,False,115,-135,sportsbookreviewsonline.com,2026-08-31T17:40:25.259129+00:00,https://www.sportsbookreviewsonline.com/scoresoddsarchives/ncaa-football-2014-15,1.3
2014,1004,BuffaloU,BowlingGreen,35,36,74,76,5,3.5,3.5,5.0,False,150,-170,sportsbookreviewsonline.com,2026-08-31T17:40:25.259129+00:00,https://www.sportsbookreviewsonline.com/scoresoddsarchives/ncaa-football-2014-15,1.3
2014,1004,EasternMichigan,Akron,6,31,49.5,51,21.5,26,26.0,21.5,False,NL,NL,sportsbookreviewsonline.com,2026-08-31T17:40:25.259129+00:00,https://www.sportsbookreviewsonline.com/scoresoddsarchives/ncaa-football-2014-15,1.3
2014,1004,TexasTech,KansasState,13,45,69.5,67,12.5,14,14.0,12.5,False,400,-500,sportsbookreviewsonline.com,2026-08-31T17:40:25.259129+00:00,https://www.sportsbookreviewsonline.com/scoresoddsarchives/ncaa-football-2014-15,1.3
2014,1004,Hawaii,Rice,14,28,55.5,56,6,7,7.0,6.0,False,185,-225,sportsbookreviewsonline.com,2026-08-31T17:40:25.259129+00:00,https://www.sportsbookreviewsonline.com/scoresoddsarchives/ncaa-football-2014-15,1.3
2014,1004,Tulsa,ColoradoState,17,42,63,63,14.5,18.5,18.5,14.5,False,625,-950,sportsbookreviewsonline.com,2026-08-31T17:40:25.259129+00:00,https://www.sportsbookreviewsonline.com/scoresoddsarchives/ncaa-football-2014-15,1.3
2014,1004,GeorgiaState,ULLafayette,31,34,67.5,65,17.5,16,16.0,17.5,False,NL,NL,sportsbookreviewsonline.com,2026-08-31T17:40:25.259129+00:00,https://www.sportsbookreviewsonline.com/scoresoddsarchives/ncaa-football-2014-15,1.3
2014,1004,Stanford,NotreDame,14,17,2.5,2,41.5,47,2.0,2.5,False,-148,128,sportsbookreviewsonline.com,2026-08-31T17:40:25.259129+00:00,https://www.sportsbookreviewsonline.com/scoresoddsarchives/ncaa-football-2014-15,1.3
2014,1004,ArizonaState,USC,38,34,63,68,9.5,13,13.0,9.5,False,360,-450,sportsbookreviewsonline.com,2026-08-31T17:40:25.259129+00:00,https://www.sportsbookreviewsonline.com/scoresoddsarchives/ncaa-football-2014-15,1.3
2014,1004,LSU,Auburn,7,41,56,56,9,7,7.0,9.0,False,230,-270,sportsbookreviewsonline.com,2026-08-31T17:40:25.259129+00:00,https://www.sportsbookreviewsonline.com/scoresoddsarchives/ncaa-football-2014-15,1.3
2014,1004,Navy,AirForce,21,30,5,3.5,54,56,3.5,5.0,False,-165,145,sportsbookreviewsonline.com,2026-08-31T17:40:25.259129+00:00,https://www.sportsbookreviewsonline.com/scoresoddsarchives/ncaa-football-2014-15,1.3
2014,1004,Oklahoma,TCU,33,37,5,4.5,53.5,57,4.5,5.0,False,-170,150,sportsbookreviewsonline.com,2026-08-31T17:40:25.259129+00:00,https://www.sportsbookreviewsonline.com/scoresoddsarchives/ncaa-football-2014-15,1.3
2014,1004,Florida,TennesseeU,10,9,54,53,pk,3,3.0,0.0,False,100,-120,sportsbookreviewsonline.com,2026-08-31T17:40:25.259129+00:00,https://www.sportsbookreviewsonline.com/scoresoddsarchives/ncaa-football-2014-15,1.3
2014,1004,Baylor,Texas,28,7,12.5,14.5,58.5,59,14.5,12.5,False,NL,NL,sportsbookreviewsonline.com,2026-08-31T17:40:25.259129+00:00,https://www.sportsbookreviewsonline.com/scoresoddsarchives/ncaa-football-2014-15,1.3
2014,1004,IowaState,OklahomaState,20,37,62,64,17,17.5,17.5,17.0,False,525,-750,sportsbookreviewsonline.com,2026-08-31T17:40:25.259129+00:00,https://www.sportsbookreviewsonline.com/scoresoddsarchives/ncaa-football-2014-15,1.3
2014,1004,Alabama,Mississippi,17,23,4.5,6,48.5,53,6.0,4.5,False,-210,175,sportsbookreviewsonline.com,2026-08-31T17:40:25.259129+00:00,https://www.sportsbookreviewsonline.com/scoresoddsarchives/ncaa-football-2014-15,1.3
2014,1004,TexasA&M,MississippiSt,31,48,2.5,72,63.5,2,2.0,2.5,False,125,-145,sportsbookreviewsonline.com,2026-08-31T17:40:25.259129+00:00,https://www.sportsbookreviewsonline.com/scoresoddsarchives/ncaa-football-2014-15,1.3
2014,1004,Utah,UCLA,30,28,63,65,12.5,13.5,13.5,12.5,False,400,-500,sportsbookreviewsonline.com,2026-08-31T17:40:25.259129+00:00,https://www.sportsbookreviewsonline.com/scoresoddsarchives/ncaa-football-2014-15,1.3
2014,1004,UTEP,LouisianaTech,3,55,63.5,57,12.5,12,12.0,12.5,False,365,-460,sportsbookreviewsonline.com,2026-08-31T17:40:25.259129+00:00,https://www.sportsbookreviewsonline.com/scoresoddsarchives/ncaa-football-2014-15,1.3
2014,1004,SouthernMiss,MiddleTennSt,31,37,60.5,60,17,17,17.0,17.0,False,550,-800,sportsbookreviewsonline.com,2026-08-31T17:40:25.259129+00:00,https://www.sportsbookreviewsonline.com/scoresoddsarchives/ncaa-football-2014-15,1.3
2014,1004,OregonState,Colorado,36,31,7.5,5,57,53,5.0,7.5,False,-185,160,sportsbookreviewsonline.com,2026-08-31T17:40:25.259129+00:00,https://www.sportsbookreviewsonline.com/scoresoddsarchives/ncaa-football-2014-15,1.3
2014,1004,California,WashingtonState,60,59,75.5,70,3.5,4,4.0,3.5,False,165,-190,sportsbookreviewsonline.com,2026-08-31T17:40:25.259129+00:00,https://www.sportsbookreviewsonline.com/scoresoddsarchives/ncaa-football-2014-15,1.3
2014,1004,Idaho,TexasState,30,35,66.5,65,14.5,15,15.0,14.5,False,465,-630,sportsbookreviewsonline.com,2026-08-31T17:40:25.259129+00:00,https://www.sportsbookreviewsonline.com/scoresoddsarchives/ncaa-football-2014-15,1.3
2014,1004,Michigan,Rutgers,24,26,46.5,47,3,3,3.0,3.0,False,130,-150,sportsbookreviewsonline.com,2026-08-31T17:40:25.259129+00:00,https://www.sportsbookreviewsonline.com/scoresoddsarchives/ncaa-football-2014-15,1.3
2014,1004,NewMexico,TexSanAntonio,21,9,59.5,55,18,17,17.0,18.0,False,500,-700,sportsbookreviewsonline.com,2026-08-31T17:40:25.259129+00:00,https://www.sportsbookreviewsonline.com/scoresoddsarchives/ncaa-football-2014-15,1.3
2014,1004,ULMonroe,ArkansasState,14,28,47,53,9,11,11.0,9.0,False,21,NL,sportsbookreviewsonline.com,2026-08-31T17:40:25.259129+00:00,https://www.sportsbookreviewsonline.com/scoresoddsarchives/ncaa-football-2014-15,1.3
2014,1004,NCState,Clemson,0,41,69,64,13.5,14,14.0,13.5,False,440,-580,sportsbookreviewsonline.com,2026-08-31T17:40:25.259129+00:00,https://www.sportsbookreviewsonline.com/scoresoddsarchives/ncaa-football-2014-15,1.3
2014,1004,UAB,WesternKentucky,42,39,75,70,13,10,10.0,13.0,False,NL,NL,sportsbookreviewsonline.com,2026-08-31T17:40:25.259129+00:00,https://www.sportsbookreviewsonline.com/scoresoddsarchives/ncaa-football-2014-15,1.3
2014,1004,Nebraska,MichiganState,22,27,58,55,8,7.5,7.5,8.0,False,215,-255,sportsbookreviewsonline.com,2026-08-31T17:40:25.259129+00:00,https://www.sportsbookreviewsonline.com/scoresoddsarchives/ncaa-football-2014-15,1.3
2014,1004,GeorgiaSouthern,NewMexicoState,36,28,16.5,18,61,63,18.0,16.5,False,-850,575,sportsbookreviewsonline.com,2026-08-31T17:40:25.259129+00:00,https://www.sportsbookreviewsonline.com/scoresoddsarchives/ncaa-football-2014-15,1.3
2014,1004,UNLV,SanJoseState,10,33,57,57,10.5,9,9.0,10.5,False,275,-335,sportsbookreviewsonline.com,2026-08-31T17:40:25.259129+00:00,https://www.sportsbookreviewsonline.com/scoresoddsarchives/ncaa-football-2014-15,1.3
2014,1004,BoiseState,Nevada,51,46,1.5,3,49,54,3.0,1.5,False,-160,140,sportsbookreviewsonline.com,2026-08-31T17:40:25.259129+00:00,https://www.sportsbookreviewsonline.com/scoresoddsarchives/ncaa-football-2014-15,1.3
2014,1009,BYU,CentralFlorida,24,31,46,46,3.5,2.5,2.5,3.5,False,125,-145,sportsbookreviewsonline.com,2026-08-31T17:40:25.259129+00:00,https://www.sportsbookreviewsonline.com/scoresoddsarchives/ncaa-football-2014-15,1.3
2014,1010,WashingtonState,Stanford,17,34,54,52,17,16.5,16.5,17.0,False,525,-725,sportsbookreviewsonline.com,2026-08-31T17:40:25.259129+00:00,https://www.sportsbookreviewsonline.com/scoresoddsarchives/ncaa-football-2014-15,1.3
2014,1010,SanDiegoState,NewMexico,24,14,6,3,51,53.5,3.0,6.0,False,-150,130,sportsbookreviewsonline.com,2026-08-31T17:40:25.259129+00:00,https://www.sportsbookreviewsonline.com/scoresoddsarchives/ncaa-football-2014-15,1.3
2014,1010,FresnoState,UNLV,27,30,10,9.5,62.5,65,9.5,10.0,False,-315,260,sportsbookreviewsonline.com,2026-08-31T17:40:25.259129+00:00,https://www.sportsbookreviewsonline.com/scoresoddsarchives/ncaa-football-2014-15,1.3
2014,1011,Texas,Oklahoma,26,31,48.5,44.5,14.5,16.5,16.5,14.5,False,575,-800,sportsbookreviewsonline.com,2026-08-31T17:40:25.259129+00:00,https://www.sportsbookreviewsonline.com/scoresoddsarchives/ncaa-football-2014-15,1.3
2014,1011,MichiganState,Purdue,45,31,23,21.5,54.5,49,21.5,23.0,False,-1500,900,sportsbookreviewsonline.com,2026-08-31T17:40:25.259129+00:00,https://www.sportsbookreviewsonline.com/scoresoddsarchives/ncaa-football-2014-15,1.3
2014,1011,Northwestern,MinnesotaU,17,24,41.5,44.5,2.5,4,4.0,2.5,False,155,-180,sportsbookreviewsonline.com,2026-08-31T17:40:25.259129+00:00,https://www.sportsbookreviewsonline.com/scoresoddsarchives/ncaa-football-2014-15,1.3
2014,1011,Rice,Army,41,21,59,2.5,pk,57.5,2.5,0.0,False,-140,121,sportsbookreviewsonline.com,2026-08-31T17:40:25.259129+00:00,https://www.sportsbookreviewsonline.com/scoresoddsarchives/ncaa-football-2014-15,1.3
2014,1011,Tulsa,Temple,24,35,58,57.5,15,17,17.0,15.0,False,575,-800,sportsbookreviewsonline.com,2026-08-31T17:40:25.259129+00:00,https://www.sportsbookreviewsonline.com/scoresoddsarchives/ncaa-football-2014-15,1.3
2014,1011,MiddleTennSt,Marshall,24,49,73.5,68,21.5,23,23.0,21.5,False,1000,-2000,sportsbookreviewsonline.com,2026-08-31T17:40:25.259129+00:00,https://www.sportsbookreviewsonline.com/scoresoddsarchives/ncaa-football-2014-15,1.3
2014,1011,Massachusetts,KentState,40,17,55,56.5,1,3,3.0,1.0,False,140,-165,sportsbookreviewsonline.com,2026-08-31T17:40:25.259129+00:00,https://www.sportsbookreviewsonline.com/scoresoddsarchives/ncaa-football-2014-15,1.3
2014,1011,FloridaState,Syracuse,38,20,22,23.5,51,55.5,23.5,22.0,False,-1849,1054,sportsbookreviewsonline.com,2026-08-31T17:40:25.259129+00:00,https://www.sportsbookreviewsonline.com/scoresoddsarchives/ncaa-football-2014-15,1.3
2014,1011,Duke,GeorgiaTech,31,25,58,59,5,4,4.0,5.0,False,160,-185,sportsbookreviewsonline.com,2026-08-31T17:40:25.259129+00:00,https://www.sportsbookreviewsonline.com/scoresoddsarchives/ncaa-football-2014-15,1.3
2014,1011,Illinois,Wisconsin,28,38,55.5,59,24,26.5,26.5,24.0,False,1500,-3500,sportsbookreviewsonline.com,2026-08-31T17:40:25.259129+00:00,https://www.sportsbookreviewsonline.com/scoresoddsarchives/ncaa-football-2014-15,1.3
2014,1011,BostonCollege,NCState,30,14,56.5,55,5,2,2.0,5.0,False,110,-130,sportsbookreviewsonline.com,2026-08-31T17:40:25.259129+00:00,https://www.sportsbookreviewsonline.com/scoresoddsarchives/ncaa-football-2014-15,1.3
2014,1011,CincinnatiU,MiamiFlorida,34,55,60,66.5,11,15,15.0,11.0,False,525,-725,sportsbookreviewsonline.com,2026-08-31T17:40:25.259129+00:00,https://www.sportsbookreviewsonline.com/scoresoddsarchives/ncaa-football-2014-15,1.3
2014,1011,BuffaloU,EasternMichigan,27,37,14,14.5,58.5,56,14.5,14.0,False,-655,503,sportsbookreviewsonline.com,2026-08-31T17:40:25.259129+00:00,https://www.sportsbookreviewsonline.com/scoresoddsarchives/ncaa-football-2014-15,1.3
2014,1011,MiamiOhio,Akron,19,29,50.5,55.5,14,14.5,14.5,14.0,False,500,-650,sportsbookreviewsonline.com,2026-08-31T17:40:25.259129+00:00,https://www.sportsbookreviewsonline.com/scoresoddsarchives/ncaa-football-2014-15,1.3
2014,1011,Indiana,Iowa,29,45,53.5,54,6,3,3.0,6.0,False,133,-157,sportsbookreviewsonline.com,2026-08-31T17:40:25.259129+00:00,https://www.sportsbookreviewsonline.com/scoresoddsarchives/ncaa-football-2014-15,1.3
2014,1011,BowlingGreen,Ohio,31,13,1.5,pk,63,67,0.0,1.5,False,-115,-105,sportsbookreviewsonline.com,2026-08-31T17:40:25.259129+00:00,https://www.sportsbookreviewsonline.com/scoresoddsarchives/ncaa-football-2014-15,1.3
2014,1011,WestVirginia,TexasTech,37,34,4.5,6,73,76.5,6.0,4.5,False,-230,195,sportsbookreviewsonline.com,2026-08-31T17:40:25.259129+00:00,https://www.sportsbookreviewsonline.com/scoresoddsarchives/ncaa-football-2014-15,1.3
2014,1011,OklahomaState,Kansas,27,20,20,19,50.5,49,19.0,20.0,False,-1100,750,sportsbookreviewsonline.com,2026-08-31T17:40:25.259129+00:00,https://www.sportsbookreviewsonline.com/scoresoddsarchives/ncaa-football-2014-15,1.3
2014,1011,TCU,Baylor,58,61,66,66.5,11,7,7.0,11.0,False,230,-275,sportsbookreviewsonline.com,2026-08-31T17:40:25.259129+00:00,https://www.sportsbookreviewsonline.com/scoresoddsarchives/ncaa-football-2014-15,1.3
2014,1011,HoustonU,Memphis,28,24,49.5,48,7.5,7,7.0,7.5,False,250,-300,sportsbookreviewsonline.com,2026-08-31T17:40:25.259129+00:00,https://www.sportsbookreviewsonline.com/scoresoddsarchives/ncaa-football-2014-15,1.3
2014,1011,NorthTexas,UAB,21,56,62.5,57.5,3.5,6,6.0,3.5,False,210,-255,sportsbookreviewsonline.com,2026-08-31T17:40:25.259129+00:00,https://www.sportsbookreviewsonline.com/scoresoddsarchives/ncaa-football-2014-15,1.3
2014,1011,Auburn,MississippiSt,23,38,3,3,61,61.5,3.0,3.0,False,-140,121,sportsbookreviewsonline.com,2026-08-31T17:40:25.259129+00:00,https://www.sportsbookreviewsonline.com/scoresoddsarchives/ncaa-football-2014-15,1.3
2014,1011,WesternMichigan,BallState,42,38,56,53,2.5,1,1.0,2.5,False,-101,-119,sportsbookreviewsonline.com,2026-08-31T17:40:25.259129+00:00,https://www.sportsbookreviewsonline.com/scoresoddsarchives/ncaa-football-2014-15,1.3
2014,1011,NewMexicoState,Troy,24,41,63.5,63,7,7.5,7.5,7.0,False,245,-295,sportsbookreviewsonline.com,2026-08-31T17:40:25.259129+00:00,https://www.sportsbookreviewsonline.com/scoresoddsarchives/ncaa-football-2014-15,1.3
2014,1011,Alabama,Arkansas,14,13,8.5,9,55,54,9.0,8.5,False,-325,265,sportsbookreviewsonline.com,2026-08-31T17:40:25.259129+00:00,https://www.sportsbookreviewsonline.com/scoresoddsarchives/ncaa-football-2014-15,1.3
2014,1011,LSU,Florida,30,27,1.5,2.5,46.5,44.5,2.5,1.5,False,-140,120,sportsbookreviewsonline.com,2026-08-31T17:40:25.259129+00:00,https://www.sportsbookreviewsonline.com/scoresoddsarchives/ncaa-football-2014-15,1.3
2014,1011,Toledo,IowaState,30,37,61,61.5,5,3.5,3.5,5.0,False,160,-185,sportsbookreviewsonline.com,2026-08-31T17:40:25.259129+00:00,https://www.sportsbookreviewsonline.com/scoresoddsarchives/ncaa-football-2014-15,1.3
2014,1011,Oregon,UCLA,42,30,3.5,1.5,68,73.5,1.5,3.5,False,-120,100,sportsbookreviewsonline.com,2026-08-31T17:40:25.259129+00:00,https://www.sportsbookreviewsonline.com/scoresoddsarchives/ncaa-football-2014-15,1.3
2014,1011,USC,ArizonaU,28,26,2.5,66.5,63,1,1.0,2.5,False,100,-120,sportsbookreviewsonline.com,2026-08-31T17:40:25.259129+00:00,https://www.sportsbookreviewsonline.com/scoresoddsarchives/ncaa-football-2014-15,1.3
2014,1011,WashingtonU,California,31,7,73,67,1,3,3.0,1.0,False,145,-170,sportsbookreviewsonline.com,2026-08-31T17:40:25.259129+00:00,https://www.sportsbookreviewsonline.com/scoresoddsarchives/ncaa-football-2014-15,1.3
2014,1011,Georgia,Missouri,34,0,3,3,62,57,3.0,3.0,False,-160,135,sportsbookreviewsonline.com,2026-08-31T17:40:25.259129+00:00,https://www.sportsbookreviewsonline.com/scoresoddsarchives/ncaa-football-2014-15,1.3
2014,1011,Louisville,Clemson,17,23,49.5,46.5,10,9,9.0,10.0,False,250,-300,sportsbookreviewsonline.com,2026-08-31T17:40:25.259129+00:00,https://www.sportsbookreviewsonline.com/scoresoddsarchives/ncaa-football-2014-15,1.3
2014,1011,NorthCarolina,NotreDame,43,50,61,61.5,16.5,16.5,16.5,16.5,False,575,-800,sportsbookreviewsonline.com,2026-08-31T17:40:25.259129+00:00,https://www.sportsbookreviewsonline.com/scoresoddsarchives/ncaa-football-2014-15,1.3
2014,1011,CentralMichigan,NoIllinois,34,17,54,57,10.5,8.5,8.5,10.5,False,265,-325,sportsbookreviewsonline.com,2026-08-31T17:40:25.259129+00:00,https://www.sportsbookreviewsonline.com/scoresoddsarchives/ncaa-football-2014-15,1.3
2014,1011,Idaho,GeorgiaSouthern,24,47,64,63,20.5,21.5,21.5,20.5,False,900,-1500,sportsbookreviewsonline.com,2026-08-31T17:40:25.259129+00:00,https://www.sportsbookreviewsonline.com/scoresoddsarchives/ncaa-football-2014-15,1.3
2014,1011,ArkansasState,GeorgiaState,52,10,14,10.5,59.5,62,10.5,14.0,False,-400,325,sportsbookreviewsonline.com,2026-08-31T17:40:25.259129+00:00,https://www.sportsbookreviewsonline.com/scoresoddsarchives/ncaa-football-2014-15,1.3
2014,1011,FloridaIntl,TexSanAntonio,13,16,45,42.5,13,8,8.0,13.0,False,255,-310,sportsbookreviewsonline.com,2026-08-31T17:40:25.259129+00:00,https://www.sportsbookreviewsonline.com/scoresoddsarchives/ncaa-football-2014-15,1.3
2014,1011,ULMonroe,Kentucky,14,48,47.5,51.5,20,19.5,19.5,20.0,False,750,-1100,sportsbookreviewsonline.com,2026-08-31T17:40:25.259129+00:00,https://www.sportsbookreviewsonline.com/scoresoddsarchives/ncaa-football-2014-15,1.3
2014,1011,Mississippi,TexasA&M,35,20,60,64,2,3,3.0,2.0,False,130,-150,sportsbookreviewsonline.com,2026-08-31T17:40:25.259129+00:00,https://www.sportsbookreviewsonline.com/scoresoddsarchives/ncaa-football-2014-15,1.3
2014,1011,AirForce,UtahState,16,34,49,50,9,6.5,6.5,9.0,False,220,-265,sportsbookreviewsonline.com,2026-08-31T17:40:25.259129+00:00,https://www.sportsbookreviewsonline.com/scoresoddsarchives/ncaa-football-2014-15,1.3
2014,1011,EastCarolina,SouthFlorida,28,17,14.5,16.5,58,57,16.5,14.5,False,-700,525,sportsbookreviewsonline.com,2026-08-31T17:40:25.259129+00:00,https://www.sportsbookreviewsonline.com/scoresoddsarchives/ncaa-football-2014-15,1.3
2014,1011,PennState,Michigan,13,18,41,41.5,1,2.5,2.5,1.0,False,121,-141,sportsbookreviewsonline.com,2026-08-31T17:40:25.259129+00:00,https://www.sportsbookreviewsonline.com/scoresoddsarchives/ncaa-football-2014-15,1.3
2014,1011,OldDominion,UTEP,35,42,70,63.5,2.5,1.5,1.5,2.5,False,100,-120,sportsbookreviewsonline.com,2026-08-31T17:40:25.259129+00:00,https://www.sportsbookreviewsonline.com/scoresoddsarchives/ncaa-football-2014-15,1.3
2014,1011,Connecticut,Tulane,3,12,45.5,42,4,4,4.0,4.0,False,155,-180,sportsbookreviewsonline.com,2026-08-31T17:40:25.259129+00:00,https://www.sportsbookreviewsonline.com/scoresoddsarchives/ncaa-football-2014-15,1.3
2014,1011,ColoradoState,Nevada,31,24,1,2,59,64,2.0,1.0,False,-130,110,sportsbookreviewsonline.com,2026-08-31T17:40:25.259129+00:00,https://www.sportsbookreviewsonline.com/scoresoddsarchives/ncaa-football-2014-15,1.3
2014,1011,Wyoming,Hawaii,28,38,46.5,46.5,3.5,5.5,5.5,3.5,False,180,-210,sportsbookreviewsonline.com,2026-08-31T17:40:25.259129+00:00,https://www.sportsbookreviewsonline.com/scoresoddsarchives/ncaa-football-2014-15,1.3
2014,1011,TennChat,TennesseeU,10,45,NL,NL,26,25,,,False,NL,NL,sportsbookreviewsonline.com,2026-08-31T17:40:25.259129+00:00,https://www.sportsbookreviewsonline.com/scoresoddsarchives/ncaa-football-2014-15,1.3
2014,1011,CharlestonSou,Vanderbilt,20,21,NL,NL,19.5,20,,,False,NL,NL,sportsbookreviewsonline.com,2026-08-31T17:40:25.259129+00:00,https://www.sportsbookreviewsonline.com/scoresoddsarchives/ncaa-football-2014-15,1.3
2014,1011,Liberty,AppalachianSt,55,48,NL,NL,3,3,,,False,NL,NL,sportsbookreviewsonline.com,2026-08-31T17:40:25.259129+00:00,https://www.sportsbookreviewsonline.com/scoresoddsarchives/ncaa-football-2014-15,1.3
2014,1011,VMI,Navy,14,51,NL,NL,37,38,,,False,NL,NL,sportsbookreviewsonline.com,2026-08-31T17:40:25.259129+00:00,https://www.sportsbookreviewsonline.com/scoresoddsarchives/ncaa-football-2014-15,1.3
2014,1014,ULLafayette,TexasState,34,10,63,62,3,2.5,2.5,3.0,False,120,-140,sportsbookreviewsonline.com,2026-08-31T17:40:25.259129+00:00,https://www.sportsbookreviewsonline.com/scoresoddsarchives/ncaa-football-2014-15,1.3
2014,1016,VirginiaTech,PittsburghU,16,21,3,1,45.5,45,1.0,3.0,False,-119,-101,sportsbookreviewsonline.com,2026-08-31T17:40:25.259129+00:00,https://www.sportsbookreviewsonline.com/scoresoddsarchives/ncaa-football-2014-15,1.3
2014,1016,Utah,OregonState,29,23,1.5,1.5,54.5,53.5,1.5,1.5,False,-120,100,sportsbookreviewsonline.com,2026-08-31T17:40:25.259129+00:00,https://www.sportsbookreviewsonline.com/scoresoddsarchives/ncaa-football-2014-15,1.3
2014,1017,FresnoState,BoiseState,27,37,61.5,61,15,18,18.0,15.0,False,700,-1050,sportsbookreviewsonline.com,2026-08-31T17:40:25.259129+00:00,https://www.sportsbookreviewsonline.com/scoresoddsarchives/ncaa-football-2014-15,1.3
2014,1017,Temple,HoustonU,10,31,51.5,52,6.5,9,9.0,6.5,False,275,-335,sportsbookreviewsonline.com,2026-08-31T17:40:25.259129+00:00,https://www.sportsbookreviewsonline.com/scoresoddsarchives/ncaa-football-2014-15,1.3
2014,1018,Marshall,FloridaIntl,45,13,21.5,21,57.5,56,21.0,21.5,False,-1495,945,sportsbookreviewsonline.com,2026-08-31T17:40:25.259129+00:00,https://www.sportsbookreviewsonline.com/scoresoddsarchives/ncaa-football-2014-15,1.3
2014,1018,Syracuse,WakeForest,30,7,3.5,6.5,43,44.5,6.5,3.5,False,-240,200,sportsbookreviewsonline.com,2026-08-31T17:40:25.259129+00:00,https://www.sportsbookreviewsonline.com/scoresoddsarchives/ncaa-football-2014-15,1.3
2014,1018,MiamiOhio,NoIllinois,41,51,58,58.5,14,13.5,13.5,14.0,False,400,-525,sportsbookreviewsonline.com,2026-08-31T17:40:25.259129+00:00,https://www.sportsbookreviewsonline.com/scoresoddsarchives/ncaa-football-2014-15,1.3
2014,1018,Akron,Ohio,20,23,3,3,44,47.5,3.0,3.0,False,-145,125,sportsbookreviewsonline.com,2026-08-31T17:40:25.259129+00:00,https://www.sportsbookreviewsonline.com/scoresoddsarchives/ncaa-football-2014-15,1.3
2014,1018,Purdue,MinnesotaU,38,39,48.5,48.5,13,12,12.0,13.0,False,365,-465,sportsbookreviewsonline.com,2026-08-31T17:40:25.259129+00:00,https://www.sportsbookreviewsonline.com/scoresoddsarchives/ncaa-football-2014-15,1.3
2014,1018,Iowa,Maryland,31,38,49.5,45.5,3,4,4.0,3.0,False,155,-180,sportsbookreviewsonline.com,2026-08-31T17:40:25.259129+00:00,https://www.sportsbookreviewsonline.com/scoresoddsarchives/ncaa-football-2014-15,1.3
2014,1018,Baylor,WestVirginia,27,41,9.5,7.5,78,80.5,7.5,9.5,False,-310,250,sportsbookreviewsonline.com,2026-08-31T17:40:25.259129+00:00,https://www.sportsbookreviewsonline.com/scoresoddsarchives/ncaa-football-2014-15,1.3
2014,1018,Virginia,Duke,13,20,53.5,49,4.5,3,3.0,4.5,False,135,-155,sportsbookreviewsonline.com,2026-08-31T17:40:25.259129+00:00,https://www.sportsbookreviewsonline.com/scoresoddsarchives/ncaa-football-2014-15,1.3
2014,1018,GeorgiaTech,NorthCarolina,43,48,1.5,67.5,69,2.5,2.5,1.5,False,110,-130,sportsbookreviewsonline.com,2026-08-31T17:40:25.259129+00:00,https://www.sportsbookreviewsonline.com/scoresoddsarchives/ncaa-football-2014-15,1.3
2014,1018,NCState,Louisville,18,30,50.5,48,14,19,19.0,14.0,False,735,-1035,sportsbookreviewsonline.com,2026-08-31T17:40:25.259129+00:00,https://www.sportsbookreviewsonline.com/scoresoddsarchives/ncaa-football-2014-15,1.3
2014,1018,EasternMichigan,Massachusetts,14,36,63,63,12.5,15,15.0,12.5,False,485,-635,sportsbookreviewsonline.com,2026-08-31T17:40:25.259129+00:00,https://www.sportsbookreviewsonline.com/scoresoddsarchives/ncaa-football-2014-15,1.3
2014,1018,WesternMichigan,BowlingGreen,26,14,67.5,68,3.5,3,3.0,3.5,False,125,-145,sportsbookreviewsonline.com,2026-08-31T17:40:25.259129+00:00,https://www.sportsbookreviewsonline.com/scoresoddsarchives/ncaa-football-2014-15,1.3
2014,1018,BallState,CentralMichigan,32,29,51.5,53.5,7.5,10.5,10.5,7.5,False,330,-410,sportsbookreviewsonline.com,2026-08-31T17:40:25.259129+00:00,https://www.sportsbookreviewsonline.com/scoresoddsarchives/ncaa-football-2014-15,1.3
2014,1018,Georgia,Arkansas,45,32,3,3,61.5,54,3.0,3.0,False,-155,135,sportsbookreviewsonline.com,2026-08-31T17:40:25.259129+00:00,https://www.sportsbookreviewsonline.com/scoresoddsarchives/ncaa-football-2014-15,1.3
2014,1018,SanJoseState,Wyoming,27,20,48.5,3,pk,47,3.0,0.0,False,-170,150,sportsbookreviewsonline.com,2026-08-31T17:40:25.259129+00:00,https://www.sportsbookreviewsonline.com/scoresoddsarchives/ncaa-football-2014-15,1.3
2014,1018,NewMexico,AirForce,31,35,56.5,57,11.5,7.5,7.5,11.5,False,240,-290,sportsbookreviewsonline.com,2026-08-31T17:40:25.259129+00:00,https://www.sportsbookreviewsonline.com/scoresoddsarchives/ncaa-football-2014-15,1.3
2014,1018,SouthFlorida,Tulsa,38,30,52.5,2,1,49.5,2.0,1.0,False,-130,110,sportsbookreviewsonline.com,2026-08-31T17:40:25.259129+00:00,https://www.sportsbookreviewsonline.com/scoresoddsarchives/ncaa-football-2014-15,1.3
2014,1018,TexSanAntonio,LouisianaTech,20,27,49.5,44.5,7,11.5,11.5,7.0,False,355,-445,sportsbookreviewsonline.com,2026-08-31T17:40:25.259129+00:00,https://www.sportsbookreviewsonline.com/scoresoddsarchives/ncaa-football-2014-15,1.3
2014,1018,SouthernMiss,NorthTexas,30,20,58.5,55,10,7.5,7.5,10.0,False,240,-290,sportsbookreviewsonline.com,2026-08-31T17:40:25.259129+00:00,https://www.sportsbookreviewsonline.com/scoresoddsarchives/ncaa-football-2014-15,1.3
2014,1018,CincinnatiU,SMU,41,3,14,13,63,62,13.0,14.0,False,-475,375,sportsbookreviewsonline.com,2026-08-31T17:40:25.259129+00:00,https://www.sportsbookreviewsonline.com/scoresoddsarchives/ncaa-football-2014-15,1.3
2014,1018,AppalachianSt,Troy,53,14,63.5,64.5,6,7,7.0,6.0,False,245,-305,sportsbookreviewsonline.com,2026-08-31T17:40:25.259129+00:00,https://www.sportsbookreviewsonline.com/scoresoddsarchives/ncaa-football-2014-15,1.3
2014,1018,Nevada,BYU,42,35,53.5,59,11,10,10.0,11.0,False,320,-400,sportsbookreviewsonline.com,2026-08-31T17:40:25.259129+00:00,https://www.sportsbookreviewsonline.com/scoresoddsarchives/ncaa-football-2014-15,1.3
2014,1018,Army,KentState,17,39,5.5,3,53.5,51.5,3.0,5.5,False,-165,145,sportsbookreviewsonline.com,2026-08-31T17:40:25.259129+00:00,https://www.sportsbookreviewsonline.com/scoresoddsarchives/ncaa-football-2014-15,1.3
2014,1018,Stanford,ArizonaState,10,26,4,3.5,54.5,53.5,3.5,4.0,False,-165,145,sportsbookreviewsonline.com,2026-08-31T17:40:25.259129+00:00,https://www.sportsbookreviewsonline.com/scoresoddsarchives/ncaa-football-2014-15,1.3
2014,1018,WashingtonU,Oregon,20,45,65.5,64.5,19.5,21.5,21.5,19.5,False,870,-1220,sportsbookreviewsonline.com,2026-08-31T17:40:25.259129+00:00,https://www.sportsbookreviewsonline.com/scoresoddsarchives/ncaa-football-2014-15,1.3
2014,1018,UCLA,California,36,34,8.5,7,76.5,73,7.0,8.5,False,-265,215,sportsbookreviewsonline.com,2026-08-31T17:40:25.259129+00:00,https://www.sportsbookreviewsonline.com/scoresoddsarchives/ncaa-football-2014-15,1.3
2014,1018,UAB,MiddleTennSt,22,34,70.5,66.5,1,1.5,1.5,1.0,False,105,-125,sportsbookreviewsonline.com,2026-08-31T17:40:25.259129+00:00,https://www.sportsbookreviewsonline.com/scoresoddsarchives/ncaa-football-2014-15,1.3
2014,1018,Rutgers,OhioState,17,56,58.5,62.5,18.5,20.5,20.5,18.5,False,850,-1450,sportsbookreviewsonline.com,2026-08-31T17:40:25.259129+00:00,https://www.sportsbookreviewsonline.com/scoresoddsarchives/ncaa-football-2014-15,1.3
2014,1018,TexasA&M,Alabama,0,59,58.5,62.5,12.5,12,12.0,12.5,False,350,-440,sportsbookreviewsonline.com,2026-08-31T17:40:25.259129+00:00,https://www.sportsbookreviewsonline.com/scoresoddsarchives/ncaa-football-2014-15,1.3
2014,1018,Colorado,USC,28,56,60,60,20,20,20.0,20.0,False,710,-1010,sportsbookreviewsonline.com,2026-08-31T17:40:25.259129+00:00,https://www.sportsbookreviewsonline.com/scoresoddsarchives/ncaa-football-2014-15,1.3
2014,1018,MichiganState,Indiana,56,17,15,16.5,61.5,59.5,16.5,15.0,False,-705,530,sportsbookreviewsonline.com,2026-08-31T17:40:25.259129+00:00,https://www.sportsbookreviewsonline.com/scoresoddsarchives/ncaa-football-2014-15,1.3
2014,1018,Clemson,BostonCollege,17,13,7,5.5,51.5,45.5,5.5,7.0,False,-220,190,sportsbookreviewsonline.com,2026-08-31T17:40:25.259129+00:00,https://www.sportsbookreviewsonline.com/scoresoddsarchives/ncaa-football-2014-15,1.3
2014,1018,KansasState,Oklahoma,31,30,61.5,54,9.5,7,7.0,9.5,False,235,-285,sportsbookreviewsonline.com,2026-08-31T17:40:25.259129+00:00,https://www.sportsbookreviewsonline.com/scoresoddsarchives/ncaa-football-2014-15,1.3
2014,1018,NewMexicoState,Idaho,17,29,67.5,67.5,4,5.5,5.5,4.0,False,195,-230,sportsbookreviewsonline.com,2026-08-31T17:40:25.259129+00:00,https://www.sportsbookreviewsonline.com/scoresoddsarchives/ncaa-football-2014-15,1.3
2014,1018,GeorgiaState,SouthAlabama,27,30,57.5,56,17,20,20.0,17.0,False,745,-1045,sportsbookreviewsonline.com,2026-08-31T17:40:25.259129+00:00,https://www.sportsbookreviewsonline.com/scoresoddsarchives/ncaa-football-2014-15,1.3
2014,1018,WesternKentucky,FloridaAtlantic,38,45,3.5,3,66.5,65,3.0,3.5,False,-165,145,sportsbookreviewsonline.com,2026-08-31T17:40:25.259129+00:00,https://www.sportsbookreviewsonline.com/scoresoddsarchives/ncaa-football-2014-15,1.3
2014,1018,UtahState,ColoradoState,13,16,51.5,55,5.5,5,5.0,5.5,False,180,-210,sportsbookreviewsonline.com,2026-08-31T17:40:25.259129+00:00,https://www.sportsbookreviewsonline.com/scoresoddsarchives/ncaa-football-2014-15,1.3
2014,1018,TennesseeU,Mississippi,3,34,48,45.5,17,16,16.0,17.0,False,485,-635,sportsbookreviewsonline.com,2026-08-31T17:40:25.259129+00:00,https://www.sportsbookreviewsonline.com/scoresoddsarchives/ncaa-football-2014-15,1.3
2014,1018,IowaState,Texas,45,48,47.5,45.5,12.5,11,11.0,12.5,False,345,-435,sportsbookreviewsonline.com,2026-08-31T17:40:25.259129+00:00,https://www.sportsbookreviewsonline.com/scoresoddsarchives/ncaa-football-2014-15,1.3
2014,1018,Missouri,Florida,42,13,49.5,44.5,4,6.5,6.5,4.0,False,215,-265,sportsbookreviewsonline.com,2026-08-31T17:40:25.259129+00:00,https://www.sportsbookreviewsonline.com/scoresoddsarchives/ncaa-football-2014-15,1.3
2014,1018,Kansas,TexasTech,21,34,54.5,58,14,12,12.0,14.0,False,385,-510,sportsbookreviewsonline.com,2026-08-31T17:40:25.259129+00:00,https://www.sportsbookreviewsonline.com/scoresoddsarchives/ncaa-football-2014-15,1.3
2014,1018,OklahomaState,TCU,9,42,62.5,62,9.5,10.5,10.5,9.5,False,320,-400,sportsbookreviewsonline.com,2026-08-31T17:40:25.259129+00:00,https://www.sportsbookreviewsonline.com/scoresoddsarchives/ncaa-football-2014-15,1.3
2014,1018,Tulane,CentralFlorida,13,20,45.5,44,19,17.5,17.5,19.0,False,665,-915,sportsbookreviewsonline.com,2026-08-31T17:40:25.259129+00:00,https://www.sportsbookreviewsonline.com/scoresoddsarchives/ncaa-football-2014-15,1.3
2014,1018,Nebraska,Northwestern,38,17,7,6.5,49.5,55,6.5,7.0,False,-265,215,sportsbookreviewsonline.com,2026-08-31T17:40:25.259129+00:00,https://www.sportsbookreviewsonline.com/scoresoddsarchives/ncaa-football-2014-15,1.3
2014,1018,Kentucky,LSU,3,41,49.5,49.5,11.5,11.5,11.5,11.5,False,355,-445,sportsbookreviewsonline.com,2026-08-31T17:40:25.259129+00:00,https://www.sportsbookreviewsonline.com/scoresoddsarchives/ncaa-football-2014-15,1.3
2014,1018,NotreDame,FloridaState,27,31,56,60,12.5,9.5,9.5,12.5,False,275,-345,sportsbookreviewsonline.com,2026-08-31T17:40:25.259129+00:00,https://www.sportsbookreviewsonline.com/scoresoddsarchives/ncaa-football-2014-15,1.3
2014,1018,Hawaii,SanDiegoState,10,20,51,48.5,9,10,10.0,9.0,False,315,-395,sportsbookreviewsonline.com,2026-08-31T17:40:25.259129+00:00,https://www.sportsbookreviewsonline.com/scoresoddsarchives/ncaa-football-2014-15,1.3
2014,1018,Furman,SouthCarolina,10,41,56,56,37,37.5,37.5,37.0,False,14000,-42000,sportsbookreviewsonline.com,2026-08-31T17:40:25.259129+00:00,https://www.sportsbookreviewsonline.com/scoresoddsarchives/ncaa-football-2014-15,1.3
2014,1021,ArkansasState,ULLafayette,40,55,1.5,3,54,59,3.0,1.5,False,-170,145,sportsbookreviewsonline.com,2026-08-31T17:40:25.259129+00:00,https://www.sportsbookreviewsonline.com/scoresoddsarchives/ncaa-football-2014-15,1.3
2014,1023,Connecticut,EastCarolina,21,31,55.5,55.5,26.5,28,28.0,26.5,False,1568,-3800,sportsbookreviewsonline.com,2026-08-31T17:40:25.259129+00:00,https://www.sportsbookreviewsonline.com/scoresoddsarchives/ncaa-football-2014-15,1.3
2014,1023,MiamiFlorida,VirginiaTech,30,6,51.5,2.5,2,47.5,2.5,2.0,False,-139,119,sportsbookreviewsonline.com,2026-08-31T17:40:25.259129+00:00,https://www.sportsbookreviewsonline.com/scoresoddsarchives/ncaa-football-2014-15,1.3
2014,1024,Troy,SouthAlabama,13,27,54.5,55,12.5,16,16.0,12.5,False,525,-700,sportsbookreviewsonline.com,2026-08-31T17:40:25.259129+00:00,https://www.sportsbookreviewsonline.com/scoresoddsarchives/ncaa-football-2014-15,1.3
2014,1024,SouthFlorida,CincinnatiU,17,34,58,60,11,10,10.0,11.0,False,305,-370,sportsbookreviewsonline.com,2026-08-31T17:40:25.259129+00:00,https://www.sportsbookreviewsonline.com/scoresoddsarchives/ncaa-football-2014-15,1.3
2014,1024,BYU,BoiseState,30,55,60,58,6,6.5,6.5,6.0,False,225,-270,sportsbookreviewsonline.com,2026-08-31T17:40:25.259129+00:00,https://www.sportsbookreviewsonline.com/scoresoddsarchives/ncaa-football-2014-15,1.3
2014,1024,Oregon,California,59,41,18.5,17,77,78,17.0,18.5,False,-800,575,sportsbookreviewsonline.com,2026-08-31T17:40:25.259129+00:00,https://www.sportsbookreviewsonline.com/scoresoddsarchives/ncaa-football-2014-15,1.3
2014,1025,SouthCarolina,Auburn,35,42,64.5,62.5,17,18,18.0,17.0,False,700,-1000,sportsbookreviewsonline.com,2026-08-31T17:40:25.259129+00:00,https://www.sportsbookreviewsonline.com/scoresoddsarchives/ncaa-football-2014-15,1.3
2014,1025,NoIllinois,EasternMichigan,28,17,20,18,61.5,62,18.0,20.0,False,-900,600,sportsbookreviewsonline.com,2026-08-31T17:40:25.259129+00:00,https://www.sportsbookreviewsonline.com/scoresoddsarchives/ncaa-football-2014-15,1.3
2014,1025,MississippiSt,Kentucky,45,31,14,14.5,60.5,59,14.5,14.0,False,-600,460,sportsbookreviewsonline.com,2026-08-31T17:40:25.259129+00:00,https://www.sportsbookreviewsonline.com/scoresoddsarchives/ncaa-football-2014-15,1.3
2014,1025,Syracuse,Clemson,6,16,47,47,15.5,17,17.0,15.5,False,550,-750,sportsbookreviewsonline.com,2026-08-31T17:40:25.259129+00:00,https://www.sportsbookreviewsonline.com/scoresoddsarchives/ncaa-football-2014-15,1.3
2014,1025,MinnesotaU,Illinois,24,28,6,3.5,57,54,3.5,6.0,False,-175,150,sportsbookreviewsonline.com,2026-08-31T17:40:25.259129+00:00,https://www.sportsbookreviewsonline.com/scoresoddsarchives/ncaa-football-2014-15,1.3
2014,1025,Akron,BallState,21,35,1.5,3.5,49,52.5,3.5,1.5,False,-170,145,sportsbookreviewsonline.com,2026-08-31T17:40:25.259129+00:00,https://www.sportsbookreviewsonline.com/scoresoddsarchives/ncaa-football-2014-15,1.3
2014,1025,CentralMichigan,BuffaloU,20,14,3.5,4,58.5,54.5,4.0,3.5,False,-180,155,sportsbookreviewsonline.com,2026-08-31T17:40:25.259129+00:00,https://www.sportsbookreviewsonline.com/scoresoddsarchives/ncaa-football-2014-15,1.3
2014,1025,Ohio,WesternMichigan,21,42,50.5,53,9.5,8,8.0,9.5,False,265,-325,sportsbookreviewsonline.com,2026-08-31T17:40:25.259129+00:00,https://www.sportsbookreviewsonline.com/scoresoddsarchives/ncaa-football-2014-15,1.3
2014,1025,BostonCollege,WakeForest,23,17,12,13,41,41,13.0,12.0,False,-564,443,sportsbookreviewsonline.com,2026-08-31T17:40:25.259129+00:00,https://www.sportsbookreviewsonline.com/scoresoddsarchives/ncaa-football-2014-15,1.3
2014,1025,Temple,CentralFlorida,14,34,49,46,10,6,6.0,10.0,False,195,-235,sportsbookreviewsonline.com,2026-08-31T17:40:25.259129+00:00,https://www.sportsbookreviewsonline.com/scoresoddsarchives/ncaa-football-2014-15,1.3
2014,1025,NorthCarolina,Virginia,28,27,68,61,5.5,6.5,6.5,5.5,False,250,-300,sportsbookreviewsonline.com,2026-08-31T17:40:25.259129+00:00,https://www.sportsbookreviewsonline.com/scoresoddsarchives/ncaa-football-2014-15,1.3
2014,1025,GeorgiaTech,PittsburghU,56,28,56.5,56.5,3.5,4,4.0,3.5,False,159,-184,sportsbookreviewsonline.com,2026-08-31T17:40:25.259129+00:00,https://www.sportsbookreviewsonline.com/scoresoddsarchives/ncaa-football-2014-15,1.3
2014,1025,Maryland,Wisconsin,7,52,56,56,11.5,9.5,9.5,11.5,False,265,-325,sportsbookreviewsonline.com,2026-08-31T17:40:25.259129+00:00,https://www.sportsbookreviewsonline.com/scoresoddsarchives/ncaa-football-2014-15,1.3
2014,1025,Vanderbilt,Missouri,14,24,47.5,42.5,21.5,21.5,21.5,21.5,False,800,-1300,sportsbookreviewsonline.com,2026-08-31T17:40:25.259129+00:00,https://www.sportsbookreviewsonline.com/scoresoddsarchives/ncaa-football-2014-15,1.3
2014,1025,SanJoseState,Navy,31,41,54.5,53.5,8.5,8,8.0,8.5,False,265,-325,sportsbookreviewsonline.com,2026-08-31T17:40:25.259129+00:00,https://www.sportsbookreviewsonline.com/scoresoddsarchives/ncaa-football-2014-15,1.3
2014,1025,UNLV,UtahState,20,34,52.5,50.5,18,16.5,16.5,18.0,False,575,-800,sportsbookreviewsonline.com,2026-08-31T17:40:25.259129+00:00,https://www.sportsbookreviewsonline.com/scoresoddsarchives/ncaa-football-2014-15,1.3
2014,1025,Massachusetts,Toledo,35,42,70.5,69.5,14.5,18.5,18.5,14.5,False,600,-825,sportsbookreviewsonline.com,2026-08-31T17:40:25.259129+00:00,https://www.sportsbookreviewsonline.com/scoresoddsarchives/ncaa-football-2014-15,1.3
2014,1025,UCLA,Colorado,40,37,14,14.5,69.5,65.5,14.5,14.0,False,-525,405,sportsbookreviewsonline.com,2026-08-31T17:40:25.259129+00:00,https://www.sportsbookreviewsonline.com/scoresoddsarchives/ncaa-football-2014-15,1.3
2014,1025,Rutgers,Nebraska,24,42,57,60.5,17,20,20.0,17.0,False,700,-1000,sportsbookreviewsonline.com,2026-08-31T17:40:25.259129+00:00,https://www.sportsbookreviewsonline.com/scoresoddsarchives/ncaa-football-2014-15,1.3
2014,1025,KentState,MiamiOhio,3,10,50.5,53.5,5.5,5,5.0,5.5,False,180,-215,sportsbookreviewsonline.com,2026-08-31T17:40:25.259129+00:00,https://www.sportsbookreviewsonline.com/scoresoddsarchives/ncaa-football-2014-15,1.3
2014,1025,UAB,Arkansas,17,45,68.5,58.5,23,24,24.0,23.0,False,1000,-2000,sportsbookreviewsonline.com,2026-08-31T17:40:25.259129+00:00,https://www.sportsbookreviewsonline.com/scoresoddsarchives/ncaa-football-2014-15,1.3
2014,1025,TexasTech,TCU,27,82,67.5,71.5,21,24.5,24.5,21.0,False,1200,-2200,sportsbookreviewsonline.com,2026-08-31T17:40:25.259129+00:00,https://www.sportsbookreviewsonline.com/scoresoddsarchives/ncaa-football-2014-15,1.3
2014,1025,Memphis,SMU,48,10,22.5,23.5,49.5,51,23.5,22.5,False,-1615,905,sportsbookreviewsonline.com,2026-08-31T17:40:25.259129+00:00,https://www.sportsbookreviewsonline.com/scoresoddsarchives/ncaa-football-2014-15,1.3
2014,1025,OregonState,Stanford,14,38,44,43.5,14,13,13.0,14.0,False,345,-425,sportsbookreviewsonline.com,2026-08-31T17:40:25.259129+00:00,https://www.sportsbookreviewsonline.com/scoresoddsarchives/ncaa-football-2014-15,1.3
2014,1025,Alabama,TennesseeU,34,20,16,19.5,47.5,46.5,19.5,16.0,False,-1400,900,sportsbookreviewsonline.com,2026-08-31T17:40:25.259129+00:00,https://www.sportsbookreviewsonline.com/scoresoddsarchives/ncaa-football-2014-15,1.3
2014,1025,Michigan,MichiganState,11,35,49.5,44.5,17,16.5,16.5,17.0,False,543,-756,sportsbookreviewsonline.com,2026-08-31T17:40:25.259129+00:00,https://www.sportsbookreviewsonline.com/scoresoddsarchives/ncaa-football-2014-15,1.3
2014,1025,Wyoming,ColoradoState,31,45,53.5,54.5,18,19.5,19.5,18.0,False,750,-1100,sportsbookreviewsonline.com,2026-08-31T17:40:25.259129+00:00,https://www.sportsbookreviewsonline.com/scoresoddsarchives/ncaa-football-2014-15,1.3
2014,1025,Mississippi,LSU,7,10,3,4,45.5,45.5,4.0,3.0,False,-195,166,sportsbookreviewsonline.com,2026-08-31T17:40:25.259129+00:00,https://www.sportsbookreviewsonline.com/scoresoddsarchives/ncaa-football-2014-15,1.3
2014,1025,ArizonaU,WashingtonState,59,37,3.5,2.5,71,73.5,2.5,3.5,False,-140,120,sportsbookreviewsonline.com,2026-08-31T17:40:25.259129+00:00,https://www.sportsbookreviewsonline.com/scoresoddsarchives/ncaa-football-2014-15,1.3
2014,1025,USC,Utah,21,24,1,52,57,1.5,1.5,1.0,False,105,-125,sportsbookreviewsonline.com,2026-08-31T17:40:25.259129+00:00,https://www.sportsbookreviewsonline.com/scoresoddsarchives/ncaa-football-2014-15,1.3
2014,1025,GeorgiaSouthern,GeorgiaState,69,31,15,17,66,66,17.0,15.0,False,-675,500,sportsbookreviewsonline.com,2026-08-31T17:40:25.259129+00:00,https://www.sportsbookreviewsonline.com/scoresoddsarchives/ncaa-football-2014-15,1.3
2014,1025,NorthTexas,Rice,21,41,57,56,14.5,16,16.0,14.5,False,575,-800,sportsbookreviewsonline.com,2026-08-31T17:40:25.259129+00:00,https://www.sportsbookreviewsonline.com/scoresoddsarchives/ncaa-football-2014-15,1.3
2014,1025,LouisianaTech,SouthernMiss,31,20,10,7,57,55.5,7.0,10.0,False,-300,250,sportsbookreviewsonline.com,2026-08-31T17:40:25.259129+00:00,https://www.sportsbookreviewsonline.com/scoresoddsarchives/ncaa-football-2014-15,1.3
2014,1025,UTEP,TexSanAntonio,34,0,55.5,47,11,13.5,13.5,11.0,False,405,-525,sportsbookreviewsonline.com,2026-08-31T17:40:25.259129+00:00,https://www.sportsbookreviewsonline.com/scoresoddsarchives/ncaa-football-2014-15,1.3
2014,1025,FloridaAtlantic,Marshall,16,35,67.5,66,27,27.5,27.5,27.0,False,NL,NL,sportsbookreviewsonline.com,2026-08-31T17:40:25.259129+00:00,https://www.sportsbookreviewsonline.com/scoresoddsarchives/ncaa-football-2014-15,1.3
2014,1025,TexasState,ULMonroe,22,18,52.5,50.5,3.5,2.5,2.5,3.5,False,125,-145,sportsbookreviewsonline.com,2026-08-31T17:40:25.259129+00:00,https://www.sportsbookreviewsonline.com/scoresoddsarchives/ncaa-football-2014-15,1.3
2014,1025,OldDominion,WesternKentucky,51,66,75.5,78,11,13,13.0,11.0,False,355,-450,sportsbookreviewsonline.com,2026-08-31T17:40:25.259129+00:00,https://www.sportsbookreviewsonline.com/scoresoddsarchives/ncaa-football-2014-15,1.3
2014,1025,WestVirginia,OklahomaState,34,10,65,3,3,67.5,3.0,3.0,False,-141,121,sportsbookreviewsonline.com,2026-08-31T17:40:25.259129+00:00,https://www.sportsbookreviewsonline.com/scoresoddsarchives/ncaa-football-2014-15,1.3
2014,1025,Texas,KansasState,0,23,50.5,47,9,9.5,9.5,9.0,False,280,-340,sportsbookreviewsonline.com,2026-08-31T17:40:25.259129+00:00,https://www.sportsbookreviewsonline.com/scoresoddsarchives/ncaa-football-2014-15,1.3
2014,1025,OhioState,PennState,31,24,13,14,51.5,52.5,14.0,13.0,False,-650,500,sportsbookreviewsonline.com,2026-08-31T17:40:25.259129+00:00,https://www.sportsbookreviewsonline.com/scoresoddsarchives/ncaa-football-2014-15,1.3
2014,1025,ArizonaState,WashingtonU,24,10,3.5,4,62.5,60,4.0,3.5,False,-180,155,sportsbookreviewsonline.com,2026-08-31T17:40:25.259129+00:00,https://www.sportsbookreviewsonline.com/scoresoddsarchives/ncaa-football-2014-15,1.3
2014,1025,Nevada,Hawaii,26,18,4,3,53.5,55,3.0,4.0,False,-160,135,sportsbookreviewsonline.com,2026-08-31T17:40:25.259129+00:00,https://www.sportsbookreviewsonline.com/scoresoddsarchives/ncaa-football-2014-15,1.3
2014,1030,Troy,GeorgiaSouthern,10,42,66,61,23,23.5,23.5,23.0,False,907,-2546,sportsbookreviewsonline.com,2026-08-31T17:40:25.259129+00:00,https://www.sportsbookreviewsonline.com/scoresoddsarchives/ncaa-football-2014-15,1.3
2014,1030,FloridaState,Louisville,42,31,7,3.5,52,51.5,3.5,7.0,False,-170,145,sportsbookreviewsonline.com,2026-08-31T17:40:25.259129+00:00,https://www.sportsbookreviewsonline.com/scoresoddsarchives/ncaa-football-2014-15,1.3
2014,1031,Tulsa,Memphis,20,40,60,57,21.5,24,24.0,21.5,False,1400,-3000,sportsbookreviewsonline.com,2026-08-31T17:40:25.259129+00:00,https://www.sportsbookreviewsonline.com/scoresoddsarchives/ncaa-football-2014-15,1.3
2014,1031,CincinnatiU,Tulane,38,14,4,4,54.5,56.5,4.0,4.0,False,-190,161,sportsbookreviewsonline.com,2026-08-31T17:40:25.259129+00:00,https://www.sportsbookreviewsonline.com/scoresoddsarchives/ncaa-football-2014-15,1.3
2014,1101,NotreDame,Navy,49,39,15.5,14,55.5,54.5,14.0,15.5,False,-555,430,sportsbookreviewsonline.com,2026-08-31T17:40:25.259129+00:00,https://www.sportsbookreviewsonline.com/scoresoddsarchives/ncaa-football-2014-15,1.3
2014,1101,BostonCollege,VirginiaTech,33,31,43.5,40,5,2.5,2.5,5.0,False,125,-145,sportsbookreviewsonline.com,2026-08-31T17:40:25.259129+00:00,https://www.sportsbookreviewsonline.com/scoresoddsarchives/ncaa-football-2014-15,1.3
2014,1101,EastCarolina,Temple,10,20,7,10,58.5,61.5,10.0,7.0,False,-370,300,sportsbookreviewsonline.com,2026-08-31T17:40:25.259129+00:00,https://www.sportsbookreviewsonline.com/scoresoddsarchives/ncaa-football-2014-15,1.3
2014,1101,CentralFlorida,Connecticut,29,37,13,9,40,38.5,9.0,13.0,False,-345,275,sportsbookreviewsonline.com,2026-08-31T17:40:25.259129+00:00,https://www.sportsbookreviewsonline.com/scoresoddsarchives/ncaa-football-2014-15,1.3
2014,1101,Wisconsin,Rutgers,37,0,13.5,12,52,51.5,12.0,13.5,False,-435,345,sportsbookreviewsonline.com,2026-08-31T17:40:25.259129+00:00,https://www.sportsbookreviewsonline.com/scoresoddsarchives/ncaa-football-2014-15,1.3
2014,1101,NCState,Syracuse,24,17,48.5,53.5,4.5,3,3.0,4.5,False,125,-145,sportsbookreviewsonline.com,2026-08-31T17:40:25.259129+00:00,https://www.sportsbookreviewsonline.com/scoresoddsarchives/ncaa-football-2014-15,1.3
2014,1101,Duke,PittsburghU,51,48,50.5,52.5,pk,3,3.0,0.0,False,135,-155,sportsbookreviewsonline.com,2026-08-31T17:40:25.259129+00:00,https://www.sportsbookreviewsonline.com/scoresoddsarchives/ncaa-football-2014-15,1.3
2014,1101,Maryland,PennState,20,19,48.5,44,3,3,3.0,3.0,False,145,-165,sportsbookreviewsonline.com,2026-08-31T17:40:25.259129+00:00,https://www.sportsbookreviewsonline.com/scoresoddsarchives/ncaa-football-2014-15,1.3
2014,1101,NorthCarolina,MiamiFlorida,20,47,65,67.5,11,16.5,16.5,11.0,False,525,-700,sportsbookreviewsonline.com,2026-08-31T17:40:25.259129+00:00,https://www.sportsbookreviewsonline.com/scoresoddsarchives/ncaa-football-2014-15,1.3
2014,1101,GeorgiaState,AppalachianSt,0,44,69.5,62,7,11.5,11.5,7.0,False,315,-395,sportsbookreviewsonline.com,2026-08-31T17:40:25.259129+00:00,https://www.sportsbookreviewsonline.com/scoresoddsarchives/ncaa-football-2014-15,1.3
2014,1101,AirForce,Army,23,6,3.5,3,58,54,3.0,3.5,False,-160,140,sportsbookreviewsonline.com,2026-08-31T17:40:25.259129+00:00,https://www.sportsbookreviewsonline.com/scoresoddsarchives/ncaa-football-2014-15,1.3
2014,1101,CentralMichigan,EasternMichigan,38,7,15.5,13.5,48.5,48,13.5,15.5,False,-540,415,sportsbookreviewsonline.com,2026-08-31T17:40:25.259129+00:00,https://www.sportsbookreviewsonline.com/scoresoddsarchives/ncaa-football-2014-15,1.3
2014,1101,Northwestern,Iowa,7,48,43.5,43.5,5,3,3.0,5.0,False,140,-160,sportsbookreviewsonline.com,2026-08-31T17:40:25.259129+00:00,https://www.sportsbookreviewsonline.com/scoresoddsarchives/ncaa-football-2014-15,1.3
2014,1101,Texas,TexasTech,34,13,5,3.5,57,57,3.5,5.0,False,-175,155,sportsbookreviewsonline.com,2026-08-31T17:40:25.259129+00:00,https://www.sportsbookreviewsonline.com/scoresoddsarchives/ncaa-football-2014-15,1.3
2014,1101,Purdue,Nebraska,14,35,62,59,23.5,21.5,21.5,23.5,False,950,-1800,sportsbookreviewsonline.com,2026-08-31T17:40:25.259129+00:00,https://www.sportsbookreviewsonline.com/scoresoddsarchives/ncaa-football-2014-15,1.3
2014,1101,Kansas,Baylor,14,60,61,61,35.5,34.5,34.5,35.5,False,10675,-20825,sportsbookreviewsonline.com,2026-08-31T17:40:25.259129+00:00,https://www.sportsbookreviewsonline.com/scoresoddsarchives/ncaa-football-2014-15,1.3
2014,1101,WesternMichigan,MiamiOhio,41,10,6,6.5,56.5,55.5,6.5,6.0,False,-260,210,sportsbookreviewsonline.com,2026-08-31T17:40:25.259129+00:00,https://www.sportsbookreviewsonline.com/scoresoddsarchives/ncaa-football-2014-15,1.3
2014,1101,Auburn,Mississippi,35,31,48.5,53.5,3,1,1.0,3.0,False,100,-120,sportsbookreviewsonline.com,2026-08-31T17:40:25.259129+00:00,https://www.sportsbookreviewsonline.com/scoresoddsarchives/ncaa-football-2014-15,1.3
2014,1101,Kentucky,Missouri,10,20,50.5,47,7,7,7.0,7.0,False,235,-295,sportsbookreviewsonline.com,2026-08-31T17:40:25.259129+00:00,https://www.sportsbookreviewsonline.com/scoresoddsarchives/ncaa-football-2014-15,1.3
2014,1101,Arkansas,MississippiSt,10,17,63,56,11.5,10,10.0,11.5,False,320,-400,sportsbookreviewsonline.com,2026-08-31T17:40:25.259129+00:00,https://www.sportsbookreviewsonline.com/scoresoddsarchives/ncaa-football-2014-15,1.3
2014,1101,WesternKentucky,LouisianaTech,10,59,70.5,68.5,5.5,7.5,7.5,5.5,False,245,-305,sportsbookreviewsonline.com,2026-08-31T17:40:25.259129+00:00,https://www.sportsbookreviewsonline.com/scoresoddsarchives/ncaa-football-2014-15,1.3
2014,1101,ULMonroe,TexasA&M,16,21,56.5,61,31.5,32.5,32.5,31.5,False,7350,-13650,sportsbookreviewsonline.com,2026-08-31T17:40:25.259129+00:00,https://www.sportsbookreviewsonline.com/scoresoddsarchives/ncaa-football-2014-15,1.3
2014,1101,BYU,MiddleTennSt,27,7,7,3,65,64,3.0,7.0,False,-160,140,sportsbookreviewsonline.com,2026-08-31T17:40:25.259129+00:00,https://www.sportsbookreviewsonline.com/scoresoddsarchives/ncaa-football-2014-15,1.3
2014,1101,TennesseeU,SouthCarolina,45,42,56,55.5,8,5.5,5.5,8.0,False,190,-225,sportsbookreviewsonline.com,2026-08-31T17:40:25.259129+00:00,https://www.sportsbookreviewsonline.com/scoresoddsarchives/ncaa-football-2014-15,1.3
2014,1101,Florida,Georgia,38,20,57,45.5,13,11.5,11.5,13.0,False,350,-440,sportsbookreviewsonline.com,2026-08-31T17:40:25.259129+00:00,https://www.sportsbookreviewsonline.com/scoresoddsarchives/ncaa-football-2014-15,1.3
2014,1101,USC,WashingtonState,44,17,8.5,7.5,67,68,7.5,8.5,False,-310,250,sportsbookreviewsonline.com,2026-08-31T17:40:25.259129+00:00,https://www.sportsbookreviewsonline.com/scoresoddsarchives/ncaa-football-2014-15,1.3
2014,1101,Stanford,Oregon,16,45,54.5,56.5,11.5,7.5,7.5,11.5,False,265,-325,sportsbookreviewsonline.com,2026-08-31T17:40:25.259129+00:00,https://www.sportsbookreviewsonline.com/scoresoddsarchives/ncaa-football-2014-15,1.3
2014,1101,Oklahoma,IowaState,59,14,16,15.5,63.5,61.5,15.5,16.0,False,-670,520,sportsbookreviewsonline.com,2026-08-31T17:40:25.259129+00:00,https://www.sportsbookreviewsonline.com/scoresoddsarchives/ncaa-football-2014-15,1.3
2014,1101,OklahomaState,KansasState,14,48,56.5,53,13.5,13.5,13.5,13.5,False,390,-515,sportsbookreviewsonline.com,2026-08-31T17:40:25.259129+00:00,https://www.sportsbookreviewsonline.com/scoresoddsarchives/ncaa-football-2014-15,1.3
2014,1101,Indiana,Michigan,10,34,52.5,51.5,8,7.5,7.5,8.0,False,235,-285,sportsbookreviewsonline.com,2026-08-31T17:40:25.259129+00:00,https://www.sportsbookreviewsonline.com/scoresoddsarchives/ncaa-football-2014-15,1.3
2014,1101,Virginia,GeorgiaTech,10,35,55.5,53.5,4.5,4,4.0,4.5,False,165,-190,sportsbookreviewsonline.com,2026-08-31T17:40:25.259129+00:00,https://www.sportsbookreviewsonline.com/scoresoddsarchives/ncaa-football-2014-15,1.3
2014,1101,ArkansasState,Idaho,44,28,15,16,60.5,65.5,16.0,15.0,False,-665,515,sportsbookreviewsonline.com,2026-08-31T17:40:25.259129+00:00,https://www.sportsbookreviewsonline.com/scoresoddsarchives/ncaa-football-2014-15,1.3
2014,1101,SouthAlabama,ULLafayette,9,19,53.5,57,5.5,7,7.0,5.5,False,240,-290,sportsbookreviewsonline.com,2026-08-31T17:40:25.259129+00:00,https://www.sportsbookreviewsonline.com/scoresoddsarchives/ncaa-football-2014-15,1.3
2014,1101,OldDominion,Vanderbilt,28,42,62.5,60,10,7,7.0,10.0,False,230,-280,sportsbookreviewsonline.com,2026-08-31T17:40:25.259129+00:00,https://www.sportsbookreviewsonline.com/scoresoddsarchives/ncaa-football-2014-15,1.3
2014,1101,Rice,FloridaIntl,31,17,7.5,6.5,51.5,45,6.5,7.5,False,-240,200,sportsbookreviewsonline.com,2026-08-31T17:40:25.259129+00:00,https://www.sportsbookreviewsonline.com/scoresoddsarchives/ncaa-football-2014-15,1.3
2014,1101,WashingtonU,Colorado,38,23,6,3,61.5,54.5,3.0,6.0,False,-140,120,sportsbookreviewsonline.com,2026-08-31T17:40:25.259129+00:00,https://www.sportsbookreviewsonline.com/scoresoddsarchives/ncaa-football-2014-15,1.3
2014,1101,California,OregonState,45,31,68.5,63.5,4,4,4.0,4.0,False,155,-175,sportsbookreviewsonline.com,2026-08-31T17:40:25.259129+00:00,https://www.sportsbookreviewsonline.com/scoresoddsarchives/ncaa-football-2014-15,1.3
2014,1101,ArizonaU,UCLA,7,17,69,70.5,4.5,6.5,6.5,4.5,False,215,-265,sportsbookreviewsonline.com,2026-08-31T17:40:25.259129+00:00,https://www.sportsbookreviewsonline.com/scoresoddsarchives/ncaa-football-2014-15,1.3
2014,1101,ColoradoState,SanJoseState,38,31,7,6,53.5,57.5,6.0,7.0,False,-230,195,sportsbookreviewsonline.com,2026-08-31T17:40:25.259129+00:00,https://www.sportsbookreviewsonline.com/scoresoddsarchives/ncaa-football-2014-15,1.3
2014,1101,Utah,ArizonaState,16,19,58,56,4.5,6.5,6.5,4.5,False,200,-240,sportsbookreviewsonline.com,2026-08-31T17:40:25.259129+00:00,https://www.sportsbookreviewsonline.com/scoresoddsarchives/ncaa-football-2014-15,1.3
2014,1101,TCU,WestVirginia,31,30,5,3.5,71.5,69.5,3.5,5.0,False,-160,140,sportsbookreviewsonline.com,2026-08-31T17:40:25.259129+00:00,https://www.sportsbookreviewsonline.com/scoresoddsarchives/ncaa-football-2014-15,1.3
2014,1101,HoustonU,SouthFlorida,27,3,10,8.5,46.5,45,8.5,10.0,False,-325,265,sportsbookreviewsonline.com,2026-08-31T17:40:25.259129+00:00,https://www.sportsbookreviewsonline.com/scoresoddsarchives/ncaa-football-2014-15,1.3
2014,1101,UAB,FloridaAtlantic,31,28,58,57.5,4.5,3,3.0,4.5,False,150,-170,sportsbookreviewsonline.com,2026-08-31T17:40:25.259129+00:00,https://www.sportsbookreviewsonline.com/scoresoddsarchives/ncaa-football-2014-15,1.3
2014,1101,SouthernMiss,UTEP,14,35,59,55.5,5,7.5,7.5,5.0,False,255,-315,sportsbookreviewsonline.com,2026-08-31T17:40:25.259129+00:00,https://www.sportsbookreviewsonline.com/scoresoddsarchives/ncaa-football-2014-15,1.3
2014,1101,NewMexico,UNLV,31,28,54.5,61.5,pk,1,1.0,0.0,False,100,-120,sportsbookreviewsonline.com,2026-08-31T17:40:25.259129+00:00,https://www.sportsbookreviewsonline.com/scoresoddsarchives/ncaa-football-2014-15,1.3
2014,1101,TexasState,NewMexicoState,37,29,8.5,7,58.5,62.5,7.0,8.5,False,-280,230,sportsbookreviewsonline.com,2026-08-31T17:40:25.259129+00:00,https://www.sportsbookreviewsonline.com/scoresoddsarchives/ncaa-football-2014-15,1.3
2014,1101,Illinois,OhioState,14,55,65,62,28.5,28,28.0,28.5,False,2875,-4625,sportsbookreviewsonline.com,2026-08-31T17:40:25.259129+00:00,https://www.sportsbookreviewsonline.com/scoresoddsarchives/ncaa-football-2014-15,1.3
2014,1101,Wyoming,FresnoState,45,17,60,57.5,10.5,16,16.0,10.5,False,490,-640,sportsbookreviewsonline.com,2026-08-31T17:40:25.259129+00:00,https://www.sportsbookreviewsonline.com/scoresoddsarchives/ncaa-football-2014-15,1.3
2014,1101,SanDiegoState,Nevada,14,30,51,48.5,5,2.5,2.5,5.0,False,115,-135,sportsbookreviewsonline.com,2026-08-31T17:40:25.259129+00:00,https://www.sportsbookreviewsonline.com/scoresoddsarchives/ncaa-football-2014-15,1.3
2014,1101,UtahState,Hawaii,35,14,2,3,43.5,41.5,3.0,2.0,False,-160,140,sportsbookreviewsonline.com,2026-08-31T17:40:25.259129+00:00,https://www.sportsbookreviewsonline.com/scoresoddsarchives/ncaa-football-2014-15,1.3
2014,1104,BowlingGreen,Akron,27,10,56,59.5,5,3.5,3.5,5.0,False,145,-170,sportsbookreviewsonline.com,2026-08-31T17:40:25.259129+00:00,https://www.sportsbookreviewsonline.com/scoresoddsarchives/ncaa-football-2014-15,1.3
2014,1104,Toledo,KentState,30,20,12.5,13,55,57.5,13.0,12.5,False,-515,395,sportsbookreviewsonline.com,2026-08-31T17:40:25.259129+00:00,https://www.sportsbookreviewsonline.com/scoresoddsarchives/ncaa-football-2014-15,1.3
2014,1105,BuffaloU,Ohio,14,37,55.5,56.5,3,4,4.0,3.0,False,160,-185,sportsbookreviewsonline.com,2026-08-31T17:40:25.259129+00:00,https://www.sportsbookreviewsonline.com/scoresoddsarchives/ncaa-football-2014-15,1.3
2014,1105,NoIllinois,BallState,35,21,3,3,60,62.5,3.0,3.0,False,-150,130,sportsbookreviewsonline.com,2026-08-31T17:40:25.259129+00:00,https://www.sportsbookreviewsonline.com/scoresoddsarchives/ncaa-football-2014-15,1.3
2014,1106,Clemson,WakeForest,34,20,22,21,44,42.5,21.0,22.0,False,-1300,800,sportsbookreviewsonline.com,2026-08-31T17:40:25.259129+00:00,https://www.sportsbookreviewsonline.com/scoresoddsarchives/ncaa-football-2014-15,1.3
2014,1107,Memphis,Temple,16,13,6.5,7.5,53.5,48,7.5,6.5,False,-310,255,sportsbookreviewsonline.com,2026-08-31T17:40:25.259129+00:00,https://www.sportsbookreviewsonline.com/scoresoddsarchives/ncaa-football-2014-15,1.3
2014,1107,UtahState,Wyoming,20,3,6.5,7.5,49.5,48,7.5,6.5,False,-290,240,sportsbookreviewsonline.com,2026-08-31T17:40:25.259129+00:00,https://www.sportsbookreviewsonline.com/scoresoddsarchives/ncaa-football-2014-15,1.3
2014,1108,PennState,Indiana,13,7,5,6,47,44.5,6.0,5.0,False,-245,205,sportsbookreviewsonline.com,2026-08-31T17:40:25.259129+00:00,https://www.sportsbookreviewsonline.com/scoresoddsarchives/ncaa-football-2014-15,1.3
2014,1108,Georgia,Kentucky,63,31,11,10,58,58,10.0,11.0,False,-385,305,sportsbookreviewsonline.com,2026-08-31T17:40:25.259129+00:00,https://www.sportsbookreviewsonline.com/scoresoddsarchives/ncaa-football-2014-15,1.3
2014,1108,LouisianaTech,UAB,40,24,4.5,5.5,64,53.5,5.5,4.5,False,-215,185,sportsbookreviewsonline.com,2026-08-31T17:40:25.259129+00:00,https://www.sportsbookreviewsonline.com/scoresoddsarchives/ncaa-football-2014-15,1.3
2014,1108,Iowa,MinnesotaU,14,51,2.5,1.5,47,43,1.5,2.5,False,-125,105,sportsbookreviewsonline.com,2026-08-31T17:40:25.259129+00:00,https://www.sportsbookreviewsonline.com/scoresoddsarchives/ncaa-football-2014-15,1.3
2014,1108,Michigan,Northwestern,10,9,41,1.5,pk,41.5,1.5,0.0,False,-130,110,sportsbookreviewsonline.com,2026-08-31T17:40:25.259129+00:00,https://www.sportsbookreviewsonline.com/scoresoddsarchives/ncaa-football-2014-15,1.3
2014,1108,GeorgiaTech,NCState,56,23,5,3,61,62.5,3.0,5.0,False,-155,135,sportsbookreviewsonline.com,2026-08-31T17:40:25.259129+00:00,https://www.sportsbookreviewsonline.com/scoresoddsarchives/ncaa-football-2014-15,1.3
2014,1108,Wisconsin,Purdue,34,16,17,16.5,55,52,16.5,17.0,False,-850,600,sportsbookreviewsonline.com,2026-08-31T17:40:25.259129+00:00,https://www.sportsbookreviewsonline.com/scoresoddsarchives/ncaa-football-2014-15,1.3
2014,1108,ULMonroe,AppalachianSt,29,31,54.5,51.5,2.5,3.5,3.5,2.5,False,165,-190,sportsbookreviewsonline.com,2026-08-31T17:40:25.259129+00:00,https://www.sportsbookreviewsonline.com/scoresoddsarchives/ncaa-football-2014-15,1.3
2014,1108,Duke,Syracuse,27,10,4,4,48,52.5,4.0,4.0,False,-190,165,sportsbookreviewsonline.com,2026-08-31T17:40:25.259129+00:00,https://www.sportsbookreviewsonline.com/scoresoddsarchives/ncaa-football-2014-15,1.3
2014,1108,Florida,Vanderbilt,34,10,15,14.5,47.5,43.5,14.5,15.0,False,-605,455,sportsbookreviewsonline.com,2026-08-31T17:40:25.259129+00:00,https://www.sportsbookreviewsonline.com/scoresoddsarchives/ncaa-football-2014-15,1.3
2014,1108,Louisville,BostonCollege,38,19,3,3,45.5,45.5,3.0,3.0,False,-145,125,sportsbookreviewsonline.com,2026-08-31T17:40:25.259129+00:00,https://www.sportsbookreviewsonline.com/scoresoddsarchives/ncaa-football-2014-15,1.3
2014,1108,IowaState,Kansas,14,34,5.5,2,55.5,52,2.0,5.5,False,-130,110,sportsbookreviewsonline.com,2026-08-31T17:40:25.259129+00:00,https://www.sportsbookreviewsonline.com/scoresoddsarchives/ncaa-football-2014-15,1.3
2014,1108,SouthAlabama,ArkansasState,10,45,51,52.5,9,11,11.0,9.0,False,325,-405,sportsbookreviewsonline.com,2026-08-31T17:40:25.259129+00:00,https://www.sportsbookreviewsonline.com/scoresoddsarchives/ncaa-football-2014-15,1.3
2014,1108,Tulane,HoustonU,31,24,44.5,46,17,17,17.0,17.0,False,590,-790,sportsbookreviewsonline.com,2026-08-31T17:40:25.259129+00:00,https://www.sportsbookreviewsonline.com/scoresoddsarchives/ncaa-football-2014-15,1.3
2014,1108,GeorgiaState,Troy,21,45,63.5,64.5,7,7,7.0,7.0,False,210,-260,sportsbookreviewsonline.com,2026-08-31T17:40:25.259129+00:00,https://www.sportsbookreviewsonline.com/scoresoddsarchives/ncaa-football-2014-15,1.3
2014,1108,TexSanAntonio,Rice,7,17,49.5,42.5,11,7.5,7.5,11.0,False,260,-320,sportsbookreviewsonline.com,2026-08-31T17:40:25.259129+00:00,https://www.sportsbookreviewsonline.com/scoresoddsarchives/ncaa-football-2014-15,1.3
2014,1108,FloridaIntl,OldDominion,35,38,60.5,60.5,3,5,5.0,3.0,False,180,-210,sportsbookreviewsonline.com,2026-08-31T17:40:25.259129+00:00,https://www.sportsbookreviewsonline.com/scoresoddsarchives/ncaa-football-2014-15,1.3
2014,1108,WestVirginia,Texas,16,33,4,3,53.5,51,3.0,4.0,False,-140,120,sportsbookreviewsonline.com,2026-08-31T17:40:25.259129+00:00,https://www.sportsbookreviewsonline.com/scoresoddsarchives/ncaa-football-2014-15,1.3
2014,1108,UCLA,WashingtonU,44,30,4.5,5,56.5,53.5,5.0,4.5,False,-215,185,sportsbookreviewsonline.com,2026-08-31T17:40:25.259129+00:00,https://www.sportsbookreviewsonline.com/scoresoddsarchives/ncaa-football-2014-15,1.3
2014,1108,SMU,Tulsa,28,38,56,57,11,14,14.0,11.0,False,455,-580,sportsbookreviewsonline.com,2026-08-31T17:40:25.259129+00:00,https://www.sportsbookreviewsonline.com/scoresoddsarchives/ncaa-football-2014-15,1.3
2014,1108,Connecticut,Army,21,35,3.5,4.5,48.5,48,4.5,3.5,False,-205,175,sportsbookreviewsonline.com,2026-08-31T17:40:25.259129+00:00,https://www.sportsbookreviewsonline.com/scoresoddsarchives/ncaa-football-2014-15,1.3
2014,1108,TexasA&M,Auburn,41,38,64.5,68.5,20,23.5,23.5,20.0,False,1150,-1950,sportsbookreviewsonline.com,2026-08-31T17:40:25.259129+00:00,https://www.sportsbookreviewsonline.com/scoresoddsarchives/ncaa-football-2014-15,1.3
2014,1108,Alabama,LSU,20,13,6,7,47,46.5,7.0,6.0,False,-285,235,sportsbookreviewsonline.com,2026-08-31T17:40:25.259129+00:00,https://www.sportsbookreviewsonline.com/scoresoddsarchives/ncaa-football-2014-15,1.3
2014,1108,Baylor,Oklahoma,48,14,73.5,68,4,5.5,5.5,4.0,False,190,-225,sportsbookreviewsonline.com,2026-08-31T17:40:25.259129+00:00,https://www.sportsbookreviewsonline.com/scoresoddsarchives/ncaa-football-2014-15,1.3
2014,1108,Virginia,FloridaState,20,34,55.5,55,19.5,21,21.0,19.5,False,850,-1200,sportsbookreviewsonline.com,2026-08-31T17:40:25.259129+00:00,https://www.sportsbookreviewsonline.com/scoresoddsarchives/ncaa-football-2014-15,1.3
2014,1108,UTEP,WesternKentucky,27,35,72.5,69,7.5,9.5,9.5,7.5,False,280,-350,sportsbookreviewsonline.com,2026-08-31T17:40:25.259129+00:00,https://www.sportsbookreviewsonline.com/scoresoddsarchives/ncaa-football-2014-15,1.3
2014,1108,WashingtonState,OregonState,39,32,63.5,59.5,7.5,8.5,8.5,7.5,False,275,-345,sportsbookreviewsonline.com,2026-08-31T17:40:25.259129+00:00,https://www.sportsbookreviewsonline.com/scoresoddsarchives/ncaa-football-2014-15,1.3
2014,1108,AirForce,UNLV,48,21,6.5,4.5,54.5,57,4.5,6.5,False,-200,170,sportsbookreviewsonline.com,2026-08-31T17:40:25.259129+00:00,https://www.sportsbookreviewsonline.com/scoresoddsarchives/ncaa-football-2014-15,1.3
2014,1108,Idaho,SanDiegoState,21,35,54,57.5,21,21,21.0,21.0,False,795,-1095,sportsbookreviewsonline.com,2026-08-31T17:40:25.259129+00:00,https://www.sportsbookreviewsonline.com/scoresoddsarchives/ncaa-football-2014-15,1.3
2014,1108,Marshall,SouthernMiss,63,17,24.5,26.5,62.5,63.5,26.5,24.5,False,NL,NL,sportsbookreviewsonline.com,2026-08-31T17:40:25.259129+00:00,https://www.sportsbookreviewsonline.com/scoresoddsarchives/ncaa-football-2014-15,1.3
2014,1108,FloridaAtlantic,NorthTexas,10,31,4,2.5,58.5,54.5,2.5,4.0,False,-140,120,sportsbookreviewsonline.com,2026-08-31T17:40:25.259129+00:00,https://www.sportsbookreviewsonline.com/scoresoddsarchives/ncaa-football-2014-15,1.3
2014,1108,GeorgiaSouthern,TexasState,28,25,10,12,62.5,60.5,12.0,10.0,False,-470,370,sportsbookreviewsonline.com,2026-08-31T17:40:25.259129+00:00,https://www.sportsbookreviewsonline.com/scoresoddsarchives/ncaa-football-2014-15,1.3
2014,1108,Colorado,ArizonaU,20,38,68.5,69.5,16,18.5,18.5,16.0,False,655,-905,sportsbookreviewsonline.com,2026-08-31T17:40:25.259129+00:00,https://www.sportsbookreviewsonline.com/scoresoddsarchives/ncaa-football-2014-15,1.3
2014,1108,BoiseState,NewMexico,60,49,17,18,63.5,60,18.0,17.0,False,-955,705,sportsbookreviewsonline.com,2026-08-31T17:40:25.259129+00:00,https://www.sportsbookreviewsonline.com/scoresoddsarchives/ncaa-football-2014-15,1.3
2014,1108,Hawaii,ColoradoState,22,49,54.5,57.5,16.5,21,21.0,16.5,False,800,-1100,sportsbookreviewsonline.com,2026-08-31T17:40:25.259129+00:00,https://www.sportsbookreviewsonline.com/scoresoddsarchives/ncaa-football-2014-15,1.3
2014,1108,OhioState,MichiganState,49,37,63.5,55.5,2,4.5,4.5,2.0,False,170,-195,sportsbookreviewsonline.com,2026-08-31T17:40:25.259129+00:00,https://www.sportsbookreviewsonline.com/scoresoddsarchives/ncaa-football-2014-15,1.3
2014,1108,ULLafayette,NewMexicoState,44,16,16.5,17,62.5,67,17.0,16.5,False,-745,570,sportsbookreviewsonline.com,2026-08-31T17:40:25.259129+00:00,https://www.sportsbookreviewsonline.com/scoresoddsarchives/ncaa-football-2014-15,1.3
2014,1108,NotreDame,ArizonaState,31,55,54.5,61,2,3,3.0,2.0,False,135,-155,sportsbookreviewsonline.com,2026-08-31T17:40:25.259129+00:00,https://www.sportsbookreviewsonline.com/scoresoddsarchives/ncaa-football-2014-15,1.3
2014,1108,Oregon,Utah,51,27,9.5,10,62.5,62,10.0,9.5,False,-355,285,sportsbookreviewsonline.com,2026-08-31T17:40:25.259129+00:00,https://www.sportsbookreviewsonline.com/scoresoddsarchives/ncaa-football-2014-15,1.3
2014,1108,KansasState,TCU,20,41,60.5,58.5,6,6.5,6.5,6.0,False,220,-270,sportsbookreviewsonline.com,2026-08-31T17:40:25.259129+00:00,https://www.sportsbookreviewsonline.com/scoresoddsarchives/ncaa-football-2014-15,1.3
2014,1108,SanJoseState,FresnoState,24,38,60.5,1,3.5,57.5,1.0,3.5,False,-120,100,sportsbookreviewsonline.com,2026-08-31T17:40:25.259129+00:00,https://www.sportsbookreviewsonline.com/scoresoddsarchives/ncaa-football-2014-15,1.3
2014,1108,Presbyterian,Mississippi,0,48,NL,NL,49,52,,,False,NL,NL,sportsbookreviewsonline.com,2026-08-31T17:40:25.259129+00:00,https://www.sportsbookreviewsonline.com/scoresoddsarchives/ncaa-football-2014-15,1.3
2014,1108,TennesseeMartin,MississippiSt,16,45,NL,NL,42,45,,,False,NL,NL,sportsbookreviewsonline.com,2026-08-31T17:40:25.259129+00:00,https://www.sportsbookreviewsonline.com/scoresoddsarchives/ncaa-football-2014-15,1.3
2014,1111,Akron,BuffaloU,24,55,3.5,3.5,51.5,51,3.5,3.5,False,-170,145,sportsbookreviewsonline.com,2026-08-31T17:40:25.259129+00:00,https://www.sportsbookreviewsonline.com/scoresoddsarchives/ncaa-football-2014-15,1.3
2014,1111,Toledo,NoIllinois,24,27,66.5,61.5,2.5,3.5,3.5,2.5,False,145,-170,sportsbookreviewsonline.com,2026-08-31T17:40:25.259129+00:00,https://www.sportsbookreviewsonline.com/scoresoddsarchives/ncaa-football-2014-15,1.3
2014,1112,BallState,Massachusetts,10,24,62.5,65,3,3.5,3.5,3.0,False,145,-170,sportsbookreviewsonline.com,2026-08-31T17:40:25.259129+00:00,https://www.sportsbookreviewsonline.com/scoresoddsarchives/ncaa-football-2014-15,1.3
2014,1112,KentState,BowlingGreen,20,30,55,54.5,13,14,14.0,13.0,False,430,-550,sportsbookreviewsonline.com,2026-08-31T17:40:25.259129+00:00,https://www.sportsbookreviewsonline.com/scoresoddsarchives/ncaa-football-2014-15,1.3
2014,1113,EastCarolina,CincinnatiU,46,54,1,1,67,71.5,1.0,1.0,False,-120,100,sportsbookreviewsonline.com,2026-08-31T17:40:25.259129+00:00,https://www.sportsbookreviewsonline.com/scoresoddsarchives/ncaa-football-2014-15,1.3
2014,1113,SouthernMiss,TexSanAntonio,10,12,47,47,11.5,6.5,6.5,11.5,False,216,-261,sportsbookreviewsonline.com,2026-08-31T17:40:25.259129+00:00,https://www.sportsbookreviewsonline.com/scoresoddsarchives/ncaa-football-2014-15,1.3
2014,1113,California,USC,30,38,72,72,14.5,14,14.0,14.5,False,437,-578,sportsbookreviewsonline.com,2026-08-31T17:40:25.259129+00:00,https://www.sportsbookreviewsonline.com/scoresoddsarchives/ncaa-football-2014-15,1.3
2014,1114,Tulsa,CentralFlorida,7,31,54.5,54.5,18,19.5,19.5,18.0,False,750,-1100,sportsbookreviewsonline.com,2026-08-31T17:40:25.259129+00:00,https://www.sportsbookreviewsonline.com/scoresoddsarchives/ncaa-football-2014-15,1.3
2014,1115,PittsburghU,NorthCarolina,35,40,69,67.5,2,2.5,2.5,2.0,False,120,-140,sportsbookreviewsonline.com,2026-08-31T17:40:25.259129+00:00,https://www.sportsbookreviewsonline.com/scoresoddsarchives/ncaa-football-2014-15,1.3
2014,1115,WakeForest,NCState,13,42,47,44.5,12.5,15,15.0,12.5,False,500,-650,sportsbookreviewsonline.com,2026-08-31T17:40:25.259129+00:00,https://www.sportsbookreviewsonline.com/scoresoddsarchives/ncaa-football-2014-15,1.3
2014,1115,Temple,PennState,13,30,40,40,10,11,11.0,10.0,False,360,-450,sportsbookreviewsonline.com,2026-08-31T17:40:25.259129+00:00,https://www.sportsbookreviewsonline.com/scoresoddsarchives/ncaa-football-2014-15,1.3
2014,1115,OhioState,MinnesotaU,31,24,12.5,11.5,59.5,56.5,11.5,12.5,False,-525,400,sportsbookreviewsonline.com,2026-08-31T17:40:25.259129+00:00,https://www.sportsbookreviewsonline.com/scoresoddsarchives/ncaa-football-2014-15,1.3
2014,1115,Iowa,Illinois,30,14,5.5,5.5,57,54,5.5,5.5,False,-210,180,sportsbookreviewsonline.com,2026-08-31T17:40:25.259129+00:00,https://www.sportsbookreviewsonline.com/scoresoddsarchives/ncaa-football-2014-15,1.3
2014,1115,Army,WesternKentucky,24,52,69.5,71.5,10,7,7.0,10.0,False,240,-300,sportsbookreviewsonline.com,2026-08-31T17:40:25.259129+00:00,https://www.sportsbookreviewsonline.com/scoresoddsarchives/ncaa-football-2014-15,1.3
2014,1115,EasternMichigan,WesternMichigan,7,51,57.5,56,27,27.5,27.5,27.0,False,3310,-5690,sportsbookreviewsonline.com,2026-08-31T17:40:25.259129+00:00,https://www.sportsbookreviewsonline.com/scoresoddsarchives/ncaa-football-2014-15,1.3
2014,1115,Nebraska,Wisconsin,24,59,55.5,55.5,6,5.5,5.5,6.0,False,185,-215,sportsbookreviewsonline.com,2026-08-31T17:40:25.259129+00:00,https://www.sportsbookreviewsonline.com/scoresoddsarchives/ncaa-football-2014-15,1.3
2014,1115,Kentucky,TennesseeU,16,50,53.5,53,7.5,11,11.0,7.5,False,350,-440,sportsbookreviewsonline.com,2026-08-31T17:40:25.259129+00:00,https://www.sportsbookreviewsonline.com/scoresoddsarchives/ncaa-football-2014-15,1.3
2014,1115,Indiana,Rutgers,23,45,56,53,6.5,9,9.0,6.5,False,275,-345,sportsbookreviewsonline.com,2026-08-31T17:40:25.259129+00:00,https://www.sportsbookreviewsonline.com/scoresoddsarchives/ncaa-football-2014-15,1.3
2014,1115,Clemson,GeorgiaTech,6,28,1,1.5,58.5,57,1.5,1.0,False,-125,105,sportsbookreviewsonline.com,2026-08-31T17:40:25.259129+00:00,https://www.sportsbookreviewsonline.com/scoresoddsarchives/ncaa-football-2014-15,1.3
2014,1115,VirginiaTech,Duke,17,16,47,47.5,6.5,3.5,3.5,6.5,False,150,-170,sportsbookreviewsonline.com,2026-08-31T17:40:25.259129+00:00,https://www.sportsbookreviewsonline.com/scoresoddsarchives/ncaa-football-2014-15,1.3
2014,1115,Nevada,AirForce,38,45,1,53,56,3,3.0,1.0,False,135,-155,sportsbookreviewsonline.com,2026-08-31T17:40:25.259129+00:00,https://www.sportsbookreviewsonline.com/scoresoddsarchives/ncaa-football-2014-15,1.3
2014,1115,SouthFlorida,SMU,14,13,10.5,9.5,48,49,9.5,10.5,False,-360,290,sportsbookreviewsonline.com,2026-08-31T17:40:25.259129+00:00,https://www.sportsbookreviewsonline.com/scoresoddsarchives/ncaa-football-2014-15,1.3
2014,1115,TexasState,SouthAlabama,20,24,52.5,50.5,4,5.5,5.5,4.0,False,200,-235,sportsbookreviewsonline.com,2026-08-31T17:40:25.259129+00:00,https://www.sportsbookreviewsonline.com/scoresoddsarchives/ncaa-football-2014-15,1.3
2014,1115,TCU,Kansas,34,30,28,28,60,55,28.0,28.0,False,-6400,3600,sportsbookreviewsonline.com,2026-08-31T17:40:25.259129+00:00,https://www.sportsbookreviewsonline.com/scoresoddsarchives/ncaa-football-2014-15,1.3
2014,1115,AppalachianSt,ArkansasState,37,32,62.5,62,14,15.5,15.5,14.0,False,490,-640,sportsbookreviewsonline.com,2026-08-31T17:40:25.259129+00:00,https://www.sportsbookreviewsonline.com/scoresoddsarchives/ncaa-football-2014-15,1.3
2014,1115,UNLV,BYU,23,42,63,63,23.5,26.5,26.5,23.5,False,2012,-3238,sportsbookreviewsonline.com,2026-08-31T17:40:25.259129+00:00,https://www.sportsbookreviewsonline.com/scoresoddsarchives/ncaa-football-2014-15,1.3
2014,1115,Utah,Stanford,20,17,46.5,41,8,10,10.0,8.0,False,320,-400,sportsbookreviewsonline.com,2026-08-31T17:40:25.259129+00:00,https://www.sportsbookreviewsonline.com/scoresoddsarchives/ncaa-football-2014-15,1.3
2014,1115,NewMexico,UtahState,21,28,55.5,53,16,20,20.0,16.0,False,780,-1080,sportsbookreviewsonline.com,2026-08-31T17:40:25.259129+00:00,https://www.sportsbookreviewsonline.com/scoresoddsarchives/ncaa-football-2014-15,1.3
2014,1115,SanDiegoState,BoiseState,29,38,56.5,56.5,14,14,14.0,14.0,False,415,-540,sportsbookreviewsonline.com,2026-08-31T17:40:25.259129+00:00,https://www.sportsbookreviewsonline.com/scoresoddsarchives/ncaa-football-2014-15,1.3
2014,1115,Oklahoma,TexasTech,42,30,12,14,62.5,65,14.0,12.0,False,-540,415,sportsbookreviewsonline.com,2026-08-31T17:40:25.259129+00:00,https://www.sportsbookreviewsonline.com/scoresoddsarchives/ncaa-football-2014-15,1.3
2014,1115,LSU,Arkansas,0,17,50,45,1,1,1.0,1.0,False,105,-125,sportsbookreviewsonline.com,2026-08-31T17:40:25.259129+00:00,https://www.sportsbookreviewsonline.com/scoresoddsarchives/ncaa-football-2014-15,1.3
2014,1115,WashingtonU,ArizonaU,26,27,61.5,59.5,9,8,8.0,9.0,False,260,-320,sportsbookreviewsonline.com,2026-08-31T17:40:25.259129+00:00,https://www.sportsbookreviewsonline.com/scoresoddsarchives/ncaa-football-2014-15,1.3
2014,1115,Auburn,Georgia,7,34,67.5,71,2,3,3.0,2.0,False,120,-140,sportsbookreviewsonline.com,2026-08-31T17:40:25.259129+00:00,https://www.sportsbookreviewsonline.com/scoresoddsarchives/ncaa-football-2014-15,1.3
2014,1115,SouthCarolina,Florida,23,20,57,57,5,6.5,6.5,5.0,False,200,-240,sportsbookreviewsonline.com,2026-08-31T17:40:25.259129+00:00,https://www.sportsbookreviewsonline.com/scoresoddsarchives/ncaa-football-2014-15,1.3
2014,1115,FloridaState,MiamiFlorida,30,26,2.5,2.5,61.5,62,2.5,2.5,False,-130,110,sportsbookreviewsonline.com,2026-08-31T17:40:25.259129+00:00,https://www.sportsbookreviewsonline.com/scoresoddsarchives/ncaa-football-2014-15,1.3
2014,1115,GeorgiaSouthern,Navy,19,52,65.5,60,3.5,3,3.0,3.5,False,120,-140,sportsbookreviewsonline.com,2026-08-31T17:40:25.259129+00:00,https://www.sportsbookreviewsonline.com/scoresoddsarchives/ncaa-football-2014-15,1.3
2014,1115,Rice,Marshall,14,41,63.5,66,19.5,21,21.0,19.5,False,755,-1055,sportsbookreviewsonline.com,2026-08-31T17:40:25.259129+00:00,https://www.sportsbookreviewsonline.com/scoresoddsarchives/ncaa-football-2014-15,1.3
2014,1115,Northwestern,NotreDame,43,40,49,54,16,17,17.0,16.0,False,620,-870,sportsbookreviewsonline.com,2026-08-31T17:40:25.259129+00:00,https://www.sportsbookreviewsonline.com/scoresoddsarchives/ncaa-football-2014-15,1.3
2014,1115,MiamiOhio,CentralMichigan,27,34,48.5,54,14.5,18.5,18.5,14.5,False,680,-930,sportsbookreviewsonline.com,2026-08-31T17:40:25.259129+00:00,https://www.sportsbookreviewsonline.com/scoresoddsarchives/ncaa-football-2014-15,1.3
2014,1115,MiddleTennSt,FloridaIntl,28,38,3.5,5,53,49.5,5.0,3.5,False,-195,170,sportsbookreviewsonline.com,2026-08-31T17:40:25.259129+00:00,https://www.sportsbookreviewsonline.com/scoresoddsarchives/ncaa-football-2014-15,1.3
2014,1115,Hawaii,SanJoseState,13,0,54.5,53.5,9.5,10,10.0,9.5,False,325,-405,sportsbookreviewsonline.com,2026-08-31T17:40:25.259129+00:00,https://www.sportsbookreviewsonline.com/scoresoddsarchives/ncaa-football-2014-15,1.3
2014,1115,Troy,Idaho,34,17,63.5,64,4,5,5.0,4.0,False,190,-225,sportsbookreviewsonline.com,2026-08-31T17:40:25.259129+00:00,https://www.sportsbookreviewsonline.com/scoresoddsarchives/ncaa-football-2014-15,1.3
2014,1115,Missouri,TexasA&M,34,27,58,55.5,5.5,3.5,3.5,5.5,False,155,-175,sportsbookreviewsonline.com,2026-08-31T17:40:25.259129+00:00,https://www.sportsbookreviewsonline.com/scoresoddsarchives/ncaa-football-2014-15,1.3
2014,1115,Memphis,Tulane,38,7,10.5,8.5,48,49,8.5,10.5,False,-310,250,sportsbookreviewsonline.com,2026-08-31T17:40:25.259129+00:00,https://www.sportsbookreviewsonline.com/scoresoddsarchives/ncaa-football-2014-15,1.3
2014,1115,ULLafayette,ULMonroe,34,27,7,6.5,53,51.5,6.5,7.0,False,-270,220,sportsbookreviewsonline.com,2026-08-31T17:40:25.259129+00:00,https://www.sportsbookreviewsonline.com/scoresoddsarchives/ncaa-football-2014-15,1.3
2014,1115,ArizonaState,OregonState,27,35,9,7,61.5,63.5,7.0,9.0,False,-290,240,sportsbookreviewsonline.com,2026-08-31T17:40:25.259129+00:00,https://www.sportsbookreviewsonline.com/scoresoddsarchives/ncaa-football-2014-15,1.3
2014,1115,MississippiSt,Alabama,20,25,52,55,7,9,9.0,7.0,False,300,-370,sportsbookreviewsonline.com,2026-08-31T17:40:25.259129+00:00,https://www.sportsbookreviewsonline.com/scoresoddsarchives/ncaa-football-2014-15,1.3
2014,1115,Texas,OklahomaState,28,7,1,1.5,51,46.5,1.5,1.0,False,-120,100,sportsbookreviewsonline.com,2026-08-31T17:40:25.259129+00:00,https://www.sportsbookreviewsonline.com/scoresoddsarchives/ncaa-football-2014-15,1.3
2014,1115,MichiganState,Maryland,37,15,11,10.5,61,58,10.5,11.0,False,-405,325,sportsbookreviewsonline.com,2026-08-31T17:40:25.259129+00:00,https://www.sportsbookreviewsonline.com/scoresoddsarchives/ncaa-football-2014-15,1.3
2014,1115,NorthTexas,UTEP,17,35,58.5,47.5,6.5,6.5,6.5,6.5,False,210,-260,sportsbookreviewsonline.com,2026-08-31T17:40:25.259129+00:00,https://www.sportsbookreviewsonline.com/scoresoddsarchives/ncaa-football-2014-15,1.3
2014,1118,Massachusetts,Akron,6,30,47.5,47,6,9,9.0,6.0,False,275,-345,sportsbookreviewsonline.com,2026-08-31T17:40:25.259129+00:00,https://www.sportsbookreviewsonline.com/scoresoddsarchives/ncaa-football-2014-15,1.3
2014,1118,NoIllinois,Ohio,21,14,4,52,51,pk,0.0,4.0,False,-115,-105,sportsbookreviewsonline.com,2026-08-31T17:40:25.259129+00:00,https://www.sportsbookreviewsonline.com/scoresoddsarchives/ncaa-football-2014-15,1.3
2014,1119,BowlingGreen,Toledo,20,27,57,59,6.5,7,7.0,6.5,False,220,-265,sportsbookreviewsonline.com,2026-08-31T17:40:25.259129+00:00,https://www.sportsbookreviewsonline.com/scoresoddsarchives/ncaa-football-2014-15,1.3
2014,1120,KansasState,WestVirginia,26,20,58,58.5,1,2.5,2.5,1.0,False,125,-145,sportsbookreviewsonline.com,2026-08-31T17:40:25.259129+00:00,https://www.sportsbookreviewsonline.com/scoresoddsarchives/ncaa-football-2014-15,1.3
2014,1120,NorthCarolina,Duke,45,20,66.5,67,6.5,5,5.0,6.5,False,180,-215,sportsbookreviewsonline.com,2026-08-31T17:40:25.259129+00:00,https://www.sportsbookreviewsonline.com/scoresoddsarchives/ncaa-football-2014-15,1.3
2014,1120,ArkansasState,TexasState,27,45,6.5,6.5,58,58,6.5,6.5,False,-260,215,sportsbookreviewsonline.com,2026-08-31T17:40:25.259129+00:00,https://www.sportsbookreviewsonline.com/scoresoddsarchives/ncaa-football-2014-15,1.3
2014,1121,UTEP,Rice,13,31,53.5,49,10,7.5,7.5,10.0,False,250,-310,sportsbookreviewsonline.com,2026-08-31T17:40:25.259129+00:00,https://www.sportsbookreviewsonline.com/scoresoddsarchives/ncaa-football-2014-15,1.3
2014,1121,AirForce,SanDiegoState,14,30,49.5,49,3,5.5,5.5,3.0,False,180,-220,sportsbookreviewsonline.com,2026-08-31T17:40:25.259129+00:00,https://www.sportsbookreviewsonline.com/scoresoddsarchives/ncaa-football-2014-15,1.3
2014,1121,SanJoseState,UtahState,7,41,46.5,46.5,11.5,14.5,14.5,11.5,False,445,-600,sportsbookreviewsonline.com,2026-08-31T17:40:25.259129+00:00,https://www.sportsbookreviewsonline.com/scoresoddsarchives/ncaa-football-2014-15,1.3
2014,1122,VirginiaTech,WakeForest,3,6,14,13.5,41.5,38,13.5,14.0,False,-530,405,sportsbookreviewsonline.com,2026-08-31T17:40:25.259129+00:00,https://www.sportsbookreviewsonline.com/scoresoddsarchives/ncaa-football-2014-15,1.3
2014,1122,MiamiFlorida,Virginia,13,30,7,4,52.5,45,4.0,7.0,False,-190,165,sportsbookreviewsonline.com,2026-08-31T17:40:25.259129+00:00,https://www.sportsbookreviewsonline.com/scoresoddsarchives/ncaa-football-2014-15,1.3
2014,1122,Missouri,TennesseeU,29,21,47.5,49,3,5.5,5.5,3.0,False,175,-205,sportsbookreviewsonline.com,2026-08-31T17:40:25.259129+00:00,https://www.sportsbookreviewsonline.com/scoresoddsarchives/ncaa-football-2014-15,1.3
2014,1122,SouthAlabama,SouthCarolina,12,37,56,57,25.5,24,24.0,25.5,False,1375,-2400,sportsbookreviewsonline.com,2026-08-31T17:40:25.259129+00:00,https://www.sportsbookreviewsonline.com/scoresoddsarchives/ncaa-football-2014-15,1.3
2014,1122,EasternMichigan,BallState,30,45,52.5,53.5,17,18,18.0,17.0,False,645,-895,sportsbookreviewsonline.com,2026-08-31T17:40:25.259129+00:00,https://www.sportsbookreviewsonline.com/scoresoddsarchives/ncaa-football-2014-15,1.3
2014,1122,Rutgers,MichiganState,3,45,59.5,57.5,22,24,24.0,22.0,False,1245,-1895,sportsbookreviewsonline.com,2026-08-31T17:40:25.259129+00:00,https://www.sportsbookreviewsonline.com/scoresoddsarchives/ncaa-football-2014-15,1.3
2014,1122,MinnesotaU,Nebraska,28,24,56.5,53,10.5,9,9.0,10.5,False,270,-330,sportsbookreviewsonline.com,2026-08-31T17:40:25.259129+00:00,https://www.sportsbookreviewsonline.com/scoresoddsarchives/ncaa-football-2014-15,1.3
2014,1122,Vanderbilt,MississippiSt,0,51,52.5,56,30,29.5,29.5,30.0,False,5000,-12500,sportsbookreviewsonline.com,2026-08-31T17:40:25.259129+00:00,https://www.sportsbookreviewsonline.com/scoresoddsarchives/ncaa-football-2014-15,1.3
2014,1122,Indiana,OhioState,27,42,65.5,67,33.5,36,36.0,33.5,False,8500,-23000,sportsbookreviewsonline.com,2026-08-31T17:40:25.259129+00:00,https://www.sportsbookreviewsonline.com/scoresoddsarchives/ncaa-football-2014-15,1.3
2014,1122,Maryland,Michigan,23,16,41.5,43.5,4,6,6.0,4.0,False,210,-250,sportsbookreviewsonline.com,2026-08-31T17:40:25.259129+00:00,https://www.sportsbookreviewsonline.com/scoresoddsarchives/ncaa-football-2014-15,1.3
2014,1122,Kansas,Oklahoma,7,44,56,55,25,26,26.0,25.0,False,1750,-3500,sportsbookreviewsonline.com,2026-08-31T17:40:25.259129+00:00,https://www.sportsbookreviewsonline.com/scoresoddsarchives/ncaa-football-2014-15,1.3
2014,1122,Syracuse,PittsburghU,7,30,48.5,51.5,7.5,7,7.0,7.5,False,245,-305,sportsbookreviewsonline.com,2026-08-31T17:40:25.259129+00:00,https://www.sportsbookreviewsonline.com/scoresoddsarchives/ncaa-football-2014-15,1.3
2014,1122,Northwestern,Purdue,38,14,3,51,50,pk,0.0,3.0,False,-108,-108,sportsbookreviewsonline.com,2026-08-31T17:40:25.259129+00:00,https://www.sportsbookreviewsonline.com/scoresoddsarchives/ncaa-football-2014-15,1.3
2014,1122,WesternMichigan,CentralMichigan,32,20,1,51.5,52.5,1,1.0,1.0,False,-108,-108,sportsbookreviewsonline.com,2026-08-31T17:40:25.259129+00:00,https://www.sportsbookreviewsonline.com/scoresoddsarchives/ncaa-football-2014-15,1.3
2014,1122,Tulane,EastCarolina,6,34,56.5,61.5,17,21,21.0,17.0,False,815,-1165,sportsbookreviewsonline.com,2026-08-31T17:40:25.259129+00:00,https://www.sportsbookreviewsonline.com/scoresoddsarchives/ncaa-football-2014-15,1.3
2014,1122,BostonCollege,FloridaState,17,20,54.5,57.5,20,16.5,16.5,20.0,False,575,-750,sportsbookreviewsonline.com,2026-08-31T17:40:25.259129+00:00,https://www.sportsbookreviewsonline.com/scoresoddsarchives/ncaa-football-2014-15,1.3
2014,1122,PennState,Illinois,14,16,6.5,5.5,45.5,44.5,5.5,6.5,False,-230,195,sportsbookreviewsonline.com,2026-08-31T17:40:25.259129+00:00,https://www.sportsbookreviewsonline.com/scoresoddsarchives/ncaa-football-2014-15,1.3
2014,1122,Wisconsin,Iowa,26,24,9.5,7.5,53,50,7.5,9.5,False,-320,260,sportsbookreviewsonline.com,2026-08-31T17:40:25.259129+00:00,https://www.sportsbookreviewsonline.com/scoresoddsarchives/ncaa-football-2014-15,1.3
2014,1122,Marshall,UAB,23,18,20,18,68,67.5,18.0,20.0,False,-935,685,sportsbookreviewsonline.com,2026-08-31T17:40:25.259129+00:00,https://www.sportsbookreviewsonline.com/scoresoddsarchives/ncaa-football-2014-15,1.3
2014,1122,LouisianaTech,OldDominion,27,30,13,13.5,69,65.5,13.5,13.0,False,-510,385,sportsbookreviewsonline.com,2026-08-31T17:40:25.259129+00:00,https://www.sportsbookreviewsonline.com/scoresoddsarchives/ncaa-football-2014-15,1.3
2014,1122,NewMexico,ColoradoState,20,58,62.5,65.5,21,20.5,20.5,21.0,False,965,-1365,sportsbookreviewsonline.com,2026-08-31T17:40:25.259129+00:00,https://www.sportsbookreviewsonline.com/scoresoddsarchives/ncaa-football-2014-15,1.3
2014,1122,TexSanAntonio,WesternKentucky,7,45,57.5,55.5,8,10,10.0,8.0,False,320,-400,sportsbookreviewsonline.com,2026-08-31T17:40:25.259129+00:00,https://www.sportsbookreviewsonline.com/scoresoddsarchives/ncaa-football-2014-15,1.3
2014,1122,BoiseState,Wyoming,63,14,14,14,58.5,51.5,14.0,14.0,False,-570,445,sportsbookreviewsonline.com,2026-08-31T17:40:25.259129+00:00,https://www.sportsbookreviewsonline.com/scoresoddsarchives/ncaa-football-2014-15,1.3
2014,1122,TexasTech,IowaState,34,31,69.5,72.5,1.5,pk,0.0,1.5,False,-105,-115,sportsbookreviewsonline.com,2026-08-31T17:40:25.259129+00:00,https://www.sportsbookreviewsonline.com/scoresoddsarchives/ncaa-football-2014-15,1.3
2014,1122,Mississippi,Arkansas,0,30,3,3,45.5,45.5,3.0,3.0,False,-150,130,sportsbookreviewsonline.com,2026-08-31T17:40:25.259129+00:00,https://www.sportsbookreviewsonline.com/scoresoddsarchives/ncaa-football-2014-15,1.3
2014,1122,OklahomaState,Baylor,28,49,67.5,67.5,26.5,32.5,32.5,26.5,False,6500,-16500,sportsbookreviewsonline.com,2026-08-31T17:40:25.259129+00:00,https://www.sportsbookreviewsonline.com/scoresoddsarchives/ncaa-football-2014-15,1.3
2014,1122,Tulsa,HoustonU,28,38,52.5,57,20,20,20.0,20.0,False,840,-1190,sportsbookreviewsonline.com,2026-08-31T17:40:25.259129+00:00,https://www.sportsbookreviewsonline.com/scoresoddsarchives/ncaa-football-2014-15,1.3
2014,1122,Colorado,Oregon,10,44,72.5,74,32.5,33,33.0,32.5,False,6000,-15000,sportsbookreviewsonline.com,2026-08-31T17:40:25.259129+00:00,https://www.sportsbookreviewsonline.com/scoresoddsarchives/ncaa-football-2014-15,1.3
2014,1122,Louisville,NotreDame,31,28,54.5,51.5,4.5,3,3.0,4.5,False,120,-140,sportsbookreviewsonline.com,2026-08-31T17:40:25.259129+00:00,https://www.sportsbookreviewsonline.com/scoresoddsarchives/ncaa-football-2014-15,1.3
2014,1122,FloridaIntl,NorthTexas,14,17,51.5,46,3,2.5,2.5,3.0,False,125,-145,sportsbookreviewsonline.com,2026-08-31T17:40:25.259129+00:00,https://www.sportsbookreviewsonline.com/scoresoddsarchives/ncaa-football-2014-15,1.3
2014,1122,Stanford,California,38,17,6.5,5.5,58.5,56,5.5,6.5,False,-230,195,sportsbookreviewsonline.com,2026-08-31T17:40:25.259129+00:00,https://www.sportsbookreviewsonline.com/scoresoddsarchives/ncaa-football-2014-15,1.3
2014,1122,AppalachianSt,ULLafayette,35,16,62.5,62.5,11,8,8.0,11.0,False,260,-320,sportsbookreviewsonline.com,2026-08-31T17:40:25.259129+00:00,https://www.sportsbookreviewsonline.com/scoresoddsarchives/ncaa-football-2014-15,1.3
2014,1122,ArizonaU,Utah,42,10,56.5,53.5,3,5.5,5.5,3.0,False,195,-230,sportsbookreviewsonline.com,2026-08-31T17:40:25.259129+00:00,https://www.sportsbookreviewsonline.com/scoresoddsarchives/ncaa-football-2014-15,1.3
2014,1122,OregonState,WashingtonU,13,37,55.5,53.5,6.5,6.5,6.5,6.5,False,200,-240,sportsbookreviewsonline.com,2026-08-31T17:40:25.259129+00:00,https://www.sportsbookreviewsonline.com/scoresoddsarchives/ncaa-football-2014-15,1.3
2014,1122,GeorgiaState,Clemson,0,28,57.5,57.5,41,39.5,39.5,41.0,False,20000,-60000,sportsbookreviewsonline.com,2026-08-31T17:40:25.259129+00:00,https://www.sportsbookreviewsonline.com/scoresoddsarchives/ncaa-football-2014-15,1.3
2014,1122,WashingtonState,ArizonaState,31,52,68,71,16.5,14.5,14.5,16.5,False,465,-615,sportsbookreviewsonline.com,2026-08-31T17:40:25.259129+00:00,https://www.sportsbookreviewsonline.com/scoresoddsarchives/ncaa-football-2014-15,1.3
2014,1122,SouthFlorida,Memphis,20,31,46.5,45.5,18.5,19.5,19.5,18.5,False,780,-1080,sportsbookreviewsonline.com,2026-08-31T17:40:25.259129+00:00,https://www.sportsbookreviewsonline.com/scoresoddsarchives/ncaa-football-2014-15,1.3
2014,1122,FloridaAtlantic,MiddleTennSt,34,35,59.5,57,6.5,7,7.0,6.5,False,230,-280,sportsbookreviewsonline.com,2026-08-31T17:40:25.259129+00:00,https://www.sportsbookreviewsonline.com/scoresoddsarchives/ncaa-football-2014-15,1.3
2014,1122,CincinnatiU,Connecticut,41,0,11.5,9.5,55.5,55.5,9.5,11.5,False,-360,290,sportsbookreviewsonline.com,2026-08-31T17:40:25.259129+00:00,https://www.sportsbookreviewsonline.com/scoresoddsarchives/ncaa-football-2014-15,1.3
2014,1122,ULMonroe,NewMexicoState,30,17,8,6.5,54.5,56,6.5,8.0,False,-240,200,sportsbookreviewsonline.com,2026-08-31T17:40:25.259129+00:00,https://www.sportsbookreviewsonline.com/scoresoddsarchives/ncaa-football-2014-15,1.3
2014,1122,SMU,CentralFlorida,7,53,47.5,48.5,25.5,28.5,28.5,25.5,False,3250,-7500,sportsbookreviewsonline.com,2026-08-31T17:40:25.259129+00:00,https://www.sportsbookreviewsonline.com/scoresoddsarchives/ncaa-football-2014-15,1.3
2014,1122,USC,UCLA,20,38,60.5,62.5,3.5,3.5,3.5,3.5,False,145,-165,sportsbookreviewsonline.com,2026-08-31T17:40:25.259129+00:00,https://www.sportsbookreviewsonline.com/scoresoddsarchives/ncaa-football-2014-15,1.3
2014,1122,FresnoState,Nevada,40,20,62.5,63.5,8,7,7.0,8.0,False,240,-290,sportsbookreviewsonline.com,2026-08-31T17:40:25.259129+00:00,https://www.sportsbookreviewsonline.com/scoresoddsarchives/ncaa-football-2014-15,1.3
2014,1122,UNLV,Hawaii,35,37,51.5,56,10,10.5,10.5,10.0,False,315,-395,sportsbookreviewsonline.com,2026-08-31T17:40:25.259129+00:00,https://www.sportsbookreviewsonline.com/scoresoddsarchives/ncaa-football-2014-15,1.3
2014,1122,Fordham,Army,31,42,3.5,3.5,NL,NL,,,False,-165,145,sportsbookreviewsonline.com,2026-08-31T17:40:25.259129+00:00,https://www.sportsbookreviewsonline.com/scoresoddsarchives/ncaa-football-2014-15,1.3
2014,1122,Samford,Auburn,7,31,NL,NL,38,37.5,,,False,15000,-45000,sportsbookreviewsonline.com,2026-08-31T17:40:25.259129+00:00,https://www.sportsbookreviewsonline.com/scoresoddsarchives/ncaa-football-2014-15,1.3
2014,1122,CharlestonSou,Georgia,9,55,NL,NL,44,43,,,False,NL,NL,sportsbookreviewsonline.com,2026-08-31T17:40:25.259129+00:00,https://www.sportsbookreviewsonline.com/scoresoddsarchives/ncaa-football-2014-15,1.3
2014,1122,EasternKentucky,Florida,3,52,NL,NL,30.5,30.5,,,False,NL,NL,sportsbookreviewsonline.com,2026-08-31T17:40:25.259129+00:00,https://www.sportsbookreviewsonline.com/scoresoddsarchives/ncaa-football-2014-15,1.3
2014,1122,SavannahSt,BYU,0,64,NL,NL,NL,59,,,False,NL,NL,sportsbookreviewsonline.com,2026-08-31T17:40:25.259129+00:00,https://www.sportsbookreviewsonline.com/scoresoddsarchives/ncaa-football-2014-15,1.3
2014,1122,WesternCarolina,Alabama,14,48,NL,NL,50.5,51.5,,,False,NL,NL,sportsbookreviewsonline.com,2026-08-31T17:40:25.259129+00:00,https://www.sportsbookreviewsonline.com/scoresoddsarchives/ncaa-football-2014-15,1.3
2014,1125,Ohio,MiamiOhio,24,21,1,3,48,52.5,3.0,1.0,False,-150,130,sportsbookreviewsonline.com,2026-08-31T17:40:25.259129+00:00,https://www.sportsbookreviewsonline.com/scoresoddsarchives/ncaa-football-2014-15,1.3
2014,1128,TCU,Texas,48,10,6.5,4.5,58,53.5,4.5,6.5,False,-210,175,sportsbookreviewsonline.com,2026-08-31T17:40:25.259129+00:00,https://www.sportsbookreviewsonline.com/scoresoddsarchives/ncaa-football-2014-15,1.3
2014,1128,LSU,TexasA&M,23,17,2.5,3,51,53,3.0,2.5,False,-165,145,sportsbookreviewsonline.com,2026-08-31T17:40:25.259129+00:00,https://www.sportsbookreviewsonline.com/scoresoddsarchives/ncaa-football-2014-15,1.3
2014,1128,Virginia,VirginiaTech,20,24,1,2,40,38,2.0,1.0,False,-130,110,sportsbookreviewsonline.com,2026-08-31T17:40:25.259129+00:00,https://www.sportsbookreviewsonline.com/scoresoddsarchives/ncaa-football-2014-15,1.3
2014,1128,BallState,BowlingGreen,41,24,58,57.5,8,10,10.0,8.0,False,305,-385,sportsbookreviewsonline.com,2026-08-31T17:40:25.259129+00:00,https://www.sportsbookreviewsonline.com/scoresoddsarchives/ncaa-football-2014-15,1.3
2014,1128,NoIllinois,WesternMichigan,31,21,58,58.5,5.5,8,8.0,5.5,False,260,-320,sportsbookreviewsonline.com,2026-08-31T17:40:25.259129+00:00,https://www.sportsbookreviewsonline.com/scoresoddsarchives/ncaa-football-2014-15,1.3
2014,1128,BuffaloU,Massachusetts,41,21,1,3.5,57,54.5,3.5,1.0,False,-175,155,sportsbookreviewsonline.com,2026-08-31T17:40:25.259129+00:00,https://www.sportsbookreviewsonline.com/scoresoddsarchives/ncaa-football-2014-15,1.3
2014,1128,WesternKentucky,Marshall,67,66,74,75,21.5,23.5,23.5,21.5,False,1300,-2050,sportsbookreviewsonline.com,2026-08-31T17:40:25.259129+00:00,https://www.sportsbookreviewsonline.com/scoresoddsarchives/ncaa-football-2014-15,1.3
2014,1128,Toledo,EasternMichigan,52,16,22.5,23,61,60,23.0,22.5,False,-1605,1055,sportsbookreviewsonline.com,2026-08-31T17:40:25.259129+00:00,https://www.sportsbookreviewsonline.com/scoresoddsarchives/ncaa-football-2014-15,1.3
2014,1128,Nebraska,Iowa,37,34,57,53,1,1.5,1.5,1.0,False,105,-125,sportsbookreviewsonline.com,2026-08-31T17:40:25.259129+00:00,https://www.sportsbookreviewsonline.com/scoresoddsarchives/ncaa-football-2014-15,1.3
2014,1128,EastCarolina,Tulsa,49,32,22.5,19.5,65,70,19.5,22.5,False,-1030,730,sportsbookreviewsonline.com,2026-08-31T17:40:25.259129+00:00,https://www.sportsbookreviewsonline.com/scoresoddsarchives/ncaa-football-2014-15,1.3
2014,1128,HoustonU,SMU,35,9,21.5,21,49.5,50.5,21.0,21.5,False,-1380,980,sportsbookreviewsonline.com,2026-08-31T17:40:25.259129+00:00,https://www.sportsbookreviewsonline.com/scoresoddsarchives/ncaa-football-2014-15,1.3
2014,1128,Navy,SouthAlabama,42,40,9.5,7.5,54.5,54,7.5,9.5,False,-310,250,sportsbookreviewsonline.com,2026-08-31T17:40:25.259129+00:00,https://www.sportsbookreviewsonline.com/scoresoddsarchives/ncaa-football-2014-15,1.3
2014,1128,Arkansas,Missouri,14,21,3,2,47,43,2.0,3.0,False,-130,110,sportsbookreviewsonline.com,2026-08-31T17:40:25.259129+00:00,https://www.sportsbookreviewsonline.com/scoresoddsarchives/ncaa-football-2014-15,1.3
2014,1128,Stanford,UCLA,31,10,49,48.5,2.5,6.5,6.5,2.5,False,210,-250,sportsbookreviewsonline.com,2026-08-31T17:40:25.259129+00:00,https://www.sportsbookreviewsonline.com/scoresoddsarchives/ncaa-football-2014-15,1.3
2014,1128,ArizonaState,ArizonaU,35,42,62.5,64.5,2.5,2,2.0,2.5,False,105,-125,sportsbookreviewsonline.com,2026-08-31T17:40:25.259129+00:00,https://www.sportsbookreviewsonline.com/scoresoddsarchives/ncaa-football-2014-15,1.3
2014,1128,ColoradoState,AirForce,24,27,8.5,7.5,61,62,7.5,8.5,False,-315,255,sportsbookreviewsonline.com,2026-08-31T17:40:25.259129+00:00,https://www.sportsbookreviewsonline.com/scoresoddsarchives/ncaa-football-2014-15,1.3
2014,1128,CentralFlorida,SouthFlorida,16,0,11.5,10,43,42.5,10.0,11.5,False,-390,310,sportsbookreviewsonline.com,2026-08-31T17:40:25.259129+00:00,https://www.sportsbookreviewsonline.com/scoresoddsarchives/ncaa-football-2014-15,1.3
2014,1128,Akron,KentState,24,27,4.5,3,41.5,43,3.0,4.5,False,-160,140,sportsbookreviewsonline.com,2026-08-31T17:40:25.259129+00:00,https://www.sportsbookreviewsonline.com/scoresoddsarchives/ncaa-football-2014-15,1.3
2014,1129,Michigan,OhioState,28,42,52.5,55,20,21.5,21.5,20.0,False,875,-1225,sportsbookreviewsonline.com,2026-08-31T17:40:25.259129+00:00,https://www.sportsbookreviewsonline.com/scoresoddsarchives/ncaa-football-2014-15,1.3
2014,1129,Syracuse,BostonCollege,7,28,41.5,45.5,11,10.5,10.5,11.0,False,350,-440,sportsbookreviewsonline.com,2026-08-31T17:40:25.259129+00:00,https://www.sportsbookreviewsonline.com/scoresoddsarchives/ncaa-football-2014-15,1.3
2014,1129,OldDominion,FloridaAtlantic,31,28,67,66,5,3.5,3.5,5.0,False,140,-160,sportsbookreviewsonline.com,2026-08-31T17:40:25.259129+00:00,https://www.sportsbookreviewsonline.com/scoresoddsarchives/ncaa-football-2014-15,1.3
2014,1129,WakeForest,Duke,21,41,43,44.5,18,18,18.0,18.0,False,650,-900,sportsbookreviewsonline.com,2026-08-31T17:40:25.259129+00:00,https://www.sportsbookreviewsonline.com/scoresoddsarchives/ncaa-football-2014-15,1.3
2014,1129,TennesseeU,Vanderbilt,24,17,16,15.5,49.5,49.5,15.5,16.0,False,-655,505,sportsbookreviewsonline.com,2026-08-31T17:40:25.259129+00:00,https://www.sportsbookreviewsonline.com/scoresoddsarchives/ncaa-football-2014-15,1.3
2014,1129,MinnesotaU,Wisconsin,24,34,51.5,49,14,17,17.0,14.0,False,525,-675,sportsbookreviewsonline.com,2026-08-31T17:40:25.259129+00:00,https://www.sportsbookreviewsonline.com/scoresoddsarchives/ncaa-football-2014-15,1.3
2014,1129,PittsburghU,MiamiFlorida,35,23,56,56,9.5,11,11.0,9.5,False,330,-420,sportsbookreviewsonline.com,2026-08-31T17:40:25.259129+00:00,https://www.sportsbookreviewsonline.com/scoresoddsarchives/ncaa-football-2014-15,1.3
2014,1129,Rutgers,Maryland,41,38,54,53,9,7.5,7.5,9.0,False,245,-305,sportsbookreviewsonline.com,2026-08-31T17:40:25.259129+00:00,https://www.sportsbookreviewsonline.com/scoresoddsarchives/ncaa-football-2014-15,1.3
2014,1129,Rice,LouisianaTech,31,76,53,47.5,6.5,7.5,7.5,6.5,False,250,-310,sportsbookreviewsonline.com,2026-08-31T17:40:25.259129+00:00,https://www.sportsbookreviewsonline.com/scoresoddsarchives/ncaa-football-2014-15,1.3
2014,1129,NCState,NorthCarolina,35,7,69,69.5,7,6.5,6.5,7.0,False,210,-250,sportsbookreviewsonline.com,2026-08-31T17:40:25.259129+00:00,https://www.sportsbookreviewsonline.com/scoresoddsarchives/ncaa-football-2014-15,1.3
2014,1129,Illinois,Northwestern,47,33,50.5,52,7.5,7,7.0,7.5,False,245,-305,sportsbookreviewsonline.com,2026-08-31T17:40:25.259129+00:00,https://www.sportsbookreviewsonline.com/scoresoddsarchives/ncaa-football-2014-15,1.3
2014,1129,Purdue,Indiana,16,23,59,54.5,3,2.5,2.5,3.0,False,115,-135,sportsbookreviewsonline.com,2026-08-31T17:40:25.259129+00:00,https://www.sportsbookreviewsonline.com/scoresoddsarchives/ncaa-football-2014-15,1.3
2014,1129,Idaho,AppalachianSt,28,45,63,63.5,16.5,17,17.0,16.5,False,605,-855,sportsbookreviewsonline.com,2026-08-31T17:40:25.259129+00:00,https://www.sportsbookreviewsonline.com/scoresoddsarchives/ncaa-football-2014-15,1.3
2014,1129,CincinnatiU,Temple,14,6,5.5,7,56.5,58,7.0,5.5,False,-275,225,sportsbookreviewsonline.com,2026-08-31T17:40:25.259129+00:00,https://www.sportsbookreviewsonline.com/scoresoddsarchives/ncaa-football-2014-15,1.3
2014,1129,TexasState,GeorgiaState,54,31,13,13.5,63.5,60,13.5,13.0,False,-540,415,sportsbookreviewsonline.com,2026-08-31T17:40:25.259129+00:00,https://www.sportsbookreviewsonline.com/scoresoddsarchives/ncaa-football-2014-15,1.3
2014,1129,WestVirginia,IowaState,37,24,13,10,63,62.5,10.0,13.0,False,-390,310,sportsbookreviewsonline.com,2026-08-31T17:40:25.259129+00:00,https://www.sportsbookreviewsonline.com/scoresoddsarchives/ncaa-football-2014-15,1.3
2014,1129,NewMexicoState,ArkansasState,35,68,64,65,21.5,23.5,23.5,21.5,False,1115,-1665,sportsbookreviewsonline.com,2026-08-31T17:40:25.259129+00:00,https://www.sportsbookreviewsonline.com/scoresoddsarchives/ncaa-football-2014-15,1.3
2014,1129,UAB,SouthernMiss,45,24,3.5,3,57.5,57.5,3.0,3.5,False,-145,125,sportsbookreviewsonline.com,2026-08-31T17:40:25.259129+00:00,https://www.sportsbookreviewsonline.com/scoresoddsarchives/ncaa-football-2014-15,1.3
2014,1129,Wyoming,NewMexico,30,36,58,61.5,4.5,4,4.0,4.5,False,155,-180,sportsbookreviewsonline.com,2026-08-31T17:40:25.259129+00:00,https://www.sportsbookreviewsonline.com/scoresoddsarchives/ncaa-football-2014-15,1.3
2014,1129,UtahState,BoiseState,19,50,57,54.5,9,10,10.0,9.0,False,300,-370,sportsbookreviewsonline.com,2026-08-31T17:40:25.259129+00:00,https://www.sportsbookreviewsonline.com/scoresoddsarchives/ncaa-football-2014-15,1.3
2014,1129,SanJoseState,SanDiegoState,7,38,46.5,47,13.5,14.5,14.5,13.5,False,455,-605,sportsbookreviewsonline.com,2026-08-31T17:40:25.259129+00:00,https://www.sportsbookreviewsonline.com/scoresoddsarchives/ncaa-football-2014-15,1.3
2014,1129,WashingtonU,WashingtonState,31,13,4,4,65,62.5,4.0,4.0,False,-175,155,sportsbookreviewsonline.com,2026-08-31T17:40:25.259129+00:00,https://www.sportsbookreviewsonline.com/scoresoddsarchives/ncaa-football-2014-15,1.3
2014,1129,Baylor,TexasTech,48,46,23.5,26.5,79,79.5,26.5,23.5,False,-4163,2587,sportsbookreviewsonline.com,2026-08-31T17:40:25.259129+00:00,https://www.sportsbookreviewsonline.com/scoresoddsarchives/ncaa-football-2014-15,1.3
2014,1129,GeorgiaTech,Georgia,30,24,66,67,12.5,10.5,10.5,12.5,False,348,-407,sportsbookreviewsonline.com,2026-08-31T17:40:25.259129+00:00,https://www.sportsbookreviewsonline.com/scoresoddsarchives/ncaa-football-2014-15,1.3
2014,1129,Kansas,KansasState,13,51,51.5,51.5,26.5,27,27.0,26.5,False,3020,-4980,sportsbookreviewsonline.com,2026-08-31T17:40:25.259129+00:00,https://www.sportsbookreviewsonline.com/scoresoddsarchives/ncaa-football-2014-15,1.3
2014,1129,BYU,California,42,35,72,71.5,3.5,3,3.0,3.5,False,150,-170,sportsbookreviewsonline.com,2026-08-31T17:40:25.259129+00:00,https://www.sportsbookreviewsonline.com/scoresoddsarchives/ncaa-football-2014-15,1.3
2014,1129,Oregon,OregonState,47,19,20,20.5,67,66.5,20.5,20.0,False,-1065,765,sportsbookreviewsonline.com,2026-08-31T17:40:25.259129+00:00,https://www.sportsbookreviewsonline.com/scoresoddsarchives/ncaa-football-2014-15,1.3
2014,1129,MichiganState,PennState,34,10,13,13.5,45,43.5,13.5,13.0,False,-520,395,sportsbookreviewsonline.com,2026-08-31T17:40:25.259129+00:00,https://www.sportsbookreviewsonline.com/scoresoddsarchives/ncaa-football-2014-15,1.3
2014,1129,Auburn,Alabama,44,55,53.5,55,9.5,10,10.0,9.5,False,330,-420,sportsbookreviewsonline.com,2026-08-31T17:40:25.259129+00:00,https://www.sportsbookreviewsonline.com/scoresoddsarchives/ncaa-football-2014-15,1.3
2014,1129,Florida,FloridaState,19,24,52,52.5,10.5,7,7.0,10.5,False,235,-285,sportsbookreviewsonline.com,2026-08-31T17:40:25.259129+00:00,https://www.sportsbookreviewsonline.com/scoresoddsarchives/ncaa-football-2014-15,1.3
2014,1129,Nevada,UNLV,49,27,9.5,7.5,60.5,62.5,7.5,9.5,False,-300,240,sportsbookreviewsonline.com,2026-08-31T17:40:25.259129+00:00,https://www.sportsbookreviewsonline.com/scoresoddsarchives/ncaa-football-2014-15,1.3
2014,1129,ULMonroe,GeorgiaSouthern,16,22,54,54,13,14,14.0,13.0,False,410,-535,sportsbookreviewsonline.com,2026-08-31T17:40:25.259129+00:00,https://www.sportsbookreviewsonline.com/scoresoddsarchives/ncaa-football-2014-15,1.3
2014,1129,SouthCarolina,Clemson,17,35,54,53,5,4,4.0,5.0,False,175,-205,sportsbookreviewsonline.com,2026-08-31T17:40:25.259129+00:00,https://www.sportsbookreviewsonline.com/scoresoddsarchives/ncaa-football-2014-15,1.3
2014,1129,Hawaii,FresnoState,21,28,56,60.5,10.5,9.5,9.5,10.5,False,295,-365,sportsbookreviewsonline.com,2026-08-31T17:40:25.259129+00:00,https://www.sportsbookreviewsonline.com/scoresoddsarchives/ncaa-football-2014-15,1.3
2014,1129,Utah,Colorado,38,34,9,7,59,53,7.0,9.0,False,-275,225,sportsbookreviewsonline.com,2026-08-31T17:40:25.259129+00:00,https://www.sportsbookreviewsonline.com/scoresoddsarchives/ncaa-football-2014-15,1.3
2014,1129,Connecticut,Memphis,10,41,46.5,44.5,20.5,24.5,24.5,20.5,False,1125,-1675,sportsbookreviewsonline.com,2026-08-31T17:40:25.259129+00:00,https://www.sportsbookreviewsonline.com/scoresoddsarchives/ncaa-football-2014-15,1.3
2014,1129,Kentucky,Louisville,40,44,53,51.5,14,14.5,14.5,14.0,False,415,-540,sportsbookreviewsonline.com,2026-08-31T17:40:25.259129+00:00,https://www.sportsbookreviewsonline.com/scoresoddsarchives/ncaa-football-2014-15,1.3
2014,1129,MississippiSt,Mississippi,17,31,1,3,49.5,52.5,3.0,1.0,False,-150,130,sportsbookreviewsonline.com,2026-08-31T17:40:25.259129+00:00,https://www.sportsbookreviewsonline.com/scoresoddsarchives/ncaa-football-2014-15,1.3
2014,1129,MiddleTennSt,UTEP,21,24,58.5,52.5,4,3,3.0,4.0,False,125,-145,sportsbookreviewsonline.com,2026-08-31T17:40:25.259129+00:00,https://www.sportsbookreviewsonline.com/scoresoddsarchives/ncaa-football-2014-15,1.3
2014,1129,ULLafayette,Troy,42,23,10.5,9.5,56.5,59.5,9.5,10.5,False,-360,290,sportsbookreviewsonline.com,2026-08-31T17:40:25.259129+00:00,https://www.sportsbookreviewsonline.com/scoresoddsarchives/ncaa-football-2014-15,1.3
2014,1129,NorthTexas,TexSanAntonio,27,34,43.5,41,5.5,6,6.0,5.5,False,195,-230,sportsbookreviewsonline.com,2026-08-31T17:40:25.259129+00:00,https://www.sportsbookreviewsonline.com/scoresoddsarchives/ncaa-football-2014-15,1.3
2014,1129,NotreDame,USC,14,49,62.5,63,6.5,5.5,5.5,6.5,False,185,-220,sportsbookreviewsonline.com,2026-08-31T17:40:25.259129+00:00,https://www.sportsbookreviewsonline.com/scoresoddsarchives/ncaa-football-2014-15,1.3
2014,1129,SacredHeart,Fordham,22,44,NL,63.5,NL,14.5,14.5,,False,400,-500,sportsbookreviewsonline.com,2026-08-31T17:40:25.259129+00:00,https://www.sportsbookreviewsonline.com/scoresoddsarchives/ncaa-football-2014-15,1.3
2014,1129,MorganSt,Richmond,24,46,NL,58,19,19,19.0,,False,925,-1400,sportsbookreviewsonline.com,2026-08-31T17:40:25.259129+00:00,https://www.sportsbookreviewsonline.com/scoresoddsarchives/ncaa-football-2014-15,1.3
2014,1129,IndianaSt,EasternKentucky,36,16,2,2,NL,52,2.0,,False,-140,120,sportsbookreviewsonline.com,2026-08-31T17:40:25.259129+00:00,https://www.sportsbookreviewsonline.com/scoresoddsarchives/ncaa-football-2014-15,1.3
2014,1129,SELouisiana,SamHoustonSt,17,21,NL,2.5,1.5,65.5,2.5,,False,-155,135,sportsbookreviewsonline.com,2026-08-31T17:40:25.259129+00:00,https://www.sportsbookreviewsonline.com/scoresoddsarchives/ncaa-football-2014-15,1.3
2014,1129,SanDiego,Montana,14,52,NL,45,NL,24.5,24.5,,False,1400,-2500,sportsbookreviewsonline.com,2026-08-31T17:40:25.259129+00:00,https://www.sportsbookreviewsonline.com/scoresoddsarchives/ncaa-football-2014-15,1.3
2014,1129,Liberty,JamesMadison,26,21,NL,70.5,7,9,9.0,,False,275,-335,sportsbookreviewsonline.com,2026-08-31T17:40:25.259129+00:00,https://www.sportsbookreviewsonline.com/scoresoddsarchives/ncaa-football-2014-15,1.3
2014,1129,SouthDakotaSt,MontanaSt,47,40,9,11.5,NL,65,11.5,,False,-400,325,sportsbookreviewsonline.com,2026-08-31T17:40:25.259129+00:00,https://www.sportsbookreviewsonline.com/scoresoddsarchives/ncaa-football-2014-15,1.3
2014,1129,StephenF.Austin,NorthernIowa,10,44,NL,57.5,21,21,21.0,,False,1100,-1700,sportsbookreviewsonline.com,2026-08-31T17:40:25.259129+00:00,https://www.sportsbookreviewsonline.com/scoresoddsarchives/ncaa-football-2014-15,1.3
2014,1204,CentralFlorida,EastCarolina,32,30,54.5,55,5.5,6.5,6.5,5.5,False,220,-265,sportsbookreviewsonline.com,2026-08-31T17:40:25.259129+00:00,https://www.sportsbookreviewsonline.com/scoresoddsarchives/ncaa-football-2014-15,1.3
2014,1205,NoIllinois,BowlingGreen,51,17,5.5,5,60,64,5.0,5.5,False,-206,176,sportsbookreviewsonline.com,2026-08-31T17:40:25.259129+00:00,https://www.sportsbookreviewsonline.com/scoresoddsarchives/ncaa-football-2014-15,1.3
2014,1205,ArizonaU,Oregon,13,51,72,72.5,13.5,14.5,14.5,13.5,False,475,-625,sportsbookreviewsonline.com,2026-08-31T17:40:25.259129+00:00,https://www.sportsbookreviewsonline.com/scoresoddsarchives/ncaa-football-2014-15,1.3
2014,1206,SMU,Connecticut,27,20,46,43.5,11.5,13.5,13.5,11.5,False,405,-525,sportsbookreviewsonline.com,2026-08-31T17:40:25.259129+00:00,https://www.sportsbookreviewsonline.com/scoresoddsarchives/ncaa-football-2014-15,1.3
2014,1206,IowaState,TCU,3,55,68,68.5,32.5,35,35.0,32.5,False,NL,NL,sportsbookreviewsonline.com,2026-08-31T17:40:25.259129+00:00,https://www.sportsbookreviewsonline.com/scoresoddsarchives/ncaa-football-2014-15,1.3
2014,1206,Temple,Tulane,10,3,3.5,2.5,42.5,41.5,2.5,3.5,False,-145,125,sportsbookreviewsonline.com,2026-08-31T17:40:25.259129+00:00,https://www.sportsbookreviewsonline.com/scoresoddsarchives/ncaa-football-2014-15,1.3
2014,1206,HoustonU,CincinnatiU,31,38,57.5,57,6.5,7.5,7.5,6.5,False,265,-325,sportsbookreviewsonline.com,2026-08-31T17:40:25.259129+00:00,https://www.sportsbookreviewsonline.com/scoresoddsarchives/ncaa-football-2014-15,1.3
2014,1206,KansasState,Baylor,27,38,67,71,9,7,7.0,9.0,False,230,-275,sportsbookreviewsonline.com,2026-08-31T17:40:25.259129+00:00,https://www.sportsbookreviewsonline.com/scoresoddsarchives/ncaa-football-2014-15,1.3
2014,1206,OklahomaState,Oklahoma,38,35,60,57.5,18.5,19.5,19.5,18.5,False,700,-1000,sportsbookreviewsonline.com,2026-08-31T17:40:25.259129+00:00,https://www.sportsbookreviewsonline.com/scoresoddsarchives/ncaa-football-2014-15,1.3
2014,1206,LouisianaTech,Marshall,23,26,68.5,67.5,12,8.5,8.5,12.0,False,265,-325,sportsbookreviewsonline.com,2026-08-31T17:40:25.259129+00:00,https://www.sportsbookreviewsonline.com/scoresoddsarchives/ncaa-football-2014-15,1.3
2014,1206,Missouri,Alabama,13,42,48.5,49,13,14,14.0,13.0,False,575,-800,sportsbookreviewsonline.com,2026-08-31T17:40:25.259129+00:00,https://www.sportsbookreviewsonline.com/scoresoddsarchives/ncaa-football-2014-15,1.3
2014,1206,FloridaState,GeorgiaTech,37,35,4,3.5,60,64,3.5,4.0,False,-170,146,sportsbookreviewsonline.com,2026-08-31T17:40:25.259129+00:00,https://www.sportsbookreviewsonline.com/scoresoddsarchives/ncaa-football-2014-15,1.3
2014,1206,Wisconsin,OhioState,0,59,4,4,54,55,4.0,4.0,False,-190,161,sportsbookreviewsonline.com,2026-08-31T17:40:25.259129+00:00,https://www.sportsbookreviewsonline.com/scoresoddsarchives/ncaa-football-2014-15,1.3
2014,1206,FresnoState,BoiseState,14,28,68,70,19.5,23,23.0,19.5,False,1000,-2000,sportsbookreviewsonline.com,2026-08-31T17:40:25.259129+00:00,https://www.sportsbookreviewsonline.com/scoresoddsarchives/ncaa-football-2014-15,1.3
2014,1213,Army,Navy,10,17,60.5,56,15,16.5,16.5,15.0,False,525,-725,sportsbookreviewsonline.com,2026-08-31T17:40:25.259129+00:00,https://www.sportsbookreviewsonline.com/scoresoddsarchives/ncaa-football-2014-15,1.3
2014,1220,Nevada,ULLafayette,3,16,3,1.5,60,62.5,1.5,3.0,False,-125,105,sportsbookreviewsonline.com,2026-08-31T17:40:25.259129+00:00,https://www.sportsbookreviewsonline.com/scoresoddsarchives/ncaa-football-2014-15,1.3
2014,1220,UTEP,UtahState,6,21,50,45.5,10.5,10,10.0,10.5,False,300,-370,sportsbookreviewsonline.com,2026-08-31T17:40:25.259129+00:00,https://www.sportsbookreviewsonline.com/scoresoddsarchives/ncaa-football-2014-15,1.3
2014,1220,Utah,ColoradoState,45,10,4.5,3,58.5,57.5,3.0,4.5,False,-160,140,sportsbookreviewsonline.com,2026-08-31T17:40:25.259129+00:00,https://www.sportsbookreviewsonline.com/scoresoddsarchives/ncaa-football-2014-15,1.3
2014,1220,WesternMichigan,AirForce,24,38,2,2,56.5,59,2.0,2.0,False,-130,110,sportsbookreviewsonline.com,2026-08-31T17:40:25.259129+00:00,https://www.sportsbookreviewsonline.com/scoresoddsarchives/ncaa-football-2014-15,1.3
2014,1220,SouthAlabama,BowlingGreen,28,33,1.5,4,54,55,4.0,1.5,False,-190,165,sportsbookreviewsonline.com,2026-08-31T17:40:25.259129+00:00,https://www.sportsbookreviewsonline.com/scoresoddsarchives/ncaa-football-2014-15,1.3
2014,1222,BYU,Memphis,48,55,57.5,56,pk,1,1.0,0.0,False,-101,-119,sportsbookreviewsonline.com,2026-08-31T17:40:25.259129+00:00,https://www.sportsbookreviewsonline.com/scoresoddsarchives/ncaa-football-2014-15,1.3
2014,1223,NoIllinois,Marshall,23,52,64.5,67.5,10.5,8.5,8.5,10.5,False,265,-320,sportsbookreviewsonline.com,2026-08-31T17:40:25.259129+00:00,https://www.sportsbookreviewsonline.com/scoresoddsarchives/ncaa-football-2014-15,1.3
2014,1223,Navy,SanDiegoState,17,16,54.5,52,3,3,3.0,3.0,False,135,-160,sportsbookreviewsonline.com,2026-08-31T17:40:25.259129+00:00,https://www.sportsbookreviewsonline.com/scoresoddsarchives/ncaa-football-2014-15,1.3
2014,1224,CentralMichigan,WesternKentucky,48,49,65,67,2.5,3.5,3.5,2.5,False,145,-170,sportsbookreviewsonline.com,2026-08-31T17:40:25.259129+00:00,https://www.sportsbookreviewsonline.com/scoresoddsarchives/ncaa-football-2014-15,1.3
2014,1224,FresnoState,Rice,6,30,1.5,pk,59,58.5,0.0,1.5,False,-109,-111,sportsbookreviewsonline.com,2026-08-31T17:40:25.259129+00:00,https://www.sportsbookreviewsonline.com/scoresoddsarchives/ncaa-football-2014-15,1.3
2014,1226,Illinois,LouisianaTech,18,35,62,54.5,5,7,7.0,5.0,False,230,-275,sportsbookreviewsonline.com,2026-08-31T17:40:25.259129+00:00,https://www.sportsbookreviewsonline.com/scoresoddsarchives/ncaa-football-2014-15,1.3
2014,1226,Rutgers,NorthCarolina,40,21,65.5,72,3.5,3.5,3.5,3.5,False,145,-170,sportsbookreviewsonline.com,2026-08-31T17:40:25.259129+00:00,https://www.sportsbookreviewsonline.com/scoresoddsarchives/ncaa-football-2014-15,1.3
2014,1226,NCState,CentralFlorida,34,27,50,48,1,2,2.0,1.0,False,110,-130,sportsbookreviewsonline.com,2026-08-31T17:40:25.259129+00:00,https://www.sportsbookreviewsonline.com/scoresoddsarchives/ncaa-football-2014-15,1.3
2014,1227,VirginiaTech,CincinnatiU,33,17,51,50,3.5,2,2.0,3.5,False,110,-130,sportsbookreviewsonline.com,2026-08-31T17:40:25.259129+00:00,https://www.sportsbookreviewsonline.com/scoresoddsarchives/ncaa-football-2014-15,1.3
2014,1227,Duke,ArizonaState,31,36,68,64.5,8,7.5,7.5,8.0,False,230,-280,sportsbookreviewsonline.com,2026-08-31T17:40:25.259129+00:00,https://www.sportsbookreviewsonline.com/scoresoddsarchives/ncaa-football-2014-15,1.3
2014,1227,MiamiFlorida,SouthCarolina,21,24,60,3,pk,62,3.0,0.0,False,-150,130,sportsbookreviewsonline.com,2026-08-31T17:40:25.259129+00:00,https://www.sportsbookreviewsonline.com/scoresoddsarchives/ncaa-football-2014-15,1.3
2014,1227,PennState,BostonCollege,31,30,40,41,2.5,3,3.0,2.5,False,125,-145,sportsbookreviewsonline.com,2026-08-31T17:40:25.259129+00:00,https://www.sportsbookreviewsonline.com/scoresoddsarchives/ncaa-football-2014-15,1.3
2014,1227,Nebraska,USC,42,45,61,63,5.5,7.5,7.5,5.5,False,235,-295,sportsbookreviewsonline.com,2026-08-31T17:40:25.259129+00:00,https://www.sportsbookreviewsonline.com/scoresoddsarchives/ncaa-football-2014-15,1.3
2014,1229,WestVirginia,TexasA&M,37,45,3.5,3,64,67,3.0,3.5,False,-170,150,sportsbookreviewsonline.com,2026-08-31T17:40:25.259129+00:00,https://www.sportsbookreviewsonline.com/scoresoddsarchives/ncaa-football-2014-15,1.3
2014,1229,Clemson,Oklahoma,40,6,54,49.5,pk,6,6.0,0.0,False,200,-240,sportsbookreviewsonline.com,2026-08-31T17:40:25.259129+00:00,https://www.sportsbookreviewsonline.com/scoresoddsarchives/ncaa-football-2014-15,1.3
2014,1229,Texas,Arkansas,7,31,47,43,5,7,7.0,5.0,False,240,-290,sportsbookreviewsonline.com,2026-08-31T17:40:25.259129+00:00,https://www.sportsbookreviewsonline.com/scoresoddsarchives/ncaa-football-2014-15,1.3
2014,1230,NotreDame,LSU,31,28,52,51,8,8.5,8.5,8.0,False,295,-355,sportsbookreviewsonline.com,2026-08-31T17:40:25.259129+00:00,https://www.sportsbookreviewsonline.com/scoresoddsarchives/ncaa-football-2014-15,1.3
2014,1230,Louisville,Georgia,14,37,57,55,7,7,7.0,7.0,False,220,-260,sportsbookreviewsonline.com,2026-08-31T17:40:25.259129+00:00,https://www.sportsbookreviewsonline.com/scoresoddsarchives/ncaa-football-2014-15,1.3
2014,1230,Maryland,Stanford,21,45,48.5,44.5,13.5,14,14.0,13.5,False,425,-560,sportsbookreviewsonline.com,2026-08-31T17:40:25.259129+00:00,https://www.sportsbookreviewsonline.com/scoresoddsarchives/ncaa-football-2014-15,1.3
2014,1231,Mississippi,TCU,3,42,56.5,55,3,3,3.0,3.0,False,145,-165,sportsbookreviewsonline.com,2026-08-31T17:40:25.259129+00:00,https://www.sportsbookreviewsonline.com/scoresoddsarchives/ncaa-football-2014-15,1.3
2014,1231,BoiseState,ArizonaU,38,30,68.5,66,4,2.5,2.5,4.0,False,115,-135,sportsbookreviewsonline.com,2026-08-31T17:40:25.259129+00:00,https://www.sportsbookreviewsonline.com/scoresoddsarchives/ncaa-football-2014-15,1.3
2014,1231,GeorgiaTech,MississippiSt,49,34,60.5,60,7,6,6.0,7.0,False,190,-230,sportsbookreviewsonline.com,2026-08-31T17:40:25.259129+00:00,https://www.sportsbookreviewsonline.com/scoresoddsarchives/ncaa-football-2014-15,1.3
2014,101,Wisconsin,Auburn,34,31,61.5,65,4.5,6,6.0,4.5,False,190,-230,sportsbookreviewsonline.com,2026-08-31T17:40:25.259129+00:00,https://www.sportsbookreviewsonline.com/scoresoddsarchives/ncaa-football-2014-15,1.3
2014,101,MichiganState,Baylor,42,41,70.5,69,2,3,3.0,2.0,False,125,-145,sportsbookreviewsonline.com,2026-08-31T17:40:25.259129+00:00,https://www.sportsbookreviewsonline.com/scoresoddsarchives/ncaa-football-2014-15,1.3
2014,101,MinnesotaU,Missouri,17,33,49,46.5,5.5,3.5,3.5,5.5,False,140,-160,sportsbookreviewsonline.com,2026-08-31T17:40:25.259129+00:00,https://www.sportsbookreviewsonline.com/scoresoddsarchives/ncaa-football-2014-15,1.3
2014,101,FloridaState,Oregon,20,59,71,74,8,7.5,7.5,8.0,False,240,-290,sportsbookreviewsonline.com,2026-08-31T17:40:25.259129+00:00,https://www.sportsbookreviewsonline.com/scoresoddsarchives/ncaa-football-2014-15,1.3
2014,101,OhioState,Alabama,42,35,58,58,9.5,7.5,7.5,9.5,False,250,-300,sportsbookreviewsonline.com,2026-08-31T17:40:25.259129+00:00,https://www.sportsbookreviewsonline.com/scoresoddsarchives/ncaa-football-2014-15,1.3
2014,102,PittsburghU,HoustonU,34,35,2.5,5.5,54,54,5.5,2.5,False,-230,190,sportsbookreviewsonline.com,2026-08-31T17:40:25.259129+00:00,https://www.sportsbookreviewsonline.com/scoresoddsarchives/ncaa-football-2014-15,1.3
2014,102,Iowa,TennesseeU,28,45,52,51.5,2.5,3,3.0,2.5,False,140,-160,sportsbookreviewsonline.com,2026-08-31T17:40:25.259129+00:00,https://www.sportsbookreviewsonline.com/scoresoddsarchives/ncaa-football-2014-15,1.3
2014,102,UCLA,KansasState,40,35,58.5,61.5,1.5,1.5,1.5,1.5,False,105,-125,sportsbookreviewsonline.com,2026-08-31T17:40:25.259129+00:00,https://www.sportsbookreviewsonline.com/scoresoddsarchives/ncaa-football-2014-15,1.3
2014,102,OklahomaState,WashingtonU,30,22,56,57,5,7,7.0,5.0,False,225,-265,sportsbookreviewsonline.com,2026-08-31T17:40:25.259129+00:00,https://www.sportsbookreviewsonline.com/scoresoddsarchives/ncaa-football-2014-15,1.3
2014,103,EastCarolina,Florida,20,28,57,54,7.5,6.5,6.5,7.5,False,200,-237,sportsbookreviewsonline.com,2026-08-31T17:40:25.259129+00:00,https://www.sportsbookreviewsonline.com/scoresoddsarchives/ncaa-football-2014-15,1.3
2014,104,Toledo,ArkansasState,63,44,2,3,66.5,70.5,3.0,2.0,False,-150,130,sportsbookreviewsonline.com,2026-08-31T17:40:25.259129+00:00,https://www.sportsbookreviewsonline.com/scoresoddsarchives/ncaa-football-2014-15,1.3
2014,112,OhioState,Oregon,42,20,73.5,72,7.5,5.5,5.5,7.5,False,166,-195,sportsbookreviewsonline.com,2026-08-31T17:40:25.259129+00:00,https://www.sportsbookreviewsonline.com/scoresoddsarchives/ncaa-football-2014-15,1.3
