season,date_raw,away_team_raw,home_team_raw,away_final,home_final,away_open_raw,away_close_raw,home_open_raw,home_close_raw,closing_spread_parsed,opening_spread_parsed,spread_ambiguous_flag,away_ml,home_ml,_source,_retrieval_date,_endpoint,_schema_version
2015,903,SouthCarolina,NorthCarolina,17,13,1,1.5,63.5,62,1.5,1.0,False,-121,101,sportsbookreviewsonline.com,2026-08-31T17:40:29.659301+00:00,https://www.sportsbookreviewsonline.com/scoresoddsarchives/ncaa-football-2015-16,1.3
2015,903,FloridaIntl,CentralFlorida,15,14,47,44.5,16.5,11,11.0,16.5,False,335,-415,sportsbookreviewsonline.com,2026-08-31T17:40:29.659301+00:00,https://www.sportsbookreviewsonline.com/scoresoddsarchives/ncaa-football-2015-16,1.3
2015,903,OklahomaState,CentralMichigan,24,13,19,21,56,57.5,21.0,19.0,False,-1200,800,sportsbookreviewsonline.com,2026-08-31T17:40:29.659301+00:00,https://www.sportsbookreviewsonline.com/scoresoddsarchives/ncaa-football-2015-16,1.3
2015,903,Michigan,Utah,17,24,46.5,44,4.5,5,5.0,4.5,False,180,-210,sportsbookreviewsonline.com,2026-08-31T17:40:29.659301+00:00,https://www.sportsbookreviewsonline.com/scoresoddsarchives/ncaa-football-2015-16,1.3
2015,903,TCU,MinnesotaU,23,17,14,16,58.5,57.5,16.0,14.0,False,-725,525,sportsbookreviewsonline.com,2026-08-31T17:40:29.659301+00:00,https://www.sportsbookreviewsonline.com/scoresoddsarchives/ncaa-football-2015-16,1.3
2015,903,Duke,Tulane,37,7,11,5.5,48,52,5.5,11.0,False,-240,200,sportsbookreviewsonline.com,2026-08-31T17:40:29.659301+00:00,https://www.sportsbookreviewsonline.com/scoresoddsarchives/ncaa-football-2015-16,1.3
2015,903,Ohio,Idaho,45,28,10,6.5,54.5,57,6.5,10.0,False,-250,210,sportsbookreviewsonline.com,2026-08-31T17:40:29.659301+00:00,https://www.sportsbookreviewsonline.com/scoresoddsarchives/ncaa-football-2015-16,1.3
2015,903,TexSanAntonio,ArizonaU,32,42,54,59,32,33.5,33.5,32.0,False,NL,NL,sportsbookreviewsonline.com,2026-08-31T17:40:29.659301+00:00,https://www.sportsbookreviewsonline.com/scoresoddsarchives/ncaa-football-2015-16,1.3
2015,903,Colorado,Hawaii,20,28,8,7,57.5,60.5,7.0,8.0,False,-276,220,sportsbookreviewsonline.com,2026-08-31T17:40:29.659301+00:00,https://www.sportsbookreviewsonline.com/scoresoddsarchives/ncaa-football-2015-16,1.3
2015,903,WesternKentucky,Vanderbilt,14,12,66.5,2,2.5,60,2.0,2.5,False,-130,110,sportsbookreviewsonline.com,2026-08-31T17:40:29.659301+00:00,https://www.sportsbookreviewsonline.com/scoresoddsarchives/ncaa-football-2015-16,1.3
2015,903,Elon,WakeForest,3,41,NL,NL,27,27,,,False,NL,NL,sportsbookreviewsonline.com,2026-08-31T17:40:29.659301+00:00,https://www.sportsbookreviewsonline.com/scoresoddsarchives/ncaa-football-2015-16,1.3
2015,903,VMI,BallState,36,48,NL,NL,30,34,,,False,NL,NL,sportsbookreviewsonline.com,2026-08-31T17:40:29.659301+00:00,https://www.sportsbookreviewsonline.com/scoresoddsarchives/ncaa-football-2015-16,1.3
2015,903,AlcornSt,GeorgiaTech,6,69,NL,NL,40,41,,,False,NL,NL,sportsbookreviewsonline.com,2026-08-31T17:40:29.659301+00:00,https://www.sportsbookreviewsonline.com/scoresoddsarchives/ncaa-football-2015-16,1.3
2015,903,Villanova,Connecticut,15,20,6,6.5,NL,NL,,,False,-270,230,sportsbookreviewsonline.com,2026-08-31T17:40:29.659301+00:00,https://www.sportsbookreviewsonline.com/scoresoddsarchives/ncaa-football-2015-16,1.3
2015,903,SouthernUtah,UtahState,9,12,NL,NL,30,32,,,False,NL,NL,sportsbookreviewsonline.com,2026-08-31T17:40:29.659301+00:00,https://www.sportsbookreviewsonline.com/scoresoddsarchives/ncaa-football-2015-16,1.3
2015,903,UCDavis,Nevada,17,31,NL,NL,22.5,24,,,False,NL,NL,sportsbookreviewsonline.com,2026-08-31T17:40:29.659301+00:00,https://www.sportsbookreviewsonline.com/scoresoddsarchives/ncaa-football-2015-16,1.3
2015,903,NewHampshire,SanJoseState,13,43,NL,NL,2,7,,,False,250,-300,sportsbookreviewsonline.com,2026-08-31T17:40:29.659301+00:00,https://www.sportsbookreviewsonline.com/scoresoddsarchives/ncaa-football-2015-16,1.3
2015,903,AbileneChristian,FresnoState,13,34,NL,NL,19.5,21,,,False,NL,NL,sportsbookreviewsonline.com,2026-08-31T17:40:29.659301+00:00,https://www.sportsbookreviewsonline.com/scoresoddsarchives/ncaa-football-2015-16,1.3
2015,904,Baylor,SMU,56,21,34,37,73.5,69.5,37.0,34.0,False,NL,NL,sportsbookreviewsonline.com,2026-08-31T17:40:29.659301+00:00,https://www.sportsbookreviewsonline.com/scoresoddsarchives/ncaa-football-2015-16,1.3
2015,904,Charlotte,GeorgiaState,23,20,73,68,4.5,7,7.0,4.5,False,250,-310,sportsbookreviewsonline.com,2026-08-31T17:40:29.659301+00:00,https://www.sportsbookreviewsonline.com/scoresoddsarchives/ncaa-football-2015-16,1.3
2015,904,MichiganState,WesternMichigan,37,24,18.5,16.5,60,55.5,16.5,18.5,False,-900,600,sportsbookreviewsonline.com,2026-08-31T17:40:29.659301+00:00,https://www.sportsbookreviewsonline.com/scoresoddsarchives/ncaa-football-2015-16,1.3
2015,904,WashingtonU,BoiseState,13,16,57.5,53,10.5,13,13.0,10.5,False,380,-475,sportsbookreviewsonline.com,2026-08-31T17:40:29.659301+00:00,https://www.sportsbookreviewsonline.com/scoresoddsarchives/ncaa-football-2015-16,1.3
2015,904,Fordham,Army,37,35,NL,NL,5.5,14,,,False,NL,NL,sportsbookreviewsonline.com,2026-08-31T17:40:29.659301+00:00,https://www.sportsbookreviewsonline.com/scoresoddsarchives/ncaa-football-2015-16,1.3
2015,904,RhodeIsland,Syracuse,0,47,NL,NL,33.5,33.5,,,False,NL,NL,sportsbookreviewsonline.com,2026-08-31T17:40:29.659301+00:00,https://www.sportsbookreviewsonline.com/scoresoddsarchives/ncaa-football-2015-16,1.3
2015,904,WeberSt,OregonState,7,26,NL,NL,28,28,,,False,NL,NL,sportsbookreviewsonline.com,2026-08-31T17:40:29.659301+00:00,https://www.sportsbookreviewsonline.com/scoresoddsarchives/ncaa-football-2015-16,1.3
2015,905,OldDominion,EasternMichigan,38,34,7,7,66.5,59.5,7.0,7.0,False,-260,210,sportsbookreviewsonline.com,2026-08-31T17:40:29.659301+00:00,https://www.sportsbookreviewsonline.com/scoresoddsarchives/ncaa-football-2015-16,1.3
2015,905,NewMexicoState,Florida,13,61,57.5,54,36,34,34.0,36.0,False,6125,-15625,sportsbookreviewsonline.com,2026-08-31T17:40:29.659301+00:00,https://www.sportsbookreviewsonline.com/scoresoddsarchives/ncaa-football-2015-16,1.3
2015,905,PennState,Temple,10,27,6,7,38.5,54.5,7.0,6.0,False,-260,220,sportsbookreviewsonline.com,2026-08-31T17:40:29.659301+00:00,https://www.sportsbookreviewsonline.com/scoresoddsarchives/ncaa-football-2015-16,1.3
2015,905,FloridaAtlantic,Tulsa,44,47,62,68,6,4.5,4.5,6.0,False,165,-190,sportsbookreviewsonline.com,2026-08-31T17:40:29.659301+00:00,https://www.sportsbookreviewsonline.com/scoresoddsarchives/ncaa-football-2015-16,1.3
2015,905,Virginia,UCLA,16,34,54,52,17,17.5,17.5,17.0,False,725,-975,sportsbookreviewsonline.com,2026-08-31T17:40:29.659301+00:00,https://www.sportsbookreviewsonline.com/scoresoddsarchives/ncaa-football-2015-16,1.3
2015,905,Stanford,Northwestern,6,16,12,10,45,48,10.0,12.0,False,-395,315,sportsbookreviewsonline.com,2026-08-31T17:40:29.659301+00:00,https://www.sportsbookreviewsonline.com/scoresoddsarchives/ncaa-football-2015-16,1.3
2015,905,Louisville,Auburn,24,31,58,54,10.5,10.5,10.5,10.5,False,355,-445,sportsbookreviewsonline.com,2026-08-31T17:40:29.659301+00:00,https://www.sportsbookreviewsonline.com/scoresoddsarchives/ncaa-football-2015-16,1.3
2015,905,ArizonaState,TexasA&M,17,38,66,65,3,3,3.0,3.0,False,140,-160,sportsbookreviewsonline.com,2026-08-31T17:40:29.659301+00:00,https://www.sportsbookreviewsonline.com/scoresoddsarchives/ncaa-football-2015-16,1.3
2015,905,BYU,Nebraska,33,28,65,57.5,6,5,5.0,6.0,False,185,-215,sportsbookreviewsonline.com,2026-08-31T17:40:29.659301+00:00,https://www.sportsbookreviewsonline.com/scoresoddsarchives/ncaa-football-2015-16,1.3
2015,905,Troy,NCState,21,49,59.5,61.5,25,25,25.0,25.0,False,1440,-2290,sportsbookreviewsonline.com,2026-08-31T17:40:29.659301+00:00,https://www.sportsbookreviewsonline.com/scoresoddsarchives/ncaa-football-2015-16,1.3
2015,905,UNLV,NoIllinois,30,38,61.5,61.5,20.5,21.5,21.5,20.5,False,1050,-1500,sportsbookreviewsonline.com,2026-08-31T17:40:29.659301+00:00,https://www.sportsbookreviewsonline.com/scoresoddsarchives/ncaa-football-2015-16,1.3
2015,905,Akron,Oklahoma,3,41,55.5,56.5,30.5,31,31.0,30.5,False,4265,-10265,sportsbookreviewsonline.com,2026-08-31T17:40:29.659301+00:00,https://www.sportsbookreviewsonline.com/scoresoddsarchives/ncaa-football-2015-16,1.3
2015,905,BowlingGreen,TennesseeU,30,59,60,67.5,21,22,22.0,21.0,False,1065,-1515,sportsbookreviewsonline.com,2026-08-31T17:40:29.659301+00:00,https://www.sportsbookreviewsonline.com/scoresoddsarchives/ncaa-football-2015-16,1.3
2015,905,ULLafayette,Kentucky,33,40,60,58,13.5,17,17.0,13.5,False,595,-770,sportsbookreviewsonline.com,2026-08-31T17:40:29.659301+00:00,https://www.sportsbookreviewsonline.com/scoresoddsarchives/ncaa-football-2015-16,1.3
2015,905,UTEP,Arkansas,13,48,50.5,50,33,31.5,31.5,33.0,False,3875,-9375,sportsbookreviewsonline.com,2026-08-31T17:40:29.659301+00:00,https://www.sportsbookreviewsonline.com/scoresoddsarchives/ncaa-football-2015-16,1.3
2015,905,GeorgiaSouthern,WestVirginia,0,44,60,55,19,16,16.0,19.0,False,630,-880,sportsbookreviewsonline.com,2026-08-31T17:40:29.659301+00:00,https://www.sportsbookreviewsonline.com/scoresoddsarchives/ncaa-football-2015-16,1.3
2015,905,Texas,NotreDame,3,38,54.5,48,8.5,9,9.0,8.5,False,285,-355,sportsbookreviewsonline.com,2026-08-31T17:40:29.659301+00:00,https://www.sportsbookreviewsonline.com/scoresoddsarchives/ncaa-football-2015-16,1.3
2015,905,TexasState,FloridaState,16,59,59.5,60,29.5,27.5,27.5,29.5,False,2410,-4910,sportsbookreviewsonline.com,2026-08-31T17:40:29.659301+00:00,https://www.sportsbookreviewsonline.com/scoresoddsarchives/ncaa-football-2015-16,1.3
2015,905,Wisconsin,Alabama,17,35,52.5,44.5,9.5,12,12.0,9.5,False,465,-590,sportsbookreviewsonline.com,2026-08-31T17:40:29.659301+00:00,https://www.sportsbookreviewsonline.com/scoresoddsarchives/ncaa-football-2015-16,1.3
2015,905,MississippiSt,SouthernMiss,34,16,23,20.5,56.5,61.5,20.5,23.0,False,-1345,945,sportsbookreviewsonline.com,2026-08-31T17:40:29.659301+00:00,https://www.sportsbookreviewsonline.com/scoresoddsarchives/ncaa-football-2015-16,1.3
2015,905,ArkansasState,USC,6,55,66,66.5,28,27,27.0,28.0,False,2185,-3735,sportsbookreviewsonline.com,2026-08-31T17:40:29.659301+00:00,https://www.sportsbookreviewsonline.com/scoresoddsarchives/ncaa-football-2015-16,1.3
2015,905,KentState,Illinois,3,52,53,54,13.5,12.5,12.5,13.5,False,400,-525,sportsbookreviewsonline.com,2026-08-31T17:40:29.659301+00:00,https://www.sportsbookreviewsonline.com/scoresoddsarchives/ncaa-football-2015-16,1.3
2015,905,SouthDakotaSt,Kansas,41,38,NL,2,3,48.5,2.0,,False,-127,113,sportsbookreviewsonline.com,2026-08-31T17:40:29.659301+00:00,https://www.sportsbookreviewsonline.com/scoresoddsarchives/ncaa-football-2015-16,1.3
2015,905,NorfolkSt,Rutgers,13,63,NL,45.5,35.5,35.5,35.5,,False,13000,-27000,sportsbookreviewsonline.com,2026-08-31T17:40:29.659301+00:00,https://www.sportsbookreviewsonline.com/scoresoddsarchives/ncaa-football-2015-16,1.3
2015,905,IllinoisSt,Iowa,14,31,NL,59,10.5,10,10.0,,False,299,-341,sportsbookreviewsonline.com,2026-08-31T17:40:29.659301+00:00,https://www.sportsbookreviewsonline.com/scoresoddsarchives/ncaa-football-2015-16,1.3
2015,905,Richmond,Maryland,21,50,NL,59.5,19,22,22.0,,False,1190,-1610,sportsbookreviewsonline.com,2026-08-31T17:40:29.659301+00:00,https://www.sportsbookreviewsonline.com/scoresoddsarchives/ncaa-football-2015-16,1.3
2015,905,Colgate,Navy,10,48,NL,50.5,27,26.5,26.5,,False,3092,-5158,sportsbookreviewsonline.com,2026-08-31T17:40:29.659301+00:00,https://www.sportsbookreviewsonline.com/scoresoddsarchives/ncaa-football-2015-16,1.3
2015,905,TennesseeMartin,Mississippi,3,76,NL,54,38.5,43,43.0,,False,42250,-87750,sportsbookreviewsonline.com,2026-08-31T17:40:29.659301+00:00,https://www.sportsbookreviewsonline.com/scoresoddsarchives/ncaa-football-2015-16,1.3
2015,905,Wofford,Clemson,10,49,NL,58,37.5,35.5,35.5,,False,13000,-27000,sportsbookreviewsonline.com,2026-08-31T17:40:29.659301+00:00,https://www.sportsbookreviewsonline.com/scoresoddsarchives/ncaa-football-2015-16,1.3
2015,905,YoungstownSt,PittsburghU,37,45,NL,55,16,16.5,16.5,,False,645,-855,sportsbookreviewsonline.com,2026-08-31T17:40:29.659301+00:00,https://www.sportsbookreviewsonline.com/scoresoddsarchives/ncaa-football-2015-16,1.3
2015,905,Maine,BostonCollege,3,24,NL,46,26.5,26.5,26.5,,False,3092,-5158,sportsbookreviewsonline.com,2026-08-31T17:40:29.659301+00:00,https://www.sportsbookreviewsonline.com/scoresoddsarchives/ncaa-football-2015-16,1.3
2015,905,PortlandSt,WashingtonState,24,17,NL,67,30,31,31.0,,False,6412,-11838,sportsbookreviewsonline.com,2026-08-31T17:40:29.659301+00:00,https://www.sportsbookreviewsonline.com/scoresoddsarchives/ncaa-football-2015-16,1.3
2015,905,GardnerWebb,SouthAlabama,23,33,NL,40,23,21.5,21.5,,False,1247,-1703,sportsbookreviewsonline.com,2026-08-31T17:40:29.659301+00:00,https://www.sportsbookreviewsonline.com/scoresoddsarchives/ncaa-football-2015-16,1.3
2015,905,Albany,BuffaloU,14,51,NL,62.5,14,13,13.0,,False,336,-389,sportsbookreviewsonline.com,2026-08-31T17:40:29.659301+00:00,https://www.sportsbookreviewsonline.com/scoresoddsarchives/ncaa-football-2015-16,1.3
2015,905,MorganSt,AirForce,7,63,NL,60,32.5,35,35.0,,False,14300,-29700,sportsbookreviewsonline.com,2026-08-31T17:40:29.659301+00:00,https://www.sportsbookreviewsonline.com/scoresoddsarchives/ncaa-football-2015-16,1.3
2015,905,NorthDakota,Wyoming,24,13,NL,47,18.5,18.5,18.5,,False,760,-1040,sportsbookreviewsonline.com,2026-08-31T17:40:29.659301+00:00,https://www.sportsbookreviewsonline.com/scoresoddsarchives/ncaa-football-2015-16,1.3
2015,905,SavannahSt,ColoradoState,13,65,NL,66,51,51,51.0,,False,NL,NL,sportsbookreviewsonline.com,2026-08-31T17:40:29.659301+00:00,https://www.sportsbookreviewsonline.com/scoresoddsarchives/ncaa-football-2015-16,1.3
2015,905,Presbyterian,MiamiOhio,7,26,NL,39.5,9,13.5,13.5,,False,444,-531,sportsbookreviewsonline.com,2026-08-31T17:40:29.659301+00:00,https://www.sportsbookreviewsonline.com/scoresoddsarchives/ncaa-football-2015-16,1.3
2015,905,Howard,AppalachianSt,0,49,NL,61,33,37,37.0,,False,14300,-29700,sportsbookreviewsonline.com,2026-08-31T17:40:29.659301+00:00,https://www.sportsbookreviewsonline.com/scoresoddsarchives/ncaa-football-2015-16,1.3
2015,905,Wagner,Rice,16,56,NL,45.5,30.5,28,28.0,,False,4250,-7750,sportsbookreviewsonline.com,2026-08-31T17:40:29.659301+00:00,https://www.sportsbookreviewsonline.com/scoresoddsarchives/ncaa-football-2015-16,1.3
2015,905,SEMissouriSt,Missouri,3,34,NL,55,41,40.5,40.5,,False,42250,-87750,sportsbookreviewsonline.com,2026-08-31T17:40:29.659301+00:00,https://www.sportsbookreviewsonline.com/scoresoddsarchives/ncaa-football-2015-16,1.3
2015,905,SoIllinois,Indiana,47,48,NL,58.5,17.5,20.5,20.5,,False,1247,-1703,sportsbookreviewsonline.com,2026-08-31T17:40:29.659301+00:00,https://www.sportsbookreviewsonline.com/scoresoddsarchives/ncaa-football-2015-16,1.3
2015,905,Grambling,California,14,73,NL,73.5,43,45.5,45.5,,False,NL,NL,sportsbookreviewsonline.com,2026-08-31T17:40:29.659301+00:00,https://www.sportsbookreviewsonline.com/scoresoddsarchives/ncaa-football-2015-16,1.3
2015,905,Towson,EastCarolina,20,28,NL,58,30.5,28,28.0,,False,3600,-6400,sportsbookreviewsonline.com,2026-08-31T17:40:29.659301+00:00,https://www.sportsbookreviewsonline.com/scoresoddsarchives/ncaa-football-2015-16,1.3
2015,905,Southern,LouisianaTech,15,62,NL,63,40,39,39.0,,False,29250,-60750,sportsbookreviewsonline.com,2026-08-31T17:40:29.659301+00:00,https://www.sportsbookreviewsonline.com/scoresoddsarchives/ncaa-football-2015-16,1.3
2015,905,SamHoustonSt,TexasTech,45,59,NL,73.5,19.5,14,14.0,,False,444,-531,sportsbookreviewsonline.com,2026-08-31T17:40:29.659301+00:00,https://www.sportsbookreviewsonline.com/scoresoddsarchives/ncaa-football-2015-16,1.3
2015,905,FloridaA&M,SouthFlorida,3,51,NL,39.5,28,28.5,28.5,,False,3887,-6863,sportsbookreviewsonline.com,2026-08-31T17:40:29.659301+00:00,https://www.sportsbookreviewsonline.com/scoresoddsarchives/ncaa-football-2015-16,1.3
2015,905,MissouriSt,Memphis,7,63,NL,54.5,26,24,24.0,,False,1725,-2775,sportsbookreviewsonline.com,2026-08-31T17:40:29.659301+00:00,https://www.sportsbookreviewsonline.com/scoresoddsarchives/ncaa-football-2015-16,1.3
2015,905,JacksonSt,MiddleTennSt,14,70,NL,57.5,38,39.5,39.5,,False,26000,-54000,sportsbookreviewsonline.com,2026-08-31T17:40:29.659301+00:00,https://www.sportsbookreviewsonline.com/scoresoddsarchives/ncaa-football-2015-16,1.3
2015,905,AlabamaA&M,CincinnatiU,10,52,NL,60,45,46.5,46.5,,False,91000,-87750,sportsbookreviewsonline.com,2026-08-31T17:40:29.659301+00:00,https://www.sportsbookreviewsonline.com/scoresoddsarchives/ncaa-football-2015-16,1.3
2015,905,SouthDakota,KansasState,0,34,NL,49,37,36.5,36.5,,False,14300,-29700,sportsbookreviewsonline.com,2026-08-31T17:40:29.659301+00:00,https://www.sportsbookreviewsonline.com/scoresoddsarchives/ncaa-football-2015-16,1.3
2015,905,EastWashington,Oregon,42,61,NL,78.5,34,35.5,35.5,,False,11400,-22600,sportsbookreviewsonline.com,2026-08-31T17:40:29.659301+00:00,https://www.sportsbookreviewsonline.com/scoresoddsarchives/ncaa-football-2015-16,1.3
2015,905,NorthernIowa,IowaState,7,31,NL,60,7,14.5,14.5,,False,472,-578,sportsbookreviewsonline.com,2026-08-31T17:40:29.659301+00:00,https://www.sportsbookreviewsonline.com/scoresoddsarchives/ncaa-football-2015-16,1.3
2015,905,TennesseeTech,HoustonU,24,52,NL,55,37,37,37.0,,False,16900,-35100,sportsbookreviewsonline.com,2026-08-31T17:40:29.659301+00:00,https://www.sportsbookreviewsonline.com/scoresoddsarchives/ncaa-football-2015-16,1.3
2015,905,Miss.ValleySt,NewMexico,0,66,NL,59,42.5,42,42.0,,False,42250,-87750,sportsbookreviewsonline.com,2026-08-31T17:40:29.659301+00:00,https://www.sportsbookreviewsonline.com/scoresoddsarchives/ncaa-football-2015-16,1.3
2015,905,SanDiego,SanDiegoState,3,37,NL,46.5,36.5,36.5,36.5,,False,15600,-32400,sportsbookreviewsonline.com,2026-08-31T17:40:29.659301+00:00,https://www.sportsbookreviewsonline.com/scoresoddsarchives/ncaa-football-2015-16,1.3
2015,906,Purdue,Marshall,31,41,63,60.5,8.5,7,7.0,8.5,False,225,-275,sportsbookreviewsonline.com,2026-08-31T17:40:29.659301+00:00,https://www.sportsbookreviewsonline.com/scoresoddsarchives/ncaa-football-2015-16,1.3
2015,907,OhioState,VirginiaTech,42,24,14,13.5,53.5,52,13.5,14.0,False,-650,500,sportsbookreviewsonline.com,2026-08-31T17:40:29.659301+00:00,https://www.sportsbookreviewsonline.com/scoresoddsarchives/ncaa-football-2015-16,1.3
2015,910,LouisianaTech,WesternKentucky,38,41,67,2.5,2,63.5,2.5,2.0,False,-140,120,sportsbookreviewsonline.com,2026-08-31T17:40:29.659301+00:00,https://www.sportsbookreviewsonline.com/scoresoddsarchives/ncaa-football-2015-16,1.3
2015,911,MiamiFlorida,FloridaAtlantic,44,20,17,17.5,67.5,56.5,17.5,17.0,False,-1200,800,sportsbookreviewsonline.com,2026-08-31T17:40:29.659301+00:00,https://www.sportsbookreviewsonline.com/scoresoddsarchives/ncaa-football-2015-16,1.3
2015,911,UtahState,Utah,14,24,47,44,12,11.5,11.5,12.0,False,380,-480,sportsbookreviewsonline.com,2026-08-31T17:40:29.659301+00:00,https://www.sportsbookreviewsonline.com/scoresoddsarchives/ncaa-football-2015-16,1.3
2015,912,SouthFlorida,FloridaState,14,34,52,53.5,27.5,28.5,28.5,27.5,False,2870,-6370,sportsbookreviewsonline.com,2026-08-31T17:40:29.659301+00:00,https://www.sportsbookreviewsonline.com/scoresoddsarchives/ncaa-football-2015-16,1.3
2015,912,WesternMichigan,GeorgiaSouthern,17,43,4,5,56,56.5,5.0,4.0,False,-215,185,sportsbookreviewsonline.com,2026-08-31T17:40:29.659301+00:00,https://www.sportsbookreviewsonline.com/scoresoddsarchives/ncaa-football-2015-16,1.3
2015,912,BuffaloU,PennState,14,27,49,47.5,18.5,17,17.0,18.5,False,680,-930,sportsbookreviewsonline.com,2026-08-31T17:40:29.659301+00:00,https://www.sportsbookreviewsonline.com/scoresoddsarchives/ncaa-football-2015-16,1.3
2015,912,Army,Connecticut,17,22,48,47.5,6.5,7,7.0,6.5,False,230,-280,sportsbookreviewsonline.com,2026-08-31T17:40:29.659301+00:00,https://www.sportsbookreviewsonline.com/scoresoddsarchives/ncaa-football-2015-16,1.3
2015,912,EastCarolina,Florida,24,31,56,53.5,15,20.5,20.5,15.0,False,910,-1260,sportsbookreviewsonline.com,2026-08-31T17:40:29.659301+00:00,https://www.sportsbookreviewsonline.com/scoresoddsarchives/ncaa-football-2015-16,1.3
2015,912,HoustonU,Louisville,34,31,53.5,56,11.5,13.5,13.5,11.5,False,450,-575,sportsbookreviewsonline.com,2026-08-31T17:40:29.659301+00:00,https://www.sportsbookreviewsonline.com/scoresoddsarchives/ncaa-football-2015-16,1.3
2015,912,FresnoState,Mississippi,21,73,56,56,26.5,32,32.0,26.5,False,5355,-13355,sportsbookreviewsonline.com,2026-08-31T17:40:29.659301+00:00,https://www.sportsbookreviewsonline.com/scoresoddsarchives/ncaa-football-2015-16,1.3
2015,912,Temple,CincinnatiU,34,26,51,55.5,7.5,6,6.0,7.5,False,200,-235,sportsbookreviewsonline.com,2026-08-31T17:40:29.659301+00:00,https://www.sportsbookreviewsonline.com/scoresoddsarchives/ncaa-football-2015-16,1.3
2015,912,LSU,MississippiSt,21,19,2,3.5,48,53,3.5,2.0,False,-175,155,sportsbookreviewsonline.com,2026-08-31T17:40:29.659301+00:00,https://www.sportsbookreviewsonline.com/scoresoddsarchives/ncaa-football-2015-16,1.3
2015,912,MiamiOhio,Wisconsin,0,58,53,52,33,31,31.0,33.0,False,4015,-9515,sportsbookreviewsonline.com,2026-08-31T17:40:29.659301+00:00,https://www.sportsbookreviewsonline.com/scoresoddsarchives/ncaa-football-2015-16,1.3
2015,912,KansasState,TexSanAntonio,30,3,20,14,51.5,50,14.0,20.0,False,-620,470,sportsbookreviewsonline.com,2026-08-31T17:40:29.659301+00:00,https://www.sportsbookreviewsonline.com/scoresoddsarchives/ncaa-football-2015-16,1.3
2015,912,Marshall,Ohio,10,21,4,3,60.5,53,3.0,4.0,False,-150,130,sportsbookreviewsonline.com,2026-08-31T17:40:29.659301+00:00,https://www.sportsbookreviewsonline.com/scoresoddsarchives/ncaa-football-2015-16,1.3
2015,912,Hawaii,OhioState,0,38,59.5,66,39,42.5,42.5,39.0,False,39000,-81000,sportsbookreviewsonline.com,2026-08-31T17:40:29.659301+00:00,https://www.sportsbookreviewsonline.com/scoresoddsarchives/ncaa-football-2015-16,1.3
2015,912,WakeForest,Syracuse,17,30,43.5,41,6,4,4.0,6.0,False,165,-190,sportsbookreviewsonline.com,2026-08-31T17:40:29.659301+00:00,https://www.sportsbookreviewsonline.com/scoresoddsarchives/ncaa-football-2015-16,1.3
2015,912,AppalachianSt,Clemson,10,41,58,57,19,18.5,18.5,19.0,False,830,-1130,sportsbookreviewsonline.com,2026-08-31T17:40:29.659301+00:00,https://www.sportsbookreviewsonline.com/scoresoddsarchives/ncaa-football-2015-16,1.3
2015,912,Missouri,ArkansasState,27,20,13,9.5,57,54.5,9.5,13.0,False,-400,320,sportsbookreviewsonline.com,2026-08-31T17:40:29.659301+00:00,https://www.sportsbookreviewsonline.com/scoresoddsarchives/ncaa-football-2015-16,1.3
2015,912,EasternMichigan,Wyoming,48,29,57,52,14,11,11.0,14.0,False,330,-420,sportsbookreviewsonline.com,2026-08-31T17:40:29.659301+00:00,https://www.sportsbookreviewsonline.com/scoresoddsarchives/ncaa-football-2015-16,1.3
2015,912,Massachusetts,Colorado,14,48,62,61,13.5,13,13.0,13.5,False,410,-535,sportsbookreviewsonline.com,2026-08-31T17:40:29.659301+00:00,https://www.sportsbookreviewsonline.com/scoresoddsarchives/ncaa-football-2015-16,1.3
2015,912,MinnesotaU,ColoradoState,23,20,4.5,4,54,60,4.0,4.5,False,-185,160,sportsbookreviewsonline.com,2026-08-31T17:40:29.659301+00:00,https://www.sportsbookreviewsonline.com/scoresoddsarchives/ncaa-football-2015-16,1.3
2015,912,OregonState,Michigan,7,35,49.5,46,14,13.5,13.5,14.0,False,475,-625,sportsbookreviewsonline.com,2026-08-31T17:40:29.659301+00:00,https://www.sportsbookreviewsonline.com/scoresoddsarchives/ncaa-football-2015-16,1.3
2015,912,Tulane,GeorgiaTech,10,65,54.5,60,29,32.5,32.5,29.0,False,5370,-13370,sportsbookreviewsonline.com,2026-08-31T17:40:29.659301+00:00,https://www.sportsbookreviewsonline.com/scoresoddsarchives/ncaa-football-2015-16,1.3
2015,912,Georgia,Vanderbilt,31,14,19,18,56,49,18.0,19.0,False,-975,725,sportsbookreviewsonline.com,2026-08-31T17:40:29.659301+00:00,https://www.sportsbookreviewsonline.com/scoresoddsarchives/ncaa-football-2015-16,1.3
2015,912,BoiseState,BYU,24,35,2,2,56.5,56,2.0,2.0,False,-135,115,sportsbookreviewsonline.com,2026-08-31T17:40:29.659301+00:00,https://www.sportsbookreviewsonline.com/scoresoddsarchives/ncaa-football-2015-16,1.3
2015,912,NotreDame,Virginia,34,27,10,13.5,51.5,47,13.5,10.0,False,-585,460,sportsbookreviewsonline.com,2026-08-31T17:40:29.659301+00:00,https://www.sportsbookreviewsonline.com/scoresoddsarchives/ncaa-football-2015-16,1.3
2015,912,Iowa,IowaState,31,17,4.5,3,54,47.5,3.0,4.5,False,-165,145,sportsbookreviewsonline.com,2026-08-31T17:40:29.659301+00:00,https://www.sportsbookreviewsonline.com/scoresoddsarchives/ncaa-football-2015-16,1.3
2015,912,SanDiegoState,California,7,35,61,59,7.5,12.5,12.5,7.5,False,400,-525,sportsbookreviewsonline.com,2026-08-31T17:40:29.659301+00:00,https://www.sportsbookreviewsonline.com/scoresoddsarchives/ncaa-football-2015-16,1.3
2015,912,Memphis,Kansas,55,23,11.5,11.5,54.5,63,11.5,11.5,False,-515,390,sportsbookreviewsonline.com,2026-08-31T17:40:29.659301+00:00,https://www.sportsbookreviewsonline.com/scoresoddsarchives/ncaa-football-2015-16,1.3
2015,912,Toledo,Arkansas,16,12,54.5,56,22,22.5,22.5,22.0,False,1085,-1535,sportsbookreviewsonline.com,2026-08-31T17:40:29.659301+00:00,https://www.sportsbookreviewsonline.com/scoresoddsarchives/ncaa-football-2015-16,1.3
2015,912,MiddleTennSt,Alabama,10,37,57,56.5,36,34.5,34.5,36.0,False,6335,-16335,sportsbookreviewsonline.com,2026-08-31T17:40:29.659301+00:00,https://www.sportsbookreviewsonline.com/scoresoddsarchives/ncaa-football-2015-16,1.3
2015,912,SanJoseState,AirForce,16,37,53.5,58.5,7,4,4.0,7.0,False,170,-195,sportsbookreviewsonline.com,2026-08-31T17:40:29.659301+00:00,https://www.sportsbookreviewsonline.com/scoresoddsarchives/ncaa-football-2015-16,1.3
2015,912,PittsburghU,Akron,24,7,13.5,12,52,50,12.0,13.5,False,-475,375,sportsbookreviewsonline.com,2026-08-31T17:40:29.659301+00:00,https://www.sportsbookreviewsonline.com/scoresoddsarchives/ncaa-football-2015-16,1.3
2015,912,BowlingGreen,Maryland,48,27,63.5,70.5,9,7,7.0,9.0,False,230,-280,sportsbookreviewsonline.com,2026-08-31T17:40:29.659301+00:00,https://www.sportsbookreviewsonline.com/scoresoddsarchives/ncaa-football-2015-16,1.3
2015,912,ArizonaU,Nevada,44,20,11,9.5,62,63.5,9.5,11.0,False,-375,305,sportsbookreviewsonline.com,2026-08-31T17:40:29.659301+00:00,https://www.sportsbookreviewsonline.com/scoresoddsarchives/ncaa-football-2015-16,1.3
2015,912,Kentucky,SouthCarolina,26,22,58.5,55.5,9.5,7,7.0,9.5,False,220,-270,sportsbookreviewsonline.com,2026-08-31T17:40:29.659301+00:00,https://www.sportsbookreviewsonline.com/scoresoddsarchives/ncaa-football-2015-16,1.3
2015,912,NorthTexas,SMU,13,31,56,59.5,3,6,6.0,3.0,False,190,-225,sportsbookreviewsonline.com,2026-08-31T17:40:29.659301+00:00,https://www.sportsbookreviewsonline.com/scoresoddsarchives/ncaa-football-2015-16,1.3
2015,912,BallState,TexasA&M,23,56,62,64.5,28.5,31,31.0,28.5,False,4015,-9515,sportsbookreviewsonline.com,2026-08-31T17:40:29.659301+00:00,https://www.sportsbookreviewsonline.com/scoresoddsarchives/ncaa-football-2015-16,1.3
2015,912,UTEP,TexasTech,20,69,65.5,65.5,19.5,20.5,20.5,19.5,False,830,-1180,sportsbookreviewsonline.com,2026-08-31T17:40:29.659301+00:00,https://www.sportsbookreviewsonline.com/scoresoddsarchives/ncaa-football-2015-16,1.3
2015,912,WashingtonState,Rutgers,37,34,63,62,pk,5.5,5.5,0.0,False,185,-215,sportsbookreviewsonline.com,2026-08-31T17:40:29.659301+00:00,https://www.sportsbookreviewsonline.com/scoresoddsarchives/ncaa-football-2015-16,1.3
2015,912,Oklahoma,TennesseeU,31,24,61,2.5,1,63.5,2.5,1.0,False,-135,115,sportsbookreviewsonline.com,2026-08-31T17:40:29.659301+00:00,https://www.sportsbookreviewsonline.com/scoresoddsarchives/ncaa-football-2015-16,1.3
2015,912,Rice,Texas,28,42,52,49.5,15.5,14.5,14.5,15.5,False,450,-600,sportsbookreviewsonline.com,2026-08-31T17:40:29.659301+00:00,https://www.sportsbookreviewsonline.com/scoresoddsarchives/ncaa-football-2015-16,1.3
2015,912,GeorgiaState,NewMexicoState,34,32,64.5,64,5.5,4.5,4.5,5.5,False,175,-205,sportsbookreviewsonline.com,2026-08-31T17:40:29.659301+00:00,https://www.sportsbookreviewsonline.com/scoresoddsarchives/ncaa-football-2015-16,1.3
2015,912,SouthAlabama,Nebraska,9,48,55.5,54,25.5,27,27.0,25.5,False,1875,-3125,sportsbookreviewsonline.com,2026-08-31T17:40:29.659301+00:00,https://www.sportsbookreviewsonline.com/scoresoddsarchives/ncaa-football-2015-16,1.3
2015,912,Oregon,MichiganState,28,31,67.5,66,2.5,4.5,4.5,2.5,False,190,-220,sportsbookreviewsonline.com,2026-08-31T17:40:29.659301+00:00,https://www.sportsbookreviewsonline.com/scoresoddsarchives/ncaa-football-2015-16,1.3
2015,912,FloridaIntl,Indiana,22,36,54,56,7.5,8.5,8.5,7.5,False,270,-330,sportsbookreviewsonline.com,2026-08-31T17:40:29.659301+00:00,https://www.sportsbookreviewsonline.com/scoresoddsarchives/ncaa-football-2015-16,1.3
2015,912,Idaho,USC,9,59,66,66,43,44.5,44.5,43.0,False,NL,NL,sportsbookreviewsonline.com,2026-08-31T17:40:29.659301+00:00,https://www.sportsbookreviewsonline.com/scoresoddsarchives/ncaa-football-2015-16,1.3
2015,912,Tulsa,NewMexico,40,21,67.5,71.5,4,6.5,6.5,4.0,False,215,-265,sportsbookreviewsonline.com,2026-08-31T17:40:29.659301+00:00,https://www.sportsbookreviewsonline.com/scoresoddsarchives/ncaa-football-2015-16,1.3
2015,912,CentralFlorida,Stanford,7,31,43,46,17,20,20.0,17.0,False,875,-1225,sportsbookreviewsonline.com,2026-08-31T17:40:29.659301+00:00,https://www.sportsbookreviewsonline.com/scoresoddsarchives/ncaa-football-2015-16,1.3
2015,912,UCLA,UNLV,37,3,28.5,32.5,62,66,32.5,28.5,False,-12560,5060,sportsbookreviewsonline.com,2026-08-31T17:40:29.659301+00:00,https://www.sportsbookreviewsonline.com/scoresoddsarchives/ncaa-football-2015-16,1.3
2015,912,WesternIllinois,Illinois,0,44,NL,59.5,26.5,23,23.0,,False,1500,-3000,sportsbookreviewsonline.com,2026-08-31T17:40:29.659301+00:00,https://www.sportsbookreviewsonline.com/scoresoddsarchives/ncaa-football-2015-16,1.3
2015,912,IndianaSt,Purdue,14,38,NL,53,15,15,15.0,,False,500,-700,sportsbookreviewsonline.com,2026-08-31T17:40:29.659301+00:00,https://www.sportsbookreviewsonline.com/scoresoddsarchives/ncaa-football-2015-16,1.3
2015,912,JacksonvilleSt,Auburn,20,27,NL,63,45,39.5,39.5,,False,20000,-60000,sportsbookreviewsonline.com,2026-08-31T17:40:29.659301+00:00,https://www.sportsbookreviewsonline.com/scoresoddsarchives/ncaa-football-2015-16,1.3
2015,912,Howard,BostonCollege,0,76,NL,58.5,44,44,44.0,,False,55000,-165000,sportsbookreviewsonline.com,2026-08-31T17:40:29.659301+00:00,https://www.sportsbookreviewsonline.com/scoresoddsarchives/ncaa-football-2015-16,1.3
2015,912,CSSacramento,WashingtonU,0,49,NL,61,30.5,30.5,30.5,,False,4500,-11000,sportsbookreviewsonline.com,2026-08-31T17:40:29.659301+00:00,https://www.sportsbookreviewsonline.com/scoresoddsarchives/ncaa-football-2015-16,1.3
2015,912,Liberty,WestVirginia,17,41,NL,59.5,36,32,32.0,,False,8000,-21500,sportsbookreviewsonline.com,2026-08-31T17:40:29.659301+00:00,https://www.sportsbookreviewsonline.com/scoresoddsarchives/ncaa-football-2015-16,1.3
2015,912,Monmouth,CentralMichigan,10,31,NL,56.5,23,20.5,20.5,,False,950,-1450,sportsbookreviewsonline.com,2026-08-31T17:40:29.659301+00:00,https://www.sportsbookreviewsonline.com/scoresoddsarchives/ncaa-football-2015-16,1.3
2015,912,AustinPeay,SouthernMiss,6,52,NL,49.5,36.5,36,36.0,,False,18000,-54000,sportsbookreviewsonline.com,2026-08-31T17:40:29.659301+00:00,https://www.sportsbookreviewsonline.com/scoresoddsarchives/ncaa-football-2015-16,1.3
2015,912,MurraySt,NoIllinois,26,57,NL,77,28.5,29,29.0,,False,5500,-13500,sportsbookreviewsonline.com,2026-08-31T17:40:29.659301+00:00,https://www.sportsbookreviewsonline.com/scoresoddsarchives/ncaa-football-2015-16,1.3
2015,912,Furman,VirginiaTech,3,42,NL,44,NL,35,35.0,,False,7000,-18500,sportsbookreviewsonline.com,2026-08-31T17:40:29.659301+00:00,https://www.sportsbookreviewsonline.com/scoresoddsarchives/ncaa-football-2015-16,1.3
2015,912,EasternIllinois,Northwestern,0,41,NL,50,21,24,24.0,,False,1450,-2750,sportsbookreviewsonline.com,2026-08-31T17:40:29.659301+00:00,https://www.sportsbookreviewsonline.com/scoresoddsarchives/ncaa-football-2015-16,1.3
2015,912,N.CarolinaA&T,NorthCarolina,14,53,NL,66,31.5,33.5,33.5,,False,5500,-13500,sportsbookreviewsonline.com,2026-08-31T17:40:29.659301+00:00,https://www.sportsbookreviewsonline.com/scoresoddsarchives/ncaa-football-2015-16,1.3
2015,912,EasternKentucky,NCState,0,35,NL,59,27.5,24,24.0,,False,1400,-2500,sportsbookreviewsonline.com,2026-08-31T17:40:29.659301+00:00,https://www.sportsbookreviewsonline.com/scoresoddsarchives/ncaa-football-2015-16,1.3
2015,912,NCCentral,Duke,0,55,NL,60.5,36.5,32,32.0,,False,6000,-15000,sportsbookreviewsonline.com,2026-08-31T17:40:29.659301+00:00,https://www.sportsbookreviewsonline.com/scoresoddsarchives/ncaa-football-2015-16,1.3
2015,912,DelawareSt,KentState,13,45,NL,43,NL,29.5,29.5,,False,3500,-8500,sportsbookreviewsonline.com,2026-08-31T17:40:29.659301+00:00,https://www.sportsbookreviewsonline.com/scoresoddsarchives/ncaa-football-2015-16,1.3
2015,912,StephenF.Austin,TCU,7,70,NL,70.5,45.5,46,46.0,,False,85000,-255000,sportsbookreviewsonline.com,2026-08-31T17:40:29.659301+00:00,https://www.sportsbookreviewsonline.com/scoresoddsarchives/ncaa-football-2015-16,1.3
2015,912,NorthwesternSt,ULLafayette,17,44,NL,59,21,23,23.0,,False,1350,-2300,sportsbookreviewsonline.com,2026-08-31T17:40:29.659301+00:00,https://www.sportsbookreviewsonline.com/scoresoddsarchives/ncaa-football-2015-16,1.3
2015,912,NichollsSt,ULMonroe,0,47,NL,57,39.5,39.5,39.5,,False,20000,-60000,sportsbookreviewsonline.com,2026-08-31T17:40:29.659301+00:00,https://www.sportsbookreviewsonline.com/scoresoddsarchives/ncaa-football-2015-16,1.3
2015,912,PrairieView,TexasState,24,63,NL,73,27,27,27.0,,False,1075,-1650,sportsbookreviewsonline.com,2026-08-31T17:40:29.659301+00:00,https://www.sportsbookreviewsonline.com/scoresoddsarchives/ncaa-football-2015-16,1.3
2015,912,CharlestonSou,Troy,16,44,NL,54,3,4.5,4.5,,False,165,-190,sportsbookreviewsonline.com,2026-08-31T17:40:29.659301+00:00,https://www.sportsbookreviewsonline.com/scoresoddsarchives/ncaa-football-2015-16,1.3
2015,912,NorfolkSt,OldDominion,10,24,NL,59,24,24,24.0,,False,1400,-2500,sportsbookreviewsonline.com,2026-08-31T17:40:29.659301+00:00,https://www.sportsbookreviewsonline.com/scoresoddsarchives/ncaa-football-2015-16,1.3
2015,912,Lamar,Baylor,31,66,NL,78,56.5,57.5,57.5,,False,NL,NL,sportsbookreviewsonline.com,2026-08-31T17:40:29.659301+00:00,https://www.sportsbookreviewsonline.com/scoresoddsarchives/ncaa-football-2015-16,1.3
2015,912,CentralArkansas,OklahomaState,8,32,NL,72,35,37,37.0,,False,13000,-39000,sportsbookreviewsonline.com,2026-08-31T17:40:29.659301+00:00,https://www.sportsbookreviewsonline.com/scoresoddsarchives/ncaa-football-2015-16,1.3
2015,912,CalPoly,ArizonaState,21,35,NL,64.5,34.5,35.5,35.5,,False,9000,-25000,sportsbookreviewsonline.com,2026-08-31T17:40:29.659301+00:00,https://www.sportsbookreviewsonline.com/scoresoddsarchives/ncaa-football-2015-16,1.3
2015,917,Clemson,Louisville,20,17,4.5,5,54,54,5.0,4.5,False,-215,185,sportsbookreviewsonline.com,2026-08-31T17:40:29.659301+00:00,https://www.sportsbookreviewsonline.com/scoresoddsarchives/ncaa-football-2015-16,1.3
2015,918,FloridaState,BostonCollege,14,0,9,9.5,51.5,47.5,9.5,9.0,False,-400,325,sportsbookreviewsonline.com,2026-08-31T17:40:29.659301+00:00,https://www.sportsbookreviewsonline.com/scoresoddsarchives/ncaa-football-2015-16,1.3
2015,918,NewMexico,ArizonaState,10,34,65.5,63.5,24.5,25.5,25.5,24.5,False,1400,-3000,sportsbookreviewsonline.com,2026-08-31T17:40:29.659301+00:00,https://www.sportsbookreviewsonline.com/scoresoddsarchives/ncaa-football-2015-16,1.3
2015,918,IdahoSt,BoiseState,0,52,56,61.5,28,28,28.0,28.0,False,NL,NL,sportsbookreviewsonline.com,2026-08-31T17:40:29.659301+00:00,https://www.sportsbookreviewsonline.com/scoresoddsarchives/ncaa-football-2015-16,1.3
2015,919,WakeForest,Army,17,14,3,7,46,49.5,7.0,3.0,False,-285,235,sportsbookreviewsonline.com,2026-08-31T17:40:29.659301+00:00,https://www.sportsbookreviewsonline.com/scoresoddsarchives/ncaa-football-2015-16,1.3
2015,919,Temple,Massachusetts,25,23,11,13.5,49,55,13.5,11.0,False,-515,390,sportsbookreviewsonline.com,2026-08-31T17:40:29.659301+00:00,https://www.sportsbookreviewsonline.com/scoresoddsarchives/ncaa-football-2015-16,1.3
2015,919,UNLV,Michigan,7,28,49.5,50,34,32.5,32.5,34.0,False,4705,-11705,sportsbookreviewsonline.com,2026-08-31T17:40:29.659301+00:00,https://www.sportsbookreviewsonline.com/scoresoddsarchives/ncaa-football-2015-16,1.3
2015,919,BallState,EasternMichigan,28,17,7,4.5,61.5,61.5,4.5,7.0,False,-190,165,sportsbookreviewsonline.com,2026-08-31T17:40:29.659301+00:00,https://www.sportsbookreviewsonline.com/scoresoddsarchives/ncaa-football-2015-16,1.3
2015,919,Charlotte,MiddleTennSt,14,73,56,65.5,18,19,19.0,18.0,False,760,-1060,sportsbookreviewsonline.com,2026-08-31T17:40:29.659301+00:00,https://www.sportsbookreviewsonline.com/scoresoddsarchives/ncaa-football-2015-16,1.3
2015,919,KentState,MinnesotaU,7,10,48.5,47,22.5,24,24.0,22.5,False,1250,-1900,sportsbookreviewsonline.com,2026-08-31T17:40:29.659301+00:00,https://www.sportsbookreviewsonline.com/scoresoddsarchives/ncaa-football-2015-16,1.3
2015,919,BuffaloU,FloridaAtlantic,33,15,63.5,59.5,pk,2.5,2.5,0.0,False,125,-145,sportsbookreviewsonline.com,2026-08-31T17:40:29.659301+00:00,https://www.sportsbookreviewsonline.com/scoresoddsarchives/ncaa-football-2015-16,1.3
2015,919,Troy,Wisconsin,3,28,60,59,35,29,29.0,35.0,False,3110,-7110,sportsbookreviewsonline.com,2026-08-31T17:40:29.659301+00:00,https://www.sportsbookreviewsonline.com/scoresoddsarchives/ncaa-football-2015-16,1.3
2015,919,Illinois,NorthCarolina,14,48,63,63,6.5,7,7.0,6.5,False,225,-275,sportsbookreviewsonline.com,2026-08-31T17:40:29.659301+00:00,https://www.sportsbookreviewsonline.com/scoresoddsarchives/ncaa-football-2015-16,1.3
2015,919,NoIllinois,OhioState,13,20,64.5,67.5,33,34.5,34.5,33.0,False,6330,-16330,sportsbookreviewsonline.com,2026-08-31T17:40:29.659301+00:00,https://www.sportsbookreviewsonline.com/scoresoddsarchives/ncaa-football-2015-16,1.3
2015,919,NCState,OldDominion,38,14,16,17.5,64.5,57,17.5,16.0,False,-875,625,sportsbookreviewsonline.com,2026-08-31T17:40:29.659301+00:00,https://www.sportsbookreviewsonline.com/scoresoddsarchives/ncaa-football-2015-16,1.3
2015,919,Tulsa,Oklahoma,38,52,66,70.5,30.5,33,33.0,30.5,False,4915,-12415,sportsbookreviewsonline.com,2026-08-31T17:40:29.659301+00:00,https://www.sportsbookreviewsonline.com/scoresoddsarchives/ncaa-football-2015-16,1.3
2015,919,CentralMichigan,Syracuse,27,30,46,47,5,8,8.0,5.0,False,270,-330,sportsbookreviewsonline.com,2026-08-31T17:40:29.659301+00:00,https://www.sportsbookreviewsonline.com/scoresoddsarchives/ncaa-football-2015-16,1.3
2015,919,Northwestern,Duke,19,10,47.5,50,3,4,4.0,3.0,False,155,-175,sportsbookreviewsonline.com,2026-08-31T17:40:29.659301+00:00,https://www.sportsbookreviewsonline.com/scoresoddsarchives/ncaa-football-2015-16,1.3
2015,919,Nevada,TexasA&M,27,44,64.5,64.5,29,31.5,31.5,29.0,False,4500,-11000,sportsbookreviewsonline.com,2026-08-31T17:40:29.659301+00:00,https://www.sportsbookreviewsonline.com/scoresoddsarchives/ncaa-football-2015-16,1.3
2015,919,GeorgiaState,Oregon,28,61,72,71,46.5,42.5,42.5,46.5,False,35000,-105000,sportsbookreviewsonline.com,2026-08-31T17:40:29.659301+00:00,https://www.sportsbookreviewsonline.com/scoresoddsarchives/ncaa-football-2015-16,1.3
2015,919,Rice,NorthTexas,38,24,6,7,57,53,7.0,6.0,False,-280,230,sportsbookreviewsonline.com,2026-08-31T17:40:29.659301+00:00,https://www.sportsbookreviewsonline.com/scoresoddsarchives/ncaa-football-2015-16,1.3
2015,919,LouisianaTech,KansasState,33,39,55,52,10,10,10.0,10.0,False,320,-400,sportsbookreviewsonline.com,2026-08-31T17:40:29.659301+00:00,https://www.sportsbookreviewsonline.com/scoresoddsarchives/ncaa-football-2015-16,1.3
2015,919,SouthCarolina,Georgia,20,52,55.5,54,15,15,15.0,15.0,False,525,-675,sportsbookreviewsonline.com,2026-08-31T17:40:29.659301+00:00,https://www.sportsbookreviewsonline.com/scoresoddsarchives/ncaa-football-2015-16,1.3
2015,919,EastCarolina,Navy,21,45,60,58.5,4,4.5,4.5,4.0,False,175,-205,sportsbookreviewsonline.com,2026-08-31T17:40:29.659301+00:00,https://www.sportsbookreviewsonline.com/scoresoddsarchives/ncaa-football-2015-16,1.3
2015,919,Auburn,LSU,21,45,52.5,50,7,6.5,6.5,7.0,False,220,-260,sportsbookreviewsonline.com,2026-08-31T17:40:29.659301+00:00,https://www.sportsbookreviewsonline.com/scoresoddsarchives/ncaa-football-2015-16,1.3
2015,919,Mississippi,Alabama,43,37,49.5,52,8,9,9.0,8.0,False,270,-330,sportsbookreviewsonline.com,2026-08-31T17:40:29.659301+00:00,https://www.sportsbookreviewsonline.com/scoresoddsarchives/ncaa-football-2015-16,1.3
2015,919,VirginiaTech,Purdue,51,24,5.5,5.5,48,49,5.5,5.5,False,-215,185,sportsbookreviewsonline.com,2026-08-31T17:40:29.659301+00:00,https://www.sportsbookreviewsonline.com/scoresoddsarchives/ncaa-football-2015-16,1.3
2015,919,TexSanAntonio,OklahomaState,14,69,54,56,25.5,25.5,25.5,25.5,False,1630,-2580,sportsbookreviewsonline.com,2026-08-31T17:40:29.659301+00:00,https://www.sportsbookreviewsonline.com/scoresoddsarchives/ncaa-football-2015-16,1.3
2015,919,Nebraska,MiamiFlorida,33,36,56.5,59,3,3.5,3.5,3.0,False,145,-165,sportsbookreviewsonline.com,2026-08-31T17:40:29.659301+00:00,https://www.sportsbookreviewsonline.com/scoresoddsarchives/ncaa-football-2015-16,1.3
2015,919,GeorgiaTech,NotreDame,22,30,59,56.5,1.5,1,1.0,1.5,False,-110,-110,sportsbookreviewsonline.com,2026-08-31T17:40:29.659301+00:00,https://www.sportsbookreviewsonline.com/scoresoddsarchives/ncaa-football-2015-16,1.3
2015,919,UtahState,WashingtonU,17,31,47,45.5,5.5,7,7.0,5.5,False,230,-280,sportsbookreviewsonline.com,2026-08-31T17:40:29.659301+00:00,https://www.sportsbookreviewsonline.com/scoresoddsarchives/ncaa-football-2015-16,1.3
2015,919,SouthernMiss,TexasState,56,50,60.5,66.5,1.5,1.5,1.5,1.5,False,105,-125,sportsbookreviewsonline.com,2026-08-31T17:40:29.659301+00:00,https://www.sportsbookreviewsonline.com/scoresoddsarchives/ncaa-football-2015-16,1.3
2015,919,CincinnatiU,MiamiOhio,37,33,18,21,60,59.5,21.0,18.0,False,-1335,935,sportsbookreviewsonline.com,2026-08-31T17:40:29.659301+00:00,https://www.sportsbookreviewsonline.com/scoresoddsarchives/ncaa-football-2015-16,1.3
2015,919,IowaState,Toledo,23,30,57,58,6.5,7.5,7.5,6.5,False,245,-305,sportsbookreviewsonline.com,2026-08-31T17:40:29.659301+00:00,https://www.sportsbookreviewsonline.com/scoresoddsarchives/ncaa-football-2015-16,1.3
2015,919,TexasTech,Arkansas,35,24,64.5,69,9.5,10,10.0,9.5,False,315,-395,sportsbookreviewsonline.com,2026-08-31T17:40:29.659301+00:00,https://www.sportsbookreviewsonline.com/scoresoddsarchives/ncaa-football-2015-16,1.3
2015,919,Memphis,BowlingGreen,44,41,4,3.5,69.5,71.5,3.5,4.0,False,-160,140,sportsbookreviewsonline.com,2026-08-31T17:40:29.659301+00:00,https://www.sportsbookreviewsonline.com/scoresoddsarchives/ncaa-football-2015-16,1.3
2015,919,Colorado,ColoradoState,27,24,3.5,3,60,56,3.0,3.5,False,-155,135,sportsbookreviewsonline.com,2026-08-31T17:40:29.659301+00:00,https://www.sportsbookreviewsonline.com/scoresoddsarchives/ncaa-football-2015-16,1.3
2015,919,SouthFlorida,Maryland,17,35,52.5,52,8.5,6,6.0,8.5,False,205,-245,sportsbookreviewsonline.com,2026-08-31T17:40:29.659301+00:00,https://www.sportsbookreviewsonline.com/scoresoddsarchives/ncaa-football-2015-16,1.3
2015,919,Connecticut,Missouri,6,9,45,41,22,21,21.0,22.0,False,990,-1390,sportsbookreviewsonline.com,2026-08-31T17:40:29.659301+00:00,https://www.sportsbookreviewsonline.com/scoresoddsarchives/ncaa-football-2015-16,1.3
2015,919,Florida,Kentucky,14,9,3,3.5,53.5,53,3.5,3.0,False,-165,145,sportsbookreviewsonline.com,2026-08-31T17:40:29.659301+00:00,https://www.sportsbookreviewsonline.com/scoresoddsarchives/ncaa-football-2015-16,1.3
2015,919,WesternKentucky,Indiana,35,38,66,72,2,2.5,2.5,2.0,False,125,-145,sportsbookreviewsonline.com,2026-08-31T17:40:29.659301+00:00,https://www.sportsbookreviewsonline.com/scoresoddsarchives/ncaa-football-2015-16,1.3
2015,919,California,Texas,45,44,3,5,60,58,5.0,3.0,False,-215,185,sportsbookreviewsonline.com,2026-08-31T17:40:29.659301+00:00,https://www.sportsbookreviewsonline.com/scoresoddsarchives/ncaa-football-2015-16,1.3
2015,919,SanJoseState,OregonState,21,35,53,50,9,6,6.0,9.0,False,205,-245,sportsbookreviewsonline.com,2026-08-31T17:40:29.659301+00:00,https://www.sportsbookreviewsonline.com/scoresoddsarchives/ncaa-football-2015-16,1.3
2015,919,SMU,TCU,37,56,63.5,69,38,37,37.0,38.0,False,10530,-33030,sportsbookreviewsonline.com,2026-08-31T17:40:29.659301+00:00,https://www.sportsbookreviewsonline.com/scoresoddsarchives/ncaa-football-2015-16,1.3
2015,919,UTEP,NewMexicoState,50,47,5,3,62.5,60,3.0,5.0,False,-145,125,sportsbookreviewsonline.com,2026-08-31T17:40:29.659301+00:00,https://www.sportsbookreviewsonline.com/scoresoddsarchives/ncaa-football-2015-16,1.3
2015,919,Rutgers,PennState,3,28,45,47,8.5,8.5,8.5,8.5,False,300,-370,sportsbookreviewsonline.com,2026-08-31T17:40:29.659301+00:00,https://www.sportsbookreviewsonline.com/scoresoddsarchives/ncaa-football-2015-16,1.3
2015,919,SouthAlabama,SanDiegoState,34,27,51.5,47.5,15,17.5,17.5,15.0,False,685,-935,sportsbookreviewsonline.com,2026-08-31T17:40:29.659301+00:00,https://www.sportsbookreviewsonline.com/scoresoddsarchives/ncaa-football-2015-16,1.3
2015,919,Stanford,USC,41,31,51.5,50.5,9.5,9.5,9.5,9.5,False,325,-395,sportsbookreviewsonline.com,2026-08-31T17:40:29.659301+00:00,https://www.sportsbookreviewsonline.com/scoresoddsarchives/ncaa-football-2015-16,1.3
2015,919,PittsburghU,Iowa,24,27,51.5,48.5,3.5,4,4.0,3.5,False,170,-195,sportsbookreviewsonline.com,2026-08-31T17:40:29.659301+00:00,https://www.sportsbookreviewsonline.com/scoresoddsarchives/ncaa-football-2015-16,1.3
2015,919,AirForce,MichiganState,21,35,60.5,54.5,26.5,24.5,24.5,26.5,False,1475,-2325,sportsbookreviewsonline.com,2026-08-31T17:40:29.659301+00:00,https://www.sportsbookreviewsonline.com/scoresoddsarchives/ncaa-football-2015-16,1.3
2015,919,Wyoming,WashingtonState,14,31,60,66.5,24,26,26.0,24.0,False,1645,-2695,sportsbookreviewsonline.com,2026-08-31T17:40:29.659301+00:00,https://www.sportsbookreviewsonline.com/scoresoddsarchives/ncaa-football-2015-16,1.3
2015,919,BYU,UCLA,23,24,60,58,15.5,16.5,16.5,15.5,False,670,-920,sportsbookreviewsonline.com,2026-08-31T17:40:29.659301+00:00,https://www.sportsbookreviewsonline.com/scoresoddsarchives/ncaa-football-2015-16,1.3
2015,919,Utah,FresnoState,45,24,16,11,55.5,53,11.0,16.0,False,-475,375,sportsbookreviewsonline.com,2026-08-31T17:40:29.659301+00:00,https://www.sportsbookreviewsonline.com/scoresoddsarchives/ncaa-football-2015-16,1.3
2015,919,SavannahSt,Akron,9,52,NL,59.5,45,44.5,44.5,,False,55000,-165000,sportsbookreviewsonline.com,2026-08-31T17:40:29.659301+00:00,https://www.sportsbookreviewsonline.com/scoresoddsarchives/ncaa-football-2015-16,1.3
2015,919,SELouisiana,Ohio,14,35,NL,48,13.5,14.5,14.5,,False,450,-600,sportsbookreviewsonline.com,2026-08-31T17:40:29.659301+00:00,https://www.sportsbookreviewsonline.com/scoresoddsarchives/ncaa-football-2015-16,1.3
2015,919,NorfolkSt,Marshall,7,45,NL,55,41,40,40.0,,False,22500,-67500,sportsbookreviewsonline.com,2026-08-31T17:40:29.659301+00:00,https://www.sportsbookreviewsonline.com/scoresoddsarchives/ncaa-football-2015-16,1.3
2015,919,William&Mary,Virginia,29,35,NL,45,21,22,22.0,,False,1150,-1800,sportsbookreviewsonline.com,2026-08-31T17:40:29.659301+00:00,https://www.sportsbookreviewsonline.com/scoresoddsarchives/ncaa-football-2015-16,1.3
2015,919,NorthwesternSt,MississippiSt,13,62,NL,60,40,38.5,38.5,,False,16500,-49500,sportsbookreviewsonline.com,2026-08-31T17:40:29.659301+00:00,https://www.sportsbookreviewsonline.com/scoresoddsarchives/ncaa-football-2015-16,1.3
2015,919,AustinPeay,Vanderbilt,7,47,NL,54,44,47,47.0,,False,70000,-210000,sportsbookreviewsonline.com,2026-08-31T17:40:29.659301+00:00,https://www.sportsbookreviewsonline.com/scoresoddsarchives/ncaa-football-2015-16,1.3
2015,919,Wofford,Idaho,38,41,NL,62,1.5,pk,0.0,,False,-110,-110,sportsbookreviewsonline.com,2026-08-31T17:40:29.659301+00:00,https://www.sportsbookreviewsonline.com/scoresoddsarchives/ncaa-football-2015-16,1.3
2015,919,TheCitadel,GeorgiaSouthern,13,48,NL,56,24.5,22,22.0,,False,1100,-1700,sportsbookreviewsonline.com,2026-08-31T17:40:29.659301+00:00,https://www.sportsbookreviewsonline.com/scoresoddsarchives/ncaa-football-2015-16,1.3
2015,919,Furman,CentralFlorida,16,15,NL,52.5,27,24,24.0,,False,1400,-2500,sportsbookreviewsonline.com,2026-08-31T17:40:29.659301+00:00,https://www.sportsbookreviewsonline.com/scoresoddsarchives/ncaa-football-2015-16,1.3
2015,919,NCCentral,FloridaIntl,14,39,NL,46,21.5,21,21.0,,False,1100,-1700,sportsbookreviewsonline.com,2026-08-31T17:40:29.659301+00:00,https://www.sportsbookreviewsonline.com/scoresoddsarchives/ncaa-football-2015-16,1.3
2015,919,MurraySt,WesternMichigan,20,52,NL,72,28.5,28.5,28.5,,False,3250,-7500,sportsbookreviewsonline.com,2026-08-31T17:40:29.659301+00:00,https://www.sportsbookreviewsonline.com/scoresoddsarchives/ncaa-football-2015-16,1.3
2015,919,MissouriSt,ArkansasState,7,70,NL,61,20,23,23.0,,False,1350,-2300,sportsbookreviewsonline.com,2026-08-31T17:40:29.659301+00:00,https://www.sportsbookreviewsonline.com/scoresoddsarchives/ncaa-football-2015-16,1.3
2015,919,WesternCarolina,TennesseeU,10,55,NL,63,35,37,37.0,,False,13000,-39000,sportsbookreviewsonline.com,2026-08-31T17:40:29.659301+00:00,https://www.sportsbookreviewsonline.com/scoresoddsarchives/ncaa-football-2015-16,1.3
2015,919,Maine,Tulane,7,38,NL,39,11,10,10.0,,False,315,-380,sportsbookreviewsonline.com,2026-08-31T17:40:29.659301+00:00,https://www.sportsbookreviewsonline.com/scoresoddsarchives/ncaa-football-2015-16,1.3
2015,919,NorthernArizona,ArizonaU,13,77,NL,63,34.5,35,35.0,,False,8500,-23000,sportsbookreviewsonline.com,2026-08-31T17:40:29.659301+00:00,https://www.sportsbookreviewsonline.com/scoresoddsarchives/ncaa-football-2015-16,1.3
2015,919,UCDavis,Hawaii,27,47,NL,54.5,21.5,21,21.0,,False,1075,-1650,sportsbookreviewsonline.com,2026-08-31T17:40:29.659301+00:00,https://www.sportsbookreviewsonline.com/scoresoddsarchives/ncaa-football-2015-16,1.3
2015,924,CincinnatiU,Memphis,46,53,67,70.5,7,7.5,7.5,7.0,False,240,-300,sportsbookreviewsonline.com,2026-08-31T17:40:29.659301+00:00,https://www.sportsbookreviewsonline.com/scoresoddsarchives/ncaa-football-2015-16,1.3
2015,925,BoiseState,Virginia,56,14,2.5,pk,53,48.5,0.0,2.5,False,-112,-107,sportsbookreviewsonline.com,2026-08-31T17:40:29.659301+00:00,https://www.sportsbookreviewsonline.com/scoresoddsarchives/ncaa-football-2015-16,1.3
2015,925,Stanford,OregonState,42,24,15.5,14,44.5,47,14.0,15.5,False,-550,430,sportsbookreviewsonline.com,2026-08-31T17:40:29.659301+00:00,https://www.sportsbookreviewsonline.com/scoresoddsarchives/ncaa-football-2015-16,1.3
2015,926,BYU,Michigan,0,31,48,48.5,5,7,7.0,5.0,False,230,-280,sportsbookreviewsonline.com,2026-08-31T17:40:29.659301+00:00,https://www.sportsbookreviewsonline.com/scoresoddsarchives/ncaa-football-2015-16,1.3
2015,926,Army,EasternMichigan,58,36,1,2,55,55,2.0,1.0,False,-120,100,sportsbookreviewsonline.com,2026-08-31T17:40:29.659301+00:00,https://www.sportsbookreviewsonline.com/scoresoddsarchives/ncaa-football-2015-16,1.3
2015,926,Nevada,BuffaloU,24,21,57,53,2,3,3.0,2.0,False,130,-150,sportsbookreviewsonline.com,2026-08-31T17:40:29.659301+00:00,https://www.sportsbookreviewsonline.com/scoresoddsarchives/ncaa-football-2015-16,1.3
2015,926,CentralMichigan,MichiganState,10,30,54,55.5,27.5,25,25.0,27.5,False,1600,-3200,sportsbookreviewsonline.com,2026-08-31T17:40:29.659301+00:00,https://www.sportsbookreviewsonline.com/scoresoddsarchives/ncaa-football-2015-16,1.3
2015,926,SouthernMiss,Nebraska,28,36,64,65,24,21,21.0,24.0,False,900,-1400,sportsbookreviewsonline.com,2026-08-31T17:40:29.659301+00:00,https://www.sportsbookreviewsonline.com/scoresoddsarchives/ncaa-football-2015-16,1.3
2015,926,Missouri,Kentucky,13,21,44.5,44,1.5,3,3.0,1.5,False,135,-155,sportsbookreviewsonline.com,2026-08-31T17:40:29.659301+00:00,https://www.sportsbookreviewsonline.com/scoresoddsarchives/ncaa-football-2015-16,1.3
2015,926,TexasState,HoustonU,14,59,69,73,16,17.5,17.5,16.0,False,645,-895,sportsbookreviewsonline.com,2026-08-31T17:40:29.659301+00:00,https://www.sportsbookreviewsonline.com/scoresoddsarchives/ncaa-football-2015-16,1.3
2015,926,Navy,Connecticut,28,18,9,7,53,48,7.0,9.0,False,-315,255,sportsbookreviewsonline.com,2026-08-31T17:40:29.659301+00:00,https://www.sportsbookreviewsonline.com/scoresoddsarchives/ncaa-football-2015-16,1.3
2015,926,VirginiaTech,EastCarolina,28,35,8,10,56.5,50.5,10.0,8.0,False,-405,325,sportsbookreviewsonline.com,2026-08-31T17:40:29.659301+00:00,https://www.sportsbookreviewsonline.com/scoresoddsarchives/ncaa-football-2015-16,1.3
2015,926,SanDiegoState,PennState,21,37,41,40,14.5,14.5,14.5,14.5,False,505,-655,sportsbookreviewsonline.com,2026-08-31T17:40:29.659301+00:00,https://www.sportsbookreviewsonline.com/scoresoddsarchives/ncaa-football-2015-16,1.3
2015,926,BowlingGreen,Purdue,35,28,72,4.5,2,74.5,4.5,2.0,False,-185,160,sportsbookreviewsonline.com,2026-08-31T17:40:29.659301+00:00,https://www.sportsbookreviewsonline.com/scoresoddsarchives/ncaa-football-2015-16,1.3
2015,926,Kansas,Rutgers,14,27,61.5,63,12.5,13.5,13.5,12.5,False,415,-540,sportsbookreviewsonline.com,2026-08-31T17:40:29.659301+00:00,https://www.sportsbookreviewsonline.com/scoresoddsarchives/ncaa-football-2015-16,1.3
2015,926,WesternMichigan,OhioState,12,38,57,62,28.5,34.5,34.5,28.5,False,7000,-20000,sportsbookreviewsonline.com,2026-08-31T17:40:29.659301+00:00,https://www.sportsbookreviewsonline.com/scoresoddsarchives/ncaa-football-2015-16,1.3
2015,926,ArkansasState,Toledo,7,37,57,58,9,4,4.0,9.0,False,165,-190,sportsbookreviewsonline.com,2026-08-31T17:40:29.659301+00:00,https://www.sportsbookreviewsonline.com/scoresoddsarchives/ncaa-football-2015-16,1.3
2015,926,Indiana,WakeForest,31,24,4,4,56,54,4.0,4.0,False,-170,150,sportsbookreviewsonline.com,2026-08-31T17:40:29.659301+00:00,https://www.sportsbookreviewsonline.com/scoresoddsarchives/ncaa-football-2015-16,1.3
2015,926,Maryland,WestVirginia,6,45,59,57,16,16.5,16.5,16.0,False,625,-825,sportsbookreviewsonline.com,2026-08-31T17:40:29.659301+00:00,https://www.sportsbookreviewsonline.com/scoresoddsarchives/ncaa-football-2015-16,1.3
2015,926,GeorgiaTech,Duke,20,34,9,7,58.5,55.5,7.0,9.0,False,-320,260,sportsbookreviewsonline.com,2026-08-31T17:40:29.659301+00:00,https://www.sportsbookreviewsonline.com/scoresoddsarchives/ncaa-football-2015-16,1.3
2015,926,Vanderbilt,Mississippi,16,27,59.5,54.5,27,27,27.0,27.0,False,1950,-3250,sportsbookreviewsonline.com,2026-08-31T17:40:29.659301+00:00,https://www.sportsbookreviewsonline.com/scoresoddsarchives/ncaa-football-2015-16,1.3
2015,926,NorthTexas,Iowa,16,62,51,54,24.5,25.5,25.5,24.5,False,1550,-3150,sportsbookreviewsonline.com,2026-08-31T17:40:29.659301+00:00,https://www.sportsbookreviewsonline.com/scoresoddsarchives/ncaa-football-2015-16,1.3
2015,926,MiddleTennSt,Illinois,25,27,61.5,61.5,6.5,3.5,3.5,6.5,False,145,-165,sportsbookreviewsonline.com,2026-08-31T17:40:29.659301+00:00,https://www.sportsbookreviewsonline.com/scoresoddsarchives/ncaa-football-2015-16,1.3
2015,926,NewMexico,Wyoming,38,28,2,4,54.5,59,4.0,2.0,False,-175,155,sportsbookreviewsonline.com,2026-08-31T17:40:29.659301+00:00,https://www.sportsbookreviewsonline.com/scoresoddsarchives/ncaa-football-2015-16,1.3
2015,926,FloridaIntl,LouisianaTech,17,27,62,55.5,14,14,14.0,14.0,False,480,-630,sportsbookreviewsonline.com,2026-08-31T17:40:29.659301+00:00,https://www.sportsbookreviewsonline.com/scoresoddsarchives/ncaa-football-2015-16,1.3
2015,926,Rice,Baylor,17,70,76,74,32.5,33,33.0,32.5,False,5400,-15400,sportsbookreviewsonline.com,2026-08-31T17:40:29.659301+00:00,https://www.sportsbookreviewsonline.com/scoresoddsarchives/ncaa-football-2015-16,1.3
2015,926,TexasA&M,Arkansas,28,21,5.5,6,60,61.5,6.0,5.5,False,-240,205,sportsbookreviewsonline.com,2026-08-31T17:40:29.659301+00:00,https://www.sportsbookreviewsonline.com/scoresoddsarchives/ncaa-football-2015-16,1.3
2015,926,TennesseeU,Florida,27,28,53.5,1,2,51.5,1.0,2.0,False,-120,100,sportsbookreviewsonline.com,2026-08-31T17:40:29.659301+00:00,https://www.sportsbookreviewsonline.com/scoresoddsarchives/ncaa-football-2015-16,1.3
2015,926,Ohio,MinnesotaU,24,27,44.5,47,11,7.5,7.5,11.0,False,265,-325,sportsbookreviewsonline.com,2026-08-31T17:40:29.659301+00:00,https://www.sportsbookreviewsonline.com/scoresoddsarchives/ncaa-football-2015-16,1.3
2015,926,MiamiOhio,WesternKentucky,14,56,64,66.5,20.5,20,20.0,20.5,False,825,-1125,sportsbookreviewsonline.com,2026-08-31T17:40:29.659301+00:00,https://www.sportsbookreviewsonline.com/scoresoddsarchives/ncaa-football-2015-16,1.3
2015,926,LSU,Syracuse,34,24,23.5,23.5,45,46,23.5,23.5,False,-1890,1240,sportsbookreviewsonline.com,2026-08-31T17:40:29.659301+00:00,https://www.sportsbookreviewsonline.com/scoresoddsarchives/ncaa-football-2015-16,1.3
2015,926,Massachusetts,NotreDame,27,62,56.5,61.5,29,28,28.0,29.0,False,3000,-7400,sportsbookreviewsonline.com,2026-08-31T17:40:29.659301+00:00,https://www.sportsbookreviewsonline.com/scoresoddsarchives/ncaa-football-2015-16,1.3
2015,926,NCState,SouthAlabama,63,13,16,17.5,54,55.5,17.5,16.0,False,-930,680,sportsbookreviewsonline.com,2026-08-31T17:40:29.659301+00:00,https://www.sportsbookreviewsonline.com/scoresoddsarchives/ncaa-football-2015-16,1.3
2015,926,GeorgiaSouthern,Idaho,44,20,16,16,66,66.5,16.0,16.0,False,-680,530,sportsbookreviewsonline.com,2026-08-31T17:40:29.659301+00:00,https://www.sportsbookreviewsonline.com/scoresoddsarchives/ncaa-football-2015-16,1.3
2015,926,Marshall,KentState,36,29,8.5,6.5,51,47,6.5,8.5,False,-265,215,sportsbookreviewsonline.com,2026-08-31T17:40:29.659301+00:00,https://www.sportsbookreviewsonline.com/scoresoddsarchives/ncaa-football-2015-16,1.3
2015,926,MississippiSt,Auburn,17,9,55.5,59,3.5,pk,0.0,3.5,False,100,-120,sportsbookreviewsonline.com,2026-08-31T17:40:29.659301+00:00,https://www.sportsbookreviewsonline.com/scoresoddsarchives/ncaa-football-2015-16,1.3
2015,926,ULMonroe,Alabama,0,34,55,53.5,38,37,37.0,38.0,False,10600,-44600,sportsbookreviewsonline.com,2026-08-31T17:40:29.659301+00:00,https://www.sportsbookreviewsonline.com/scoresoddsarchives/ncaa-football-2015-16,1.3
2015,926,FloridaAtlantic,Charlotte,17,7,9,10,63,65.5,10.0,9.0,False,-375,305,sportsbookreviewsonline.com,2026-08-31T17:40:29.659301+00:00,https://www.sportsbookreviewsonline.com/scoresoddsarchives/ncaa-football-2015-16,1.3
2015,926,TCU,TexasTech,55,52,7,5,81,83.5,5.0,7.0,False,-210,180,sportsbookreviewsonline.com,2026-08-31T17:40:29.659301+00:00,https://www.sportsbookreviewsonline.com/scoresoddsarchives/ncaa-football-2015-16,1.3
2015,926,Akron,ULLafayette,35,14,54.5,53.5,8,7.5,7.5,8.0,False,250,-310,sportsbookreviewsonline.com,2026-08-31T17:40:29.659301+00:00,https://www.sportsbookreviewsonline.com/scoresoddsarchives/ncaa-football-2015-16,1.3
2015,926,ColoradoState,TexSanAntonio,33,31,9.5,9,58.5,56,9.0,9.5,False,-360,290,sportsbookreviewsonline.com,2026-08-31T17:40:29.659301+00:00,https://www.sportsbookreviewsonline.com/scoresoddsarchives/ncaa-football-2015-16,1.3
2015,926,CentralFlorida,SouthCarolina,14,31,47,45,14,14,14.0,14.0,False,475,-625,sportsbookreviewsonline.com,2026-08-31T17:40:29.659301+00:00,https://www.sportsbookreviewsonline.com/scoresoddsarchives/ncaa-football-2015-16,1.3
2015,926,Utah,Oregon,62,20,68.5,63,14,10,10.0,14.0,False,305,-375,sportsbookreviewsonline.com,2026-08-31T17:40:29.659301+00:00,https://www.sportsbookreviewsonline.com/scoresoddsarchives/ncaa-football-2015-16,1.3
2015,926,AppalachianSt,OldDominion,49,0,7,7.5,58.5,54.5,7.5,7.0,False,-310,250,sportsbookreviewsonline.com,2026-08-31T17:40:29.659301+00:00,https://www.sportsbookreviewsonline.com/scoresoddsarchives/ncaa-football-2015-16,1.3
2015,926,NoIllinois,BostonCollege,14,17,47,44.5,4,3,3.0,4.0,False,145,-165,sportsbookreviewsonline.com,2026-08-31T17:40:29.659301+00:00,https://www.sportsbookreviewsonline.com/scoresoddsarchives/ncaa-football-2015-16,1.3
2015,926,OklahomaState,Texas,30,27,3,2.5,59,61,2.5,3.0,False,-145,125,sportsbookreviewsonline.com,2026-08-31T17:40:29.659301+00:00,https://www.sportsbookreviewsonline.com/scoresoddsarchives/ncaa-football-2015-16,1.3
2015,926,USC,ArizonaState,42,14,5.5,4.5,63,62,4.5,5.5,False,-200,175,sportsbookreviewsonline.com,2026-08-31T17:40:29.659301+00:00,https://www.sportsbookreviewsonline.com/scoresoddsarchives/ncaa-football-2015-16,1.3
2015,926,BallState,Northwestern,19,24,50.5,48.5,18.5,17.5,17.5,18.5,False,630,-880,sportsbookreviewsonline.com,2026-08-31T17:40:29.659301+00:00,https://www.sportsbookreviewsonline.com/scoresoddsarchives/ncaa-football-2015-16,1.3
2015,926,Hawaii,Wisconsin,0,28,51,52.5,27,24.5,24.5,27.0,False,1585,-2535,sportsbookreviewsonline.com,2026-08-31T17:40:29.659301+00:00,https://www.sportsbookreviewsonline.com/scoresoddsarchives/ncaa-football-2015-16,1.3
2015,926,UCLA,ArizonaU,56,30,3,1,64,64.5,1.0,3.0,False,-115,-105,sportsbookreviewsonline.com,2026-08-31T17:40:29.659301+00:00,https://www.sportsbookreviewsonline.com/scoresoddsarchives/ncaa-football-2015-16,1.3
2015,926,California,WashingtonU,30,24,2,1,61,60,1.0,2.0,False,-120,100,sportsbookreviewsonline.com,2026-08-31T17:40:29.659301+00:00,https://www.sportsbookreviewsonline.com/scoresoddsarchives/ncaa-football-2015-16,1.3
2015,926,FresnoState,SanJoseState,23,49,61,52,5,5.5,5.5,5.0,False,175,-205,sportsbookreviewsonline.com,2026-08-31T17:40:29.659301+00:00,https://www.sportsbookreviewsonline.com/scoresoddsarchives/ncaa-football-2015-16,1.3
2015,926,Samford,Louisville,3,45,NL,56.5,25.5,29,29.0,,False,5000,-12500,sportsbookreviewsonline.com,2026-08-31T17:40:29.659301+00:00,https://www.sportsbookreviewsonline.com/scoresoddsarchives/ncaa-football-2015-16,1.3
2015,926,Delaware,NorthCarolina,14,41,NL,58,38.5,37.5,37.5,,False,13000,-39000,sportsbookreviewsonline.com,2026-08-31T17:40:29.659301+00:00,https://www.sportsbookreviewsonline.com/scoresoddsarchives/ncaa-football-2015-16,1.3
2015,926,Southern,Georgia,6,48,NL,73.5,49.5,49,49.0,,False,85000,-255000,sportsbookreviewsonline.com,2026-08-31T17:40:29.659301+00:00,https://www.sportsbookreviewsonline.com/scoresoddsarchives/ncaa-football-2015-16,1.3
2015,926,NichollsSt,Colorado,0,48,NL,69.5,51,54.5,54.5,,False,10000,-300000,sportsbookreviewsonline.com,2026-08-31T17:40:29.659301+00:00,https://www.sportsbookreviewsonline.com/scoresoddsarchives/ncaa-football-2015-16,1.3
2015,926,JamesMadison,SMU,48,45,NL,76.5,12.5,13,13.0,,False,450,-600,sportsbookreviewsonline.com,2026-08-31T17:40:29.659301+00:00,https://www.sportsbookreviewsonline.com/scoresoddsarchives/ncaa-football-2015-16,1.3
2015,926,IncarnateWord,UTEP,17,27,NL,50,28.5,27,27.0,,False,3250,-7500,sportsbookreviewsonline.com,2026-08-31T17:40:29.659301+00:00,https://www.sportsbookreviewsonline.com/scoresoddsarchives/ncaa-football-2015-16,1.3
2015,926,IdahoSt,UNLV,8,80,NL,65,10.5,11.5,11.5,,False,340,-425,sportsbookreviewsonline.com,2026-08-31T17:40:29.659301+00:00,https://www.sportsbookreviewsonline.com/scoresoddsarchives/ncaa-football-2015-16,1.3
2015,1001,MiamiFlorida,CincinnatiU,23,34,4,7,65,70,7.0,4.0,False,-300,240,sportsbookreviewsonline.com,2026-08-31T17:40:29.659301+00:00,https://www.sportsbookreviewsonline.com/scoresoddsarchives/ncaa-football-2015-16,1.3
2015,1002,Memphis,SouthFlorida,24,17,12.5,7,61,57.5,7.0,12.5,False,-300,240,sportsbookreviewsonline.com,2026-08-31T17:40:29.659301+00:00,https://www.sportsbookreviewsonline.com/scoresoddsarchives/ncaa-football-2015-16,1.3
2015,1002,Temple,Charlotte,37,3,24,20,48,43.5,20.0,24.0,False,-1230,814,sportsbookreviewsonline.com,2026-08-31T17:40:29.659301+00:00,https://www.sportsbookreviewsonline.com/scoresoddsarchives/ncaa-football-2015-16,1.3
2015,1002,Connecticut,BYU,13,30,46.5,44,17.5,15,15.0,17.5,False,470,-620,sportsbookreviewsonline.com,2026-08-31T17:40:29.659301+00:00,https://www.sportsbookreviewsonline.com/scoresoddsarchives/ncaa-football-2015-16,1.3
2015,1003,NorthCarolina,GeorgiaTech,38,31,62.5,62.5,10,7,7.0,10.0,False,210,-250,sportsbookreviewsonline.com,2026-08-31T17:40:29.659301+00:00,https://www.sportsbookreviewsonline.com/scoresoddsarchives/ncaa-football-2015-16,1.3
2015,1003,Army,PennState,14,20,47,44,24,26,26.0,24.0,False,1620,-2670,sportsbookreviewsonline.com,2026-08-31T17:40:29.659301+00:00,https://www.sportsbookreviewsonline.com/scoresoddsarchives/ncaa-football-2015-16,1.3
2015,1003,BowlingGreen,BuffaloU,28,22,6.5,7.5,67,67.5,7.5,6.5,False,-295,245,sportsbookreviewsonline.com,2026-08-31T17:40:29.659301+00:00,https://www.sportsbookreviewsonline.com/scoresoddsarchives/ncaa-football-2015-16,1.3
2015,1003,Toledo,BallState,24,10,9,5.5,57,54.5,5.5,9.0,False,-220,190,sportsbookreviewsonline.com,2026-08-31T17:40:29.659301+00:00,https://www.sportsbookreviewsonline.com/scoresoddsarchives/ncaa-football-2015-16,1.3
2015,1003,Wyoming,AppalachianSt,13,31,56,52.5,19.5,26,26.0,19.5,False,1615,-2665,sportsbookreviewsonline.com,2026-08-31T17:40:29.659301+00:00,https://www.sportsbookreviewsonline.com/scoresoddsarchives/ncaa-football-2015-16,1.3
2015,1003,Ohio,Akron,14,12,3,2.5,46,44.5,2.5,3.0,False,-140,120,sportsbookreviewsonline.com,2026-08-31T17:40:29.659301+00:00,https://www.sportsbookreviewsonline.com/scoresoddsarchives/ncaa-football-2015-16,1.3
2015,1003,MiamiOhio,KentState,14,20,48,43,11,10.5,10.5,11.0,False,330,-410,sportsbookreviewsonline.com,2026-08-31T17:40:29.659301+00:00,https://www.sportsbookreviewsonline.com/scoresoddsarchives/ncaa-football-2015-16,1.3
2015,1003,Kansas,IowaState,13,38,57,59.5,15,20,20.0,15.0,False,775,-1075,sportsbookreviewsonline.com,2026-08-31T17:40:29.659301+00:00,https://www.sportsbookreviewsonline.com/scoresoddsarchives/ncaa-football-2015-16,1.3
2015,1003,Purdue,MichiganState,21,24,57,53,24.5,23,23.0,24.5,False,1400,-2150,sportsbookreviewsonline.com,2026-08-31T17:40:29.659301+00:00,https://www.sportsbookreviewsonline.com/scoresoddsarchives/ncaa-football-2015-16,1.3
2015,1003,FloridaIntl,Massachusetts,14,24,52.5,58,2.5,2.5,2.5,2.5,False,120,-140,sportsbookreviewsonline.com,2026-08-31T17:40:29.659301+00:00,https://www.sportsbookreviewsonline.com/scoresoddsarchives/ncaa-football-2015-16,1.3
2015,1003,MinnesotaU,Northwestern,0,27,39.5,40.5,6,4.5,4.5,6.0,False,170,-195,sportsbookreviewsonline.com,2026-08-31T17:40:29.659301+00:00,https://www.sportsbookreviewsonline.com/scoresoddsarchives/ncaa-football-2015-16,1.3
2015,1003,Louisville,NCState,20,13,54,47.5,5.5,2.5,2.5,5.5,False,120,-140,sportsbookreviewsonline.com,2026-08-31T17:40:29.659301+00:00,https://www.sportsbookreviewsonline.com/scoresoddsarchives/ncaa-football-2015-16,1.3
2015,1003,WestVirginia,Oklahoma,24,44,61,60.5,7.5,6,6.0,7.5,False,210,-250,sportsbookreviewsonline.com,2026-08-31T17:40:29.659301+00:00,https://www.sportsbookreviewsonline.com/scoresoddsarchives/ncaa-football-2015-16,1.3
2015,1003,Iowa,Wisconsin,10,6,47.5,46.5,8.5,5,5.0,8.5,False,195,-230,sportsbookreviewsonline.com,2026-08-31T17:40:29.659301+00:00,https://www.sportsbookreviewsonline.com/scoresoddsarchives/ncaa-football-2015-16,1.3
2015,1003,PittsburghU,VirginiaTech,17,13,52,44.5,4.5,3.5,3.5,4.5,False,150,-170,sportsbookreviewsonline.com,2026-08-31T17:40:29.659301+00:00,https://www.sportsbookreviewsonline.com/scoresoddsarchives/ncaa-football-2015-16,1.3
2015,1003,MississippiSt,TexasA&M,17,30,56.5,63,7,4,4.0,7.0,False,165,-185,sportsbookreviewsonline.com,2026-08-31T17:40:29.659301+00:00,https://www.sportsbookreviewsonline.com/scoresoddsarchives/ncaa-football-2015-16,1.3
2015,1003,CentralFlorida,Tulane,31,45,NL,1.5,NL,44,1.5,,False,-130,110,sportsbookreviewsonline.com,2026-08-31T17:40:29.659301+00:00,https://www.sportsbookreviewsonline.com/scoresoddsarchives/ncaa-football-2015-16,1.3
2015,1003,WesternKentucky,Rice,49,10,5.5,7,69.5,69,7.0,5.5,False,-265,215,sportsbookreviewsonline.com,2026-08-31T17:40:29.659301+00:00,https://www.sportsbookreviewsonline.com/scoresoddsarchives/ncaa-football-2015-16,1.3
2015,1003,KansasState,OklahomaState,34,36,51,48,5.5,7,7.0,5.5,False,230,-280,sportsbookreviewsonline.com,2026-08-31T17:40:29.659301+00:00,https://www.sportsbookreviewsonline.com/scoresoddsarchives/ncaa-football-2015-16,1.3
2015,1003,HoustonU,Tulsa,38,24,7.5,9,78,79.5,9.0,7.5,False,-350,280,sportsbookreviewsonline.com,2026-08-31T17:40:29.659301+00:00,https://www.sportsbookreviewsonline.com/scoresoddsarchives/ncaa-football-2015-16,1.3
2015,1003,ArizonaState,UCLA,38,23,57.5,61.5,14,13,13.0,14.0,False,415,-540,sportsbookreviewsonline.com,2026-08-31T17:40:29.659301+00:00,https://www.sportsbookreviewsonline.com/scoresoddsarchives/ncaa-football-2015-16,1.3
2015,1003,ArizonaU,Stanford,17,55,63,59,14,12.5,12.5,14.0,False,380,-480,sportsbookreviewsonline.com,2026-08-31T17:40:29.659301+00:00,https://www.sportsbookreviewsonline.com/scoresoddsarchives/ncaa-football-2015-16,1.3
2015,1003,Texas,TCU,7,50,70,72,17.5,14.5,14.5,17.5,False,455,-580,sportsbookreviewsonline.com,2026-08-31T17:40:29.659301+00:00,https://www.sportsbookreviewsonline.com/scoresoddsarchives/ncaa-football-2015-16,1.3
2015,1003,AirForce,Navy,11,33,57.5,49.5,7,4.5,4.5,7.0,False,165,-190,sportsbookreviewsonline.com,2026-08-31T17:40:29.659301+00:00,https://www.sportsbookreviewsonline.com/scoresoddsarchives/ncaa-football-2015-16,1.3
2015,1003,Alabama,Georgia,38,10,54,51,2.5,pk,0.0,2.5,False,-105,-115,sportsbookreviewsonline.com,2026-08-31T17:40:29.659301+00:00,https://www.sportsbookreviewsonline.com/scoresoddsarchives/ncaa-football-2015-16,1.3
2015,1003,Mississippi,Florida,10,38,5.5,7.5,53,50.5,7.5,5.5,False,-295,245,sportsbookreviewsonline.com,2026-08-31T17:40:29.659301+00:00,https://www.sportsbookreviewsonline.com/scoresoddsarchives/ncaa-football-2015-16,1.3
2015,1003,BostonCollege,Duke,7,9,41,37.5,7,4.5,4.5,7.0,False,175,-205,sportsbookreviewsonline.com,2026-08-31T17:40:29.659301+00:00,https://www.sportsbookreviewsonline.com/scoresoddsarchives/ncaa-football-2015-16,1.3
2015,1003,Nebraska,Illinois,13,14,7,3,56,57,3.0,7.0,False,-160,140,sportsbookreviewsonline.com,2026-08-31T17:40:29.659301+00:00,https://www.sportsbookreviewsonline.com/scoresoddsarchives/ncaa-football-2015-16,1.3
2015,1003,OhioState,Indiana,34,27,19.5,21.5,61,65,21.5,19.5,False,-1545,1095,sportsbookreviewsonline.com,2026-08-31T17:40:29.659301+00:00,https://www.sportsbookreviewsonline.com/scoresoddsarchives/ncaa-football-2015-16,1.3
2015,1003,NoIllinois,CentralMichigan,19,29,3,1.5,51,51,1.5,3.0,False,-125,105,sportsbookreviewsonline.com,2026-08-31T17:40:29.659301+00:00,https://www.sportsbookreviewsonline.com/scoresoddsarchives/ncaa-football-2015-16,1.3
2015,1003,TexasTech,Baylor,35,63,85.5,88.5,13.5,17,17.0,13.5,False,600,-775,sportsbookreviewsonline.com,2026-08-31T17:40:29.659301+00:00,https://www.sportsbookreviewsonline.com/scoresoddsarchives/ncaa-football-2015-16,1.3
2015,1003,Hawaii,BoiseState,0,55,51.5,56.5,24,27.5,27.5,24.0,False,1570,-3570,sportsbookreviewsonline.com,2026-08-31T17:40:29.659301+00:00,https://www.sportsbookreviewsonline.com/scoresoddsarchives/ncaa-football-2015-16,1.3
2015,1003,Oregon,Colorado,41,24,11.5,7,69,69,7.0,11.5,False,-280,230,sportsbookreviewsonline.com,2026-08-31T17:40:29.659301+00:00,https://www.sportsbookreviewsonline.com/scoresoddsarchives/ncaa-football-2015-16,1.3
2015,1003,WashingtonState,California,28,34,64.5,73,13.5,17,17.0,13.5,False,660,-910,sportsbookreviewsonline.com,2026-08-31T17:40:29.659301+00:00,https://www.sportsbookreviewsonline.com/scoresoddsarchives/ncaa-football-2015-16,1.3
2015,1003,SanJoseState,Auburn,21,35,54,56.5,20,21,21.0,20.0,False,945,-1295,sportsbookreviewsonline.com,2026-08-31T17:40:29.659301+00:00,https://www.sportsbookreviewsonline.com/scoresoddsarchives/ncaa-football-2015-16,1.3
2015,1003,Idaho,ArkansasState,35,49,65,60.5,20.5,22,22.0,20.5,False,1015,-1415,sportsbookreviewsonline.com,2026-08-31T17:40:29.659301+00:00,https://www.sportsbookreviewsonline.com/scoresoddsarchives/ncaa-football-2015-16,1.3
2015,1003,ULLafayette,LouisianaTech,14,43,64,60,16.5,14.5,14.5,16.5,False,490,-640,sportsbookreviewsonline.com,2026-08-31T17:40:29.659301+00:00,https://www.sportsbookreviewsonline.com/scoresoddsarchives/ncaa-football-2015-16,1.3
2015,1003,Vanderbilt,MiddleTennSt,17,13,51.5,49.5,3,2.5,2.5,3.0,False,115,-135,sportsbookreviewsonline.com,2026-08-31T17:40:29.659301+00:00,https://www.sportsbookreviewsonline.com/scoresoddsarchives/ncaa-football-2015-16,1.3
2015,1003,SouthCarolina,Missouri,10,24,43,42.5,3.5,2.5,2.5,3.5,False,125,-145,sportsbookreviewsonline.com,2026-08-31T17:40:29.659301+00:00,https://www.sportsbookreviewsonline.com/scoresoddsarchives/ncaa-football-2015-16,1.3
2015,1003,EasternMichigan,LSU,22,44,56.5,63.5,46,44.5,44.5,46.0,False,60000,-180000,sportsbookreviewsonline.com,2026-08-31T17:40:29.659301+00:00,https://www.sportsbookreviewsonline.com/scoresoddsarchives/ncaa-football-2015-16,1.3
2015,1003,OldDominion,Marshall,7,27,54,54,20.5,17,17.0,20.5,False,655,-905,sportsbookreviewsonline.com,2026-08-31T17:40:29.659301+00:00,https://www.sportsbookreviewsonline.com/scoresoddsarchives/ncaa-football-2015-16,1.3
2015,1003,Arkansas,TennesseeU,24,20,56,54,6.5,6,6.0,6.5,False,190,-225,sportsbookreviewsonline.com,2026-08-31T17:40:29.659301+00:00,https://www.sportsbookreviewsonline.com/scoresoddsarchives/ncaa-football-2015-16,1.3
2015,1003,EastCarolina,SMU,49,23,4.5,6,65,64.5,6.0,4.5,False,-230,195,sportsbookreviewsonline.com,2026-08-31T17:40:29.659301+00:00,https://www.sportsbookreviewsonline.com/scoresoddsarchives/ncaa-football-2015-16,1.3
2015,1003,NorthTexas,SouthernMiss,14,49,63,66.5,14,15,15.0,14.0,False,540,-690,sportsbookreviewsonline.com,2026-08-31T17:40:29.659301+00:00,https://www.sportsbookreviewsonline.com/scoresoddsarchives/ncaa-football-2015-16,1.3
2015,1003,SouthAlabama,Troy,24,18,58,60.5,3.5,6.5,6.5,3.5,False,200,-235,sportsbookreviewsonline.com,2026-08-31T17:40:29.659301+00:00,https://www.sportsbookreviewsonline.com/scoresoddsarchives/ncaa-football-2015-16,1.3
2015,1003,GeorgiaSouthern,ULMonroe,51,31,7.5,5.5,51,48,5.5,7.5,False,-220,185,sportsbookreviewsonline.com,2026-08-31T17:40:29.659301+00:00,https://www.sportsbookreviewsonline.com/scoresoddsarchives/ncaa-football-2015-16,1.3
2015,1003,FloridaState,WakeForest,24,16,18,19,45.5,46,19.0,18.0,False,-1140,840,sportsbookreviewsonline.com,2026-08-31T17:40:29.659301+00:00,https://www.sportsbookreviewsonline.com/scoresoddsarchives/ncaa-football-2015-16,1.3
2015,1003,Michigan,Maryland,28,0,16,14,46,46.5,14.0,16.0,False,-585,460,sportsbookreviewsonline.com,2026-08-31T17:40:29.659301+00:00,https://www.sportsbookreviewsonline.com/scoresoddsarchives/ncaa-football-2015-16,1.3
2015,1003,ColoradoState,UtahState,18,33,47.5,51,6,5.5,5.5,6.0,False,195,-230,sportsbookreviewsonline.com,2026-08-31T17:40:29.659301+00:00,https://www.sportsbookreviewsonline.com/scoresoddsarchives/ncaa-football-2015-16,1.3
2015,1003,TexSanAntonio,UTEP,25,6,1,3,62,58,3.0,1.0,False,-160,140,sportsbookreviewsonline.com,2026-08-31T17:40:29.659301+00:00,https://www.sportsbookreviewsonline.com/scoresoddsarchives/ncaa-football-2015-16,1.3
2015,1003,NotreDame,Clemson,22,24,53,49,1.5,3,3.0,1.5,False,125,-145,sportsbookreviewsonline.com,2026-08-31T17:40:29.659301+00:00,https://www.sportsbookreviewsonline.com/scoresoddsarchives/ncaa-football-2015-16,1.3
2015,1003,NewMexicoState,NewMexico,29,38,65,66,14.5,11,11.0,14.5,False,350,-440,sportsbookreviewsonline.com,2026-08-31T17:40:29.659301+00:00,https://www.sportsbookreviewsonline.com/scoresoddsarchives/ncaa-football-2015-16,1.3
2015,1003,UNLV,Nevada,23,17,58,56,9.5,6,6.0,9.5,False,200,-240,sportsbookreviewsonline.com,2026-08-31T17:40:29.659301+00:00,https://www.sportsbookreviewsonline.com/scoresoddsarchives/ncaa-football-2015-16,1.3
2015,1003,FresnoState,SanDiegoState,7,21,56,51.5,11,7.5,7.5,11.0,False,250,-310,sportsbookreviewsonline.com,2026-08-31T17:40:29.659301+00:00,https://www.sportsbookreviewsonline.com/scoresoddsarchives/ncaa-football-2015-16,1.3
2015,1003,EasternKentucky,Kentucky,27,34,NL,54.5,28,27.5,27.5,,False,3000,-7000,sportsbookreviewsonline.com,2026-08-31T17:40:29.659301+00:00,https://www.sportsbookreviewsonline.com/scoresoddsarchives/ncaa-football-2015-16,1.3
2015,1003,Liberty,GeorgiaState,41,33,NL,2.5,2.5,60.5,2.5,,False,-135,115,sportsbookreviewsonline.com,2026-08-31T17:40:29.659301+00:00,https://www.sportsbookreviewsonline.com/scoresoddsarchives/ncaa-football-2015-16,1.3
2015,1008,SMU,HoustonU,28,49,71.5,70,22,24,24.0,22.0,False,900,-2500,sportsbookreviewsonline.com,2026-08-31T17:40:29.659301+00:00,https://www.sportsbookreviewsonline.com/scoresoddsarchives/ncaa-football-2015-16,1.3
2015,1008,WashingtonU,USC,17,12,56,59.5,16.5,17,17.0,16.5,False,600,-900,sportsbookreviewsonline.com,2026-08-31T17:40:29.659301+00:00,https://www.sportsbookreviewsonline.com/scoresoddsarchives/ncaa-football-2015-16,1.3
2015,1009,SouthernMiss,Marshall,10,31,60,57.5,6.5,3,3.0,6.5,False,143,-163,sportsbookreviewsonline.com,2026-08-31T17:40:29.659301+00:00,https://www.sportsbookreviewsonline.com/scoresoddsarchives/ncaa-football-2015-16,1.3
2015,1009,NCState,VirginiaTech,13,28,53,44.5,3,3,3.0,3.0,False,125,-145,sportsbookreviewsonline.com,2026-08-31T17:40:29.659301+00:00,https://www.sportsbookreviewsonline.com/scoresoddsarchives/ncaa-football-2015-16,1.3
2015,1010,Oklahoma,Texas,17,24,15.5,16,63,60,16.0,15.5,False,-800,575,sportsbookreviewsonline.com,2026-08-31T17:40:29.659301+00:00,https://www.sportsbookreviewsonline.com/scoresoddsarchives/ncaa-football-2015-16,1.3
2015,1010,MinnesotaU,Purdue,41,13,1,3.5,47,47.5,3.5,1.0,False,-170,150,sportsbookreviewsonline.com,2026-08-31T17:40:29.659301+00:00,https://www.sportsbookreviewsonline.com/scoresoddsarchives/ncaa-football-2015-16,1.3
2015,1010,Akron,EasternMichigan,47,21,9.5,8.5,56,52.5,8.5,9.5,False,-335,270,sportsbookreviewsonline.com,2026-08-31T17:40:29.659301+00:00,https://www.sportsbookreviewsonline.com/scoresoddsarchives/ncaa-football-2015-16,1.3
2015,1010,OklahomaState,WestVirginia,33,26,58,63,6.5,4.5,4.5,6.5,False,170,-200,sportsbookreviewsonline.com,2026-08-31T17:40:29.659301+00:00,https://www.sportsbookreviewsonline.com/scoresoddsarchives/ncaa-football-2015-16,1.3
2015,1010,Indiana,PennState,7,29,55,52,7,4.5,4.5,7.0,False,161,-181,sportsbookreviewsonline.com,2026-08-31T17:40:29.659301+00:00,https://www.sportsbookreviewsonline.com/scoresoddsarchives/ncaa-football-2015-16,1.3
2015,1010,Duke,Army,44,3,11.5,14,48,48,14.0,11.5,False,-575,435,sportsbookreviewsonline.com,2026-08-31T17:40:29.659301+00:00,https://www.sportsbookreviewsonline.com/scoresoddsarchives/ncaa-football-2015-16,1.3
2015,1010,Tulane,Temple,10,49,50,44.5,15,14,14.0,15.0,False,460,-600,sportsbookreviewsonline.com,2026-08-31T17:40:29.659301+00:00,https://www.sportsbookreviewsonline.com/scoresoddsarchives/ncaa-football-2015-16,1.3
2015,1010,Illinois,Iowa,20,29,45.5,47,10,10,10.0,10.0,False,305,-375,sportsbookreviewsonline.com,2026-08-31T17:40:29.659301+00:00,https://www.sportsbookreviewsonline.com/scoresoddsarchives/ncaa-football-2015-16,1.3
2015,1010,Maryland,OhioState,28,49,53,57.5,29.5,32.5,32.5,29.5,False,NL,NL,sportsbookreviewsonline.com,2026-08-31T17:40:29.659301+00:00,https://www.sportsbookreviewsonline.com/scoresoddsarchives/ncaa-football-2015-16,1.3
2015,1010,WakeForest,BostonCollege,3,0,37,35,9.5,9.5,9.5,9.5,False,285,-350,sportsbookreviewsonline.com,2026-08-31T17:40:29.659301+00:00,https://www.sportsbookreviewsonline.com/scoresoddsarchives/ncaa-football-2015-16,1.3
2015,1010,MiamiOhio,Ohio,3,34,48,50.5,17,15.5,15.5,17.0,False,575,-800,sportsbookreviewsonline.com,2026-08-31T17:40:29.659301+00:00,https://www.sportsbookreviewsonline.com/scoresoddsarchives/ncaa-football-2015-16,1.3
2015,1010,KentState,Toledo,7,38,45.5,45,17,16.5,16.5,17.0,False,525,-725,sportsbookreviewsonline.com,2026-08-31T17:40:29.659301+00:00,https://www.sportsbookreviewsonline.com/scoresoddsarchives/ncaa-football-2015-16,1.3
2015,1010,BallState,NoIllinois,41,59,56,54.5,10,10.5,10.5,10.0,False,315,-385,sportsbookreviewsonline.com,2026-08-31T17:40:29.659301+00:00,https://www.sportsbookreviewsonline.com/scoresoddsarchives/ncaa-football-2015-16,1.3
2015,1010,AppalachianSt,GeorgiaState,37,3,19.5,14.5,61,61,14.5,19.5,False,-600,460,sportsbookreviewsonline.com,2026-08-31T17:40:29.659301+00:00,https://www.sportsbookreviewsonline.com/scoresoddsarchives/ncaa-football-2015-16,1.3
2015,1010,Virginia,PittsburghU,19,26,52,45.5,10,8,8.0,10.0,False,255,-320,sportsbookreviewsonline.com,2026-08-31T17:40:29.659301+00:00,https://www.sportsbookreviewsonline.com/scoresoddsarchives/ncaa-football-2015-16,1.3
2015,1010,CentralMichigan,WesternMichigan,39,41,52,51.5,3.5,4.5,4.5,3.5,False,170,-200,sportsbookreviewsonline.com,2026-08-31T17:40:29.659301+00:00,https://www.sportsbookreviewsonline.com/scoresoddsarchives/ncaa-football-2015-16,1.3
2015,1010,Arkansas,Alabama,14,27,48,48,16.5,15.5,15.5,16.5,False,650,-950,sportsbookreviewsonline.com,2026-08-31T17:40:29.659301+00:00,https://www.sportsbookreviewsonline.com/scoresoddsarchives/ncaa-football-2015-16,1.3
2015,1010,Wyoming,AirForce,17,31,56,56.5,18.5,21,21.0,18.5,False,800,-1300,sportsbookreviewsonline.com,2026-08-31T17:40:29.659301+00:00,https://www.sportsbookreviewsonline.com/scoresoddsarchives/ncaa-football-2015-16,1.3
2015,1010,Massachusetts,BowlingGreen,38,62,71,79,12.5,11.5,11.5,12.5,False,355,-450,sportsbookreviewsonline.com,2026-08-31T17:40:29.659301+00:00,https://www.sportsbookreviewsonline.com/scoresoddsarchives/ncaa-football-2015-16,1.3
2015,1010,Troy,MississippiSt,17,45,50.5,59,31,31.5,31.5,31.0,False,NL,NL,sportsbookreviewsonline.com,2026-08-31T17:40:29.659301+00:00,https://www.sportsbookreviewsonline.com/scoresoddsarchives/ncaa-football-2015-16,1.3
2015,1010,NewMexicoState,Mississippi,3,52,71.5,70,40.5,45,45.0,40.5,False,NL,NL,sportsbookreviewsonline.com,2026-08-31T17:40:29.659301+00:00,https://www.sportsbookreviewsonline.com/scoresoddsarchives/ncaa-football-2015-16,1.3
2015,1010,EastCarolina,BYU,38,45,56,60,7.5,10,10.0,7.5,False,315,-385,sportsbookreviewsonline.com,2026-08-31T17:40:29.659301+00:00,https://www.sportsbookreviewsonline.com/scoresoddsarchives/ncaa-football-2015-16,1.3
2015,1010,Baylor,Kansas,66,7,38,45.5,77,77.5,45.5,38.0,False,NL,NL,sportsbookreviewsonline.com,2026-08-31T17:40:29.659301+00:00,https://www.sportsbookreviewsonline.com/scoresoddsarchives/ncaa-football-2015-16,1.3
2015,1010,Rice,FloridaAtlantic,27,26,59,56.5,1,3.5,3.5,1.0,False,150,-170,sportsbookreviewsonline.com,2026-08-31T17:40:29.659301+00:00,https://www.sportsbookreviewsonline.com/scoresoddsarchives/ncaa-football-2015-16,1.3
2015,1010,WashingtonState,Oregon,45,38,73,71,17,15.5,15.5,17.0,False,525,-700,sportsbookreviewsonline.com,2026-08-31T17:40:29.659301+00:00,https://www.sportsbookreviewsonline.com/scoresoddsarchives/ncaa-football-2015-16,1.3
2015,1010,Georgia,TennesseeU,31,38,2.5,2,57,60,2.0,2.5,False,-130,110,sportsbookreviewsonline.com,2026-08-31T17:40:29.659301+00:00,https://www.sportsbookreviewsonline.com/scoresoddsarchives/ncaa-football-2015-16,1.3
2015,1010,MiddleTennSt,WesternKentucky,28,58,66,70,10.5,7,7.0,10.5,False,240,-300,sportsbookreviewsonline.com,2026-08-31T17:40:29.659301+00:00,https://www.sportsbookreviewsonline.com/scoresoddsarchives/ncaa-football-2015-16,1.3
2015,1010,ULMonroe,Tulsa,24,34,67.5,65.5,9,10,10.0,9.0,False,305,-375,sportsbookreviewsonline.com,2026-08-31T17:40:29.659301+00:00,https://www.sportsbookreviewsonline.com/scoresoddsarchives/ncaa-football-2015-16,1.3
2015,1010,Navy,NotreDame,24,41,56,59,15,14,14.0,15.0,False,460,-600,sportsbookreviewsonline.com,2026-08-31T17:40:29.659301+00:00,https://www.sportsbookreviewsonline.com/scoresoddsarchives/ncaa-football-2015-16,1.3
2015,1010,Colorado,ArizonaState,23,48,56.5,57,14,16.5,16.5,14.0,False,550,-750,sportsbookreviewsonline.com,2026-08-31T17:40:29.659301+00:00,https://www.sportsbookreviewsonline.com/scoresoddsarchives/ncaa-football-2015-16,1.3
2015,1010,MiamiFlorida,FloridaState,24,29,50,54,9.5,6,6.0,9.5,False,210,-260,sportsbookreviewsonline.com,2026-08-31T17:40:29.659301+00:00,https://www.sportsbookreviewsonline.com/scoresoddsarchives/ncaa-football-2015-16,1.3
2015,1010,Northwestern,Michigan,0,38,36,38,9.5,10.5,10.5,9.5,False,325,-400,sportsbookreviewsonline.com,2026-08-31T17:40:29.659301+00:00,https://www.sportsbookreviewsonline.com/scoresoddsarchives/ncaa-football-2015-16,1.3
2015,1010,GeorgiaTech,Clemson,24,43,56,52.5,8.5,7,7.0,8.5,False,245,-305,sportsbookreviewsonline.com,2026-08-31T17:40:29.659301+00:00,https://www.sportsbookreviewsonline.com/scoresoddsarchives/ncaa-football-2015-16,1.3
2015,1010,TexasState,ULLafayette,27,49,69.5,67,5,4,4.0,5.0,False,153,-172,sportsbookreviewsonline.com,2026-08-31T17:40:29.659301+00:00,https://www.sportsbookreviewsonline.com/scoresoddsarchives/ncaa-football-2015-16,1.3
2015,1010,California,Utah,24,30,63,61,7.5,7,7.0,7.5,False,240,-300,sportsbookreviewsonline.com,2026-08-31T17:40:29.659301+00:00,https://www.sportsbookreviewsonline.com/scoresoddsarchives/ncaa-football-2015-16,1.3
2015,1010,Connecticut,CentralFlorida,40,13,38,1.5,2.5,38,1.5,2.5,False,-125,105,sportsbookreviewsonline.com,2026-08-31T17:40:29.659301+00:00,https://www.sportsbookreviewsonline.com/scoresoddsarchives/ncaa-football-2015-16,1.3
2015,1010,UTEP,FloridaIntl,12,52,53,46.5,14,13.5,13.5,14.0,False,456,-595,sportsbookreviewsonline.com,2026-08-31T17:40:29.659301+00:00,https://www.sportsbookreviewsonline.com/scoresoddsarchives/ncaa-football-2015-16,1.3
2015,1010,LouisianaTech,TexSanAntonio,34,31,13,13,62,54,13.0,13.0,False,-500,400,sportsbookreviewsonline.com,2026-08-31T17:40:29.659301+00:00,https://www.sportsbookreviewsonline.com/scoresoddsarchives/ncaa-football-2015-16,1.3
2015,1010,BoiseState,ColoradoState,41,10,14.5,15.5,56,60,15.5,14.5,False,-650,500,sportsbookreviewsonline.com,2026-08-31T17:40:29.659301+00:00,https://www.sportsbookreviewsonline.com/scoresoddsarchives/ncaa-football-2015-16,1.3
2015,1010,Florida,Missouri,21,3,4.5,6.5,40,39,6.5,4.5,False,-260,210,sportsbookreviewsonline.com,2026-08-31T17:40:29.659301+00:00,https://www.sportsbookreviewsonline.com/scoresoddsarchives/ncaa-football-2015-16,1.3
2015,1010,OregonState,ArizonaU,7,44,64.5,67,10.5,8,8.0,10.5,False,240,-300,sportsbookreviewsonline.com,2026-08-31T17:40:29.659301+00:00,https://www.sportsbookreviewsonline.com/scoresoddsarchives/ncaa-football-2015-16,1.3
2015,1010,Syracuse,SouthFlorida,24,45,48.5,1.5,3,46,1.5,3.0,False,-125,105,sportsbookreviewsonline.com,2026-08-31T17:40:29.659301+00:00,https://www.sportsbookreviewsonline.com/scoresoddsarchives/ncaa-football-2015-16,1.3
2015,1010,TCU,KansasState,52,45,7.5,9,66,61.5,9.0,7.5,False,-350,285,sportsbookreviewsonline.com,2026-08-31T17:40:29.659301+00:00,https://www.sportsbookreviewsonline.com/scoresoddsarchives/ncaa-football-2015-16,1.3
2015,1010,IowaState,TexasTech,31,66,75,72,12,13.5,13.5,12.0,False,400,-500,sportsbookreviewsonline.com,2026-08-31T17:40:29.659301+00:00,https://www.sportsbookreviewsonline.com/scoresoddsarchives/ncaa-football-2015-16,1.3
2015,1010,MichiganState,Rutgers,31,24,16.5,12.5,51.5,56,12.5,16.5,False,-465,370,sportsbookreviewsonline.com,2026-08-31T17:40:29.659301+00:00,https://www.sportsbookreviewsonline.com/scoresoddsarchives/ncaa-football-2015-16,1.3
2015,1010,Wisconsin,Nebraska,23,21,45.5,2.5,pk,51,2.5,0.0,False,-145,125,sportsbookreviewsonline.com,2026-08-31T17:40:29.659301+00:00,https://www.sportsbookreviewsonline.com/scoresoddsarchives/ncaa-football-2015-16,1.3
2015,1010,NewMexico,Nevada,17,35,57,54,6.5,4,4.0,6.5,False,165,-185,sportsbookreviewsonline.com,2026-08-31T17:40:29.659301+00:00,https://www.sportsbookreviewsonline.com/scoresoddsarchives/ncaa-football-2015-16,1.3
2015,1010,SanJoseState,UNLV,33,27,56,3.5,1,51,3.5,1.0,False,-170,150,sportsbookreviewsonline.com,2026-08-31T17:40:29.659301+00:00,https://www.sportsbookreviewsonline.com/scoresoddsarchives/ncaa-football-2015-16,1.3
2015,1010,UtahState,FresnoState,56,14,10,12.5,48.5,49.5,12.5,10.0,False,-425,345,sportsbookreviewsonline.com,2026-08-31T17:40:29.659301+00:00,https://www.sportsbookreviewsonline.com/scoresoddsarchives/ncaa-football-2015-16,1.3
2015,1010,SanDiegoState,Hawaii,28,14,1,45,47,pk,0.0,1.0,False,-107,-113,sportsbookreviewsonline.com,2026-08-31T17:40:29.659301+00:00,https://www.sportsbookreviewsonline.com/scoresoddsarchives/ncaa-football-2015-16,1.3
2015,1010,SouthCarolina,LSU,24,45,50,50.5,18.5,20,20.0,18.5,False,800,-1300,sportsbookreviewsonline.com,2026-08-31T17:40:29.659301+00:00,https://www.sportsbookreviewsonline.com/scoresoddsarchives/ncaa-football-2015-16,1.3
2015,1010,PortlandSt,NorthTexas,66,7,1.5,3.5,NL,NL,,,False,NL,NL,sportsbookreviewsonline.com,2026-08-31T17:40:29.659301+00:00,https://www.sportsbookreviewsonline.com/scoresoddsarchives/ncaa-football-2015-16,1.3
2015,1013,ArkansasState,SouthAlabama,49,31,6,3.5,58.5,58,3.5,6.0,False,-170,150,sportsbookreviewsonline.com,2026-08-31T17:40:29.659301+00:00,https://www.sportsbookreviewsonline.com/scoresoddsarchives/ncaa-football-2015-16,1.3
2015,1015,Auburn,Kentucky,30,27,1.5,2,50,56,2.0,1.5,False,-125,105,sportsbookreviewsonline.com,2026-08-31T17:40:29.659301+00:00,https://www.sportsbookreviewsonline.com/scoresoddsarchives/ncaa-football-2015-16,1.3
2015,1015,WesternKentucky,NorthTexas,55,28,30.5,34.5,68,72.5,34.5,30.5,False,NL,NL,sportsbookreviewsonline.com,2026-08-31T17:40:29.659301+00:00,https://www.sportsbookreviewsonline.com/scoresoddsarchives/ncaa-football-2015-16,1.3
2015,1015,UCLA,Stanford,35,56,56,56,5,6.5,6.5,5.0,False,210,-260,sportsbookreviewsonline.com,2026-08-31T17:40:29.659301+00:00,https://www.sportsbookreviewsonline.com/scoresoddsarchives/ncaa-football-2015-16,1.3
2015,1016,CincinnatiU,BYU,24,38,61,68,5.5,4.5,4.5,5.5,False,180,-210,sportsbookreviewsonline.com,2026-08-31T17:40:29.659301+00:00,https://www.sportsbookreviewsonline.com/scoresoddsarchives/ncaa-football-2015-16,1.3
2015,1016,HoustonU,Tulane,42,7,16.5,21,63.5,57.5,21.0,16.5,False,-1800,1000,sportsbookreviewsonline.com,2026-08-31T17:40:29.659301+00:00,https://www.sportsbookreviewsonline.com/scoresoddsarchives/ncaa-football-2015-16,1.3
2015,1016,BoiseState,UtahState,26,52,9.5,7.5,48,50.5,7.5,9.5,False,-300,240,sportsbookreviewsonline.com,2026-08-31T17:40:29.659301+00:00,https://www.sportsbookreviewsonline.com/scoresoddsarchives/ncaa-football-2015-16,1.3
2015,1016,UNLV,FresnoState,28,31,3.5,6,55,49,6.0,3.5,False,-230,190,sportsbookreviewsonline.com,2026-08-31T17:40:29.659301+00:00,https://www.sportsbookreviewsonline.com/scoresoddsarchives/ncaa-football-2015-16,1.3
2015,1017,EasternMichigan,Toledo,20,63,57,64,29,28.5,28.5,29.0,False,2805,-5805,sportsbookreviewsonline.com,2026-08-31T17:40:29.659301+00:00,https://www.sportsbookreviewsonline.com/scoresoddsarchives/ncaa-football-2015-16,1.3
2015,1017,CentralFlorida,Temple,16,30,46,42.5,20.5,20.5,20.5,20.5,False,870,-1220,sportsbookreviewsonline.com,2026-08-31T17:40:29.659301+00:00,https://www.sportsbookreviewsonline.com/scoresoddsarchives/ncaa-football-2015-16,1.3
2015,1017,BuffaloU,CentralMichigan,14,51,49.5,55.5,7,6.5,6.5,7.0,False,215,-265,sportsbookreviewsonline.com,2026-08-31T17:40:29.659301+00:00,https://www.sportsbookreviewsonline.com/scoresoddsarchives/ncaa-football-2015-16,1.3
2015,1017,Marshall,FloridaAtlantic,33,17,6.5,3.5,52,47,3.5,6.5,False,-170,150,sportsbookreviewsonline.com,2026-08-31T17:40:29.659301+00:00,https://www.sportsbookreviewsonline.com/scoresoddsarchives/ncaa-football-2015-16,1.3
2015,1017,SouthFlorida,Connecticut,28,20,44,44,2.5,1,1.0,2.5,False,-110,-110,sportsbookreviewsonline.com,2026-08-31T17:40:29.659301+00:00,https://www.sportsbookreviewsonline.com/scoresoddsarchives/ncaa-football-2015-16,1.3
2015,1017,NewMexicoState,GeorgiaSouthern,26,56,68,62.5,26,31,31.0,26.0,False,3820,-9320,sportsbookreviewsonline.com,2026-08-31T17:40:29.659301+00:00,https://www.sportsbookreviewsonline.com/scoresoddsarchives/ncaa-football-2015-16,1.3
2015,1017,FloridaIntl,MiddleTennSt,34,42,55,52.5,6,11,11.0,6.0,False,330,-410,sportsbookreviewsonline.com,2026-08-31T17:40:29.659301+00:00,https://www.sportsbookreviewsonline.com/scoresoddsarchives/ncaa-football-2015-16,1.3
2015,1017,GeorgiaState,BallState,31,19,60,63,15.5,14.5,14.5,15.5,False,460,-585,sportsbookreviewsonline.com,2026-08-31T17:40:29.659301+00:00,https://www.sportsbookreviewsonline.com/scoresoddsarchives/ncaa-football-2015-16,1.3
2015,1017,BostonCollege,Clemson,17,34,37,38,17,18,18.0,17.0,False,765,-1065,sportsbookreviewsonline.com,2026-08-31T17:40:29.659301+00:00,https://www.sportsbookreviewsonline.com/scoresoddsarchives/ncaa-football-2015-16,1.3
2015,1017,Syracuse,Virginia,38,44,54,50.5,8,7,7.0,8.0,False,230,-280,sportsbookreviewsonline.com,2026-08-31T17:40:29.659301+00:00,https://www.sportsbookreviewsonline.com/scoresoddsarchives/ncaa-football-2015-16,1.3
2015,1017,Purdue,Wisconsin,7,24,48,51,19.5,22.5,22.5,19.5,False,1045,-1445,sportsbookreviewsonline.com,2026-08-31T17:40:29.659301+00:00,https://www.sportsbookreviewsonline.com/scoresoddsarchives/ncaa-football-2015-16,1.3
2015,1017,Iowa,Northwestern,40,10,1,1.5,40,41,1.5,1.0,False,-125,105,sportsbookreviewsonline.com,2026-08-31T17:40:29.659301+00:00,https://www.sportsbookreviewsonline.com/scoresoddsarchives/ncaa-football-2015-16,1.3
2015,1017,WakeForest,NorthCarolina,14,50,47,53,15,16.5,16.5,15.0,False,620,-870,sportsbookreviewsonline.com,2026-08-31T17:40:29.659301+00:00,https://www.sportsbookreviewsonline.com/scoresoddsarchives/ncaa-football-2015-16,1.3
2015,1017,TexasTech,Kansas,30,20,28,33,74,74.5,33.0,28.0,False,-14025,5525,sportsbookreviewsonline.com,2026-08-31T17:40:29.659301+00:00,https://www.sportsbookreviewsonline.com/scoresoddsarchives/ncaa-football-2015-16,1.3
2015,1017,Nevada,Wyoming,21,28,7,6.5,51.5,56,6.5,7.0,False,-245,205,sportsbookreviewsonline.com,2026-08-31T17:40:29.659301+00:00,https://www.sportsbookreviewsonline.com/scoresoddsarchives/ncaa-football-2015-16,1.3
2015,1017,LouisianaTech,MississippiSt,20,45,57,60,13.5,11,11.0,13.5,False,365,-455,sportsbookreviewsonline.com,2026-08-31T17:40:29.659301+00:00,https://www.sportsbookreviewsonline.com/scoresoddsarchives/ncaa-football-2015-16,1.3
2015,1017,KentState,Massachusetts,15,10,56,55,6,7,7.0,6.0,False,235,-285,sportsbookreviewsonline.com,2026-08-31T17:40:29.659301+00:00,https://www.sportsbookreviewsonline.com/scoresoddsarchives/ncaa-football-2015-16,1.3
2015,1017,WesternMichigan,Ohio,49,14,52.5,54,4,3.5,3.5,4.0,False,150,-170,sportsbookreviewsonline.com,2026-08-31T17:40:29.659301+00:00,https://www.sportsbookreviewsonline.com/scoresoddsarchives/ncaa-football-2015-16,1.3
2015,1017,NoIllinois,MiamiOhio,45,12,15.5,18,54,54.5,18.0,15.5,False,-945,695,sportsbookreviewsonline.com,2026-08-31T17:40:29.659301+00:00,https://www.sportsbookreviewsonline.com/scoresoddsarchives/ncaa-football-2015-16,1.3
2015,1017,AirForce,ColoradoState,23,38,54,3.5,pk,55,3.5,0.0,False,-175,155,sportsbookreviewsonline.com,2026-08-31T17:40:29.659301+00:00,https://www.sportsbookreviewsonline.com/scoresoddsarchives/ncaa-football-2015-16,1.3
2015,1017,Alabama,TexasA&M,41,23,4,5,47,55,5.0,4.0,False,-215,185,sportsbookreviewsonline.com,2026-08-31T17:40:29.659301+00:00,https://www.sportsbookreviewsonline.com/scoresoddsarchives/ncaa-football-2015-16,1.3
2015,1017,Florida,LSU,28,35,47.5,43.5,6,6.5,6.5,6.0,False,215,-255,sportsbookreviewsonline.com,2026-08-31T17:40:29.659301+00:00,https://www.sportsbookreviewsonline.com/scoresoddsarchives/ncaa-football-2015-16,1.3
2015,1017,Nebraska,MinnesotaU,48,25,46.5,47,pk,1,1.0,0.0,False,-105,-115,sportsbookreviewsonline.com,2026-08-31T17:40:29.659301+00:00,https://www.sportsbookreviewsonline.com/scoresoddsarchives/ncaa-football-2015-16,1.3
2015,1017,Missouri,Georgia,6,9,44,48.5,16,15.5,15.5,16.0,False,545,-695,sportsbookreviewsonline.com,2026-08-31T17:40:29.659301+00:00,https://www.sportsbookreviewsonline.com/scoresoddsarchives/ncaa-football-2015-16,1.3
2015,1017,Oklahoma,KansasState,55,0,5,4.5,58,53.5,4.5,5.0,False,-195,170,sportsbookreviewsonline.com,2026-08-31T17:40:29.659301+00:00,https://www.sportsbookreviewsonline.com/scoresoddsarchives/ncaa-football-2015-16,1.3
2015,1017,PittsburghU,GeorgiaTech,31,28,49.5,48.5,2.5,2.5,2.5,2.5,False,120,-140,sportsbookreviewsonline.com,2026-08-31T17:40:29.659301+00:00,https://www.sportsbookreviewsonline.com/scoresoddsarchives/ncaa-football-2015-16,1.3
2015,1017,VirginiaTech,MiamiFlorida,20,30,53,51.5,6,3,3.0,6.0,False,140,-160,sportsbookreviewsonline.com,2026-08-31T17:40:29.659301+00:00,https://www.sportsbookreviewsonline.com/scoresoddsarchives/ncaa-football-2015-16,1.3
2015,1017,MichiganState,Michigan,27,23,41,42.5,6.5,7.5,7.5,6.5,False,245,-305,sportsbookreviewsonline.com,2026-08-31T17:40:29.659301+00:00,https://www.sportsbookreviewsonline.com/scoresoddsarchives/ncaa-football-2015-16,1.3
2015,1017,WestVirginia,Baylor,38,62,75,76,18,20.5,20.5,18.0,False,885,-1235,sportsbookreviewsonline.com,2026-08-31T17:40:29.659301+00:00,https://www.sportsbookreviewsonline.com/scoresoddsarchives/ncaa-football-2015-16,1.3
2015,1017,Rutgers,Indiana,55,52,61.5,66.5,5.5,6.5,6.5,5.5,False,205,-245,sportsbookreviewsonline.com,2026-08-31T17:40:29.659301+00:00,https://www.sportsbookreviewsonline.com/scoresoddsarchives/ncaa-football-2015-16,1.3
2015,1017,Idaho,Troy,19,16,61.5,62.5,13.5,10,10.0,13.5,False,290,-360,sportsbookreviewsonline.com,2026-08-31T17:40:29.659301+00:00,https://www.sportsbookreviewsonline.com/scoresoddsarchives/ncaa-football-2015-16,1.3
2015,1017,Tulsa,EastCarolina,17,30,73,77,10,14,14.0,10.0,False,455,-580,sportsbookreviewsonline.com,2026-08-31T17:40:29.659301+00:00,https://www.sportsbookreviewsonline.com/scoresoddsarchives/ncaa-football-2015-16,1.3
2015,1017,TexSanAntonio,SouthernMiss,10,32,60,56.5,7,8,8.0,7.0,False,275,-335,sportsbookreviewsonline.com,2026-08-31T17:40:29.659301+00:00,https://www.sportsbookreviewsonline.com/scoresoddsarchives/ncaa-football-2015-16,1.3
2015,1017,AppalachianSt,ULMonroe,59,14,10,14.5,49,47,14.5,10.0,False,-625,475,sportsbookreviewsonline.com,2026-08-31T17:40:29.659301+00:00,https://www.sportsbookreviewsonline.com/scoresoddsarchives/ncaa-football-2015-16,1.3
2015,1017,Charlotte,OldDominion,34,37,45,50,8.5,4.5,4.5,8.5,False,170,-200,sportsbookreviewsonline.com,2026-08-31T17:40:29.659301+00:00,https://www.sportsbookreviewsonline.com/scoresoddsarchives/ncaa-football-2015-16,1.3
2015,1017,Vanderbilt,SouthCarolina,10,19,44,45.5,5.5,1.5,1.5,5.5,False,105,-125,sportsbookreviewsonline.com,2026-08-31T17:40:29.659301+00:00,https://www.sportsbookreviewsonline.com/scoresoddsarchives/ncaa-football-2015-16,1.3
2015,1017,OregonState,WashingtonState,31,52,55.5,63,8,8,8.0,8.0,False,245,-295,sportsbookreviewsonline.com,2026-08-31T17:40:29.659301+00:00,https://www.sportsbookreviewsonline.com/scoresoddsarchives/ncaa-football-2015-16,1.3
2015,1017,ArizonaState,Utah,18,34,56,51.5,6.5,5,5.0,6.5,False,185,-215,sportsbookreviewsonline.com,2026-08-31T17:40:29.659301+00:00,https://www.sportsbookreviewsonline.com/scoresoddsarchives/ncaa-football-2015-16,1.3
2015,1017,ArizonaU,Colorado,38,31,8,6,66,68,6.0,8.0,False,-240,205,sportsbookreviewsonline.com,2026-08-31T17:40:29.659301+00:00,https://www.sportsbookreviewsonline.com/scoresoddsarchives/ncaa-football-2015-16,1.3
2015,1017,Akron,BowlingGreen,10,59,65,62.5,10,12.5,12.5,10.0,False,370,-470,sportsbookreviewsonline.com,2026-08-31T17:40:29.659301+00:00,https://www.sportsbookreviewsonline.com/scoresoddsarchives/ncaa-football-2015-16,1.3
2015,1017,TCU,IowaState,45,21,22,21,72.5,68,21.0,22.0,False,-1375,975,sportsbookreviewsonline.com,2026-08-31T17:40:29.659301+00:00,https://www.sportsbookreviewsonline.com/scoresoddsarchives/ncaa-football-2015-16,1.3
2015,1017,Louisville,FloridaState,21,41,46,46,7.5,6.5,6.5,7.5,False,220,-270,sportsbookreviewsonline.com,2026-08-31T17:40:29.659301+00:00,https://www.sportsbookreviewsonline.com/scoresoddsarchives/ncaa-football-2015-16,1.3
2015,1017,USC,NotreDame,31,41,61,61.5,4,6.5,6.5,4.0,False,210,-250,sportsbookreviewsonline.com,2026-08-31T17:40:29.659301+00:00,https://www.sportsbookreviewsonline.com/scoresoddsarchives/ncaa-football-2015-16,1.3
2015,1017,Mississippi,Memphis,24,37,9.5,10,67,72.5,10.0,9.5,False,-410,330,sportsbookreviewsonline.com,2026-08-31T17:40:29.659301+00:00,https://www.sportsbookreviewsonline.com/scoresoddsarchives/ncaa-football-2015-16,1.3
2015,1017,PennState,OhioState,10,38,47,50,18,18.5,18.5,18.0,False,800,-1100,sportsbookreviewsonline.com,2026-08-31T17:40:29.659301+00:00,https://www.sportsbookreviewsonline.com/scoresoddsarchives/ncaa-football-2015-16,1.3
2015,1017,Hawaii,NewMexico,27,28,53,51.5,5,4,4.0,5.0,False,175,-200,sportsbookreviewsonline.com,2026-08-31T17:40:29.659301+00:00,https://www.sportsbookreviewsonline.com/scoresoddsarchives/ncaa-football-2015-16,1.3
2015,1017,SanDiegoState,SanJoseState,30,7,49,48,2,2.5,2.5,2.0,False,120,-140,sportsbookreviewsonline.com,2026-08-31T17:40:29.659301+00:00,https://www.sportsbookreviewsonline.com/scoresoddsarchives/ncaa-football-2015-16,1.3
2015,1017,Oregon,WashingtonU,26,20,60,59,pk,2.5,2.5,0.0,False,120,-140,sportsbookreviewsonline.com,2026-08-31T17:40:29.659301+00:00,https://www.sportsbookreviewsonline.com/scoresoddsarchives/ncaa-football-2015-16,1.3
2015,1017,Bucknell,Army,14,21,NL,45.5,25.5,26.5,26.5,,False,2500,-5000,sportsbookreviewsonline.com,2026-08-31T17:40:29.659301+00:00,https://www.sportsbookreviewsonline.com/scoresoddsarchives/ncaa-football-2015-16,1.3
2015,1020,ULLafayette,ArkansasState,27,37,62,55.5,6.5,6.5,6.5,6.5,False,210,-260,sportsbookreviewsonline.com,2026-08-31T17:40:29.659301+00:00,https://www.sportsbookreviewsonline.com/scoresoddsarchives/ncaa-football-2015-16,1.3
2015,1022,GeorgiaSouthern,AppalachianSt,13,31,60,59.5,5,6.5,6.5,5.0,False,210,-260,sportsbookreviewsonline.com,2026-08-31T17:40:29.659301+00:00,https://www.sportsbookreviewsonline.com/scoresoddsarchives/ncaa-football-2015-16,1.3
2015,1022,Temple,EastCarolina,24,14,54,48,2,3,3.0,2.0,False,130,-150,sportsbookreviewsonline.com,2026-08-31T17:40:29.659301+00:00,https://www.sportsbookreviewsonline.com/scoresoddsarchives/ncaa-football-2015-16,1.3
2015,1022,California,UCLA,24,40,67,69,5,3.5,3.5,5.0,False,140,-160,sportsbookreviewsonline.com,2026-08-31T17:40:29.659301+00:00,https://www.sportsbookreviewsonline.com/scoresoddsarchives/ncaa-football-2015-16,1.3
2015,1023,Memphis,Tulsa,66,42,10,9.5,72,75.5,9.5,10.0,False,-400,325,sportsbookreviewsonline.com,2026-08-31T17:40:29.659301+00:00,https://www.sportsbookreviewsonline.com/scoresoddsarchives/ncaa-football-2015-16,1.3
2015,1023,UtahState,SanDiegoState,14,48,4,4,47,44.5,4.0,4.0,False,-200,170,sportsbookreviewsonline.com,2026-08-31T17:40:29.659301+00:00,https://www.sportsbookreviewsonline.com/scoresoddsarchives/ncaa-football-2015-16,1.3
2015,1024,EasternMichigan,NoIllinois,21,49,70,65,28,28,28.0,28.0,False,2555,-5555,sportsbookreviewsonline.com,2026-08-31T17:40:29.659301+00:00,https://www.sportsbookreviewsonline.com/scoresoddsarchives/ncaa-football-2015-16,1.3
2015,1024,CentralMichigan,BallState,23,21,7.5,7.5,58,56,7.5,7.5,False,-290,240,sportsbookreviewsonline.com,2026-08-31T17:40:29.659301+00:00,https://www.sportsbookreviewsonline.com/scoresoddsarchives/ncaa-football-2015-16,1.3
2015,1024,Toledo,Massachusetts,51,35,13,14.5,57,62,14.5,13.0,False,-630,480,sportsbookreviewsonline.com,2026-08-31T17:40:29.659301+00:00,https://www.sportsbookreviewsonline.com/scoresoddsarchives/ncaa-football-2015-16,1.3
2015,1024,BowlingGreen,KentState,48,0,12.5,13.5,58,58.5,13.5,12.5,False,-535,410,sportsbookreviewsonline.com,2026-08-31T17:40:29.659301+00:00,https://www.sportsbookreviewsonline.com/scoresoddsarchives/ncaa-football-2015-16,1.3
2015,1024,Ohio,BuffaloU,17,41,2.5,3,51,53.5,3.0,2.5,False,-150,130,sportsbookreviewsonline.com,2026-08-31T17:40:29.659301+00:00,https://www.sportsbookreviewsonline.com/scoresoddsarchives/ncaa-football-2015-16,1.3
2015,1024,PittsburghU,Syracuse,23,20,7,9,52,49,9.0,7.0,False,-355,285,sportsbookreviewsonline.com,2026-08-31T17:40:29.659301+00:00,https://www.sportsbookreviewsonline.com/scoresoddsarchives/ncaa-football-2015-16,1.3
2015,1024,Indiana,MichiganState,26,52,61,59.5,17,14.5,14.5,17.0,False,510,-660,sportsbookreviewsonline.com,2026-08-31T17:40:29.659301+00:00,https://www.sportsbookreviewsonline.com/scoresoddsarchives/ncaa-football-2015-16,1.3
2015,1024,Clemson,MiamiFlorida,58,0,4.5,8,53,56,8.0,4.5,False,-350,280,sportsbookreviewsonline.com,2026-08-31T17:40:29.659301+00:00,https://www.sportsbookreviewsonline.com/scoresoddsarchives/ncaa-football-2015-16,1.3
2015,1024,NCState,WakeForest,35,17,10,8,45,43.5,8.0,10.0,False,-320,260,sportsbookreviewsonline.com,2026-08-31T17:40:29.659301+00:00,https://www.sportsbookreviewsonline.com/scoresoddsarchives/ncaa-football-2015-16,1.3
2015,1024,Missouri,Vanderbilt,3,10,2.5,1,34,34,1.0,2.5,False,-120,100,sportsbookreviewsonline.com,2026-08-31T17:40:29.659301+00:00,https://www.sportsbookreviewsonline.com/scoresoddsarchives/ncaa-football-2015-16,1.3
2015,1024,MiamiOhio,WesternMichigan,13,35,58,55,22,24,24.0,22.0,False,1645,-3145,sportsbookreviewsonline.com,2026-08-31T17:40:29.659301+00:00,https://www.sportsbookreviewsonline.com/scoresoddsarchives/ncaa-football-2015-16,1.3
2015,1024,Tulane,Navy,14,31,58,56.5,22,25.5,25.5,22.0,False,1375,-2125,sportsbookreviewsonline.com,2026-08-31T17:40:29.659301+00:00,https://www.sportsbookreviewsonline.com/scoresoddsarchives/ncaa-football-2015-16,1.3
2015,1024,Wyoming,BoiseState,14,34,56,59.5,31.5,34,34.0,31.5,False,11400,-22600,sportsbookreviewsonline.com,2026-08-31T17:40:29.659301+00:00,https://www.sportsbookreviewsonline.com/scoresoddsarchives/ncaa-football-2015-16,1.3
2015,1024,FresnoState,AirForce,14,42,58,54.5,16.5,17,17.0,16.5,False,600,-800,sportsbookreviewsonline.com,2026-08-31T17:40:29.659301+00:00,https://www.sportsbookreviewsonline.com/scoresoddsarchives/ncaa-football-2015-16,1.3
2015,1024,NorthTexas,Marshall,13,30,60,56.5,27,28,28.0,27.0,False,2285,-4285,sportsbookreviewsonline.com,2026-08-31T17:40:29.659301+00:00,https://www.sportsbookreviewsonline.com/scoresoddsarchives/ncaa-football-2015-16,1.3
2015,1024,Utah,USC,24,42,58,57,3.5,6,6.0,3.5,False,185,-220,sportsbookreviewsonline.com,2026-08-31T17:40:29.659301+00:00,https://www.sportsbookreviewsonline.com/scoresoddsarchives/ncaa-football-2015-16,1.3
2015,1024,WashingtonU,Stanford,14,31,47.5,47.5,17,14.5,14.5,17.0,False,565,-715,sportsbookreviewsonline.com,2026-08-31T17:40:29.659301+00:00,https://www.sportsbookreviewsonline.com/scoresoddsarchives/ncaa-football-2015-16,1.3
2015,1024,TennesseeU,Alabama,14,19,56,48.5,14,14.5,14.5,14.0,False,545,-695,sportsbookreviewsonline.com,2026-08-31T17:40:29.659301+00:00,https://www.sportsbookreviewsonline.com/scoresoddsarchives/ncaa-football-2015-16,1.3
2015,1024,KansasState,Texas,9,23,56,46.5,3.5,7,7.0,3.5,False,240,-290,sportsbookreviewsonline.com,2026-08-31T17:40:29.659301+00:00,https://www.sportsbookreviewsonline.com/scoresoddsarchives/ncaa-football-2015-16,1.3
2015,1024,TexasA&M,Mississippi,3,23,66,67,4,5.5,5.5,4.0,False,185,-220,sportsbookreviewsonline.com,2026-08-31T17:40:29.659301+00:00,https://www.sportsbookreviewsonline.com/scoresoddsarchives/ncaa-football-2015-16,1.3
2015,1024,Virginia,NorthCarolina,13,26,63,58,14.5,17,17.0,14.5,False,620,-820,sportsbookreviewsonline.com,2026-08-31T17:40:29.659301+00:00,https://www.sportsbookreviewsonline.com/scoresoddsarchives/ncaa-football-2015-16,1.3
2015,1024,Northwestern,Nebraska,30,28,47,50.5,8,7,7.0,8.0,False,240,-290,sportsbookreviewsonline.com,2026-08-31T17:40:29.659301+00:00,https://www.sportsbookreviewsonline.com/scoresoddsarchives/ncaa-football-2015-16,1.3
2015,1024,Wisconsin,Illinois,24,13,6.5,5,44,47,5.0,6.5,False,-215,185,sportsbookreviewsonline.com,2026-08-31T17:40:29.659301+00:00,https://www.sportsbookreviewsonline.com/scoresoddsarchives/ncaa-football-2015-16,1.3
2015,1024,Duke,VirginiaTech,45,43,45,46,3.5,3.5,3.5,3.5,False,145,-165,sportsbookreviewsonline.com,2026-08-31T17:40:29.659301+00:00,https://www.sportsbookreviewsonline.com/scoresoddsarchives/ncaa-football-2015-16,1.3
2015,1024,ULMonroe,Idaho,13,27,2,57,63,1.5,1.5,2.0,False,110,-130,sportsbookreviewsonline.com,2026-08-31T17:40:29.659301+00:00,https://www.sportsbookreviewsonline.com/scoresoddsarchives/ncaa-football-2015-16,1.3
2015,1024,HoustonU,CentralFlorida,59,10,20,21,57,52.5,21.0,20.0,False,-1365,965,sportsbookreviewsonline.com,2026-08-31T17:40:29.659301+00:00,https://www.sportsbookreviewsonline.com/scoresoddsarchives/ncaa-football-2015-16,1.3
2015,1024,Colorado,OregonState,17,13,60,59.5,3,1,1.0,3.0,False,-105,-115,sportsbookreviewsonline.com,2026-08-31T17:40:29.659301+00:00,https://www.sportsbookreviewsonline.com/scoresoddsarchives/ncaa-football-2015-16,1.3
2015,1024,IowaState,Baylor,27,45,81,74.5,36,35.5,35.5,36.0,False,15600,-32400,sportsbookreviewsonline.com,2026-08-31T17:40:29.659301+00:00,https://www.sportsbookreviewsonline.com/scoresoddsarchives/ncaa-football-2015-16,1.3
2015,1024,PennState,Maryland,31,30,8,6,48,46,6.0,8.0,False,-240,205,sportsbookreviewsonline.com,2026-08-31T17:40:29.659301+00:00,https://www.sportsbookreviewsonline.com/scoresoddsarchives/ncaa-football-2015-16,1.3
2015,1024,Army,Rice,31,38,57,53,11,7,7.0,11.0,False,230,-280,sportsbookreviewsonline.com,2026-08-31T17:40:29.659301+00:00,https://www.sportsbookreviewsonline.com/scoresoddsarchives/ncaa-football-2015-16,1.3
2015,1024,SouthernMiss,Charlotte,44,10,15.5,14.5,56,63.5,14.5,15.5,False,-665,515,sportsbookreviewsonline.com,2026-08-31T17:40:29.659301+00:00,https://www.sportsbookreviewsonline.com/scoresoddsarchives/ncaa-football-2015-16,1.3
2015,1024,BostonCollege,Louisville,14,17,38,37,8,7,7.0,8.0,False,260,-320,sportsbookreviewsonline.com,2026-08-31T17:40:29.659301+00:00,https://www.sportsbookreviewsonline.com/scoresoddsarchives/ncaa-football-2015-16,1.3
2015,1024,MiddleTennSt,LouisianaTech,16,45,66,62.5,8,7,7.0,8.0,False,220,-270,sportsbookreviewsonline.com,2026-08-31T17:40:29.659301+00:00,https://www.sportsbookreviewsonline.com/scoresoddsarchives/ncaa-football-2015-16,1.3
2015,1024,Connecticut,CincinnatiU,13,37,56,58,13.5,11,11.0,13.5,False,355,-445,sportsbookreviewsonline.com,2026-08-31T17:40:29.659301+00:00,https://www.sportsbookreviewsonline.com/scoresoddsarchives/ncaa-football-2015-16,1.3
2015,1024,SMU,SouthFlorida,14,38,65,61.5,12.5,12.5,12.5,12.5,False,375,-475,sportsbookreviewsonline.com,2026-08-31T17:40:29.659301+00:00,https://www.sportsbookreviewsonline.com/scoresoddsarchives/ncaa-football-2015-16,1.3
2015,1024,SouthAlabama,TexasState,18,36,74,2,2.5,62.5,2.0,2.5,False,-125,105,sportsbookreviewsonline.com,2026-08-31T17:40:29.659301+00:00,https://www.sportsbookreviewsonline.com/scoresoddsarchives/ncaa-football-2015-16,1.3
2015,1024,OldDominion,FloridaIntl,12,41,56,53,15,13.5,13.5,15.0,False,435,-560,sportsbookreviewsonline.com,2026-08-31T17:40:29.659301+00:00,https://www.sportsbookreviewsonline.com/scoresoddsarchives/ncaa-football-2015-16,1.3
2015,1024,Kentucky,MississippiSt,16,42,54,59.5,11,13,13.0,11.0,False,410,-535,sportsbookreviewsonline.com,2026-08-31T17:40:29.659301+00:00,https://www.sportsbookreviewsonline.com/scoresoddsarchives/ncaa-football-2015-16,1.3
2015,1024,Auburn,Arkansas,46,54,48,55.5,5.5,7,7.0,5.5,False,250,-300,sportsbookreviewsonline.com,2026-08-31T17:40:29.659301+00:00,https://www.sportsbookreviewsonline.com/scoresoddsarchives/ncaa-football-2015-16,1.3
2015,1024,TexasTech,Oklahoma,27,63,77,72,14,15,15.0,14.0,False,510,-660,sportsbookreviewsonline.com,2026-08-31T17:40:29.659301+00:00,https://www.sportsbookreviewsonline.com/scoresoddsarchives/ncaa-football-2015-16,1.3
2015,1024,Kansas,OklahomaState,10,58,61,56.5,32.5,34,34.0,32.5,False,5375,-13875,sportsbookreviewsonline.com,2026-08-31T17:40:29.659301+00:00,https://www.sportsbookreviewsonline.com/scoresoddsarchives/ncaa-football-2015-16,1.3
2015,1024,FloridaState,GeorgiaTech,16,22,5.5,5.5,56,55.5,5.5,5.5,False,-220,190,sportsbookreviewsonline.com,2026-08-31T17:40:29.659301+00:00,https://www.sportsbookreviewsonline.com/scoresoddsarchives/ncaa-football-2015-16,1.3
2015,1024,OhioState,Rutgers,49,7,21,23.5,58.5,64.5,23.5,21.0,False,-1940,1290,sportsbookreviewsonline.com,2026-08-31T17:40:29.659301+00:00,https://www.sportsbookreviewsonline.com/scoresoddsarchives/ncaa-football-2015-16,1.3
2015,1024,WesternKentucky,LSU,20,48,66,63.5,15,15.5,15.5,15.0,False,550,-700,sportsbookreviewsonline.com,2026-08-31T17:40:29.659301+00:00,https://www.sportsbookreviewsonline.com/scoresoddsarchives/ncaa-football-2015-16,1.3
2015,1024,FloridaAtlantic,UTEP,17,27,5.5,5,57,53.5,5.0,5.5,False,-205,175,sportsbookreviewsonline.com,2026-08-31T17:40:29.659301+00:00,https://www.sportsbookreviewsonline.com/scoresoddsarchives/ncaa-football-2015-16,1.3
2015,1024,Troy,NewMexicoState,52,7,3.5,3,58.5,59,3.0,3.5,False,-155,135,sportsbookreviewsonline.com,2026-08-31T17:40:29.659301+00:00,https://www.sportsbookreviewsonline.com/scoresoddsarchives/ncaa-football-2015-16,1.3
2015,1024,NewMexico,SanJoseState,21,31,58,56,8,7.5,7.5,8.0,False,250,-310,sportsbookreviewsonline.com,2026-08-31T17:40:29.659301+00:00,https://www.sportsbookreviewsonline.com/scoresoddsarchives/ncaa-football-2015-16,1.3
2015,1024,Hawaii,Nevada,20,30,49,54,8,7,7.0,8.0,False,255,-315,sportsbookreviewsonline.com,2026-08-31T17:40:29.659301+00:00,https://www.sportsbookreviewsonline.com/scoresoddsarchives/ncaa-football-2015-16,1.3
2015,1024,WashingtonState,ArizonaU,45,42,71,73.5,7,7,7.0,7.0,False,230,-280,sportsbookreviewsonline.com,2026-08-31T17:40:29.659301+00:00,https://www.sportsbookreviewsonline.com/scoresoddsarchives/ncaa-football-2015-16,1.3
2015,1024,Wagner,BYU,6,70,NL,NL,51.5,50.5,,,False,150000,-450000,sportsbookreviewsonline.com,2026-08-31T17:40:29.659301+00:00,https://www.sportsbookreviewsonline.com/scoresoddsarchives/ncaa-football-2015-16,1.3
2015,1029,NorthCarolina,PittsburghU,26,19,3,1,52,58.5,1.0,3.0,False,-121,101,sportsbookreviewsonline.com,2026-08-31T17:40:29.659301+00:00,https://www.sportsbookreviewsonline.com/scoresoddsarchives/ncaa-football-2015-16,1.3
2015,1029,WesternMichigan,EasternMichigan,58,28,20.5,18.5,70,65.5,18.5,20.5,False,-1100,750,sportsbookreviewsonline.com,2026-08-31T17:40:29.659301+00:00,https://www.sportsbookreviewsonline.com/scoresoddsarchives/ncaa-football-2015-16,1.3
2015,1029,BuffaloU,MiamiOhio,29,24,8.5,7,54,50,7.0,8.5,False,-260,210,sportsbookreviewsonline.com,2026-08-31T17:40:29.659301+00:00,https://www.sportsbookreviewsonline.com/scoresoddsarchives/ncaa-football-2015-16,1.3
2015,1029,TexasState,GeorgiaSouthern,13,37,72.5,64.5,21,20,20.0,21.0,False,800,-1300,sportsbookreviewsonline.com,2026-08-31T17:40:29.659301+00:00,https://www.sportsbookreviewsonline.com/scoresoddsarchives/ncaa-football-2015-16,1.3
2015,1029,WestVirginia,TCU,10,40,74,72,14,12,12.0,14.0,False,400,-500,sportsbookreviewsonline.com,2026-08-31T17:40:29.659301+00:00,https://www.sportsbookreviewsonline.com/scoresoddsarchives/ncaa-football-2015-16,1.3
2015,1029,Oregon,ArizonaState,34,41,67,65,2.5,2.5,2.5,2.5,False,120,-140,sportsbookreviewsonline.com,2026-08-31T17:40:29.659301+00:00,https://www.sportsbookreviewsonline.com/scoresoddsarchives/ncaa-football-2015-16,1.3
2015,1030,Louisville,WakeForest,20,19,12,12,42,42.5,12.0,12.0,False,-475,380,sportsbookreviewsonline.com,2026-08-31T17:40:29.659301+00:00,https://www.sportsbookreviewsonline.com/scoresoddsarchives/ncaa-football-2015-16,1.3
2015,1030,EastCarolina,Connecticut,13,31,7,5,52,51,5.0,7.0,False,-215,185,sportsbookreviewsonline.com,2026-08-31T17:40:29.659301+00:00,https://www.sportsbookreviewsonline.com/scoresoddsarchives/ncaa-football-2015-16,1.3
2015,1030,LouisianaTech,Rice,42,17,13,11,67.5,60.5,11.0,13.0,False,-450,355,sportsbookreviewsonline.com,2026-08-31T17:40:29.659301+00:00,https://www.sportsbookreviewsonline.com/scoresoddsarchives/ncaa-football-2015-16,1.3
2015,1030,Wyoming,UtahState,27,58,51,48,28,24.5,24.5,28.0,False,1400,-4000,sportsbookreviewsonline.com,2026-08-31T17:40:29.659301+00:00,https://www.sportsbookreviewsonline.com/scoresoddsarchives/ncaa-football-2015-16,1.3
2015,1031,SouthFlorida,Navy,17,29,51,51,9,6,6.0,9.0,False,200,-235,sportsbookreviewsonline.com,2026-08-31T17:40:29.659301+00:00,https://www.sportsbookreviewsonline.com/scoresoddsarchives/ncaa-football-2015-16,1.3
2015,1031,Marshall,Charlotte,34,10,20,17.5,53,48.5,17.5,20.0,False,-780,605,sportsbookreviewsonline.com,2026-08-31T17:40:29.659301+00:00,https://www.sportsbookreviewsonline.com/scoresoddsarchives/ncaa-football-2015-16,1.3
2015,1031,Troy,AppalachianSt,41,44,51.5,55,22,24,24.0,22.0,False,1375,-2125,sportsbookreviewsonline.com,2026-08-31T17:40:29.659301+00:00,https://www.sportsbookreviewsonline.com/scoresoddsarchives/ncaa-football-2015-16,1.3
2015,1031,Massachusetts,BallState,10,20,65,67.5,3,pk,0.0,3.0,False,-115,-105,sportsbookreviewsonline.com,2026-08-31T17:40:29.659301+00:00,https://www.sportsbookreviewsonline.com/scoresoddsarchives/ncaa-football-2015-16,1.3
2015,1031,Rutgers,Wisconsin,10,48,47.5,50.5,20,18.5,18.5,20.0,False,725,-975,sportsbookreviewsonline.com,2026-08-31T17:40:29.659301+00:00,https://www.sportsbookreviewsonline.com/scoresoddsarchives/ncaa-football-2015-16,1.3
2015,1031,Nebraska,Purdue,45,55,11,8.5,56,54,8.5,11.0,False,-340,280,sportsbookreviewsonline.com,2026-08-31T17:40:29.659301+00:00,https://www.sportsbookreviewsonline.com/scoresoddsarchives/ncaa-football-2015-16,1.3
2015,1031,Clemson,NCState,56,41,10,13,52,50.5,13.0,10.0,False,-560,435,sportsbookreviewsonline.com,2026-08-31T17:40:29.659301+00:00,https://www.sportsbookreviewsonline.com/scoresoddsarchives/ncaa-football-2015-16,1.3
2015,1031,Maryland,Iowa,15,31,54,51,18,18,18.0,18.0,False,755,-1055,sportsbookreviewsonline.com,2026-08-31T17:40:29.659301+00:00,https://www.sportsbookreviewsonline.com/scoresoddsarchives/ncaa-football-2015-16,1.3
2015,1031,Mississippi,Auburn,27,19,5,8.5,59,57.5,8.5,5.0,False,-335,275,sportsbookreviewsonline.com,2026-08-31T17:40:29.659301+00:00,https://www.sportsbookreviewsonline.com/scoresoddsarchives/ncaa-football-2015-16,1.3
2015,1031,GeorgiaState,ArkansasState,34,48,66,58,19.5,17,17.0,19.5,False,600,-800,sportsbookreviewsonline.com,2026-08-31T17:40:29.659301+00:00,https://www.sportsbookreviewsonline.com/scoresoddsarchives/ncaa-football-2015-16,1.3
2015,1031,CentralMichigan,Akron,14,6,3,3,48,47,3.0,3.0,False,-150,130,sportsbookreviewsonline.com,2026-08-31T17:40:29.659301+00:00,https://www.sportsbookreviewsonline.com/scoresoddsarchives/ncaa-football-2015-16,1.3
2015,1031,ArizonaU,WashingtonU,3,49,58,58,5,6,6.0,5.0,False,190,-225,sportsbookreviewsonline.com,2026-08-31T17:40:29.659301+00:00,https://www.sportsbookreviewsonline.com/scoresoddsarchives/ncaa-football-2015-16,1.3
2015,1031,SanDiegoState,ColoradoState,41,17,3.5,3,49.5,51.5,3.0,3.5,False,-150,130,sportsbookreviewsonline.com,2026-08-31T17:40:29.659301+00:00,https://www.sportsbookreviewsonline.com/scoresoddsarchives/ncaa-football-2015-16,1.3
2015,1031,Stanford,WashingtonState,30,28,13,10,66,60.5,10.0,13.0,False,-400,320,sportsbookreviewsonline.com,2026-08-31T17:40:29.659301+00:00,https://www.sportsbookreviewsonline.com/scoresoddsarchives/ncaa-football-2015-16,1.3
2015,1031,Georgia,Florida,3,27,47.5,49,1,pk,0.0,1.0,False,-105,-115,sportsbookreviewsonline.com,2026-08-31T17:40:29.659301+00:00,https://www.sportsbookreviewsonline.com/scoresoddsarchives/ncaa-football-2015-16,1.3
2015,1031,USC,California,27,21,6.5,4.5,65,69,4.5,6.5,False,-200,175,sportsbookreviewsonline.com,2026-08-31T17:40:29.659301+00:00,https://www.sportsbookreviewsonline.com/scoresoddsarchives/ncaa-football-2015-16,1.3
2015,1031,NotreDame,Temple,24,20,9.5,12.5,49,52.5,12.5,9.5,False,-545,420,sportsbookreviewsonline.com,2026-08-31T17:40:29.659301+00:00,https://www.sportsbookreviewsonline.com/scoresoddsarchives/ncaa-football-2015-16,1.3
2015,1031,GeorgiaTech,Virginia,21,27,4,4.5,58,51.5,4.5,4.0,False,-210,180,sportsbookreviewsonline.com,2026-08-31T17:40:29.659301+00:00,https://www.sportsbookreviewsonline.com/scoresoddsarchives/ncaa-football-2015-16,1.3
2015,1031,OklahomaState,TexasTech,70,53,3,2.5,78,77.5,2.5,3.0,False,-135,115,sportsbookreviewsonline.com,2026-08-31T17:40:29.659301+00:00,https://www.sportsbookreviewsonline.com/scoresoddsarchives/ncaa-football-2015-16,1.3
2015,1031,Oklahoma,Kansas,62,7,36,39.5,66,59.5,39.5,36.0,False,-48600,23400,sportsbookreviewsonline.com,2026-08-31T17:40:29.659301+00:00,https://www.sportsbookreviewsonline.com/scoresoddsarchives/ncaa-football-2015-16,1.3
2015,1031,Texas,IowaState,0,24,8,3.5,57,50,3.5,8.0,False,-175,155,sportsbookreviewsonline.com,2026-08-31T17:40:29.659301+00:00,https://www.sportsbookreviewsonline.com/scoresoddsarchives/ncaa-football-2015-16,1.3
2015,1031,Illinois,PennState,0,39,43,44.5,7,4,4.0,7.0,False,165,-190,sportsbookreviewsonline.com,2026-08-31T17:40:29.659301+00:00,https://www.sportsbookreviewsonline.com/scoresoddsarchives/ncaa-football-2015-16,1.3
2015,1031,Vanderbilt,HoustonU,0,34,46.5,49.5,13.5,11,11.0,13.5,False,330,-410,sportsbookreviewsonline.com,2026-08-31T17:40:29.659301+00:00,https://www.sportsbookreviewsonline.com/scoresoddsarchives/ncaa-football-2015-16,1.3
2015,1031,SouthCarolina,TexasA&M,28,35,50,61,14,14,14.0,14.0,False,480,-630,sportsbookreviewsonline.com,2026-08-31T17:40:29.659301+00:00,https://www.sportsbookreviewsonline.com/scoresoddsarchives/ncaa-football-2015-16,1.3
2015,1031,TennesseeU,Kentucky,52,21,7.5,11,51.5,60.5,11.0,7.5,False,-435,345,sportsbookreviewsonline.com,2026-08-31T17:40:29.659301+00:00,https://www.sportsbookreviewsonline.com/scoresoddsarchives/ncaa-football-2015-16,1.3
2015,1031,OregonState,Utah,12,27,56.5,52,23.5,26,26.0,23.5,False,1675,-3425,sportsbookreviewsonline.com,2026-08-31T17:40:29.659301+00:00,https://www.sportsbookreviewsonline.com/scoresoddsarchives/ncaa-football-2015-16,1.3
2015,1031,CentralFlorida,CincinnatiU,7,52,60,61.5,23,25,25.0,23.0,False,1340,-2090,sportsbookreviewsonline.com,2026-08-31T17:40:29.659301+00:00,https://www.sportsbookreviewsonline.com/scoresoddsarchives/ncaa-football-2015-16,1.3
2015,1031,Syracuse,FloridaState,21,45,49.5,52.5,19.5,16,16.0,19.5,False,550,-700,sportsbookreviewsonline.com,2026-08-31T17:40:29.659301+00:00,https://www.sportsbookreviewsonline.com/scoresoddsarchives/ncaa-football-2015-16,1.3
2015,1031,ULMonroe,ULLafayette,24,30,60.5,53,12.5,10,10.0,12.5,False,295,-365,sportsbookreviewsonline.com,2026-08-31T17:40:29.659301+00:00,https://www.sportsbookreviewsonline.com/scoresoddsarchives/ncaa-football-2015-16,1.3
2015,1031,WesternKentucky,OldDominion,55,30,24,25,66,66,25.0,24.0,False,-2765,1715,sportsbookreviewsonline.com,2026-08-31T17:40:29.659301+00:00,https://www.sportsbookreviewsonline.com/scoresoddsarchives/ncaa-football-2015-16,1.3
2015,1031,UTEP,SouthernMiss,13,34,59.5,59,20.5,23.5,23.5,20.5,False,1255,-1905,sportsbookreviewsonline.com,2026-08-31T17:40:29.659301+00:00,https://www.sportsbookreviewsonline.com/scoresoddsarchives/ncaa-football-2015-16,1.3
2015,1031,FloridaIntl,FloridaAtlantic,17,31,3.5,2.5,52,51,2.5,3.5,False,-140,120,sportsbookreviewsonline.com,2026-08-31T17:40:29.659301+00:00,https://www.sportsbookreviewsonline.com/scoresoddsarchives/ncaa-football-2015-16,1.3
2015,1031,TexSanAntonio,NorthTexas,23,30,9,7,55.5,54.5,7.0,9.0,False,-245,205,sportsbookreviewsonline.com,2026-08-31T17:40:29.659301+00:00,https://www.sportsbookreviewsonline.com/scoresoddsarchives/ncaa-football-2015-16,1.3
2015,1031,MiamiFlorida,Duke,30,27,47,51.5,7,10,10.0,7.0,False,305,-375,sportsbookreviewsonline.com,2026-08-31T17:40:29.659301+00:00,https://www.sportsbookreviewsonline.com/scoresoddsarchives/ncaa-football-2015-16,1.3
2015,1031,Tulsa,SMU,40,31,3.5,75,74,pk,0.0,3.5,False,-115,-105,sportsbookreviewsonline.com,2026-08-31T17:40:29.659301+00:00,https://www.sportsbookreviewsonline.com/scoresoddsarchives/ncaa-football-2015-16,1.3
2015,1031,VirginiaTech,BostonCollege,26,10,3,3.5,38.5,36.5,3.5,3.0,False,-165,145,sportsbookreviewsonline.com,2026-08-31T17:40:29.659301+00:00,https://www.sportsbookreviewsonline.com/scoresoddsarchives/ncaa-football-2015-16,1.3
2015,1031,Idaho,NewMexicoState,48,55,3,7,68.5,69.5,7.0,3.0,False,-270,220,sportsbookreviewsonline.com,2026-08-31T17:40:29.659301+00:00,https://www.sportsbookreviewsonline.com/scoresoddsarchives/ncaa-football-2015-16,1.3
2015,1031,Tulane,Memphis,13,41,68,62,26,30,30.0,26.0,False,3695,-8695,sportsbookreviewsonline.com,2026-08-31T17:40:29.659301+00:00,https://www.sportsbookreviewsonline.com/scoresoddsarchives/ncaa-football-2015-16,1.3
2015,1031,Michigan,MinnesotaU,29,26,12.5,11,39,39,11.0,12.5,False,-575,450,sportsbookreviewsonline.com,2026-08-31T17:40:29.659301+00:00,https://www.sportsbookreviewsonline.com/scoresoddsarchives/ncaa-football-2015-16,1.3
2015,1031,BoiseState,UNLV,55,27,19.5,21,55,53.5,21.0,19.5,False,-1360,960,sportsbookreviewsonline.com,2026-08-31T17:40:29.659301+00:00,https://www.sportsbookreviewsonline.com/scoresoddsarchives/ncaa-football-2015-16,1.3
2015,1031,Colorado,UCLA,31,35,61,63,19.5,23.5,23.5,19.5,False,1195,-1745,sportsbookreviewsonline.com,2026-08-31T17:40:29.659301+00:00,https://www.sportsbookreviewsonline.com/scoresoddsarchives/ncaa-football-2015-16,1.3
2015,1031,AirForce,Hawaii,58,7,7.5,7,51.5,50,7.0,7.5,False,-275,225,sportsbookreviewsonline.com,2026-08-31T17:40:29.659301+00:00,https://www.sportsbookreviewsonline.com/scoresoddsarchives/ncaa-football-2015-16,1.3
2015,1031,TennesseeMartin,Arkansas,28,63,NL,61.5,37,37,37.0,,False,18200,-37800,sportsbookreviewsonline.com,2026-08-31T17:40:29.659301+00:00,https://www.sportsbookreviewsonline.com/scoresoddsarchives/ncaa-football-2015-16,1.3
2015,1103,NoIllinois,Toledo,32,27,60,62,8,7,7.0,8.0,False,235,-295,sportsbookreviewsonline.com,2026-08-31T17:40:29.659301+00:00,https://www.sportsbookreviewsonline.com/scoresoddsarchives/ncaa-football-2015-16,1.3
2015,1104,Ohio,BowlingGreen,24,62,62.5,65.5,17,20.5,20.5,17.0,False,900,-1500,sportsbookreviewsonline.com,2026-08-31T17:40:29.659301+00:00,https://www.sportsbookreviewsonline.com/scoresoddsarchives/ncaa-football-2015-16,1.3
2015,1105,Baylor,KansasState,31,24,16,17,68.5,67,17.0,16.0,False,-800,575,sportsbookreviewsonline.com,2026-08-31T17:40:29.659301+00:00,https://www.sportsbookreviewsonline.com/scoresoddsarchives/ncaa-football-2015-16,1.3
2015,1105,BuffaloU,KentState,18,17,3,43.5,47,1,1.0,3.0,False,-105,-115,sportsbookreviewsonline.com,2026-08-31T17:40:29.659301+00:00,https://www.sportsbookreviewsonline.com/scoresoddsarchives/ncaa-football-2015-16,1.3
2015,1105,ArkansasState,AppalachianSt,40,27,62,55.5,11.5,12.5,12.5,11.5,False,381,-476,sportsbookreviewsonline.com,2026-08-31T17:40:29.659301+00:00,https://www.sportsbookreviewsonline.com/scoresoddsarchives/ncaa-football-2015-16,1.3
2015,1105,BallState,WesternMichigan,7,54,61.5,61.5,14.5,15.5,15.5,14.5,False,575,-800,sportsbookreviewsonline.com,2026-08-31T17:40:29.659301+00:00,https://www.sportsbookreviewsonline.com/scoresoddsarchives/ncaa-football-2015-16,1.3
2015,1105,MississippiSt,Missouri,31,13,7,7.5,39.5,42,7.5,7.0,False,-310,250,sportsbookreviewsonline.com,2026-08-31T17:40:29.659301+00:00,https://www.sportsbookreviewsonline.com/scoresoddsarchives/ncaa-football-2015-16,1.3
2015,1105,Nevada,FresnoState,30,16,4.5,4,56.5,54,4.0,4.5,False,-180,160,sportsbookreviewsonline.com,2026-08-31T17:40:29.659301+00:00,https://www.sportsbookreviewsonline.com/scoresoddsarchives/ncaa-football-2015-16,1.3
2015,1106,Temple,SMU,60,40,14,13.5,58.5,50,13.5,14.0,False,-600,460,sportsbookreviewsonline.com,2026-08-31T17:40:29.659301+00:00,https://www.sportsbookreviewsonline.com/scoresoddsarchives/ncaa-football-2015-16,1.3
2015,1106,Rice,UTEP,21,24,6,4,58.5,56.5,4.0,6.0,False,-185,165,sportsbookreviewsonline.com,2026-08-31T17:40:29.659301+00:00,https://www.sportsbookreviewsonline.com/scoresoddsarchives/ncaa-football-2015-16,1.3
2015,1106,BYU,SanJoseState,17,16,12,11,56.5,54.5,11.0,12.0,False,-510,390,sportsbookreviewsonline.com,2026-08-31T17:40:29.659301+00:00,https://www.sportsbookreviewsonline.com/scoresoddsarchives/ncaa-football-2015-16,1.3
2015,1107,Illinois,Purdue,48,14,52.5,4,pk,50,4.0,0.0,False,-185,160,sportsbookreviewsonline.com,2026-08-31T17:40:29.659301+00:00,https://www.sportsbookreviewsonline.com/scoresoddsarchives/ncaa-football-2015-16,1.3
2015,1107,Duke,NorthCarolina,31,66,53,60,8,7,7.0,8.0,False,245,-295,sportsbookreviewsonline.com,2026-08-31T17:40:29.659301+00:00,https://www.sportsbookreviewsonline.com/scoresoddsarchives/ncaa-football-2015-16,1.3
2015,1107,FloridaAtlantic,WesternKentucky,19,35,63,67.5,25,26,26.0,25.0,False,1550,-2500,sportsbookreviewsonline.com,2026-08-31T17:40:29.659301+00:00,https://www.sportsbookreviewsonline.com/scoresoddsarchives/ncaa-football-2015-16,1.3
2015,1107,TexasTech,WestVirginia,26,31,79,81,7.5,9,9.0,7.5,False,280,-350,sportsbookreviewsonline.com,2026-08-31T17:40:29.659301+00:00,https://www.sportsbookreviewsonline.com/scoresoddsarchives/ncaa-football-2015-16,1.3
2015,1107,Kentucky,Georgia,3,27,53.5,58,14,17,17.0,14.0,False,620,-820,sportsbookreviewsonline.com,2026-08-31T17:40:29.659301+00:00,https://www.sportsbookreviewsonline.com/scoresoddsarchives/ncaa-football-2015-16,1.3
2015,1107,ULLafayette,GeorgiaState,23,21,6.5,2,63,60.5,2.0,6.5,False,-125,105,sportsbookreviewsonline.com,2026-08-31T17:40:29.659301+00:00,https://www.sportsbookreviewsonline.com/scoresoddsarchives/ncaa-football-2015-16,1.3
2015,1107,Iowa,Indiana,35,27,7,7,60.5,58.5,7.0,7.0,False,-300,240,sportsbookreviewsonline.com,2026-08-31T17:40:29.659301+00:00,https://www.sportsbookreviewsonline.com/scoresoddsarchives/ncaa-football-2015-16,1.3
2015,1107,SouthFlorida,EastCarolina,22,17,54,55,5,4.5,4.5,5.0,False,185,-215,sportsbookreviewsonline.com,2026-08-31T17:40:29.659301+00:00,https://www.sportsbookreviewsonline.com/scoresoddsarchives/ncaa-football-2015-16,1.3
2015,1107,Vanderbilt,Florida,7,9,39.5,38.5,19,21,21.0,19.0,False,1135,-1585,sportsbookreviewsonline.com,2026-08-31T17:40:29.659301+00:00,https://www.sportsbookreviewsonline.com/scoresoddsarchives/ncaa-football-2015-16,1.3
2015,1107,Charlotte,FloridaIntl,31,48,52,52,19.5,17,17.0,19.5,False,745,-1045,sportsbookreviewsonline.com,2026-08-31T17:40:29.659301+00:00,https://www.sportsbookreviewsonline.com/scoresoddsarchives/ncaa-football-2015-16,1.3
2015,1107,Syracuse,Louisville,17,41,51.5,50.5,12,17,17.0,12.0,False,610,-810,sportsbookreviewsonline.com,2026-08-31T17:40:29.659301+00:00,https://www.sportsbookreviewsonline.com/scoresoddsarchives/ncaa-football-2015-16,1.3
2015,1107,CincinnatiU,HoustonU,30,33,68,71,8.5,8,8.0,8.5,False,290,-360,sportsbookreviewsonline.com,2026-08-31T17:40:29.659301+00:00,https://www.sportsbookreviewsonline.com/scoresoddsarchives/ncaa-football-2015-16,1.3
2015,1107,Akron,Massachusetts,17,13,52,54,1,2,2.0,1.0,False,-105,-115,sportsbookreviewsonline.com,2026-08-31T17:40:29.659301+00:00,https://www.sportsbookreviewsonline.com/scoresoddsarchives/ncaa-football-2015-16,1.3
2015,1107,EasternMichigan,MiamiOhio,13,28,62.5,62.5,6.5,4,4.0,6.5,False,170,-200,sportsbookreviewsonline.com,2026-08-31T17:40:29.659301+00:00,https://www.sportsbookreviewsonline.com/scoresoddsarchives/ncaa-football-2015-16,1.3
2015,1107,Rutgers,Michigan,16,49,50,49,24,24.5,24.5,24.0,False,1455,-2205,sportsbookreviewsonline.com,2026-08-31T17:40:29.659301+00:00,https://www.sportsbookreviewsonline.com/scoresoddsarchives/ncaa-football-2015-16,1.3
2015,1107,Army,AirForce,3,20,54,49.5,17,16.5,16.5,17.0,False,605,-805,sportsbookreviewsonline.com,2026-08-31T17:40:29.659301+00:00,https://www.sportsbookreviewsonline.com/scoresoddsarchives/ncaa-football-2015-16,1.3
2015,1107,NCState,BostonCollege,24,8,4,4,41.5,37,4.0,4.0,False,-195,170,sportsbookreviewsonline.com,2026-08-31T17:40:29.659301+00:00,https://www.sportsbookreviewsonline.com/scoresoddsarchives/ncaa-football-2015-16,1.3
2015,1107,PennState,Northwestern,21,23,40,2.5,2.5,41,2.5,2.5,False,-140,120,sportsbookreviewsonline.com,2026-08-31T17:40:29.659301+00:00,https://www.sportsbookreviewsonline.com/scoresoddsarchives/ncaa-football-2015-16,1.3
2015,1107,NewMexicoState,TexasState,31,21,74,69,14,16.5,16.5,14.0,False,630,-880,sportsbookreviewsonline.com,2026-08-31T17:40:29.659301+00:00,https://www.sportsbookreviewsonline.com/scoresoddsarchives/ncaa-football-2015-16,1.3
2015,1107,Connecticut,Tulane,7,3,6,5.5,49.5,44,5.5,6.0,False,-215,185,sportsbookreviewsonline.com,2026-08-31T17:40:29.659301+00:00,https://www.sportsbookreviewsonline.com/scoresoddsarchives/ncaa-football-2015-16,1.3
2015,1107,Kansas,Texas,20,59,54,52,27.5,28.5,28.5,27.5,False,3035,-6535,sportsbookreviewsonline.com,2026-08-31T17:40:29.659301+00:00,https://www.sportsbookreviewsonline.com/scoresoddsarchives/ncaa-football-2015-16,1.3
2015,1107,ColoradoState,Wyoming,26,7,11.5,9.5,51,55.5,9.5,11.5,False,-385,305,sportsbookreviewsonline.com,2026-08-31T17:40:29.659301+00:00,https://www.sportsbookreviewsonline.com/scoresoddsarchives/ncaa-football-2015-16,1.3
2015,1107,Stanford,Colorado,42,10,16,15.5,58,55.5,15.5,16.0,False,-810,610,sportsbookreviewsonline.com,2026-08-31T17:40:29.659301+00:00,https://www.sportsbookreviewsonline.com/scoresoddsarchives/ncaa-football-2015-16,1.3
2015,1107,CentralFlorida,Tulsa,30,45,64,61,14,17,17.0,14.0,False,670,-920,sportsbookreviewsonline.com,2026-08-31T17:40:29.659301+00:00,https://www.sportsbookreviewsonline.com/scoresoddsarchives/ncaa-football-2015-16,1.3
2015,1107,UtahState,NewMexico,13,14,14,20,58.5,57,20.0,14.0,False,-1190,840,sportsbookreviewsonline.com,2026-08-31T17:40:29.659301+00:00,https://www.sportsbookreviewsonline.com/scoresoddsarchives/ncaa-football-2015-16,1.3
2015,1107,Utah,WashingtonU,34,23,48.5,43,1,2.5,2.5,1.0,False,120,-140,sportsbookreviewsonline.com,2026-08-31T17:40:29.659301+00:00,https://www.sportsbookreviewsonline.com/scoresoddsarchives/ncaa-football-2015-16,1.3
2015,1107,ArizonaU,USC,30,38,64,69.5,17,19.5,19.5,17.0,False,825,-1125,sportsbookreviewsonline.com,2026-08-31T17:40:29.659301+00:00,https://www.sportsbookreviewsonline.com/scoresoddsarchives/ncaa-football-2015-16,1.3
2015,1107,SouthCarolina,TennesseeU,24,27,56.5,60,17,17.5,17.5,17.0,False,695,-945,sportsbookreviewsonline.com,2026-08-31T17:40:29.659301+00:00,https://www.sportsbookreviewsonline.com/scoresoddsarchives/ncaa-football-2015-16,1.3
2015,1107,IowaState,Oklahoma,16,52,63,57.5,24,25.5,25.5,24.0,False,1520,-2370,sportsbookreviewsonline.com,2026-08-31T17:40:29.659301+00:00,https://www.sportsbookreviewsonline.com/scoresoddsarchives/ncaa-football-2015-16,1.3
2015,1107,TCU,OklahomaState,29,49,5,6,77,76,6.0,5.0,False,-265,215,sportsbookreviewsonline.com,2026-08-31T17:40:29.659301+00:00,https://www.sportsbookreviewsonline.com/scoresoddsarchives/ncaa-football-2015-16,1.3
2015,1107,UCLA,OregonState,41,0,16.5,17,58.5,59.5,17.0,16.5,False,-810,610,sportsbookreviewsonline.com,2026-08-31T17:40:29.659301+00:00,https://www.sportsbookreviewsonline.com/scoresoddsarchives/ncaa-football-2015-16,1.3
2015,1107,FloridaState,Clemson,13,23,56,55,12,12,12.0,12.0,False,390,-490,sportsbookreviewsonline.com,2026-08-31T17:40:29.659301+00:00,https://www.sportsbookreviewsonline.com/scoresoddsarchives/ncaa-football-2015-16,1.3
2015,1107,Navy,Memphis,45,20,66,63.5,8,10.5,10.5,8.0,False,325,-405,sportsbookreviewsonline.com,2026-08-31T17:40:29.659301+00:00,https://www.sportsbookreviewsonline.com/scoresoddsarchives/ncaa-football-2015-16,1.3
2015,1107,Wisconsin,Maryland,31,24,13,10,48.5,49,10.0,13.0,False,-405,325,sportsbookreviewsonline.com,2026-08-31T17:40:29.659301+00:00,https://www.sportsbookreviewsonline.com/scoresoddsarchives/ncaa-football-2015-16,1.3
2015,1107,NorthTexas,LouisianaTech,13,56,63.5,62,29,29,29.0,29.0,False,3030,-6530,sportsbookreviewsonline.com,2026-08-31T17:40:29.659301+00:00,https://www.sportsbookreviewsonline.com/scoresoddsarchives/ncaa-football-2015-16,1.3
2015,1107,LSU,Alabama,16,30,54,46,7,7.5,7.5,7.0,False,245,-305,sportsbookreviewsonline.com,2026-08-31T17:40:29.659301+00:00,https://www.sportsbookreviewsonline.com/scoresoddsarchives/ncaa-football-2015-16,1.3
2015,1107,ULMonroe,Troy,14,51,56,52,8,8.5,8.5,8.0,False,300,-370,sportsbookreviewsonline.com,2026-08-31T17:40:29.659301+00:00,https://www.sportsbookreviewsonline.com/scoresoddsarchives/ncaa-football-2015-16,1.3
2015,1107,Hawaii,UNLV,21,41,55,54,8.5,7.5,7.5,8.5,False,270,-330,sportsbookreviewsonline.com,2026-08-31T17:40:29.659301+00:00,https://www.sportsbookreviewsonline.com/scoresoddsarchives/ncaa-football-2015-16,1.3
2015,1107,California,Oregon,28,44,74,76,6,3.5,3.5,6.0,False,145,-165,sportsbookreviewsonline.com,2026-08-31T17:40:29.659301+00:00,https://www.sportsbookreviewsonline.com/scoresoddsarchives/ncaa-football-2015-16,1.3
2015,1107,OldDominion,TexSanAntonio,36,31,55,52.5,12,7.5,7.5,12.0,False,250,-310,sportsbookreviewsonline.com,2026-08-31T17:40:29.659301+00:00,https://www.sportsbookreviewsonline.com/scoresoddsarchives/ncaa-football-2015-16,1.3
2015,1107,NotreDame,PittsburghU,42,30,7.5,9,52,53,9.0,7.5,False,-375,305,sportsbookreviewsonline.com,2026-08-31T17:40:29.659301+00:00,https://www.sportsbookreviewsonline.com/scoresoddsarchives/ncaa-football-2015-16,1.3
2015,1107,Marshall,MiddleTennSt,24,27,57,56,1,2,2.0,1.0,False,110,-130,sportsbookreviewsonline.com,2026-08-31T17:40:29.659301+00:00,https://www.sportsbookreviewsonline.com/scoresoddsarchives/ncaa-football-2015-16,1.3
2015,1107,Arkansas,Mississippi,53,52,53.5,54.5,11,7.5,7.5,11.0,False,265,-325,sportsbookreviewsonline.com,2026-08-31T17:40:29.659301+00:00,https://www.sportsbookreviewsonline.com/scoresoddsarchives/ncaa-football-2015-16,1.3
2015,1107,MinnesotaU,OhioState,14,28,49.5,53.5,23,23.5,23.5,23.0,False,1475,-2325,sportsbookreviewsonline.com,2026-08-31T17:40:29.659301+00:00,https://www.sportsbookreviewsonline.com/scoresoddsarchives/ncaa-football-2015-16,1.3
2015,1107,Auburn,TexasA&M,26,10,56,59,7.5,7,7.0,7.5,False,255,-315,sportsbookreviewsonline.com,2026-08-31T17:40:29.659301+00:00,https://www.sportsbookreviewsonline.com/scoresoddsarchives/ncaa-football-2015-16,1.3
2015,1107,ArizonaState,WashingtonState,24,38,68,65,1,2,2.0,1.0,False,115,-135,sportsbookreviewsonline.com,2026-08-31T17:40:29.659301+00:00,https://www.sportsbookreviewsonline.com/scoresoddsarchives/ncaa-football-2015-16,1.3
2015,1107,Virginia,MiamiFlorida,21,27,52.5,52.5,7.5,6.5,6.5,7.5,False,225,-275,sportsbookreviewsonline.com,2026-08-31T17:40:29.659301+00:00,https://www.sportsbookreviewsonline.com/scoresoddsarchives/ncaa-football-2015-16,1.3
2015,1107,Idaho,SouthAlabama,45,52,64,61.5,7,7.5,7.5,7.0,False,260,-320,sportsbookreviewsonline.com,2026-08-31T17:40:29.659301+00:00,https://www.sportsbookreviewsonline.com/scoresoddsarchives/ncaa-football-2015-16,1.3
2015,1107,MichiganState,Nebraska,38,39,4.5,4,58,56,4.0,4.5,False,-195,170,sportsbookreviewsonline.com,2026-08-31T17:40:29.659301+00:00,https://www.sportsbookreviewsonline.com/scoresoddsarchives/ncaa-football-2015-16,1.3
2015,1110,Toledo,CentralMichigan,28,23,4.5,2.5,53,54.5,2.5,4.5,False,-140,120,sportsbookreviewsonline.com,2026-08-31T17:40:29.659301+00:00,https://www.sportsbookreviewsonline.com/scoresoddsarchives/ncaa-football-2015-16,1.3
2015,1110,KentState,Ohio,0,27,45,44,7,6.5,6.5,7.0,False,210,-260,sportsbookreviewsonline.com,2026-08-31T17:40:29.659301+00:00,https://www.sportsbookreviewsonline.com/scoresoddsarchives/ncaa-football-2015-16,1.3
2015,1111,BowlingGreen,WesternMichigan,41,27,3.5,3,76,73,3.0,3.5,False,-170,150,sportsbookreviewsonline.com,2026-08-31T17:40:29.659301+00:00,https://www.sportsbookreviewsonline.com/scoresoddsarchives/ncaa-football-2015-16,1.3
2015,1111,NoIllinois,BuffaloU,41,30,6,7,56,55,7.0,6.0,False,-275,225,sportsbookreviewsonline.com,2026-08-31T17:40:29.659301+00:00,https://www.sportsbookreviewsonline.com/scoresoddsarchives/ncaa-football-2015-16,1.3
2015,1112,VirginiaTech,GeorgiaTech,23,21,54,50.5,3.5,2,2.0,3.5,False,105,-125,sportsbookreviewsonline.com,2026-08-31T17:40:29.659301+00:00,https://www.sportsbookreviewsonline.com/scoresoddsarchives/ncaa-football-2015-16,1.3
2015,1112,ULLafayette,SouthAlabama,25,32,1,57.5,62,1,1.0,1.0,False,-104,-116,sportsbookreviewsonline.com,2026-08-31T17:40:29.659301+00:00,https://www.sportsbookreviewsonline.com/scoresoddsarchives/ncaa-football-2015-16,1.3
2015,1113,USC,Colorado,27,24,16,17,60,58.5,17.0,16.0,False,-860,660,sportsbookreviewsonline.com,2026-08-31T17:40:29.659301+00:00,https://www.sportsbookreviewsonline.com/scoresoddsarchives/ncaa-football-2015-16,1.3
2015,1114,PittsburghU,Duke,31,13,51.5,2,3.5,49,2.0,3.5,False,-135,115,sportsbookreviewsonline.com,2026-08-31T17:40:29.659301+00:00,https://www.sportsbookreviewsonline.com/scoresoddsarchives/ncaa-football-2015-16,1.3
2015,1114,Tulsa,CincinnatiU,38,49,75,76,16,22.5,22.5,16.0,False,1045,-1445,sportsbookreviewsonline.com,2026-08-31T17:40:29.659301+00:00,https://www.sportsbookreviewsonline.com/scoresoddsarchives/ncaa-football-2015-16,1.3
2015,1114,TexSanAntonio,Charlotte,30,27,6,3,56.5,54.5,3.0,6.0,False,-150,130,sportsbookreviewsonline.com,2026-08-31T17:40:29.659301+00:00,https://www.sportsbookreviewsonline.com/scoresoddsarchives/ncaa-football-2015-16,1.3
2015,1114,Massachusetts,EasternMichigan,28,17,7,5.5,67.5,68.5,5.5,7.0,False,-220,185,sportsbookreviewsonline.com,2026-08-31T17:40:29.659301+00:00,https://www.sportsbookreviewsonline.com/scoresoddsarchives/ncaa-football-2015-16,1.3
2015,1114,MiddleTennSt,FloridaAtlantic,24,17,6,5.5,59,58,5.5,6.0,False,-215,185,sportsbookreviewsonline.com,2026-08-31T17:40:29.659301+00:00,https://www.sportsbookreviewsonline.com/scoresoddsarchives/ncaa-football-2015-16,1.3
2015,1114,Michigan,Indiana,48,41,11.5,12.5,57,56,12.5,11.5,False,-555,430,sportsbookreviewsonline.com,2026-08-31T17:40:29.659301+00:00,https://www.sportsbookreviewsonline.com/scoresoddsarchives/ncaa-football-2015-16,1.3
2015,1114,FloridaIntl,Marshall,0,52,49,52.5,12,10,10.0,12.0,False,310,-390,sportsbookreviewsonline.com,2026-08-31T17:40:29.659301+00:00,https://www.sportsbookreviewsonline.com/scoresoddsarchives/ncaa-football-2015-16,1.3
2015,1114,Akron,MiamiOhio,37,28,7,6,42.5,42.5,6.0,7.0,False,-245,205,sportsbookreviewsonline.com,2026-08-31T17:40:29.659301+00:00,https://www.sportsbookreviewsonline.com/scoresoddsarchives/ncaa-football-2015-16,1.3
2015,1114,Maryland,MichiganState,7,24,58,54.5,18,14.5,14.5,18.0,False,570,-745,sportsbookreviewsonline.com,2026-08-31T17:40:29.659301+00:00,https://www.sportsbookreviewsonline.com/scoresoddsarchives/ncaa-football-2015-16,1.3
2015,1114,Memphis,HoustonU,34,35,71,70,6,5.5,5.5,6.0,False,185,-215,sportsbookreviewsonline.com,2026-08-31T17:40:29.659301+00:00,https://www.sportsbookreviewsonline.com/scoresoddsarchives/ncaa-football-2015-16,1.3
2015,1114,OhioState,Illinois,28,3,17,17.5,51,55,17.5,17.0,False,-1205,905,sportsbookreviewsonline.com,2026-08-31T17:40:29.659301+00:00,https://www.sportsbookreviewsonline.com/scoresoddsarchives/ncaa-football-2015-16,1.3
2015,1114,Tulane,Army,34,31,47.5,43,2.5,3,3.0,2.5,False,135,-155,sportsbookreviewsonline.com,2026-08-31T17:40:29.659301+00:00,https://www.sportsbookreviewsonline.com/scoresoddsarchives/ncaa-football-2015-16,1.3
2015,1114,Clemson,Syracuse,37,27,26.5,30,58,57,30.0,26.5,False,-7110,3110,sportsbookreviewsonline.com,2026-08-31T17:40:29.659301+00:00,https://www.sportsbookreviewsonline.com/scoresoddsarchives/ncaa-football-2015-16,1.3
2015,1114,Temple,SouthFlorida,23,44,4,3,48.5,44.5,3.0,4.0,False,-150,130,sportsbookreviewsonline.com,2026-08-31T17:40:29.659301+00:00,https://www.sportsbookreviewsonline.com/scoresoddsarchives/ncaa-football-2015-16,1.3
2015,1114,Nebraska,Rutgers,31,14,9.5,7.5,65.5,64.5,7.5,9.5,False,-300,240,sportsbookreviewsonline.com,2026-08-31T17:40:29.659301+00:00,https://www.sportsbookreviewsonline.com/scoresoddsarchives/ncaa-football-2015-16,1.3
2015,1114,UTEP,OldDominion,21,31,57.5,56,3.5,7.5,7.5,3.5,False,240,-290,sportsbookreviewsonline.com,2026-08-31T17:40:29.659301+00:00,https://www.sportsbookreviewsonline.com/scoresoddsarchives/ncaa-football-2015-16,1.3
2015,1114,Kansas,TCU,17,23,72,71,44,47,47.0,44.0,False,65000,-195000,sportsbookreviewsonline.com,2026-08-31T17:40:29.659301+00:00,https://www.sportsbookreviewsonline.com/scoresoddsarchives/ncaa-football-2015-16,1.3
2015,1114,KansasState,TexasTech,44,59,74,67,5.5,5,5.0,5.5,False,175,-205,sportsbookreviewsonline.com,2026-08-31T17:40:29.659301+00:00,https://www.sportsbookreviewsonline.com/scoresoddsarchives/ncaa-football-2015-16,1.3
2015,1114,Kentucky,Vanderbilt,17,21,36.5,41.5,4,3.5,3.5,4.0,False,140,-160,sportsbookreviewsonline.com,2026-08-31T17:40:29.659301+00:00,https://www.sportsbookreviewsonline.com/scoresoddsarchives/ncaa-football-2015-16,1.3
2015,1114,Purdue,Northwestern,14,21,49,48,13,14,14.0,13.0,False,505,-655,sportsbookreviewsonline.com,2026-08-31T17:40:29.659301+00:00,https://www.sportsbookreviewsonline.com/scoresoddsarchives/ncaa-football-2015-16,1.3
2015,1114,NCState,FloridaState,17,34,51,54.5,9.5,7,7.0,9.5,False,260,-320,sportsbookreviewsonline.com,2026-08-31T17:40:29.659301+00:00,https://www.sportsbookreviewsonline.com/scoresoddsarchives/ncaa-football-2015-16,1.3
2015,1114,UtahState,AirForce,28,35,53,2.5,pk,50.5,2.5,0.0,False,-140,120,sportsbookreviewsonline.com,2026-08-31T17:40:29.659301+00:00,https://www.sportsbookreviewsonline.com/scoresoddsarchives/ncaa-football-2015-16,1.3
2015,1114,GeorgiaState,TexasState,41,19,65,64,3.5,1.5,1.5,3.5,False,105,-125,sportsbookreviewsonline.com,2026-08-31T17:40:29.659301+00:00,https://www.sportsbookreviewsonline.com/scoresoddsarchives/ncaa-football-2015-16,1.3
2015,1114,ArkansasState,ULMonroe,59,21,14.5,14,60,55,14.0,14.5,False,-585,460,sportsbookreviewsonline.com,2026-08-31T17:40:29.659301+00:00,https://www.sportsbookreviewsonline.com/scoresoddsarchives/ncaa-football-2015-16,1.3
2015,1114,WashingtonState,UCLA,31,27,66.5,65.5,7.5,11.5,11.5,7.5,False,360,-450,sportsbookreviewsonline.com,2026-08-31T17:40:29.659301+00:00,https://www.sportsbookreviewsonline.com/scoresoddsarchives/ncaa-football-2015-16,1.3
2015,1114,Texas,WestVirginia,20,38,58,52.5,8,9,9.0,8.0,False,300,-370,sportsbookreviewsonline.com,2026-08-31T17:40:29.659301+00:00,https://www.sportsbookreviewsonline.com/scoresoddsarchives/ncaa-football-2015-16,1.3
2015,1114,WakeForest,NotreDame,7,28,51,52,28,25.5,25.5,28.0,False,1735,-2785,sportsbookreviewsonline.com,2026-08-31T17:40:29.659301+00:00,https://www.sportsbookreviewsonline.com/scoresoddsarchives/ncaa-football-2015-16,1.3
2015,1114,Alabama,MississippiSt,31,6,7,7.5,49.5,51,7.5,7.0,False,-325,265,sportsbookreviewsonline.com,2026-08-31T17:40:29.659301+00:00,https://www.sportsbookreviewsonline.com/scoresoddsarchives/ncaa-football-2015-16,1.3
2015,1114,MiamiFlorida,NorthCarolina,21,59,58.5,70,11,12.5,12.5,11.0,False,395,-520,sportsbookreviewsonline.com,2026-08-31T17:40:29.659301+00:00,https://www.sportsbookreviewsonline.com/scoresoddsarchives/ncaa-football-2015-16,1.3
2015,1114,SouthernMiss,Rice,65,10,7.5,7.5,61,60.5,7.5,7.5,False,-315,255,sportsbookreviewsonline.com,2026-08-31T17:40:29.659301+00:00,https://www.sportsbookreviewsonline.com/scoresoddsarchives/ncaa-football-2015-16,1.3
2015,1114,SMU,Navy,14,55,65,59.5,21.5,20.5,20.5,21.5,False,950,-1300,sportsbookreviewsonline.com,2026-08-31T17:40:29.659301+00:00,https://www.sportsbookreviewsonline.com/scoresoddsarchives/ncaa-football-2015-16,1.3
2015,1114,OklahomaState,IowaState,35,31,13.5,12,67,57,12.0,13.5,False,-545,420,sportsbookreviewsonline.com,2026-08-31T17:40:29.659301+00:00,https://www.sportsbookreviewsonline.com/scoresoddsarchives/ncaa-football-2015-16,1.3
2015,1114,Arkansas,LSU,31,14,58,54.5,8.5,6.5,6.5,8.5,False,225,-265,sportsbookreviewsonline.com,2026-08-31T17:40:29.659301+00:00,https://www.sportsbookreviewsonline.com/scoresoddsarchives/ncaa-football-2015-16,1.3
2015,1114,Georgia,Auburn,20,13,49.5,1,1.5,53.5,1.0,1.5,False,-110,-110,sportsbookreviewsonline.com,2026-08-31T17:40:29.659301+00:00,https://www.sportsbookreviewsonline.com/scoresoddsarchives/ncaa-football-2015-16,1.3
2015,1114,WashingtonU,ArizonaState,17,27,54,50.5,3.5,2.5,2.5,3.5,False,115,-135,sportsbookreviewsonline.com,2026-08-31T17:40:29.659301+00:00,https://www.sportsbookreviewsonline.com/scoresoddsarchives/ncaa-football-2015-16,1.3
2015,1114,Oklahoma,Baylor,44,34,78,75.5,5,2,2.0,5.0,False,110,-130,sportsbookreviewsonline.com,2026-08-31T17:40:29.659301+00:00,https://www.sportsbookreviewsonline.com/scoresoddsarchives/ncaa-football-2015-16,1.3
2015,1114,BYU,Missouri,16,20,3.5,4.5,38.5,41.5,4.5,3.5,False,-210,180,sportsbookreviewsonline.com,2026-08-31T17:40:29.659301+00:00,https://www.sportsbookreviewsonline.com/scoresoddsarchives/ncaa-football-2015-16,1.3
2015,1114,GeorgiaSouthern,Troy,45,10,4,4.5,58.5,58.5,4.5,4.0,False,-215,185,sportsbookreviewsonline.com,2026-08-31T17:40:29.659301+00:00,https://www.sportsbookreviewsonline.com/scoresoddsarchives/ncaa-football-2015-16,1.3
2015,1114,SanJoseState,Nevada,34,37,51,52.5,1,2,2.0,1.0,False,110,-130,sportsbookreviewsonline.com,2026-08-31T17:40:29.659301+00:00,https://www.sportsbookreviewsonline.com/scoresoddsarchives/ncaa-football-2015-16,1.3
2015,1114,OregonState,California,24,54,57,63.5,20.5,21,21.0,20.5,False,1035,-1435,sportsbookreviewsonline.com,2026-08-31T17:40:29.659301+00:00,https://www.sportsbookreviewsonline.com/scoresoddsarchives/ncaa-football-2015-16,1.3
2015,1114,AppalachianSt,Idaho,47,20,17,20.5,66.5,65.5,20.5,17.0,False,-1265,915,sportsbookreviewsonline.com,2026-08-31T17:40:29.659301+00:00,https://www.sportsbookreviewsonline.com/scoresoddsarchives/ncaa-football-2015-16,1.3
2015,1114,UNLV,ColoradoState,35,49,58,58.5,7,7.5,7.5,7.0,False,265,-325,sportsbookreviewsonline.com,2026-08-31T17:40:29.659301+00:00,https://www.sportsbookreviewsonline.com/scoresoddsarchives/ncaa-football-2015-16,1.3
2015,1114,Virginia,Louisville,31,38,49,48,10,13.5,13.5,10.0,False,455,-605,sportsbookreviewsonline.com,2026-08-31T17:40:29.659301+00:00,https://www.sportsbookreviewsonline.com/scoresoddsarchives/ncaa-football-2015-16,1.3
2015,1114,Utah,ArizonaU,30,37,5,5.5,64,60.5,5.5,5.0,False,-235,200,sportsbookreviewsonline.com,2026-08-31T17:40:29.659301+00:00,https://www.sportsbookreviewsonline.com/scoresoddsarchives/ncaa-football-2015-16,1.3
2015,1114,NorthTexas,TennesseeU,0,24,63,66,40.5,41,41.0,40.5,False,30000,-90000,sportsbookreviewsonline.com,2026-08-31T17:40:29.659301+00:00,https://www.sportsbookreviewsonline.com/scoresoddsarchives/ncaa-football-2015-16,1.3
2015,1114,Florida,SouthCarolina,24,14,7.5,7,46.5,47,7.0,7.5,False,-310,250,sportsbookreviewsonline.com,2026-08-31T17:40:29.659301+00:00,https://www.sportsbookreviewsonline.com/scoresoddsarchives/ncaa-football-2015-16,1.3
2015,1114,Oregon,Stanford,38,36,70,65.5,8.5,10,10.0,8.5,False,300,-370,sportsbookreviewsonline.com,2026-08-31T17:40:29.659301+00:00,https://www.sportsbookreviewsonline.com/scoresoddsarchives/ncaa-football-2015-16,1.3
2015,1114,NewMexico,BoiseState,31,24,57,57.5,30,30.5,30.5,30.0,False,3730,-8730,sportsbookreviewsonline.com,2026-08-31T17:40:29.659301+00:00,https://www.sportsbookreviewsonline.com/scoresoddsarchives/ncaa-football-2015-16,1.3
2015,1114,MinnesotaU,Iowa,35,40,46.5,47,11.5,9,9.0,11.5,False,310,-380,sportsbookreviewsonline.com,2026-08-31T17:40:29.659301+00:00,https://www.sportsbookreviewsonline.com/scoresoddsarchives/ncaa-football-2015-16,1.3
2015,1114,Wyoming,SanDiegoState,3,38,50,49,23.5,23.5,23.5,23.5,False,1345,-1995,sportsbookreviewsonline.com,2026-08-31T17:40:29.659301+00:00,https://www.sportsbookreviewsonline.com/scoresoddsarchives/ncaa-football-2015-16,1.3
2015,1114,FresnoState,Hawaii,42,14,56.5,53,5,7.5,7.5,5.0,False,255,-315,sportsbookreviewsonline.com,2026-08-31T17:40:29.659301+00:00,https://www.sportsbookreviewsonline.com/scoresoddsarchives/ncaa-football-2015-16,1.3
2015,1114,WesternCarolina,TexasA&M,17,41,NL,62,34,34,34.0,,False,8000,-21500,sportsbookreviewsonline.com,2026-08-31T17:40:29.659301+00:00,https://www.sportsbookreviewsonline.com/scoresoddsarchives/ncaa-football-2015-16,1.3
2015,1117,Toledo,BowlingGreen,44,28,69,72.5,7.5,8,8.0,7.5,False,265,-325,sportsbookreviewsonline.com,2026-08-31T17:40:29.659301+00:00,https://www.sportsbookreviewsonline.com/scoresoddsarchives/ncaa-football-2015-16,1.3
2015,1117,BallState,Ohio,31,48,53,56,9.5,10.5,10.5,9.5,False,350,-440,sportsbookreviewsonline.com,2026-08-31T17:40:29.659301+00:00,https://www.sportsbookreviewsonline.com/scoresoddsarchives/ncaa-football-2015-16,1.3
2015,1118,WesternMichigan,NoIllinois,19,27,64.5,60.5,3,3,3.0,3.0,False,130,-150,sportsbookreviewsonline.com,2026-08-31T17:40:29.659301+00:00,https://www.sportsbookreviewsonline.com/scoresoddsarchives/ncaa-football-2015-16,1.3
2015,1118,CentralMichigan,KentState,27,14,10,9,43,40.5,9.0,10.0,False,-365,295,sportsbookreviewsonline.com,2026-08-31T17:40:29.659301+00:00,https://www.sportsbookreviewsonline.com/scoresoddsarchives/ncaa-football-2015-16,1.3
2015,1119,EastCarolina,CentralFlorida,44,7,14.5,15.5,54.5,51.5,15.5,14.5,False,-740,565,sportsbookreviewsonline.com,2026-08-31T17:40:29.659301+00:00,https://www.sportsbookreviewsonline.com/scoresoddsarchives/ncaa-football-2015-16,1.3
2015,1119,ULMonroe,TexasState,3,16,65.5,58,4.5,6,6.0,4.5,False,195,-230,sportsbookreviewsonline.com,2026-08-31T17:40:29.659301+00:00,https://www.sportsbookreviewsonline.com/scoresoddsarchives/ncaa-football-2015-16,1.3
2015,1120,CincinnatiU,SouthFlorida,27,65,3,1,62,66.5,1.0,3.0,False,-120,100,sportsbookreviewsonline.com,2026-08-31T17:40:29.659301+00:00,https://www.sportsbookreviewsonline.com/scoresoddsarchives/ncaa-football-2015-16,1.3
2015,1120,AirForce,BoiseState,37,30,57,55.5,14,10,10.0,14.0,False,330,-410,sportsbookreviewsonline.com,2026-08-31T17:40:29.659301+00:00,https://www.sportsbookreviewsonline.com/scoresoddsarchives/ncaa-football-2015-16,1.3
2015,1121,Louisville,PittsburghU,34,45,48,1.5,2,48,1.5,2.0,False,-105,-115,sportsbookreviewsonline.com,2026-08-31T17:40:29.659301+00:00,https://www.sportsbookreviewsonline.com/scoresoddsarchives/ncaa-football-2015-16,1.3
2015,1121,BuffaloU,Akron,21,42,47,45,3.5,5,5.0,3.5,False,170,-195,sportsbookreviewsonline.com,2026-08-31T17:40:29.659301+00:00,https://www.sportsbookreviewsonline.com/scoresoddsarchives/ncaa-football-2015-16,1.3
2015,1121,GeorgiaSouthern,Georgia,17,23,50.5,51,15.5,13,13.0,15.5,False,430,-525,sportsbookreviewsonline.com,2026-08-31T17:40:29.659301+00:00,https://www.sportsbookreviewsonline.com/scoresoddsarchives/ncaa-football-2015-16,1.3
2015,1121,Rutgers,Army,31,21,4.5,3.5,55,55,3.5,4.5,False,-170,150,sportsbookreviewsonline.com,2026-08-31T17:40:29.659301+00:00,https://www.sportsbookreviewsonline.com/scoresoddsarchives/ncaa-football-2015-16,1.3
2015,1121,Charlotte,Kentucky,10,58,54,56,24,23.5,23.5,24.0,False,1400,-2700,sportsbookreviewsonline.com,2026-08-31T17:40:29.659301+00:00,https://www.sportsbookreviewsonline.com/scoresoddsarchives/ncaa-football-2015-16,1.3
2015,1121,Indiana,Maryland,47,28,64,64.5,2.5,1,1.0,2.5,False,-120,100,sportsbookreviewsonline.com,2026-08-31T17:40:29.659301+00:00,https://www.sportsbookreviewsonline.com/scoresoddsarchives/ncaa-football-2015-16,1.3
2015,1121,MiamiOhio,Massachusetts,20,13,52.5,55.5,10,7,7.0,10.0,False,250,-300,sportsbookreviewsonline.com,2026-08-31T17:40:29.659301+00:00,https://www.sportsbookreviewsonline.com/scoresoddsarchives/ncaa-football-2015-16,1.3
2015,1121,WestVirginia,Kansas,49,0,28,30,64,56,30.0,28.0,False,-10000,4000,sportsbookreviewsonline.com,2026-08-31T17:40:29.659301+00:00,https://www.sportsbookreviewsonline.com/scoresoddsarchives/ncaa-football-2015-16,1.3
2015,1121,SouthAlabama,GeorgiaState,10,24,63.5,60.5,pk,3,3.0,0.0,False,130,-150,sportsbookreviewsonline.com,2026-08-31T17:40:29.659301+00:00,https://www.sportsbookreviewsonline.com/scoresoddsarchives/ncaa-football-2015-16,1.3
2015,1121,HoustonU,Connecticut,17,20,9.5,8,48.5,49.5,8.0,9.5,False,-320,270,sportsbookreviewsonline.com,2026-08-31T17:40:29.659301+00:00,https://www.sportsbookreviewsonline.com/scoresoddsarchives/ncaa-football-2015-16,1.3
2015,1121,WakeForest,Clemson,13,33,49,49,31,29.5,29.5,31.0,False,3250,-7500,sportsbookreviewsonline.com,2026-08-31T17:40:29.659301+00:00,https://www.sportsbookreviewsonline.com/scoresoddsarchives/ncaa-football-2015-16,1.3
2015,1121,LSU,Mississippi,17,38,59.5,57.5,4.5,6.5,6.5,4.5,False,235,-280,sportsbookreviewsonline.com,2026-08-31T17:40:29.659301+00:00,https://www.sportsbookreviewsonline.com/scoresoddsarchives/ncaa-football-2015-16,1.3
2015,1121,NorthTexas,MiddleTennSt,7,41,61,64,23,22.5,22.5,23.0,False,1250,-2000,sportsbookreviewsonline.com,2026-08-31T17:40:29.659301+00:00,https://www.sportsbookreviewsonline.com/scoresoddsarchives/ncaa-football-2015-16,1.3
2015,1121,Illinois,MinnesotaU,23,32,46.5,47,5.5,4.5,4.5,5.5,False,175,-205,sportsbookreviewsonline.com,2026-08-31T17:40:29.659301+00:00,https://www.sportsbookreviewsonline.com/scoresoddsarchives/ncaa-football-2015-16,1.3
2015,1121,Memphis,Temple,12,31,2,3.5,65.5,57,3.5,2.0,False,-170,150,sportsbookreviewsonline.com,2026-08-31T17:40:29.659301+00:00,https://www.sportsbookreviewsonline.com/scoresoddsarchives/ncaa-football-2015-16,1.3
2015,1121,Duke,Virginia,34,42,54,2,2.5,53.5,2.0,2.5,False,-135,115,sportsbookreviewsonline.com,2026-08-31T17:40:29.659301+00:00,https://www.sportsbookreviewsonline.com/scoresoddsarchives/ncaa-football-2015-16,1.3
2015,1121,NorthCarolina,VirginiaTech,30,27,6,4.5,58.5,61,4.5,6.0,False,-175,155,sportsbookreviewsonline.com,2026-08-31T17:40:29.659301+00:00,https://www.sportsbookreviewsonline.com/scoresoddsarchives/ncaa-football-2015-16,1.3
2015,1121,Northwestern,Wisconsin,13,7,40,41.5,11,11.5,11.5,11.0,False,370,-440,sportsbookreviewsonline.com,2026-08-31T17:40:29.659301+00:00,https://www.sportsbookreviewsonline.com/scoresoddsarchives/ncaa-football-2015-16,1.3
2015,1121,Syracuse,NCState,29,42,56,55,17,19,19.0,17.0,False,725,-1000,sportsbookreviewsonline.com,2026-08-31T17:40:29.659301+00:00,https://www.sportsbookreviewsonline.com/scoresoddsarchives/ncaa-football-2015-16,1.3
2015,1121,MississippiSt,Arkansas,51,50,54,59.5,3.5,6,6.0,3.5,False,190,-220,sportsbookreviewsonline.com,2026-08-31T17:40:29.659301+00:00,https://www.sportsbookreviewsonline.com/scoresoddsarchives/ncaa-football-2015-16,1.3
2015,1121,FresnoState,BYU,10,52,56,57.5,26,27.5,27.5,26.0,False,2500,-5000,sportsbookreviewsonline.com,2026-08-31T17:40:29.659301+00:00,https://www.sportsbookreviewsonline.com/scoresoddsarchives/ncaa-football-2015-16,1.3
2015,1121,Navy,Tulsa,44,21,10.5,13,67.5,65,13.0,10.5,False,-515,420,sportsbookreviewsonline.com,2026-08-31T17:40:29.659301+00:00,https://www.sportsbookreviewsonline.com/scoresoddsarchives/ncaa-football-2015-16,1.3
2015,1121,GeorgiaTech,MiamiFlorida,21,38,56.5,3,1,57,3.0,1.0,False,-140,120,sportsbookreviewsonline.com,2026-08-31T17:40:29.659301+00:00,https://www.sportsbookreviewsonline.com/scoresoddsarchives/ncaa-football-2015-16,1.3
2015,1121,TennesseeU,Missouri,19,8,9,6,39.5,43,6.0,9.0,False,-225,195,sportsbookreviewsonline.com,2026-08-31T17:40:29.659301+00:00,https://www.sportsbookreviewsonline.com/scoresoddsarchives/ncaa-football-2015-16,1.3
2015,1121,Baylor,OklahomaState,45,35,81,2.5,1,76.5,2.5,1.0,False,-147,127,sportsbookreviewsonline.com,2026-08-31T17:40:29.659301+00:00,https://www.sportsbookreviewsonline.com/scoresoddsarchives/ncaa-football-2015-16,1.3
2015,1121,MichiganState,OhioState,17,14,51,52.5,13,14.5,14.5,13.0,False,540,-690,sportsbookreviewsonline.com,2026-08-31T17:40:29.659301+00:00,https://www.sportsbookreviewsonline.com/scoresoddsarchives/ncaa-football-2015-16,1.3
2015,1121,TCU,Oklahoma,29,30,67,64,10,19,19.0,10.0,False,875,-1300,sportsbookreviewsonline.com,2026-08-31T17:40:29.659301+00:00,https://www.sportsbookreviewsonline.com/scoresoddsarchives/ncaa-football-2015-16,1.3
2015,1121,Michigan,PennState,28,16,5.5,3.5,42.5,42.5,3.5,5.5,False,-170,150,sportsbookreviewsonline.com,2026-08-31T17:40:29.659301+00:00,https://www.sportsbookreviewsonline.com/scoresoddsarchives/ncaa-football-2015-16,1.3
2015,1121,OldDominion,SouthernMiss,31,56,61,60.5,20,21.5,21.5,20.0,False,975,-1500,sportsbookreviewsonline.com,2026-08-31T17:40:29.659301+00:00,https://www.sportsbookreviewsonline.com/scoresoddsarchives/ncaa-football-2015-16,1.3
2015,1121,ArizonaU,ArizonaState,37,52,68.5,67.5,7,5.5,5.5,7.0,False,200,-240,sportsbookreviewsonline.com,2026-08-31T17:40:29.659301+00:00,https://www.sportsbookreviewsonline.com/scoresoddsarchives/ncaa-football-2015-16,1.3
2015,1121,IowaState,KansasState,35,38,58,48.5,6,3,3.0,6.0,False,155,-175,sportsbookreviewsonline.com,2026-08-31T17:40:29.659301+00:00,https://www.sportsbookreviewsonline.com/scoresoddsarchives/ncaa-football-2015-16,1.3
2015,1121,Nevada,UtahState,27,31,56,54,14,14,14.0,14.0,False,445,-550,sportsbookreviewsonline.com,2026-08-31T17:40:29.659301+00:00,https://www.sportsbookreviewsonline.com/scoresoddsarchives/ncaa-football-2015-16,1.3
2015,1121,California,Stanford,22,35,64.5,63.5,12,10,10.0,12.0,False,300,-360,sportsbookreviewsonline.com,2026-08-31T17:40:29.659301+00:00,https://www.sportsbookreviewsonline.com/scoresoddsarchives/ncaa-football-2015-16,1.3
2015,1121,Tulane,SMU,21,49,62.5,55.5,3,3,3.0,3.0,False,135,-155,sportsbookreviewsonline.com,2026-08-31T17:40:29.659301+00:00,https://www.sportsbookreviewsonline.com/scoresoddsarchives/ncaa-football-2015-16,1.3
2015,1121,NewMexicoState,ULLafayette,37,34,66.5,63,13,14.5,14.5,13.0,False,500,-650,sportsbookreviewsonline.com,2026-08-31T17:40:29.659301+00:00,https://www.sportsbookreviewsonline.com/scoresoddsarchives/ncaa-football-2015-16,1.3
2015,1121,ColoradoState,NewMexico,28,21,1.5,3,54,57,3.0,1.5,False,-155,135,sportsbookreviewsonline.com,2026-08-31T17:40:29.659301+00:00,https://www.sportsbookreviewsonline.com/scoresoddsarchives/ncaa-football-2015-16,1.3
2015,1121,WashingtonU,OregonState,52,7,16,14.5,46.5,49.5,14.5,16.0,False,-700,535,sportsbookreviewsonline.com,2026-08-31T17:40:29.659301+00:00,https://www.sportsbookreviewsonline.com/scoresoddsarchives/ncaa-football-2015-16,1.3
2015,1121,Rice,TexSanAntonio,24,34,62.5,56.5,3,3,3.0,3.0,False,140,-160,sportsbookreviewsonline.com,2026-08-31T17:40:29.659301+00:00,https://www.sportsbookreviewsonline.com/scoresoddsarchives/ncaa-football-2015-16,1.3
2015,1121,UCLA,Utah,17,9,59.5,1,2,56,1.0,2.0,False,-105,-115,sportsbookreviewsonline.com,2026-08-31T17:40:29.659301+00:00,https://www.sportsbookreviewsonline.com/scoresoddsarchives/ncaa-football-2015-16,1.3
2015,1121,TexasA&M,Vanderbilt,25,0,7.5,5,40,44,5.0,7.5,False,-210,180,sportsbookreviewsonline.com,2026-08-31T17:40:29.659301+00:00,https://www.sportsbookreviewsonline.com/scoresoddsarchives/ncaa-football-2015-16,1.3
2015,1121,Colorado,WashingtonState,3,27,62,59.5,14.5,14.5,14.5,14.5,False,475,-600,sportsbookreviewsonline.com,2026-08-31T17:40:29.659301+00:00,https://www.sportsbookreviewsonline.com/scoresoddsarchives/ncaa-football-2015-16,1.3
2015,1121,FloridaAtlantic,Florida,14,20,46.5,45,31,28.5,28.5,31.0,False,3750,-9000,sportsbookreviewsonline.com,2026-08-31T17:40:29.659301+00:00,https://www.sportsbookreviewsonline.com/scoresoddsarchives/ncaa-football-2015-16,1.3
2015,1121,Idaho,Auburn,34,56,61,63.5,31.5,33.5,33.5,31.5,False,7500,-20000,sportsbookreviewsonline.com,2026-08-31T17:40:29.659301+00:00,https://www.sportsbookreviewsonline.com/scoresoddsarchives/ncaa-football-2015-16,1.3
2015,1121,NotreDame,BostonCollege,19,16,17.5,15.5,42.5,43,15.5,17.5,False,-750,575,sportsbookreviewsonline.com,2026-08-31T17:40:29.659301+00:00,https://www.sportsbookreviewsonline.com/scoresoddsarchives/ncaa-football-2015-16,1.3
2015,1121,USC,Oregon,28,48,70,72.5,3.5,3,3.0,3.5,False,140,-160,sportsbookreviewsonline.com,2026-08-31T17:40:29.659301+00:00,https://www.sportsbookreviewsonline.com/scoresoddsarchives/ncaa-football-2015-16,1.3
2015,1121,LouisianaTech,UTEP,17,15,23,24.5,59.5,53.5,24.5,23.0,False,-3000,1500,sportsbookreviewsonline.com,2026-08-31T17:40:29.659301+00:00,https://www.sportsbookreviewsonline.com/scoresoddsarchives/ncaa-football-2015-16,1.3
2015,1121,Purdue,Iowa,20,40,57.5,54,19.5,23.5,23.5,19.5,False,1575,-2400,sportsbookreviewsonline.com,2026-08-31T17:40:29.659301+00:00,https://www.sportsbookreviewsonline.com/scoresoddsarchives/ncaa-football-2015-16,1.3
2015,1121,SanDiegoState,UNLV,52,14,12.5,15.5,55,50.5,15.5,12.5,False,-650,500,sportsbookreviewsonline.com,2026-08-31T17:40:29.659301+00:00,https://www.sportsbookreviewsonline.com/scoresoddsarchives/ncaa-football-2015-16,1.3
2015,1121,SanJoseState,Hawaii,42,23,10,8,55.5,53,8.0,10.0,False,-330,275,sportsbookreviewsonline.com,2026-08-31T17:40:29.659301+00:00,https://www.sportsbookreviewsonline.com/scoresoddsarchives/ncaa-football-2015-16,1.3
2015,1121,TheCitadel,SouthCarolina,23,22,NL,56.5,22.5,22,22.0,,False,1150,-1800,sportsbookreviewsonline.com,2026-08-31T17:40:29.659301+00:00,https://www.sportsbookreviewsonline.com/scoresoddsarchives/ncaa-football-2015-16,1.3
2015,1121,CharlestonSou,Alabama,6,56,NL,50,41.5,40.5,40.5,,False,40000,-120000,sportsbookreviewsonline.com,2026-08-31T17:40:29.659301+00:00,https://www.sportsbookreviewsonline.com/scoresoddsarchives/ncaa-football-2015-16,1.3
2015,1121,TennChat,FloridaState,13,52,NL,51,28.5,28,28.0,,False,6500,-16500,sportsbookreviewsonline.com,2026-08-31T17:40:29.659301+00:00,https://www.sportsbookreviewsonline.com/scoresoddsarchives/ncaa-football-2015-16,1.3
2015,1124,BowlingGreen,BallState,48,10,21,23.5,69.5,76,23.5,21.0,False,-1600,1000,sportsbookreviewsonline.com,2026-08-31T17:40:29.659301+00:00,https://www.sportsbookreviewsonline.com/scoresoddsarchives/ncaa-football-2015-16,1.3
2015,1124,Ohio,NoIllinois,26,21,56,58,13,11,11.0,13.0,False,340,-440,sportsbookreviewsonline.com,2026-08-31T17:40:29.659301+00:00,https://www.sportsbookreviewsonline.com/scoresoddsarchives/ncaa-football-2015-16,1.3
2015,1126,SouthFlorida,CentralFlorida,44,3,23,24.5,54,54.5,24.5,23.0,False,-1800,1100,sportsbookreviewsonline.com,2026-08-31T17:40:29.659301+00:00,https://www.sportsbookreviewsonline.com/scoresoddsarchives/ncaa-football-2015-16,1.3
2015,1126,TexasTech,Texas,48,45,75,1,1,71,1.0,1.0,False,-120,100,sportsbookreviewsonline.com,2026-08-31T17:40:29.659301+00:00,https://www.sportsbookreviewsonline.com/scoresoddsarchives/ncaa-football-2015-16,1.3
2015,1127,Marshall,WesternKentucky,28,49,60,64,10.5,12.5,12.5,10.5,False,400,-500,sportsbookreviewsonline.com,2026-08-31T17:40:29.659301+00:00,https://www.sportsbookreviewsonline.com/scoresoddsarchives/ncaa-football-2015-16,1.3
2015,1127,Iowa,Nebraska,28,20,2.5,2,57.5,58,2.0,2.5,False,-130,110,sportsbookreviewsonline.com,2026-08-31T17:40:29.659301+00:00,https://www.sportsbookreviewsonline.com/scoresoddsarchives/ncaa-football-2015-16,1.3
2015,1127,MiamiFlorida,PittsburghU,29,24,55.5,55.5,5.5,7,7.0,5.5,False,230,-270,sportsbookreviewsonline.com,2026-08-31T17:40:29.659301+00:00,https://www.sportsbookreviewsonline.com/scoresoddsarchives/ncaa-football-2015-16,1.3
2015,1127,Massachusetts,BuffaloU,31,26,52,55,6.5,6,6.0,6.5,False,220,-260,sportsbookreviewsonline.com,2026-08-31T17:40:29.659301+00:00,https://www.sportsbookreviewsonline.com/scoresoddsarchives/ncaa-football-2015-16,1.3
2015,1127,KentState,Akron,0,20,41.5,38.5,10.5,10.5,10.5,10.5,False,330,-400,sportsbookreviewsonline.com,2026-08-31T17:40:29.659301+00:00,https://www.sportsbookreviewsonline.com/scoresoddsarchives/ncaa-football-2015-16,1.3
2015,1127,Troy,GeorgiaState,21,31,60,1,1,58,1.0,1.0,False,-120,100,sportsbookreviewsonline.com,2026-08-31T17:40:29.659301+00:00,https://www.sportsbookreviewsonline.com/scoresoddsarchives/ncaa-football-2015-16,1.3
2015,1127,WesternMichigan,Toledo,35,30,63,59,9,7,7.0,9.0,False,250,-300,sportsbookreviewsonline.com,2026-08-31T17:40:29.659301+00:00,https://www.sportsbookreviewsonline.com/scoresoddsarchives/ncaa-football-2015-16,1.3
2015,1127,EasternMichigan,CentralMichigan,28,35,58,59.5,24,24,24.0,24.0,False,-3000,500,sportsbookreviewsonline.com,2026-08-31T17:40:29.659301+00:00,https://www.sportsbookreviewsonline.com/scoresoddsarchives/ncaa-football-2015-16,1.3
2015,1127,Missouri,Arkansas,3,28,44,44,13.5,14.5,14.5,13.5,False,525,-750,sportsbookreviewsonline.com,2026-08-31T17:40:29.659301+00:00,https://www.sportsbookreviewsonline.com/scoresoddsarchives/ncaa-football-2015-16,1.3
2015,1127,Navy,HoustonU,31,52,NL,1.5,NL,59,1.5,,False,-125,105,sportsbookreviewsonline.com,2026-08-31T17:40:29.659301+00:00,https://www.sportsbookreviewsonline.com/scoresoddsarchives/ncaa-football-2015-16,1.3
2015,1127,Tulsa,Tulane,45,34,6,9.5,66,58.5,9.5,6.0,False,-370,310,sportsbookreviewsonline.com,2026-08-31T17:40:29.659301+00:00,https://www.sportsbookreviewsonline.com/scoresoddsarchives/ncaa-football-2015-16,1.3
2015,1127,WashingtonState,WashingtonU,10,45,54,53,6,7.5,7.5,6.0,False,250,-300,sportsbookreviewsonline.com,2026-08-31T17:40:29.659301+00:00,https://www.sportsbookreviewsonline.com/scoresoddsarchives/ncaa-football-2015-16,1.3
2015,1127,OregonState,Oregon,42,52,67,71.5,33.5,34.5,34.5,33.5,False,8500,-23000,sportsbookreviewsonline.com,2026-08-31T17:40:29.659301+00:00,https://www.sportsbookreviewsonline.com/scoresoddsarchives/ncaa-football-2015-16,1.3
2015,1127,BoiseState,SanJoseState,40,23,8,8,60,57.5,8.0,8.0,False,-320,265,sportsbookreviewsonline.com,2026-08-31T17:40:29.659301+00:00,https://www.sportsbookreviewsonline.com/scoresoddsarchives/ncaa-football-2015-16,1.3
2015,1127,Baylor,TCU,21,28,80,2,2,76,2.0,2.0,False,-130,110,sportsbookreviewsonline.com,2026-08-31T17:40:29.659301+00:00,https://www.sportsbookreviewsonline.com/scoresoddsarchives/ncaa-football-2015-16,1.3
2015,1128,OhioState,Michigan,42,13,45,1,1,46.5,1.0,1.0,False,-120,100,sportsbookreviewsonline.com,2026-08-31T17:40:29.659301+00:00,https://www.sportsbookreviewsonline.com/scoresoddsarchives/ncaa-football-2015-16,1.3
2015,1128,ULLafayette,AppalachianSt,7,28,60,59.5,21,22.5,22.5,21.0,False,1000,-2000,sportsbookreviewsonline.com,2026-08-31T17:40:29.659301+00:00,https://www.sportsbookreviewsonline.com/scoresoddsarchives/ncaa-football-2015-16,1.3
2015,1128,Louisville,Kentucky,38,24,4,6.5,52.5,48.5,6.5,4.0,False,-240,200,sportsbookreviewsonline.com,2026-08-31T17:40:29.659301+00:00,https://www.sportsbookreviewsonline.com/scoresoddsarchives/ncaa-football-2015-16,1.3
2015,1128,PennState,MichiganState,16,55,46.5,44,11,7.5,7.5,11.0,False,270,-330,sportsbookreviewsonline.com,2026-08-31T17:40:29.659301+00:00,https://www.sportsbookreviewsonline.com/scoresoddsarchives/ncaa-football-2015-16,1.3
2015,1128,CincinnatiU,EastCarolina,19,16,1,1.5,66,69.5,1.5,1.0,False,-125,105,sportsbookreviewsonline.com,2026-08-31T17:40:29.659301+00:00,https://www.sportsbookreviewsonline.com/scoresoddsarchives/ncaa-football-2015-16,1.3
2015,1128,Connecticut,Temple,3,27,43.5,38,12,13,13.0,12.0,False,425,-550,sportsbookreviewsonline.com,2026-08-31T17:40:29.659301+00:00,https://www.sportsbookreviewsonline.com/scoresoddsarchives/ncaa-football-2015-16,1.3
2015,1128,IowaState,WestVirginia,6,30,61,58,13.5,13.5,13.5,13.5,False,450,-600,sportsbookreviewsonline.com,2026-08-31T17:40:29.659301+00:00,https://www.sportsbookreviewsonline.com/scoresoddsarchives/ncaa-football-2015-16,1.3
2015,1128,Duke,WakeForest,27,21,4,3.5,47,45,3.5,4.0,False,-180,160,sportsbookreviewsonline.com,2026-08-31T17:40:29.659301+00:00,https://www.sportsbookreviewsonline.com/scoresoddsarchives/ncaa-football-2015-16,1.3
2015,1128,BostonCollege,Syracuse,17,20,3,1,42,38.5,1.0,3.0,False,-120,100,sportsbookreviewsonline.com,2026-08-31T17:40:29.659301+00:00,https://www.sportsbookreviewsonline.com/scoresoddsarchives/ncaa-football-2015-16,1.3
2015,1128,Indiana,Purdue,54,36,6.5,9.5,67.5,70,9.5,6.5,False,-370,310,sportsbookreviewsonline.com,2026-08-31T17:40:29.659301+00:00,https://www.sportsbookreviewsonline.com/scoresoddsarchives/ncaa-football-2015-16,1.3
2015,1128,FloridaAtlantic,OldDominion,33,31,4,4,54.5,54,4.0,4.0,False,-190,170,sportsbookreviewsonline.com,2026-08-31T17:40:29.659301+00:00,https://www.sportsbookreviewsonline.com/scoresoddsarchives/ncaa-football-2015-16,1.3
2015,1128,Vanderbilt,TennesseeU,28,53,41,42,16.5,18,18.0,16.5,False,750,-1200,sportsbookreviewsonline.com,2026-08-31T17:40:29.659301+00:00,https://www.sportsbookreviewsonline.com/scoresoddsarchives/ncaa-football-2015-16,1.3
2015,1128,SouthAlabama,GeorgiaSouthern,17,55,58.5,55.5,20.5,22,22.0,20.5,False,900,-1500,sportsbookreviewsonline.com,2026-08-31T17:40:29.659301+00:00,https://www.sportsbookreviewsonline.com/scoresoddsarchives/ncaa-football-2015-16,1.3
2015,1128,UNLV,Wyoming,28,35,3,2,59.5,59,2.0,3.0,False,-130,110,sportsbookreviewsonline.com,2026-08-31T17:40:29.659301+00:00,https://www.sportsbookreviewsonline.com/scoresoddsarchives/ncaa-football-2015-16,1.3
2015,1128,MiddleTennSt,TexSanAntonio,42,7,12,12,59,58.5,12.0,12.0,False,-500,400,sportsbookreviewsonline.com,2026-08-31T17:40:29.659301+00:00,https://www.sportsbookreviewsonline.com/scoresoddsarchives/ncaa-football-2015-16,1.3
2015,1128,Colorado,Utah,14,20,49.5,49,16.5,16.5,16.5,16.5,False,550,-800,sportsbookreviewsonline.com,2026-08-31T17:40:29.659301+00:00,https://www.sportsbookreviewsonline.com/scoresoddsarchives/ncaa-football-2015-16,1.3
2015,1128,BYU,UtahState,51,28,2.5,3,55.5,52,3.0,2.5,False,-165,145,sportsbookreviewsonline.com,2026-08-31T17:40:29.659301+00:00,https://www.sportsbookreviewsonline.com/scoresoddsarchives/ncaa-football-2015-16,1.3
2015,1128,VirginiaTech,Virginia,23,20,4,3.5,51,48,3.5,4.0,False,-175,155,sportsbookreviewsonline.com,2026-08-31T17:40:29.659301+00:00,https://www.sportsbookreviewsonline.com/scoresoddsarchives/ncaa-football-2015-16,1.3
2015,1128,NorthCarolina,NCState,45,34,7,3.5,61.5,65.5,3.5,7.0,False,-165,145,sportsbookreviewsonline.com,2026-08-31T17:40:29.659301+00:00,https://www.sportsbookreviewsonline.com/scoresoddsarchives/ncaa-football-2015-16,1.3
2015,1128,Charlotte,Rice,7,27,61,57.5,10.5,11,11.0,10.5,False,360,-430,sportsbookreviewsonline.com,2026-08-31T17:40:29.659301+00:00,https://www.sportsbookreviewsonline.com/scoresoddsarchives/ncaa-football-2015-16,1.3
2015,1128,Maryland,Rutgers,46,41,1,1,56,55.5,1.0,1.0,False,-120,100,sportsbookreviewsonline.com,2026-08-31T17:40:29.659301+00:00,https://www.sportsbookreviewsonline.com/scoresoddsarchives/ncaa-football-2015-16,1.3
2015,1128,FloridaState,Florida,27,2,43.5,3,pk,44,3.0,0.0,False,-150,130,sportsbookreviewsonline.com,2026-08-31T17:40:29.659301+00:00,https://www.sportsbookreviewsonline.com/scoresoddsarchives/ncaa-football-2015-16,1.3
2015,1128,Georgia,GeorgiaTech,13,7,5,4,48.5,48.5,4.0,5.0,False,-200,175,sportsbookreviewsonline.com,2026-08-31T17:40:29.659301+00:00,https://www.sportsbookreviewsonline.com/scoresoddsarchives/ncaa-football-2015-16,1.3
2015,1128,KansasState,Kansas,45,14,20,21,56.5,53,21.0,20.0,False,-2000,1000,sportsbookreviewsonline.com,2026-08-31T17:40:29.659301+00:00,https://www.sportsbookreviewsonline.com/scoresoddsarchives/ncaa-football-2015-16,1.3
2015,1128,TexasA&M,LSU,7,19,50.5,55,5,6.5,6.5,5.0,False,220,-260,sportsbookreviewsonline.com,2026-08-31T17:40:29.659301+00:00,https://www.sportsbookreviewsonline.com/scoresoddsarchives/ncaa-football-2015-16,1.3
2015,1128,Northwestern,Illinois,24,14,3.5,1.5,41,42.5,1.5,3.5,False,-125,105,sportsbookreviewsonline.com,2026-08-31T17:40:29.659301+00:00,https://www.sportsbookreviewsonline.com/scoresoddsarchives/ncaa-football-2015-16,1.3
2015,1128,Alabama,Auburn,29,13,13,15.5,48.5,48.5,15.5,13.0,False,-950,625,sportsbookreviewsonline.com,2026-08-31T17:40:29.659301+00:00,https://www.sportsbookreviewsonline.com/scoresoddsarchives/ncaa-football-2015-16,1.3
2015,1128,ArizonaState,California,46,48,66,68,4,3.5,3.5,4.0,False,155,-175,sportsbookreviewsonline.com,2026-08-31T17:40:29.659301+00:00,https://www.sportsbookreviewsonline.com/scoresoddsarchives/ncaa-football-2015-16,1.3
2015,1128,TexasState,Idaho,31,38,67,66,2.5,4.5,4.5,2.5,False,165,-185,sportsbookreviewsonline.com,2026-08-31T17:40:29.659301+00:00,https://www.sportsbookreviewsonline.com/scoresoddsarchives/ncaa-football-2015-16,1.3
2015,1128,SouthernMiss,LouisianaTech,58,24,61.5,62.5,6,4.5,4.5,6.0,False,180,-210,sportsbookreviewsonline.com,2026-08-31T17:40:29.659301+00:00,https://www.sportsbookreviewsonline.com/scoresoddsarchives/ncaa-football-2015-16,1.3
2015,1128,SMU,Memphis,0,63,73,70,21.5,19.5,19.5,21.5,False,1000,-2000,sportsbookreviewsonline.com,2026-08-31T17:40:29.659301+00:00,https://www.sportsbookreviewsonline.com/scoresoddsarchives/ncaa-football-2015-16,1.3
2015,1128,Clemson,SouthCarolina,37,32,17.5,20,55.5,58.5,20.0,17.5,False,-1500,850,sportsbookreviewsonline.com,2026-08-31T17:40:29.659301+00:00,https://www.sportsbookreviewsonline.com/scoresoddsarchives/ncaa-football-2015-16,1.3
2015,1128,UTEP,NorthTexas,20,17,51,54,2.5,3,3.0,2.5,False,135,-155,sportsbookreviewsonline.com,2026-08-31T17:40:29.659301+00:00,https://www.sportsbookreviewsonline.com/scoresoddsarchives/ncaa-football-2015-16,1.3
2015,1128,Wisconsin,MinnesotaU,31,21,2.5,1.5,43,44,1.5,2.5,False,-125,105,sportsbookreviewsonline.com,2026-08-31T17:40:29.659301+00:00,https://www.sportsbookreviewsonline.com/scoresoddsarchives/ncaa-football-2015-16,1.3
2015,1128,Oklahoma,OklahomaState,58,23,7,7.5,68,63.5,7.5,7.0,False,-310,260,sportsbookreviewsonline.com,2026-08-31T17:40:29.659301+00:00,https://www.sportsbookreviewsonline.com/scoresoddsarchives/ncaa-football-2015-16,1.3
2015,1128,Mississippi,MississippiSt,38,27,1,2,60,66.5,2.0,1.0,False,-130,110,sportsbookreviewsonline.com,2026-08-31T17:40:29.659301+00:00,https://www.sportsbookreviewsonline.com/scoresoddsarchives/ncaa-football-2015-16,1.3
2015,1128,NotreDame,Stanford,36,38,55.5,57.5,3.5,4,4.0,3.5,False,165,-185,sportsbookreviewsonline.com,2026-08-31T17:40:29.659301+00:00,https://www.sportsbookreviewsonline.com/scoresoddsarchives/ncaa-football-2015-16,1.3
2015,1128,ArkansasState,NewMexicoState,52,28,16.5,17.5,72,72,17.5,16.5,False,-1000,650,sportsbookreviewsonline.com,2026-08-31T17:40:29.659301+00:00,https://www.sportsbookreviewsonline.com/scoresoddsarchives/ncaa-football-2015-16,1.3
2015,1128,Nevada,SanDiegoState,14,31,51,48.5,17,17,17.0,17.0,False,625,-950,sportsbookreviewsonline.com,2026-08-31T17:40:29.659301+00:00,https://www.sportsbookreviewsonline.com/scoresoddsarchives/ncaa-football-2015-16,1.3
2015,1128,AirForce,NewMexico,35,47,9.5,10.5,53,53.5,10.5,9.5,False,-430,360,sportsbookreviewsonline.com,2026-08-31T17:40:29.659301+00:00,https://www.sportsbookreviewsonline.com/scoresoddsarchives/ncaa-football-2015-16,1.3
2015,1128,UCLA,USC,21,40,63,61.5,3,2.5,2.5,3.0,False,125,-145,sportsbookreviewsonline.com,2026-08-31T17:40:29.659301+00:00,https://www.sportsbookreviewsonline.com/scoresoddsarchives/ncaa-football-2015-16,1.3
2015,1128,ColoradoState,FresnoState,34,31,9.5,10.5,58,61,10.5,9.5,False,-400,330,sportsbookreviewsonline.com,2026-08-31T17:40:29.659301+00:00,https://www.sportsbookreviewsonline.com/scoresoddsarchives/ncaa-football-2015-16,1.3
2015,1128,ULMonroe,Hawaii,26,28,56,48.5,5.5,6.5,6.5,5.5,False,220,-260,sportsbookreviewsonline.com,2026-08-31T17:40:29.659301+00:00,https://www.sportsbookreviewsonline.com/scoresoddsarchives/ncaa-football-2015-16,1.3
2015,1204,NoIllinois,BowlingGreen,14,34,71,69,9.5,14,14.0,9.5,False,450,-600,sportsbookreviewsonline.com,2026-08-31T17:40:29.659301+00:00,https://www.sportsbookreviewsonline.com/scoresoddsarchives/ncaa-football-2015-16,1.3
2015,1205,Texas,Baylor,23,17,68.5,64.5,20,21,21.0,20.0,False,1000,-2000,sportsbookreviewsonline.com,2026-08-31T17:40:29.659301+00:00,https://www.sportsbookreviewsonline.com/scoresoddsarchives/ncaa-football-2015-16,1.3
2015,1205,GeorgiaState,GeorgiaSouthern,34,7,61,58,20.5,20.5,20.5,20.5,False,1000,-2000,sportsbookreviewsonline.com,2026-08-31T17:40:29.659301+00:00,https://www.sportsbookreviewsonline.com/scoresoddsarchives/ncaa-football-2015-16,1.3
2015,1205,TexasState,ArkansasState,17,55,67,68,22,25,25.0,22.0,False,1600,-6000,sportsbookreviewsonline.com,2026-08-31T17:40:29.659301+00:00,https://www.sportsbookreviewsonline.com/scoresoddsarchives/ncaa-football-2015-16,1.3
2015,1205,NewMexicoState,ULMonroe,35,42,60.5,59,3,pk,0.0,3.0,False,-110,-110,sportsbookreviewsonline.com,2026-08-31T17:40:29.659301+00:00,https://www.sportsbookreviewsonline.com/scoresoddsarchives/ncaa-football-2015-16,1.3
2015,1205,WestVirginia,KansasState,23,24,6.5,6.5,60,54.5,6.5,6.5,False,-250,210,sportsbookreviewsonline.com,2026-08-31T17:40:29.659301+00:00,https://www.sportsbookreviewsonline.com/scoresoddsarchives/ncaa-football-2015-16,1.3
2015,1205,AppalachianSt,SouthAlabama,34,27,18,19,59.5,59.5,19.0,18.0,False,-1400,800,sportsbookreviewsonline.com,2026-08-31T17:40:29.659301+00:00,https://www.sportsbookreviewsonline.com/scoresoddsarchives/ncaa-football-2015-16,1.3
2015,1205,Troy,ULLafayette,41,17,57,57.5,pk,1.5,1.5,0.0,False,105,-125,sportsbookreviewsonline.com,2026-08-31T17:40:29.659301+00:00,https://www.sportsbookreviewsonline.com/scoresoddsarchives/ncaa-football-2015-16,1.3
2015,1205,SouthernMiss,WesternKentucky,28,45,71,77,8.5,7,7.0,8.5,False,260,-310,sportsbookreviewsonline.com,2026-08-31T17:40:29.659301+00:00,https://www.sportsbookreviewsonline.com/scoresoddsarchives/ncaa-football-2015-16,1.3
2015,1205,Temple,HoustonU,13,24,57,53,6.5,5,5.0,6.5,False,170,-190,sportsbookreviewsonline.com,2026-08-31T17:40:29.659301+00:00,https://www.sportsbookreviewsonline.com/scoresoddsarchives/ncaa-football-2015-16,1.3
2015,1205,USC,Stanford,22,41,61,59,3.5,4.5,4.5,3.5,False,185,-215,sportsbookreviewsonline.com,2026-08-31T17:40:29.659301+00:00,https://www.sportsbookreviewsonline.com/scoresoddsarchives/ncaa-football-2015-16,1.3
2015,1205,Florida,Alabama,15,29,40.5,38,16,17,17.0,16.0,False,700,-1100,sportsbookreviewsonline.com,2026-08-31T17:40:29.659301+00:00,https://www.sportsbookreviewsonline.com/scoresoddsarchives/ncaa-football-2015-16,1.3
2015,1205,AirForce,SanDiegoState,24,27,52.5,46.5,6.5,4,4.0,6.5,False,155,-175,sportsbookreviewsonline.com,2026-08-31T17:40:29.659301+00:00,https://www.sportsbookreviewsonline.com/scoresoddsarchives/ncaa-football-2015-16,1.3
2015,1205,NorthCarolina,Clemson,37,45,63,69,5.5,6.5,6.5,5.5,False,220,-260,sportsbookreviewsonline.com,2026-08-31T17:40:29.659301+00:00,https://www.sportsbookreviewsonline.com/scoresoddsarchives/ncaa-football-2015-16,1.3
2015,1205,MichiganState,Iowa,16,13,3,3.5,52.5,49.5,3.5,3.0,False,-180,160,sportsbookreviewsonline.com,2026-08-31T17:40:29.659301+00:00,https://www.sportsbookreviewsonline.com/scoresoddsarchives/ncaa-football-2015-16,1.3
2015,1212,Army,Navy,17,21,54.5,51,22.5,22,22.0,22.5,False,1000,-2000,sportsbookreviewsonline.com,2026-08-31T17:40:29.659301+00:00,https://www.sportsbookreviewsonline.com/scoresoddsarchives/ncaa-football-2015-16,1.3
2015,1219,ArizonaU,NewMexico,45,37,12,9.5,68,64,9.5,12.0,False,-370,305,sportsbookreviewsonline.com,2026-08-31T17:40:29.659301+00:00,https://www.sportsbookreviewsonline.com/scoresoddsarchives/ncaa-football-2015-16,1.3
2015,1219,BYU,Utah,28,35,54,49.5,3,2.5,2.5,3.0,False,120,-140,sportsbookreviewsonline.com,2026-08-31T17:40:29.659301+00:00,https://www.sportsbookreviewsonline.com/scoresoddsarchives/ncaa-football-2015-16,1.3
2015,1219,Ohio,AppalachianSt,29,31,54,55,9.5,7,7.0,9.5,False,230,-290,sportsbookreviewsonline.com,2026-08-31T17:40:29.659301+00:00,https://www.sportsbookreviewsonline.com/scoresoddsarchives/ncaa-football-2015-16,1.3
2015,1219,SanJoseState,GeorgiaState,27,16,5,1,56,56,1.0,5.0,False,-115,-105,sportsbookreviewsonline.com,2026-08-31T17:40:29.659301+00:00,https://www.sportsbookreviewsonline.com/scoresoddsarchives/ncaa-football-2015-16,1.3
2015,1219,ArkansasState,LouisianaTech,28,47,66,64,1.5,1,1.0,1.5,False,100,-120,sportsbookreviewsonline.com,2026-08-31T17:40:29.659301+00:00,https://www.sportsbookreviewsonline.com/scoresoddsarchives/ncaa-football-2015-16,1.3
2015,1221,WesternKentucky,SouthFlorida,45,35,4,3,65,69.5,3.0,4.0,False,-145,125,sportsbookreviewsonline.com,2026-08-31T17:40:29.659301+00:00,https://www.sportsbookreviewsonline.com/scoresoddsarchives/ncaa-football-2015-16,1.3
2015,1222,Akron,UtahState,23,21,50,44.5,6,7.5,7.5,6.0,False,260,-310,sportsbookreviewsonline.com,2026-08-31T17:40:29.659301+00:00,https://www.sportsbookreviewsonline.com/scoresoddsarchives/ncaa-football-2015-16,1.3
2015,1222,Toledo,Temple,32,17,52.5,50,1,2.5,2.5,1.0,False,120,-140,sportsbookreviewsonline.com,2026-08-31T17:40:29.659301+00:00,https://www.sportsbookreviewsonline.com/scoresoddsarchives/ncaa-football-2015-16,1.3
2015,1223,BoiseState,NoIllinois,55,7,8,7,56,57,7.0,8.0,False,-280,240,sportsbookreviewsonline.com,2026-08-31T17:40:29.659301+00:00,https://www.sportsbookreviewsonline.com/scoresoddsarchives/ncaa-football-2015-16,1.3
2015,1223,GeorgiaSouthern,BowlingGreen,58,27,65,63,7,5.5,5.5,7.0,False,180,-210,sportsbookreviewsonline.com,2026-08-31T17:40:29.659301+00:00,https://www.sportsbookreviewsonline.com/scoresoddsarchives/ncaa-football-2015-16,1.3
2015,1224,MiddleTennSt,WesternMichigan,31,45,62.5,67,2.5,2.5,2.5,2.5,False,125,-145,sportsbookreviewsonline.com,2026-08-31T17:40:29.659301+00:00,https://www.sportsbookreviewsonline.com/scoresoddsarchives/ncaa-football-2015-16,1.3
2015,1224,CincinnatiU,SanDiegoState,7,42,1,56.5,56,2.5,2.5,1.0,False,120,-140,sportsbookreviewsonline.com,2026-08-31T17:40:29.659301+00:00,https://www.sportsbookreviewsonline.com/scoresoddsarchives/ncaa-football-2015-16,1.3
2015,1226,Connecticut,Marshall,10,16,44,44,5,2.5,2.5,5.0,False,120,-140,sportsbookreviewsonline.com,2026-08-31T17:40:29.659301+00:00,https://www.sportsbookreviewsonline.com/scoresoddsarchives/ncaa-football-2015-16,1.3
2015,1226,MiamiFlorida,WashingtonState,14,20,60,62.5,2.5,1.5,1.5,2.5,False,105,-125,sportsbookreviewsonline.com,2026-08-31T17:40:29.659301+00:00,https://www.sportsbookreviewsonline.com/scoresoddsarchives/ncaa-football-2015-16,1.3
2015,1226,SouthernMiss,WashingtonU,31,44,56,51.5,8.5,8,8.0,8.5,False,270,-330,sportsbookreviewsonline.com,2026-08-31T17:40:29.659301+00:00,https://www.sportsbookreviewsonline.com/scoresoddsarchives/ncaa-football-2015-16,1.3
2015,1226,Indiana,Duke,41,44,1.5,3,66,73,3.0,1.5,False,-165,145,sportsbookreviewsonline.com,2026-08-31T17:40:29.659301+00:00,https://www.sportsbookreviewsonline.com/scoresoddsarchives/ncaa-football-2015-16,1.3
2015,1226,Tulsa,VirginiaTech,52,55,62,62.5,14,13.5,13.5,14.0,False,425,-550,sportsbookreviewsonline.com,2026-08-31T17:40:29.659301+00:00,https://www.sportsbookreviewsonline.com/scoresoddsarchives/ncaa-football-2015-16,1.3
2015,1226,Nebraska,UCLA,37,29,60,62,6,5,5.0,6.0,False,175,-200,sportsbookreviewsonline.com,2026-08-31T17:40:29.659301+00:00,https://www.sportsbookreviewsonline.com/scoresoddsarchives/ncaa-football-2015-16,1.3
2015,1228,PittsburghU,Navy,28,44,56,52.5,3,3,3.0,3.0,False,140,-160,sportsbookreviewsonline.com,2026-08-31T17:40:29.659301+00:00,https://www.sportsbookreviewsonline.com/scoresoddsarchives/ncaa-football-2015-16,1.3
2015,1228,CentralMichigan,MinnesotaU,14,21,49.5,50,5.5,6,6.0,5.5,False,200,-240,sportsbookreviewsonline.com,2026-08-31T17:40:29.659301+00:00,https://www.sportsbookreviewsonline.com/scoresoddsarchives/ncaa-football-2015-16,1.3
2015,1229,AirForce,California,36,55,63,71.5,6,5.5,5.5,6.0,False,190,-220,sportsbookreviewsonline.com,2026-08-31T17:40:29.659301+00:00,https://www.sportsbookreviewsonline.com/scoresoddsarchives/ncaa-football-2015-16,1.3
2015,1229,Baylor,NorthCarolina,49,38,2,74,69.5,3,3.0,2.0,False,125,-145,sportsbookreviewsonline.com,2026-08-31T17:40:29.659301+00:00,https://www.sportsbookreviewsonline.com/scoresoddsarchives/ncaa-football-2015-16,1.3
2015,1229,Nevada,ColoradoState,28,23,56,56,3,4.5,4.5,3.0,False,185,-215,sportsbookreviewsonline.com,2026-08-31T17:40:29.659301+00:00,https://www.sportsbookreviewsonline.com/scoresoddsarchives/ncaa-football-2015-16,1.3
2015,1229,TexasTech,LSU,27,56,71,74,7.5,7,7.0,7.5,False,240,-280,sportsbookreviewsonline.com,2026-08-31T17:40:29.659301+00:00,https://www.sportsbookreviewsonline.com/scoresoddsarchives/ncaa-football-2015-16,1.3
2015,1230,Memphis,Auburn,10,31,61.5,64.5,3,3,3.0,3.0,False,130,-150,sportsbookreviewsonline.com,2026-08-31T17:40:29.659301+00:00,https://www.sportsbookreviewsonline.com/scoresoddsarchives/ncaa-football-2015-16,1.3
2015,1230,NCState,MississippiSt,28,51,57.5,61.5,5,6,6.0,5.0,False,200,-240,sportsbookreviewsonline.com,2026-08-31T17:40:29.659301+00:00,https://www.sportsbookreviewsonline.com/scoresoddsarchives/ncaa-football-2015-16,1.3
2015,1230,Louisville,TexasA&M,27,21,51.5,3,3,49.5,3.0,3.0,False,-165,145,sportsbookreviewsonline.com,2026-08-31T17:40:29.659301+00:00,https://www.sportsbookreviewsonline.com/scoresoddsarchives/ncaa-football-2015-16,1.3
2015,1230,Wisconsin,USC,23,21,51,51,3,4,4.0,3.0,False,170,-190,sportsbookreviewsonline.com,2026-08-31T17:40:29.659301+00:00,https://www.sportsbookreviewsonline.com/scoresoddsarchives/ncaa-football-2015-16,1.3
2015,1231,HoustonU,FloridaState,38,24,54.5,57,6.5,7.5,7.5,6.5,False,250,-300,sportsbookreviewsonline.com,2026-08-31T17:40:29.659301+00:00,https://www.sportsbookreviewsonline.com/scoresoddsarchives/ncaa-football-2015-16,1.3
2015,1231,MichiganState,Alabama,0,38,49,46,9.5,10,10.0,9.5,False,310,-370,sportsbookreviewsonline.com,2026-08-31T17:40:29.659301+00:00,https://www.sportsbookreviewsonline.com/scoresoddsarchives/ncaa-football-2015-16,1.3
2015,1231,Oklahoma,Clemson,17,37,4,3.5,65,64,3.5,4.0,False,-175,155,sportsbookreviewsonline.com,2026-08-31T17:40:29.659301+00:00,https://www.sportsbookreviewsonline.com/scoresoddsarchives/ncaa-football-2015-16,1.3
2015,101,TennesseeU,Northwestern,45,6,8,9.5,45.5,49,9.5,8.0,False,-360,300,sportsbookreviewsonline.com,2026-08-31T17:40:29.659301+00:00,https://www.sportsbookreviewsonline.com/scoresoddsarchives/ncaa-football-2015-16,1.3
2015,101,Florida,Michigan,7,41,41.5,40,4,3.5,3.5,4.0,False,145,-165,sportsbookreviewsonline.com,2026-08-31T17:40:29.659301+00:00,https://www.sportsbookreviewsonline.com/scoresoddsarchives/ncaa-football-2015-16,1.3
2015,101,NotreDame,OhioState,28,44,54,58.5,6.5,4,4.0,6.5,False,160,-180,sportsbookreviewsonline.com,2026-08-31T17:40:29.659301+00:00,https://www.sportsbookreviewsonline.com/scoresoddsarchives/ncaa-football-2015-16,1.3
2015,101,Iowa,Stanford,16,45,49.5,51.5,7,6,6.0,7.0,False,200,-240,sportsbookreviewsonline.com,2026-08-31T17:40:29.659301+00:00,https://www.sportsbookreviewsonline.com/scoresoddsarchives/ncaa-football-2015-16,1.3
2015,101,Mississippi,OklahomaState,48,20,6.5,7.5,66,72,7.5,6.5,False,-310,260,sportsbookreviewsonline.com,2026-08-31T17:40:29.659301+00:00,https://www.sportsbookreviewsonline.com/scoresoddsarchives/ncaa-football-2015-16,1.3
2015,102,PennState,Georgia,17,24,43,44,7,6,6.0,7.0,False,200,-240,sportsbookreviewsonline.com,2026-08-31T17:40:29.659301+00:00,https://www.sportsbookreviewsonline.com/scoresoddsarchives/ncaa-football-2015-16,1.3
2015,102,KansasState,Arkansas,23,45,60,56,12,13,13.0,12.0,False,405,-525,sportsbookreviewsonline.com,2026-08-31T17:40:29.659301+00:00,https://www.sportsbookreviewsonline.com/scoresoddsarchives/ncaa-football-2015-16,1.3
2015,102,TCU,Oregon,47,41,1.5,73.5,76.5,7,7.0,1.5,False,250,-310,sportsbookreviewsonline.com,2026-08-31T17:40:29.659301+00:00,https://www.sportsbookreviewsonline.com/scoresoddsarchives/ncaa-football-2015-16,1.3
2015,102,WestVirginia,ArizonaState,43,42,66.5,2.5,1.5,61,2.5,1.5,False,-145,125,sportsbookreviewsonline.com,2026-08-31T17:40:29.659301+00:00,https://www.sportsbookreviewsonline.com/scoresoddsarchives/ncaa-football-2015-16,1.3
2015,111,Alabama,Clemson,45,40,6.5,6.5,53,50.5,6.5,6.5,False,-260,220,sportsbookreviewsonline.com,2026-08-31T17:40:29.659301+00:00,https://www.sportsbookreviewsonline.com/scoresoddsarchives/ncaa-football-2015-16,1.3
